{
"type": "FeatureCollection",
"name": "roads",
"crs": { "type": "name", "properties": { "name": "urn:ogc:def:crs:OGC:1.3:CRS84" } },
"features": [
{ "type": "Feature", "properties": { "id": "11648410-0", "name": "Columbia Drive", "class": "residential", "is_priority": false }, "geometry": { "type": "LineString", "coordinates": [ [ -74.484107, 40.463818 ], [ -74.485278, 40.462687 ], [ -74.485646, 40.462462 ] ] } },
{ "type": "Feature", "properties": { "id": "11648410-1", "name": "Columbia Drive", "class": "residential", "is_priority": false }, "geometry": { "type": "LineString", "coordinates": [ [ -74.485646, 40.462462 ], [ -74.486341, 40.462037 ] ] } },
{ "type": "Feature", "properties": { "id": "11648411-2", "name": "Cleveland Avenue", "class": "residential", "is_priority": false }, "geometry": { "type": "LineString", "coordinates": [ [ -74.438305, 40.500912 ], [ -74.436525, 40.502095 ] ] } },
{ "type": "Feature", "properties": { "id": "11648411-3", "name": "Cleveland Avenue", "class": "residential", "is_priority": false }, "geometry": { "type": "LineString", "coordinates": [ [ -74.436525, 40.502095 ], [ -74.435493, 40.502789 ], [ -74.435287, 40.502909 ], [ -74.434811, 40.503328 ] ] } },
{ "type": "Feature", "properties": { "id": "11648411-4", "name": "Cleveland Avenue", "class": "residential", "is_priority": false }, "geometry": { "type": "LineString", "coordinates": [ [ -74.434811, 40.503328 ], [ -74.433775, 40.504289 ] ] } },
{ "type": "Feature", "properties": { "id": "11648422-5", "name": "Lake View Boulevard", "class": "residential", "is_priority": false }, "geometry": { "type": "LineString", "coordinates": [ [ -74.394143, 40.500261 ], [ -74.394281, 40.498462 ] ] } },
{ "type": "Feature", "properties": { "id": "11648422-6", "name": "Lake View Boulevard", "class": "residential", "is_priority": false }, "geometry": { "type": "LineString", "coordinates": [ [ -74.394281, 40.498462 ], [ -74.394414, 40.496663 ] ] } },
{ "type": "Feature", "properties": { "id": "11648422-7", "name": "Lake View Boulevard", "class": "residential", "is_priority": false }, "geometry": { "type": "LineString", "coordinates": [ [ -74.394414, 40.496663 ], [ -74.394476, 40.495654 ] ] } },
{ "type": "Feature", "properties": { "id": "11648485-8", "name": "", "class": "tertiary", "is_priority": false }, "geometry": { "type": "LineString", "coordinates": [ [ -74.451513, 40.505336 ], [ -74.451748, 40.505531 ], [ -74.451832, 40.505624 ] ] } },
{ "type": "Feature", "properties": { "id": "11648905-9", "name": "", "class": "residential", "is_priority": false }, "geometry": { "type": "LineString", "coordinates": [ [ -74.451457, 40.480374 ], [ -74.451438, 40.480235 ] ] } },
{ "type": "Feature", "properties": { "id": "11649190-10", "name": "", "class": "residential", "is_priority": false }, "geometry": { "type": "LineString", "coordinates": [ [ -74.386844, 40.495239 ], [ -74.387573, 40.495004 ], [ -74.387883, 40.49484 ], [ -74.388657, 40.494148 ] ] } },
{ "type": "Feature", "properties": { "id": "11649190-11", "name": "", "class": "residential", "is_priority": false }, "geometry": { "type": "LineString", "coordinates": [ [ -74.388657, 40.494148 ], [ -74.389604, 40.493302 ] ] } },
{ "type": "Feature", "properties": { "id": "11649320-12", "name": "", "class": "residential", "is_priority": false }, "geometry": { "type": "LineString", "coordinates": [ [ -74.397702, 40.499479 ], [ -74.397199, 40.499556 ], [ -74.396986, 40.49967 ], [ -74.396676, 40.499785 ], [ -74.396501, 40.49981 ], [ -74.396076, 40.499938 ], [ -74.395726, 40.500133 ], [ -74.395564, 40.500179 ] ] } },
{ "type": "Feature", "properties": { "id": "11649320-13", "name": "", "class": "residential", "is_priority": false }, "geometry": { "type": "LineString", "coordinates": [ [ -74.395564, 40.500179 ], [ -74.395124, 40.500274 ], [ -74.394816, 40.500283 ] ] } },
{ "type": "Feature", "properties": { "id": "11649436-14", "name": "Drift Street", "class": "residential", "is_priority": false }, "geometry": { "type": "LineString", "coordinates": [ [ -74.451175, 40.489421 ], [ -74.450409, 40.489872 ] ] } },
{ "type": "Feature", "properties": { "id": "11649440-15", "name": "Cooper Drive", "class": "residential", "is_priority": false }, "geometry": { "type": "LineString", "coordinates": [ [ -74.438182, 40.485225 ], [ -74.437836, 40.485031 ], [ -74.437474, 40.484795 ] ] } },
{ "type": "Feature", "properties": { "id": "11649528-16", "name": "", "class": "tertiary_link", "is_priority": false }, "geometry": { "type": "LineString", "coordinates": [ [ -74.466616, 40.505432 ], [ -74.466617, 40.505519 ], [ -74.46664, 40.505589 ], [ -74.466743, 40.505711 ] ] } },
{ "type": "Feature", "properties": { "id": "11650061-17", "name": "", "class": "residential", "is_priority": false }, "geometry": { "type": "LineString", "coordinates": [ [ -74.410429, 40.473386 ], [ -74.409934, 40.4735 ] ] } },
{ "type": "Feature", "properties": { "id": "11650331-18", "name": "", "class": "secondary_link", "is_priority": false }, "geometry": { "type": "LineString", "coordinates": [ [ -74.403669, 40.500605 ], [ -74.403424, 40.500406 ], [ -74.40333, 40.500244 ], [ -74.403297, 40.499771 ], [ -74.403324, 40.499687 ], [ -74.403366, 40.499629 ], [ -74.403445, 40.499576 ], [ -74.403579, 40.499524 ], [ -74.403744, 40.499474 ], [ -74.404076, 40.499412 ] ] } },
{ "type": "Feature", "properties": { "id": "11650336-19", "name": "Bridge Street", "class": "residential", "is_priority": false }, "geometry": { "type": "LineString", "coordinates": [ [ -74.458106, 40.496125 ], [ -74.458077, 40.495562 ], [ -74.458155, 40.495339 ], [ -74.458311, 40.495103 ], [ -74.458902, 40.494513 ] ] } },
{ "type": "Feature", "properties": { "id": "11650336-20", "name": "Bridge Street", "class": "residential", "is_priority": false }, "geometry": { "type": "LineString", "coordinates": [ [ -74.458902, 40.494513 ], [ -74.458935, 40.49448 ], [ -74.459135, 40.494073 ] ] } },
{ "type": "Feature", "properties": { "id": "11650379-21", "name": "Landing Lane", "class": "primary", "is_priority": true }, "geometry": { "type": "LineString", "coordinates": [ [ -74.467176, 40.505716 ], [ -74.467304, 40.505692 ] ] } },
{ "type": "Feature", "properties": { "id": "11650391-22", "name": "Squibb Drive", "class": "unclassified", "is_priority": false }, "geometry": { "type": "LineString", "coordinates": [ [ -74.438413, 40.471249 ], [ -74.437444, 40.471263 ], [ -74.437313, 40.471253 ], [ -74.437257, 40.471228 ], [ -74.436403, 40.470592 ] ] } },
{ "type": "Feature", "properties": { "id": "11650391-23", "name": "Squibb Drive", "class": "unclassified", "is_priority": false }, "geometry": { "type": "LineString", "coordinates": [ [ -74.436403, 40.470592 ], [ -74.436045, 40.470314 ] ] } },
{ "type": "Feature", "properties": { "id": "11650661-24", "name": "Vorhees Street", "class": "unclassified", "is_priority": false }, "geometry": { "type": "LineString", "coordinates": [ [ -74.434902, 40.488359 ], [ -74.434809, 40.488358 ], [ -74.434702, 40.488318 ], [ -74.433526, 40.487658 ], [ -74.432904, 40.487436 ] ] } },
{ "type": "Feature", "properties": { "id": "11650661-25", "name": "Vorhees Street", "class": "unclassified", "is_priority": false }, "geometry": { "type": "LineString", "coordinates": [ [ -74.432904, 40.487436 ], [ -74.432703, 40.487368 ], [ -74.431979, 40.487184 ], [ -74.431385, 40.487069 ] ] } },
{ "type": "Feature", "properties": { "id": "11650739-26", "name": "", "class": "trunk_link", "is_priority": false }, "geometry": { "type": "LineString", "coordinates": [ [ -74.406032, 40.498972 ], [ -74.405949, 40.498973 ], [ -74.405869, 40.498932 ], [ -74.405787, 40.498787 ] ] } },
{ "type": "Feature", "properties": { "id": "11650753-27", "name": "", "class": "motorway_link", "is_priority": false }, "geometry": { "type": "LineString", "coordinates": [ [ -74.451832, 40.505624 ], [ -74.45186, 40.505719 ], [ -74.451854, 40.505774 ] ] } },
{ "type": "Feature", "properties": { "id": "11650800-28", "name": "", "class": "residential", "is_priority": false }, "geometry": { "type": "LineString", "coordinates": [ [ -74.441613, 40.480852 ], [ -74.440928, 40.480454 ], [ -74.440566, 40.480164 ], [ -74.440755, 40.479941 ], [ -74.440799, 40.479827 ], [ -74.440825, 40.479683 ], [ -74.440985, 40.479509 ] ] } },
{ "type": "Feature", "properties": { "id": "11650800-29", "name": "", "class": "residential", "is_priority": false }, "geometry": { "type": "LineString", "coordinates": [ [ -74.440985, 40.479509 ], [ -74.441091, 40.479359 ], [ -74.441057, 40.479259 ], [ -74.440966, 40.479172 ], [ -74.44061, 40.478939 ] ] } },
{ "type": "Feature", "properties": { "id": "11650838-30", "name": "Paulus Boulevard West", "class": "residential", "is_priority": false }, "geometry": { "type": "LineString", "coordinates": [ [ -74.422985, 40.484762 ], [ -74.422845, 40.485261 ] ] } },
{ "type": "Feature", "properties": { "id": "11650958-31", "name": "Montgomery Street", "class": "residential", "is_priority": false }, "geometry": { "type": "LineString", "coordinates": [ [ -74.433566, 40.499672 ], [ -74.433642, 40.499607 ], [ -74.433647, 40.499571 ], [ -74.433637, 40.499533 ], [ -74.433572, 40.49948 ], [ -74.433473, 40.499478 ], [ -74.433282, 40.499526 ] ] } },
{ "type": "Feature", "properties": { "id": "11651012-32", "name": "Exeter Avenue", "class": "residential", "is_priority": false }, "geometry": { "type": "LineString", "coordinates": [ [ -74.412845, 40.499715 ], [ -74.413076, 40.498477 ] ] } },
{ "type": "Feature", "properties": { "id": "11651028-33", "name": "", "class": "residential", "is_priority": false }, "geometry": { "type": "LineString", "coordinates": [ [ -74.465638, 40.485651 ], [ -74.466726, 40.484552 ] ] } },
{ "type": "Feature", "properties": { "id": "11651052-34", "name": "", "class": "residential", "is_priority": false }, "geometry": { "type": "LineString", "coordinates": [ [ -74.432182, 40.478433 ], [ -74.432115, 40.478067 ] ] } },
{ "type": "Feature", "properties": { "id": "11651204-35", "name": "Hayes Court", "class": "residential", "is_priority": false }, "geometry": { "type": "LineString", "coordinates": [ [ -74.473099, 40.468336 ], [ -74.473094, 40.468462 ], [ -74.473418, 40.468341 ], [ -74.473496, 40.468247 ], [ -74.473483, 40.468134 ], [ -74.473388, 40.468076 ], [ -74.473281, 40.468062 ], [ -74.473183, 40.468086 ], [ -74.473125, 40.468134 ], [ -74.473099, 40.468336 ] ] } },
{ "type": "Feature", "properties": { "id": "11651205-36", "name": "South 3rd Avenue", "class": "residential", "is_priority": false }, "geometry": { "type": "LineString", "coordinates": [ [ -74.425186, 40.49211 ], [ -74.425055, 40.491732 ], [ -74.425045, 40.49164 ], [ -74.425065, 40.491514 ], [ -74.425129, 40.491413 ], [ -74.425189, 40.491364 ], [ -74.425625, 40.4911 ], [ -74.425755, 40.490982 ], [ -74.425857, 40.490784 ], [ -74.425879, 40.490703 ], [ -74.425876, 40.490595 ] ] } },
{ "type": "Feature", "properties": { "id": "11651918-37", "name": "", "class": "residential", "is_priority": false }, "geometry": { "type": "LineString", "coordinates": [ [ -74.460574, 40.471329 ], [ -74.459682, 40.471328 ] ] } },
{ "type": "Feature", "properties": { "id": "11652194-38", "name": "", "class": "residential", "is_priority": false }, "geometry": { "type": "LineString", "coordinates": [ [ -74.427899, 40.478699 ], [ -74.428727, 40.47862 ] ] } },
{ "type": "Feature", "properties": { "id": "11652348-39", "name": "", "class": "trunk_link", "is_priority": false }, "geometry": { "type": "LineString", "coordinates": [ [ -74.412128, 40.496372 ], [ -74.412854, 40.495812 ], [ -74.412959, 40.49563 ], [ -74.413082, 40.495578 ], [ -74.413212, 40.495585 ] ] } },
{ "type": "Feature", "properties": { "id": "11652349-40", "name": "Player Avenue", "class": "residential", "is_priority": false }, "geometry": { "type": "LineString", "coordinates": [ [ -74.408508, 40.494709 ], [ -74.408508, 40.494674 ] ] } },
{ "type": "Feature", "properties": { "id": "11652438-41", "name": "", "class": "residential", "is_priority": false }, "geometry": { "type": "LineString", "coordinates": [ [ -74.469619, 40.517096 ], [ -74.468682, 40.516736 ] ] } },
{ "type": "Feature", "properties": { "id": "11652656-42", "name": "Laurel Lane", "class": "residential", "is_priority": false }, "geometry": { "type": "LineString", "coordinates": [ [ -74.412502, 40.476836 ], [ -74.412524, 40.476767 ], [ -74.412512, 40.47673 ], [ -74.412446, 40.476674 ], [ -74.412349, 40.476661 ], [ -74.412301, 40.476673 ], [ -74.412233, 40.476727 ], [ -74.412222, 40.476798 ], [ -74.412237, 40.47683 ], [ -74.412301, 40.476878 ], [ -74.41239, 40.476891 ], [ -74.412434, 40.476881 ], [ -74.412502, 40.476836 ] ] } },
{ "type": "Feature", "properties": { "id": "11653381-43", "name": "", "class": "residential", "is_priority": false }, "geometry": { "type": "LineString", "coordinates": [ [ -74.474139, 40.516393 ], [ -74.474103, 40.516414 ] ] } },
{ "type": "Feature", "properties": { "id": "11653564-44", "name": "", "class": "residential", "is_priority": false }, "geometry": { "type": "LineString", "coordinates": [ [ -74.441498, 40.477285 ], [ -74.441237, 40.477107 ] ] } },
{ "type": "Feature", "properties": { "id": "11653667-45", "name": "", "class": "residential", "is_priority": false }, "geometry": { "type": "LineString", "coordinates": [ [ -74.395791, 40.478208 ], [ -74.39567, 40.47761 ] ] } },
{ "type": "Feature", "properties": { "id": "11654066-46", "name": "", "class": "motorway_link", "is_priority": false }, "geometry": { "type": "LineString", "coordinates": [ [ -74.452166, 40.506548 ], [ -74.452323, 40.506583 ], [ -74.452815, 40.506635 ] ] } },
{ "type": "Feature", "properties": { "id": "11654436-47", "name": "", "class": "residential", "is_priority": false }, "geometry": { "type": "LineString", "coordinates": [ [ -74.453815, 40.469478 ], [ -74.454448, 40.469887 ] ] } },
{ "type": "Feature", "properties": { "id": "11654621-48", "name": "", "class": "secondary_link", "is_priority": false }, "geometry": { "type": "LineString", "coordinates": [ [ -74.407938, 40.500113 ], [ -74.408197, 40.500274 ], [ -74.40826, 40.50034 ], [ -74.408347, 40.500494 ], [ -74.408353, 40.500576 ], [ -74.40834, 40.500693 ], [ -74.408277, 40.500763 ], [ -74.408121, 40.50085 ], [ -74.407944, 40.5009 ] ] } },
{ "type": "Feature", "properties": { "id": "11654686-49", "name": "", "class": "unclassified", "is_priority": false }, "geometry": { "type": "LineString", "coordinates": [ [ -74.447646, 40.467884 ], [ -74.447086, 40.467504 ], [ -74.446865, 40.467409 ], [ -74.446659, 40.467365 ], [ -74.446411, 40.467355 ], [ -74.446122, 40.467396 ], [ -74.445932, 40.467464 ], [ -74.445623, 40.467642 ] ] } },
{ "type": "Feature", "properties": { "id": "11654686-50", "name": "", "class": "unclassified", "is_priority": false }, "geometry": { "type": "LineString", "coordinates": [ [ -74.445623, 40.467642 ], [ -74.445181, 40.467919 ], [ -74.444424, 40.468356 ], [ -74.443783, 40.468769 ] ] } },
{ "type": "Feature", "properties": { "id": "11654686-51", "name": "", "class": "unclassified", "is_priority": false }, "geometry": { "type": "LineString", "coordinates": [ [ -74.443783, 40.468769 ], [ -74.443533, 40.46893 ] ] } },
{ "type": "Feature", "properties": { "id": "11654705-52", "name": "Bradley Court", "class": "residential", "is_priority": false }, "geometry": { "type": "LineString", "coordinates": [ [ -74.473989, 40.463423 ], [ -74.474517, 40.463714 ] ] } },
{ "type": "Feature", "properties": { "id": "11654729-53", "name": "South 7th Avenue", "class": "residential", "is_priority": false }, "geometry": { "type": "LineString", "coordinates": [ [ -74.41906, 40.494943 ], [ -74.418808, 40.494302 ] ] } },
{ "type": "Feature", "properties": { "id": "11654736-54", "name": "Wood Circle", "class": "residential", "is_priority": false }, "geometry": { "type": "LineString", "coordinates": [ [ -74.414079, 40.476247 ], [ -74.414005, 40.476293 ], [ -74.414188, 40.476358 ], [ -74.414288, 40.476358 ], [ -74.414344, 40.476306 ], [ -74.414339, 40.476239 ], [ -74.414277, 40.476191 ], [ -74.414198, 40.476199 ], [ -74.414079, 40.476247 ] ] } },
{ "type": "Feature", "properties": { "id": "11654755-55", "name": "", "class": "residential", "is_priority": false }, "geometry": { "type": "LineString", "coordinates": [ [ -74.458843, 40.493555 ], [ -74.458875, 40.493664 ] ] } },
{ "type": "Feature", "properties": { "id": "11654811-56", "name": "Edmund Street", "class": "residential", "is_priority": false }, "geometry": { "type": "LineString", "coordinates": [ [ -74.413588, 40.498515 ], [ -74.412178, 40.498413 ] ] } },
{ "type": "Feature", "properties": { "id": "11654819-57", "name": "", "class": "residential", "is_priority": false }, "geometry": { "type": "LineString", "coordinates": [ [ -74.436344, 40.508991 ], [ -74.436656, 40.508761 ], [ -74.436873, 40.50867 ], [ -74.437, 40.508641 ] ] } },
{ "type": "Feature", "properties": { "id": "11654880-58", "name": "Bartle Court", "class": "residential", "is_priority": false }, "geometry": { "type": "LineString", "coordinates": [ [ -74.434688, 40.50892 ], [ -74.433806, 40.508396 ], [ -74.433619, 40.508303 ] ] } },
{ "type": "Feature", "properties": { "id": "11654953-59", "name": "", "class": "residential", "is_priority": false }, "geometry": { "type": "LineString", "coordinates": [ [ -74.436802, 40.480811 ], [ -74.436649, 40.480788 ], [ -74.43656, 40.480709 ] ] } },
{ "type": "Feature", "properties": { "id": "11654956-60", "name": "", "class": "trunk_link", "is_priority": false }, "geometry": { "type": "LineString", "coordinates": [ [ -74.413235, 40.495537 ], [ -74.413083, 40.495495 ], [ -74.413023, 40.495448 ], [ -74.412989, 40.495379 ] ] } },
{ "type": "Feature", "properties": { "id": "11655244-61", "name": "", "class": "unclassified", "is_priority": false }, "geometry": { "type": "LineString", "coordinates": [ [ -74.454816, 40.491656 ], [ -74.454565, 40.491494 ] ] } },
{ "type": "Feature", "properties": { "id": "11655251-62", "name": "", "class": "trunk_link", "is_priority": false }, "geometry": { "type": "LineString", "coordinates": [ [ -74.40915, 40.498179 ], [ -74.409269, 40.498227 ], [ -74.409326, 40.498272 ], [ -74.40935, 40.498317 ], [ -74.409358, 40.498411 ], [ -74.40929, 40.498535 ] ] } },
{ "type": "Feature", "properties": { "id": "11655295-63", "name": "", "class": "residential", "is_priority": false }, "geometry": { "type": "LineString", "coordinates": [ [ -74.448813, 40.482716 ], [ -74.44843, 40.482492 ] ] } },
{ "type": "Feature", "properties": { "id": "11655304-64", "name": "", "class": "residential", "is_priority": false }, "geometry": { "type": "LineString", "coordinates": [ [ -74.472923, 40.467177 ], [ -74.472819, 40.467333 ], [ -74.471708, 40.468327 ] ] } },
{ "type": "Feature", "properties": { "id": "11655688-65", "name": "", "class": "residential", "is_priority": false }, "geometry": { "type": "LineString", "coordinates": [ [ -74.442688, 40.477805 ], [ -74.44259, 40.477731 ] ] } },
{ "type": "Feature", "properties": { "id": "11655690-66", "name": "Brookside Avenue", "class": "residential", "is_priority": false }, "geometry": { "type": "LineString", "coordinates": [ [ -74.458875, 40.493664 ], [ -74.459543, 40.493551 ] ] } },
{ "type": "Feature", "properties": { "id": "11655796-67", "name": "Devlin Place", "class": "residential", "is_priority": false }, "geometry": { "type": "LineString", "coordinates": [ [ -74.405815, 40.471096 ], [ -74.4058, 40.471066 ] ] } },
{ "type": "Feature", "properties": { "id": "11655800-68", "name": "Lincoln Place", "class": "residential", "is_priority": false }, "geometry": { "type": "LineString", "coordinates": [ [ -74.464857, 40.504082 ], [ -74.465729, 40.502777 ] ] } },
{ "type": "Feature", "properties": { "id": "11655820-69", "name": "Montgomery Street", "class": "residential", "is_priority": false }, "geometry": { "type": "LineString", "coordinates": [ [ -74.431172, 40.500214 ], [ -74.429027, 40.500965 ] ] } },
{ "type": "Feature", "properties": { "id": "11655820-70", "name": "Montgomery Street", "class": "residential", "is_priority": false }, "geometry": { "type": "LineString", "coordinates": [ [ -74.429027, 40.500965 ], [ -74.427332, 40.501569 ] ] } },
{ "type": "Feature", "properties": { "id": "11655829-71", "name": "Cranbury Cross Road", "class": "residential", "is_priority": false }, "geometry": { "type": "LineString", "coordinates": [ [ -74.459266, 40.464973 ], [ -74.459611, 40.465108 ], [ -74.461225, 40.465972 ] ] } },
{ "type": "Feature", "properties": { "id": "11655829-72", "name": "Cranbury Cross Road", "class": "residential", "is_priority": false }, "geometry": { "type": "LineString", "coordinates": [ [ -74.461225, 40.465972 ], [ -74.462148, 40.466466 ], [ -74.462564, 40.466625 ], [ -74.46304, 40.466754 ], [ -74.463292, 40.466805 ] ] } },
{ "type": "Feature", "properties": { "id": "11655829-73", "name": "Cranbury Cross Road", "class": "residential", "is_priority": false }, "geometry": { "type": "LineString", "coordinates": [ [ -74.463292, 40.466805 ], [ -74.463794, 40.46694 ], [ -74.464106, 40.467075 ], [ -74.465253, 40.467774 ] ] } },
{ "type": "Feature", "properties": { "id": "11655829-74", "name": "Cranbury Cross Road", "class": "residential", "is_priority": false }, "geometry": { "type": "LineString", "coordinates": [ [ -74.465253, 40.467774 ], [ -74.465538, 40.467952 ], [ -74.46571, 40.468113 ], [ -74.465776, 40.468154 ], [ -74.465881, 40.468186 ], [ -74.467379, 40.468389 ] ] } },
{ "type": "Feature", "properties": { "id": "11655829-75", "name": "Cranbury Cross Road", "class": "residential", "is_priority": false }, "geometry": { "type": "LineString", "coordinates": [ [ -74.467379, 40.468389 ], [ -74.469538, 40.468674 ], [ -74.4697, 40.468708 ] ] } },
{ "type": "Feature", "properties": { "id": "11655829-76", "name": "Cranbury Cross Road", "class": "residential", "is_priority": false }, "geometry": { "type": "LineString", "coordinates": [ [ -74.4697, 40.468708 ], [ -74.469849, 40.46874 ], [ -74.470112, 40.46883 ], [ -74.470489, 40.46898 ] ] } },
{ "type": "Feature", "properties": { "id": "11655855-77", "name": "Edgebrook Road", "class": "residential", "is_priority": false }, "geometry": { "type": "LineString", "coordinates": [ [ -74.412916, 40.483712 ], [ -74.41286, 40.484039 ] ] } },
{ "type": "Feature", "properties": { "id": "11655877-78", "name": "Linwood Place", "class": "residential", "is_priority": false }, "geometry": { "type": "LineString", "coordinates": [ [ -74.460601, 40.473127 ], [ -74.460574, 40.471325 ] ] } },
{ "type": "Feature", "properties": { "id": "11655877-79", "name": "Linwood Place", "class": "residential", "is_priority": false }, "geometry": { "type": "LineString", "coordinates": [ [ -74.460574, 40.471325 ], [ -74.460542, 40.469524 ] ] } },
{ "type": "Feature", "properties": { "id": "11655877-80", "name": "Linwood Place", "class": "residential", "is_priority": false }, "geometry": { "type": "LineString", "coordinates": [ [ -74.460542, 40.469524 ], [ -74.461031, 40.467761 ] ] } },
{ "type": "Feature", "properties": { "id": "11655877-81", "name": "Linwood Place", "class": "residential", "is_priority": false }, "geometry": { "type": "LineString", "coordinates": [ [ -74.461031, 40.467761 ], [ -74.461416, 40.466536 ], [ -74.461611, 40.466179 ], [ -74.46172, 40.466049 ] ] } },
{ "type": "Feature", "properties": { "id": "11655877-82", "name": "Linwood Place", "class": "residential", "is_priority": false }, "geometry": { "type": "LineString", "coordinates": [ [ -74.46172, 40.466049 ], [ -74.463192, 40.464641 ] ] } },
{ "type": "Feature", "properties": { "id": "11655877-83", "name": "Linwood Place", "class": "residential", "is_priority": false }, "geometry": { "type": "LineString", "coordinates": [ [ -74.463192, 40.464641 ], [ -74.46394, 40.463928 ], [ -74.464425, 40.463395 ], [ -74.464585, 40.46319 ] ] } },
{ "type": "Feature", "properties": { "id": "11655877-84", "name": "Linwood Place", "class": "residential", "is_priority": false }, "geometry": { "type": "LineString", "coordinates": [ [ -74.464585, 40.46319 ], [ -74.465204, 40.462396 ] ] } },
{ "type": "Feature", "properties": { "id": "11655974-85", "name": "Cogswell Place", "class": "residential", "is_priority": false }, "geometry": { "type": "LineString", "coordinates": [ [ -74.457765, 40.490764 ], [ -74.458522, 40.491712 ] ] } },
{ "type": "Feature", "properties": { "id": "11655977-86", "name": "Alexander Street", "class": "residential", "is_priority": false }, "geometry": { "type": "LineString", "coordinates": [ [ -74.454816, 40.491656 ], [ -74.455932, 40.492917 ], [ -74.456043, 40.492984 ] ] } },
{ "type": "Feature", "properties": { "id": "11656058-87", "name": "Scotland Avenue", "class": "residential", "is_priority": false }, "geometry": { "type": "LineString", "coordinates": [ [ -74.393264, 40.499958 ], [ -74.393277, 40.499681 ], [ -74.393154, 40.499499 ] ] } },
{ "type": "Feature", "properties": { "id": "11656082-88", "name": "Meredith Place East", "class": "residential", "is_priority": false }, "geometry": { "type": "LineString", "coordinates": [ [ -74.447776, 40.511057 ], [ -74.448671, 40.511403 ] ] } },
{ "type": "Feature", "properties": { "id": "11656113-89", "name": "Stafford Drive", "class": "residential", "is_priority": false }, "geometry": { "type": "LineString", "coordinates": [ [ -74.468499, 40.515375 ], [ -74.468591, 40.515411 ], [ -74.468844, 40.515617 ], [ -74.469026, 40.515716 ], [ -74.470216, 40.51619 ] ] } },
{ "type": "Feature", "properties": { "id": "11656138-90", "name": "Johnson Street", "class": "residential", "is_priority": false }, "geometry": { "type": "LineString", "coordinates": [ [ -74.433301, 40.494367 ], [ -74.432383, 40.494679 ], [ -74.431084, 40.494975 ] ] } },
{ "type": "Feature", "properties": { "id": "11656138-91", "name": "Johnson Street", "class": "residential", "is_priority": false }, "geometry": { "type": "LineString", "coordinates": [ [ -74.431084, 40.494975 ], [ -74.429064, 40.495437 ] ] } },
{ "type": "Feature", "properties": { "id": "11656187-92", "name": "Stone Street", "class": "residential", "is_priority": false }, "geometry": { "type": "LineString", "coordinates": [ [ -74.450397, 40.501755 ], [ -74.452254, 40.500643 ] ] } },
{ "type": "Feature", "properties": { "id": "11656187-93", "name": "Stone Street", "class": "residential", "is_priority": false }, "geometry": { "type": "LineString", "coordinates": [ [ -74.452254, 40.500643 ], [ -74.453651, 40.499859 ], [ -74.453641, 40.499705 ] ] } },
{ "type": "Feature", "properties": { "id": "11656211-94", "name": "Yorke Road", "class": "residential", "is_priority": false }, "geometry": { "type": "LineString", "coordinates": [ [ -74.470978, 40.465809 ], [ -74.471882, 40.466367 ], [ -74.472776, 40.466975 ] ] } },
{ "type": "Feature", "properties": { "id": "11656211-95", "name": "Yorke Road", "class": "residential", "is_priority": false }, "geometry": { "type": "LineString", "coordinates": [ [ -74.472776, 40.466975 ], [ -74.47283, 40.467012 ] ] } },
{ "type": "Feature", "properties": { "id": "11656217-96", "name": "Meredith Place West", "class": "residential", "is_priority": false }, "geometry": { "type": "LineString", "coordinates": [ [ -74.448671, 40.511403 ], [ -74.449472, 40.511749 ] ] } },
{ "type": "Feature", "properties": { "id": "11656227-97", "name": "South 2nd Avenue", "class": "residential", "is_priority": false }, "geometry": { "type": "LineString", "coordinates": [ [ -74.430259, 40.498466 ], [ -74.429583, 40.49674 ] ] } },
{ "type": "Feature", "properties": { "id": "11656227-98", "name": "South 2nd Avenue", "class": "residential", "is_priority": false }, "geometry": { "type": "LineString", "coordinates": [ [ -74.429583, 40.49674 ], [ -74.428898, 40.495015 ] ] } },
{ "type": "Feature", "properties": { "id": "11656227-99", "name": "South 2nd Avenue", "class": "residential", "is_priority": false }, "geometry": { "type": "LineString", "coordinates": [ [ -74.428898, 40.495015 ], [ -74.428218, 40.49329 ] ] } },
{ "type": "Feature", "properties": { "id": "11656227-100", "name": "South 2nd Avenue", "class": "residential", "is_priority": false }, "geometry": { "type": "LineString", "coordinates": [ [ -74.428218, 40.49329 ], [ -74.427529, 40.491567 ] ] } },
{ "type": "Feature", "properties": { "id": "11656227-101", "name": "South 2nd Avenue", "class": "residential", "is_priority": false }, "geometry": { "type": "LineString", "coordinates": [ [ -74.427529, 40.491567 ], [ -74.427327, 40.491038 ], [ -74.427282, 40.490991 ], [ -74.427218, 40.490959 ] ] } },
{ "type": "Feature", "properties": { "id": "11656250-102", "name": "Othen Street", "class": "residential", "is_priority": false }, "geometry": { "type": "LineString", "coordinates": [ [ -74.408521, 40.495404 ], [ -74.407374, 40.49533 ] ] } },
{ "type": "Feature", "properties": { "id": "11656261-103", "name": "Redwood Avenue", "class": "residential", "is_priority": false }, "geometry": { "type": "LineString", "coordinates": [ [ -74.402717, 40.500541 ], [ -74.402788, 40.501289 ] ] } },
{ "type": "Feature", "properties": { "id": "11656284-104", "name": "Ray Street", "class": "residential", "is_priority": false }, "geometry": { "type": "LineString", "coordinates": [ [ -74.453789, 40.50247 ], [ -74.455646, 40.501358 ] ] } },
{ "type": "Feature", "properties": { "id": "11656284-105", "name": "Ray Street", "class": "residential", "is_priority": false }, "geometry": { "type": "LineString", "coordinates": [ [ -74.455646, 40.501358 ], [ -74.45646, 40.500882 ], [ -74.456498, 40.500822 ] ] } },
{ "type": "Feature", "properties": { "id": "11656324-106", "name": "How Lane", "class": "secondary", "is_priority": false }, "geometry": { "type": "LineString", "coordinates": [ [ -74.475013, 40.465853 ], [ -74.476872, 40.466962 ] ] } },
{ "type": "Feature", "properties": { "id": "11656324-107", "name": "How Lane", "class": "secondary", "is_priority": false }, "geometry": { "type": "LineString", "coordinates": [ [ -74.476872, 40.466962 ], [ -74.47716, 40.467133 ] ] } },
{ "type": "Feature", "properties": { "id": "11656399-108", "name": "Oakwood Place", "class": "residential", "is_priority": false }, "geometry": { "type": "LineString", "coordinates": [ [ -74.463294, 40.47243 ], [ -74.463264, 40.470629 ] ] } },
{ "type": "Feature", "properties": { "id": "11656399-109", "name": "Oakwood Place", "class": "residential", "is_priority": false }, "geometry": { "type": "LineString", "coordinates": [ [ -74.463264, 40.470629 ], [ -74.463249, 40.469941 ] ] } },
{ "type": "Feature", "properties": { "id": "11656417-110", "name": "Hassart Street", "class": "residential", "is_priority": false }, "geometry": { "type": "LineString", "coordinates": [ [ -74.44007, 40.490013 ], [ -74.440636, 40.489791 ] ] } },
{ "type": "Feature", "properties": { "id": "11656421-111", "name": "Glenridge Avenue", "class": "residential", "is_priority": false }, "geometry": { "type": "LineString", "coordinates": [ [ -74.457015, 40.470655 ], [ -74.457198, 40.470673 ], [ -74.459373, 40.470664 ] ] } },
{ "type": "Feature", "properties": { "id": "11656421-112", "name": "Glenridge Avenue", "class": "residential", "is_priority": false }, "geometry": { "type": "LineString", "coordinates": [ [ -74.459373, 40.470664 ], [ -74.460561, 40.470631 ], [ -74.461731, 40.470631 ] ] } },
{ "type": "Feature", "properties": { "id": "11656421-113", "name": "Glenridge Avenue", "class": "residential", "is_priority": false }, "geometry": { "type": "LineString", "coordinates": [ [ -74.461731, 40.470631 ], [ -74.463264, 40.470632 ] ] } },
{ "type": "Feature", "properties": { "id": "11656513-114", "name": "New York Avenue", "class": "residential", "is_priority": false }, "geometry": { "type": "LineString", "coordinates": [ [ -74.460534, 40.501522 ], [ -74.462635, 40.502343 ] ] } },
{ "type": "Feature", "properties": { "id": "11656513-115", "name": "New York Avenue", "class": "residential", "is_priority": false }, "geometry": { "type": "LineString", "coordinates": [ [ -74.462635, 40.502343 ], [ -74.464736, 40.503164 ] ] } },
{ "type": "Feature", "properties": { "id": "11656513-116", "name": "New York Avenue", "class": "residential", "is_priority": false }, "geometry": { "type": "LineString", "coordinates": [ [ -74.464736, 40.503164 ], [ -74.465318, 40.503392 ] ] } },
{ "type": "Feature", "properties": { "id": "11656545-117", "name": "Burnet Street", "class": "residential", "is_priority": false }, "geometry": { "type": "LineString", "coordinates": [ [ -74.408524, 40.497472 ], [ -74.407449, 40.497389 ] ] } },
{ "type": "Feature", "properties": { "id": "11656546-118", "name": "Burnet Street", "class": "tertiary", "is_priority": false }, "geometry": { "type": "LineString", "coordinates": [ [ -74.41146, 40.482483 ], [ -74.411545, 40.482648 ], [ -74.411696, 40.482858 ], [ -74.41212, 40.483219 ] ] } },
{ "type": "Feature", "properties": { "id": "11656548-119", "name": "State Route 18", "class": "trunk", "is_priority": true }, "geometry": { "type": "LineString", "coordinates": [ [ -74.419377, 40.484502 ], [ -74.419575, 40.484627 ], [ -74.419811, 40.484747 ], [ -74.420172, 40.484891 ], [ -74.420675, 40.48503 ], [ -74.421193, 40.485115 ] ] } },
{ "type": "Feature", "properties": { "id": "11656603-120", "name": "Ashwood Place", "class": "residential", "is_priority": false }, "geometry": { "type": "LineString", "coordinates": [ [ -74.4597, 40.472438 ], [ -74.459686, 40.470636 ] ] } },
{ "type": "Feature", "properties": { "id": "11656603-121", "name": "Ashwood Place", "class": "residential", "is_priority": false }, "geometry": { "type": "LineString", "coordinates": [ [ -74.459686, 40.470636 ], [ -74.459669, 40.469974 ] ] } },
{ "type": "Feature", "properties": { "id": "11656790-122", "name": "Oliver Avenue", "class": "residential", "is_priority": false }, "geometry": { "type": "LineString", "coordinates": [ [ -74.478402, 40.482342 ], [ -74.477644, 40.48158 ], [ -74.477478, 40.481657 ], [ -74.477183, 40.481853 ], [ -74.476882, 40.482177 ] ] } },
{ "type": "Feature", "properties": { "id": "11656790-123", "name": "Oliver Avenue", "class": "residential", "is_priority": false }, "geometry": { "type": "LineString", "coordinates": [ [ -74.476882, 40.482177 ], [ -74.476717, 40.482332 ], [ -74.475915, 40.482574 ], [ -74.475735, 40.482641 ], [ -74.475483, 40.482761 ], [ -74.474939, 40.483141 ] ] } },
{ "type": "Feature", "properties": { "id": "11656790-124", "name": "Oliver Avenue", "class": "residential", "is_priority": false }, "geometry": { "type": "LineString", "coordinates": [ [ -74.474939, 40.483141 ], [ -74.474334, 40.483711 ] ] } },
{ "type": "Feature", "properties": { "id": "11656814-125", "name": "Green Street", "class": "residential", "is_priority": false }, "geometry": { "type": "LineString", "coordinates": [ [ -74.399102, 40.498372 ], [ -74.398479, 40.498423 ] ] } },
{ "type": "Feature", "properties": { "id": "11656852-126", "name": "Louis Street", "class": "residential", "is_priority": false }, "geometry": { "type": "LineString", "coordinates": [ [ -74.457752, 40.498908 ], [ -74.457625, 40.498787 ], [ -74.457486, 40.498557 ] ] } },
{ "type": "Feature", "properties": { "id": "11656853-127", "name": "Courtlandt Street", "class": "residential", "is_priority": false }, "geometry": { "type": "LineString", "coordinates": [ [ -74.457956, 40.498574 ], [ -74.457752, 40.498908 ] ] } },
{ "type": "Feature", "properties": { "id": "11656888-128", "name": "Hedges Street", "class": "residential", "is_priority": false }, "geometry": { "type": "LineString", "coordinates": [ [ -74.460601, 40.473127 ], [ -74.460607, 40.473219 ], [ -74.460627, 40.47325 ], [ -74.462355, 40.474282 ] ] } },
{ "type": "Feature", "properties": { "id": "11656888-129", "name": "Hedges Street", "class": "residential", "is_priority": false }, "geometry": { "type": "LineString", "coordinates": [ [ -74.462355, 40.474282 ], [ -74.463336, 40.474864 ] ] } },
{ "type": "Feature", "properties": { "id": "11657114-130", "name": "Axel Avenue", "class": "residential", "is_priority": false }, "geometry": { "type": "LineString", "coordinates": [ [ -74.485032, 40.466923 ], [ -74.48686, 40.465784 ] ] } },
{ "type": "Feature", "properties": { "id": "11657114-131", "name": "Axel Avenue", "class": "residential", "is_priority": false }, "geometry": { "type": "LineString", "coordinates": [ [ -74.48686, 40.465784 ], [ -74.488688, 40.464645 ] ] } },
{ "type": "Feature", "properties": { "id": "11657114-132", "name": "Axel Avenue", "class": "residential", "is_priority": false }, "geometry": { "type": "LineString", "coordinates": [ [ -74.488688, 40.464645 ], [ -74.490376, 40.463594 ] ] } },
{ "type": "Feature", "properties": { "id": "11657152-133", "name": "South 8th Avenue", "class": "residential", "is_priority": false }, "geometry": { "type": "LineString", "coordinates": [ [ -74.42113, 40.50083 ], [ -74.421091, 40.500573 ], [ -74.421043, 40.50044 ], [ -74.420797, 40.500056 ], [ -74.420638, 40.499951 ], [ -74.420179, 40.499214 ] ] } },
{ "type": "Feature", "properties": { "id": "11657152-134", "name": "South 8th Avenue", "class": "residential", "is_priority": false }, "geometry": { "type": "LineString", "coordinates": [ [ -74.420179, 40.499214 ], [ -74.419168, 40.497586 ] ] } },
{ "type": "Feature", "properties": { "id": "11657152-135", "name": "South 8th Avenue", "class": "residential", "is_priority": false }, "geometry": { "type": "LineString", "coordinates": [ [ -74.419168, 40.497586 ], [ -74.41901, 40.497293 ], [ -74.418452, 40.495871 ] ] } },
{ "type": "Feature", "properties": { "id": "11657152-136", "name": "South 8th Avenue", "class": "residential", "is_priority": false }, "geometry": { "type": "LineString", "coordinates": [ [ -74.418452, 40.495871 ], [ -74.418238, 40.495316 ] ] } },
{ "type": "Feature", "properties": { "id": "11657171-137", "name": "Carman Street", "class": "residential", "is_priority": false }, "geometry": { "type": "LineString", "coordinates": [ [ -74.440257, 40.489229 ], [ -74.439694, 40.489433 ] ] } },
{ "type": "Feature", "properties": { "id": "11657180-138", "name": "Marvin Place", "class": "residential", "is_priority": false }, "geometry": { "type": "LineString", "coordinates": [ [ -74.474462, 40.468112 ], [ -74.474697, 40.468073 ], [ -74.474999, 40.468069 ], [ -74.475039, 40.468104 ], [ -74.475055, 40.468151 ] ] } },
{ "type": "Feature", "properties": { "id": "11657220-139", "name": "Louis Street", "class": "residential", "is_priority": false }, "geometry": { "type": "LineString", "coordinates": [ [ -74.453194, 40.492373 ], [ -74.454507, 40.49387 ] ] } },
{ "type": "Feature", "properties": { "id": "11657220-140", "name": "Louis Street", "class": "residential", "is_priority": false }, "geometry": { "type": "LineString", "coordinates": [ [ -74.454507, 40.49387 ], [ -74.455767, 40.495298 ], [ -74.455806, 40.495372 ] ] } },
{ "type": "Feature", "properties": { "id": "11657220-141", "name": "Louis Street", "class": "residential", "is_priority": false }, "geometry": { "type": "LineString", "coordinates": [ [ -74.455806, 40.495372 ], [ -74.456688, 40.497043 ] ] } },
{ "type": "Feature", "properties": { "id": "11657220-142", "name": "Louis Street", "class": "residential", "is_priority": false }, "geometry": { "type": "LineString", "coordinates": [ [ -74.456688, 40.497043 ], [ -74.457486, 40.498557 ] ] } },
{ "type": "Feature", "properties": { "id": "11657244-143", "name": "Cook Road", "class": "residential", "is_priority": false }, "geometry": { "type": "LineString", "coordinates": [ [ -74.406814, 40.484548 ], [ -74.406271, 40.484717 ] ] } },
{ "type": "Feature", "properties": { "id": "11657281-144", "name": "Elbert Court", "class": "residential", "is_priority": false }, "geometry": { "type": "LineString", "coordinates": [ [ -74.432102, 40.491281 ], [ -74.432906, 40.4911 ], [ -74.433046, 40.491098 ], [ -74.433172, 40.491157 ], [ -74.433248, 40.49123 ], [ -74.433308, 40.491365 ], [ -74.433306, 40.491445 ], [ -74.433232, 40.49165 ] ] } },
{ "type": "Feature", "properties": { "id": "11657281-145", "name": "Elbert Court", "class": "residential", "is_priority": false }, "geometry": { "type": "LineString", "coordinates": [ [ -74.433232, 40.49165 ], [ -74.433177, 40.491652 ], [ -74.433137, 40.49168 ], [ -74.433129, 40.491722 ], [ -74.433179, 40.491768 ], [ -74.433256, 40.491762 ], [ -74.433287, 40.49173 ], [ -74.433275, 40.491672 ], [ -74.433232, 40.49165 ] ] } },
{ "type": "Feature", "properties": { "id": "11657336-146", "name": "Elizabeth Street", "class": "residential", "is_priority": false }, "geometry": { "type": "LineString", "coordinates": [ [ -74.459933, 40.478119 ], [ -74.461757, 40.479261 ] ] } },
{ "type": "Feature", "properties": { "id": "11657360-147", "name": "Crescent Court", "class": "residential", "is_priority": false }, "geometry": { "type": "LineString", "coordinates": [ [ -74.485737, 40.468522 ], [ -74.487558, 40.469599 ] ] } },
{ "type": "Feature", "properties": { "id": "11657362-148", "name": "Oak Tree Drive", "class": "residential", "is_priority": false }, "geometry": { "type": "LineString", "coordinates": [ [ -74.492411, 40.471573 ], [ -74.492243, 40.471564 ], [ -74.491889, 40.471646 ], [ -74.491717, 40.471728 ], [ -74.49158, 40.471891 ], [ -74.491552, 40.472008 ], [ -74.491527, 40.472385 ] ] } },
{ "type": "Feature", "properties": { "id": "11657374-149", "name": "Columbus Place", "class": "residential", "is_priority": false }, "geometry": { "type": "LineString", "coordinates": [ [ -74.455885, 40.484922 ], [ -74.457546, 40.485938 ] ] } },
{ "type": "Feature", "properties": { "id": "11657404-150", "name": "Paul Robeson Boulevard", "class": "tertiary", "is_priority": false }, "geometry": { "type": "LineString", "coordinates": [ [ -74.437038, 40.489761 ], [ -74.437113, 40.489719 ] ] } },
{ "type": "Feature", "properties": { "id": "11657406-151", "name": "Paul Robeson Boulevard", "class": "residential", "is_priority": false }, "geometry": { "type": "LineString", "coordinates": [ [ -74.448803, 40.478764 ], [ -74.449889, 40.477701 ] ] } },
{ "type": "Feature", "properties": { "id": "11657426-152", "name": "Holly Court", "class": "residential", "is_priority": false }, "geometry": { "type": "LineString", "coordinates": [ [ -74.436344, 40.508991 ], [ -74.43627, 40.508948 ], [ -74.43615, 40.508917 ], [ -74.436037, 40.508937 ], [ -74.435547, 40.509378 ], [ -74.435197, 40.509563 ], [ -74.43515, 40.509605 ], [ -74.435102, 40.509701 ], [ -74.435089, 40.509806 ] ] } },
{ "type": "Feature", "properties": { "id": "11657481-153", "name": "Maplewood Avenue", "class": "residential", "is_priority": false }, "geometry": { "type": "LineString", "coordinates": [ [ -74.462389, 40.473144 ], [ -74.462379, 40.471342 ] ] } },
{ "type": "Feature", "properties": { "id": "11657481-154", "name": "Maplewood Avenue", "class": "residential", "is_priority": false }, "geometry": { "type": "LineString", "coordinates": [ [ -74.462379, 40.471342 ], [ -74.462373, 40.470631 ] ] } },
{ "type": "Feature", "properties": { "id": "11657508-155", "name": "Astor Street", "class": "residential", "is_priority": false }, "geometry": { "type": "LineString", "coordinates": [ [ -74.485481, 40.472088 ], [ -74.486949, 40.470677 ] ] } },
{ "type": "Feature", "properties": { "id": "11657508-156", "name": "Astor Street", "class": "residential", "is_priority": false }, "geometry": { "type": "LineString", "coordinates": [ [ -74.486949, 40.470677 ], [ -74.487135, 40.470507 ] ] } },
{ "type": "Feature", "properties": { "id": "11657516-157", "name": "Hale Street", "class": "residential", "is_priority": false }, "geometry": { "type": "LineString", "coordinates": [ [ -74.441029, 40.481413 ], [ -74.442879, 40.482531 ] ] } },
{ "type": "Feature", "properties": { "id": "11657516-158", "name": "Hale Street", "class": "residential", "is_priority": false }, "geometry": { "type": "LineString", "coordinates": [ [ -74.442879, 40.482531 ], [ -74.444062, 40.483267 ] ] } },
{ "type": "Feature", "properties": { "id": "11657518-159", "name": "Hale Street", "class": "residential", "is_priority": false }, "geometry": { "type": "LineString", "coordinates": [ [ -74.445635, 40.484236 ], [ -74.447488, 40.485352 ] ] } },
{ "type": "Feature", "properties": { "id": "11657518-160", "name": "Hale Street", "class": "residential", "is_priority": false }, "geometry": { "type": "LineString", "coordinates": [ [ -74.447488, 40.485352 ], [ -74.449329, 40.486479 ] ] } },
{ "type": "Feature", "properties": { "id": "11657518-161", "name": "Hale Street", "class": "residential", "is_priority": false }, "geometry": { "type": "LineString", "coordinates": [ [ -74.449329, 40.486479 ], [ -74.451175, 40.487601 ] ] } },
{ "type": "Feature", "properties": { "id": "11657518-162", "name": "Hale Street", "class": "residential", "is_priority": false }, "geometry": { "type": "LineString", "coordinates": [ [ -74.451175, 40.487601 ], [ -74.452333, 40.488306 ] ] } },
{ "type": "Feature", "properties": { "id": "11657520-163", "name": "Hale Street", "class": "residential", "is_priority": false }, "geometry": { "type": "LineString", "coordinates": [ [ -74.455737, 40.490375 ], [ -74.456809, 40.491043 ] ] } },
{ "type": "Feature", "properties": { "id": "11657676-164", "name": "River Road", "class": "tertiary", "is_priority": false }, "geometry": { "type": "LineString", "coordinates": [ [ -74.436361, 40.497738 ], [ -74.436788, 40.498407 ] ] } },
{ "type": "Feature", "properties": { "id": "11657680-165", "name": "River Road", "class": "tertiary", "is_priority": false }, "geometry": { "type": "LineString", "coordinates": [ [ -74.439447, 40.502542 ], [ -74.43951, 40.502734 ], [ -74.439521, 40.503182 ] ] } },
{ "type": "Feature", "properties": { "id": "11657767-166", "name": "Amherst Street", "class": "residential", "is_priority": false }, "geometry": { "type": "LineString", "coordinates": [ [ -74.416062, 40.502211 ], [ -74.416153, 40.501445 ] ] } },
{ "type": "Feature", "properties": { "id": "11657781-167", "name": "Dennis Street", "class": "residential", "is_priority": false }, "geometry": { "type": "LineString", "coordinates": [ [ -74.440792, 40.494006 ], [ -74.441046, 40.494945 ], [ -74.441122, 40.49516 ] ] } },
{ "type": "Feature", "properties": { "id": "11657824-168", "name": "Stevens Street", "class": "residential", "is_priority": false }, "geometry": { "type": "LineString", "coordinates": [ [ -74.457562, 40.473146 ], [ -74.459414, 40.474262 ] ] } },
{ "type": "Feature", "properties": { "id": "11657824-169", "name": "Stevens Street", "class": "residential", "is_priority": false }, "geometry": { "type": "LineString", "coordinates": [ [ -74.459414, 40.474262 ], [ -74.460551, 40.47495 ] ] } },
{ "type": "Feature", "properties": { "id": "11657852-170", "name": "Henry Avenue", "class": "residential", "is_priority": false }, "geometry": { "type": "LineString", "coordinates": [ [ -74.480205, 40.483021 ], [ -74.479471, 40.482257 ], [ -74.479103, 40.481926 ], [ -74.47885, 40.481673 ] ] } },
{ "type": "Feature", "properties": { "id": "11657920-171", "name": "Meadow Road", "class": "residential", "is_priority": false }, "geometry": { "type": "LineString", "coordinates": [ [ -74.390432, 40.498467 ], [ -74.390363, 40.498346 ], [ -74.390111, 40.498119 ], [ -74.38979, 40.497967 ] ] } },
{ "type": "Feature", "properties": { "id": "11657953-172", "name": "School House Lane", "class": "residential", "is_priority": false }, "geometry": { "type": "LineString", "coordinates": [ [ -74.402524, 40.478954 ], [ -74.401179, 40.478694 ], [ -74.400764, 40.478639 ], [ -74.400538, 40.47863 ], [ -74.400256, 40.478752 ] ] } },
{ "type": "Feature", "properties": { "id": "11657953-173", "name": "School House Lane", "class": "residential", "is_priority": false }, "geometry": { "type": "LineString", "coordinates": [ [ -74.400256, 40.478752 ], [ -74.39903, 40.479279 ], [ -74.398803, 40.479349 ], [ -74.39818, 40.479606 ] ] } },
{ "type": "Feature", "properties": { "id": "11657953-174", "name": "School House Lane", "class": "residential", "is_priority": false }, "geometry": { "type": "LineString", "coordinates": [ [ -74.39818, 40.479606 ], [ -74.396933, 40.480111 ], [ -74.396439, 40.480296 ], [ -74.396234, 40.48039 ], [ -74.396157, 40.480496 ] ] } },
{ "type": "Feature", "properties": { "id": "11657953-175", "name": "School House Lane", "class": "residential", "is_priority": false }, "geometry": { "type": "LineString", "coordinates": [ [ -74.396157, 40.480496 ], [ -74.394978, 40.482056 ] ] } },
{ "type": "Feature", "properties": { "id": "11657953-176", "name": "School House Lane", "class": "residential", "is_priority": false }, "geometry": { "type": "LineString", "coordinates": [ [ -74.394978, 40.482056 ], [ -74.394796, 40.482294 ] ] } },
{ "type": "Feature", "properties": { "id": "11657957-177", "name": "School House Lane", "class": "residential", "is_priority": false }, "geometry": { "type": "LineString", "coordinates": [ [ -74.399709, 40.499042 ], [ -74.399895, 40.500399 ] ] } },
{ "type": "Feature", "properties": { "id": "11657967-178", "name": "Milton Avenue", "class": "residential", "is_priority": false }, "geometry": { "type": "LineString", "coordinates": [ [ -74.402164, 40.475867 ], [ -74.401444, 40.475902 ], [ -74.399806, 40.475901 ] ] } },
{ "type": "Feature", "properties": { "id": "11657967-179", "name": "Milton Avenue", "class": "residential", "is_priority": false }, "geometry": { "type": "LineString", "coordinates": [ [ -74.399806, 40.475901 ], [ -74.39787, 40.475899 ], [ -74.397654, 40.475886 ] ] } },
{ "type": "Feature", "properties": { "id": "11658006-180", "name": "Iris Street", "class": "residential", "is_priority": false }, "geometry": { "type": "LineString", "coordinates": [ [ -74.48716, 40.473078 ], [ -74.48864, 40.471675 ] ] } },
{ "type": "Feature", "properties": { "id": "11658006-181", "name": "Iris Street", "class": "residential", "is_priority": false }, "geometry": { "type": "LineString", "coordinates": [ [ -74.48864, 40.471675 ], [ -74.48885, 40.471476 ] ] } },
{ "type": "Feature", "properties": { "id": "11658020-182", "name": "Volkert Street", "class": "residential", "is_priority": false }, "geometry": { "type": "LineString", "coordinates": [ [ -74.419202, 40.501152 ], [ -74.419028, 40.499871 ], [ -74.41904, 40.499782 ], [ -74.419099, 40.499664 ], [ -74.419152, 40.499601 ], [ -74.41928, 40.499515 ] ] } },
{ "type": "Feature", "properties": { "id": "11658043-183", "name": "Industrial Drive", "class": "residential", "is_priority": false }, "geometry": { "type": "LineString", "coordinates": [ [ -74.485617, 40.478835 ], [ -74.483666, 40.477822 ] ] } },
{ "type": "Feature", "properties": { "id": "11658043-184", "name": "Industrial Drive", "class": "residential", "is_priority": false }, "geometry": { "type": "LineString", "coordinates": [ [ -74.483666, 40.477822 ], [ -74.481723, 40.4768 ] ] } },
{ "type": "Feature", "properties": { "id": "11658043-185", "name": "Industrial Drive", "class": "residential", "is_priority": false }, "geometry": { "type": "LineString", "coordinates": [ [ -74.481723, 40.4768 ], [ -74.481388, 40.476622 ] ] } },
{ "type": "Feature", "properties": { "id": "11658145-186", "name": "Inza Street", "class": "residential", "is_priority": false }, "geometry": { "type": "LineString", "coordinates": [ [ -74.416539, 40.50141 ], [ -74.41624, 40.499623 ] ] } },
{ "type": "Feature", "properties": { "id": "11658145-187", "name": "Inza Street", "class": "residential", "is_priority": false }, "geometry": { "type": "LineString", "coordinates": [ [ -74.41624, 40.499623 ], [ -74.41618, 40.499262 ], [ -74.416202, 40.499181 ] ] } },
{ "type": "Feature", "properties": { "id": "11658149-188", "name": "Edgebrook Road", "class": "residential", "is_priority": false }, "geometry": { "type": "LineString", "coordinates": [ [ -74.41286, 40.484039 ], [ -74.412804, 40.48407 ], [ -74.412298, 40.484194 ], [ -74.41206, 40.484268 ], [ -74.411828, 40.484358 ], [ -74.411282, 40.484634 ], [ -74.411158, 40.484652 ], [ -74.410924, 40.484643 ], [ -74.410783, 40.48459 ], [ -74.410741, 40.484549 ] ] } },
{ "type": "Feature", "properties": { "id": "11658149-189", "name": "Edgebrook Road", "class": "residential", "is_priority": false }, "geometry": { "type": "LineString", "coordinates": [ [ -74.410741, 40.484549 ], [ -74.41047, 40.484288 ], [ -74.410342, 40.484203 ], [ -74.410131, 40.484156 ], [ -74.41001, 40.484166 ], [ -74.409856, 40.484199 ], [ -74.408857, 40.484771 ] ] } },
{ "type": "Feature", "properties": { "id": "11658166-190", "name": "Goodale Circle", "class": "residential", "is_priority": false }, "geometry": { "type": "LineString", "coordinates": [ [ -74.407695, 40.483274 ], [ -74.407898, 40.483098 ], [ -74.408048, 40.482888 ], [ -74.408117, 40.482659 ], [ -74.408092, 40.482442 ], [ -74.407979, 40.482184 ], [ -74.407879, 40.482062 ], [ -74.407753, 40.481968 ], [ -74.407606, 40.48189 ], [ -74.407387, 40.481809 ] ] } },
{ "type": "Feature", "properties": { "id": "11658166-191", "name": "Goodale Circle", "class": "residential", "is_priority": false }, "geometry": { "type": "LineString", "coordinates": [ [ -74.407387, 40.481809 ], [ -74.40721, 40.481774 ], [ -74.407005, 40.481761 ], [ -74.406834, 40.481779 ], [ -74.406639, 40.481825 ], [ -74.406309, 40.481979 ], [ -74.406206, 40.482062 ], [ -74.40604, 40.482281 ], [ -74.40598, 40.482402 ], [ -74.405948, 40.482538 ], [ -74.405948, 40.482688 ] ] } },
{ "type": "Feature", "properties": { "id": "11658183-192", "name": "Penrose Lane", "class": "residential", "is_priority": false }, "geometry": { "type": "LineString", "coordinates": [ [ -74.469619, 40.517096 ], [ -74.471209, 40.517681 ] ] } },
{ "type": "Feature", "properties": { "id": "11658229-193", "name": "Germantown Avenue", "class": "residential", "is_priority": false }, "geometry": { "type": "LineString", "coordinates": [ [ -74.400952, 40.498959 ], [ -74.39895, 40.499096 ], [ -74.398748, 40.499133 ], [ -74.398639, 40.4992 ] ] } },
{ "type": "Feature", "properties": { "id": "11658229-194", "name": "Germantown Avenue", "class": "residential", "is_priority": false }, "geometry": { "type": "LineString", "coordinates": [ [ -74.398639, 40.4992 ], [ -74.398587, 40.499327 ] ] } },
{ "type": "Feature", "properties": { "id": "11658230-195", "name": "Germantown Avenue", "class": "residential", "is_priority": false }, "geometry": { "type": "LineString", "coordinates": [ [ -74.398587, 40.499327 ], [ -74.397702, 40.499479 ] ] } },
{ "type": "Feature", "properties": { "id": "11658234-196", "name": "Mayfield Lane", "class": "residential", "is_priority": false }, "geometry": { "type": "LineString", "coordinates": [ [ -74.470495, 40.515782 ], [ -74.472597, 40.516603 ] ] } },
{ "type": "Feature", "properties": { "id": "11658234-197", "name": "Mayfield Lane", "class": "residential", "is_priority": false }, "geometry": { "type": "LineString", "coordinates": [ [ -74.472597, 40.516603 ], [ -74.47327, 40.516867 ] ] } },
{ "type": "Feature", "properties": { "id": "11658244-198", "name": "South Adelaide Avenue", "class": "residential", "is_priority": false }, "geometry": { "type": "LineString", "coordinates": [ [ -74.434698, 40.497948 ], [ -74.434651, 40.497868 ], [ -74.434014, 40.496224 ] ] } },
{ "type": "Feature", "properties": { "id": "11658244-199", "name": "South Adelaide Avenue", "class": "residential", "is_priority": false }, "geometry": { "type": "LineString", "coordinates": [ [ -74.434014, 40.496224 ], [ -74.433349, 40.494496 ] ] } },
{ "type": "Feature", "properties": { "id": "11658244-200", "name": "South Adelaide Avenue", "class": "residential", "is_priority": false }, "geometry": { "type": "LineString", "coordinates": [ [ -74.433349, 40.494496 ], [ -74.432677, 40.492769 ] ] } },
{ "type": "Feature", "properties": { "id": "11658244-201", "name": "South Adelaide Avenue", "class": "residential", "is_priority": false }, "geometry": { "type": "LineString", "coordinates": [ [ -74.432677, 40.492769 ], [ -74.432102, 40.491281 ], [ -74.431944, 40.491061 ] ] } },
{ "type": "Feature", "properties": { "id": "11658244-202", "name": "South Adelaide Avenue", "class": "residential", "is_priority": false }, "geometry": { "type": "LineString", "coordinates": [ [ -74.431944, 40.491061 ], [ -74.431525, 40.490479 ] ] } },
{ "type": "Feature", "properties": { "id": "11658255-203", "name": "York Drive", "class": "residential", "is_priority": false }, "geometry": { "type": "LineString", "coordinates": [ [ -74.413456, 40.498506 ], [ -74.413561, 40.497785 ], [ -74.413924, 40.496745 ] ] } },
{ "type": "Feature", "properties": { "id": "11658255-204", "name": "York Drive", "class": "residential", "is_priority": false }, "geometry": { "type": "LineString", "coordinates": [ [ -74.413924, 40.496745 ], [ -74.41442, 40.495352 ] ] } },
{ "type": "Feature", "properties": { "id": "11658307-205", "name": "Harper Street", "class": "residential", "is_priority": false }, "geometry": { "type": "LineString", "coordinates": [ [ -74.431044, 40.49398 ], [ -74.428784, 40.4945 ] ] } },
{ "type": "Feature", "properties": { "id": "11658307-206", "name": "Harper Street", "class": "residential", "is_priority": false }, "geometry": { "type": "LineString", "coordinates": [ [ -74.428784, 40.4945 ], [ -74.427277, 40.494849 ] ] } },
{ "type": "Feature", "properties": { "id": "11658309-207", "name": "Harper Street", "class": "residential", "is_priority": false }, "geometry": { "type": "LineString", "coordinates": [ [ -74.42742, 40.495226 ], [ -74.426511, 40.495442 ] ] } },
{ "type": "Feature", "properties": { "id": "11658351-208", "name": "Maple Street", "class": "residential", "is_priority": false }, "geometry": { "type": "LineString", "coordinates": [ [ -74.45682, 40.492586 ], [ -74.456918, 40.492646 ], [ -74.457939, 40.493812 ] ] } },
{ "type": "Feature", "properties": { "id": "11658368-209", "name": "Maple Street", "class": "residential", "is_priority": false }, "geometry": { "type": "LineString", "coordinates": [ [ -74.451069, 40.471525 ], [ -74.450151, 40.47305 ] ] } },
{ "type": "Feature", "properties": { "id": "11658369-210", "name": "Larose Avenue", "class": "residential", "is_priority": false }, "geometry": { "type": "LineString", "coordinates": [ [ -74.484835, 40.470438 ], [ -74.486703, 40.471538 ] ] } },
{ "type": "Feature", "properties": { "id": "11658369-211", "name": "Larose Avenue", "class": "residential", "is_priority": false }, "geometry": { "type": "LineString", "coordinates": [ [ -74.486703, 40.471538 ], [ -74.487278, 40.471877 ] ] } },
{ "type": "Feature", "properties": { "id": "11658414-212", "name": "Myron Place", "class": "residential", "is_priority": false }, "geometry": { "type": "LineString", "coordinates": [ [ -74.411206, 40.474865 ], [ -74.410898, 40.474368 ], [ -74.410429, 40.473386 ] ] } },
{ "type": "Feature", "properties": { "id": "11658519-213", "name": "Colburn Road", "class": "residential", "is_priority": false }, "geometry": { "type": "LineString", "coordinates": [ [ -74.411024, 40.472298 ], [ -74.411608, 40.472502 ], [ -74.411799, 40.472543 ], [ -74.411976, 40.472547 ], [ -74.412205, 40.472513 ], [ -74.413257, 40.472247 ] ] } },
{ "type": "Feature", "properties": { "id": "11658519-214", "name": "Colburn Road", "class": "residential", "is_priority": false }, "geometry": { "type": "LineString", "coordinates": [ [ -74.413257, 40.472247 ], [ -74.413744, 40.472124 ], [ -74.413967, 40.472027 ], [ -74.414087, 40.471942 ], [ -74.414652, 40.471374 ], [ -74.414734, 40.471184 ], [ -74.414767, 40.47101 ] ] } },
{ "type": "Feature", "properties": { "id": "11658519-215", "name": "Colburn Road", "class": "residential", "is_priority": false }, "geometry": { "type": "LineString", "coordinates": [ [ -74.414767, 40.47101 ], [ -74.414774, 40.47093 ], [ -74.414744, 40.470758 ], [ -74.414662, 40.470614 ], [ -74.414497, 40.470434 ], [ -74.413522, 40.469669 ] ] } },
{ "type": "Feature", "properties": { "id": "11658531-216", "name": "Hampton Road", "class": "residential", "is_priority": false }, "geometry": { "type": "LineString", "coordinates": [ [ -74.487242, 40.47699 ], [ -74.485311, 40.475955 ] ] } },
{ "type": "Feature", "properties": { "id": "11658531-217", "name": "Hampton Road", "class": "residential", "is_priority": false }, "geometry": { "type": "LineString", "coordinates": [ [ -74.485311, 40.475955 ], [ -74.485077, 40.47583 ] ] } },
{ "type": "Feature", "properties": { "id": "11658539-218", "name": "Tabernacle Way", "class": "residential", "is_priority": false }, "geometry": { "type": "LineString", "coordinates": [ [ -74.440472, 40.490613 ], [ -74.440333, 40.490648 ], [ -74.43858, 40.491297 ] ] } },
{ "type": "Feature", "properties": { "id": "11658549-219", "name": "Midvale Road", "class": "residential", "is_priority": false }, "geometry": { "type": "LineString", "coordinates": [ [ -74.384486, 40.491843 ], [ -74.385192, 40.491649 ], [ -74.3868, 40.491697 ] ] } },
{ "type": "Feature", "properties": { "id": "11658549-220", "name": "Midvale Road", "class": "residential", "is_priority": false }, "geometry": { "type": "LineString", "coordinates": [ [ -74.3868, 40.491697 ], [ -74.388338, 40.491754 ], [ -74.388548, 40.491843 ], [ -74.388617, 40.491986 ] ] } },
{ "type": "Feature", "properties": { "id": "11658555-221", "name": "Ross Hall Boulevard North", "class": "residential", "is_priority": false }, "geometry": { "type": "LineString", "coordinates": [ [ -74.448227, 40.511895 ], [ -74.448556, 40.512343 ], [ -74.448591, 40.512422 ], [ -74.448608, 40.512568 ], [ -74.448595, 40.512628 ], [ -74.447997, 40.513514 ] ] } },
{ "type": "Feature", "properties": { "id": "11658555-222", "name": "Ross Hall Boulevard North", "class": "residential", "is_priority": false }, "geometry": { "type": "LineString", "coordinates": [ [ -74.447997, 40.513514 ], [ -74.446905, 40.515112 ] ] } },
{ "type": "Feature", "properties": { "id": "11658555-223", "name": "Ross Hall Boulevard North", "class": "residential", "is_priority": false }, "geometry": { "type": "LineString", "coordinates": [ [ -74.446905, 40.515112 ], [ -74.44649, 40.515706 ], [ -74.446371, 40.51579 ], [ -74.446273, 40.515825 ], [ -74.44614, 40.515839 ], [ -74.445978, 40.515825 ], [ -74.445178, 40.515493 ] ] } },
{ "type": "Feature", "properties": { "id": "11658555-224", "name": "Ross Hall Boulevard North", "class": "residential", "is_priority": false }, "geometry": { "type": "LineString", "coordinates": [ [ -74.445178, 40.515493 ], [ -74.4451, 40.515461 ] ] } },
{ "type": "Feature", "properties": { "id": "11658577-225", "name": "South Ward Street", "class": "residential", "is_priority": false }, "geometry": { "type": "LineString", "coordinates": [ [ -74.443205, 40.476376 ], [ -74.443842, 40.476715 ], [ -74.444255, 40.476965 ] ] } },
{ "type": "Feature", "properties": { "id": "11658588-226", "name": "South Pennington Road", "class": "residential", "is_priority": false }, "geometry": { "type": "LineString", "coordinates": [ [ -74.403347, 40.483643 ], [ -74.403821, 40.483471 ], [ -74.403863, 40.48344 ], [ -74.403881, 40.483387 ], [ -74.403857, 40.483244 ], [ -74.403611, 40.482656 ], [ -74.40358, 40.482537 ], [ -74.403581, 40.482446 ], [ -74.403611, 40.482354 ], [ -74.403783, 40.482162 ] ] } },
{ "type": "Feature", "properties": { "id": "11658588-227", "name": "South Pennington Road", "class": "residential", "is_priority": false }, "geometry": { "type": "LineString", "coordinates": [ [ -74.403783, 40.482162 ], [ -74.40396, 40.482046 ], [ -74.40472, 40.481832 ], [ -74.404864, 40.481769 ], [ -74.405048, 40.481611 ], [ -74.405113, 40.481506 ], [ -74.405143, 40.481408 ], [ -74.405151, 40.481289 ] ] } },
{ "type": "Feature", "properties": { "id": "11658590-228", "name": "South Pennington Road", "class": "residential", "is_priority": false }, "geometry": { "type": "LineString", "coordinates": [ [ -74.400576, 40.486289 ], [ -74.400535, 40.486203 ], [ -74.400527, 40.486124 ], [ -74.400548, 40.486041 ], [ -74.400598, 40.485969 ], [ -74.401042, 40.485529 ], [ -74.401802, 40.484828 ] ] } },
{ "type": "Feature", "properties": { "id": "11658590-229", "name": "South Pennington Road", "class": "residential", "is_priority": false }, "geometry": { "type": "LineString", "coordinates": [ [ -74.401802, 40.484828 ], [ -74.402331, 40.484291 ], [ -74.402888, 40.483685 ], [ -74.402974, 40.483652 ], [ -74.403081, 40.48364 ], [ -74.403222, 40.483652 ], [ -74.403347, 40.483643 ] ] } },
{ "type": "Feature", "properties": { "id": "11658610-230", "name": "Ross Hall Boulevard South", "class": "residential", "is_priority": false }, "geometry": { "type": "LineString", "coordinates": [ [ -74.448227, 40.511895 ], [ -74.447741, 40.511994 ], [ -74.447463, 40.512088 ], [ -74.447305, 40.512237 ], [ -74.446673, 40.513106 ] ] } },
{ "type": "Feature", "properties": { "id": "11658610-231", "name": "Ross Hall Boulevard South", "class": "residential", "is_priority": false }, "geometry": { "type": "LineString", "coordinates": [ [ -74.446673, 40.513106 ], [ -74.445875, 40.514201 ], [ -74.44557, 40.514698 ] ] } },
{ "type": "Feature", "properties": { "id": "11658610-232", "name": "Ross Hall Boulevard South", "class": "residential", "is_priority": false }, "geometry": { "type": "LineString", "coordinates": [ [ -74.44557, 40.514698 ], [ -74.444937, 40.515703 ] ] } },
{ "type": "Feature", "properties": { "id": "11658640-233", "name": "Charles Street", "class": "residential", "is_priority": false }, "geometry": { "type": "LineString", "coordinates": [ [ -74.459379, 40.478652 ], [ -74.461164, 40.479749 ], [ -74.461207, 40.479789 ] ] } },
{ "type": "Feature", "properties": { "id": "11658640-234", "name": "Charles Street", "class": "residential", "is_priority": false }, "geometry": { "type": "LineString", "coordinates": [ [ -74.461207, 40.479789 ], [ -74.461231, 40.479811 ] ] } },
{ "type": "Feature", "properties": { "id": "11658694-235", "name": "Roseland Place", "class": "residential", "is_priority": false }, "geometry": { "type": "LineString", "coordinates": [ [ -74.458942, 40.473123 ], [ -74.458819, 40.473041 ], [ -74.458794, 40.472925 ], [ -74.458787, 40.471366 ] ] } },
{ "type": "Feature", "properties": { "id": "11658694-236", "name": "Roseland Place", "class": "residential", "is_priority": false }, "geometry": { "type": "LineString", "coordinates": [ [ -74.458787, 40.471366 ], [ -74.458781, 40.46999 ] ] } },
{ "type": "Feature", "properties": { "id": "11658757-237", "name": "Manor Court", "class": "residential", "is_priority": false }, "geometry": { "type": "LineString", "coordinates": [ [ -74.413162, 40.486896 ], [ -74.413023, 40.487091 ], [ -74.412932, 40.487187 ], [ -74.412646, 40.487429 ] ] } },
{ "type": "Feature", "properties": { "id": "11658779-238", "name": "Wilcox Road", "class": "residential", "is_priority": false }, "geometry": { "type": "LineString", "coordinates": [ [ -74.412171, 40.486543 ], [ -74.412224, 40.486842 ], [ -74.412185, 40.487014 ], [ -74.412133, 40.487108 ], [ -74.412066, 40.4872 ], [ -74.411419, 40.487864 ], [ -74.411131, 40.488052 ] ] } },
{ "type": "Feature", "properties": { "id": "11658779-239", "name": "Wilcox Road", "class": "residential", "is_priority": false }, "geometry": { "type": "LineString", "coordinates": [ [ -74.411131, 40.488052 ], [ -74.410993, 40.488126 ], [ -74.410689, 40.488243 ], [ -74.41022, 40.488317 ], [ -74.408999, 40.488334 ], [ -74.40885, 40.488321 ] ] } },
{ "type": "Feature", "properties": { "id": "11658779-240", "name": "Wilcox Road", "class": "residential", "is_priority": false }, "geometry": { "type": "LineString", "coordinates": [ [ -74.40885, 40.488321 ], [ -74.40862, 40.488261 ], [ -74.408455, 40.488179 ], [ -74.408334, 40.488089 ], [ -74.408245, 40.487957 ], [ -74.407899, 40.487111 ] ] } },
{ "type": "Feature", "properties": { "id": "11658804-241", "name": "14th Street", "class": "residential", "is_priority": false }, "geometry": { "type": "LineString", "coordinates": [ [ -74.469036, 40.470199 ], [ -74.469172, 40.47021 ], [ -74.46925, 40.470233 ], [ -74.47092, 40.471252 ] ] } },
{ "type": "Feature", "properties": { "id": "11658804-242", "name": "14th Street", "class": "residential", "is_priority": false }, "geometry": { "type": "LineString", "coordinates": [ [ -74.47092, 40.471252 ], [ -74.47147, 40.471596 ] ] } },
{ "type": "Feature", "properties": { "id": "11658948-243", "name": "Joyce Kilmer Avenue", "class": "residential", "is_priority": false }, "geometry": { "type": "LineString", "coordinates": [ [ -74.464652, 40.47655 ], [ -74.465355, 40.475864 ], [ -74.466137, 40.475151 ] ] } },
{ "type": "Feature", "properties": { "id": "11658948-244", "name": "Joyce Kilmer Avenue", "class": "residential", "is_priority": false }, "geometry": { "type": "LineString", "coordinates": [ [ -74.466137, 40.475151 ], [ -74.467613, 40.473744 ] ] } },
{ "type": "Feature", "properties": { "id": "11658948-245", "name": "Joyce Kilmer Avenue", "class": "residential", "is_priority": false }, "geometry": { "type": "LineString", "coordinates": [ [ -74.467613, 40.473744 ], [ -74.469105, 40.472349 ] ] } },
{ "type": "Feature", "properties": { "id": "11658948-246", "name": "Joyce Kilmer Avenue", "class": "residential", "is_priority": false }, "geometry": { "type": "LineString", "coordinates": [ [ -74.469105, 40.472349 ], [ -74.469354, 40.472117 ] ] } },
{ "type": "Feature", "properties": { "id": "11658951-247", "name": "Joyce Kilmer Avenue", "class": "residential", "is_priority": false }, "geometry": { "type": "LineString", "coordinates": [ [ -74.447645, 40.492817 ], [ -74.44772, 40.492727 ], [ -74.449097, 40.491398 ] ] } },
{ "type": "Feature", "properties": { "id": "11658951-248", "name": "Joyce Kilmer Avenue", "class": "residential", "is_priority": false }, "geometry": { "type": "LineString", "coordinates": [ [ -74.449097, 40.491398 ], [ -74.450572, 40.489992 ] ] } },
{ "type": "Feature", "properties": { "id": "11658951-249", "name": "Joyce Kilmer Avenue", "class": "residential", "is_priority": false }, "geometry": { "type": "LineString", "coordinates": [ [ -74.450572, 40.489992 ], [ -74.451175, 40.489421 ] ] } },
{ "type": "Feature", "properties": { "id": "11658954-250", "name": "Joyce Kilmer Avenue", "class": "residential", "is_priority": false }, "geometry": { "type": "LineString", "coordinates": [ [ -74.464652, 40.47655 ], [ -74.464129, 40.477025 ], [ -74.463633, 40.477517 ], [ -74.463155, 40.477942 ] ] } },
{ "type": "Feature", "properties": { "id": "11658954-251", "name": "Joyce Kilmer Avenue", "class": "residential", "is_priority": false }, "geometry": { "type": "LineString", "coordinates": [ [ -74.463155, 40.477942 ], [ -74.461679, 40.479347 ] ] } },
{ "type": "Feature", "properties": { "id": "11658954-252", "name": "Joyce Kilmer Avenue", "class": "residential", "is_priority": false }, "geometry": { "type": "LineString", "coordinates": [ [ -74.461679, 40.479347 ], [ -74.461231, 40.479811 ], [ -74.460232, 40.480771 ] ] } },
{ "type": "Feature", "properties": { "id": "11658954-253", "name": "Joyce Kilmer Avenue", "class": "residential", "is_priority": false }, "geometry": { "type": "LineString", "coordinates": [ [ -74.460232, 40.480771 ], [ -74.459552, 40.481406 ], [ -74.458761, 40.482179 ] ] } },
{ "type": "Feature", "properties": { "id": "11658954-254", "name": "Joyce Kilmer Avenue", "class": "residential", "is_priority": false }, "geometry": { "type": "LineString", "coordinates": [ [ -74.458761, 40.482179 ], [ -74.457273, 40.483577 ] ] } },
{ "type": "Feature", "properties": { "id": "11658954-255", "name": "Joyce Kilmer Avenue", "class": "residential", "is_priority": false }, "geometry": { "type": "LineString", "coordinates": [ [ -74.457273, 40.483577 ], [ -74.455814, 40.484992 ] ] } },
{ "type": "Feature", "properties": { "id": "11658954-256", "name": "Joyce Kilmer Avenue", "class": "residential", "is_priority": false }, "geometry": { "type": "LineString", "coordinates": [ [ -74.455814, 40.484992 ], [ -74.455313, 40.485469 ] ] } },
{ "type": "Feature", "properties": { "id": "11658974-257", "name": "Huntington Street", "class": "residential", "is_priority": false }, "geometry": { "type": "LineString", "coordinates": [ [ -74.452562, 40.505921 ], [ -74.452676, 40.505838 ], [ -74.453861, 40.505141 ] ] } },
{ "type": "Feature", "properties": { "id": "11658992-258", "name": "Janeway Avenue", "class": "residential", "is_priority": false }, "geometry": { "type": "LineString", "coordinates": [ [ -74.434776, 40.503468 ], [ -74.435352, 40.503828 ], [ -74.435402, 40.50384 ], [ -74.435444, 40.503826 ], [ -74.435529, 40.503764 ] ] } },
{ "type": "Feature", "properties": { "id": "11659096-259", "name": "Cypress Avenue", "class": "residential", "is_priority": false }, "geometry": { "type": "LineString", "coordinates": [ [ -74.457125, 40.467438 ], [ -74.457339, 40.469233 ] ] } },
{ "type": "Feature", "properties": { "id": "11659096-260", "name": "Cypress Avenue", "class": "residential", "is_priority": false }, "geometry": { "type": "LineString", "coordinates": [ [ -74.457339, 40.469233 ], [ -74.457389, 40.469655 ] ] } },
{ "type": "Feature", "properties": { "id": "11659111-261", "name": "Irwin Place", "class": "residential", "is_priority": false }, "geometry": { "type": "LineString", "coordinates": [ [ -74.464873, 40.467537 ], [ -74.465297, 40.467132 ] ] } },
{ "type": "Feature", "properties": { "id": "11659173-262", "name": "Jackson Avenue", "class": "residential", "is_priority": false }, "geometry": { "type": "LineString", "coordinates": [ [ -74.436033, 40.503327 ], [ -74.435529, 40.503764 ] ] } },
{ "type": "Feature", "properties": { "id": "11659219-263", "name": "Redcliffe Avenue", "class": "residential", "is_priority": false }, "geometry": { "type": "LineString", "coordinates": [ [ -74.433197, 40.494096 ], [ -74.433649, 40.49399 ], [ -74.43394, 40.493892 ], [ -74.434699, 40.49356 ] ] } },
{ "type": "Feature", "properties": { "id": "11659283-264", "name": "Palmetto Court", "class": "residential", "is_priority": false }, "geometry": { "type": "LineString", "coordinates": [ [ -74.448796, 40.48214 ], [ -74.449188, 40.482379 ] ] } },
{ "type": "Feature", "properties": { "id": "11659301-265", "name": "Albany Street", "class": "secondary", "is_priority": false }, "geometry": { "type": "LineString", "coordinates": [ [ -74.44428, 40.496659 ], [ -74.442598, 40.496892 ], [ -74.442407, 40.496908 ] ] } },
{ "type": "Feature", "properties": { "id": "11659313-266", "name": "Prentiss Road", "class": "residential", "is_priority": false }, "geometry": { "type": "LineString", "coordinates": [ [ -74.404029, 40.485337 ], [ -74.403809, 40.485096 ], [ -74.403718, 40.485026 ], [ -74.403616, 40.48497 ], [ -74.40349, 40.484927 ], [ -74.403204, 40.484899 ], [ -74.403079, 40.48491 ], [ -74.402606, 40.485002 ], [ -74.402391, 40.485008 ], [ -74.402268, 40.484987 ], [ -74.402168, 40.484946 ], [ -74.401995, 40.484838 ] ] } },
{ "type": "Feature", "properties": { "id": "11659313-267", "name": "Prentiss Road", "class": "residential", "is_priority": false }, "geometry": { "type": "LineString", "coordinates": [ [ -74.401995, 40.484838 ], [ -74.401875, 40.484761 ] ] } },
{ "type": "Feature", "properties": { "id": "11659327-268", "name": "Cliff Court", "class": "residential", "is_priority": false }, "geometry": { "type": "LineString", "coordinates": [ [ -74.433879, 40.495884 ], [ -74.435007, 40.495619 ], [ -74.435041, 40.495555 ], [ -74.434833, 40.49504 ] ] } },
{ "type": "Feature", "properties": { "id": "11659434-269", "name": "Harrigan Street", "class": "residential", "is_priority": false }, "geometry": { "type": "LineString", "coordinates": [ [ -74.412034, 40.499091 ], [ -74.409683, 40.498929 ] ] } },
{ "type": "Feature", "properties": { "id": "11659434-270", "name": "Harrigan Street", "class": "residential", "is_priority": false }, "geometry": { "type": "LineString", "coordinates": [ [ -74.409683, 40.498929 ], [ -74.409279, 40.498902 ] ] } },
{ "type": "Feature", "properties": { "id": "11659488-271", "name": "South 11th Avenue", "class": "residential", "is_priority": false }, "geometry": { "type": "LineString", "coordinates": [ [ -74.417348, 40.501332 ], [ -74.417375, 40.501256 ], [ -74.417099, 40.499546 ] ] } },
{ "type": "Feature", "properties": { "id": "11659488-272", "name": "South 11th Avenue", "class": "residential", "is_priority": false }, "geometry": { "type": "LineString", "coordinates": [ [ -74.417099, 40.499546 ], [ -74.417074, 40.499393 ], [ -74.41644, 40.497818 ] ] } },
{ "type": "Feature", "properties": { "id": "11659488-273", "name": "South 11th Avenue", "class": "residential", "is_priority": false }, "geometry": { "type": "LineString", "coordinates": [ [ -74.41644, 40.497818 ], [ -74.416027, 40.496781 ], [ -74.415933, 40.496642 ] ] } },
{ "type": "Feature", "properties": { "id": "11659489-274", "name": "South 11th Avenue", "class": "residential", "is_priority": false }, "geometry": { "type": "LineString", "coordinates": [ [ -74.417396, 40.501961 ], [ -74.417316, 40.501428 ], [ -74.417348, 40.501332 ] ] } },
{ "type": "Feature", "properties": { "id": "11659499-275", "name": "Mc Auliffe Drive", "class": "residential", "is_priority": false }, "geometry": { "type": "LineString", "coordinates": [ [ -74.47283, 40.467012 ], [ -74.472902, 40.467073 ], [ -74.472923, 40.467177 ] ] } },
{ "type": "Feature", "properties": { "id": "11659501-276", "name": "Mc Auliffe Drive", "class": "residential", "is_priority": false }, "geometry": { "type": "LineString", "coordinates": [ [ -74.472923, 40.467177 ], [ -74.473044, 40.46717 ], [ -74.473291, 40.467192 ], [ -74.473649, 40.467329 ], [ -74.474051, 40.46753 ], [ -74.474247, 40.467727 ], [ -74.474462, 40.468112 ], [ -74.47449, 40.468262 ], [ -74.474479, 40.468289 ] ] } },
{ "type": "Feature", "properties": { "id": "11659501-277", "name": "Mc Auliffe Drive", "class": "residential", "is_priority": false }, "geometry": { "type": "LineString", "coordinates": [ [ -74.474479, 40.468289 ], [ -74.474295, 40.468711 ], [ -74.474185, 40.468842 ], [ -74.472784, 40.46939 ] ] } },
{ "type": "Feature", "properties": { "id": "11659501-278", "name": "Mc Auliffe Drive", "class": "residential", "is_priority": false }, "geometry": { "type": "LineString", "coordinates": [ [ -74.472784, 40.46939 ], [ -74.472701, 40.469422 ], [ -74.472268, 40.469334 ] ] } },
{ "type": "Feature", "properties": { "id": "11659547-279", "name": "Aurora Street", "class": "residential", "is_priority": false }, "geometry": { "type": "LineString", "coordinates": [ [ -74.418882, 40.498904 ], [ -74.41771, 40.499325 ], [ -74.417509, 40.499373 ], [ -74.417309, 40.499366 ], [ -74.416671, 40.499258 ] ] } },
{ "type": "Feature", "properties": { "id": "11659547-280", "name": "Aurora Street", "class": "residential", "is_priority": false }, "geometry": { "type": "LineString", "coordinates": [ [ -74.416671, 40.499258 ], [ -74.414409, 40.498871 ] ] } },
{ "type": "Feature", "properties": { "id": "11659573-281", "name": "Hay Street", "class": "residential", "is_priority": false }, "geometry": { "type": "LineString", "coordinates": [ [ -74.461583, 40.48529 ], [ -74.462272, 40.485916 ] ] } },
{ "type": "Feature", "properties": { "id": "11659717-282", "name": "Ball Street", "class": "residential", "is_priority": false }, "geometry": { "type": "LineString", "coordinates": [ [ -74.457384, 40.490876 ], [ -74.458208, 40.491872 ] ] } },
{ "type": "Feature", "properties": { "id": "11659936-283", "name": "Red Oak Lane", "class": "residential", "is_priority": false }, "geometry": { "type": "LineString", "coordinates": [ [ -74.439125, 40.481284 ], [ -74.439141, 40.481391 ], [ -74.439125, 40.48149 ], [ -74.438001, 40.482569 ] ] } },
{ "type": "Feature", "properties": { "id": "11660016-284", "name": "9th Street", "class": "residential", "is_priority": false }, "geometry": { "type": "LineString", "coordinates": [ [ -74.465873, 40.472781 ], [ -74.467548, 40.473806 ] ] } },
{ "type": "Feature", "properties": { "id": "11660038-285", "name": "Bergen Court", "class": "residential", "is_priority": false }, "geometry": { "type": "LineString", "coordinates": [ [ -74.475483, 40.482761 ], [ -74.475563, 40.482857 ], [ -74.47618, 40.484101 ] ] } },
{ "type": "Feature", "properties": { "id": "11660051-286", "name": "Manton Avenue", "class": "residential", "is_priority": false }, "geometry": { "type": "LineString", "coordinates": [ [ -74.402251, 40.470716 ], [ -74.400578, 40.470704 ] ] } },
{ "type": "Feature", "properties": { "id": "11660069-287", "name": "Mohawk Road", "class": "residential", "is_priority": false }, "geometry": { "type": "LineString", "coordinates": [ [ -74.493871, 40.466345 ], [ -74.494155, 40.466178 ], [ -74.494399, 40.466165 ], [ -74.494594, 40.466203 ], [ -74.494773, 40.466302 ], [ -74.495294, 40.466787 ], [ -74.49544, 40.466849 ], [ -74.495651, 40.466886 ], [ -74.495778, 40.466871 ] ] } },
{ "type": "Feature", "properties": { "id": "11660069-288", "name": "Mohawk Road", "class": "residential", "is_priority": false }, "geometry": { "type": "LineString", "coordinates": [ [ -74.495778, 40.466871 ], [ -74.495899, 40.466844 ] ] } },
{ "type": "Feature", "properties": { "id": "11660071-289", "name": "Mohawk Road", "class": "residential", "is_priority": false }, "geometry": { "type": "LineString", "coordinates": [ [ -74.494432, 40.465969 ], [ -74.494432, 40.466171 ] ] } },
{ "type": "Feature", "properties": { "id": "11660123-290", "name": "Davis Place", "class": "residential", "is_priority": false }, "geometry": { "type": "LineString", "coordinates": [ [ -74.470841, 40.463087 ], [ -74.470163, 40.462617 ] ] } },
{ "type": "Feature", "properties": { "id": "11660180-291", "name": "Magnolia Street", "class": "residential", "is_priority": false }, "geometry": { "type": "LineString", "coordinates": [ [ -74.426821, 40.497881 ], [ -74.426052, 40.498057 ], [ -74.424647, 40.498569 ] ] } },
{ "type": "Feature", "properties": { "id": "11660180-292", "name": "Magnolia Street", "class": "residential", "is_priority": false }, "geometry": { "type": "LineString", "coordinates": [ [ -74.424647, 40.498569 ], [ -74.422516, 40.499343 ] ] } },
{ "type": "Feature", "properties": { "id": "11660180-293", "name": "Magnolia Street", "class": "residential", "is_priority": false }, "geometry": { "type": "LineString", "coordinates": [ [ -74.422516, 40.499343 ], [ -74.420704, 40.499997 ] ] } },
{ "type": "Feature", "properties": { "id": "11660189-294", "name": "Morse Avenue", "class": "residential", "is_priority": false }, "geometry": { "type": "LineString", "coordinates": [ [ -74.3998, 40.499725 ], [ -74.401034, 40.499636 ] ] } },
{ "type": "Feature", "properties": { "id": "11660244-295", "name": "Cotter Drive", "class": "residential", "is_priority": false }, "geometry": { "type": "LineString", "coordinates": [ [ -74.421757, 40.481883 ], [ -74.422781, 40.483074 ], [ -74.422879, 40.483128 ] ] } },
{ "type": "Feature", "properties": { "id": "11660253-296", "name": "Valley Place", "class": "residential", "is_priority": false }, "geometry": { "type": "LineString", "coordinates": [ [ -74.432663, 40.492733 ], [ -74.43165, 40.492959 ] ] } },
{ "type": "Feature", "properties": { "id": "11660282-297", "name": "Lufberry Avenue", "class": "residential", "is_priority": false }, "geometry": { "type": "LineString", "coordinates": [ [ -74.467849, 40.487012 ], [ -74.466013, 40.48588 ] ] } },
{ "type": "Feature", "properties": { "id": "11660282-298", "name": "Lufberry Avenue", "class": "residential", "is_priority": false }, "geometry": { "type": "LineString", "coordinates": [ [ -74.466013, 40.48588 ], [ -74.465045, 40.485302 ] ] } },
{ "type": "Feature", "properties": { "id": "11660287-299", "name": "Rutgers Street", "class": "residential", "is_priority": false }, "geometry": { "type": "LineString", "coordinates": [ [ -74.453231, 40.479478 ], [ -74.455083, 40.480593 ] ] } },
{ "type": "Feature", "properties": { "id": "11660287-300", "name": "Rutgers Street", "class": "residential", "is_priority": false }, "geometry": { "type": "LineString", "coordinates": [ [ -74.455083, 40.480593 ], [ -74.456482, 40.481437 ] ] } },
{ "type": "Feature", "properties": { "id": "11660290-301", "name": "Rutgers Street", "class": "residential", "is_priority": false }, "geometry": { "type": "LineString", "coordinates": [ [ -74.456561, 40.48136 ], [ -74.458423, 40.482467 ] ] } },
{ "type": "Feature", "properties": { "id": "11660290-302", "name": "Rutgers Street", "class": "residential", "is_priority": false }, "geometry": { "type": "LineString", "coordinates": [ [ -74.458423, 40.482467 ], [ -74.458443, 40.482479 ] ] } },
{ "type": "Feature", "properties": { "id": "11660350-303", "name": "Llewellyn Place", "class": "residential", "is_priority": false }, "geometry": { "type": "LineString", "coordinates": [ [ -74.45404, 40.483787 ], [ -74.455878, 40.484917 ] ] } },
{ "type": "Feature", "properties": { "id": "11660350-304", "name": "Llewellyn Place", "class": "residential", "is_priority": false }, "geometry": { "type": "LineString", "coordinates": [ [ -74.455878, 40.484917 ], [ -74.455885, 40.484922 ] ] } },
{ "type": "Feature", "properties": { "id": "11660390-305", "name": "Tailer Square", "class": "residential", "is_priority": false }, "geometry": { "type": "LineString", "coordinates": [ [ -74.463613, 40.483855 ], [ -74.463763, 40.4839 ], [ -74.463871, 40.483899 ], [ -74.463974, 40.483873 ], [ -74.464084, 40.483803 ], [ -74.464137, 40.483731 ], [ -74.464158, 40.483622 ], [ -74.464041, 40.483487 ] ] } },
{ "type": "Feature", "properties": { "id": "11660435-306", "name": "Cliffe Street", "class": "residential", "is_priority": false }, "geometry": { "type": "LineString", "coordinates": [ [ -74.444657, 40.476602 ], [ -74.44457, 40.476645 ], [ -74.444255, 40.476965 ] ] } },
{ "type": "Feature", "properties": { "id": "11660454-307", "name": "Adams Place", "class": "residential", "is_priority": false }, "geometry": { "type": "LineString", "coordinates": [ [ -74.480395, 40.482044 ], [ -74.480905, 40.481743 ] ] } },
{ "type": "Feature", "properties": { "id": "11660560-308", "name": "Church Street", "class": "residential", "is_priority": false }, "geometry": { "type": "LineString", "coordinates": [ [ -74.397702, 40.499479 ], [ -74.397883, 40.500575 ] ] } },
{ "type": "Feature", "properties": { "id": "11660561-309", "name": "Church Street", "class": "residential", "is_priority": false }, "geometry": { "type": "LineString", "coordinates": [ [ -74.442264, 40.496208 ], [ -74.44411, 40.495953 ] ] } },
{ "type": "Feature", "properties": { "id": "11660581-310", "name": "Meeker Avenue", "class": "residential", "is_priority": false }, "geometry": { "type": "LineString", "coordinates": [ [ -74.40487, 40.500634 ], [ -74.40487, 40.499566 ] ] } },
{ "type": "Feature", "properties": { "id": "11660603-311", "name": "Columbus Avenue", "class": "residential", "is_priority": false }, "geometry": { "type": "LineString", "coordinates": [ [ -74.400042, 40.499014 ], [ -74.399835, 40.49722 ] ] } },
{ "type": "Feature", "properties": { "id": "11660603-312", "name": "Columbus Avenue", "class": "residential", "is_priority": false }, "geometry": { "type": "LineString", "coordinates": [ [ -74.399835, 40.49722 ], [ -74.399651, 40.495596 ] ] } },
{ "type": "Feature", "properties": { "id": "11660649-313", "name": "Roberts Road", "class": "residential", "is_priority": false }, "geometry": { "type": "LineString", "coordinates": [ [ -74.401462, 40.486578 ], [ -74.401445, 40.486795 ], [ -74.40142, 40.486907 ], [ -74.401374, 40.487002 ], [ -74.401298, 40.48708 ], [ -74.401194, 40.487142 ], [ -74.40107, 40.487184 ], [ -74.400934, 40.487201 ], [ -74.400771, 40.487184 ], [ -74.400461, 40.487102 ], [ -74.40007, 40.486934 ], [ -74.399809, 40.486794 ] ] } },
{ "type": "Feature", "properties": { "id": "11660649-314", "name": "Roberts Road", "class": "residential", "is_priority": false }, "geometry": { "type": "LineString", "coordinates": [ [ -74.399809, 40.486794 ], [ -74.399733, 40.48675 ] ] } },
{ "type": "Feature", "properties": { "id": "11660662-315", "name": "Antile Road", "class": "residential", "is_priority": false }, "geometry": { "type": "LineString", "coordinates": [ [ -74.413328, 40.485884 ], [ -74.413678, 40.486157 ] ] } },
{ "type": "Feature", "properties": { "id": "11660684-316", "name": "Division Street", "class": "residential", "is_priority": false }, "geometry": { "type": "LineString", "coordinates": [ [ -74.450785, 40.495696 ], [ -74.452119, 40.497183 ] ] } },
{ "type": "Feature", "properties": { "id": "11660684-317", "name": "Division Street", "class": "residential", "is_priority": false }, "geometry": { "type": "LineString", "coordinates": [ [ -74.452119, 40.497183 ], [ -74.452476, 40.497581 ] ] } },
{ "type": "Feature", "properties": { "id": "11660715-318", "name": "Now Street", "class": "residential", "is_priority": false }, "geometry": { "type": "LineString", "coordinates": [ [ -74.394816, 40.500283 ], [ -74.394145, 40.500228 ] ] } },
{ "type": "Feature", "properties": { "id": "11660724-319", "name": "Janine Place", "class": "residential", "is_priority": false }, "geometry": { "type": "LineString", "coordinates": [ [ -74.478696, 40.474352 ], [ -74.477604, 40.473718 ] ] } },
{ "type": "Feature", "properties": { "id": "11660790-320", "name": "Airport Road", "class": "residential", "is_priority": false }, "geometry": { "type": "LineString", "coordinates": [ [ -74.480912, 40.465542 ], [ -74.482329, 40.466343 ], [ -74.48279, 40.466632 ] ] } },
{ "type": "Feature", "properties": { "id": "11660790-321", "name": "Airport Road", "class": "residential", "is_priority": false }, "geometry": { "type": "LineString", "coordinates": [ [ -74.48279, 40.466632 ], [ -74.48464, 40.46775 ] ] } },
{ "type": "Feature", "properties": { "id": "11660790-322", "name": "Airport Road", "class": "residential", "is_priority": false }, "geometry": { "type": "LineString", "coordinates": [ [ -74.48464, 40.46775 ], [ -74.485401, 40.468193 ] ] } },
{ "type": "Feature", "properties": { "id": "11660796-323", "name": "Trinity Street", "class": "residential", "is_priority": false }, "geometry": { "type": "LineString", "coordinates": [ [ -74.458649, 40.476784 ], [ -74.457032, 40.475812 ] ] } },
{ "type": "Feature", "properties": { "id": "11660896-324", "name": "Elmer Place", "class": "residential", "is_priority": false }, "geometry": { "type": "LineString", "coordinates": [ [ -74.465179, 40.473349 ], [ -74.463872, 40.472998 ] ] } },
{ "type": "Feature", "properties": { "id": "11660960-325", "name": "Livingston Avenue", "class": "tertiary", "is_priority": false }, "geometry": { "type": "LineString", "coordinates": [ [ -74.443577, 40.493658 ], [ -74.443685, 40.493646 ], [ -74.443752, 40.493605 ], [ -74.444968, 40.492453 ] ] } },
{ "type": "Feature", "properties": { "id": "11661028-326", "name": "Harper Place", "class": "residential", "is_priority": false }, "geometry": { "type": "LineString", "coordinates": [ [ -74.426531, 40.495499 ], [ -74.424273, 40.496021 ] ] } },
{ "type": "Feature", "properties": { "id": "11661028-327", "name": "Harper Place", "class": "residential", "is_priority": false }, "geometry": { "type": "LineString", "coordinates": [ [ -74.424273, 40.496021 ], [ -74.424145, 40.496051 ] ] } },
{ "type": "Feature", "properties": { "id": "11661037-328", "name": "Ward Street", "class": "residential", "is_priority": false }, "geometry": { "type": "LineString", "coordinates": [ [ -74.451393, 40.481265 ], [ -74.45323, 40.482395 ] ] } },
{ "type": "Feature", "properties": { "id": "11661037-329", "name": "Ward Street", "class": "residential", "is_priority": false }, "geometry": { "type": "LineString", "coordinates": [ [ -74.45323, 40.482395 ], [ -74.455076, 40.483517 ] ] } },
{ "type": "Feature", "properties": { "id": "11661037-330", "name": "Ward Street", "class": "residential", "is_priority": false }, "geometry": { "type": "LineString", "coordinates": [ [ -74.455076, 40.483517 ], [ -74.456468, 40.48436 ] ] } },
{ "type": "Feature", "properties": { "id": "11661060-331", "name": "Columbia Street", "class": "residential", "is_priority": false }, "geometry": { "type": "LineString", "coordinates": [ [ -74.414214, 40.50258 ], [ -74.414361, 40.501342 ] ] } },
{ "type": "Feature", "properties": { "id": "11661085-332", "name": "Phelps Avenue", "class": "residential", "is_priority": false }, "geometry": { "type": "LineString", "coordinates": [ [ -74.426055, 40.485414 ], [ -74.425497, 40.485353 ], [ -74.425434, 40.485325 ], [ -74.425419, 40.485299 ], [ -74.425736, 40.484037 ] ] } },
{ "type": "Feature", "properties": { "id": "11661085-333", "name": "Phelps Avenue", "class": "residential", "is_priority": false }, "geometry": { "type": "LineString", "coordinates": [ [ -74.425736, 40.484037 ], [ -74.425739, 40.483672 ], [ -74.425712, 40.483224 ], [ -74.425726, 40.483084 ], [ -74.42591, 40.482248 ] ] } },
{ "type": "Feature", "properties": { "id": "11661085-334", "name": "Phelps Avenue", "class": "residential", "is_priority": false }, "geometry": { "type": "LineString", "coordinates": [ [ -74.42591, 40.482248 ], [ -74.426007, 40.481744 ], [ -74.425966, 40.481475 ], [ -74.425979, 40.481334 ], [ -74.426136, 40.480634 ] ] } },
{ "type": "Feature", "properties": { "id": "11661151-335", "name": "Joseph Street", "class": "residential", "is_priority": false }, "geometry": { "type": "LineString", "coordinates": [ [ -74.489466, 40.469602 ], [ -74.489956, 40.46912 ], [ -74.490963, 40.46821 ] ] } },
{ "type": "Feature", "properties": { "id": "11661151-336", "name": "Joseph Street", "class": "residential", "is_priority": false }, "geometry": { "type": "LineString", "coordinates": [ [ -74.490963, 40.46821 ], [ -74.491163, 40.468029 ], [ -74.492752, 40.467041 ] ] } },
{ "type": "Feature", "properties": { "id": "11661151-337", "name": "Joseph Street", "class": "residential", "is_priority": false }, "geometry": { "type": "LineString", "coordinates": [ [ -74.492752, 40.467041 ], [ -74.493871, 40.466345 ] ] } },
{ "type": "Feature", "properties": { "id": "11661234-338", "name": "Raymond Street", "class": "residential", "is_priority": false }, "geometry": { "type": "LineString", "coordinates": [ [ -74.412326, 40.497717 ], [ -74.411489, 40.497666 ] ] } },
{ "type": "Feature", "properties": { "id": "11661247-339", "name": "Spring Street", "class": "residential", "is_priority": false }, "geometry": { "type": "LineString", "coordinates": [ [ -74.445398, 40.495787 ], [ -74.445336, 40.495633 ], [ -74.445245, 40.495234 ] ] } },
{ "type": "Feature", "properties": { "id": "11661310-340", "name": "1st Avenue", "class": "residential", "is_priority": false }, "geometry": { "type": "LineString", "coordinates": [ [ -74.446473, 40.468949 ], [ -74.448171, 40.4702 ] ] } },
{ "type": "Feature", "properties": { "id": "11661310-341", "name": "1st Avenue", "class": "residential", "is_priority": false }, "geometry": { "type": "LineString", "coordinates": [ [ -74.448171, 40.4702 ], [ -74.449154, 40.470947 ], [ -74.449873, 40.471447 ] ] } },
{ "type": "Feature", "properties": { "id": "11661504-342", "name": "Laurel Place", "class": "residential", "is_priority": false }, "geometry": { "type": "LineString", "coordinates": [ [ -74.452828, 40.468209 ], [ -74.454687, 40.469318 ] ] } },
{ "type": "Feature", "properties": { "id": "11661504-343", "name": "Laurel Place", "class": "residential", "is_priority": false }, "geometry": { "type": "LineString", "coordinates": [ [ -74.454687, 40.469318 ], [ -74.455145, 40.469584 ], [ -74.455303, 40.469623 ], [ -74.456461, 40.46968 ], [ -74.456918, 40.469689 ] ] } },
{ "type": "Feature", "properties": { "id": "11661504-344", "name": "Laurel Place", "class": "residential", "is_priority": false }, "geometry": { "type": "LineString", "coordinates": [ [ -74.456918, 40.469689 ], [ -74.45787, 40.469625 ] ] } },
{ "type": "Feature", "properties": { "id": "11661506-345", "name": "Laurel Place", "class": "residential", "is_priority": false }, "geometry": { "type": "LineString", "coordinates": [ [ -74.458408, 40.491773 ], [ -74.458936, 40.492374 ], [ -74.458949, 40.492412 ], [ -74.458854, 40.493448 ] ] } },
{ "type": "Feature", "properties": { "id": "11661506-346", "name": "Laurel Place", "class": "residential", "is_priority": false }, "geometry": { "type": "LineString", "coordinates": [ [ -74.458854, 40.493448 ], [ -74.458843, 40.493555 ] ] } },
{ "type": "Feature", "properties": { "id": "11661641-347", "name": "Oak Street", "class": "residential", "is_priority": false }, "geometry": { "type": "LineString", "coordinates": [ [ -74.457631, 40.492176 ], [ -74.458843, 40.493555 ] ] } },
{ "type": "Feature", "properties": { "id": "11661682-348", "name": "Ryders Lane", "class": "secondary", "is_priority": false }, "geometry": { "type": "LineString", "coordinates": [ [ -74.428597, 40.480749 ], [ -74.428429, 40.480543 ], [ -74.428254, 40.480238 ], [ -74.428185, 40.480042 ], [ -74.42797, 40.479033 ] ] } },
{ "type": "Feature", "properties": { "id": "11661682-349", "name": "Ryders Lane", "class": "secondary", "is_priority": false }, "geometry": { "type": "LineString", "coordinates": [ [ -74.42797, 40.479033 ], [ -74.427899, 40.478699 ], [ -74.427885, 40.478461 ], [ -74.427844, 40.478238 ] ] } },
{ "type": "Feature", "properties": { "id": "11661714-350", "name": "North Riverview Avenue", "class": "residential", "is_priority": false }, "geometry": { "type": "LineString", "coordinates": [ [ -74.410199, 40.502113 ], [ -74.410057, 40.501068 ] ] } },
{ "type": "Feature", "properties": { "id": "11661756-351", "name": "Hazelhurst Street", "class": "residential", "is_priority": false }, "geometry": { "type": "LineString", "coordinates": [ [ -74.447151, 40.478065 ], [ -74.445298, 40.47695 ] ] } },
{ "type": "Feature", "properties": { "id": "11661756-352", "name": "Hazelhurst Street", "class": "residential", "is_priority": false }, "geometry": { "type": "LineString", "coordinates": [ [ -74.445298, 40.47695 ], [ -74.444779, 40.476643 ], [ -74.444692, 40.476603 ], [ -74.444657, 40.476602 ] ] } },
{ "type": "Feature", "properties": { "id": "11661763-353", "name": "Richmond Street", "class": "residential", "is_priority": false }, "geometry": { "type": "LineString", "coordinates": [ [ -74.440203, 40.494124 ], [ -74.440792, 40.494006 ], [ -74.441616, 40.493805 ] ] } },
{ "type": "Feature", "properties": { "id": "11661816-354", "name": "George Street", "class": "tertiary", "is_priority": false }, "geometry": { "type": "LineString", "coordinates": [ [ -74.434856, 40.484113 ], [ -74.435969, 40.484801 ], [ -74.436724, 40.485212 ] ] } },
{ "type": "Feature", "properties": { "id": "11661816-355", "name": "George Street", "class": "tertiary", "is_priority": false }, "geometry": { "type": "LineString", "coordinates": [ [ -74.436724, 40.485212 ], [ -74.436921, 40.485321 ] ] } },
{ "type": "Feature", "properties": { "id": "11661925-356", "name": "Gracey Street", "class": "residential", "is_priority": false }, "geometry": { "type": "LineString", "coordinates": [ [ -74.408527, 40.498159 ], [ -74.406592, 40.498022 ], [ -74.406175, 40.498032 ] ] } },
{ "type": "Feature", "properties": { "id": "11661925-357", "name": "Gracey Street", "class": "residential", "is_priority": false }, "geometry": { "type": "LineString", "coordinates": [ [ -74.406175, 40.498032 ], [ -74.405776, 40.498042 ] ] } },
{ "type": "Feature", "properties": { "id": "11661932-358", "name": "Exeter Street", "class": "residential", "is_priority": false }, "geometry": { "type": "LineString", "coordinates": [ [ -74.412388, 40.502726 ], [ -74.412564, 40.501217 ] ] } },
{ "type": "Feature", "properties": { "id": "11661979-359", "name": "Mitchell Avenue", "class": "residential", "is_priority": false }, "geometry": { "type": "LineString", "coordinates": [ [ -74.464071, 40.483814 ], [ -74.465445, 40.484648 ] ] } },
{ "type": "Feature", "properties": { "id": "11661983-360", "name": "Mitchell Avenue", "class": "residential", "is_priority": false }, "geometry": { "type": "LineString", "coordinates": [ [ -74.398803, 40.479349 ], [ -74.398868, 40.477548 ] ] } },
{ "type": "Feature", "properties": { "id": "11661983-361", "name": "Mitchell Avenue", "class": "residential", "is_priority": false }, "geometry": { "type": "LineString", "coordinates": [ [ -74.398868, 40.477548 ], [ -74.398929, 40.475747 ] ] } },
{ "type": "Feature", "properties": { "id": "11661983-362", "name": "Mitchell Avenue", "class": "residential", "is_priority": false }, "geometry": { "type": "LineString", "coordinates": [ [ -74.398929, 40.475747 ], [ -74.398956, 40.473945 ] ] } },
{ "type": "Feature", "properties": { "id": "11661983-363", "name": "Mitchell Avenue", "class": "residential", "is_priority": false }, "geometry": { "type": "LineString", "coordinates": [ [ -74.398956, 40.473945 ], [ -74.398999, 40.472144 ] ] } },
{ "type": "Feature", "properties": { "id": "11661983-364", "name": "Mitchell Avenue", "class": "residential", "is_priority": false }, "geometry": { "type": "LineString", "coordinates": [ [ -74.398999, 40.472144 ], [ -74.399034, 40.470931 ] ] } },
{ "type": "Feature", "properties": { "id": "11661986-365", "name": "", "class": "trunk_link", "is_priority": false }, "geometry": { "type": "LineString", "coordinates": [ [ -74.409124, 40.498629 ], [ -74.408657, 40.498808 ], [ -74.408491, 40.498844 ], [ -74.407809, 40.498906 ], [ -74.407257, 40.498914 ], [ -74.406831, 40.498895 ] ] } },
{ "type": "Feature", "properties": { "id": "11661986-366", "name": "", "class": "trunk_link", "is_priority": false }, "geometry": { "type": "LineString", "coordinates": [ [ -74.406831, 40.498895 ], [ -74.406559, 40.498881 ], [ -74.406318, 40.498893 ], [ -74.406032, 40.498972 ], [ -74.405595, 40.499181 ] ] } },
{ "type": "Feature", "properties": { "id": "11662002-367", "name": "Quentin Avenue", "class": "residential", "is_priority": false }, "geometry": { "type": "LineString", "coordinates": [ [ -74.464158, 40.483622 ], [ -74.464871, 40.483668 ], [ -74.465227, 40.483731 ], [ -74.465444, 40.483799 ], [ -74.466275, 40.48428 ] ] } },
{ "type": "Feature", "properties": { "id": "11662002-368", "name": "Quentin Avenue", "class": "residential", "is_priority": false }, "geometry": { "type": "LineString", "coordinates": [ [ -74.466275, 40.48428 ], [ -74.468123, 40.485401 ] ] } },
{ "type": "Feature", "properties": { "id": "11662002-369", "name": "Quentin Avenue", "class": "residential", "is_priority": false }, "geometry": { "type": "LineString", "coordinates": [ [ -74.468123, 40.485401 ], [ -74.468147, 40.485415 ] ] } },
{ "type": "Feature", "properties": { "id": "11662036-370", "name": "Remsen Avenue", "class": "residential", "is_priority": false }, "geometry": { "type": "LineString", "coordinates": [ [ -74.44226, 40.489879 ], [ -74.442449, 40.489774 ], [ -74.442765, 40.489535 ], [ -74.443806, 40.488527 ] ] } },
{ "type": "Feature", "properties": { "id": "11662036-371", "name": "Remsen Avenue", "class": "residential", "is_priority": false }, "geometry": { "type": "LineString", "coordinates": [ [ -74.443806, 40.488527 ], [ -74.44432, 40.488054 ], [ -74.445272, 40.487116 ] ] } },
{ "type": "Feature", "properties": { "id": "11662036-372", "name": "Remsen Avenue", "class": "residential", "is_priority": false }, "geometry": { "type": "LineString", "coordinates": [ [ -74.445272, 40.487116 ], [ -74.446742, 40.485706 ] ] } },
{ "type": "Feature", "properties": { "id": "11662036-373", "name": "Remsen Avenue", "class": "residential", "is_priority": false }, "geometry": { "type": "LineString", "coordinates": [ [ -74.446742, 40.485706 ], [ -74.448218, 40.484301 ] ] } },
{ "type": "Feature", "properties": { "id": "11662036-374", "name": "Remsen Avenue", "class": "residential", "is_priority": false }, "geometry": { "type": "LineString", "coordinates": [ [ -74.448218, 40.484301 ], [ -74.448448, 40.484081 ] ] } },
{ "type": "Feature", "properties": { "id": "11662092-375", "name": "5th Street", "class": "residential", "is_priority": false }, "geometry": { "type": "LineString", "coordinates": [ [ -74.463336, 40.474864 ], [ -74.465201, 40.475968 ] ] } },
{ "type": "Feature", "properties": { "id": "11662092-376", "name": "5th Street", "class": "residential", "is_priority": false }, "geometry": { "type": "LineString", "coordinates": [ [ -74.465201, 40.475968 ], [ -74.465232, 40.475986 ] ] } },
{ "type": "Feature", "properties": { "id": "11662118-377", "name": "Bishop Street", "class": "residential", "is_priority": false }, "geometry": { "type": "LineString", "coordinates": [ [ -74.439018, 40.486475 ], [ -74.43807, 40.487638 ] ] } },
{ "type": "Feature", "properties": { "id": "11662223-378", "name": "Stockton Road", "class": "residential", "is_priority": false }, "geometry": { "type": "LineString", "coordinates": [ [ -74.405019, 40.484828 ], [ -74.40373, 40.485482 ], [ -74.403632, 40.485512 ], [ -74.402945, 40.485637 ] ] } },
{ "type": "Feature", "properties": { "id": "11662223-379", "name": "Stockton Road", "class": "residential", "is_priority": false }, "geometry": { "type": "LineString", "coordinates": [ [ -74.402945, 40.485637 ], [ -74.401948, 40.485817 ], [ -74.401809, 40.485829 ], [ -74.401545, 40.485795 ], [ -74.401411, 40.485746 ], [ -74.401042, 40.485529 ] ] } },
{ "type": "Feature", "properties": { "id": "11662281-380", "name": "Wright Place", "class": "residential", "is_priority": false }, "geometry": { "type": "LineString", "coordinates": [ [ -74.468147, 40.485415 ], [ -74.469016, 40.484589 ], [ -74.46936, 40.484239 ], [ -74.469505, 40.484169 ], [ -74.469589, 40.484154 ], [ -74.469728, 40.484158 ] ] } },
{ "type": "Feature", "properties": { "id": "11662281-381", "name": "Wright Place", "class": "residential", "is_priority": false }, "geometry": { "type": "LineString", "coordinates": [ [ -74.469728, 40.484158 ], [ -74.470321, 40.484333 ], [ -74.470477, 40.484371 ], [ -74.470599, 40.484375 ], [ -74.470947, 40.484309 ], [ -74.4719, 40.483925 ] ] } },
{ "type": "Feature", "properties": { "id": "11662281-382", "name": "Wright Place", "class": "residential", "is_priority": false }, "geometry": { "type": "LineString", "coordinates": [ [ -74.4719, 40.483925 ], [ -74.472319, 40.483759 ], [ -74.472425, 40.483739 ], [ -74.472655, 40.483733 ], [ -74.47285, 40.483801 ], [ -74.472978, 40.483869 ], [ -74.47319, 40.484162 ] ] } },
{ "type": "Feature", "properties": { "id": "11662283-383", "name": "Wright Place", "class": "residential", "is_priority": false }, "geometry": { "type": "LineString", "coordinates": [ [ -74.472978, 40.483869 ], [ -74.473327, 40.483575 ], [ -74.473593, 40.483304 ] ] } },
{ "type": "Feature", "properties": { "id": "11662291-384", "name": "Chester Circle", "class": "residential", "is_priority": false }, "geometry": { "type": "LineString", "coordinates": [ [ -74.419822, 40.486309 ], [ -74.418792, 40.48577 ], [ -74.418594, 40.485719 ], [ -74.418513, 40.485746 ], [ -74.418053, 40.486255 ] ] } },
{ "type": "Feature", "properties": { "id": "11662291-385", "name": "Chester Circle", "class": "residential", "is_priority": false }, "geometry": { "type": "LineString", "coordinates": [ [ -74.418053, 40.486255 ], [ -74.41801, 40.486302 ], [ -74.418017, 40.48642 ], [ -74.418187, 40.48699 ], [ -74.418243, 40.487051 ], [ -74.418854, 40.487223 ], [ -74.418906, 40.487227 ], [ -74.418953, 40.487219 ], [ -74.419363, 40.486983 ] ] } },
{ "type": "Feature", "properties": { "id": "11662291-386", "name": "Chester Circle", "class": "residential", "is_priority": false }, "geometry": { "type": "LineString", "coordinates": [ [ -74.419363, 40.486983 ], [ -74.419787, 40.486742 ], [ -74.419819, 40.486658 ], [ -74.419822, 40.486309 ] ] } },
{ "type": "Feature", "properties": { "id": "11662381-387", "name": "Taylor Drive", "class": "residential", "is_priority": false }, "geometry": { "type": "LineString", "coordinates": [ [ -74.423339, 40.484771 ], [ -74.423584, 40.4848 ], [ -74.423926, 40.484896 ], [ -74.423996, 40.4849 ] ] } },
{ "type": "Feature", "properties": { "id": "11662410-388", "name": "Sicard Street", "class": "residential", "is_priority": false }, "geometry": { "type": "LineString", "coordinates": [ [ -74.452051, 40.50076 ], [ -74.452628, 40.501344 ], [ -74.453495, 40.502185 ] ] } },
{ "type": "Feature", "properties": { "id": "11662410-389", "name": "Sicard Street", "class": "residential", "is_priority": false }, "geometry": { "type": "LineString", "coordinates": [ [ -74.453495, 40.502185 ], [ -74.454923, 40.503604 ] ] } },
{ "type": "Feature", "properties": { "id": "11662429-390", "name": "Oakland Avenue", "class": "residential", "is_priority": false }, "geometry": { "type": "LineString", "coordinates": [ [ -74.404784, 40.501555 ], [ -74.404819, 40.501843 ] ] } },
{ "type": "Feature", "properties": { "id": "11662441-391", "name": "L'Ambiance Court", "class": "residential", "is_priority": false }, "geometry": { "type": "LineString", "coordinates": [ [ -74.437018, 40.505 ], [ -74.437133, 40.505093 ], [ -74.437159, 40.505145 ], [ -74.437155, 40.50519 ], [ -74.437129, 40.505223 ], [ -74.437029, 40.505253 ], [ -74.436977, 40.505245 ], [ -74.436933, 40.505218 ], [ -74.436904, 40.505133 ], [ -74.436932, 40.505059 ], [ -74.437018, 40.505 ] ] } },
{ "type": "Feature", "properties": { "id": "11662441-392", "name": "L'Ambiance Court", "class": "residential", "is_priority": false }, "geometry": { "type": "LineString", "coordinates": [ [ -74.437018, 40.505 ], [ -74.437826, 40.504456 ], [ -74.43888, 40.503897 ] ] } },
{ "type": "Feature", "properties": { "id": "11662441-393", "name": "L'Ambiance Court", "class": "residential", "is_priority": false }, "geometry": { "type": "LineString", "coordinates": [ [ -74.43888, 40.503897 ], [ -74.439444, 40.503598 ], [ -74.439664, 40.503545 ] ] } },
{ "type": "Feature", "properties": { "id": "11662510-394", "name": "Seaman Street", "class": "residential", "is_priority": false }, "geometry": { "type": "LineString", "coordinates": [ [ -74.439284, 40.483085 ], [ -74.441115, 40.484222 ] ] } },
{ "type": "Feature", "properties": { "id": "11662510-395", "name": "Seaman Street", "class": "residential", "is_priority": false }, "geometry": { "type": "LineString", "coordinates": [ [ -74.441115, 40.484222 ], [ -74.442977, 40.485329 ] ] } },
{ "type": "Feature", "properties": { "id": "11662510-396", "name": "Seaman Street", "class": "residential", "is_priority": false }, "geometry": { "type": "LineString", "coordinates": [ [ -74.442977, 40.485329 ], [ -74.444823, 40.486451 ] ] } },
{ "type": "Feature", "properties": { "id": "11662510-397", "name": "Seaman Street", "class": "residential", "is_priority": false }, "geometry": { "type": "LineString", "coordinates": [ [ -74.444823, 40.486451 ], [ -74.446661, 40.48758 ] ] } },
{ "type": "Feature", "properties": { "id": "11662510-398", "name": "Seaman Street", "class": "residential", "is_priority": false }, "geometry": { "type": "LineString", "coordinates": [ [ -74.446661, 40.48758 ], [ -74.4485, 40.488709 ] ] } },
{ "type": "Feature", "properties": { "id": "11662510-399", "name": "Seaman Street", "class": "residential", "is_priority": false }, "geometry": { "type": "LineString", "coordinates": [ [ -74.4485, 40.488709 ], [ -74.448736, 40.488854 ] ] } },
{ "type": "Feature", "properties": { "id": "11662511-400", "name": "Seaman Street", "class": "residential", "is_priority": false }, "geometry": { "type": "LineString", "coordinates": [ [ -74.452459, 40.49112 ], [ -74.453902, 40.492002 ] ] } },
{ "type": "Feature", "properties": { "id": "11662546-401", "name": "Westminster Place", "class": "residential", "is_priority": false }, "geometry": { "type": "LineString", "coordinates": [ [ -74.402457, 40.496347 ], [ -74.402632, 40.497882 ], [ -74.402658, 40.497995 ], [ -74.402645, 40.498098 ], [ -74.402603, 40.498126 ] ] } },
{ "type": "Feature", "properties": { "id": "11662546-402", "name": "Westminster Place", "class": "residential", "is_priority": false }, "geometry": { "type": "LineString", "coordinates": [ [ -74.402603, 40.498126 ], [ -74.402537, 40.498169 ], [ -74.402376, 40.4982 ], [ -74.401704, 40.498179 ], [ -74.400862, 40.498229 ] ] } },
{ "type": "Feature", "properties": { "id": "11662630-403", "name": "Jersey Avenue", "class": "tertiary", "is_priority": false }, "geometry": { "type": "LineString", "coordinates": [ [ -74.456337, 40.48983 ], [ -74.457558, 40.488671 ] ] } },
{ "type": "Feature", "properties": { "id": "11662636-404", "name": "6th Avenue", "class": "residential", "is_priority": false }, "geometry": { "type": "LineString", "coordinates": [ [ -74.422497, 40.49935 ], [ -74.421485, 40.497722 ] ] } },
{ "type": "Feature", "properties": { "id": "11662636-405", "name": "6th Avenue", "class": "residential", "is_priority": false }, "geometry": { "type": "LineString", "coordinates": [ [ -74.421485, 40.497722 ], [ -74.420732, 40.496532 ] ] } },
{ "type": "Feature", "properties": { "id": "11662730-406", "name": "Powers Street", "class": "residential", "is_priority": false }, "geometry": { "type": "LineString", "coordinates": [ [ -74.449619, 40.482943 ], [ -74.451468, 40.484062 ] ] } },
{ "type": "Feature", "properties": { "id": "11662730-407", "name": "Powers Street", "class": "residential", "is_priority": false }, "geometry": { "type": "LineString", "coordinates": [ [ -74.451468, 40.484062 ], [ -74.453321, 40.485178 ] ] } },
{ "type": "Feature", "properties": { "id": "11662730-408", "name": "Powers Street", "class": "residential", "is_priority": false }, "geometry": { "type": "LineString", "coordinates": [ [ -74.453321, 40.485178 ], [ -74.455164, 40.486303 ] ] } },
{ "type": "Feature", "properties": { "id": "11662730-409", "name": "Powers Street", "class": "residential", "is_priority": false }, "geometry": { "type": "LineString", "coordinates": [ [ -74.455164, 40.486303 ], [ -74.456363, 40.487041 ] ] } },
{ "type": "Feature", "properties": { "id": "11662732-410", "name": "Powers Street", "class": "residential", "is_priority": false }, "geometry": { "type": "LineString", "coordinates": [ [ -74.445167, 40.480165 ], [ -74.446449, 40.480999 ], [ -74.446977, 40.481321 ] ] } },
{ "type": "Feature", "properties": { "id": "11662732-411", "name": "Powers Street", "class": "residential", "is_priority": false }, "geometry": { "type": "LineString", "coordinates": [ [ -74.446977, 40.481321 ], [ -74.447757, 40.481795 ] ] } },
{ "type": "Feature", "properties": { "id": "11662774-412", "name": "Wilson Street", "class": "residential", "is_priority": false }, "geometry": { "type": "LineString", "coordinates": [ [ -74.447392, 40.474869 ], [ -74.448113, 40.473154 ] ] } },
{ "type": "Feature", "properties": { "id": "11662774-413", "name": "Wilson Street", "class": "residential", "is_priority": false }, "geometry": { "type": "LineString", "coordinates": [ [ -74.448113, 40.473154 ], [ -74.448467, 40.472312 ] ] } },
{ "type": "Feature", "properties": { "id": "11662798-414", "name": "Crest Road", "class": "residential", "is_priority": false }, "geometry": { "type": "LineString", "coordinates": [ [ -74.420814, 40.484622 ], [ -74.420868, 40.484443 ], [ -74.420909, 40.484371 ], [ -74.421417, 40.483642 ], [ -74.421558, 40.483499 ], [ -74.421731, 40.483392 ] ] } },
{ "type": "Feature", "properties": { "id": "11662862-415", "name": "Russell Avenue", "class": "residential", "is_priority": false }, "geometry": { "type": "LineString", "coordinates": [ [ -74.400552, 40.500418 ], [ -74.400583, 40.500747 ] ] } },
{ "type": "Feature", "properties": { "id": "11663130-416", "name": "Elm Street", "class": "residential", "is_priority": false }, "geometry": { "type": "LineString", "coordinates": [ [ -74.395654, 40.499052 ], [ -74.393296, 40.498968 ] ] } },
{ "type": "Feature", "properties": { "id": "11663130-417", "name": "Elm Street", "class": "residential", "is_priority": false }, "geometry": { "type": "LineString", "coordinates": [ [ -74.393296, 40.498968 ], [ -74.392781, 40.498946 ], [ -74.391847, 40.499327 ] ] } },
{ "type": "Feature", "properties": { "id": "11663150-418", "name": "Comstock Street", "class": "residential", "is_priority": false }, "geometry": { "type": "LineString", "coordinates": [ [ -74.441613, 40.480852 ], [ -74.443454, 40.481979 ] ] } },
{ "type": "Feature", "properties": { "id": "11663150-419", "name": "Comstock Street", "class": "residential", "is_priority": false }, "geometry": { "type": "LineString", "coordinates": [ [ -74.443454, 40.481979 ], [ -74.445294, 40.483107 ] ] } },
{ "type": "Feature", "properties": { "id": "11663150-420", "name": "Comstock Street", "class": "residential", "is_priority": false }, "geometry": { "type": "LineString", "coordinates": [ [ -74.445294, 40.483107 ], [ -74.447136, 40.484233 ] ] } },
{ "type": "Feature", "properties": { "id": "11663150-421", "name": "Comstock Street", "class": "residential", "is_priority": false }, "geometry": { "type": "LineString", "coordinates": [ [ -74.447136, 40.484233 ], [ -74.448984, 40.485354 ] ] } },
{ "type": "Feature", "properties": { "id": "11663150-422", "name": "Comstock Street", "class": "residential", "is_priority": false }, "geometry": { "type": "LineString", "coordinates": [ [ -74.448984, 40.485354 ], [ -74.450825, 40.48648 ] ] } },
{ "type": "Feature", "properties": { "id": "11663150-423", "name": "Comstock Street", "class": "residential", "is_priority": false }, "geometry": { "type": "LineString", "coordinates": [ [ -74.450825, 40.48648 ], [ -74.452675, 40.487599 ] ] } },
{ "type": "Feature", "properties": { "id": "11663150-424", "name": "Comstock Street", "class": "residential", "is_priority": false }, "geometry": { "type": "LineString", "coordinates": [ [ -74.452675, 40.487599 ], [ -74.453357, 40.488017 ] ] } },
{ "type": "Feature", "properties": { "id": "11663215-425", "name": "Myra Place", "class": "residential", "is_priority": false }, "geometry": { "type": "LineString", "coordinates": [ [ -74.408332, 40.50093 ], [ -74.408324, 40.501017 ], [ -74.408486, 40.502245 ] ] } },
{ "type": "Feature", "properties": { "id": "11663222-426", "name": "Triangle Road", "class": "residential", "is_priority": false }, "geometry": { "type": "LineString", "coordinates": [ [ -74.474258, 40.474614 ], [ -74.474974, 40.475073 ], [ -74.476033, 40.4758 ] ] } },
{ "type": "Feature", "properties": { "id": "11663222-427", "name": "Triangle Road", "class": "residential", "is_priority": false }, "geometry": { "type": "LineString", "coordinates": [ [ -74.476033, 40.4758 ], [ -74.477789, 40.477004 ] ] } },
{ "type": "Feature", "properties": { "id": "11663222-428", "name": "Triangle Road", "class": "residential", "is_priority": false }, "geometry": { "type": "LineString", "coordinates": [ [ -74.477789, 40.477004 ], [ -74.478739, 40.477654 ] ] } },
{ "type": "Feature", "properties": { "id": "11663287-429", "name": "Chrome Street", "class": "residential", "is_priority": false }, "geometry": { "type": "LineString", "coordinates": [ [ -74.445412, 40.469917 ], [ -74.446931, 40.468538 ] ] } },
{ "type": "Feature", "properties": { "id": "11663287-430", "name": "Chrome Street", "class": "residential", "is_priority": false }, "geometry": { "type": "LineString", "coordinates": [ [ -74.446931, 40.468538 ], [ -74.448436, 40.467157 ] ] } },
{ "type": "Feature", "properties": { "id": "11663445-431", "name": "Duke Street", "class": "residential", "is_priority": false }, "geometry": { "type": "LineString", "coordinates": [ [ -74.457752, 40.498908 ], [ -74.459852, 40.49973 ] ] } },
{ "type": "Feature", "properties": { "id": "11663445-432", "name": "Duke Street", "class": "residential", "is_priority": false }, "geometry": { "type": "LineString", "coordinates": [ [ -74.459852, 40.49973 ], [ -74.460061, 40.499812 ] ] } },
{ "type": "Feature", "properties": { "id": "11663628-433", "name": "Haverford Street", "class": "residential", "is_priority": false }, "geometry": { "type": "LineString", "coordinates": [ [ -74.458942, 40.473123 ], [ -74.459504, 40.473437 ], [ -74.460798, 40.474235 ] ] } },
{ "type": "Feature", "properties": { "id": "11663628-434", "name": "Haverford Street", "class": "residential", "is_priority": false }, "geometry": { "type": "LineString", "coordinates": [ [ -74.460798, 40.474235 ], [ -74.462653, 40.475348 ] ] } },
{ "type": "Feature", "properties": { "id": "11663628-435", "name": "Haverford Street", "class": "residential", "is_priority": false }, "geometry": { "type": "LineString", "coordinates": [ [ -74.462653, 40.475348 ], [ -74.462748, 40.475404 ] ] } },
{ "type": "Feature", "properties": { "id": "11663716-436", "name": "Paulus Boulevard", "class": "residential", "is_priority": false }, "geometry": { "type": "LineString", "coordinates": [ [ -74.420764, 40.485246 ], [ -74.420531, 40.486094 ], [ -74.419822, 40.486309 ] ] } },
{ "type": "Feature", "properties": { "id": "11663717-437", "name": "Paulus Boulevard West", "class": "residential", "is_priority": false }, "geometry": { "type": "LineString", "coordinates": [ [ -74.422421, 40.485712 ], [ -74.422726, 40.485499 ], [ -74.422811, 40.48538 ] ] } },
{ "type": "Feature", "properties": { "id": "11663779-438", "name": "South 5th Avenue", "class": "residential", "is_priority": false }, "geometry": { "type": "LineString", "coordinates": [ [ -74.423762, 40.499563 ], [ -74.422749, 40.497935 ] ] } },
{ "type": "Feature", "properties": { "id": "11663779-439", "name": "South 5th Avenue", "class": "residential", "is_priority": false }, "geometry": { "type": "LineString", "coordinates": [ [ -74.422749, 40.497935 ], [ -74.421752, 40.496337 ] ] } },
{ "type": "Feature", "properties": { "id": "11663845-440", "name": "Coleman Street", "class": "residential", "is_priority": false }, "geometry": { "type": "LineString", "coordinates": [ [ -74.410005, 40.49484 ], [ -74.408508, 40.494709 ] ] } },
{ "type": "Feature", "properties": { "id": "11663846-441", "name": "Coleman Street", "class": "residential", "is_priority": false }, "geometry": { "type": "LineString", "coordinates": [ [ -74.408508, 40.494674 ], [ -74.407469, 40.494632 ] ] } },
{ "type": "Feature", "properties": { "id": "11663855-442", "name": "Huron Road", "class": "residential", "is_priority": false }, "geometry": { "type": "LineString", "coordinates": [ [ -74.484074, 40.460551 ], [ -74.484696, 40.460908 ], [ -74.485717, 40.461456 ], [ -74.485931, 40.461651 ] ] } },
{ "type": "Feature", "properties": { "id": "11663855-443", "name": "Huron Road", "class": "residential", "is_priority": false }, "geometry": { "type": "LineString", "coordinates": [ [ -74.485931, 40.461651 ], [ -74.487407, 40.463056 ] ] } },
{ "type": "Feature", "properties": { "id": "11663855-444", "name": "Huron Road", "class": "residential", "is_priority": false }, "geometry": { "type": "LineString", "coordinates": [ [ -74.487407, 40.463056 ], [ -74.488881, 40.464463 ] ] } },
{ "type": "Feature", "properties": { "id": "11663855-445", "name": "Huron Road", "class": "residential", "is_priority": false }, "geometry": { "type": "LineString", "coordinates": [ [ -74.488881, 40.464463 ], [ -74.48892, 40.464501 ] ] } },
{ "type": "Feature", "properties": { "id": "11663856-446", "name": "Huron Road", "class": "residential", "is_priority": false }, "geometry": { "type": "LineString", "coordinates": [ [ -74.490543, 40.465948 ], [ -74.492045, 40.467337 ] ] } },
{ "type": "Feature", "properties": { "id": "11663856-447", "name": "Huron Road", "class": "residential", "is_priority": false }, "geometry": { "type": "LineString", "coordinates": [ [ -74.492045, 40.467337 ], [ -74.493547, 40.468727 ] ] } },
{ "type": "Feature", "properties": { "id": "11663856-448", "name": "Huron Road", "class": "residential", "is_priority": false }, "geometry": { "type": "LineString", "coordinates": [ [ -74.493547, 40.468727 ], [ -74.494473, 40.469583 ], [ -74.494481, 40.469653 ] ] } },
{ "type": "Feature", "properties": { "id": "11664070-449", "name": "Hill Street", "class": "residential", "is_priority": false }, "geometry": { "type": "LineString", "coordinates": [ [ -74.430685, 40.493053 ], [ -74.428425, 40.493572 ] ] } },
{ "type": "Feature", "properties": { "id": "11664070-450", "name": "Hill Street", "class": "residential", "is_priority": false }, "geometry": { "type": "LineString", "coordinates": [ [ -74.428425, 40.493572 ], [ -74.42834, 40.493592 ] ] } },
{ "type": "Feature", "properties": { "id": "11664079-451", "name": "Lawrence Street", "class": "residential", "is_priority": false }, "geometry": { "type": "LineString", "coordinates": [ [ -74.448803, 40.478764 ], [ -74.449722, 40.47932 ], [ -74.450056, 40.479561 ], [ -74.450131, 40.479638 ], [ -74.450171, 40.479741 ], [ -74.450171, 40.479873 ], [ -74.450144, 40.479996 ], [ -74.450091, 40.480082 ] ] } },
{ "type": "Feature", "properties": { "id": "11664079-452", "name": "Lawrence Street", "class": "residential", "is_priority": false }, "geometry": { "type": "LineString", "coordinates": [ [ -74.450091, 40.480082 ], [ -74.449792, 40.480375 ], [ -74.449764, 40.480481 ], [ -74.449779, 40.480555 ], [ -74.449831, 40.480621 ], [ -74.450025, 40.480747 ] ] } },
{ "type": "Feature", "properties": { "id": "11664087-453", "name": "Lawrence Street", "class": "residential", "is_priority": false }, "geometry": { "type": "LineString", "coordinates": [ [ -74.45704, 40.483805 ], [ -74.455201, 40.482677 ] ] } },
{ "type": "Feature", "properties": { "id": "11664087-454", "name": "Lawrence Street", "class": "residential", "is_priority": false }, "geometry": { "type": "LineString", "coordinates": [ [ -74.455201, 40.482677 ], [ -74.453361, 40.481548 ] ] } },
{ "type": "Feature", "properties": { "id": "11664087-455", "name": "Lawrence Street", "class": "residential", "is_priority": false }, "geometry": { "type": "LineString", "coordinates": [ [ -74.453361, 40.481548 ], [ -74.451965, 40.48071 ] ] } },
{ "type": "Feature", "properties": { "id": "11664088-456", "name": "Lawrence Street", "class": "residential", "is_priority": false }, "geometry": { "type": "LineString", "coordinates": [ [ -74.447332, 40.477878 ], [ -74.448803, 40.478764 ] ] } },
{ "type": "Feature", "properties": { "id": "11664135-457", "name": "Franklin Street", "class": "residential", "is_priority": false }, "geometry": { "type": "LineString", "coordinates": [ [ -74.411468, 40.502738 ], [ -74.411546, 40.502266 ], [ -74.411655, 40.501261 ], [ -74.411651, 40.501159 ] ] } },
{ "type": "Feature", "properties": { "id": "11664141-458", "name": "Langley Place", "class": "residential", "is_priority": false }, "geometry": { "type": "LineString", "coordinates": [ [ -74.466299, 40.486055 ], [ -74.466884, 40.485523 ], [ -74.467415, 40.484974 ] ] } },
{ "type": "Feature", "properties": { "id": "11664288-459", "name": "Village Drive South", "class": "residential", "is_priority": false }, "geometry": { "type": "LineString", "coordinates": [ [ -74.462358, 40.4637 ], [ -74.462382, 40.463641 ], [ -74.462351, 40.463502 ], [ -74.462271, 40.463427 ], [ -74.462065, 40.463317 ] ] } },
{ "type": "Feature", "properties": { "id": "11664331-460", "name": "Village Drive West", "class": "residential", "is_priority": false }, "geometry": { "type": "LineString", "coordinates": [ [ -74.460555, 40.465614 ], [ -74.461935, 40.464153 ] ] } },
{ "type": "Feature", "properties": { "id": "11664331-461", "name": "Village Drive West", "class": "residential", "is_priority": false }, "geometry": { "type": "LineString", "coordinates": [ [ -74.461935, 40.464153 ], [ -74.462358, 40.4637 ] ] } },
{ "type": "Feature", "properties": { "id": "11664396-462", "name": "Joseph Place", "class": "residential", "is_priority": false }, "geometry": { "type": "LineString", "coordinates": [ [ -74.409416, 40.49546 ], [ -74.409347, 40.496145 ] ] } },
{ "type": "Feature", "properties": { "id": "11664403-463", "name": "Ridgewood Avenue", "class": "residential", "is_priority": false }, "geometry": { "type": "LineString", "coordinates": [ [ -74.465669, 40.462332 ], [ -74.467687, 40.463267 ] ] } },
{ "type": "Feature", "properties": { "id": "11664403-464", "name": "Ridgewood Avenue", "class": "residential", "is_priority": false }, "geometry": { "type": "LineString", "coordinates": [ [ -74.467687, 40.463267 ], [ -74.469701, 40.464204 ] ] } },
{ "type": "Feature", "properties": { "id": "11664403-465", "name": "Ridgewood Avenue", "class": "residential", "is_priority": false }, "geometry": { "type": "LineString", "coordinates": [ [ -74.469701, 40.464204 ], [ -74.470515, 40.464667 ], [ -74.471535, 40.465335 ] ] } },
{ "type": "Feature", "properties": { "id": "11664403-466", "name": "Ridgewood Avenue", "class": "residential", "is_priority": false }, "geometry": { "type": "LineString", "coordinates": [ [ -74.471535, 40.465335 ], [ -74.473379, 40.466459 ] ] } },
{ "type": "Feature", "properties": { "id": "11664403-467", "name": "Ridgewood Avenue", "class": "residential", "is_priority": false }, "geometry": { "type": "LineString", "coordinates": [ [ -74.473379, 40.466459 ], [ -74.47343, 40.46649 ] ] } },
{ "type": "Feature", "properties": { "id": "11664473-468", "name": "Summit Place", "class": "residential", "is_priority": false }, "geometry": { "type": "LineString", "coordinates": [ [ -74.426792, 40.496157 ], [ -74.42498, 40.496592 ] ] } },
{ "type": "Feature", "properties": { "id": "11664507-469", "name": "College Farm Road", "class": "residential", "is_priority": false }, "geometry": { "type": "LineString", "coordinates": [ [ -74.436526, 40.480979 ], [ -74.436628, 40.480092 ], [ -74.436697, 40.479287 ] ] } },
{ "type": "Feature", "properties": { "id": "11664537-470", "name": "Curtis Place", "class": "residential", "is_priority": false }, "geometry": { "type": "LineString", "coordinates": [ [ -74.465045, 40.485302 ], [ -74.464905, 40.48522 ], [ -74.464889, 40.485156 ], [ -74.465445, 40.484648 ] ] } },
{ "type": "Feature", "properties": { "id": "11664552-471", "name": "Ryders Lane", "class": "secondary", "is_priority": false }, "geometry": { "type": "LineString", "coordinates": [ [ -74.432503, 40.483572 ], [ -74.432439, 40.483126 ], [ -74.432411, 40.483056 ], [ -74.432363, 40.483009 ], [ -74.432224, 40.482972 ], [ -74.431456, 40.483037 ] ] } },
{ "type": "Feature", "properties": { "id": "11664553-472", "name": "Sylvan Dell Avenue", "class": "residential", "is_priority": false }, "geometry": { "type": "LineString", "coordinates": [ [ -74.40336, 40.495696 ], [ -74.401007, 40.495561 ] ] } },
{ "type": "Feature", "properties": { "id": "11664553-473", "name": "Sylvan Dell Avenue", "class": "residential", "is_priority": false }, "geometry": { "type": "LineString", "coordinates": [ [ -74.401007, 40.495561 ], [ -74.400544, 40.495534 ], [ -74.398655, 40.495661 ] ] } },
{ "type": "Feature", "properties": { "id": "11664553-474", "name": "Sylvan Dell Avenue", "class": "residential", "is_priority": false }, "geometry": { "type": "LineString", "coordinates": [ [ -74.398655, 40.495661 ], [ -74.397465, 40.495739 ] ] } },
{ "type": "Feature", "properties": { "id": "11664554-475", "name": "Clipper Avenue", "class": "residential", "is_priority": false }, "geometry": { "type": "LineString", "coordinates": [ [ -74.410519, 40.496236 ], [ -74.409347, 40.496145 ], [ -74.408169, 40.496075 ] ] } },
{ "type": "Feature", "properties": { "id": "11664554-476", "name": "Clipper Avenue", "class": "residential", "is_priority": false }, "geometry": { "type": "LineString", "coordinates": [ [ -74.408169, 40.496075 ], [ -74.407675, 40.496042 ] ] } },
{ "type": "Feature", "properties": { "id": "11664555-477", "name": "Clipper Avenue", "class": "residential", "is_priority": false }, "geometry": { "type": "LineString", "coordinates": [ [ -74.405773, 40.495884 ], [ -74.404674, 40.495841 ] ] } },
{ "type": "Feature", "properties": { "id": "11664586-478", "name": "Lincoln Avenue", "class": "residential", "is_priority": false }, "geometry": { "type": "LineString", "coordinates": [ [ -74.448377, 40.474961 ], [ -74.447446, 40.474742 ] ] } },
{ "type": "Feature", "properties": { "id": "11664598-479", "name": "Lincoln Avenue", "class": "residential", "is_priority": false }, "geometry": { "type": "LineString", "coordinates": [ [ -74.436147, 40.497771 ], [ -74.436081, 40.497912 ], [ -74.435238, 40.499272 ], [ -74.435193, 40.499415 ] ] } },
{ "type": "Feature", "properties": { "id": "11664598-480", "name": "Lincoln Avenue", "class": "residential", "is_priority": false }, "geometry": { "type": "LineString", "coordinates": [ [ -74.435193, 40.499415 ], [ -74.435177, 40.499511 ] ] } },
{ "type": "Feature", "properties": { "id": "11664636-481", "name": "Clarke Road", "class": "residential", "is_priority": false }, "geometry": { "type": "LineString", "coordinates": [ [ -74.470739, 40.467485 ], [ -74.47091, 40.467536 ], [ -74.471633, 40.468037 ] ] } },
{ "type": "Feature", "properties": { "id": "11664711-482", "name": "Landing Lane", "class": "tertiary", "is_priority": false }, "geometry": { "type": "LineString", "coordinates": [ [ -74.46202, 40.511978 ], [ -74.462021, 40.511862 ] ] } },
{ "type": "Feature", "properties": { "id": "11664714-483", "name": "Clover Street", "class": "residential", "is_priority": false }, "geometry": { "type": "LineString", "coordinates": [ [ -74.484783, 40.471674 ], [ -74.486204, 40.470236 ] ] } },
{ "type": "Feature", "properties": { "id": "11664714-484", "name": "Clover Street", "class": "residential", "is_priority": false }, "geometry": { "type": "LineString", "coordinates": [ [ -74.486204, 40.470236 ], [ -74.486381, 40.470057 ] ] } },
{ "type": "Feature", "properties": { "id": "11664756-485", "name": "Nancy Circle", "class": "residential", "is_priority": false }, "geometry": { "type": "LineString", "coordinates": [ [ -74.404852, 40.498213 ], [ -74.404324, 40.498207 ], [ -74.404244, 40.498184 ], [ -74.404117, 40.498112 ], [ -74.404062, 40.498064 ], [ -74.404023, 40.497996 ], [ -74.404003, 40.497926 ], [ -74.403989, 40.497514 ], [ -74.404028, 40.497352 ], [ -74.404074, 40.497284 ], [ -74.404159, 40.497223 ], [ -74.404274, 40.497173 ], [ -74.404474, 40.497138 ] ] } },
{ "type": "Feature", "properties": { "id": "11664756-486", "name": "Nancy Circle", "class": "residential", "is_priority": false }, "geometry": { "type": "LineString", "coordinates": [ [ -74.404474, 40.497138 ], [ -74.404561, 40.497135 ], [ -74.404826, 40.49721 ], [ -74.404928, 40.497297 ], [ -74.405129, 40.497587 ] ] } },
{ "type": "Feature", "properties": { "id": "11664823-487", "name": "North Indian Place", "class": "residential", "is_priority": false }, "geometry": { "type": "LineString", "coordinates": [ [ -74.488429, 40.464032 ], [ -74.488676, 40.463843 ], [ -74.489181, 40.463408 ], [ -74.489262, 40.463296 ], [ -74.489246, 40.463135 ], [ -74.489219, 40.463082 ] ] } },
{ "type": "Feature", "properties": { "id": "11664851-488", "name": "North Pennington Road", "class": "residential", "is_priority": false }, "geometry": { "type": "LineString", "coordinates": [ [ -74.404953, 40.486003 ], [ -74.402654, 40.486408 ] ] } },
{ "type": "Feature", "properties": { "id": "11664851-489", "name": "North Pennington Road", "class": "residential", "is_priority": false }, "geometry": { "type": "LineString", "coordinates": [ [ -74.402654, 40.486408 ], [ -74.401826, 40.486554 ], [ -74.401462, 40.486578 ], [ -74.401215, 40.486555 ], [ -74.401007, 40.486512 ], [ -74.400849, 40.486462 ], [ -74.400732, 40.486419 ], [ -74.400576, 40.486289 ] ] } },
{ "type": "Feature", "properties": { "id": "11664853-490", "name": "Riverton Street", "class": "residential", "is_priority": false }, "geometry": { "type": "LineString", "coordinates": [ [ -74.468203, 40.468499 ], [ -74.46823, 40.468423 ], [ -74.469642, 40.46708 ] ] } },
{ "type": "Feature", "properties": { "id": "11664853-491", "name": "Riverton Street", "class": "residential", "is_priority": false }, "geometry": { "type": "LineString", "coordinates": [ [ -74.469642, 40.46708 ], [ -74.471122, 40.465677 ] ] } },
{ "type": "Feature", "properties": { "id": "11664853-492", "name": "Riverton Street", "class": "residential", "is_priority": false }, "geometry": { "type": "LineString", "coordinates": [ [ -74.471122, 40.465677 ], [ -74.471511, 40.465319 ] ] } },
{ "type": "Feature", "properties": { "id": "11664928-493", "name": "Jill Court", "class": "residential", "is_priority": false }, "geometry": { "type": "LineString", "coordinates": [ [ -74.397015, 40.497741 ], [ -74.396974, 40.498452 ], [ -74.397028, 40.498604 ], [ -74.397014, 40.498637 ], [ -74.396806, 40.498841 ] ] } },
{ "type": "Feature", "properties": { "id": "11665101-494", "name": "Baldwin Street", "class": "residential", "is_priority": false }, "geometry": { "type": "LineString", "coordinates": [ [ -74.446672, 40.485773 ], [ -74.448516, 40.486897 ] ] } },
{ "type": "Feature", "properties": { "id": "11665101-495", "name": "Baldwin Street", "class": "residential", "is_priority": false }, "geometry": { "type": "LineString", "coordinates": [ [ -74.448516, 40.486897 ], [ -74.4499, 40.487743 ] ] } },
{ "type": "Feature", "properties": { "id": "11665104-496", "name": "Baldwin Street", "class": "residential", "is_priority": false }, "geometry": { "type": "LineString", "coordinates": [ [ -74.440446, 40.481968 ], [ -74.442299, 40.483084 ] ] } },
{ "type": "Feature", "properties": { "id": "11665104-497", "name": "Baldwin Street", "class": "residential", "is_priority": false }, "geometry": { "type": "LineString", "coordinates": [ [ -74.442299, 40.483084 ], [ -74.44349, 40.483826 ] ] } },
{ "type": "Feature", "properties": { "id": "11665126-498", "name": "Danny Court", "class": "residential", "is_priority": false }, "geometry": { "type": "LineString", "coordinates": [ [ -74.477403, 40.465961 ], [ -74.477459, 40.465975 ], [ -74.477582, 40.465956 ], [ -74.477999, 40.465488 ], [ -74.478697, 40.464532 ] ] } },
{ "type": "Feature", "properties": { "id": "11665126-499", "name": "Danny Court", "class": "residential", "is_priority": false }, "geometry": { "type": "LineString", "coordinates": [ [ -74.478697, 40.464532 ], [ -74.478944, 40.464172 ], [ -74.478969, 40.464039 ] ] } },
{ "type": "Feature", "properties": { "id": "11665139-500", "name": "Crowells Road", "class": "residential", "is_priority": false }, "geometry": { "type": "LineString", "coordinates": [ [ -74.413457, 40.501279 ], [ -74.413469, 40.501187 ], [ -74.414125, 40.499552 ] ] } },
{ "type": "Feature", "properties": { "id": "11665139-501", "name": "Crowells Road", "class": "residential", "is_priority": false }, "geometry": { "type": "LineString", "coordinates": [ [ -74.414125, 40.499552 ], [ -74.414368, 40.498938 ] ] } },
{ "type": "Feature", "properties": { "id": "11665273-502", "name": "Roosevelt Avenue", "class": "residential", "is_priority": false }, "geometry": { "type": "LineString", "coordinates": [ [ -74.478402, 40.482342 ], [ -74.480277, 40.481248 ] ] } },
{ "type": "Feature", "properties": { "id": "11665273-503", "name": "Roosevelt Avenue", "class": "residential", "is_priority": false }, "geometry": { "type": "LineString", "coordinates": [ [ -74.480277, 40.481248 ], [ -74.480428, 40.481158 ] ] } },
{ "type": "Feature", "properties": { "id": "11665299-504", "name": "Scarlet Knight Way", "class": "residential", "is_priority": false }, "geometry": { "type": "LineString", "coordinates": [ [ -74.463341, 40.514952 ], [ -74.463273, 40.515148 ], [ -74.463103, 40.515456 ] ] } },
{ "type": "Feature", "properties": { "id": "11665312-505", "name": "Felton Avenue", "class": "residential", "is_priority": false }, "geometry": { "type": "LineString", "coordinates": [ [ -74.427996, 40.496676 ], [ -74.427316, 40.494951 ] ] } },
{ "type": "Feature", "properties": { "id": "11665312-506", "name": "Felton Avenue", "class": "residential", "is_priority": false }, "geometry": { "type": "LineString", "coordinates": [ [ -74.427316, 40.494951 ], [ -74.426625, 40.493228 ] ] } },
{ "type": "Feature", "properties": { "id": "11665312-507", "name": "Felton Avenue", "class": "residential", "is_priority": false }, "geometry": { "type": "LineString", "coordinates": [ [ -74.426625, 40.493228 ], [ -74.426619, 40.493213 ] ] } },
{ "type": "Feature", "properties": { "id": "11665341-508", "name": "Woodland Avenue", "class": "residential", "is_priority": false }, "geometry": { "type": "LineString", "coordinates": [ [ -74.462389, 40.473144 ], [ -74.462497, 40.473203 ], [ -74.463914, 40.473191 ] ] } },
{ "type": "Feature", "properties": { "id": "11665364-509", "name": "Bell Avenue", "class": "residential", "is_priority": false }, "geometry": { "type": "LineString", "coordinates": [ [ -74.473734, 40.463707 ], [ -74.473989, 40.463423 ], [ -74.474904, 40.462481 ] ] } },
{ "type": "Feature", "properties": { "id": "11665408-510", "name": "Bishop Place", "class": "residential", "is_priority": false }, "geometry": { "type": "LineString", "coordinates": [ [ -74.450397, 40.501755 ], [ -74.44974, 40.502135 ], [ -74.449233, 40.502344 ], [ -74.449065, 40.502445 ], [ -74.448678, 40.502763 ], [ -74.448545, 40.502851 ] ] } },
{ "type": "Feature", "properties": { "id": "11665408-511", "name": "Bishop Place", "class": "residential", "is_priority": false }, "geometry": { "type": "LineString", "coordinates": [ [ -74.448545, 40.502851 ], [ -74.448308, 40.50299 ] ] } },
{ "type": "Feature", "properties": { "id": "11665426-512", "name": "Nassau Street", "class": "unclassified", "is_priority": false }, "geometry": { "type": "LineString", "coordinates": [ [ -74.445102, 40.470166 ], [ -74.446915, 40.471319 ] ] } },
{ "type": "Feature", "properties": { "id": "11665426-513", "name": "Nassau Street", "class": "unclassified", "is_priority": false }, "geometry": { "type": "LineString", "coordinates": [ [ -74.446915, 40.471319 ], [ -74.448726, 40.472474 ] ] } },
{ "type": "Feature", "properties": { "id": "11665426-514", "name": "Nassau Street", "class": "unclassified", "is_priority": false }, "geometry": { "type": "LineString", "coordinates": [ [ -74.448726, 40.472474 ], [ -74.449213, 40.472786 ] ] } },
{ "type": "Feature", "properties": { "id": "11665458-515", "name": "Lincoln Highway", "class": "secondary", "is_priority": false }, "geometry": { "type": "LineString", "coordinates": [ [ -74.490252, 40.473629 ], [ -74.49117, 40.472709 ], [ -74.491709, 40.472213 ] ] } },
{ "type": "Feature", "properties": { "id": "11665458-516", "name": "Lincoln Highway", "class": "secondary", "is_priority": false }, "geometry": { "type": "LineString", "coordinates": [ [ -74.491709, 40.472213 ], [ -74.493217, 40.470828 ] ] } },
{ "type": "Feature", "properties": { "id": "11665458-517", "name": "Lincoln Highway", "class": "secondary", "is_priority": false }, "geometry": { "type": "LineString", "coordinates": [ [ -74.493217, 40.470828 ], [ -74.494481, 40.469653 ], [ -74.494726, 40.469443 ] ] } },
{ "type": "Feature", "properties": { "id": "11665458-518", "name": "Lincoln Highway", "class": "secondary", "is_priority": false }, "geometry": { "type": "LineString", "coordinates": [ [ -74.494726, 40.469443 ], [ -74.495282, 40.468969 ], [ -74.495502, 40.4688 ], [ -74.496428, 40.468201 ] ] } },
{ "type": "Feature", "properties": { "id": "11665458-519", "name": "Lincoln Highway", "class": "secondary", "is_priority": false }, "geometry": { "type": "LineString", "coordinates": [ [ -74.496428, 40.468201 ], [ -74.496805, 40.467951 ] ] } },
{ "type": "Feature", "properties": { "id": "11665536-520", "name": "Hobart Road", "class": "residential", "is_priority": false }, "geometry": { "type": "LineString", "coordinates": [ [ -74.410689, 40.488243 ], [ -74.41084, 40.488546 ] ] } },
{ "type": "Feature", "properties": { "id": "11665554-521", "name": "Westons Mill Road", "class": "residential", "is_priority": false }, "geometry": { "type": "LineString", "coordinates": [ [ -74.411687, 40.480644 ], [ -74.411594, 40.48045 ], [ -74.411429, 40.47886 ] ] } },
{ "type": "Feature", "properties": { "id": "11665554-522", "name": "Westons Mill Road", "class": "residential", "is_priority": false }, "geometry": { "type": "LineString", "coordinates": [ [ -74.411429, 40.47886 ], [ -74.411367, 40.478307 ] ] } },
{ "type": "Feature", "properties": { "id": "11665560-523", "name": "Grissom Avenue", "class": "residential", "is_priority": false }, "geometry": { "type": "LineString", "coordinates": [ [ -74.463923, 40.46621 ], [ -74.464005, 40.466089 ], [ -74.465366, 40.464788 ] ] } },
{ "type": "Feature", "properties": { "id": "11665560-524", "name": "Grissom Avenue", "class": "residential", "is_priority": false }, "geometry": { "type": "LineString", "coordinates": [ [ -74.465366, 40.464788 ], [ -74.466039, 40.464144 ], [ -74.466148, 40.464003 ] ] } },
{ "type": "Feature", "properties": { "id": "11665569-525", "name": "Simplex Avenue", "class": "residential", "is_priority": false }, "geometry": { "type": "LineString", "coordinates": [ [ -74.461865, 40.486116 ], [ -74.463847, 40.485138 ] ] } },
{ "type": "Feature", "properties": { "id": "11665569-526", "name": "Simplex Avenue", "class": "residential", "is_priority": false }, "geometry": { "type": "LineString", "coordinates": [ [ -74.463847, 40.485138 ], [ -74.463964, 40.485081 ], [ -74.464433, 40.484702 ] ] } },
{ "type": "Feature", "properties": { "id": "11665576-527", "name": "Banner Court", "class": "residential", "is_priority": false }, "geometry": { "type": "LineString", "coordinates": [ [ -74.414652, 40.471374 ], [ -74.415, 40.471553 ], [ -74.415256, 40.471629 ], [ -74.415385, 40.471647 ], [ -74.415634, 40.471647 ], [ -74.41686, 40.471354 ] ] } },
{ "type": "Feature", "properties": { "id": "11665576-528", "name": "Banner Court", "class": "residential", "is_priority": false }, "geometry": { "type": "LineString", "coordinates": [ [ -74.41686, 40.471354 ], [ -74.417453, 40.471212 ] ] } },
{ "type": "Feature", "properties": { "id": "11665609-529", "name": "Wakefield Lane", "class": "residential", "is_priority": false }, "geometry": { "type": "LineString", "coordinates": [ [ -74.454945, 40.51309 ], [ -74.453987, 40.513009 ], [ -74.453829, 40.512966 ], [ -74.453317, 40.512766 ], [ -74.452825, 40.512642 ], [ -74.452691, 40.512627 ] ] } },
{ "type": "Feature", "properties": { "id": "11665609-530", "name": "Wakefield Lane", "class": "residential", "is_priority": false }, "geometry": { "type": "LineString", "coordinates": [ [ -74.452691, 40.512627 ], [ -74.452434, 40.512598 ], [ -74.452077, 40.512581 ], [ -74.451502, 40.512608 ], [ -74.451334, 40.512602 ], [ -74.450932, 40.512553 ], [ -74.450857, 40.512516 ] ] } },
{ "type": "Feature", "properties": { "id": "11665618-531", "name": "North 3rd Avenue", "class": "residential", "is_priority": false }, "geometry": { "type": "LineString", "coordinates": [ [ -74.427962, 40.499124 ], [ -74.427994, 40.499213 ], [ -74.428501, 40.500059 ] ] } },
{ "type": "Feature", "properties": { "id": "11665725-532", "name": "Dakota Drive", "class": "residential", "is_priority": false }, "geometry": { "type": "LineString", "coordinates": [ [ -74.48499, 40.462965 ], [ -74.486491, 40.464355 ] ] } },
{ "type": "Feature", "properties": { "id": "11665725-533", "name": "Dakota Drive", "class": "residential", "is_priority": false }, "geometry": { "type": "LineString", "coordinates": [ [ -74.486491, 40.464355 ], [ -74.486988, 40.464815 ] ] } },
{ "type": "Feature", "properties": { "id": "11665849-534", "name": "Hardenbergh Street", "class": "residential", "is_priority": false }, "geometry": { "type": "LineString", "coordinates": [ [ -74.451259, 40.497947 ], [ -74.44984, 40.496507 ] ] } },
{ "type": "Feature", "properties": { "id": "11665849-535", "name": "Hardenbergh Street", "class": "residential", "is_priority": false }, "geometry": { "type": "LineString", "coordinates": [ [ -74.44984, 40.496507 ], [ -74.449752, 40.496417 ], [ -74.449682, 40.496314 ] ] } },
{ "type": "Feature", "properties": { "id": "11665867-536", "name": "Edpas Road", "class": "residential", "is_priority": false }, "geometry": { "type": "LineString", "coordinates": [ [ -74.473879, 40.483146 ], [ -74.47389, 40.483105 ], [ -74.473858, 40.483061 ], [ -74.473758, 40.483051 ], [ -74.473593, 40.483304 ] ] } },
{ "type": "Feature", "properties": { "id": "11665876-537", "name": "Golf Links Avenue", "class": "residential", "is_priority": false }, "geometry": { "type": "LineString", "coordinates": [ [ -74.470302, 40.513136 ], [ -74.470289, 40.513221 ], [ -74.470219, 40.513318 ], [ -74.469807, 40.513502 ], [ -74.469721, 40.513568 ], [ -74.469403, 40.514007 ], [ -74.469023, 40.514582 ] ] } },
{ "type": "Feature", "properties": { "id": "11665876-538", "name": "Golf Links Avenue", "class": "residential", "is_priority": false }, "geometry": { "type": "LineString", "coordinates": [ [ -74.469023, 40.514582 ], [ -74.468261, 40.515751 ], [ -74.468452, 40.51594 ], [ -74.4685, 40.516024 ], [ -74.468551, 40.516185 ] ] } },
{ "type": "Feature", "properties": { "id": "11665876-539", "name": "Golf Links Avenue", "class": "residential", "is_priority": false }, "geometry": { "type": "LineString", "coordinates": [ [ -74.468551, 40.516185 ], [ -74.468559, 40.516333 ], [ -74.46847, 40.516533 ], [ -74.467635, 40.517734 ], [ -74.467567, 40.517796 ] ] } },
{ "type": "Feature", "properties": { "id": "11665876-540", "name": "Golf Links Avenue", "class": "residential", "is_priority": false }, "geometry": { "type": "LineString", "coordinates": [ [ -74.467567, 40.517796 ], [ -74.467501, 40.517832 ] ] } },
{ "type": "Feature", "properties": { "id": "11665888-541", "name": "15th Street", "class": "residential", "is_priority": false }, "geometry": { "type": "LineString", "coordinates": [ [ -74.471179, 40.470334 ], [ -74.472691, 40.471275 ] ] } },
{ "type": "Feature", "properties": { "id": "11665905-542", "name": "Osage Road", "class": "residential", "is_priority": false }, "geometry": { "type": "LineString", "coordinates": [ [ -74.491468, 40.465365 ], [ -74.492933, 40.466777 ] ] } },
{ "type": "Feature", "properties": { "id": "11665905-543", "name": "Osage Road", "class": "residential", "is_priority": false }, "geometry": { "type": "LineString", "coordinates": [ [ -74.492933, 40.466777 ], [ -74.494426, 40.468172 ] ] } },
{ "type": "Feature", "properties": { "id": "11665905-544", "name": "Osage Road", "class": "residential", "is_priority": false }, "geometry": { "type": "LineString", "coordinates": [ [ -74.494426, 40.468172 ], [ -74.495282, 40.468969 ] ] } },
{ "type": "Feature", "properties": { "id": "11665932-545", "name": "Harvard Avenue", "class": "residential", "is_priority": false }, "geometry": { "type": "LineString", "coordinates": [ [ -74.41481, 40.502489 ], [ -74.412459, 40.502327 ] ] } },
{ "type": "Feature", "properties": { "id": "11665932-546", "name": "Harvard Avenue", "class": "residential", "is_priority": false }, "geometry": { "type": "LineString", "coordinates": [ [ -74.412459, 40.502327 ], [ -74.411546, 40.502266 ] ] } },
{ "type": "Feature", "properties": { "id": "11665936-547", "name": "Morrell Street", "class": "residential", "is_priority": false }, "geometry": { "type": "LineString", "coordinates": [ [ -74.45207, 40.50258 ], [ -74.452695, 40.502218 ] ] } },
{ "type": "Feature", "properties": { "id": "11665965-548", "name": "Handy Street", "class": "residential", "is_priority": false }, "geometry": { "type": "LineString", "coordinates": [ [ -74.439857, 40.482511 ], [ -74.441689, 40.483647 ] ] } },
{ "type": "Feature", "properties": { "id": "11665965-549", "name": "Handy Street", "class": "residential", "is_priority": false }, "geometry": { "type": "LineString", "coordinates": [ [ -74.441689, 40.483647 ], [ -74.443532, 40.484772 ] ] } },
{ "type": "Feature", "properties": { "id": "11665965-550", "name": "Handy Street", "class": "residential", "is_priority": false }, "geometry": { "type": "LineString", "coordinates": [ [ -74.443532, 40.484772 ], [ -74.445376, 40.485896 ] ] } },
{ "type": "Feature", "properties": { "id": "11665965-551", "name": "Handy Street", "class": "residential", "is_priority": false }, "geometry": { "type": "LineString", "coordinates": [ [ -74.445376, 40.485896 ], [ -74.447221, 40.487019 ] ] } },
{ "type": "Feature", "properties": { "id": "11665965-552", "name": "Handy Street", "class": "residential", "is_priority": false }, "geometry": { "type": "LineString", "coordinates": [ [ -74.447221, 40.487019 ], [ -74.449068, 40.488141 ] ] } },
{ "type": "Feature", "properties": { "id": "11665965-553", "name": "Handy Street", "class": "residential", "is_priority": false }, "geometry": { "type": "LineString", "coordinates": [ [ -74.449068, 40.488141 ], [ -74.449319, 40.488292 ] ] } },
{ "type": "Feature", "properties": { "id": "11665980-554", "name": "Jones Avenue", "class": "residential", "is_priority": false }, "geometry": { "type": "LineString", "coordinates": [ [ -74.438633, 40.486158 ], [ -74.440101, 40.484748 ] ] } },
{ "type": "Feature", "properties": { "id": "11665980-555", "name": "Jones Avenue", "class": "residential", "is_priority": false }, "geometry": { "type": "LineString", "coordinates": [ [ -74.440101, 40.484748 ], [ -74.441572, 40.483339 ] ] } },
{ "type": "Feature", "properties": { "id": "11665980-556", "name": "Jones Avenue", "class": "residential", "is_priority": false }, "geometry": { "type": "LineString", "coordinates": [ [ -74.441572, 40.483339 ], [ -74.443047, 40.481932 ] ] } },
{ "type": "Feature", "properties": { "id": "11665980-557", "name": "Jones Avenue", "class": "residential", "is_priority": false }, "geometry": { "type": "LineString", "coordinates": [ [ -74.443047, 40.481932 ], [ -74.444512, 40.48052 ] ] } },
{ "type": "Feature", "properties": { "id": "11665980-558", "name": "Jones Avenue", "class": "residential", "is_priority": false }, "geometry": { "type": "LineString", "coordinates": [ [ -74.444512, 40.48052 ], [ -74.444859, 40.480185 ], [ -74.444939, 40.480148 ], [ -74.445167, 40.480165 ] ] } },
{ "type": "Feature", "properties": { "id": "11666021-559", "name": "Laurel Lane", "class": "residential", "is_priority": false }, "geometry": { "type": "LineString", "coordinates": [ [ -74.413403, 40.477084 ], [ -74.412519, 40.476804 ] ] } },
{ "type": "Feature", "properties": { "id": "11666077-560", "name": "Cedar Avenue", "class": "residential", "is_priority": false }, "geometry": { "type": "LineString", "coordinates": [ [ -74.432323, 40.494693 ], [ -74.431652, 40.492966 ] ] } },
{ "type": "Feature", "properties": { "id": "11666077-561", "name": "Cedar Avenue", "class": "residential", "is_priority": false }, "geometry": { "type": "LineString", "coordinates": [ [ -74.431652, 40.492966 ], [ -74.43098, 40.491238 ] ] } },
{ "type": "Feature", "properties": { "id": "11666077-562", "name": "Cedar Avenue", "class": "residential", "is_priority": false }, "geometry": { "type": "LineString", "coordinates": [ [ -74.43098, 40.491238 ], [ -74.430775, 40.490705 ], [ -74.430786, 40.49064 ] ] } },
{ "type": "Feature", "properties": { "id": "11666081-563", "name": "Cedar Avenue", "class": "residential", "is_priority": false }, "geometry": { "type": "LineString", "coordinates": [ [ -74.455579, 40.467771 ], [ -74.454117, 40.469185 ] ] } },
{ "type": "Feature", "properties": { "id": "11666081-564", "name": "Cedar Avenue", "class": "residential", "is_priority": false }, "geometry": { "type": "LineString", "coordinates": [ [ -74.454117, 40.469185 ], [ -74.45307, 40.4702 ] ] } },
{ "type": "Feature", "properties": { "id": "11666127-565", "name": "Labakan Place", "class": "residential", "is_priority": false }, "geometry": { "type": "LineString", "coordinates": [ [ -74.414717, 40.500666 ], [ -74.4137, 40.500601 ] ] } },
{ "type": "Feature", "properties": { "id": "11666149-566", "name": "Easy Street", "class": "residential", "is_priority": false }, "geometry": { "type": "LineString", "coordinates": [ [ -74.406312, 40.496581 ], [ -74.404041, 40.496467 ] ] } },
{ "type": "Feature", "properties": { "id": "11666316-567", "name": "Wood Circle", "class": "residential", "is_priority": false }, "geometry": { "type": "LineString", "coordinates": [ [ -74.413695, 40.476329 ], [ -74.414005, 40.476293 ] ] } },
{ "type": "Feature", "properties": { "id": "11666374-568", "name": "Lee Avenue", "class": "residential", "is_priority": false }, "geometry": { "type": "LineString", "coordinates": [ [ -74.444731, 40.490138 ], [ -74.4462, 40.488728 ] ] } },
{ "type": "Feature", "properties": { "id": "11666374-569", "name": "Lee Avenue", "class": "residential", "is_priority": false }, "geometry": { "type": "LineString", "coordinates": [ [ -74.4462, 40.488728 ], [ -74.44767, 40.487319 ] ] } },
{ "type": "Feature", "properties": { "id": "11666374-570", "name": "Lee Avenue", "class": "residential", "is_priority": false }, "geometry": { "type": "LineString", "coordinates": [ [ -74.44767, 40.487319 ], [ -74.449148, 40.485914 ] ] } },
{ "type": "Feature", "properties": { "id": "11666374-571", "name": "Lee Avenue", "class": "residential", "is_priority": false }, "geometry": { "type": "LineString", "coordinates": [ [ -74.449148, 40.485914 ], [ -74.450097, 40.485013 ] ] } },
{ "type": "Feature", "properties": { "id": "11666378-572", "name": "Lee Avenue", "class": "residential", "is_priority": false }, "geometry": { "type": "LineString", "coordinates": [ [ -74.458365, 40.477058 ], [ -74.45983, 40.475645 ] ] } },
{ "type": "Feature", "properties": { "id": "11666378-573", "name": "Lee Avenue", "class": "residential", "is_priority": false }, "geometry": { "type": "LineString", "coordinates": [ [ -74.45983, 40.475645 ], [ -74.461293, 40.474232 ] ] } },
{ "type": "Feature", "properties": { "id": "11666378-574", "name": "Lee Avenue", "class": "residential", "is_priority": false }, "geometry": { "type": "LineString", "coordinates": [ [ -74.461293, 40.474232 ], [ -74.462241, 40.473345 ], [ -74.462389, 40.473144 ] ] } },
{ "type": "Feature", "properties": { "id": "11666404-575", "name": "Squibb Drive", "class": "residential", "is_priority": false }, "geometry": { "type": "LineString", "coordinates": [ [ -74.447576, 40.477112 ], [ -74.44694, 40.476976 ], [ -74.446518, 40.476942 ] ] } },
{ "type": "Feature", "properties": { "id": "11666442-576", "name": "Woodbridge Avenue", "class": "secondary", "is_priority": false }, "geometry": { "type": "LineString", "coordinates": [ [ -74.420702, 40.501007 ], [ -74.418361, 40.501234 ] ] } },
{ "type": "Feature", "properties": { "id": "11666442-577", "name": "Woodbridge Avenue", "class": "secondary", "is_priority": false }, "geometry": { "type": "LineString", "coordinates": [ [ -74.418361, 40.501234 ], [ -74.416539, 40.50141 ], [ -74.416018, 40.501448 ] ] } },
{ "type": "Feature", "properties": { "id": "11666442-578", "name": "Woodbridge Avenue", "class": "secondary", "is_priority": false }, "geometry": { "type": "LineString", "coordinates": [ [ -74.416018, 40.501448 ], [ -74.413667, 40.501293 ] ] } },
{ "type": "Feature", "properties": { "id": "11666442-579", "name": "Woodbridge Avenue", "class": "secondary", "is_priority": false }, "geometry": { "type": "LineString", "coordinates": [ [ -74.413667, 40.501293 ], [ -74.413457, 40.501279 ] ] } },
{ "type": "Feature", "properties": { "id": "11666444-580", "name": "Morse Avenue", "class": "residential", "is_priority": false }, "geometry": { "type": "LineString", "coordinates": [ [ -74.401646, 40.499751 ], [ -74.401043, 40.499715 ] ] } },
{ "type": "Feature", "properties": { "id": "11666485-581", "name": "12th Street", "class": "residential", "is_priority": false }, "geometry": { "type": "LineString", "coordinates": [ [ -74.467821, 40.471185 ], [ -74.469354, 40.472117 ] ] } },
{ "type": "Feature", "properties": { "id": "11666494-582", "name": "Walter Avenue", "class": "residential", "is_priority": false }, "geometry": { "type": "LineString", "coordinates": [ [ -74.435177, 40.499511 ], [ -74.435565, 40.499516 ], [ -74.435752, 40.499497 ], [ -74.437218, 40.499062 ] ] } },
{ "type": "Feature", "properties": { "id": "11666558-583", "name": "Walnut Court", "class": "residential", "is_priority": false }, "geometry": { "type": "LineString", "coordinates": [ [ -74.434794, 40.509721 ], [ -74.434464, 40.510035 ] ] } },
{ "type": "Feature", "properties": { "id": "11666558-584", "name": "Walnut Court", "class": "residential", "is_priority": false }, "geometry": { "type": "LineString", "coordinates": [ [ -74.435468, 40.510588 ], [ -74.435585, 40.510516 ], [ -74.435639, 40.510455 ], [ -74.43572, 40.510296 ], [ -74.435732, 40.510216 ], [ -74.435689, 40.51008 ], [ -74.435451, 40.509765 ] ] } },
{ "type": "Feature", "properties": { "id": "11666561-585", "name": "Walnut Court", "class": "residential", "is_priority": false }, "geometry": { "type": "LineString", "coordinates": [ [ -74.435089, 40.509806 ], [ -74.434939, 40.50978 ], [ -74.434794, 40.509721 ] ] } },
{ "type": "Feature", "properties": { "id": "11667189-586", "name": "Sioux Road", "class": "residential", "is_priority": false }, "geometry": { "type": "LineString", "coordinates": [ [ -74.487568, 40.465343 ], [ -74.488513, 40.466053 ], [ -74.489273, 40.466588 ] ] } },
{ "type": "Feature", "properties": { "id": "11667189-587", "name": "Sioux Road", "class": "residential", "is_priority": false }, "geometry": { "type": "LineString", "coordinates": [ [ -74.489273, 40.466588 ], [ -74.490998, 40.467817 ] ] } },
{ "type": "Feature", "properties": { "id": "11667189-588", "name": "Sioux Road", "class": "residential", "is_priority": false }, "geometry": { "type": "LineString", "coordinates": [ [ -74.490998, 40.467817 ], [ -74.491234, 40.467985 ] ] } },
{ "type": "Feature", "properties": { "id": "11667228-589", "name": "South 9th Avenue", "class": "residential", "is_priority": false }, "geometry": { "type": "LineString", "coordinates": [ [ -74.41928, 40.499515 ], [ -74.419508, 40.49985 ], [ -74.419544, 40.49988 ], [ -74.419642, 40.499916 ] ] } },
{ "type": "Feature", "properties": { "id": "11667230-590", "name": "South 9th Avenue", "class": "residential", "is_priority": false }, "geometry": { "type": "LineString", "coordinates": [ [ -74.419985, 40.501076 ], [ -74.420013, 40.501262 ] ] } },
{ "type": "Feature", "properties": { "id": "11667234-591", "name": "Serviss Street", "class": "residential", "is_priority": false }, "geometry": { "type": "LineString", "coordinates": [ [ -74.45948, 40.477117 ], [ -74.459928, 40.476689 ], [ -74.460913, 40.475686 ] ] } },
{ "type": "Feature", "properties": { "id": "11667234-592", "name": "Serviss Street", "class": "residential", "is_priority": false }, "geometry": { "type": "LineString", "coordinates": [ [ -74.460913, 40.475686 ], [ -74.461247, 40.475352 ] ] } },
{ "type": "Feature", "properties": { "id": "11667254-593", "name": "Manor Place", "class": "residential", "is_priority": false }, "geometry": { "type": "LineString", "coordinates": [ [ -74.410287, 40.475185 ], [ -74.411206, 40.474865 ] ] } },
{ "type": "Feature", "properties": { "id": "11667257-594", "name": "College Avenue", "class": "residential", "is_priority": false }, "geometry": { "type": "LineString", "coordinates": [ [ -74.447265, 40.498317 ], [ -74.447657, 40.499026 ] ] } },
{ "type": "Feature", "properties": { "id": "11667265-595", "name": "Kempton Avenue", "class": "residential", "is_priority": false }, "geometry": { "type": "LineString", "coordinates": [ [ -74.444701, 40.47914 ], [ -74.445481, 40.478437 ] ] } },
{ "type": "Feature", "properties": { "id": "11667291-596", "name": "Biel Road", "class": "residential", "is_priority": false }, "geometry": { "type": "LineString", "coordinates": [ [ -74.432241, 40.480054 ], [ -74.432128, 40.479764 ], [ -74.432107, 40.479626 ], [ -74.432107, 40.479471 ], [ -74.432142, 40.479247 ], [ -74.432275, 40.478885 ], [ -74.432268, 40.478747 ], [ -74.432182, 40.478433 ] ] } },
{ "type": "Feature", "properties": { "id": "11667302-597", "name": "Antonio Drive", "class": "residential", "is_priority": false }, "geometry": { "type": "LineString", "coordinates": [ [ -74.469248, 40.465988 ], [ -74.469567, 40.465595 ], [ -74.470515, 40.464667 ] ] } },
{ "type": "Feature", "properties": { "id": "11667306-598", "name": "Brent Street", "class": "residential", "is_priority": false }, "geometry": { "type": "LineString", "coordinates": [ [ -74.477999, 40.465488 ], [ -74.477504, 40.465181 ], [ -74.477367, 40.465059 ] ] } },
{ "type": "Feature", "properties": { "id": "11667307-599", "name": "Brent Street", "class": "residential", "is_priority": false }, "geometry": { "type": "LineString", "coordinates": [ [ -74.477618, 40.463943 ], [ -74.477852, 40.464007 ], [ -74.478273, 40.464239 ], [ -74.478709, 40.464516 ] ] } },
{ "type": "Feature", "properties": { "id": "11667312-600", "name": "Class Place", "class": "residential", "is_priority": false }, "geometry": { "type": "LineString", "coordinates": [ [ -74.4778, 40.483554 ], [ -74.478953, 40.482858 ] ] } },
{ "type": "Feature", "properties": { "id": "11667375-601", "name": "Beverly Avenue", "class": "residential", "is_priority": false }, "geometry": { "type": "LineString", "coordinates": [ [ -74.466395, 40.472353 ], [ -74.466233, 40.472276 ], [ -74.464215, 40.471672 ] ] } },
{ "type": "Feature", "properties": { "id": "11667375-602", "name": "Beverly Avenue", "class": "residential", "is_priority": false }, "geometry": { "type": "LineString", "coordinates": [ [ -74.464215, 40.471672 ], [ -74.463808, 40.471551 ], [ -74.463286, 40.471546 ] ] } },
{ "type": "Feature", "properties": { "id": "11667481-603", "name": "Fela Avenue", "class": "residential", "is_priority": false }, "geometry": { "type": "LineString", "coordinates": [ [ -74.489956, 40.46912 ], [ -74.491555, 40.470222 ], [ -74.491717, 40.470318 ] ] } },
{ "type": "Feature", "properties": { "id": "11667481-604", "name": "Fela Avenue", "class": "residential", "is_priority": false }, "geometry": { "type": "LineString", "coordinates": [ [ -74.491717, 40.470318 ], [ -74.492461, 40.470729 ], [ -74.492955, 40.471069 ] ] } },
{ "type": "Feature", "properties": { "id": "11667553-605", "name": "Seminole Road", "class": "residential", "is_priority": false }, "geometry": { "type": "LineString", "coordinates": [ [ -74.492291, 40.464846 ], [ -74.49377, 40.466249 ] ] } },
{ "type": "Feature", "properties": { "id": "11667553-606", "name": "Seminole Road", "class": "residential", "is_priority": false }, "geometry": { "type": "LineString", "coordinates": [ [ -74.49377, 40.466249 ], [ -74.493871, 40.466345 ], [ -74.495449, 40.467514 ] ] } },
{ "type": "Feature", "properties": { "id": "11667553-607", "name": "Seminole Road", "class": "residential", "is_priority": false }, "geometry": { "type": "LineString", "coordinates": [ [ -74.495449, 40.467514 ], [ -74.495575, 40.467606 ], [ -74.495647, 40.467756 ] ] } },
{ "type": "Feature", "properties": { "id": "11667578-608", "name": "Kathleen Place", "class": "residential", "is_priority": false }, "geometry": { "type": "LineString", "coordinates": [ [ -74.410526, 40.495543 ], [ -74.408521, 40.495404 ] ] } },
{ "type": "Feature", "properties": { "id": "11667652-609", "name": "Ashland Place", "class": "residential", "is_priority": false }, "geometry": { "type": "LineString", "coordinates": [ [ -74.451601, 40.469397 ], [ -74.452963, 40.470199 ], [ -74.45307, 40.4702 ] ] } },
{ "type": "Feature", "properties": { "id": "11667656-610", "name": "Proctor Street", "class": "residential", "is_priority": false }, "geometry": { "type": "LineString", "coordinates": [ [ -74.3961, 40.497049 ], [ -74.396035, 40.497002 ], [ -74.395869, 40.496974 ], [ -74.39377, 40.496921 ] ] } },
{ "type": "Feature", "properties": { "id": "11667656-611", "name": "Proctor Street", "class": "residential", "is_priority": false }, "geometry": { "type": "LineString", "coordinates": [ [ -74.39377, 40.496921 ], [ -74.392627, 40.496884 ] ] } },
{ "type": "Feature", "properties": { "id": "11667697-612", "name": "Walton Street", "class": "residential", "is_priority": false }, "geometry": { "type": "LineString", "coordinates": [ [ -74.400772, 40.497427 ], [ -74.398421, 40.497589 ] ] } },
{ "type": "Feature", "properties": { "id": "11667697-613", "name": "Walton Street", "class": "residential", "is_priority": false }, "geometry": { "type": "LineString", "coordinates": [ [ -74.398421, 40.497589 ], [ -74.398076, 40.497616 ], [ -74.397762, 40.497684 ] ] } },
{ "type": "Feature", "properties": { "id": "11667738-614", "name": "Park View Terrace", "class": "residential", "is_priority": false }, "geometry": { "type": "LineString", "coordinates": [ [ -74.422064, 40.492832 ], [ -74.421836, 40.492267 ] ] } },
{ "type": "Feature", "properties": { "id": "11667767-615", "name": "Melbourne Street", "class": "residential", "is_priority": false }, "geometry": { "type": "LineString", "coordinates": [ [ -74.396065, 40.49837 ], [ -74.393707, 40.498292 ] ] } },
{ "type": "Feature", "properties": { "id": "11667767-616", "name": "Melbourne Street", "class": "residential", "is_priority": false }, "geometry": { "type": "LineString", "coordinates": [ [ -74.393707, 40.498292 ], [ -74.392326, 40.498244 ] ] } },
{ "type": "Feature", "properties": { "id": "11667811-617", "name": "Riverview Avenue", "class": "residential", "is_priority": false }, "geometry": { "type": "LineString", "coordinates": [ [ -74.47203, 40.513384 ], [ -74.470991, 40.515002 ] ] } },
{ "type": "Feature", "properties": { "id": "11667811-618", "name": "Riverview Avenue", "class": "residential", "is_priority": false }, "geometry": { "type": "LineString", "coordinates": [ [ -74.470991, 40.515002 ], [ -74.470495, 40.515782 ], [ -74.469937, 40.516614 ] ] } },
{ "type": "Feature", "properties": { "id": "11667811-619", "name": "Riverview Avenue", "class": "residential", "is_priority": false }, "geometry": { "type": "LineString", "coordinates": [ [ -74.469937, 40.516614 ], [ -74.468894, 40.518183 ] ] } },
{ "type": "Feature", "properties": { "id": "11667812-620", "name": "Riverview Avenue", "class": "residential", "is_priority": false }, "geometry": { "type": "LineString", "coordinates": [ [ -74.429472, 40.490431 ], [ -74.427216, 40.49096 ] ] } },
{ "type": "Feature", "properties": { "id": "11667812-621", "name": "Riverview Avenue", "class": "residential", "is_priority": false }, "geometry": { "type": "LineString", "coordinates": [ [ -74.427216, 40.49096 ], [ -74.426158, 40.491197 ] ] } },
{ "type": "Feature", "properties": { "id": "11667816-622", "name": "Riverview Avenue", "class": "residential", "is_priority": false }, "geometry": { "type": "LineString", "coordinates": [ [ -74.410107, 40.500993 ], [ -74.410007, 40.50086 ], [ -74.409988, 40.500789 ], [ -74.410043, 40.50033 ] ] } },
{ "type": "Feature", "properties": { "id": "11667894-623", "name": "Woerner Court", "class": "residential", "is_priority": false }, "geometry": { "type": "LineString", "coordinates": [ [ -74.40098, 40.499144 ], [ -74.40244, 40.499045 ], [ -74.403333, 40.499088 ] ] } },
{ "type": "Feature", "properties": { "id": "11667894-624", "name": "Woerner Court", "class": "residential", "is_priority": false }, "geometry": { "type": "LineString", "coordinates": [ [ -74.403333, 40.499088 ], [ -74.40372, 40.499109 ], [ -74.403902, 40.499152 ], [ -74.404859, 40.499141 ] ] } },
{ "type": "Feature", "properties": { "id": "11667899-625", "name": "Karsey Street", "class": "residential", "is_priority": false }, "geometry": { "type": "LineString", "coordinates": [ [ -74.415663, 40.501433 ], [ -74.415428, 40.500045 ], [ -74.415461, 40.499644 ] ] } },
{ "type": "Feature", "properties": { "id": "11667899-626", "name": "Karsey Street", "class": "residential", "is_priority": false }, "geometry": { "type": "LineString", "coordinates": [ [ -74.415461, 40.499644 ], [ -74.415534, 40.499068 ] ] } },
{ "type": "Feature", "properties": { "id": "11668018-627", "name": "Valentine Street", "class": "residential", "is_priority": false }, "geometry": { "type": "LineString", "coordinates": [ [ -74.430815, 40.490818 ], [ -74.428555, 40.491335 ] ] } },
{ "type": "Feature", "properties": { "id": "11668018-628", "name": "Valentine Street", "class": "residential", "is_priority": false }, "geometry": { "type": "LineString", "coordinates": [ [ -74.428555, 40.491335 ], [ -74.426295, 40.491855 ] ] } },
{ "type": "Feature", "properties": { "id": "11668018-629", "name": "Valentine Street", "class": "residential", "is_priority": false }, "geometry": { "type": "LineString", "coordinates": [ [ -74.426295, 40.491855 ], [ -74.424036, 40.492376 ] ] } },
{ "type": "Feature", "properties": { "id": "11668018-630", "name": "Valentine Street", "class": "residential", "is_priority": false }, "geometry": { "type": "LineString", "coordinates": [ [ -74.424036, 40.492376 ], [ -74.421777, 40.492898 ] ] } },
{ "type": "Feature", "properties": { "id": "11668018-631", "name": "Valentine Street", "class": "residential", "is_priority": false }, "geometry": { "type": "LineString", "coordinates": [ [ -74.421777, 40.492898 ], [ -74.419938, 40.493321 ], [ -74.419869, 40.493348 ] ] } },
{ "type": "Feature", "properties": { "id": "11668034-632", "name": "Center Street", "class": "residential", "is_priority": false }, "geometry": { "type": "LineString", "coordinates": [ [ -74.44805, 40.470108 ], [ -74.448696, 40.469637 ], [ -74.449698, 40.46882 ] ] } },
{ "type": "Feature", "properties": { "id": "11668034-633", "name": "Center Street", "class": "residential", "is_priority": false }, "geometry": { "type": "LineString", "coordinates": [ [ -74.449698, 40.46882 ], [ -74.449933, 40.468632 ] ] } },
{ "type": "Feature", "properties": { "id": "11668035-634", "name": "Center Street", "class": "residential", "is_priority": false }, "geometry": { "type": "LineString", "coordinates": [ [ -74.447502, 40.470669 ], [ -74.447164, 40.470914 ] ] } },
{ "type": "Feature", "properties": { "id": "11668078-635", "name": "Brush Avenue", "class": "residential", "is_priority": false }, "geometry": { "type": "LineString", "coordinates": [ [ -74.441498, 40.477285 ], [ -74.441906, 40.477527 ], [ -74.442032, 40.477535 ] ] } },
{ "type": "Feature", "properties": { "id": "11668118-636", "name": "Howard Street", "class": "residential", "is_priority": false }, "geometry": { "type": "LineString", "coordinates": [ [ -74.445554, 40.479536 ], [ -74.447396, 40.480662 ] ] } },
{ "type": "Feature", "properties": { "id": "11668118-637", "name": "Howard Street", "class": "residential", "is_priority": false }, "geometry": { "type": "LineString", "coordinates": [ [ -74.447396, 40.480662 ], [ -74.448341, 40.481231 ] ] } },
{ "type": "Feature", "properties": { "id": "11668120-638", "name": "Howard Street", "class": "residential", "is_priority": false }, "geometry": { "type": "LineString", "coordinates": [ [ -74.450221, 40.482389 ], [ -74.452071, 40.483508 ] ] } },
{ "type": "Feature", "properties": { "id": "11668120-639", "name": "Howard Street", "class": "residential", "is_priority": false }, "geometry": { "type": "LineString", "coordinates": [ [ -74.452071, 40.483508 ], [ -74.453451, 40.484354 ] ] } },
{ "type": "Feature", "properties": { "id": "11668157-640", "name": "2nd Avenue", "class": "residential", "is_priority": false }, "geometry": { "type": "LineString", "coordinates": [ [ -74.447061, 40.468421 ], [ -74.448751, 40.469678 ] ] } },
{ "type": "Feature", "properties": { "id": "11668157-641", "name": "2nd Avenue", "class": "residential", "is_priority": false }, "geometry": { "type": "LineString", "coordinates": [ [ -74.448751, 40.469678 ], [ -74.450256, 40.470791 ] ] } },
{ "type": "Feature", "properties": { "id": "11668268-642", "name": "Prosper Street", "class": "residential", "is_priority": false }, "geometry": { "type": "LineString", "coordinates": [ [ -74.452864, 40.499401 ], [ -74.452591, 40.499778 ], [ -74.452185, 40.500406 ], [ -74.451997, 40.500792 ] ] } },
{ "type": "Feature", "properties": { "id": "11668280-643", "name": "Willow Avenue", "class": "residential", "is_priority": false }, "geometry": { "type": "LineString", "coordinates": [ [ -74.454167, 40.470263 ], [ -74.45452, 40.469945 ], [ -74.454956, 40.469478 ], [ -74.455622, 40.468846 ] ] } },
{ "type": "Feature", "properties": { "id": "11668280-644", "name": "Willow Avenue", "class": "residential", "is_priority": false }, "geometry": { "type": "LineString", "coordinates": [ [ -74.455622, 40.468846 ], [ -74.457112, 40.46745 ] ] } },
{ "type": "Feature", "properties": { "id": "11668280-645", "name": "Willow Avenue", "class": "residential", "is_priority": false }, "geometry": { "type": "LineString", "coordinates": [ [ -74.457112, 40.46745 ], [ -74.457225, 40.467226 ] ] } },
{ "type": "Feature", "properties": { "id": "11668335-646", "name": "Bradley Street", "class": "residential", "is_priority": false }, "geometry": { "type": "LineString", "coordinates": [ [ -74.47205, 40.462286 ], [ -74.473921, 40.463384 ] ] } },
{ "type": "Feature", "properties": { "id": "11668335-647", "name": "Bradley Street", "class": "residential", "is_priority": false }, "geometry": { "type": "LineString", "coordinates": [ [ -74.473921, 40.463384 ], [ -74.473989, 40.463423 ] ] } },
{ "type": "Feature", "properties": { "id": "11668449-648", "name": "Newell Avenue", "class": "residential", "is_priority": false }, "geometry": { "type": "LineString", "coordinates": [ [ -74.426055, 40.485414 ], [ -74.426591, 40.485496 ], [ -74.426696, 40.485439 ], [ -74.427017, 40.484179 ] ] } },
{ "type": "Feature", "properties": { "id": "11668449-649", "name": "Newell Avenue", "class": "residential", "is_priority": false }, "geometry": { "type": "LineString", "coordinates": [ [ -74.427017, 40.484179 ], [ -74.427148, 40.483662 ] ] } },
{ "type": "Feature", "properties": { "id": "11668491-650", "name": "Lafayette Street", "class": "residential", "is_priority": false }, "geometry": { "type": "LineString", "coordinates": [ [ -74.454451, 40.505715 ], [ -74.454553, 40.505641 ], [ -74.45606, 40.50473 ] ] } },
{ "type": "Feature", "properties": { "id": "11668708-651", "name": "Union Street", "class": "residential", "is_priority": false }, "geometry": { "type": "LineString", "coordinates": [ [ -74.448762, 40.498698 ], [ -74.449119, 40.499049 ], [ -74.450272, 40.499523 ], [ -74.450691, 40.499681 ] ] } },
{ "type": "Feature", "properties": { "id": "11668708-652", "name": "Union Street", "class": "residential", "is_priority": false }, "geometry": { "type": "LineString", "coordinates": [ [ -74.450691, 40.499681 ], [ -74.451206, 40.499874 ] ] } },
{ "type": "Feature", "properties": { "id": "11668764-653", "name": "Beechwood Place", "class": "residential", "is_priority": false }, "geometry": { "type": "LineString", "coordinates": [ [ -74.461495, 40.472429 ], [ -74.461457, 40.470631 ] ] } },
{ "type": "Feature", "properties": { "id": "11668809-654", "name": "Cornell Street", "class": "residential", "is_priority": false }, "geometry": { "type": "LineString", "coordinates": [ [ -74.46393, 40.474372 ], [ -74.462241, 40.473345 ] ] } },
{ "type": "Feature", "properties": { "id": "11668821-655", "name": "7th Street", "class": "residential", "is_priority": false }, "geometry": { "type": "LineString", "coordinates": [ [ -74.464601, 40.473822 ], [ -74.466384, 40.474916 ] ] } },
{ "type": "Feature", "properties": { "id": "11668833-656", "name": "Jefferson Avenue", "class": "residential", "is_priority": false }, "geometry": { "type": "LineString", "coordinates": [ [ -74.448891, 40.473718 ], [ -74.447329, 40.473347 ] ] } },
{ "type": "Feature", "properties": { "id": "11668835-657", "name": "Jefferson Avenue", "class": "residential", "is_priority": false }, "geometry": { "type": "LineString", "coordinates": [ [ -74.461027, 40.500943 ], [ -74.46313, 40.501762 ] ] } },
{ "type": "Feature", "properties": { "id": "11668835-658", "name": "Jefferson Avenue", "class": "residential", "is_priority": false }, "geometry": { "type": "LineString", "coordinates": [ [ -74.46313, 40.501762 ], [ -74.465231, 40.502583 ] ] } },
{ "type": "Feature", "properties": { "id": "11668835-659", "name": "Jefferson Avenue", "class": "residential", "is_priority": false }, "geometry": { "type": "LineString", "coordinates": [ [ -74.465231, 40.502583 ], [ -74.465729, 40.502777 ] ] } },
{ "type": "Feature", "properties": { "id": "11668889-660", "name": "White Drive", "class": "residential", "is_priority": false }, "geometry": { "type": "LineString", "coordinates": [ [ -74.484039, 40.471233 ], [ -74.485481, 40.469806 ] ] } },
{ "type": "Feature", "properties": { "id": "11668889-661", "name": "White Drive", "class": "residential", "is_priority": false }, "geometry": { "type": "LineString", "coordinates": [ [ -74.485481, 40.469806 ], [ -74.485672, 40.469619 ] ] } },
{ "type": "Feature", "properties": { "id": "11668898-662", "name": "Leo Street", "class": "residential", "is_priority": false }, "geometry": { "type": "LineString", "coordinates": [ [ -74.411023, 40.49696 ], [ -74.410422, 40.496908 ], [ -74.408673, 40.496791 ] ] } },
{ "type": "Feature", "properties": { "id": "11668898-663", "name": "Leo Street", "class": "residential", "is_priority": false }, "geometry": { "type": "LineString", "coordinates": [ [ -74.408673, 40.496791 ], [ -74.408528, 40.496782 ] ] } },
{ "type": "Feature", "properties": { "id": "11669021-664", "name": "Player Avenue", "class": "residential", "is_priority": false }, "geometry": { "type": "LineString", "coordinates": [ [ -74.408508, 40.494674 ], [ -74.408485, 40.494062 ], [ -74.408597, 40.493793 ], [ -74.408959, 40.493652 ], [ -74.409209, 40.493494 ], [ -74.409438, 40.493429 ], [ -74.409651, 40.493435 ] ] } },
{ "type": "Feature", "properties": { "id": "11669021-665", "name": "Player Avenue", "class": "residential", "is_priority": false }, "geometry": { "type": "LineString", "coordinates": [ [ -74.409651, 40.493435 ], [ -74.410459, 40.493544 ] ] } },
{ "type": "Feature", "properties": { "id": "11669022-666", "name": "Player Avenue", "class": "secondary_link", "is_priority": false }, "geometry": { "type": "LineString", "coordinates": [ [ -74.409482, 40.50075 ], [ -74.409368, 40.500637 ], [ -74.409331, 40.500576 ], [ -74.409228, 40.500262 ], [ -74.409134, 40.500059 ] ] } },
{ "type": "Feature", "properties": { "id": "11669023-667", "name": "", "class": "secondary_link", "is_priority": false }, "geometry": { "type": "LineString", "coordinates": [ [ -74.409134, 40.500059 ], [ -74.409148, 40.500176 ], [ -74.409127, 40.50024 ], [ -74.409029, 40.500329 ], [ -74.408966, 40.500346 ], [ -74.408879, 40.500337 ], [ -74.408249, 40.500122 ] ] } },
{ "type": "Feature", "properties": { "id": "11669052-668", "name": "Dartmouth Street", "class": "residential", "is_priority": false }, "geometry": { "type": "LineString", "coordinates": [ [ -74.413297, 40.502678 ], [ -74.413457, 40.501279 ] ] } },
{ "type": "Feature", "properties": { "id": "11669073-669", "name": "", "class": "trunk_link", "is_priority": false }, "geometry": { "type": "LineString", "coordinates": [ [ -74.406415, 40.500801 ], [ -74.406409, 40.500658 ], [ -74.406429, 40.500539 ] ] } },
{ "type": "Feature", "properties": { "id": "11669084-670", "name": "Delavan Street", "class": "residential", "is_priority": false }, "geometry": { "type": "LineString", "coordinates": [ [ -74.454014, 40.487482 ], [ -74.453554, 40.487174 ], [ -74.45218, 40.48635 ] ] } },
{ "type": "Feature", "properties": { "id": "11669084-671", "name": "Delavan Street", "class": "residential", "is_priority": false }, "geometry": { "type": "LineString", "coordinates": [ [ -74.45218, 40.48635 ], [ -74.451814, 40.48613 ], [ -74.451708, 40.486033 ] ] } },
{ "type": "Feature", "properties": { "id": "11669086-672", "name": "Delavan Street", "class": "residential", "is_priority": false }, "geometry": { "type": "LineString", "coordinates": [ [ -74.455807, 40.488554 ], [ -74.456949, 40.489256 ] ] } },
{ "type": "Feature", "properties": { "id": "11669155-673", "name": "Fitch Road", "class": "unclassified", "is_priority": false }, "geometry": { "type": "LineString", "coordinates": [ [ -74.467811, 40.514238 ], [ -74.467824, 40.514303 ], [ -74.467802, 40.51436 ], [ -74.467223, 40.515237 ], [ -74.466795, 40.51585 ] ] } },
{ "type": "Feature", "properties": { "id": "11669155-674", "name": "Fitch Road", "class": "unclassified", "is_priority": false }, "geometry": { "type": "LineString", "coordinates": [ [ -74.466795, 40.51585 ], [ -74.465685, 40.51744 ] ] } },
{ "type": "Feature", "properties": { "id": "11669155-675", "name": "Fitch Road", "class": "unclassified", "is_priority": false }, "geometry": { "type": "LineString", "coordinates": [ [ -74.465685, 40.51744 ], [ -74.465549, 40.517635 ], [ -74.465453, 40.517733 ], [ -74.465292, 40.517786 ], [ -74.46519, 40.517802 ], [ -74.465056, 40.517782 ], [ -74.46373, 40.517254 ] ] } },
{ "type": "Feature", "properties": { "id": "11669155-676", "name": "Fitch Road", "class": "unclassified", "is_priority": false }, "geometry": { "type": "LineString", "coordinates": [ [ -74.46373, 40.517254 ], [ -74.462231, 40.516664 ] ] } },
{ "type": "Feature", "properties": { "id": "11669159-677", "name": "Dewey Drive", "class": "residential", "is_priority": false }, "geometry": { "type": "LineString", "coordinates": [ [ -74.420727, 40.482597 ], [ -74.421295, 40.482943 ], [ -74.421458, 40.483086 ], [ -74.421731, 40.483392 ], [ -74.422348, 40.483892 ] ] } },
{ "type": "Feature", "properties": { "id": "11669159-678", "name": "Dewey Drive", "class": "residential", "is_priority": false }, "geometry": { "type": "LineString", "coordinates": [ [ -74.422348, 40.483892 ], [ -74.422538, 40.484011 ], [ -74.422686, 40.484048 ], [ -74.422865, 40.484051 ], [ -74.423034, 40.484019 ], [ -74.423511, 40.483768 ], [ -74.423643, 40.483738 ], [ -74.423787, 40.483731 ], [ -74.423986, 40.483753 ], [ -74.424123, 40.483807 ], [ -74.424259, 40.483888 ], [ -74.424365, 40.48403 ] ] } },
{ "type": "Feature", "properties": { "id": "11669159-679", "name": "Dewey Drive", "class": "residential", "is_priority": false }, "geometry": { "type": "LineString", "coordinates": [ [ -74.424365, 40.48403 ], [ -74.424412, 40.484155 ], [ -74.424376, 40.484376 ], [ -74.424321, 40.484488 ], [ -74.424052, 40.484857 ], [ -74.423996, 40.4849 ] ] } },
{ "type": "Feature", "properties": { "id": "11669226-680", "name": "Maple Avenue", "class": "residential", "is_priority": false }, "geometry": { "type": "LineString", "coordinates": [ [ -74.452322, 40.469822 ], [ -74.453793, 40.468413 ] ] } },
{ "type": "Feature", "properties": { "id": "11669226-681", "name": "Maple Avenue", "class": "residential", "is_priority": false }, "geometry": { "type": "LineString", "coordinates": [ [ -74.453793, 40.468413 ], [ -74.454369, 40.467861 ] ] } },
{ "type": "Feature", "properties": { "id": "11669252-682", "name": "Delafield Street", "class": "residential", "is_priority": false }, "geometry": { "type": "LineString", "coordinates": [ [ -74.454615, 40.498455 ], [ -74.45671, 40.499286 ] ] } },
{ "type": "Feature", "properties": { "id": "11669252-683", "name": "Delafield Street", "class": "residential", "is_priority": false }, "geometry": { "type": "LineString", "coordinates": [ [ -74.45671, 40.499286 ], [ -74.457337, 40.499529 ] ] } },
{ "type": "Feature", "properties": { "id": "11669262-684", "name": "Elliot Place", "class": "residential", "is_priority": false }, "geometry": { "type": "LineString", "coordinates": [ [ -74.398076, 40.497616 ], [ -74.397873, 40.495821 ] ] } },
{ "type": "Feature", "properties": { "id": "11669262-685", "name": "Elliot Place", "class": "residential", "is_priority": false }, "geometry": { "type": "LineString", "coordinates": [ [ -74.397873, 40.495821 ], [ -74.39786, 40.49571 ] ] } },
{ "type": "Feature", "properties": { "id": "11669306-686", "name": "Scott Street", "class": "residential", "is_priority": false }, "geometry": { "type": "LineString", "coordinates": [ [ -74.450464, 40.494205 ], [ -74.450804, 40.494647 ] ] } },
{ "type": "Feature", "properties": { "id": "11669617-687", "name": "Townsend Street", "class": "residential", "is_priority": false }, "geometry": { "type": "LineString", "coordinates": [ [ -74.439626, 40.485203 ], [ -74.441481, 40.486317 ] ] } },
{ "type": "Feature", "properties": { "id": "11669617-688", "name": "Townsend Street", "class": "residential", "is_priority": false }, "geometry": { "type": "LineString", "coordinates": [ [ -74.441481, 40.486317 ], [ -74.443317, 40.487449 ] ] } },
{ "type": "Feature", "properties": { "id": "11669617-689", "name": "Townsend Street", "class": "residential", "is_priority": false }, "geometry": { "type": "LineString", "coordinates": [ [ -74.443317, 40.487449 ], [ -74.445163, 40.488571 ] ] } },
{ "type": "Feature", "properties": { "id": "11669617-690", "name": "Townsend Street", "class": "residential", "is_priority": false }, "geometry": { "type": "LineString", "coordinates": [ [ -74.445163, 40.488571 ], [ -74.447002, 40.4897 ] ] } },
{ "type": "Feature", "properties": { "id": "11669617-691", "name": "Townsend Street", "class": "residential", "is_priority": false }, "geometry": { "type": "LineString", "coordinates": [ [ -74.447002, 40.4897 ], [ -74.448849, 40.490821 ] ] } },
{ "type": "Feature", "properties": { "id": "11669617-692", "name": "Townsend Street", "class": "residential", "is_priority": false }, "geometry": { "type": "LineString", "coordinates": [ [ -74.448849, 40.490821 ], [ -74.450684, 40.491954 ] ] } },
{ "type": "Feature", "properties": { "id": "11669617-693", "name": "Townsend Street", "class": "residential", "is_priority": false }, "geometry": { "type": "LineString", "coordinates": [ [ -74.450684, 40.491954 ], [ -74.451003, 40.492149 ] ] } },
{ "type": "Feature", "properties": { "id": "11669648-694", "name": "Redmond Street", "class": "residential", "is_priority": false }, "geometry": { "type": "LineString", "coordinates": [ [ -74.439039, 40.485774 ], [ -74.440902, 40.486879 ] ] } },
{ "type": "Feature", "properties": { "id": "11669648-695", "name": "Redmond Street", "class": "residential", "is_priority": false }, "geometry": { "type": "LineString", "coordinates": [ [ -74.440902, 40.486879 ], [ -74.442743, 40.488007 ] ] } },
{ "type": "Feature", "properties": { "id": "11669648-696", "name": "Redmond Street", "class": "residential", "is_priority": false }, "geometry": { "type": "LineString", "coordinates": [ [ -74.442743, 40.488007 ], [ -74.444585, 40.489134 ] ] } },
{ "type": "Feature", "properties": { "id": "11669648-697", "name": "Redmond Street", "class": "residential", "is_priority": false }, "geometry": { "type": "LineString", "coordinates": [ [ -74.444585, 40.489134 ], [ -74.446428, 40.490259 ] ] } },
{ "type": "Feature", "properties": { "id": "11669648-698", "name": "Redmond Street", "class": "residential", "is_priority": false }, "geometry": { "type": "LineString", "coordinates": [ [ -74.446428, 40.490259 ], [ -74.44827, 40.491385 ] ] } },
{ "type": "Feature", "properties": { "id": "11669648-699", "name": "Redmond Street", "class": "residential", "is_priority": false }, "geometry": { "type": "LineString", "coordinates": [ [ -74.44827, 40.491385 ], [ -74.450135, 40.492489 ] ] } },
{ "type": "Feature", "properties": { "id": "11669648-700", "name": "Redmond Street", "class": "residential", "is_priority": false }, "geometry": { "type": "LineString", "coordinates": [ [ -74.450135, 40.492489 ], [ -74.450446, 40.492678 ] ] } },
{ "type": "Feature", "properties": { "id": "11669649-701", "name": "Redmond Street", "class": "residential", "is_priority": false }, "geometry": { "type": "LineString", "coordinates": [ [ -74.488951, 40.467277 ], [ -74.490318, 40.46609 ], [ -74.490541, 40.465949 ] ] } },
{ "type": "Feature", "properties": { "id": "11669649-702", "name": "Redmond Street", "class": "residential", "is_priority": false }, "geometry": { "type": "LineString", "coordinates": [ [ -74.490541, 40.465949 ], [ -74.492291, 40.464846 ] ] } },
{ "type": "Feature", "properties": { "id": "11669655-703", "name": "Connector Way", "class": "residential", "is_priority": false }, "geometry": { "type": "LineString", "coordinates": [ [ -74.449498, 40.493591 ], [ -74.449483, 40.49352 ], [ -74.449507, 40.493455 ], [ -74.449718, 40.493253 ], [ -74.449758, 40.493086 ] ] } },
{ "type": "Feature", "properties": { "id": "11669657-704", "name": "Railroad Avenue", "class": "residential", "is_priority": false }, "geometry": { "type": "LineString", "coordinates": [ [ -74.451983, 40.490831 ], [ -74.451371, 40.491409 ] ] } },
{ "type": "Feature", "properties": { "id": "11669668-705", "name": "Railroad Avenue", "class": "residential", "is_priority": false }, "geometry": { "type": "LineString", "coordinates": [ [ -74.453398, 40.489863 ], [ -74.452821, 40.49043 ] ] } },
{ "type": "Feature", "properties": { "id": "11669682-706", "name": "Clifton Street", "class": "residential", "is_priority": false }, "geometry": { "type": "LineString", "coordinates": [ [ -74.395721, 40.496326 ], [ -74.394441, 40.496264 ], [ -74.393917, 40.496253 ], [ -74.393446, 40.496216 ], [ -74.393367, 40.496222 ] ] } },
{ "type": "Feature", "properties": { "id": "11669682-707", "name": "Clifton Street", "class": "residential", "is_priority": false }, "geometry": { "type": "LineString", "coordinates": [ [ -74.393367, 40.496222 ], [ -74.393259, 40.49623 ], [ -74.393112, 40.496283 ], [ -74.392994, 40.496372 ], [ -74.392729, 40.496672 ], [ -74.392699, 40.496784 ], [ -74.39265, 40.496867 ], [ -74.392562, 40.496934 ], [ -74.392285, 40.497209 ], [ -74.391851, 40.497527 ] ] } },
{ "type": "Feature", "properties": { "id": "11669682-708", "name": "Clifton Street", "class": "residential", "is_priority": false }, "geometry": { "type": "LineString", "coordinates": [ [ -74.391851, 40.497527 ], [ -74.39088, 40.498241 ], [ -74.390692, 40.498333 ], [ -74.390401, 40.498413 ] ] } },
{ "type": "Feature", "properties": { "id": "11669703-709", "name": "Hudson Drive", "class": "residential", "is_priority": false }, "geometry": { "type": "LineString", "coordinates": [ [ -74.4886, 40.473926 ], [ -74.4894, 40.473127 ] ] } },
{ "type": "Feature", "properties": { "id": "11669764-710", "name": "Kimble Street", "class": "residential", "is_priority": false }, "geometry": { "type": "LineString", "coordinates": [ [ -74.406564, 40.502106 ], [ -74.406132, 40.502139 ] ] } },
{ "type": "Feature", "properties": { "id": "11669834-711", "name": "Treetops Drive", "class": "residential", "is_priority": false }, "geometry": { "type": "LineString", "coordinates": [ [ -74.434215, 40.509369 ], [ -74.434794, 40.509721 ] ] } },
{ "type": "Feature", "properties": { "id": "11669835-712", "name": "Treetops Drive", "class": "residential", "is_priority": false }, "geometry": { "type": "LineString", "coordinates": [ [ -74.436344, 40.508991 ], [ -74.435948, 40.509353 ], [ -74.435812, 40.509517 ], [ -74.435687, 40.509634 ], [ -74.435582, 40.509707 ], [ -74.435349, 40.509799 ], [ -74.435089, 40.509806 ] ] } },
{ "type": "Feature", "properties": { "id": "11669867-713", "name": "Locust Avenue", "class": "residential", "is_priority": false }, "geometry": { "type": "LineString", "coordinates": [ [ -74.45613, 40.468364 ], [ -74.456194, 40.468461 ], [ -74.456214, 40.468824 ] ] } },
{ "type": "Feature", "properties": { "id": "11669876-714", "name": "Apple Street", "class": "residential", "is_priority": false }, "geometry": { "type": "LineString", "coordinates": [ [ -74.411009, 40.502057 ], [ -74.40866, 40.502232 ] ] } },
{ "type": "Feature", "properties": { "id": "11669876-715", "name": "Apple Street", "class": "residential", "is_priority": false }, "geometry": { "type": "LineString", "coordinates": [ [ -74.40866, 40.502232 ], [ -74.407598, 40.502319 ] ] } },
{ "type": "Feature", "properties": { "id": "11669907-716", "name": "Cherokee Road", "class": "residential", "is_priority": false }, "geometry": { "type": "LineString", "coordinates": [ [ -74.486319, 40.463035 ], [ -74.486368, 40.463172 ], [ -74.487522, 40.464228 ], [ -74.487554, 40.464377 ] ] } },
{ "type": "Feature", "properties": { "id": "11669939-717", "name": "Omaha Road", "class": "residential", "is_priority": false }, "geometry": { "type": "LineString", "coordinates": [ [ -74.484241, 40.463689 ], [ -74.484774, 40.46388 ], [ -74.485034, 40.464066 ], [ -74.485924, 40.464905 ] ] } },
{ "type": "Feature", "properties": { "id": "11669939-718", "name": "Omaha Road", "class": "residential", "is_priority": false }, "geometry": { "type": "LineString", "coordinates": [ [ -74.485924, 40.464905 ], [ -74.486288, 40.465224 ], [ -74.486578, 40.465533 ], [ -74.486969, 40.465844 ], [ -74.487509, 40.466234 ] ] } },
{ "type": "Feature", "properties": { "id": "11669939-719", "name": "Omaha Road", "class": "residential", "is_priority": false }, "geometry": { "type": "LineString", "coordinates": [ [ -74.487509, 40.466234 ], [ -74.489229, 40.467467 ] ] } },
{ "type": "Feature", "properties": { "id": "11669939-720", "name": "Omaha Road", "class": "residential", "is_priority": false }, "geometry": { "type": "LineString", "coordinates": [ [ -74.489229, 40.467467 ], [ -74.490982, 40.468672 ] ] } },
{ "type": "Feature", "properties": { "id": "11669939-721", "name": "Omaha Road", "class": "residential", "is_priority": false }, "geometry": { "type": "LineString", "coordinates": [ [ -74.490982, 40.468672 ], [ -74.492712, 40.469898 ] ] } },
{ "type": "Feature", "properties": { "id": "11669939-722", "name": "Omaha Road", "class": "residential", "is_priority": false }, "geometry": { "type": "LineString", "coordinates": [ [ -74.492712, 40.469898 ], [ -74.493568, 40.470504 ] ] } },
{ "type": "Feature", "properties": { "id": "11670000-723", "name": "Oxford Street", "class": "residential", "is_priority": false }, "geometry": { "type": "LineString", "coordinates": [ [ -74.457526, 40.49223 ], [ -74.456567, 40.491117 ] ] } },
{ "type": "Feature", "properties": { "id": "11670038-724", "name": "Lorain Street", "class": "residential", "is_priority": false }, "geometry": { "type": "LineString", "coordinates": [ [ -74.459142, 40.498616 ], [ -74.460608, 40.499233 ] ] } },
{ "type": "Feature", "properties": { "id": "11670086-725", "name": "Grove Avenue", "class": "residential", "is_priority": false }, "geometry": { "type": "LineString", "coordinates": [ [ -74.422803, 40.495926 ], [ -74.422534, 40.49548 ], [ -74.422049, 40.494265 ] ] } },
{ "type": "Feature", "properties": { "id": "11670088-726", "name": "Grove Avenue", "class": "residential", "is_priority": false }, "geometry": { "type": "LineString", "coordinates": [ [ -74.423996, 40.497807 ], [ -74.423547, 40.497095 ] ] } },
{ "type": "Feature", "properties": { "id": "11670156-727", "name": "Richardson Street", "class": "residential", "is_priority": false }, "geometry": { "type": "LineString", "coordinates": [ [ -74.453277, 40.50457 ], [ -74.454923, 40.503604 ] ] } },
{ "type": "Feature", "properties": { "id": "11670176-728", "name": "Renaissance Lane", "class": "residential", "is_priority": false }, "geometry": { "type": "LineString", "coordinates": [ [ -74.448211, 40.482713 ], [ -74.449494, 40.481467 ], [ -74.449597, 40.481266 ] ] } },
{ "type": "Feature", "properties": { "id": "11670176-729", "name": "Renaissance Lane", "class": "residential", "is_priority": false }, "geometry": { "type": "LineString", "coordinates": [ [ -74.449597, 40.481266 ], [ -74.449655, 40.481136 ], [ -74.449738, 40.481023 ], [ -74.450998, 40.479827 ] ] } },
{ "type": "Feature", "properties": { "id": "11670176-730", "name": "Renaissance Lane", "class": "residential", "is_priority": false }, "geometry": { "type": "LineString", "coordinates": [ [ -74.450998, 40.479827 ], [ -74.451432, 40.479395 ] ] } },
{ "type": "Feature", "properties": { "id": "11670422-731", "name": "Denison Street", "class": "residential", "is_priority": false }, "geometry": { "type": "LineString", "coordinates": [ [ -74.431888, 40.498884 ], [ -74.429737, 40.499626 ] ] } },
{ "type": "Feature", "properties": { "id": "11670422-732", "name": "Denison Street", "class": "residential", "is_priority": false }, "geometry": { "type": "LineString", "coordinates": [ [ -74.429737, 40.499626 ], [ -74.427592, 40.500377 ] ] } },
{ "type": "Feature", "properties": { "id": "11670422-733", "name": "Denison Street", "class": "residential", "is_priority": false }, "geometry": { "type": "LineString", "coordinates": [ [ -74.427592, 40.500377 ], [ -74.425901, 40.500974 ] ] } },
{ "type": "Feature", "properties": { "id": "11670439-734", "name": "Park Place", "class": "residential", "is_priority": false }, "geometry": { "type": "LineString", "coordinates": [ [ -74.47449, 40.468262 ], [ -74.474944, 40.468222 ], [ -74.475029, 40.468202 ], [ -74.475055, 40.468151 ] ] } },
{ "type": "Feature", "properties": { "id": "11670446-735", "name": "Park Place", "class": "residential", "is_priority": false }, "geometry": { "type": "LineString", "coordinates": [ [ -74.432303, 40.497178 ], [ -74.431145, 40.497446 ] ] } },
{ "type": "Feature", "properties": { "id": "11670501-736", "name": "Bowser Road", "class": "residential", "is_priority": false }, "geometry": { "type": "LineString", "coordinates": [ [ -74.406082, 40.487217 ], [ -74.406033, 40.48729 ], [ -74.405797, 40.48752 ], [ -74.405719, 40.487572 ], [ -74.405592, 40.487615 ], [ -74.405358, 40.487655 ], [ -74.405221, 40.487651 ], [ -74.40502, 40.487605 ] ] } },
{ "type": "Feature", "properties": { "id": "11670555-737", "name": "Bethany Street", "class": "residential", "is_priority": false }, "geometry": { "type": "LineString", "coordinates": [ [ -74.45575, 40.491365 ], [ -74.455789, 40.491466 ], [ -74.456716, 40.492526 ], [ -74.45682, 40.492586 ] ] } },
{ "type": "Feature", "properties": { "id": "11670606-738", "name": "Glendale Avenue", "class": "residential", "is_priority": false }, "geometry": { "type": "LineString", "coordinates": [ [ -74.400433, 40.494717 ], [ -74.402781, 40.494896 ] ] } },
{ "type": "Feature", "properties": { "id": "11670606-739", "name": "Glendale Avenue", "class": "residential", "is_priority": false }, "geometry": { "type": "LineString", "coordinates": [ [ -74.402781, 40.494896 ], [ -74.404275, 40.495009 ] ] } },
{ "type": "Feature", "properties": { "id": "11670674-740", "name": "South Indian Place", "class": "residential", "is_priority": false }, "geometry": { "type": "LineString", "coordinates": [ [ -74.487604, 40.463244 ], [ -74.48853, 40.462824 ], [ -74.488742, 40.462762 ], [ -74.488969, 40.462811 ], [ -74.489164, 40.462973 ], [ -74.489219, 40.463082 ] ] } },
{ "type": "Feature", "properties": { "id": "11670795-741", "name": "Pine Street", "class": "residential", "is_priority": false }, "geometry": { "type": "LineString", "coordinates": [ [ -74.449614, 40.471918 ], [ -74.450623, 40.472245 ], [ -74.451829, 40.472531 ] ] } },
{ "type": "Feature", "properties": { "id": "11670795-742", "name": "Pine Street", "class": "residential", "is_priority": false }, "geometry": { "type": "LineString", "coordinates": [ [ -74.451829, 40.472531 ], [ -74.45408, 40.47307 ] ] } },
{ "type": "Feature", "properties": { "id": "11670795-743", "name": "Pine Street", "class": "residential", "is_priority": false }, "geometry": { "type": "LineString", "coordinates": [ [ -74.45408, 40.47307 ], [ -74.454351, 40.47314 ] ] } },
{ "type": "Feature", "properties": { "id": "11670799-744", "name": "Pine Street", "class": "residential", "is_priority": false }, "geometry": { "type": "LineString", "coordinates": [ [ -74.442688, 40.477805 ], [ -74.44447, 40.478985 ] ] } },
{ "type": "Feature", "properties": { "id": "11670799-745", "name": "Pine Street", "class": "residential", "is_priority": false }, "geometry": { "type": "LineString", "coordinates": [ [ -74.44447, 40.478985 ], [ -74.44543, 40.479632 ] ] } },
{ "type": "Feature", "properties": { "id": "11670811-746", "name": "Pine Street", "class": "residential", "is_priority": false }, "geometry": { "type": "LineString", "coordinates": [ [ -74.462329, 40.484795 ], [ -74.463121, 40.48549 ] ] } },
{ "type": "Feature", "properties": { "id": "11670819-747", "name": "Lucha Court", "class": "residential", "is_priority": false }, "geometry": { "type": "LineString", "coordinates": [ [ -74.39912, 40.480071 ], [ -74.399432, 40.479885 ], [ -74.399934, 40.479656 ] ] } },
{ "type": "Feature", "properties": { "id": "11670831-748", "name": "Lawrence Brook Drive", "class": "residential", "is_priority": false }, "geometry": { "type": "LineString", "coordinates": [ [ -74.412616, 40.474575 ], [ -74.412958, 40.474351 ], [ -74.413344, 40.474154 ], [ -74.413877, 40.474051 ], [ -74.414383, 40.474017 ], [ -74.414765, 40.47397 ] ] } },
{ "type": "Feature", "properties": { "id": "11670831-749", "name": "Lawrence Brook Drive", "class": "residential", "is_priority": false }, "geometry": { "type": "LineString", "coordinates": [ [ -74.414765, 40.47397 ], [ -74.415196, 40.473846 ], [ -74.415284, 40.473837 ], [ -74.416099, 40.473556 ], [ -74.416445, 40.473459 ], [ -74.416644, 40.473442 ], [ -74.416866, 40.473477 ], [ -74.416961, 40.473532 ] ] } },
{ "type": "Feature", "properties": { "id": "11670831-750", "name": "Lawrence Brook Drive", "class": "residential", "is_priority": false }, "geometry": { "type": "LineString", "coordinates": [ [ -74.416961, 40.473532 ], [ -74.417067, 40.473594 ], [ -74.417306, 40.47379 ] ] } },
{ "type": "Feature", "properties": { "id": "11670863-751", "name": "6th Street", "class": "residential", "is_priority": false }, "geometry": { "type": "LineString", "coordinates": [ [ -74.463975, 40.474335 ], [ -74.465814, 40.475457 ] ] } },
{ "type": "Feature", "properties": { "id": "11670876-752", "name": "Ross Hall Boulevard", "class": "residential", "is_priority": false }, "geometry": { "type": "LineString", "coordinates": [ [ -74.449272, 40.510512 ], [ -74.448498, 40.511653 ], [ -74.448369, 40.511792 ], [ -74.448227, 40.511895 ] ] } },
{ "type": "Feature", "properties": { "id": "11670947-753", "name": "Welton Street", "class": "residential", "is_priority": false }, "geometry": { "type": "LineString", "coordinates": [ [ -74.441523, 40.488195 ], [ -74.443378, 40.489308 ] ] } },
{ "type": "Feature", "properties": { "id": "11670947-754", "name": "Welton Street", "class": "residential", "is_priority": false }, "geometry": { "type": "LineString", "coordinates": [ [ -74.443378, 40.489308 ], [ -74.445218, 40.490437 ] ] } },
{ "type": "Feature", "properties": { "id": "11670947-755", "name": "Welton Street", "class": "residential", "is_priority": false }, "geometry": { "type": "LineString", "coordinates": [ [ -74.445218, 40.490437 ], [ -74.447056, 40.491567 ] ] } },
{ "type": "Feature", "properties": { "id": "11670947-756", "name": "Welton Street", "class": "residential", "is_priority": false }, "geometry": { "type": "LineString", "coordinates": [ [ -74.447056, 40.491567 ], [ -74.448207, 40.492263 ] ] } },
{ "type": "Feature", "properties": { "id": "11670972-757", "name": "Kirklin Place", "class": "residential", "is_priority": false }, "geometry": { "type": "LineString", "coordinates": [ [ -74.414087, 40.471942 ], [ -74.414393, 40.472181 ], [ -74.414469, 40.472293 ], [ -74.414729, 40.472853 ], [ -74.415116, 40.473539 ] ] } },
{ "type": "Feature", "properties": { "id": "11670972-758", "name": "Kirklin Place", "class": "residential", "is_priority": false }, "geometry": { "type": "LineString", "coordinates": [ [ -74.415116, 40.473539 ], [ -74.415284, 40.473837 ] ] } },
{ "type": "Feature", "properties": { "id": "11670985-759", "name": "South 7th Avenue", "class": "residential", "is_priority": false }, "geometry": { "type": "LineString", "coordinates": [ [ -74.422033, 40.5004 ], [ -74.421021, 40.498772 ] ] } },
{ "type": "Feature", "properties": { "id": "11670985-760", "name": "South 7th Avenue", "class": "residential", "is_priority": false }, "geometry": { "type": "LineString", "coordinates": [ [ -74.421021, 40.498772 ], [ -74.42001, 40.497144 ] ] } },
{ "type": "Feature", "properties": { "id": "11670985-761", "name": "South 7th Avenue", "class": "residential", "is_priority": false }, "geometry": { "type": "LineString", "coordinates": [ [ -74.42001, 40.497144 ], [ -74.419794, 40.496781 ], [ -74.419258, 40.495439 ] ] } },
{ "type": "Feature", "properties": { "id": "11670985-762", "name": "South 7th Avenue", "class": "residential", "is_priority": false }, "geometry": { "type": "LineString", "coordinates": [ [ -74.419258, 40.495439 ], [ -74.41906, 40.494943 ] ] } },
{ "type": "Feature", "properties": { "id": "11671024-763", "name": "Tower Center Boulevard", "class": "tertiary", "is_priority": false }, "geometry": { "type": "LineString", "coordinates": [ [ -74.410797, 40.480226 ], [ -74.410369, 40.479333 ], [ -74.410182, 40.479098 ], [ -74.410059, 40.478991 ], [ -74.40997, 40.478939 ] ] } },
{ "type": "Feature", "properties": { "id": "11671185-764", "name": "Neilson Street", "class": "residential", "is_priority": false }, "geometry": { "type": "LineString", "coordinates": [ [ -74.438016, 40.487704 ], [ -74.438767, 40.488081 ], [ -74.438834, 40.488125 ], [ -74.438902, 40.488207 ] ] } },
{ "type": "Feature", "properties": { "id": "11671190-765", "name": "Neilson Street", "class": "residential", "is_priority": false }, "geometry": { "type": "LineString", "coordinates": [ [ -74.44243, 40.49702 ], [ -74.442407, 40.496908 ] ] } },
{ "type": "Feature", "properties": { "id": "11671276-766", "name": "North 4th Avenue", "class": "residential", "is_priority": false }, "geometry": { "type": "LineString", "coordinates": [ [ -74.426216, 40.499732 ], [ -74.427209, 40.501367 ] ] } },
{ "type": "Feature", "properties": { "id": "11671276-767", "name": "North 4th Avenue", "class": "residential", "is_priority": false }, "geometry": { "type": "LineString", "coordinates": [ [ -74.427209, 40.501367 ], [ -74.427332, 40.501569 ] ] } },
{ "type": "Feature", "properties": { "id": "11671380-768", "name": "Central Avenue", "class": "residential", "is_priority": false }, "geometry": { "type": "LineString", "coordinates": [ [ -74.452334, 40.498374 ], [ -74.454691, 40.498458 ] ] } },
{ "type": "Feature", "properties": { "id": "11671380-769", "name": "Central Avenue", "class": "residential", "is_priority": false }, "geometry": { "type": "LineString", "coordinates": [ [ -74.454691, 40.498458 ], [ -74.457049, 40.498542 ] ] } },
{ "type": "Feature", "properties": { "id": "11671380-770", "name": "Central Avenue", "class": "residential", "is_priority": false }, "geometry": { "type": "LineString", "coordinates": [ [ -74.457049, 40.498542 ], [ -74.457956, 40.498574 ] ] } },
{ "type": "Feature", "properties": { "id": "11671427-771", "name": "East Peoria Place", "class": "residential", "is_priority": false }, "geometry": { "type": "LineString", "coordinates": [ [ -74.483736, 40.46557 ], [ -74.484562, 40.46608 ], [ -74.484725, 40.466117 ], [ -74.484801, 40.466118 ], [ -74.484855, 40.466105 ], [ -74.485456, 40.46572 ], [ -74.485482, 40.465648 ], [ -74.485452, 40.465567 ] ] } },
{ "type": "Feature", "properties": { "id": "11671427-772", "name": "East Peoria Place", "class": "residential", "is_priority": false }, "geometry": { "type": "LineString", "coordinates": [ [ -74.485452, 40.465567 ], [ -74.485408, 40.465483 ], [ -74.485208, 40.465361 ] ] } },
{ "type": "Feature", "properties": { "id": "11671459-773", "name": "Tuthill Road", "class": "residential", "is_priority": false }, "geometry": { "type": "LineString", "coordinates": [ [ -74.410381, 40.485446 ], [ -74.410266, 40.485608 ], [ -74.409921, 40.485987 ], [ -74.409861, 40.486089 ], [ -74.409815, 40.486313 ], [ -74.409859, 40.486641 ] ] } },
{ "type": "Feature", "properties": { "id": "11671471-774", "name": "Braun Avenue", "class": "residential", "is_priority": false }, "geometry": { "type": "LineString", "coordinates": [ [ -74.425619, 40.495707 ], [ -74.424936, 40.493982 ] ] } },
{ "type": "Feature", "properties": { "id": "11671471-775", "name": "Braun Avenue", "class": "residential", "is_priority": false }, "geometry": { "type": "LineString", "coordinates": [ [ -74.424936, 40.493982 ], [ -74.424279, 40.492319 ] ] } },
{ "type": "Feature", "properties": { "id": "11671524-776", "name": "Reservoir Avenue", "class": "residential", "is_priority": false }, "geometry": { "type": "LineString", "coordinates": [ [ -74.443205, 40.476376 ], [ -74.442086, 40.477527 ], [ -74.442032, 40.477535 ], [ -74.441774, 40.477794 ] ] } },
{ "type": "Feature", "properties": { "id": "11671524-777", "name": "Reservoir Avenue", "class": "residential", "is_priority": false }, "geometry": { "type": "LineString", "coordinates": [ [ -74.441774, 40.477794 ], [ -74.440807, 40.478747 ] ] } },
{ "type": "Feature", "properties": { "id": "11671559-778", "name": "Sullivan Way", "class": "residential", "is_priority": false }, "geometry": { "type": "LineString", "coordinates": [ [ -74.431927, 40.490412 ], [ -74.430856, 40.490587 ], [ -74.430786, 40.49064 ] ] } },
{ "type": "Feature", "properties": { "id": "11671584-779", "name": "Cedar Lane", "class": "tertiary", "is_priority": false }, "geometry": { "type": "LineString", "coordinates": [ [ -74.440093, 40.5059 ], [ -74.438072, 40.506832 ] ] } },
{ "type": "Feature", "properties": { "id": "11671584-780", "name": "Cedar Lane", "class": "tertiary", "is_priority": false }, "geometry": { "type": "LineString", "coordinates": [ [ -74.438072, 40.506832 ], [ -74.436056, 40.507768 ] ] } },
{ "type": "Feature", "properties": { "id": "11671584-781", "name": "Cedar Lane", "class": "tertiary", "is_priority": false }, "geometry": { "type": "LineString", "coordinates": [ [ -74.436056, 40.507768 ], [ -74.435796, 40.507895 ], [ -74.435705, 40.507963 ], [ -74.435355, 40.508275 ], [ -74.434494, 40.509105 ] ] } },
{ "type": "Feature", "properties": { "id": "11671584-782", "name": "Cedar Lane", "class": "tertiary", "is_priority": false }, "geometry": { "type": "LineString", "coordinates": [ [ -74.434494, 40.509105 ], [ -74.4339, 40.509671 ] ] } },
{ "type": "Feature", "properties": { "id": "11671682-783", "name": "Duclos Lane", "class": "tertiary", "is_priority": false }, "geometry": { "type": "LineString", "coordinates": [ [ -74.410932, 40.501116 ], [ -74.410932, 40.501448 ], [ -74.411106, 40.502734 ] ] } },
{ "type": "Feature", "properties": { "id": "11671687-784", "name": "Muir Way", "class": "residential", "is_priority": false }, "geometry": { "type": "LineString", "coordinates": [ [ -74.433649, 40.49399 ], [ -74.433967, 40.494522 ], [ -74.43449, 40.494347 ], [ -74.434566, 40.494256 ], [ -74.435046, 40.494091 ] ] } },
{ "type": "Feature", "properties": { "id": "11671694-785", "name": "Brookside Avenue", "class": "residential", "is_priority": false }, "geometry": { "type": "LineString", "coordinates": [ [ -74.456964, 40.493978 ], [ -74.458875, 40.493664 ] ] } },
{ "type": "Feature", "properties": { "id": "11671697-786", "name": "Brookside Avenue", "class": "residential", "is_priority": false }, "geometry": { "type": "LineString", "coordinates": [ [ -74.45522, 40.494672 ], [ -74.45685, 40.493846 ] ] } },
{ "type": "Feature", "properties": { "id": "11671703-787", "name": "Lewis Street", "class": "residential", "is_priority": false }, "geometry": { "type": "LineString", "coordinates": [ [ -74.414806, 40.500009 ], [ -74.413966, 40.499954 ] ] } },
{ "type": "Feature", "properties": { "id": "11671724-788", "name": "Edgeworth Place", "class": "residential", "is_priority": false }, "geometry": { "type": "LineString", "coordinates": [ [ -74.456468, 40.48436 ], [ -74.4575, 40.484972 ], [ -74.458131, 40.485375 ] ] } },
{ "type": "Feature", "properties": { "id": "11671728-789", "name": "Hildebrand Way", "class": "residential", "is_priority": false }, "geometry": { "type": "LineString", "coordinates": [ [ -74.440337, 40.491714 ], [ -74.441057, 40.491637 ] ] } },
{ "type": "Feature", "properties": { "id": "11671740-790", "name": "Garden Street", "class": "residential", "is_priority": false }, "geometry": { "type": "LineString", "coordinates": [ [ -74.407434, 40.500229 ], [ -74.407369, 40.500788 ], [ -74.407417, 40.500947 ], [ -74.407558, 40.502019 ] ] } },
{ "type": "Feature", "properties": { "id": "11671740-791", "name": "Garden Street", "class": "residential", "is_priority": false }, "geometry": { "type": "LineString", "coordinates": [ [ -74.407558, 40.502019 ], [ -74.407601, 40.502348 ] ] } },
{ "type": "Feature", "properties": { "id": "11671831-792", "name": "Crescent Court", "class": "residential", "is_priority": false }, "geometry": { "type": "LineString", "coordinates": [ [ -74.487558, 40.469599 ], [ -74.4881, 40.469082 ] ] } },
{ "type": "Feature", "properties": { "id": "11671955-793", "name": "Somerset Street", "class": "residential", "is_priority": false }, "geometry": { "type": "LineString", "coordinates": [ [ -74.445398, 40.498144 ], [ -74.446912, 40.49768 ] ] } },
{ "type": "Feature", "properties": { "id": "11671962-794", "name": "Pennington Road", "class": "residential", "is_priority": false }, "geometry": { "type": "LineString", "coordinates": [ [ -74.413718, 40.485469 ], [ -74.413362, 40.485306 ], [ -74.413189, 40.485274 ], [ -74.413022, 40.485263 ], [ -74.412735, 40.485314 ], [ -74.412255, 40.485492 ], [ -74.412049, 40.48555 ], [ -74.411645, 40.485587 ], [ -74.411502, 40.485581 ] ] } },
{ "type": "Feature", "properties": { "id": "11671962-795", "name": "Pennington Road", "class": "residential", "is_priority": false }, "geometry": { "type": "LineString", "coordinates": [ [ -74.411502, 40.485581 ], [ -74.410926, 40.485548 ], [ -74.410547, 40.485495 ], [ -74.410381, 40.485446 ], [ -74.409323, 40.484986 ] ] } },
{ "type": "Feature", "properties": { "id": "11671962-796", "name": "Pennington Road", "class": "residential", "is_priority": false }, "geometry": { "type": "LineString", "coordinates": [ [ -74.409323, 40.484986 ], [ -74.408857, 40.484771 ], [ -74.408668, 40.48466 ], [ -74.408439, 40.484498 ], [ -74.408148, 40.484166 ], [ -74.40801, 40.4839 ], [ -74.407926, 40.483628 ] ] } },
{ "type": "Feature", "properties": { "id": "11671962-797", "name": "Pennington Road", "class": "residential", "is_priority": false }, "geometry": { "type": "LineString", "coordinates": [ [ -74.407926, 40.483628 ], [ -74.407842, 40.483472 ], [ -74.407695, 40.483274 ], [ -74.407506, 40.483097 ], [ -74.407114, 40.482872 ], [ -74.406732, 40.482748 ], [ -74.406536, 40.482713 ], [ -74.406103, 40.482691 ] ] } },
{ "type": "Feature", "properties": { "id": "11671962-798", "name": "Pennington Road", "class": "residential", "is_priority": false }, "geometry": { "type": "LineString", "coordinates": [ [ -74.406103, 40.482691 ], [ -74.405157, 40.482691 ], [ -74.405025, 40.482708 ], [ -74.404856, 40.482754 ], [ -74.404745, 40.48281 ], [ -74.404634, 40.482901 ], [ -74.404554, 40.483011 ], [ -74.404504, 40.483115 ], [ -74.404486, 40.483235 ] ] } },
{ "type": "Feature", "properties": { "id": "11671993-799", "name": "Jennings Court", "class": "residential", "is_priority": false }, "geometry": { "type": "LineString", "coordinates": [ [ -74.477374, 40.483767 ], [ -74.476717, 40.482332 ] ] } },
{ "type": "Feature", "properties": { "id": "11672043-800", "name": "Evergreen Court", "class": "residential", "is_priority": false }, "geometry": { "type": "LineString", "coordinates": [ [ -74.461687, 40.46803 ], [ -74.461811, 40.469829 ] ] } },
{ "type": "Feature", "properties": { "id": "11672043-801", "name": "Evergreen Court", "class": "residential", "is_priority": false }, "geometry": { "type": "LineString", "coordinates": [ [ -74.461811, 40.469829 ], [ -74.461881, 40.46991 ], [ -74.462059, 40.469931 ], [ -74.462729, 40.469879 ], [ -74.463111, 40.4699 ], [ -74.464035, 40.470175 ] ] } },
{ "type": "Feature", "properties": { "id": "11672043-802", "name": "Evergreen Court", "class": "residential", "is_priority": false }, "geometry": { "type": "LineString", "coordinates": [ [ -74.464035, 40.470175 ], [ -74.464063, 40.470183 ] ] } },
{ "type": "Feature", "properties": { "id": "11672079-803", "name": "Park Way", "class": "residential", "is_priority": false }, "geometry": { "type": "LineString", "coordinates": [ [ -74.394801, 40.500434 ], [ -74.394789, 40.500388 ], [ -74.394882, 40.500031 ], [ -74.394922, 40.499792 ], [ -74.395654, 40.499052 ], [ -74.395852, 40.498889 ] ] } },
{ "type": "Feature", "properties": { "id": "11672079-804", "name": "Park Way", "class": "residential", "is_priority": false }, "geometry": { "type": "LineString", "coordinates": [ [ -74.395852, 40.498889 ], [ -74.396028, 40.498724 ], [ -74.396065, 40.49837 ], [ -74.396171, 40.497709 ], [ -74.396193, 40.497329 ], [ -74.396171, 40.497142 ] ] } },
{ "type": "Feature", "properties": { "id": "11672079-805", "name": "Park Way", "class": "residential", "is_priority": false }, "geometry": { "type": "LineString", "coordinates": [ [ -74.396171, 40.497142 ], [ -74.396165, 40.497096 ], [ -74.3961, 40.497049 ] ] } },
{ "type": "Feature", "properties": { "id": "11672133-806", "name": "Weston Place", "class": "residential", "is_priority": false }, "geometry": { "type": "LineString", "coordinates": [ [ -74.396234, 40.48039 ], [ -74.395872, 40.47861 ] ] } },
{ "type": "Feature", "properties": { "id": "11672133-807", "name": "Weston Place", "class": "residential", "is_priority": false }, "geometry": { "type": "LineString", "coordinates": [ [ -74.395872, 40.47861 ], [ -74.395791, 40.478208 ] ] } },
{ "type": "Feature", "properties": { "id": "11672136-808", "name": "Throop Avenue", "class": "residential", "is_priority": false }, "geometry": { "type": "LineString", "coordinates": [ [ -74.442687, 40.487068 ], [ -74.441523, 40.488195 ], [ -74.441333, 40.488366 ], [ -74.441173, 40.488439 ] ] } },
{ "type": "Feature", "properties": { "id": "11672136-809", "name": "Throop Avenue", "class": "residential", "is_priority": false }, "geometry": { "type": "LineString", "coordinates": [ [ -74.441173, 40.488439 ], [ -74.440852, 40.488549 ] ] } },
{ "type": "Feature", "properties": { "id": "11672160-810", "name": "Wayne Street", "class": "residential", "is_priority": false }, "geometry": { "type": "LineString", "coordinates": [ [ -74.432061, 40.500866 ], [ -74.431833, 40.501054 ], [ -74.431707, 40.501116 ], [ -74.430002, 40.50171 ] ] } },
{ "type": "Feature", "properties": { "id": "11672160-811", "name": "Wayne Street", "class": "residential", "is_priority": false }, "geometry": { "type": "LineString", "coordinates": [ [ -74.430002, 40.50171 ], [ -74.427863, 40.502471 ] ] } },
{ "type": "Feature", "properties": { "id": "11672160-812", "name": "Wayne Street", "class": "residential", "is_priority": false }, "geometry": { "type": "LineString", "coordinates": [ [ -74.427863, 40.502471 ], [ -74.427292, 40.502666 ] ] } },
{ "type": "Feature", "properties": { "id": "11672164-813", "name": "Wayne Street", "class": "residential", "is_priority": false }, "geometry": { "type": "LineString", "coordinates": [ [ -74.399164, 40.49908 ], [ -74.399102, 40.498372 ], [ -74.398969, 40.497284 ] ] } },
{ "type": "Feature", "properties": { "id": "11672164-814", "name": "Wayne Street", "class": "residential", "is_priority": false }, "geometry": { "type": "LineString", "coordinates": [ [ -74.398969, 40.497284 ], [ -74.398772, 40.495653 ] ] } },
{ "type": "Feature", "properties": { "id": "11672171-815", "name": "Home News Row", "class": "residential", "is_priority": false }, "geometry": { "type": "LineString", "coordinates": [ [ -74.482677, 40.470411 ], [ -74.481224, 40.471831 ] ] } },
{ "type": "Feature", "properties": { "id": "11672171-816", "name": "Home News Row", "class": "residential", "is_priority": false }, "geometry": { "type": "LineString", "coordinates": [ [ -74.481224, 40.471831 ], [ -74.479793, 40.473264 ] ] } },
{ "type": "Feature", "properties": { "id": "11672171-817", "name": "Home News Row", "class": "residential", "is_priority": false }, "geometry": { "type": "LineString", "coordinates": [ [ -74.479793, 40.473264 ], [ -74.478352, 40.47469 ] ] } },
{ "type": "Feature", "properties": { "id": "11672171-818", "name": "Home News Row", "class": "residential", "is_priority": false }, "geometry": { "type": "LineString", "coordinates": [ [ -74.478352, 40.47469 ], [ -74.478149, 40.474891 ], [ -74.47684, 40.476073 ] ] } },
{ "type": "Feature", "properties": { "id": "11672171-819", "name": "Home News Row", "class": "residential", "is_priority": false }, "geometry": { "type": "LineString", "coordinates": [ [ -74.47684, 40.476073 ], [ -74.476663, 40.476233 ] ] } },
{ "type": "Feature", "properties": { "id": "11672279-820", "name": "Kirkpatrick Street", "class": "residential", "is_priority": false }, "geometry": { "type": "LineString", "coordinates": [ [ -74.446264, 40.492631 ], [ -74.446277, 40.492758 ], [ -74.446629, 40.49441 ] ] } },
{ "type": "Feature", "properties": { "id": "11672279-821", "name": "Kirkpatrick Street", "class": "residential", "is_priority": false }, "geometry": { "type": "LineString", "coordinates": [ [ -74.446629, 40.49441 ], [ -74.446706, 40.494764 ] ] } },
{ "type": "Feature", "properties": { "id": "11672286-822", "name": "Naricon Place", "class": "residential", "is_priority": false }, "geometry": { "type": "LineString", "coordinates": [ [ -74.411367, 40.478307 ], [ -74.411531, 40.478356 ], [ -74.412829, 40.478268 ] ] } },
{ "type": "Feature", "properties": { "id": "11672294-823", "name": "Jerome Place", "class": "residential", "is_priority": false }, "geometry": { "type": "LineString", "coordinates": [ [ -74.464135, 40.474204 ], [ -74.463773, 40.47253 ], [ -74.463724, 40.472458 ] ] } },
{ "type": "Feature", "properties": { "id": "11672374-824", "name": "Marion Street", "class": "residential", "is_priority": false }, "geometry": { "type": "LineString", "coordinates": [ [ -74.398966, 40.473283 ], [ -74.398088, 40.473299 ], [ -74.397838, 40.473353 ], [ -74.397707, 40.473434 ], [ -74.39769, 40.474238 ] ] } },
{ "type": "Feature", "properties": { "id": "11672374-825", "name": "Marion Street", "class": "residential", "is_priority": false }, "geometry": { "type": "LineString", "coordinates": [ [ -74.39769, 40.474238 ], [ -74.397654, 40.475886 ] ] } },
{ "type": "Feature", "properties": { "id": "11672426-826", "name": "James Street", "class": "residential", "is_priority": false }, "geometry": { "type": "LineString", "coordinates": [ [ -74.45398, 40.49197 ], [ -74.455221, 40.493396 ] ] } },
{ "type": "Feature", "properties": { "id": "11672469-827", "name": "Hillcrest Drive", "class": "residential", "is_priority": false }, "geometry": { "type": "LineString", "coordinates": [ [ -74.455517, 40.512049 ], [ -74.455433, 40.512246 ] ] } },
{ "type": "Feature", "properties": { "id": "11672509-828", "name": "Regency Manor Drive", "class": "residential", "is_priority": false }, "geometry": { "type": "LineString", "coordinates": [ [ -74.414637, 40.486499 ], [ -74.414479, 40.486682 ], [ -74.414451, 40.486735 ], [ -74.414374, 40.487016 ], [ -74.414317, 40.487148 ], [ -74.413673, 40.48813 ] ] } },
{ "type": "Feature", "properties": { "id": "11672509-829", "name": "Regency Manor Drive", "class": "residential", "is_priority": false }, "geometry": { "type": "LineString", "coordinates": [ [ -74.413673, 40.48813 ], [ -74.413421, 40.488526 ], [ -74.41319, 40.489179 ] ] } },
{ "type": "Feature", "properties": { "id": "11672608-830", "name": "North Talmadge Street", "class": "residential", "is_priority": false }, "geometry": { "type": "LineString", "coordinates": [ [ -74.446132, 40.478981 ], [ -74.447976, 40.480105 ] ] } },
{ "type": "Feature", "properties": { "id": "11672608-831", "name": "North Talmadge Street", "class": "residential", "is_priority": false }, "geometry": { "type": "LineString", "coordinates": [ [ -74.447976, 40.480105 ], [ -74.448955, 40.480717 ] ] } },
{ "type": "Feature", "properties": { "id": "11672610-832", "name": "Cherokee Place", "class": "residential", "is_priority": false }, "geometry": { "type": "LineString", "coordinates": [ [ -74.486319, 40.463035 ], [ -74.4864, 40.462886 ], [ -74.486906, 40.462577 ] ] } },
{ "type": "Feature", "properties": { "id": "11672617-833", "name": "North Adelaide Avenue", "class": "residential", "is_priority": false }, "geometry": { "type": "LineString", "coordinates": [ [ -74.434698, 40.497948 ], [ -74.434736, 40.498021 ], [ -74.434802, 40.49829 ] ] } },
{ "type": "Feature", "properties": { "id": "11672645-834", "name": "Edison Avenue", "class": "residential", "is_priority": false }, "geometry": { "type": "LineString", "coordinates": [ [ -74.457015, 40.470655 ], [ -74.456984, 40.470578 ], [ -74.457004, 40.470122 ], [ -74.456939, 40.469689 ] ] } },
{ "type": "Feature", "properties": { "id": "11672670-835", "name": "Florence Street", "class": "residential", "is_priority": false }, "geometry": { "type": "LineString", "coordinates": [ [ -74.458524, 40.49054 ], [ -74.459242, 40.491342 ] ] } },
{ "type": "Feature", "properties": { "id": "11672738-836", "name": "Becker Street", "class": "residential", "is_priority": false }, "geometry": { "type": "LineString", "coordinates": [ [ -74.423585, 40.494633 ], [ -74.422308, 40.494922 ] ] } },
{ "type": "Feature", "properties": { "id": "11672739-837", "name": "Becker Street", "class": "residential", "is_priority": false }, "geometry": { "type": "LineString", "coordinates": [ [ -74.425059, 40.494296 ], [ -74.423585, 40.494633 ] ] } },
{ "type": "Feature", "properties": { "id": "11672804-838", "name": "Bayard Street", "class": "residential", "is_priority": false }, "geometry": { "type": "LineString", "coordinates": [ [ -74.441863, 40.49469 ], [ -74.441986, 40.494662 ], [ -74.443747, 40.49441 ] ] } },
{ "type": "Feature", "properties": { "id": "11672837-839", "name": "Gates Avenue", "class": "residential", "is_priority": false }, "geometry": { "type": "LineString", "coordinates": [ [ -74.400538, 40.47863 ], [ -74.400533, 40.476828 ] ] } },
{ "type": "Feature", "properties": { "id": "11672837-840", "name": "Gates Avenue", "class": "residential", "is_priority": false }, "geometry": { "type": "LineString", "coordinates": [ [ -74.400533, 40.476828 ], [ -74.400543, 40.475027 ] ] } },
{ "type": "Feature", "properties": { "id": "11672837-841", "name": "Gates Avenue", "class": "residential", "is_priority": false }, "geometry": { "type": "LineString", "coordinates": [ [ -74.400543, 40.475027 ], [ -74.40057, 40.473225 ] ] } },
{ "type": "Feature", "properties": { "id": "11672837-842", "name": "Gates Avenue", "class": "residential", "is_priority": false }, "geometry": { "type": "LineString", "coordinates": [ [ -74.40057, 40.473225 ], [ -74.400614, 40.471423 ] ] } },
{ "type": "Feature", "properties": { "id": "11672837-843", "name": "Gates Avenue", "class": "residential", "is_priority": false }, "geometry": { "type": "LineString", "coordinates": [ [ -74.400614, 40.471423 ], [ -74.400632, 40.470705 ] ] } },
{ "type": "Feature", "properties": { "id": "11672865-844", "name": "Tunison Road", "class": "residential", "is_priority": false }, "geometry": { "type": "LineString", "coordinates": [ [ -74.404953, 40.486003 ], [ -74.404977, 40.485883 ], [ -74.405162, 40.485448 ], [ -74.405193, 40.485231 ], [ -74.405189, 40.48514 ], [ -74.405153, 40.485029 ], [ -74.405019, 40.484828 ] ] } },
{ "type": "Feature", "properties": { "id": "11672867-845", "name": "Tunison Road", "class": "residential", "is_priority": false }, "geometry": { "type": "LineString", "coordinates": [ [ -74.413718, 40.485469 ], [ -74.413328, 40.485884 ], [ -74.412963, 40.486199 ], [ -74.412787, 40.486308 ], [ -74.412408, 40.486471 ], [ -74.412171, 40.486543 ], [ -74.411953, 40.486578 ] ] } },
{ "type": "Feature", "properties": { "id": "11672867-846", "name": "Tunison Road", "class": "residential", "is_priority": false }, "geometry": { "type": "LineString", "coordinates": [ [ -74.411953, 40.486578 ], [ -74.411612, 40.486616 ], [ -74.411374, 40.486617 ], [ -74.410565, 40.486581 ], [ -74.409859, 40.486641 ], [ -74.409615, 40.4867 ] ] } },
{ "type": "Feature", "properties": { "id": "11672867-847", "name": "Tunison Road", "class": "residential", "is_priority": false }, "geometry": { "type": "LineString", "coordinates": [ [ -74.409615, 40.4867 ], [ -74.407364, 40.48724 ] ] } },
{ "type": "Feature", "properties": { "id": "11672867-848", "name": "Tunison Road", "class": "residential", "is_priority": false }, "geometry": { "type": "LineString", "coordinates": [ [ -74.407364, 40.48724 ], [ -74.40696, 40.487331 ], [ -74.406725, 40.48735 ], [ -74.406484, 40.487339 ], [ -74.406235, 40.48728 ], [ -74.406141, 40.487248 ], [ -74.406009, 40.487166 ], [ -74.405455, 40.4866 ] ] } },
{ "type": "Feature", "properties": { "id": "11672867-849", "name": "Tunison Road", "class": "residential", "is_priority": false }, "geometry": { "type": "LineString", "coordinates": [ [ -74.405455, 40.4866 ], [ -74.405025, 40.486151 ], [ -74.404979, 40.486086 ], [ -74.404953, 40.486003 ] ] } },
{ "type": "Feature", "properties": { "id": "11672879-850", "name": "Terminal Road", "class": "residential", "is_priority": false }, "geometry": { "type": "LineString", "coordinates": [ [ -74.486853, 40.472897 ], [ -74.486184, 40.473648 ], [ -74.485601, 40.474246 ], [ -74.485474, 40.474358 ] ] } },
{ "type": "Feature", "properties": { "id": "11672879-851", "name": "Terminal Road", "class": "residential", "is_priority": false }, "geometry": { "type": "LineString", "coordinates": [ [ -74.485474, 40.474358 ], [ -74.485076, 40.474672 ], [ -74.484466, 40.47497 ], [ -74.483925, 40.475442 ], [ -74.483793, 40.475596 ] ] } },
{ "type": "Feature", "properties": { "id": "11672879-852", "name": "Terminal Road", "class": "residential", "is_priority": false }, "geometry": { "type": "LineString", "coordinates": [ [ -74.483793, 40.475596 ], [ -74.482476, 40.477091 ] ] } },
{ "type": "Feature", "properties": { "id": "11672879-853", "name": "Terminal Road", "class": "residential", "is_priority": false }, "geometry": { "type": "LineString", "coordinates": [ [ -74.482476, 40.477091 ], [ -74.48241, 40.477165 ] ] } },
{ "type": "Feature", "properties": { "id": "11672883-854", "name": "Ellison Avenue", "class": "residential", "is_priority": false }, "geometry": { "type": "LineString", "coordinates": [ [ -74.397222, 40.479987 ], [ -74.397248, 40.478185 ] ] } },
{ "type": "Feature", "properties": { "id": "11672883-855", "name": "Ellison Avenue", "class": "residential", "is_priority": false }, "geometry": { "type": "LineString", "coordinates": [ [ -74.397248, 40.478185 ], [ -74.397282, 40.476384 ] ] } },
{ "type": "Feature", "properties": { "id": "11672883-856", "name": "Ellison Avenue", "class": "residential", "is_priority": false }, "geometry": { "type": "LineString", "coordinates": [ [ -74.397282, 40.476384 ], [ -74.397288, 40.476053 ], [ -74.397347, 40.475971 ], [ -74.39749, 40.475917 ], [ -74.397654, 40.475886 ] ] } },
{ "type": "Feature", "properties": { "id": "11672905-857", "name": "Loring Avenue", "class": "residential", "is_priority": false }, "geometry": { "type": "LineString", "coordinates": [ [ -74.4018, 40.500483 ], [ -74.401853, 40.500998 ] ] } },
{ "type": "Feature", "properties": { "id": "11672995-858", "name": "Starlight Court", "class": "residential", "is_priority": false }, "geometry": { "type": "LineString", "coordinates": [ [ -74.449178, 40.481788 ], [ -74.449523, 40.481995 ] ] } },
{ "type": "Feature", "properties": { "id": "11673075-859", "name": "Wellington Place", "class": "residential", "is_priority": false }, "geometry": { "type": "LineString", "coordinates": [ [ -74.402956, 40.496373 ], [ -74.400624, 40.496249 ] ] } },
{ "type": "Feature", "properties": { "id": "11673077-860", "name": "Wellington Place", "class": "residential", "is_priority": false }, "geometry": { "type": "LineString", "coordinates": [ [ -74.45704, 40.483805 ], [ -74.45872, 40.48483 ] ] } },
{ "type": "Feature", "properties": { "id": "11673086-861", "name": "Patton Drive", "class": "residential", "is_priority": false }, "geometry": { "type": "LineString", "coordinates": [ [ -74.411206, 40.474865 ], [ -74.411584, 40.475233 ], [ -74.412211, 40.475659 ], [ -74.412672, 40.475749 ], [ -74.413098, 40.475802 ] ] } },
{ "type": "Feature", "properties": { "id": "11673086-862", "name": "Patton Drive", "class": "residential", "is_priority": false }, "geometry": { "type": "LineString", "coordinates": [ [ -74.413098, 40.475802 ], [ -74.413264, 40.475822 ], [ -74.41342, 40.475912 ], [ -74.413584, 40.476049 ], [ -74.413713, 40.476375 ], [ -74.413697, 40.476566 ], [ -74.413642, 40.476773 ], [ -74.413248, 40.477287 ] ] } },
{ "type": "Feature", "properties": { "id": "11673086-863", "name": "Patton Drive", "class": "residential", "is_priority": false }, "geometry": { "type": "LineString", "coordinates": [ [ -74.413248, 40.477287 ], [ -74.413108, 40.477469 ], [ -74.412883, 40.477885 ], [ -74.412824, 40.478147 ], [ -74.412829, 40.478268 ], [ -74.412863, 40.478407 ], [ -74.412959, 40.478704 ], [ -74.412947, 40.47901 ] ] } },
{ "type": "Feature", "properties": { "id": "11673086-864", "name": "Patton Drive", "class": "residential", "is_priority": false }, "geometry": { "type": "LineString", "coordinates": [ [ -74.412947, 40.47901 ], [ -74.412802, 40.47934 ], [ -74.412761, 40.479532 ], [ -74.412812, 40.480407 ], [ -74.412796, 40.480513 ], [ -74.412701, 40.480779 ] ] } },
{ "type": "Feature", "properties": { "id": "11673086-865", "name": "Patton Drive", "class": "residential", "is_priority": false }, "geometry": { "type": "LineString", "coordinates": [ [ -74.412701, 40.480779 ], [ -74.412654, 40.480911 ], [ -74.412324, 40.481354 ] ] } },
{ "type": "Feature", "properties": { "id": "11673107-866", "name": "Loretta Street", "class": "residential", "is_priority": false }, "geometry": { "type": "LineString", "coordinates": [ [ -74.455559, 40.47725 ], [ -74.457423, 40.478355 ] ] } },
{ "type": "Feature", "properties": { "id": "11673107-867", "name": "Loretta Street", "class": "residential", "is_priority": false }, "geometry": { "type": "LineString", "coordinates": [ [ -74.457423, 40.478355 ], [ -74.459271, 40.479475 ] ] } },
{ "type": "Feature", "properties": { "id": "11673107-868", "name": "Loretta Street", "class": "residential", "is_priority": false }, "geometry": { "type": "LineString", "coordinates": [ [ -74.459271, 40.479475 ], [ -74.460681, 40.480344 ] ] } },
{ "type": "Feature", "properties": { "id": "11673184-869", "name": "Sandford Street", "class": "residential", "is_priority": false }, "geometry": { "type": "LineString", "coordinates": [ [ -74.445862, 40.481549 ], [ -74.447715, 40.482664 ] ] } },
{ "type": "Feature", "properties": { "id": "11673184-870", "name": "Sandford Street", "class": "residential", "is_priority": false }, "geometry": { "type": "LineString", "coordinates": [ [ -74.447715, 40.482664 ], [ -74.449054, 40.483498 ] ] } },
{ "type": "Feature", "properties": { "id": "11673186-871", "name": "Sandford Street", "class": "residential", "is_priority": false }, "geometry": { "type": "LineString", "coordinates": [ [ -74.456247, 40.487874 ], [ -74.457558, 40.488671 ] ] } },
{ "type": "Feature", "properties": { "id": "11673187-872", "name": "Sandford Street", "class": "residential", "is_priority": false }, "geometry": { "type": "LineString", "coordinates": [ [ -74.442806, 40.479687 ], [ -74.44438, 40.480649 ] ] } },
{ "type": "Feature", "properties": { "id": "11673189-873", "name": "Walnut Street", "class": "residential", "is_priority": false }, "geometry": { "type": "LineString", "coordinates": [ [ -74.469297, 40.467418 ], [ -74.469612, 40.467603 ], [ -74.471021, 40.46854 ] ] } },
{ "type": "Feature", "properties": { "id": "11673211-874", "name": "Fulton Court", "class": "residential", "is_priority": false }, "geometry": { "type": "LineString", "coordinates": [ [ -74.45091, 40.479915 ], [ -74.450853, 40.479865 ], [ -74.450797, 40.479775 ], [ -74.450658, 40.479221 ] ] } },
{ "type": "Feature", "properties": { "id": "11673220-875", "name": "Fox Road", "class": "residential", "is_priority": false }, "geometry": { "type": "LineString", "coordinates": [ [ -74.413952, 40.493721 ], [ -74.413919, 40.494377 ], [ -74.413982, 40.49451 ], [ -74.41405, 40.494568 ], [ -74.414135, 40.494603 ], [ -74.414228, 40.494618 ], [ -74.414715, 40.494613 ], [ -74.414828, 40.494633 ], [ -74.414955, 40.494688 ], [ -74.415017, 40.494749 ], [ -74.415053, 40.494813 ], [ -74.415057, 40.494873 ] ] } },
{ "type": "Feature", "properties": { "id": "11673220-876", "name": "Fox Road", "class": "residential", "is_priority": false }, "geometry": { "type": "LineString", "coordinates": [ [ -74.415057, 40.494873 ], [ -74.415059, 40.494907 ], [ -74.414949, 40.495211 ], [ -74.414912, 40.495263 ], [ -74.414772, 40.495346 ], [ -74.41467, 40.495367 ], [ -74.414558, 40.495364 ], [ -74.413733, 40.495304 ], [ -74.413603, 40.495308 ], [ -74.413483, 40.49534 ], [ -74.41338, 40.495402 ], [ -74.413245, 40.495527 ] ] } },
{ "type": "Feature", "properties": { "id": "11673220-877", "name": "Fox Road", "class": "residential", "is_priority": false }, "geometry": { "type": "LineString", "coordinates": [ [ -74.413245, 40.495527 ], [ -74.413212, 40.495585 ], [ -74.413168, 40.495801 ], [ -74.413109, 40.495891 ], [ -74.412809, 40.496168 ], [ -74.41274, 40.496292 ], [ -74.412591, 40.496935 ], [ -74.412459, 40.497112 ], [ -74.412443, 40.497179 ] ] } },
{ "type": "Feature", "properties": { "id": "11673220-878", "name": "Fox Road", "class": "residential", "is_priority": false }, "geometry": { "type": "LineString", "coordinates": [ [ -74.412443, 40.497179 ], [ -74.412062, 40.498957 ] ] } },
{ "type": "Feature", "properties": { "id": "11673220-879", "name": "Fox Road", "class": "residential", "is_priority": false }, "geometry": { "type": "LineString", "coordinates": [ [ -74.412062, 40.498957 ], [ -74.411708, 40.500738 ] ] } },
{ "type": "Feature", "properties": { "id": "11673220-880", "name": "Fox Road", "class": "residential", "is_priority": false }, "geometry": { "type": "LineString", "coordinates": [ [ -74.411708, 40.500738 ], [ -74.41165, 40.501071 ], [ -74.411651, 40.501159 ] ] } },
{ "type": "Feature", "properties": { "id": "11673271-881", "name": "Ellen Street", "class": "residential", "is_priority": false }, "geometry": { "type": "LineString", "coordinates": [ [ -74.453882, 40.478845 ], [ -74.455732, 40.479964 ] ] } },
{ "type": "Feature", "properties": { "id": "11673271-882", "name": "Ellen Street", "class": "residential", "is_priority": false }, "geometry": { "type": "LineString", "coordinates": [ [ -74.455732, 40.479964 ], [ -74.457584, 40.481081 ] ] } },
{ "type": "Feature", "properties": { "id": "11673271-883", "name": "Ellen Street", "class": "residential", "is_priority": false }, "geometry": { "type": "LineString", "coordinates": [ [ -74.457584, 40.481081 ], [ -74.459001, 40.481944 ] ] } },
{ "type": "Feature", "properties": { "id": "11673348-884", "name": "Lawrence Avenue", "class": "residential", "is_priority": false }, "geometry": { "type": "LineString", "coordinates": [ [ -74.437318, 40.50063 ], [ -74.436766, 40.500164 ], [ -74.436523, 40.500233 ], [ -74.436431, 40.500281 ], [ -74.435264, 40.500268 ] ] } },
{ "type": "Feature", "properties": { "id": "11673348-885", "name": "Lawrence Avenue", "class": "residential", "is_priority": false }, "geometry": { "type": "LineString", "coordinates": [ [ -74.435264, 40.500268 ], [ -74.433928, 40.500256 ], [ -74.433739, 40.500269 ] ] } },
{ "type": "Feature", "properties": { "id": "11673362-886", "name": "North 2nd Avenue", "class": "residential", "is_priority": false }, "geometry": { "type": "LineString", "coordinates": [ [ -74.432567, 40.501146 ], [ -74.433333, 40.501538 ], [ -74.43443, 40.502248 ] ] } },
{ "type": "Feature", "properties": { "id": "11673362-887", "name": "North 2nd Avenue", "class": "residential", "is_priority": false }, "geometry": { "type": "LineString", "coordinates": [ [ -74.43443, 40.502248 ], [ -74.435386, 40.50285 ], [ -74.435886, 40.503225 ], [ -74.436202, 40.503437 ] ] } },
{ "type": "Feature", "properties": { "id": "11673362-888", "name": "North 2nd Avenue", "class": "residential", "is_priority": false }, "geometry": { "type": "LineString", "coordinates": [ [ -74.436202, 40.503437 ], [ -74.436397, 40.503564 ] ] } },
{ "type": "Feature", "properties": { "id": "11673375-889", "name": "Mansfield Street", "class": "residential", "is_priority": false }, "geometry": { "type": "LineString", "coordinates": [ [ -74.426232, 40.494739 ], [ -74.425323, 40.494945 ], [ -74.424064, 40.495433 ] ] } },
{ "type": "Feature", "properties": { "id": "11673375-890", "name": "Mansfield Street", "class": "residential", "is_priority": false }, "geometry": { "type": "LineString", "coordinates": [ [ -74.424064, 40.495433 ], [ -74.421964, 40.496254 ] ] } },
{ "type": "Feature", "properties": { "id": "11673375-891", "name": "Mansfield Street", "class": "residential", "is_priority": false }, "geometry": { "type": "LineString", "coordinates": [ [ -74.421964, 40.496254 ], [ -74.421752, 40.496337 ] ] } },
{ "type": "Feature", "properties": { "id": "11673558-892", "name": "Hollywood Street", "class": "residential", "is_priority": false }, "geometry": { "type": "LineString", "coordinates": [ [ -74.456807, 40.473753 ], [ -74.456871, 40.473908 ], [ -74.456953, 40.473981 ], [ -74.458154, 40.47474 ] ] } },
{ "type": "Feature", "properties": { "id": "11673674-893", "name": "South 10th Avenue", "class": "residential", "is_priority": false }, "geometry": { "type": "LineString", "coordinates": [ [ -74.418244, 40.501245 ], [ -74.417943, 40.499458 ] ] } },
{ "type": "Feature", "properties": { "id": "11673674-894", "name": "South 10th Avenue", "class": "residential", "is_priority": false }, "geometry": { "type": "LineString", "coordinates": [ [ -74.417943, 40.499458 ], [ -74.417897, 40.499185 ], [ -74.417319, 40.497723 ] ] } },
{ "type": "Feature", "properties": { "id": "11673674-895", "name": "South 10th Avenue", "class": "residential", "is_priority": false }, "geometry": { "type": "LineString", "coordinates": [ [ -74.417319, 40.497723 ], [ -74.416936, 40.496736 ] ] } },
{ "type": "Feature", "properties": { "id": "11673675-896", "name": "South 10th Avenue", "class": "residential", "is_priority": false }, "geometry": { "type": "LineString", "coordinates": [ [ -74.418629, 40.50168 ], [ -74.418548, 40.501215 ] ] } },
{ "type": "Feature", "properties": { "id": "11673688-897", "name": "West Peoria Place", "class": "residential", "is_priority": false }, "geometry": { "type": "LineString", "coordinates": [ [ -74.484487, 40.464936 ], [ -74.485208, 40.465361 ] ] } },
{ "type": "Feature", "properties": { "id": "11673743-898", "name": "Talmadge Street", "class": "residential", "is_priority": false }, "geometry": { "type": "LineString", "coordinates": [ [ -74.450812, 40.481829 ], [ -74.452659, 40.482951 ] ] } },
{ "type": "Feature", "properties": { "id": "11673743-899", "name": "Talmadge Street", "class": "residential", "is_priority": false }, "geometry": { "type": "LineString", "coordinates": [ [ -74.452659, 40.482951 ], [ -74.45404, 40.483787 ] ] } },
{ "type": "Feature", "properties": { "id": "11673760-900", "name": "Stratford Place", "class": "residential", "is_priority": false }, "geometry": { "type": "LineString", "coordinates": [ [ -74.453451, 40.484354 ], [ -74.455308, 40.485466 ] ] } },
{ "type": "Feature", "properties": { "id": "11673760-901", "name": "Stratford Place", "class": "residential", "is_priority": false }, "geometry": { "type": "LineString", "coordinates": [ [ -74.455308, 40.485466 ], [ -74.455313, 40.485469 ] ] } },
{ "type": "Feature", "properties": { "id": "11673766-902", "name": "Cox Road", "class": "residential", "is_priority": false }, "geometry": { "type": "LineString", "coordinates": [ [ -74.472233, 40.467531 ], [ -74.471069, 40.466755 ] ] } },
{ "type": "Feature", "properties": { "id": "11673767-903", "name": "Hayes Court", "class": "residential", "is_priority": false }, "geometry": { "type": "LineString", "coordinates": [ [ -74.472292, 40.468746 ], [ -74.473094, 40.468462 ] ] } },
{ "type": "Feature", "properties": { "id": "11673820-904", "name": "Harrison Avenue", "class": "residential", "is_priority": false }, "geometry": { "type": "LineString", "coordinates": [ [ -74.437894, 40.500248 ], [ -74.436113, 40.501432 ] ] } },
{ "type": "Feature", "properties": { "id": "11673820-905", "name": "Harrison Avenue", "class": "residential", "is_priority": false }, "geometry": { "type": "LineString", "coordinates": [ [ -74.436113, 40.501432 ], [ -74.434664, 40.502396 ], [ -74.434383, 40.502652 ] ] } },
{ "type": "Feature", "properties": { "id": "11673820-906", "name": "Harrison Avenue", "class": "residential", "is_priority": false }, "geometry": { "type": "LineString", "coordinates": [ [ -74.434383, 40.502652 ], [ -74.432865, 40.504031 ] ] } },
{ "type": "Feature", "properties": { "id": "11673820-907", "name": "Harrison Avenue", "class": "residential", "is_priority": false }, "geometry": { "type": "LineString", "coordinates": [ [ -74.432865, 40.504031 ], [ -74.431348, 40.505412 ] ] } },
{ "type": "Feature", "properties": { "id": "11673820-908", "name": "Harrison Avenue", "class": "residential", "is_priority": false }, "geometry": { "type": "LineString", "coordinates": [ [ -74.431348, 40.505412 ], [ -74.430148, 40.506507 ] ] } },
{ "type": "Feature", "properties": { "id": "11673847-909", "name": "Johnson Drive", "class": "tertiary", "is_priority": false }, "geometry": { "type": "LineString", "coordinates": [ [ -74.4447, 40.499923 ], [ -74.444195, 40.500072 ], [ -74.443246, 40.500319 ] ] } },
{ "type": "Feature", "properties": { "id": "11673863-910", "name": "Hilton Street", "class": "residential", "is_priority": false }, "geometry": { "type": "LineString", "coordinates": [ [ -74.414717, 40.500666 ], [ -74.414806, 40.500009 ], [ -74.414916, 40.498959 ] ] } },
{ "type": "Feature", "properties": { "id": "11673869-911", "name": "Gibbons Court", "class": "residential", "is_priority": false }, "geometry": { "type": "LineString", "coordinates": [ [ -74.432816, 40.485223 ], [ -74.433223, 40.485211 ], [ -74.433598, 40.485285 ] ] } },
{ "type": "Feature", "properties": { "id": "11673919-912", "name": "South 1st Avenue", "class": "residential", "is_priority": false }, "geometry": { "type": "LineString", "coordinates": [ [ -74.432699, 40.498178 ], [ -74.432022, 40.496452 ] ] } },
{ "type": "Feature", "properties": { "id": "11673919-913", "name": "South 1st Avenue", "class": "residential", "is_priority": false }, "geometry": { "type": "LineString", "coordinates": [ [ -74.432022, 40.496452 ], [ -74.431344, 40.494726 ] ] } },
{ "type": "Feature", "properties": { "id": "11673919-914", "name": "South 1st Avenue", "class": "residential", "is_priority": false }, "geometry": { "type": "LineString", "coordinates": [ [ -74.431344, 40.494726 ], [ -74.430665, 40.493 ] ] } },
{ "type": "Feature", "properties": { "id": "11673919-915", "name": "South 1st Avenue", "class": "residential", "is_priority": false }, "geometry": { "type": "LineString", "coordinates": [ [ -74.430665, 40.493 ], [ -74.429975, 40.491277 ] ] } },
{ "type": "Feature", "properties": { "id": "11673919-916", "name": "South 1st Avenue", "class": "residential", "is_priority": false }, "geometry": { "type": "LineString", "coordinates": [ [ -74.429975, 40.491277 ], [ -74.429812, 40.49087 ], [ -74.429805, 40.490753 ], [ -74.429733, 40.490589 ], [ -74.42964, 40.490489 ], [ -74.429518, 40.490431 ], [ -74.429472, 40.490431 ] ] } },
{ "type": "Feature", "properties": { "id": "11673921-917", "name": "Suydam Street", "class": "residential", "is_priority": false }, "geometry": { "type": "LineString", "coordinates": [ [ -74.438663, 40.483667 ], [ -74.440508, 40.48479 ] ] } },
{ "type": "Feature", "properties": { "id": "11673921-918", "name": "Suydam Street", "class": "residential", "is_priority": false }, "geometry": { "type": "LineString", "coordinates": [ [ -74.440508, 40.48479 ], [ -74.441701, 40.485517 ] ] } },
{ "type": "Feature", "properties": { "id": "11673962-919", "name": "Petrick Place", "class": "residential", "is_priority": false }, "geometry": { "type": "LineString", "coordinates": [ [ -74.459038, 40.475271 ], [ -74.459489, 40.474805 ] ] } },
{ "type": "Feature", "properties": { "id": "11673968-920", "name": "Voorhees Road", "class": "residential", "is_priority": false }, "geometry": { "type": "LineString", "coordinates": [ [ -74.408439, 40.484498 ], [ -74.408015, 40.484719 ], [ -74.40787, 40.484775 ], [ -74.407742, 40.484806 ], [ -74.407608, 40.484819 ], [ -74.407336, 40.484785 ], [ -74.407205, 40.48475 ], [ -74.406814, 40.484548 ], [ -74.406683, 40.484159 ] ] } },
{ "type": "Feature", "properties": { "id": "11673968-921", "name": "Voorhees Road", "class": "residential", "is_priority": false }, "geometry": { "type": "LineString", "coordinates": [ [ -74.406683, 40.484159 ], [ -74.406578, 40.48401 ], [ -74.406348, 40.483863 ], [ -74.406159, 40.483818 ], [ -74.405141, 40.483774 ], [ -74.40501, 40.48375 ], [ -74.404756, 40.48366 ], [ -74.404613, 40.48355 ] ] } },
{ "type": "Feature", "properties": { "id": "11673968-922", "name": "Voorhees Road", "class": "residential", "is_priority": false }, "geometry": { "type": "LineString", "coordinates": [ [ -74.404613, 40.48355 ], [ -74.404554, 40.483488 ], [ -74.404509, 40.483403 ], [ -74.404486, 40.483235 ] ] } },
{ "type": "Feature", "properties": { "id": "11674027-923", "name": "Elm Row", "class": "residential", "is_priority": false }, "geometry": { "type": "LineString", "coordinates": [ [ -74.445183, 40.494986 ], [ -74.445032, 40.494223 ] ] } },
{ "type": "Feature", "properties": { "id": "11674280-924", "name": "Seminary Place", "class": "residential", "is_priority": false }, "geometry": { "type": "LineString", "coordinates": [ [ -74.44642, 40.502194 ], [ -74.448398, 40.501214 ] ] } },
{ "type": "Feature", "properties": { "id": "11674280-925", "name": "Seminary Place", "class": "residential", "is_priority": false }, "geometry": { "type": "LineString", "coordinates": [ [ -74.448398, 40.501214 ], [ -74.448844, 40.500991 ] ] } },
{ "type": "Feature", "properties": { "id": "11674282-926", "name": "Schrira Road", "class": "residential", "is_priority": false }, "geometry": { "type": "LineString", "coordinates": [ [ -74.462358, 40.4637 ], [ -74.46346, 40.464383 ] ] } },
{ "type": "Feature", "properties": { "id": "11674358-927", "name": "Cleremont Avenue", "class": "residential", "is_priority": false }, "geometry": { "type": "LineString", "coordinates": [ [ -74.463724, 40.472458 ], [ -74.463594, 40.472431 ], [ -74.461371, 40.472429 ] ] } },
{ "type": "Feature", "properties": { "id": "11674358-928", "name": "Cleremont Avenue", "class": "residential", "is_priority": false }, "geometry": { "type": "LineString", "coordinates": [ [ -74.461371, 40.472429 ], [ -74.459012, 40.472443 ] ] } },
{ "type": "Feature", "properties": { "id": "11674358-929", "name": "Cleremont Avenue", "class": "residential", "is_priority": false }, "geometry": { "type": "LineString", "coordinates": [ [ -74.459012, 40.472443 ], [ -74.457899, 40.472455 ] ] } },
{ "type": "Feature", "properties": { "id": "11674359-930", "name": "Cleremont Avenue", "class": "residential", "is_priority": false }, "geometry": { "type": "LineString", "coordinates": [ [ -74.392135, 40.499478 ], [ -74.391571, 40.498652 ], [ -74.39113, 40.498057 ] ] } },
{ "type": "Feature", "properties": { "id": "11674394-931", "name": "Benner Street", "class": "residential", "is_priority": false }, "geometry": { "type": "LineString", "coordinates": [ [ -74.432678, 40.495617 ], [ -74.430414, 40.496126 ] ] } },
{ "type": "Feature", "properties": { "id": "11674394-932", "name": "Benner Street", "class": "residential", "is_priority": false }, "geometry": { "type": "LineString", "coordinates": [ [ -74.430414, 40.496126 ], [ -74.428152, 40.49664 ] ] } },
{ "type": "Feature", "properties": { "id": "11674394-933", "name": "Benner Street", "class": "residential", "is_priority": false }, "geometry": { "type": "LineString", "coordinates": [ [ -74.428152, 40.49664 ], [ -74.42589, 40.497154 ] ] } },
{ "type": "Feature", "properties": { "id": "11674394-934", "name": "Benner Street", "class": "residential", "is_priority": false }, "geometry": { "type": "LineString", "coordinates": [ [ -74.42589, 40.497154 ], [ -74.425638, 40.497213 ], [ -74.423743, 40.497898 ] ] } },
{ "type": "Feature", "properties": { "id": "11674394-935", "name": "Benner Street", "class": "residential", "is_priority": false }, "geometry": { "type": "LineString", "coordinates": [ [ -74.423743, 40.497898 ], [ -74.42161, 40.498669 ] ] } },
{ "type": "Feature", "properties": { "id": "11674394-936", "name": "Benner Street", "class": "residential", "is_priority": false }, "geometry": { "type": "LineString", "coordinates": [ [ -74.42161, 40.498669 ], [ -74.419479, 40.499443 ] ] } },
{ "type": "Feature", "properties": { "id": "11674394-937", "name": "Benner Street", "class": "residential", "is_priority": false }, "geometry": { "type": "LineString", "coordinates": [ [ -74.419479, 40.499443 ], [ -74.41928, 40.499515 ] ] } },
{ "type": "Feature", "properties": { "id": "11674502-938", "name": "Leston Place", "class": "residential", "is_priority": false }, "geometry": { "type": "LineString", "coordinates": [ [ -74.403669, 40.500605 ], [ -74.403777, 40.501479 ] ] } },
{ "type": "Feature", "properties": { "id": "11674503-939", "name": "Harvey Street", "class": "residential", "is_priority": false }, "geometry": { "type": "LineString", "coordinates": [ [ -74.45518, 40.496723 ], [ -74.454752, 40.495895 ], [ -74.454759, 40.495801 ], [ -74.45488, 40.495654 ], [ -74.454892, 40.495572 ], [ -74.454472, 40.495114 ] ] } },
{ "type": "Feature", "properties": { "id": "11674503-940", "name": "Harvey Street", "class": "residential", "is_priority": false }, "geometry": { "type": "LineString", "coordinates": [ [ -74.454472, 40.495114 ], [ -74.453683, 40.4942 ] ] } },
{ "type": "Feature", "properties": { "id": "11674510-941", "name": "Douglas Place", "class": "residential", "is_priority": false }, "geometry": { "type": "LineString", "coordinates": [ [ -74.470163, 40.462617 ], [ -74.471911, 40.461408 ] ] } },
{ "type": "Feature", "properties": { "id": "11674510-942", "name": "Douglas Place", "class": "residential", "is_priority": false }, "geometry": { "type": "LineString", "coordinates": [ [ -74.471911, 40.461408 ], [ -74.47212, 40.461263 ] ] } },
{ "type": "Feature", "properties": { "id": "11674608-943", "name": "Forest Glen Drive", "class": "residential", "is_priority": false }, "geometry": { "type": "LineString", "coordinates": [ [ -74.436691, 40.508323 ], [ -74.436854, 40.508162 ], [ -74.437137, 40.507969 ], [ -74.438052, 40.507551 ], [ -74.438413, 40.507437 ], [ -74.438657, 40.507378 ] ] } },
{ "type": "Feature", "properties": { "id": "11674608-944", "name": "Forest Glen Drive", "class": "residential", "is_priority": false }, "geometry": { "type": "LineString", "coordinates": [ [ -74.438657, 40.507378 ], [ -74.438783, 40.507386 ], [ -74.438837, 40.507405 ], [ -74.438893, 40.507441 ], [ -74.438969, 40.507535 ], [ -74.438992, 40.507643 ], [ -74.438985, 40.507703 ], [ -74.438937, 40.507822 ], [ -74.438848, 40.507954 ], [ -74.438781, 40.508034 ], [ -74.43835, 40.508398 ], [ -74.438265, 40.508431 ], [ -74.437766, 40.508514 ] ] } },
{ "type": "Feature", "properties": { "id": "11674608-945", "name": "Forest Glen Drive", "class": "residential", "is_priority": false }, "geometry": { "type": "LineString", "coordinates": [ [ -74.437766, 40.508514 ], [ -74.437, 40.508641 ], [ -74.436975, 40.50858 ], [ -74.436873, 40.508451 ], [ -74.4368, 40.508382 ], [ -74.436691, 40.508323 ] ] } },
{ "type": "Feature", "properties": { "id": "11674608-946", "name": "Forest Glen Drive", "class": "residential", "is_priority": false }, "geometry": { "type": "LineString", "coordinates": [ [ -74.436691, 40.508323 ], [ -74.436044, 40.508084 ], [ -74.435954, 40.508035 ], [ -74.435796, 40.507895 ] ] } },
{ "type": "Feature", "properties": { "id": "11674612-947", "name": "Mason Avenue", "class": "residential", "is_priority": false }, "geometry": { "type": "LineString", "coordinates": [ [ -74.443371, 40.47825 ], [ -74.444032, 40.477588 ] ] } },
{ "type": "Feature", "properties": { "id": "11674615-948", "name": "Donaldson Street", "class": "residential", "is_priority": false }, "geometry": { "type": "LineString", "coordinates": [ [ -74.431074, 40.491475 ], [ -74.428815, 40.491997 ] ] } },
{ "type": "Feature", "properties": { "id": "11674615-949", "name": "Donaldson Street", "class": "residential", "is_priority": false }, "geometry": { "type": "LineString", "coordinates": [ [ -74.428815, 40.491997 ], [ -74.426555, 40.492517 ] ] } },
{ "type": "Feature", "properties": { "id": "11674615-950", "name": "Donaldson Street", "class": "residential", "is_priority": false }, "geometry": { "type": "LineString", "coordinates": [ [ -74.426555, 40.492517 ], [ -74.42545, 40.492772 ] ] } },
{ "type": "Feature", "properties": { "id": "11674616-951", "name": "Donaldson Street", "class": "residential", "is_priority": false }, "geometry": { "type": "LineString", "coordinates": [ [ -74.424542, 40.492978 ], [ -74.422283, 40.493498 ] ] } },
{ "type": "Feature", "properties": { "id": "11674616-952", "name": "Donaldson Street", "class": "residential", "is_priority": false }, "geometry": { "type": "LineString", "coordinates": [ [ -74.422283, 40.493498 ], [ -74.4207, 40.493865 ] ] } },
{ "type": "Feature", "properties": { "id": "11674619-953", "name": "Donaldson Street", "class": "residential", "is_priority": false }, "geometry": { "type": "LineString", "coordinates": [ [ -74.418808, 40.494302 ], [ -74.416549, 40.494823 ] ] } },
{ "type": "Feature", "properties": { "id": "11674619-954", "name": "Donaldson Street", "class": "residential", "is_priority": false }, "geometry": { "type": "LineString", "coordinates": [ [ -74.416549, 40.494823 ], [ -74.416287, 40.494884 ] ] } },
{ "type": "Feature", "properties": { "id": "11674729-955", "name": "16th Street", "class": "residential", "is_priority": false }, "geometry": { "type": "LineString", "coordinates": [ [ -74.470366, 40.469082 ], [ -74.471491, 40.469772 ], [ -74.471693, 40.469857 ], [ -74.472227, 40.470186 ] ] } },
{ "type": "Feature", "properties": { "id": "11674729-956", "name": "16th Street", "class": "residential", "is_priority": false }, "geometry": { "type": "LineString", "coordinates": [ [ -74.472227, 40.470186 ], [ -74.473253, 40.470819 ] ] } },
{ "type": "Feature", "properties": { "id": "11674751-957", "name": "Jessica Lane", "class": "residential", "is_priority": false }, "geometry": { "type": "LineString", "coordinates": [ [ -74.477367, 40.465059 ], [ -74.477337, 40.464926 ], [ -74.477636, 40.463863 ], [ -74.477541, 40.463645 ], [ -74.477459, 40.463575 ], [ -74.477215, 40.463414 ] ] } },
{ "type": "Feature", "properties": { "id": "11674755-958", "name": "Fayette Street", "class": "residential", "is_priority": false }, "geometry": { "type": "LineString", "coordinates": [ [ -74.406485, 40.501427 ], [ -74.404784, 40.501555 ] ] } },
{ "type": "Feature", "properties": { "id": "11674775-959", "name": "Van Dyke Avenue", "class": "residential", "is_priority": false }, "geometry": { "type": "LineString", "coordinates": [ [ -74.468161, 40.479969 ], [ -74.469993, 40.481104 ] ] } },
{ "type": "Feature", "properties": { "id": "11674775-960", "name": "Van Dyke Avenue", "class": "residential", "is_priority": false }, "geometry": { "type": "LineString", "coordinates": [ [ -74.469993, 40.481104 ], [ -74.471838, 40.482228 ] ] } },
{ "type": "Feature", "properties": { "id": "11674775-961", "name": "Van Dyke Avenue", "class": "residential", "is_priority": false }, "geometry": { "type": "LineString", "coordinates": [ [ -74.471838, 40.482228 ], [ -74.473681, 40.483352 ] ] } },
{ "type": "Feature", "properties": { "id": "11674775-962", "name": "Van Dyke Avenue", "class": "residential", "is_priority": false }, "geometry": { "type": "LineString", "coordinates": [ [ -74.473681, 40.483352 ], [ -74.474334, 40.483711 ], [ -74.475548, 40.484454 ] ] } },
{ "type": "Feature", "properties": { "id": "11674775-963", "name": "Van Dyke Avenue", "class": "residential", "is_priority": false }, "geometry": { "type": "LineString", "coordinates": [ [ -74.475548, 40.484454 ], [ -74.475793, 40.484603 ], [ -74.475838, 40.484693 ] ] } },
{ "type": "Feature", "properties": { "id": "11674808-964", "name": "Suydam Road", "class": "residential", "is_priority": false }, "geometry": { "type": "LineString", "coordinates": [ [ -74.407948, 40.471829 ], [ -74.408514, 40.472029 ], [ -74.408643, 40.472043 ], [ -74.408774, 40.472023 ], [ -74.408881, 40.47198 ], [ -74.408978, 40.471911 ], [ -74.409349, 40.47139 ], [ -74.409397, 40.47128 ], [ -74.409401, 40.471059 ] ] } },
{ "type": "Feature", "properties": { "id": "11674808-965", "name": "Suydam Road", "class": "residential", "is_priority": false }, "geometry": { "type": "LineString", "coordinates": [ [ -74.409401, 40.471059 ], [ -74.409418, 40.470811 ], [ -74.409538, 40.470582 ] ] } },
{ "type": "Feature", "properties": { "id": "11674825-966", "name": "Halstead Road", "class": "residential", "is_priority": false }, "geometry": { "type": "LineString", "coordinates": [ [ -74.411561, 40.487713 ], [ -74.411086, 40.487444 ], [ -74.410927, 40.48738 ], [ -74.410776, 40.487345 ], [ -74.410573, 40.487321 ], [ -74.410394, 40.487321 ], [ -74.410232, 40.487344 ], [ -74.409389, 40.487541 ] ] } },
{ "type": "Feature", "properties": { "id": "11674825-967", "name": "Halstead Road", "class": "residential", "is_priority": false }, "geometry": { "type": "LineString", "coordinates": [ [ -74.409389, 40.487541 ], [ -74.408187, 40.487822 ] ] } },
{ "type": "Feature", "properties": { "id": "11674929-968", "name": "May Street", "class": "residential", "is_priority": false }, "geometry": { "type": "LineString", "coordinates": [ [ -74.454998, 40.477773 ], [ -74.456608, 40.478744 ] ] } },
{ "type": "Feature", "properties": { "id": "11674970-969", "name": "Bristol Street", "class": "residential", "is_priority": false }, "geometry": { "type": "LineString", "coordinates": [ [ -74.45464, 40.500102 ], [ -74.455707, 40.498495 ] ] } },
{ "type": "Feature", "properties": { "id": "11674997-970", "name": "Plum Street", "class": "residential", "is_priority": false }, "geometry": { "type": "LineString", "coordinates": [ [ -74.45141, 40.493744 ], [ -74.452027, 40.494414 ] ] } },
{ "type": "Feature", "properties": { "id": "11675017-971", "name": "3rd Avenue", "class": "residential", "is_priority": false }, "geometry": { "type": "LineString", "coordinates": [ [ -74.447646, 40.467884 ], [ -74.449336, 40.469141 ] ] } },
{ "type": "Feature", "properties": { "id": "11675017-972", "name": "3rd Avenue", "class": "residential", "is_priority": false }, "geometry": { "type": "LineString", "coordinates": [ [ -74.449336, 40.469141 ], [ -74.450817, 40.470203 ] ] } },
{ "type": "Feature", "properties": { "id": "11675045-973", "name": "Freeman Street", "class": "residential", "is_priority": false }, "geometry": { "type": "LineString", "coordinates": [ [ -74.456043, 40.492984 ], [ -74.456149, 40.493045 ], [ -74.457237, 40.494281 ] ] } },
{ "type": "Feature", "properties": { "id": "11675083-974", "name": "Ainslie Court", "class": "residential", "is_priority": false }, "geometry": { "type": "LineString", "coordinates": [ [ -74.414103, 40.470117 ], [ -74.413554, 40.470485 ], [ -74.413442, 40.470579 ], [ -74.413342, 40.470724 ], [ -74.413023, 40.471293 ] ] } },
{ "type": "Feature", "properties": { "id": "11675102-975", "name": "Potomac Avenue", "class": "residential", "is_priority": false }, "geometry": { "type": "LineString", "coordinates": [ [ -74.492291, 40.464846 ], [ -74.492134, 40.464669 ], [ -74.492103, 40.464611 ] ] } },
{ "type": "Feature", "properties": { "id": "11675164-976", "name": "Newton Street", "class": "residential", "is_priority": false }, "geometry": { "type": "LineString", "coordinates": [ [ -74.464063, 40.470183 ], [ -74.464423, 40.469482 ], [ -74.464761, 40.468904 ], [ -74.464819, 40.468825 ], [ -74.465076, 40.468566 ] ] } },
{ "type": "Feature", "properties": { "id": "11675164-977", "name": "Newton Street", "class": "residential", "is_priority": false }, "geometry": { "type": "LineString", "coordinates": [ [ -74.465076, 40.468566 ], [ -74.465631, 40.468039 ] ] } },
{ "type": "Feature", "properties": { "id": "11675171-978", "name": "Newton Street", "class": "residential", "is_priority": false }, "geometry": { "type": "LineString", "coordinates": [ [ -74.465631, 40.468039 ], [ -74.467107, 40.466633 ] ] } },
{ "type": "Feature", "properties": { "id": "11675171-979", "name": "Newton Street", "class": "residential", "is_priority": false }, "geometry": { "type": "LineString", "coordinates": [ [ -74.467107, 40.466633 ], [ -74.468582, 40.465228 ] ] } },
{ "type": "Feature", "properties": { "id": "11675171-980", "name": "Newton Street", "class": "residential", "is_priority": false }, "geometry": { "type": "LineString", "coordinates": [ [ -74.468582, 40.465228 ], [ -74.47006, 40.463823 ] ] } },
{ "type": "Feature", "properties": { "id": "11675171-981", "name": "Newton Street", "class": "residential", "is_priority": false }, "geometry": { "type": "LineString", "coordinates": [ [ -74.47006, 40.463823 ], [ -74.470841, 40.463087 ], [ -74.471448, 40.462584 ], [ -74.471622, 40.462479 ] ] } },
{ "type": "Feature", "properties": { "id": "11675171-982", "name": "Newton Street", "class": "residential", "is_priority": false }, "geometry": { "type": "LineString", "coordinates": [ [ -74.471622, 40.462479 ], [ -74.471815, 40.462408 ], [ -74.47205, 40.462286 ], [ -74.472361, 40.462095 ], [ -74.473121, 40.461476 ] ] } },
{ "type": "Feature", "properties": { "id": "11675274-983", "name": "Camner Avenue", "class": "residential", "is_priority": false }, "geometry": { "type": "LineString", "coordinates": [ [ -74.48093, 40.482611 ], [ -74.480395, 40.482044 ], [ -74.479559, 40.48124 ] ] } },
{ "type": "Feature", "properties": { "id": "11675293-984", "name": "13th Street", "class": "residential", "is_priority": false }, "geometry": { "type": "LineString", "coordinates": [ [ -74.468454, 40.470671 ], [ -74.470299, 40.471794 ] ] } },
{ "type": "Feature", "properties": { "id": "11675293-985", "name": "13th Street", "class": "residential", "is_priority": false }, "geometry": { "type": "LineString", "coordinates": [ [ -74.470299, 40.471794 ], [ -74.470877, 40.472136 ] ] } },
{ "type": "Feature", "properties": { "id": "11675299-986", "name": "Sheppard Avenue", "class": "residential", "is_priority": false }, "geometry": { "type": "LineString", "coordinates": [ [ -74.464674, 40.466395 ], [ -74.464781, 40.466372 ], [ -74.464956, 40.466266 ], [ -74.466226, 40.465063 ] ] } },
{ "type": "Feature", "properties": { "id": "11675299-987", "name": "Sheppard Avenue", "class": "residential", "is_priority": false }, "geometry": { "type": "LineString", "coordinates": [ [ -74.466226, 40.465063 ], [ -74.466444, 40.464857 ], [ -74.466629, 40.464654 ], [ -74.466778, 40.464472 ], [ -74.466946, 40.464208 ] ] } },
{ "type": "Feature", "properties": { "id": "11675307-988", "name": "Merriman Place", "class": "residential", "is_priority": false }, "geometry": { "type": "LineString", "coordinates": [ [ -74.408959, 40.493652 ], [ -74.410342, 40.493851 ] ] } },
{ "type": "Feature", "properties": { "id": "11675308-989", "name": "Whitman Place", "class": "residential", "is_priority": false }, "geometry": { "type": "LineString", "coordinates": [ [ -74.406819, 40.493282 ], [ -74.407489, 40.493342 ], [ -74.407706, 40.493397 ], [ -74.407931, 40.493495 ], [ -74.408097, 40.493548 ] ] } },
{ "type": "Feature", "properties": { "id": "11675312-990", "name": "Robinson Street", "class": "residential", "is_priority": false }, "geometry": { "type": "LineString", "coordinates": [ [ -74.45628, 40.498515 ], [ -74.455426, 40.496835 ] ] } },
{ "type": "Feature", "properties": { "id": "11675312-991", "name": "Robinson Street", "class": "residential", "is_priority": false }, "geometry": { "type": "LineString", "coordinates": [ [ -74.455426, 40.496835 ], [ -74.455347, 40.496678 ] ] } },
{ "type": "Feature", "properties": { "id": "11675369-992", "name": "Plainfield Avenue", "class": "tertiary", "is_priority": false }, "geometry": { "type": "LineString", "coordinates": [ [ -74.398379, 40.500529 ], [ -74.39842, 40.500889 ] ] } },
{ "type": "Feature", "properties": { "id": "11675373-993", "name": "Thomasina Street", "class": "residential", "is_priority": false }, "geometry": { "type": "LineString", "coordinates": [ [ -74.398774, 40.500495 ], [ -74.398587, 40.499327 ] ] } },
{ "type": "Feature", "properties": { "id": "11675384-994", "name": "Cardownie Street", "class": "residential", "is_priority": false }, "geometry": { "type": "LineString", "coordinates": [ [ -74.406633, 40.493897 ], [ -74.406483, 40.493838 ], [ -74.406536, 40.493703 ], [ -74.406819, 40.493282 ] ] } },
{ "type": "Feature", "properties": { "id": "11675396-995", "name": "Holmes Street", "class": "residential", "is_priority": false }, "geometry": { "type": "LineString", "coordinates": [ [ -74.411758, 40.500454 ], [ -74.409409, 40.500277 ] ] } },
{ "type": "Feature", "properties": { "id": "11675396-996", "name": "Holmes Street", "class": "residential", "is_priority": false }, "geometry": { "type": "LineString", "coordinates": [ [ -74.409409, 40.500277 ], [ -74.409228, 40.500262 ] ] } },
{ "type": "Feature", "properties": { "id": "11675482-997", "name": "North Ward Street", "class": "residential", "is_priority": false }, "geometry": { "type": "LineString", "coordinates": [ [ -74.446752, 40.478447 ], [ -74.448606, 40.479562 ] ] } },
{ "type": "Feature", "properties": { "id": "11675482-998", "name": "North Ward Street", "class": "residential", "is_priority": false }, "geometry": { "type": "LineString", "coordinates": [ [ -74.448606, 40.479562 ], [ -74.449729, 40.480247 ], [ -74.44986, 40.480301 ] ] } },
{ "type": "Feature", "properties": { "id": "11675578-999", "name": "Hartwell Street", "class": "residential", "is_priority": false }, "geometry": { "type": "LineString", "coordinates": [ [ -74.454381, 40.496993 ], [ -74.455194, 40.498476 ] ] } },
{ "type": "Feature", "properties": { "id": "11675584-1000", "name": "Chestnut Street", "class": "residential", "is_priority": false }, "geometry": { "type": "LineString", "coordinates": [ [ -74.453459, 40.469823 ], [ -74.454167, 40.470263 ] ] } },
{ "type": "Feature", "properties": { "id": "11675595-1001", "name": "Suwanee Drive", "class": "residential", "is_priority": false }, "geometry": { "type": "LineString", "coordinates": [ [ -74.48344, 40.465819 ], [ -74.484709, 40.46475 ], [ -74.485046, 40.4645 ] ] } },
{ "type": "Feature", "properties": { "id": "11675595-1002", "name": "Suwanee Drive", "class": "residential", "is_priority": false }, "geometry": { "type": "LineString", "coordinates": [ [ -74.485046, 40.4645 ], [ -74.485295, 40.464314 ] ] } },
{ "type": "Feature", "properties": { "id": "11675654-1003", "name": "Curie Road", "class": "residential", "is_priority": false }, "geometry": { "type": "LineString", "coordinates": [ [ -74.464425, 40.463395 ], [ -74.465566, 40.463768 ], [ -74.466148, 40.464003 ], [ -74.466578, 40.464126 ] ] } },
{ "type": "Feature", "properties": { "id": "11675654-1004", "name": "Curie Road", "class": "residential", "is_priority": false }, "geometry": { "type": "LineString", "coordinates": [ [ -74.466578, 40.464126 ], [ -74.467097, 40.464249 ], [ -74.467495, 40.464397 ] ] } },
{ "type": "Feature", "properties": { "id": "11675703-1005", "name": "Morris Street", "class": "residential", "is_priority": false }, "geometry": { "type": "LineString", "coordinates": [ [ -74.44276, 40.491455 ], [ -74.442129, 40.491513 ], [ -74.441057, 40.491637 ] ] } },
{ "type": "Feature", "properties": { "id": "11675711-1006", "name": "Longfield Road", "class": "residential", "is_priority": false }, "geometry": { "type": "LineString", "coordinates": [ [ -74.409861, 40.486089 ], [ -74.40949, 40.486037 ], [ -74.409259, 40.486053 ], [ -74.407591, 40.486453 ] ] } },
{ "type": "Feature", "properties": { "id": "11675711-1007", "name": "Longfield Road", "class": "residential", "is_priority": false }, "geometry": { "type": "LineString", "coordinates": [ [ -74.407591, 40.486453 ], [ -74.406739, 40.486658 ], [ -74.406578, 40.48671 ], [ -74.406432, 40.486768 ], [ -74.405904, 40.487069 ] ] } },
{ "type": "Feature", "properties": { "id": "11675712-1008", "name": "Gage Road", "class": "residential", "is_priority": false }, "geometry": { "type": "LineString", "coordinates": [ [ -74.410429, 40.473386 ], [ -74.411024, 40.472298 ], [ -74.411364, 40.471732 ] ] } },
{ "type": "Feature", "properties": { "id": "11675712-1009", "name": "Gage Road", "class": "residential", "is_priority": false }, "geometry": { "type": "LineString", "coordinates": [ [ -74.411364, 40.471732 ], [ -74.412347, 40.470094 ] ] } },
{ "type": "Feature", "properties": { "id": "11675712-1010", "name": "Gage Road", "class": "residential", "is_priority": false }, "geometry": { "type": "LineString", "coordinates": [ [ -74.412347, 40.470094 ], [ -74.41254, 40.469792 ] ] } },
{ "type": "Feature", "properties": { "id": "11675735-1011", "name": "Hamilton Street", "class": "tertiary", "is_priority": false }, "geometry": { "type": "LineString", "coordinates": [ [ -74.445172, 40.499783 ], [ -74.447364, 40.499116 ] ] } },
{ "type": "Feature", "properties": { "id": "11675735-1012", "name": "Hamilton Street", "class": "tertiary", "is_priority": false }, "geometry": { "type": "LineString", "coordinates": [ [ -74.447364, 40.499116 ], [ -74.447657, 40.499026 ] ] } },
{ "type": "Feature", "properties": { "id": "11675763-1013", "name": "Hiram Square", "class": "residential", "is_priority": false }, "geometry": { "type": "LineString", "coordinates": [ [ -74.441262, 40.495307 ], [ -74.441989, 40.495171 ] ] } },
{ "type": "Feature", "properties": { "id": "11675764-1014", "name": "Hiram Square", "class": "residential", "is_priority": false }, "geometry": { "type": "LineString", "coordinates": [ [ -74.441035, 40.495249 ], [ -74.440943, 40.495242 ], [ -74.440585, 40.495308 ] ] } },
{ "type": "Feature", "properties": { "id": "11675797-1015", "name": "Senior Street", "class": "residential", "is_priority": false }, "geometry": { "type": "LineString", "coordinates": [ [ -74.452702, 40.504008 ], [ -74.454571, 40.502907 ] ] } },
{ "type": "Feature", "properties": { "id": "11675797-1016", "name": "Senior Street", "class": "residential", "is_priority": false }, "geometry": { "type": "LineString", "coordinates": [ [ -74.454571, 40.502907 ], [ -74.45643, 40.501797 ] ] } },
{ "type": "Feature", "properties": { "id": "11675797-1017", "name": "Senior Street", "class": "residential", "is_priority": false }, "geometry": { "type": "LineString", "coordinates": [ [ -74.45643, 40.501797 ], [ -74.457364, 40.50124 ], [ -74.457461, 40.501198 ] ] } },
{ "type": "Feature", "properties": { "id": "11675821-1018", "name": "Paterson Street", "class": "residential", "is_priority": false }, "geometry": { "type": "LineString", "coordinates": [ [ -74.45099, 40.494072 ], [ -74.450871, 40.494113 ], [ -74.450541, 40.494175 ], [ -74.450464, 40.494205 ] ] } },
{ "type": "Feature", "properties": { "id": "11675832-1019", "name": "Todd Street", "class": "residential", "is_priority": false }, "geometry": { "type": "LineString", "coordinates": [ [ -74.409821, 40.493879 ], [ -74.409628, 40.493842 ], [ -74.408597, 40.493793 ] ] } },
{ "type": "Feature", "properties": { "id": "11675931-1020", "name": "Berrue Court", "class": "residential", "is_priority": false }, "geometry": { "type": "LineString", "coordinates": [ [ -74.401771, 40.498181 ], [ -74.40169, 40.497274 ], [ -74.401749, 40.497157 ] ] } },
{ "type": "Feature", "properties": { "id": "11675942-1021", "name": "Waksman Place", "class": "residential", "is_priority": false }, "geometry": { "type": "LineString", "coordinates": [ [ -74.461253, 40.46706 ], [ -74.46249, 40.467387 ], [ -74.462756, 40.467443 ], [ -74.463427, 40.467534 ], [ -74.46352, 40.467531 ] ] } },
{ "type": "Feature", "properties": { "id": "11675942-1022", "name": "Waksman Place", "class": "residential", "is_priority": false }, "geometry": { "type": "LineString", "coordinates": [ [ -74.46352, 40.467531 ], [ -74.463636, 40.467501 ], [ -74.463714, 40.467456 ], [ -74.464106, 40.467075 ] ] } },
{ "type": "Feature", "properties": { "id": "11675974-1023", "name": "Foyer Street", "class": "residential", "is_priority": false }, "geometry": { "type": "LineString", "coordinates": [ [ -74.412681, 40.499832 ], [ -74.410331, 40.499665 ] ] } },
{ "type": "Feature", "properties": { "id": "11675974-1024", "name": "Foyer Street", "class": "residential", "is_priority": false }, "geometry": { "type": "LineString", "coordinates": [ [ -74.410331, 40.499665 ], [ -74.408968, 40.49957 ] ] } },
{ "type": "Feature", "properties": { "id": "11676046-1025", "name": "Silver Lake Avenue", "class": "residential", "is_priority": false }, "geometry": { "type": "LineString", "coordinates": [ [ -74.401108, 40.500441 ], [ -74.401043, 40.499715 ], [ -74.400913, 40.498646 ] ] } },
{ "type": "Feature", "properties": { "id": "11676046-1026", "name": "Silver Lake Avenue", "class": "residential", "is_priority": false }, "geometry": { "type": "LineString", "coordinates": [ [ -74.400913, 40.498646 ], [ -74.4007, 40.496851 ] ] } },
{ "type": "Feature", "properties": { "id": "11676046-1027", "name": "Silver Lake Avenue", "class": "residential", "is_priority": false }, "geometry": { "type": "LineString", "coordinates": [ [ -74.4007, 40.496851 ], [ -74.400479, 40.495058 ] ] } },
{ "type": "Feature", "properties": { "id": "11676046-1028", "name": "Silver Lake Avenue", "class": "residential", "is_priority": false }, "geometry": { "type": "LineString", "coordinates": [ [ -74.400479, 40.495058 ], [ -74.400433, 40.494616 ], [ -74.401054, 40.493343 ] ] } },
{ "type": "Feature", "properties": { "id": "11676046-1029", "name": "Silver Lake Avenue", "class": "residential", "is_priority": false }, "geometry": { "type": "LineString", "coordinates": [ [ -74.401054, 40.493343 ], [ -74.40127, 40.492899 ], [ -74.401196, 40.492557 ], [ -74.401094, 40.492211 ], [ -74.400826, 40.491839 ], [ -74.400601, 40.491732 ] ] } },
{ "type": "Feature", "properties": { "id": "11676046-1030", "name": "Silver Lake Avenue", "class": "residential", "is_priority": false }, "geometry": { "type": "LineString", "coordinates": [ [ -74.400601, 40.491732 ], [ -74.400551, 40.491708 ], [ -74.400298, 40.491677 ], [ -74.400062, 40.491705 ] ] } },
{ "type": "Feature", "properties": { "id": "11676156-1031", "name": "Grant Avenue", "class": "residential", "is_priority": false }, "geometry": { "type": "LineString", "coordinates": [ [ -74.436431, 40.500281 ], [ -74.434654, 40.501466 ] ] } },
{ "type": "Feature", "properties": { "id": "11676156-1032", "name": "Grant Avenue", "class": "residential", "is_priority": false }, "geometry": { "type": "LineString", "coordinates": [ [ -74.434654, 40.501466 ], [ -74.433942, 40.501941 ], [ -74.433044, 40.502776 ] ] } },
{ "type": "Feature", "properties": { "id": "11676156-1033", "name": "Grant Avenue", "class": "residential", "is_priority": false }, "geometry": { "type": "LineString", "coordinates": [ [ -74.433044, 40.502776 ], [ -74.431525, 40.504155 ] ] } },
{ "type": "Feature", "properties": { "id": "11676156-1034", "name": "Grant Avenue", "class": "residential", "is_priority": false }, "geometry": { "type": "LineString", "coordinates": [ [ -74.431525, 40.504155 ], [ -74.430011, 40.505537 ] ] } },
{ "type": "Feature", "properties": { "id": "11676156-1035", "name": "Grant Avenue", "class": "residential", "is_priority": false }, "geometry": { "type": "LineString", "coordinates": [ [ -74.430011, 40.505537 ], [ -74.429887, 40.505651 ] ] } },
{ "type": "Feature", "properties": { "id": "11676163-1036", "name": "Delaware Drive", "class": "residential", "is_priority": false }, "geometry": { "type": "LineString", "coordinates": [ [ -74.487915, 40.473523 ], [ -74.488716, 40.472724 ], [ -74.488946, 40.472518 ], [ -74.489205, 40.472445 ], [ -74.489613, 40.472416 ] ] } },
{ "type": "Feature", "properties": { "id": "11676163-1037", "name": "Delaware Drive", "class": "residential", "is_priority": false }, "geometry": { "type": "LineString", "coordinates": [ [ -74.489613, 40.472416 ], [ -74.489642, 40.472414 ] ] } },
{ "type": "Feature", "properties": { "id": "11676177-1038", "name": "Hoffman Boulevard", "class": "residential", "is_priority": false }, "geometry": { "type": "LineString", "coordinates": [ [ -74.41801, 40.486302 ], [ -74.417301, 40.485974 ] ] } },
{ "type": "Feature", "properties": { "id": "11676212-1039", "name": "High Street", "class": "residential", "is_priority": false }, "geometry": { "type": "LineString", "coordinates": [ [ -74.451652, 40.495231 ], [ -74.452956, 40.496733 ] ] } },
{ "type": "Feature", "properties": { "id": "11676212-1040", "name": "High Street", "class": "residential", "is_priority": false }, "geometry": { "type": "LineString", "coordinates": [ [ -74.452956, 40.496733 ], [ -74.45338, 40.497302 ] ] } },
{ "type": "Feature", "properties": { "id": "11676231-1041", "name": "Reed Street", "class": "residential", "is_priority": false }, "geometry": { "type": "LineString", "coordinates": [ [ -74.461776, 40.476337 ], [ -74.46359, 40.47749 ] ] } },
{ "type": "Feature", "properties": { "id": "11676231-1042", "name": "Reed Street", "class": "residential", "is_priority": false }, "geometry": { "type": "LineString", "coordinates": [ [ -74.46359, 40.47749 ], [ -74.463633, 40.477517 ] ] } },
{ "type": "Feature", "properties": { "id": "11676262-1043", "name": "Mulica Drive", "class": "residential", "is_priority": false }, "geometry": { "type": "LineString", "coordinates": [ [ -74.486288, 40.465224 ], [ -74.487441, 40.464551 ], [ -74.487522, 40.464464 ], [ -74.487554, 40.464377 ] ] } },
{ "type": "Feature", "properties": { "id": "11676278-1044", "name": "Dewolf Street", "class": "residential", "is_priority": false }, "geometry": { "type": "LineString", "coordinates": [ [ -74.408528, 40.496782 ], [ -74.407339, 40.496702 ] ] } },
{ "type": "Feature", "properties": { "id": "11676300-1045", "name": "Hollywood Place", "class": "residential", "is_priority": false }, "geometry": { "type": "LineString", "coordinates": [ [ -74.456988, 40.472521 ], [ -74.45693, 40.472585 ], [ -74.456876, 40.472692 ], [ -74.456807, 40.473753 ] ] } },
{ "type": "Feature", "properties": { "id": "11676302-1046", "name": "Erik Drive", "class": "residential", "is_priority": false }, "geometry": { "type": "LineString", "coordinates": [ [ -74.450065, 40.467773 ], [ -74.44963, 40.467443 ], [ -74.449626, 40.467377 ], [ -74.449724, 40.46726 ] ] } },
{ "type": "Feature", "properties": { "id": "11676302-1047", "name": "Erik Drive", "class": "residential", "is_priority": false }, "geometry": { "type": "LineString", "coordinates": [ [ -74.450648, 40.467403 ], [ -74.450649, 40.467455 ], [ -74.450436, 40.467705 ], [ -74.450363, 40.467766 ], [ -74.450281, 40.467805 ], [ -74.450164, 40.467808 ], [ -74.450065, 40.467773 ] ] } },
{ "type": "Feature", "properties": { "id": "11676302-1048", "name": "Erik Drive", "class": "residential", "is_priority": false }, "geometry": { "type": "LineString", "coordinates": [ [ -74.450065, 40.467773 ], [ -74.449757, 40.467967 ], [ -74.449404, 40.468239 ] ] } },
{ "type": "Feature", "properties": { "id": "11676309-1049", "name": "North Drive", "class": "residential", "is_priority": false }, "geometry": { "type": "LineString", "coordinates": [ [ -74.411253, 40.474156 ], [ -74.411479, 40.474199 ], [ -74.413265, 40.474786 ], [ -74.413437, 40.47483 ] ] } },
{ "type": "Feature", "properties": { "id": "11676309-1050", "name": "North Drive", "class": "residential", "is_priority": false }, "geometry": { "type": "LineString", "coordinates": [ [ -74.413437, 40.47483 ], [ -74.413717, 40.474886 ], [ -74.414622, 40.474932 ], [ -74.415046, 40.474938 ], [ -74.415432, 40.474893 ], [ -74.415752, 40.474789 ] ] } },
{ "type": "Feature", "properties": { "id": "11676309-1051", "name": "North Drive", "class": "residential", "is_priority": false }, "geometry": { "type": "LineString", "coordinates": [ [ -74.415752, 40.474789 ], [ -74.415962, 40.474719 ], [ -74.416212, 40.474603 ], [ -74.417525, 40.473621 ] ] } },
{ "type": "Feature", "properties": { "id": "11676309-1052", "name": "North Drive", "class": "residential", "is_priority": false }, "geometry": { "type": "LineString", "coordinates": [ [ -74.417525, 40.473621 ], [ -74.418365, 40.472972 ], [ -74.418439, 40.472856 ], [ -74.418466, 40.472727 ], [ -74.41846, 40.472584 ], [ -74.418407, 40.472444 ], [ -74.418305, 40.472366 ] ] } },
{ "type": "Feature", "properties": { "id": "11676342-1053", "name": "Buccleuch Place", "class": "residential", "is_priority": false }, "geometry": { "type": "LineString", "coordinates": [ [ -74.462464, 40.503151 ], [ -74.46334, 40.501844 ] ] } },
{ "type": "Feature", "properties": { "id": "11676347-1054", "name": "Wyckoff Street", "class": "residential", "is_priority": false }, "geometry": { "type": "LineString", "coordinates": [ [ -74.453651, 40.499859 ], [ -74.454217, 40.500403 ] ] } },
{ "type": "Feature", "properties": { "id": "11676407-1055", "name": "8th Street", "class": "residential", "is_priority": false }, "geometry": { "type": "LineString", "coordinates": [ [ -74.465179, 40.473349 ], [ -74.465323, 40.473386 ], [ -74.466947, 40.474378 ] ] } },
{ "type": "Feature", "properties": { "id": "11676515-1056", "name": "Elmwood Place", "class": "residential", "is_priority": false }, "geometry": { "type": "LineString", "coordinates": [ [ -74.455186, 40.467793 ], [ -74.45613, 40.468364 ] ] } },
{ "type": "Feature", "properties": { "id": "11676542-1057", "name": "Glenn Avenue", "class": "residential", "is_priority": false }, "geometry": { "type": "LineString", "coordinates": [ [ -74.462994, 40.465996 ], [ -74.463109, 40.465832 ], [ -74.464432, 40.464571 ] ] } },
{ "type": "Feature", "properties": { "id": "11676542-1058", "name": "Glenn Avenue", "class": "residential", "is_priority": false }, "geometry": { "type": "LineString", "coordinates": [ [ -74.464432, 40.464571 ], [ -74.465349, 40.463696 ] ] } },
{ "type": "Feature", "properties": { "id": "11676586-1059", "name": "Wall Street", "class": "residential", "is_priority": false }, "geometry": { "type": "LineString", "coordinates": [ [ -74.445398, 40.498144 ], [ -74.445378, 40.497874 ] ] } },
{ "type": "Feature", "properties": { "id": "11676607-1060", "name": "Nathans Drive", "class": "residential", "is_priority": false }, "geometry": { "type": "LineString", "coordinates": [ [ -74.39903, 40.479279 ], [ -74.399432, 40.479885 ] ] } },
{ "type": "Feature", "properties": { "id": "11676651-1061", "name": "South Drive", "class": "residential", "is_priority": false }, "geometry": { "type": "LineString", "coordinates": [ [ -74.411614, 40.47365 ], [ -74.413861, 40.4731 ] ] } },
{ "type": "Feature", "properties": { "id": "11676651-1062", "name": "South Drive", "class": "residential", "is_priority": false }, "geometry": { "type": "LineString", "coordinates": [ [ -74.413861, 40.4731 ], [ -74.416105, 40.472543 ] ] } },
{ "type": "Feature", "properties": { "id": "11676651-1063", "name": "South Drive", "class": "residential", "is_priority": false }, "geometry": { "type": "LineString", "coordinates": [ [ -74.416105, 40.472543 ], [ -74.417697, 40.472147 ], [ -74.41791, 40.472165 ], [ -74.418182, 40.472265 ], [ -74.418297, 40.472359 ] ] } },
{ "type": "Feature", "properties": { "id": "11676651-1064", "name": "South Drive", "class": "residential", "is_priority": false }, "geometry": { "type": "LineString", "coordinates": [ [ -74.418297, 40.472359 ], [ -74.418305, 40.472366 ] ] } },
{ "type": "Feature", "properties": { "id": "11676666-1065", "name": "Lloyd Street", "class": "residential", "is_priority": false }, "geometry": { "type": "LineString", "coordinates": [ [ -74.405755, 40.495258 ], [ -74.405773, 40.495884 ], [ -74.405769, 40.49706 ] ] } },
{ "type": "Feature", "properties": { "id": "11676666-1066", "name": "Lloyd Street", "class": "residential", "is_priority": false }, "geometry": { "type": "LineString", "coordinates": [ [ -74.405769, 40.49706 ], [ -74.405776, 40.498042 ] ] } },
{ "type": "Feature", "properties": { "id": "11676678-1067", "name": "Maple Court", "class": "residential", "is_priority": false }, "geometry": { "type": "LineString", "coordinates": [ [ -74.437, 40.508641 ], [ -74.437098, 40.508902 ], [ -74.437324, 40.509177 ], [ -74.437339, 40.509258 ], [ -74.437304, 40.50933 ], [ -74.436992, 40.509628 ], [ -74.436928, 40.509661 ], [ -74.436139, 40.509628 ] ] } },
{ "type": "Feature", "properties": { "id": "11676678-1068", "name": "Maple Court", "class": "residential", "is_priority": false }, "geometry": { "type": "LineString", "coordinates": [ [ -74.436139, 40.509628 ], [ -74.435954, 40.509591 ], [ -74.435812, 40.509517 ] ] } },
{ "type": "Feature", "properties": { "id": "11676710-1069", "name": "John Street", "class": "residential", "is_priority": false }, "geometry": { "type": "LineString", "coordinates": [ [ -74.440374, 40.492507 ], [ -74.440337, 40.491714 ], [ -74.440302, 40.491635 ], [ -74.440235, 40.491557 ], [ -74.440141, 40.4915 ], [ -74.439729, 40.490872 ] ] } },
{ "type": "Feature", "properties": { "id": "11676721-1070", "name": "Lipman Drive", "class": "residential", "is_priority": false }, "geometry": { "type": "LineString", "coordinates": [ [ -74.438374, 40.48394 ], [ -74.437244, 40.483258 ] ] } },
{ "type": "Feature", "properties": { "id": "11676822-1071", "name": "Carpenter Road", "class": "residential", "is_priority": false }, "geometry": { "type": "LineString", "coordinates": [ [ -74.46218, 40.465618 ], [ -74.462624, 40.465861 ], [ -74.4628, 40.46593 ], [ -74.463268, 40.466075 ], [ -74.463687, 40.46615 ], [ -74.463923, 40.46621 ], [ -74.464306, 40.46636 ] ] } },
{ "type": "Feature", "properties": { "id": "11676822-1072", "name": "Carpenter Road", "class": "residential", "is_priority": false }, "geometry": { "type": "LineString", "coordinates": [ [ -74.464306, 40.46636 ], [ -74.464406, 40.466392 ], [ -74.464541, 40.466405 ], [ -74.464674, 40.466395 ] ] } },
{ "type": "Feature", "properties": { "id": "11676870-1073", "name": "Willow Street", "class": "residential", "is_priority": false }, "geometry": { "type": "LineString", "coordinates": [ [ -74.451829, 40.471985 ], [ -74.451571, 40.47247 ], [ -74.451088, 40.473268 ] ] } },
{ "type": "Feature", "properties": { "id": "11676902-1074", "name": "Dudley Road", "class": "residential", "is_priority": false }, "geometry": { "type": "LineString", "coordinates": [ [ -74.430559, 40.480635 ], [ -74.430271, 40.480669 ], [ -74.429816, 40.480682 ], [ -74.429241, 40.480662 ], [ -74.428912, 40.480697 ], [ -74.428597, 40.480749 ] ] } },
{ "type": "Feature", "properties": { "id": "11676903-1075", "name": "Eden Avenue", "class": "residential", "is_priority": false }, "geometry": { "type": "LineString", "coordinates": [ [ -74.419656, 40.496435 ], [ -74.417397, 40.496958 ] ] } },
{ "type": "Feature", "properties": { "id": "11676903-1076", "name": "Eden Avenue", "class": "residential", "is_priority": false }, "geometry": { "type": "LineString", "coordinates": [ [ -74.417397, 40.496958 ], [ -74.416863, 40.497088 ], [ -74.416752, 40.497151 ], [ -74.416561, 40.497327 ], [ -74.416439, 40.497382 ], [ -74.416281, 40.497419 ] ] } },
{ "type": "Feature", "properties": { "id": "11676951-1077", "name": "John A. Lynch Memorial Bridge", "class": "motorway", "is_priority": true }, "geometry": { "type": "LineString", "coordinates": [ [ -74.456854, 40.507203 ], [ -74.457151, 40.507323 ], [ -74.45744, 40.507483 ], [ -74.457731, 40.507674 ], [ -74.458006, 40.507895 ], [ -74.458207, 40.508093 ], [ -74.458387, 40.508294 ], [ -74.4585, 40.508453 ] ] } },
{ "type": "Feature", "properties": { "id": "11676951-1078", "name": "John A. Lynch Memorial Bridge", "class": "motorway", "is_priority": true }, "geometry": { "type": "LineString", "coordinates": [ [ -74.4585, 40.508453 ], [ -74.458589, 40.50858 ], [ -74.458749, 40.508866 ], [ -74.458917, 40.509319 ], [ -74.458968, 40.509556 ], [ -74.458995, 40.509869 ], [ -74.458997, 40.510181 ] ] } },
{ "type": "Feature", "properties": { "id": "11677019-1079", "name": "Dix Street", "class": "residential", "is_priority": false }, "geometry": { "type": "LineString", "coordinates": [ [ -74.457523, 40.496154 ], [ -74.457552, 40.496237 ], [ -74.457598, 40.496683 ], [ -74.45762, 40.496751 ], [ -74.458203, 40.497864 ] ] } },
{ "type": "Feature", "properties": { "id": "11677019-1080", "name": "Dix Street", "class": "residential", "is_priority": false }, "geometry": { "type": "LineString", "coordinates": [ [ -74.458203, 40.497864 ], [ -74.458586, 40.498594 ] ] } },
{ "type": "Feature", "properties": { "id": "11677062-1081", "name": "Graham Street", "class": "residential", "is_priority": false }, "geometry": { "type": "LineString", "coordinates": [ [ -74.430408, 40.492342 ], [ -74.428148, 40.492861 ] ] } },
{ "type": "Feature", "properties": { "id": "11677062-1082", "name": "Graham Street", "class": "residential", "is_priority": false }, "geometry": { "type": "LineString", "coordinates": [ [ -74.428148, 40.492861 ], [ -74.425888, 40.493381 ] ] } },
{ "type": "Feature", "properties": { "id": "11677062-1083", "name": "Graham Street", "class": "residential", "is_priority": false }, "geometry": { "type": "LineString", "coordinates": [ [ -74.425888, 40.493381 ], [ -74.423629, 40.493901 ] ] } },
{ "type": "Feature", "properties": { "id": "11677062-1084", "name": "Graham Street", "class": "residential", "is_priority": false }, "geometry": { "type": "LineString", "coordinates": [ [ -74.423629, 40.493901 ], [ -74.421369, 40.494422 ] ] } },
{ "type": "Feature", "properties": { "id": "11677062-1085", "name": "Graham Street", "class": "residential", "is_priority": false }, "geometry": { "type": "LineString", "coordinates": [ [ -74.421369, 40.494422 ], [ -74.420967, 40.494515 ] ] } },
{ "type": "Feature", "properties": { "id": "11677063-1086", "name": "Graham Street", "class": "residential", "is_priority": false }, "geometry": { "type": "LineString", "coordinates": [ [ -74.41906, 40.494943 ], [ -74.418303, 40.4953 ], [ -74.416894, 40.495619 ] ] } },
{ "type": "Feature", "properties": { "id": "11677063-1087", "name": "Graham Street", "class": "residential", "is_priority": false }, "geometry": { "type": "LineString", "coordinates": [ [ -74.416894, 40.495619 ], [ -74.416191, 40.495779 ] ] } },
{ "type": "Feature", "properties": { "id": "11677069-1088", "name": "Larch Avenue", "class": "residential", "is_priority": false }, "geometry": { "type": "LineString", "coordinates": [ [ -74.442688, 40.477805 ], [ -74.443313, 40.477172 ], [ -74.443546, 40.476968 ] ] } },
{ "type": "Feature", "properties": { "id": "11677105-1089", "name": "Lansing Place", "class": "residential", "is_priority": false }, "geometry": { "type": "LineString", "coordinates": [ [ -74.410234, 40.48417 ], [ -74.410184, 40.484062 ], [ -74.409811, 40.483662 ] ] } },
{ "type": "Feature", "properties": { "id": "11677138-1090", "name": "Orange Street", "class": "residential", "is_priority": false }, "geometry": { "type": "LineString", "coordinates": [ [ -74.40923, 40.500993 ], [ -74.409439, 40.502602 ] ] } },
{ "type": "Feature", "properties": { "id": "11677170-1091", "name": "Barnard Street", "class": "residential", "is_priority": false }, "geometry": { "type": "LineString", "coordinates": [ [ -74.415126, 40.502427 ], [ -74.41525, 40.501403 ] ] } },
{ "type": "Feature", "properties": { "id": "11677203-1092", "name": "Lea Place", "class": "residential", "is_priority": false }, "geometry": { "type": "LineString", "coordinates": [ [ -74.410986, 40.474506 ], [ -74.411145, 40.474251 ], [ -74.411253, 40.474156 ], [ -74.411362, 40.473955 ], [ -74.411614, 40.47365 ] ] } },
{ "type": "Feature", "properties": { "id": "11677204-1093", "name": "Lea Place", "class": "residential", "is_priority": false }, "geometry": { "type": "LineString", "coordinates": [ [ -74.411614, 40.47365 ], [ -74.411319, 40.473593 ], [ -74.410607, 40.473774 ] ] } },
{ "type": "Feature", "properties": { "id": "11677213-1094", "name": "Ainsworth Avenue", "class": "residential", "is_priority": false }, "geometry": { "type": "LineString", "coordinates": [ [ -74.402082, 40.478862 ], [ -74.402102, 40.47706 ] ] } },
{ "type": "Feature", "properties": { "id": "11677213-1095", "name": "Ainsworth Avenue", "class": "residential", "is_priority": false }, "geometry": { "type": "LineString", "coordinates": [ [ -74.402102, 40.47706 ], [ -74.402108, 40.476501 ], [ -74.402164, 40.475867 ], [ -74.402169, 40.47526 ] ] } },
{ "type": "Feature", "properties": { "id": "11677213-1096", "name": "Ainsworth Avenue", "class": "residential", "is_priority": false }, "geometry": { "type": "LineString", "coordinates": [ [ -74.402169, 40.47526 ], [ -74.402179, 40.474191 ] ] } },
{ "type": "Feature", "properties": { "id": "11677218-1097", "name": "Bergen Avenue", "class": "residential", "is_priority": false }, "geometry": { "type": "LineString", "coordinates": [ [ -74.464063, 40.470183 ], [ -74.466256, 40.470847 ] ] } },
{ "type": "Feature", "properties": { "id": "11677218-1098", "name": "Bergen Avenue", "class": "residential", "is_priority": false }, "geometry": { "type": "LineString", "coordinates": [ [ -74.466256, 40.470847 ], [ -74.467694, 40.471289 ] ] } },
{ "type": "Feature", "properties": { "id": "11677222-1099", "name": "Edgewood Place", "class": "residential", "is_priority": false }, "geometry": { "type": "LineString", "coordinates": [ [ -74.457898, 40.472557 ], [ -74.457886, 40.470755 ] ] } },
{ "type": "Feature", "properties": { "id": "11677222-1100", "name": "Edgewood Place", "class": "residential", "is_priority": false }, "geometry": { "type": "LineString", "coordinates": [ [ -74.457886, 40.470755 ], [ -74.45787, 40.469625 ] ] } },
{ "type": "Feature", "properties": { "id": "11677224-1101", "name": "Lake Street", "class": "residential", "is_priority": false }, "geometry": { "type": "LineString", "coordinates": [ [ -74.463072, 40.484299 ], [ -74.463964, 40.485081 ] ] } },
{ "type": "Feature", "properties": { "id": "11677259-1102", "name": "Fulton Street", "class": "residential", "is_priority": false }, "geometry": { "type": "LineString", "coordinates": [ [ -74.451438, 40.480235 ], [ -74.451488, 40.480137 ], [ -74.451793, 40.479849 ], [ -74.45187, 40.479827 ], [ -74.452011, 40.479848 ], [ -74.452545, 40.480152 ] ] } },
{ "type": "Feature", "properties": { "id": "11677265-1103", "name": "Fulton Street", "class": "residential", "is_priority": false }, "geometry": { "type": "LineString", "coordinates": [ [ -74.45091, 40.479915 ], [ -74.451136, 40.480051 ] ] } },
{ "type": "Feature", "properties": { "id": "11677276-1104", "name": "South 4th Avenue", "class": "residential", "is_priority": false }, "geometry": { "type": "LineString", "coordinates": [ [ -74.423585, 40.494633 ], [ -74.423059, 40.493317 ] ] } },
{ "type": "Feature", "properties": { "id": "11677277-1105", "name": "South 4th Avenue", "class": "residential", "is_priority": false }, "geometry": { "type": "LineString", "coordinates": [ [ -74.426216, 40.499732 ], [ -74.425224, 40.498097 ] ] } },
{ "type": "Feature", "properties": { "id": "11677277-1106", "name": "South 4th Avenue", "class": "residential", "is_priority": false }, "geometry": { "type": "LineString", "coordinates": [ [ -74.425224, 40.498097 ], [ -74.424303, 40.496619 ], [ -74.424239, 40.496462 ] ] } },
{ "type": "Feature", "properties": { "id": "11677277-1107", "name": "South 4th Avenue", "class": "residential", "is_priority": false }, "geometry": { "type": "LineString", "coordinates": [ [ -74.424239, 40.496462 ], [ -74.424145, 40.496051 ], [ -74.423621, 40.494725 ] ] } },
{ "type": "Feature", "properties": { "id": "11677277-1108", "name": "South 4th Avenue", "class": "residential", "is_priority": false }, "geometry": { "type": "LineString", "coordinates": [ [ -74.423621, 40.494725 ], [ -74.423585, 40.494633 ] ] } },
{ "type": "Feature", "properties": { "id": "11677282-1109", "name": "Old Gibbons Drive", "class": "residential", "is_priority": false }, "geometry": { "type": "LineString", "coordinates": [ [ -74.431964, 40.485305 ], [ -74.432089, 40.486292 ] ] } },
{ "type": "Feature", "properties": { "id": "11677284-1110", "name": "Old Gibbons Drive", "class": "residential", "is_priority": false }, "geometry": { "type": "LineString", "coordinates": [ [ -74.429721, 40.486145 ], [ -74.429686, 40.486064 ], [ -74.429376, 40.486019 ], [ -74.429323, 40.485969 ], [ -74.429317, 40.485869 ], [ -74.429357, 40.485744 ], [ -74.429447, 40.485624 ], [ -74.429626, 40.485523 ], [ -74.429776, 40.485493 ], [ -74.430283, 40.485435 ], [ -74.430729, 40.485406 ], [ -74.430753, 40.485393 ] ] } },
{ "type": "Feature", "properties": { "id": "11677284-1111", "name": "Old Gibbons Drive", "class": "residential", "is_priority": false }, "geometry": { "type": "LineString", "coordinates": [ [ -74.430753, 40.485393 ], [ -74.430784, 40.485376 ], [ -74.430913, 40.485112 ], [ -74.43135, 40.484879 ], [ -74.431516, 40.484839 ], [ -74.431721, 40.484886 ], [ -74.431752, 40.484911 ], [ -74.431808, 40.485041 ], [ -74.431953, 40.485151 ] ] } },
{ "type": "Feature", "properties": { "id": "11677297-1112", "name": "Park Boulevard", "class": "residential", "is_priority": false }, "geometry": { "type": "LineString", "coordinates": [ [ -74.459976, 40.502177 ], [ -74.460534, 40.501522 ] ] } },
{ "type": "Feature", "properties": { "id": "11677306-1113", "name": "Kroeger Lane", "class": "residential", "is_priority": false }, "geometry": { "type": "LineString", "coordinates": [ [ -74.473972, 40.514005 ], [ -74.473565, 40.514558 ], [ -74.473304, 40.514871 ], [ -74.472743, 40.515419 ] ] } },
{ "type": "Feature", "properties": { "id": "11677352-1114", "name": "Nichol Avenue", "class": "residential", "is_priority": false }, "geometry": { "type": "LineString", "coordinates": [ [ -74.436921, 40.485321 ], [ -74.438374, 40.48394 ] ] } },
{ "type": "Feature", "properties": { "id": "11677353-1115", "name": "Nichol Avenue", "class": "residential", "is_priority": false }, "geometry": { "type": "LineString", "coordinates": [ [ -74.444019, 40.478683 ], [ -74.444763, 40.478016 ] ] } },
{ "type": "Feature", "properties": { "id": "11677387-1116", "name": "Little Albany Street", "class": "residential", "is_priority": false }, "geometry": { "type": "LineString", "coordinates": [ [ -74.446691, 40.496673 ], [ -74.447051, 40.496337 ], [ -74.447165, 40.496251 ], [ -74.448771, 40.496033 ] ] } },
{ "type": "Feature", "properties": { "id": "11677387-1117", "name": "Little Albany Street", "class": "residential", "is_priority": false }, "geometry": { "type": "LineString", "coordinates": [ [ -74.448771, 40.496033 ], [ -74.449331, 40.495957 ], [ -74.449412, 40.495962 ], [ -74.4495, 40.495991 ], [ -74.449557, 40.496037 ], [ -74.449605, 40.49612 ] ] } },
{ "type": "Feature", "properties": { "id": "11677392-1118", "name": "Fleetwood Avenue", "class": "residential", "is_priority": false }, "geometry": { "type": "LineString", "coordinates": [ [ -74.475485, 40.464822 ], [ -74.47733, 40.465943 ] ] } },
{ "type": "Feature", "properties": { "id": "11677392-1119", "name": "Fleetwood Avenue", "class": "residential", "is_priority": false }, "geometry": { "type": "LineString", "coordinates": [ [ -74.47733, 40.465943 ], [ -74.477403, 40.465961 ] ] } },
{ "type": "Feature", "properties": { "id": "11677423-1120", "name": "Wirt Street", "class": "residential", "is_priority": false }, "geometry": { "type": "LineString", "coordinates": [ [ -74.457646, 40.50127 ], [ -74.457807, 40.501408 ], [ -74.458084, 40.501727 ] ] } },
{ "type": "Feature", "properties": { "id": "11677471-1121", "name": "Kennedy Boulevard", "class": "residential", "is_priority": false }, "geometry": { "type": "LineString", "coordinates": [ [ -74.408007, 40.471273 ], [ -74.408035, 40.471407 ], [ -74.40803, 40.471606 ], [ -74.407948, 40.471829 ] ] } },
{ "type": "Feature", "properties": { "id": "11677490-1122", "name": "New Street", "class": "secondary", "is_priority": false }, "geometry": { "type": "LineString", "coordinates": [ [ -74.441945, 40.492445 ], [ -74.442179, 40.49241 ] ] } },
{ "type": "Feature", "properties": { "id": "11677493-1123", "name": "", "class": "secondary_link", "is_priority": false }, "geometry": { "type": "LineString", "coordinates": [ [ -74.441359, 40.492543 ], [ -74.441123, 40.492539 ], [ -74.440256, 40.49262 ], [ -74.439563, 40.49264 ] ] } },
{ "type": "Feature", "properties": { "id": "11677495-1124", "name": "Georges Road", "class": "tertiary", "is_priority": false }, "geometry": { "type": "LineString", "coordinates": [ [ -74.445249, 40.480752 ], [ -74.445179, 40.4805 ], [ -74.445167, 40.480165 ], [ -74.445202, 40.479966 ], [ -74.445313, 40.47974 ], [ -74.445554, 40.479536 ], [ -74.445955, 40.479151 ] ] } },
{ "type": "Feature", "properties": { "id": "11677495-1125", "name": "Georges Road", "class": "tertiary", "is_priority": false }, "geometry": { "type": "LineString", "coordinates": [ [ -74.445955, 40.479151 ], [ -74.446237, 40.478886 ], [ -74.446752, 40.478447 ] ] } },
{ "type": "Feature", "properties": { "id": "11677551-1126", "name": "Drift Street", "class": "residential", "is_priority": false }, "geometry": { "type": "LineString", "coordinates": [ [ -74.450409, 40.489872 ], [ -74.44963, 40.490369 ], [ -74.448624, 40.491051 ] ] } },
{ "type": "Feature", "properties": { "id": "11677551-1127", "name": "Drift Street", "class": "residential", "is_priority": false }, "geometry": { "type": "LineString", "coordinates": [ [ -74.448624, 40.491051 ], [ -74.446853, 40.492241 ] ] } },
{ "type": "Feature", "properties": { "id": "11677551-1128", "name": "Drift Street", "class": "residential", "is_priority": false }, "geometry": { "type": "LineString", "coordinates": [ [ -74.446853, 40.492241 ], [ -74.446264, 40.492631 ] ] } },
{ "type": "Feature", "properties": { "id": "11677583-1129", "name": "Fox Meadow Road", "class": "residential", "is_priority": false }, "geometry": { "type": "LineString", "coordinates": [ [ -74.462693, 40.468207 ], [ -74.462743, 40.469012 ], [ -74.462811, 40.469116 ], [ -74.462948, 40.469179 ], [ -74.463331, 40.469158 ], [ -74.463901, 40.46932 ] ] } },
{ "type": "Feature", "properties": { "id": "11677583-1130", "name": "Fox Meadow Road", "class": "residential", "is_priority": false }, "geometry": { "type": "LineString", "coordinates": [ [ -74.463901, 40.46932 ], [ -74.464423, 40.469482 ] ] } },
{ "type": "Feature", "properties": { "id": "11677584-1131", "name": "Condict Street", "class": "residential", "is_priority": false }, "geometry": { "type": "LineString", "coordinates": [ [ -74.450461, 40.497147 ], [ -74.449084, 40.497914 ] ] } },
{ "type": "Feature", "properties": { "id": "11677608-1132", "name": "Woodbridge Street", "class": "residential", "is_priority": false }, "geometry": { "type": "LineString", "coordinates": [ [ -74.458676, 40.496097 ], [ -74.458745, 40.496981 ], [ -74.458764, 40.497051 ], [ -74.459172, 40.497836 ] ] } },
{ "type": "Feature", "properties": { "id": "11677608-1133", "name": "Woodbridge Street", "class": "residential", "is_priority": false }, "geometry": { "type": "LineString", "coordinates": [ [ -74.459172, 40.497836 ], [ -74.459585, 40.498632 ] ] } },
{ "type": "Feature", "properties": { "id": "11677709-1134", "name": "Harvard Place", "class": "residential", "is_priority": false }, "geometry": { "type": "LineString", "coordinates": [ [ -74.457797, 40.476272 ], [ -74.457574, 40.476494 ] ] } },
{ "type": "Feature", "properties": { "id": "11677720-1135", "name": "Jules Lane", "class": "residential", "is_priority": false }, "geometry": { "type": "LineString", "coordinates": [ [ -74.476962, 40.470992 ], [ -74.478821, 40.472101 ] ] } },
{ "type": "Feature", "properties": { "id": "11677720-1136", "name": "Jules Lane", "class": "residential", "is_priority": false }, "geometry": { "type": "LineString", "coordinates": [ [ -74.478821, 40.472101 ], [ -74.480686, 40.473205 ] ] } },
{ "type": "Feature", "properties": { "id": "11677720-1137", "name": "Jules Lane", "class": "residential", "is_priority": false }, "geometry": { "type": "LineString", "coordinates": [ [ -74.480686, 40.473205 ], [ -74.48175, 40.473824 ], [ -74.481818, 40.473897 ], [ -74.481865, 40.473978 ] ] } },
{ "type": "Feature", "properties": { "id": "11677738-1138", "name": "Bartlett Street", "class": "residential", "is_priority": false }, "geometry": { "type": "LineString", "coordinates": [ [ -74.450982, 40.502326 ], [ -74.452842, 40.501217 ] ] } },
{ "type": "Feature", "properties": { "id": "11677738-1139", "name": "Bartlett Street", "class": "residential", "is_priority": false }, "geometry": { "type": "LineString", "coordinates": [ [ -74.452842, 40.501217 ], [ -74.454217, 40.500403 ] ] } },
{ "type": "Feature", "properties": { "id": "11677745-1140", "name": "Murray Street", "class": "residential", "is_priority": false }, "geometry": { "type": "LineString", "coordinates": [ [ -74.394182, 40.499691 ], [ -74.393277, 40.499681 ], [ -74.392922, 40.499826 ] ] } },
{ "type": "Feature", "properties": { "id": "11677805-1141", "name": "Guilden Street", "class": "residential", "is_priority": false }, "geometry": { "type": "LineString", "coordinates": [ [ -74.451259, 40.497947 ], [ -74.453358, 40.498771 ] ] } },
{ "type": "Feature", "properties": { "id": "11677805-1142", "name": "Guilden Street", "class": "residential", "is_priority": false }, "geometry": { "type": "LineString", "coordinates": [ [ -74.453358, 40.498771 ], [ -74.455071, 40.499444 ] ] } },
{ "type": "Feature", "properties": { "id": "11677819-1143", "name": "Carpender Road", "class": "residential", "is_priority": false }, "geometry": { "type": "LineString", "coordinates": [ [ -74.424752, 40.486026 ], [ -74.424761, 40.486099 ], [ -74.424794, 40.486155 ], [ -74.424861, 40.486208 ], [ -74.424949, 40.486242 ], [ -74.426345, 40.486471 ], [ -74.42652, 40.486484 ], [ -74.426635, 40.486466 ], [ -74.426739, 40.48643 ], [ -74.426848, 40.486352 ] ] } },
{ "type": "Feature", "properties": { "id": "11677819-1144", "name": "Carpender Road", "class": "residential", "is_priority": false }, "geometry": { "type": "LineString", "coordinates": [ [ -74.426848, 40.486352 ], [ -74.426906, 40.486274 ], [ -74.426995, 40.486023 ] ] } },
{ "type": "Feature", "properties": { "id": "11677829-1145", "name": "Prospect Street", "class": "residential", "is_priority": false }, "geometry": { "type": "LineString", "coordinates": [ [ -74.45292, 40.494582 ], [ -74.451947, 40.493461 ], [ -74.451837, 40.493386 ] ] } },
{ "type": "Feature", "properties": { "id": "11677895-1146", "name": "4th Street", "class": "residential", "is_priority": false }, "geometry": { "type": "LineString", "coordinates": [ [ -74.462748, 40.475404 ], [ -74.464601, 40.47652 ] ] } },
{ "type": "Feature", "properties": { "id": "11677895-1147", "name": "4th Street", "class": "residential", "is_priority": false }, "geometry": { "type": "LineString", "coordinates": [ [ -74.464601, 40.47652 ], [ -74.464652, 40.47655 ] ] } },
{ "type": "Feature", "properties": { "id": "11677914-1148", "name": "Algair Avenue", "class": "residential", "is_priority": false }, "geometry": { "type": "LineString", "coordinates": [ [ -74.445896, 40.469481 ], [ -74.44759, 40.470735 ] ] } },
{ "type": "Feature", "properties": { "id": "11677914-1149", "name": "Algair Avenue", "class": "residential", "is_priority": false }, "geometry": { "type": "LineString", "coordinates": [ [ -74.44759, 40.470735 ], [ -74.449277, 40.471995 ] ] } },
{ "type": "Feature", "properties": { "id": "11677914-1150", "name": "Algair Avenue", "class": "residential", "is_priority": false }, "geometry": { "type": "LineString", "coordinates": [ [ -74.449277, 40.471995 ], [ -74.449498, 40.47216 ] ] } },
{ "type": "Feature", "properties": { "id": "11677957-1151", "name": "Patton Street", "class": "residential", "is_priority": false }, "geometry": { "type": "LineString", "coordinates": [ [ -74.47212, 40.461263 ], [ -74.472652, 40.461634 ], [ -74.473965, 40.462382 ] ] } },
{ "type": "Feature", "properties": { "id": "11677957-1152", "name": "Patton Street", "class": "residential", "is_priority": false }, "geometry": { "type": "LineString", "coordinates": [ [ -74.473965, 40.462382 ], [ -74.475853, 40.463463 ] ] } },
{ "type": "Feature", "properties": { "id": "11677957-1153", "name": "Patton Street", "class": "residential", "is_priority": false }, "geometry": { "type": "LineString", "coordinates": [ [ -74.475853, 40.463463 ], [ -74.476619, 40.463896 ] ] } },
{ "type": "Feature", "properties": { "id": "11677960-1154", "name": "Juliet Street", "class": "residential", "is_priority": false }, "geometry": { "type": "LineString", "coordinates": [ [ -74.454474, 40.478288 ], [ -74.456052, 40.479275 ] ] } },
{ "type": "Feature", "properties": { "id": "11677961-1155", "name": "Manor Crescent", "class": "residential", "is_priority": false }, "geometry": { "type": "LineString", "coordinates": [ [ -74.411656, 40.488417 ], [ -74.412646, 40.487429 ] ] } },
{ "type": "Feature", "properties": { "id": "11677962-1156", "name": "Manor Crescent", "class": "residential", "is_priority": false }, "geometry": { "type": "LineString", "coordinates": [ [ -74.41319, 40.489179 ], [ -74.412789, 40.489102 ], [ -74.411873, 40.488819 ], [ -74.411813, 40.48877 ], [ -74.411758, 40.488689 ], [ -74.411665, 40.488489 ], [ -74.411656, 40.488417 ] ] } },
{ "type": "Feature", "properties": { "id": "11677975-1157", "name": "Madison Avenue", "class": "residential", "is_priority": false }, "geometry": { "type": "LineString", "coordinates": [ [ -74.428149, 40.50292 ], [ -74.42894, 40.503304 ], [ -74.429688, 40.50362 ], [ -74.430123, 40.503899 ] ] } },
{ "type": "Feature", "properties": { "id": "11677975-1158", "name": "Madison Avenue", "class": "residential", "is_priority": false }, "geometry": { "type": "LineString", "coordinates": [ [ -74.430123, 40.503899 ], [ -74.431934, 40.505055 ] ] } },
{ "type": "Feature", "properties": { "id": "11677975-1159", "name": "Madison Avenue", "class": "residential", "is_priority": false }, "geometry": { "type": "LineString", "coordinates": [ [ -74.431934, 40.505055 ], [ -74.432521, 40.505413 ] ] } },
{ "type": "Feature", "properties": { "id": "11677980-1160", "name": "Hart Avenue", "class": "residential", "is_priority": false }, "geometry": { "type": "LineString", "coordinates": [ [ -74.440568, 40.47847 ], [ -74.44074, 40.478563 ], [ -74.440852, 40.478695 ] ] } },
{ "type": "Feature", "properties": { "id": "11678003-1161", "name": "4th Avenue", "class": "residential", "is_priority": false }, "geometry": { "type": "LineString", "coordinates": [ [ -74.448212, 40.467372 ], [ -74.449914, 40.468619 ] ] } },
{ "type": "Feature", "properties": { "id": "11678003-1162", "name": "4th Avenue", "class": "residential", "is_priority": false }, "geometry": { "type": "LineString", "coordinates": [ [ -74.449914, 40.468619 ], [ -74.451326, 40.46968 ] ] } },
{ "type": "Feature", "properties": { "id": "11678009-1163", "name": "Sutphen Road", "class": "residential", "is_priority": false }, "geometry": { "type": "LineString", "coordinates": [ [ -74.470186, 40.512818 ], [ -74.470134, 40.512931 ] ] } },
{ "type": "Feature", "properties": { "id": "11678061-1164", "name": "South Talmadge Street", "class": "residential", "is_priority": false }, "geometry": { "type": "LineString", "coordinates": [ [ -74.446237, 40.478886 ], [ -74.444369, 40.477785 ] ] } },
{ "type": "Feature", "properties": { "id": "11678061-1165", "name": "South Talmadge Street", "class": "residential", "is_priority": false }, "geometry": { "type": "LineString", "coordinates": [ [ -74.444369, 40.477785 ], [ -74.443313, 40.477172 ] ] } },
{ "type": "Feature", "properties": { "id": "11758906-1166", "name": "Highland Avenue", "class": "residential", "is_priority": false }, "geometry": { "type": "LineString", "coordinates": [ [ -74.465604, 40.494213 ], [ -74.466646, 40.49583 ] ] } },
{ "type": "Feature", "properties": { "id": "11758906-1167", "name": "Highland Avenue", "class": "residential", "is_priority": false }, "geometry": { "type": "LineString", "coordinates": [ [ -74.466646, 40.49583 ], [ -74.466955, 40.49631 ], [ -74.46715, 40.49657 ], [ -74.467242, 40.496659 ], [ -74.467366, 40.496748 ], [ -74.468107, 40.497199 ] ] } },
{ "type": "Feature", "properties": { "id": "11758906-1168", "name": "Highland Avenue", "class": "residential", "is_priority": false }, "geometry": { "type": "LineString", "coordinates": [ [ -74.468107, 40.497199 ], [ -74.469052, 40.497787 ], [ -74.469527, 40.498061 ], [ -74.469878, 40.498165 ], [ -74.470043, 40.498191 ] ] } },
{ "type": "Feature", "properties": { "id": "11758906-1169", "name": "Highland Avenue", "class": "residential", "is_priority": false }, "geometry": { "type": "LineString", "coordinates": [ [ -74.470043, 40.498191 ], [ -74.470394, 40.498247 ], [ -74.47065, 40.498305 ], [ -74.470841, 40.498379 ], [ -74.472034, 40.499098 ] ] } },
{ "type": "Feature", "properties": { "id": "11758906-1170", "name": "Highland Avenue", "class": "residential", "is_priority": false }, "geometry": { "type": "LineString", "coordinates": [ [ -74.472034, 40.499098 ], [ -74.473737, 40.500142 ] ] } },
{ "type": "Feature", "properties": { "id": "11758923-1171", "name": "Carol Court", "class": "residential", "is_priority": false }, "geometry": { "type": "LineString", "coordinates": [ [ -74.473869, 40.502812 ], [ -74.473826, 40.502768 ], [ -74.473846, 40.50269 ], [ -74.473908, 40.502661 ], [ -74.473979, 40.502667 ], [ -74.474009, 40.502683 ], [ -74.474042, 40.502732 ], [ -74.474028, 40.502786 ], [ -74.474004, 40.502807 ], [ -74.473938, 40.502827 ], [ -74.473869, 40.502812 ] ] } },
{ "type": "Feature", "properties": { "id": "11758925-1172", "name": "Carol Court", "class": "residential", "is_priority": false }, "geometry": { "type": "LineString", "coordinates": [ [ -74.472881, 40.502104 ], [ -74.473846, 40.50269 ] ] } },
{ "type": "Feature", "properties": { "id": "11763176-1173", "name": "", "class": "residential", "is_priority": false }, "geometry": { "type": "LineString", "coordinates": [ [ -74.487839, 40.476317 ], [ -74.489605, 40.477512 ] ] } },
{ "type": "Feature", "properties": { "id": "11763176-1174", "name": "", "class": "residential", "is_priority": false }, "geometry": { "type": "LineString", "coordinates": [ [ -74.489605, 40.477512 ], [ -74.490604, 40.478183 ], [ -74.49072, 40.478231 ], [ -74.49107, 40.478268 ], [ -74.49157, 40.478105 ] ] } },
{ "type": "Feature", "properties": { "id": "11763176-1175", "name": "", "class": "residential", "is_priority": false }, "geometry": { "type": "LineString", "coordinates": [ [ -74.49157, 40.478105 ], [ -74.491706, 40.478059 ], [ -74.49196, 40.47819 ] ] } },
{ "type": "Feature", "properties": { "id": "11764402-1176", "name": "Blake Avenue", "class": "residential", "is_priority": false }, "geometry": { "type": "LineString", "coordinates": [ [ -74.467425, 40.503307 ], [ -74.467552, 40.503371 ], [ -74.469267, 40.504431 ] ] } },
{ "type": "Feature", "properties": { "id": "11764402-1177", "name": "Blake Avenue", "class": "residential", "is_priority": false }, "geometry": { "type": "LineString", "coordinates": [ [ -74.469267, 40.504431 ], [ -74.470516, 40.505166 ], [ -74.471118, 40.505549 ] ] } },
{ "type": "Feature", "properties": { "id": "11764402-1178", "name": "Blake Avenue", "class": "residential", "is_priority": false }, "geometry": { "type": "LineString", "coordinates": [ [ -74.471118, 40.505549 ], [ -74.471795, 40.505979 ] ] } },
{ "type": "Feature", "properties": { "id": "11764438-1179", "name": "Girard Avenue", "class": "residential", "is_priority": false }, "geometry": { "type": "LineString", "coordinates": [ [ -74.47455, 40.507848 ], [ -74.474612, 40.507759 ], [ -74.475517, 40.50688 ], [ -74.476006, 40.506432 ] ] } },
{ "type": "Feature", "properties": { "id": "11764438-1180", "name": "Girard Avenue", "class": "residential", "is_priority": false }, "geometry": { "type": "LineString", "coordinates": [ [ -74.476006, 40.506432 ], [ -74.477483, 40.505027 ] ] } },
{ "type": "Feature", "properties": { "id": "11764438-1181", "name": "Girard Avenue", "class": "residential", "is_priority": false }, "geometry": { "type": "LineString", "coordinates": [ [ -74.477483, 40.505027 ], [ -74.478953, 40.503617 ] ] } },
{ "type": "Feature", "properties": { "id": "11764438-1182", "name": "Girard Avenue", "class": "residential", "is_priority": false }, "geometry": { "type": "LineString", "coordinates": [ [ -74.478953, 40.503617 ], [ -74.479083, 40.503493 ] ] } },
{ "type": "Feature", "properties": { "id": "11764478-1183", "name": "Fuller Street", "class": "residential", "is_priority": false }, "geometry": { "type": "LineString", "coordinates": [ [ -74.476408, 40.486004 ], [ -74.476526, 40.485984 ], [ -74.478537, 40.485238 ] ] } },
{ "type": "Feature", "properties": { "id": "11764478-1184", "name": "Fuller Street", "class": "residential", "is_priority": false }, "geometry": { "type": "LineString", "coordinates": [ [ -74.478537, 40.485238 ], [ -74.479208, 40.484993 ], [ -74.479492, 40.484874 ], [ -74.480515, 40.484271 ] ] } },
{ "type": "Feature", "properties": { "id": "11764478-1185", "name": "Fuller Street", "class": "residential", "is_priority": false }, "geometry": { "type": "LineString", "coordinates": [ [ -74.480515, 40.484271 ], [ -74.481825, 40.483494 ] ] } },
{ "type": "Feature", "properties": { "id": "11764502-1186", "name": "Alex Place", "class": "residential", "is_priority": false }, "geometry": { "type": "LineString", "coordinates": [ [ -74.479856, 40.486037 ], [ -74.480931, 40.487145 ] ] } },
{ "type": "Feature", "properties": { "id": "11764584-1187", "name": "Phillips Road", "class": "residential", "is_priority": false }, "geometry": { "type": "LineString", "coordinates": [ [ -74.474867, 40.499049 ], [ -74.474261, 40.498656 ], [ -74.473209, 40.498058 ], [ -74.473148, 40.498012 ], [ -74.473098, 40.497933 ], [ -74.473099, 40.497893 ] ] } },
{ "type": "Feature", "properties": { "id": "11764584-1188", "name": "Phillips Road", "class": "residential", "is_priority": false }, "geometry": { "type": "LineString", "coordinates": [ [ -74.473099, 40.497893 ], [ -74.473112, 40.497799 ], [ -74.473148, 40.497735 ], [ -74.473382, 40.497508 ], [ -74.473814, 40.497166 ], [ -74.474532, 40.496486 ] ] } },
{ "type": "Feature", "properties": { "id": "11764584-1189", "name": "Phillips Road", "class": "residential", "is_priority": false }, "geometry": { "type": "LineString", "coordinates": [ [ -74.474532, 40.496486 ], [ -74.474933, 40.496105 ] ] } },
{ "type": "Feature", "properties": { "id": "11764604-1190", "name": "Park Street", "class": "residential", "is_priority": false }, "geometry": { "type": "LineString", "coordinates": [ [ -74.469327, 40.497951 ], [ -74.470555, 40.496766 ], [ -74.470681, 40.496666 ], [ -74.470843, 40.496578 ] ] } },
{ "type": "Feature", "properties": { "id": "11764604-1191", "name": "Park Street", "class": "residential", "is_priority": false }, "geometry": { "type": "LineString", "coordinates": [ [ -74.470843, 40.496578 ], [ -74.471806, 40.49619 ], [ -74.472943, 40.495756 ] ] } },
{ "type": "Feature", "properties": { "id": "11764604-1192", "name": "Park Street", "class": "residential", "is_priority": false }, "geometry": { "type": "LineString", "coordinates": [ [ -74.472943, 40.495756 ], [ -74.474045, 40.49534 ] ] } },
{ "type": "Feature", "properties": { "id": "11764634-1193", "name": "Kassul Place", "class": "residential", "is_priority": false }, "geometry": { "type": "LineString", "coordinates": [ [ -74.465584, 40.490797 ], [ -74.465844, 40.490679 ], [ -74.467558, 40.48981 ] ] } },
{ "type": "Feature", "properties": { "id": "11764634-1194", "name": "Kassul Place", "class": "residential", "is_priority": false }, "geometry": { "type": "LineString", "coordinates": [ [ -74.467558, 40.48981 ], [ -74.467606, 40.489787 ] ] } },
{ "type": "Feature", "properties": { "id": "11764663-1195", "name": "Minetta Street", "class": "residential", "is_priority": false }, "geometry": { "type": "LineString", "coordinates": [ [ -74.477757, 40.486475 ], [ -74.479353, 40.48586 ] ] } },
{ "type": "Feature", "properties": { "id": "11764758-1196", "name": "Drake Street", "class": "residential", "is_priority": false }, "geometry": { "type": "LineString", "coordinates": [ [ -74.460485, 40.492101 ], [ -74.461232, 40.491704 ] ] } },
{ "type": "Feature", "properties": { "id": "11765166-1197", "name": "Miller Avenue", "class": "residential", "is_priority": false }, "geometry": { "type": "LineString", "coordinates": [ [ -74.467904, 40.493335 ], [ -74.468157, 40.49374 ], [ -74.468969, 40.494942 ] ] } },
{ "type": "Feature", "properties": { "id": "11765166-1198", "name": "Miller Avenue", "class": "residential", "is_priority": false }, "geometry": { "type": "LineString", "coordinates": [ [ -74.468969, 40.494942 ], [ -74.469443, 40.4957 ] ] } },
{ "type": "Feature", "properties": { "id": "11765199-1199", "name": "Rose Street", "class": "residential", "is_priority": false }, "geometry": { "type": "LineString", "coordinates": [ [ -74.468051, 40.492043 ], [ -74.468567, 40.491677 ], [ -74.469887, 40.490914 ] ] } },
{ "type": "Feature", "properties": { "id": "11765199-1200", "name": "Rose Street", "class": "residential", "is_priority": false }, "geometry": { "type": "LineString", "coordinates": [ [ -74.469887, 40.490914 ], [ -74.470175, 40.490734 ] ] } },
{ "type": "Feature", "properties": { "id": "11765206-1201", "name": "Elmwood Street", "class": "residential", "is_priority": false }, "geometry": { "type": "LineString", "coordinates": [ [ -74.476796, 40.503592 ], [ -74.47744, 40.504024 ], [ -74.478603, 40.50475 ] ] } },
{ "type": "Feature", "properties": { "id": "11765206-1202", "name": "Elmwood Street", "class": "residential", "is_priority": false }, "geometry": { "type": "LineString", "coordinates": [ [ -74.478603, 40.50475 ], [ -74.478937, 40.504961 ] ] } },
{ "type": "Feature", "properties": { "id": "11765242-1203", "name": "School Avenue", "class": "residential", "is_priority": false }, "geometry": { "type": "LineString", "coordinates": [ [ -74.483298, 40.480988 ], [ -74.484114, 40.481601 ], [ -74.485021, 40.482218 ] ] } },
{ "type": "Feature", "properties": { "id": "11765242-1204", "name": "School Avenue", "class": "residential", "is_priority": false }, "geometry": { "type": "LineString", "coordinates": [ [ -74.485021, 40.482218 ], [ -74.486345, 40.483091 ], [ -74.486536, 40.483152 ], [ -74.486937, 40.483185 ] ] } },
{ "type": "Feature", "properties": { "id": "11765242-1205", "name": "School Avenue", "class": "residential", "is_priority": false }, "geometry": { "type": "LineString", "coordinates": [ [ -74.486937, 40.483185 ], [ -74.487642, 40.483208 ] ] } },
{ "type": "Feature", "properties": { "id": "11765271-1206", "name": "Sydney Place", "class": "residential", "is_priority": false }, "geometry": { "type": "LineString", "coordinates": [ [ -74.467289, 40.491285 ], [ -74.46757, 40.491534 ], [ -74.468051, 40.492043 ], [ -74.468329, 40.492305 ], [ -74.468724, 40.492714 ] ] } },
{ "type": "Feature", "properties": { "id": "11765271-1207", "name": "Sydney Place", "class": "residential", "is_priority": false }, "geometry": { "type": "LineString", "coordinates": [ [ -74.468724, 40.492714 ], [ -74.468934, 40.492932 ] ] } },
{ "type": "Feature", "properties": { "id": "11765276-1208", "name": "Hawthorne Drive", "class": "residential", "is_priority": false }, "geometry": { "type": "LineString", "coordinates": [ [ -74.462324, 40.495466 ], [ -74.463255, 40.496843 ], [ -74.463303, 40.496959 ], [ -74.463324, 40.497088 ] ] } },
{ "type": "Feature", "properties": { "id": "11765276-1209", "name": "Hawthorne Drive", "class": "residential", "is_priority": false }, "geometry": { "type": "LineString", "coordinates": [ [ -74.463324, 40.497088 ], [ -74.463381, 40.498889 ] ] } },
{ "type": "Feature", "properties": { "id": "11765276-1210", "name": "Hawthorne Drive", "class": "residential", "is_priority": false }, "geometry": { "type": "LineString", "coordinates": [ [ -74.463381, 40.498889 ], [ -74.463389, 40.499098 ], [ -74.463457, 40.499346 ], [ -74.46358, 40.499515 ], [ -74.463756, 40.49967 ], [ -74.463875, 40.499749 ], [ -74.46417, 40.499871 ], [ -74.464623, 40.500002 ], [ -74.464839, 40.500104 ] ] } },
{ "type": "Feature", "properties": { "id": "11765276-1211", "name": "Hawthorne Drive", "class": "residential", "is_priority": false }, "geometry": { "type": "LineString", "coordinates": [ [ -74.464839, 40.500104 ], [ -74.46525, 40.500369 ], [ -74.465344, 40.500412 ], [ -74.465471, 40.500445 ], [ -74.465704, 40.500438 ], [ -74.465838, 40.500401 ], [ -74.466073, 40.500285 ], [ -74.466157, 40.500224 ], [ -74.466278, 40.50006 ], [ -74.466278, 40.499904 ] ] } },
{ "type": "Feature", "properties": { "id": "11765278-1212", "name": "Hawthorne Drive", "class": "residential", "is_priority": false }, "geometry": { "type": "LineString", "coordinates": [ [ -74.466278, 40.499904 ], [ -74.466471, 40.49988 ], [ -74.466595, 40.499823 ], [ -74.467093, 40.499417 ] ] } },
{ "type": "Feature", "properties": { "id": "11765585-1213", "name": "Bennetts Lane", "class": "tertiary", "is_priority": false }, "geometry": { "type": "LineString", "coordinates": [ [ -74.49421, 40.469913 ], [ -74.49476, 40.470201 ], [ -74.496114, 40.470976 ] ] } },
{ "type": "Feature", "properties": { "id": "11765585-1214", "name": "Bennetts Lane", "class": "tertiary", "is_priority": false }, "geometry": { "type": "LineString", "coordinates": [ [ -74.496114, 40.470976 ], [ -74.498022, 40.472035 ] ] } },
{ "type": "Feature", "properties": { "id": "11765585-1215", "name": "Bennetts Lane", "class": "tertiary", "is_priority": false }, "geometry": { "type": "LineString", "coordinates": [ [ -74.498022, 40.472035 ], [ -74.499928, 40.473097 ] ] } },
{ "type": "Feature", "properties": { "id": "11765585-1216", "name": "Bennetts Lane", "class": "tertiary", "is_priority": false }, "geometry": { "type": "LineString", "coordinates": [ [ -74.499928, 40.473097 ], [ -74.500725, 40.473573 ], [ -74.501248, 40.473858 ] ] } },
{ "type": "Feature", "properties": { "id": "11765680-1217", "name": "Chester Avenue", "class": "residential", "is_priority": false }, "geometry": { "type": "LineString", "coordinates": [ [ -74.477228, 40.488984 ], [ -74.477654, 40.489616 ] ] } },
{ "type": "Feature", "properties": { "id": "11765714-1218", "name": "Irvington Avenue", "class": "residential", "is_priority": false }, "geometry": { "type": "LineString", "coordinates": [ [ -74.472998, 40.507238 ], [ -74.473037, 40.507129 ], [ -74.473096, 40.507059 ], [ -74.474424, 40.505814 ] ] } },
{ "type": "Feature", "properties": { "id": "11765714-1219", "name": "Irvington Avenue", "class": "residential", "is_priority": false }, "geometry": { "type": "LineString", "coordinates": [ [ -74.474424, 40.505814 ], [ -74.475915, 40.504417 ] ] } },
{ "type": "Feature", "properties": { "id": "11765714-1220", "name": "Irvington Avenue", "class": "residential", "is_priority": false }, "geometry": { "type": "LineString", "coordinates": [ [ -74.475915, 40.504417 ], [ -74.477399, 40.503016 ] ] } },
{ "type": "Feature", "properties": { "id": "11765714-1221", "name": "Irvington Avenue", "class": "residential", "is_priority": false }, "geometry": { "type": "LineString", "coordinates": [ [ -74.477399, 40.503016 ], [ -74.477802, 40.502631 ] ] } },
{ "type": "Feature", "properties": { "id": "11765783-1222", "name": "Chester Avenue", "class": "residential", "is_priority": false }, "geometry": { "type": "LineString", "coordinates": [ [ -74.477228, 40.488984 ], [ -74.47684, 40.488361 ] ] } },
{ "type": "Feature", "properties": { "id": "11765890-1223", "name": "Landing Lane", "class": "primary", "is_priority": true }, "geometry": { "type": "LineString", "coordinates": [ [ -74.46746, 40.505649 ], [ -74.46779, 40.50556 ], [ -74.468198, 40.505383 ] ] } },
{ "type": "Feature", "properties": { "id": "11766167-1224", "name": "Martin Street", "class": "residential", "is_priority": false }, "geometry": { "type": "LineString", "coordinates": [ [ -74.475659, 40.491169 ], [ -74.477767, 40.490359 ] ] } },
{ "type": "Feature", "properties": { "id": "11766167-1225", "name": "Martin Street", "class": "residential", "is_priority": false }, "geometry": { "type": "LineString", "coordinates": [ [ -74.477767, 40.490359 ], [ -74.479881, 40.489558 ] ] } },
{ "type": "Feature", "properties": { "id": "11766167-1226", "name": "Martin Street", "class": "residential", "is_priority": false }, "geometry": { "type": "LineString", "coordinates": [ [ -74.479881, 40.489558 ], [ -74.481981, 40.488736 ] ] } },
{ "type": "Feature", "properties": { "id": "11766167-1227", "name": "Martin Street", "class": "residential", "is_priority": false }, "geometry": { "type": "LineString", "coordinates": [ [ -74.481981, 40.488736 ], [ -74.483243, 40.488253 ] ] } },
{ "type": "Feature", "properties": { "id": "11766219-1228", "name": "Meister Street", "class": "residential", "is_priority": false }, "geometry": { "type": "LineString", "coordinates": [ [ -74.463905, 40.492292 ], [ -74.464986, 40.493894 ] ] } },
{ "type": "Feature", "properties": { "id": "11766219-1229", "name": "Meister Street", "class": "residential", "is_priority": false }, "geometry": { "type": "LineString", "coordinates": [ [ -74.464986, 40.493894 ], [ -74.465276, 40.494341 ] ] } },
{ "type": "Feature", "properties": { "id": "11766540-1230", "name": "Highwood Road", "class": "residential", "is_priority": false }, "geometry": { "type": "LineString", "coordinates": [ [ -74.475525, 40.508215 ], [ -74.475466, 40.508389 ], [ -74.475446, 40.508628 ], [ -74.475465, 40.508774 ], [ -74.475516, 40.508908 ], [ -74.475616, 40.509014 ], [ -74.475764, 40.509078 ], [ -74.476366, 40.509248 ], [ -74.476774, 40.509395 ] ] } },
{ "type": "Feature", "properties": { "id": "11766540-1231", "name": "Highwood Road", "class": "residential", "is_priority": false }, "geometry": { "type": "LineString", "coordinates": [ [ -74.476774, 40.509395 ], [ -74.477189, 40.509426 ], [ -74.477673, 40.50952 ], [ -74.477717, 40.509507 ], [ -74.477955, 40.509154 ] ] } },
{ "type": "Feature", "properties": { "id": "11766603-1232", "name": "Booker Street", "class": "residential", "is_priority": false }, "geometry": { "type": "LineString", "coordinates": [ [ -74.480205, 40.483021 ], [ -74.481653, 40.484443 ] ] } },
{ "type": "Feature", "properties": { "id": "11766603-1233", "name": "Booker Street", "class": "residential", "is_priority": false }, "geometry": { "type": "LineString", "coordinates": [ [ -74.481653, 40.484443 ], [ -74.481993, 40.484781 ] ] } },
{ "type": "Feature", "properties": { "id": "11766876-1234", "name": "Briarwood Drive", "class": "residential", "is_priority": false }, "geometry": { "type": "LineString", "coordinates": [ [ -74.471408, 40.502374 ], [ -74.471565, 40.502461 ], [ -74.471921, 40.502622 ], [ -74.472243, 40.502738 ], [ -74.473338, 40.503399 ] ] } },
{ "type": "Feature", "properties": { "id": "11766876-1235", "name": "Briarwood Drive", "class": "residential", "is_priority": false }, "geometry": { "type": "LineString", "coordinates": [ [ -74.473338, 40.503399 ], [ -74.474024, 40.50383 ] ] } },
{ "type": "Feature", "properties": { "id": "11766880-1236", "name": "Blair Avenue", "class": "residential", "is_priority": false }, "geometry": { "type": "LineString", "coordinates": [ [ -74.484603, 40.484714 ], [ -74.484012, 40.48429 ], [ -74.482856, 40.483503 ] ] } },
{ "type": "Feature", "properties": { "id": "11766880-1237", "name": "Blair Avenue", "class": "residential", "is_priority": false }, "geometry": { "type": "LineString", "coordinates": [ [ -74.482856, 40.483503 ], [ -74.482355, 40.483171 ] ] } },
{ "type": "Feature", "properties": { "id": "11767117-1238", "name": "Veronica Avenue", "class": "tertiary", "is_priority": false }, "geometry": { "type": "LineString", "coordinates": [ [ -74.49944, 40.479277 ], [ -74.497533, 40.478215 ] ] } },
{ "type": "Feature", "properties": { "id": "11767117-1239", "name": "Veronica Avenue", "class": "tertiary", "is_priority": false }, "geometry": { "type": "LineString", "coordinates": [ [ -74.497533, 40.478215 ], [ -74.495631, 40.477149 ] ] } },
{ "type": "Feature", "properties": { "id": "11767117-1240", "name": "Veronica Avenue", "class": "tertiary", "is_priority": false }, "geometry": { "type": "LineString", "coordinates": [ [ -74.495631, 40.477149 ], [ -74.493729, 40.476082 ] ] } },
{ "type": "Feature", "properties": { "id": "11767117-1241", "name": "Veronica Avenue", "class": "tertiary", "is_priority": false }, "geometry": { "type": "LineString", "coordinates": [ [ -74.493729, 40.476082 ], [ -74.492599, 40.475458 ], [ -74.49238, 40.475377 ], [ -74.492041, 40.475285 ], [ -74.491687, 40.47523 ] ] } },
{ "type": "Feature", "properties": { "id": "11767117-1242", "name": "Veronica Avenue", "class": "tertiary", "is_priority": false }, "geometry": { "type": "LineString", "coordinates": [ [ -74.491687, 40.47523 ], [ -74.49086, 40.475106 ], [ -74.490709, 40.475068 ], [ -74.490573, 40.47502 ], [ -74.490334, 40.474906 ], [ -74.490056, 40.47475 ] ] } },
{ "type": "Feature", "properties": { "id": "11767273-1243", "name": "Pershing Avenue", "class": "residential", "is_priority": false }, "geometry": { "type": "LineString", "coordinates": [ [ -74.48026, 40.490175 ], [ -74.479834, 40.489575 ], [ -74.479175, 40.488575 ] ] } },
{ "type": "Feature", "properties": { "id": "11767273-1244", "name": "Pershing Avenue", "class": "residential", "is_priority": false }, "geometry": { "type": "LineString", "coordinates": [ [ -74.479175, 40.488575 ], [ -74.478595, 40.487694 ] ] } },
{ "type": "Feature", "properties": { "id": "11767673-1245", "name": "Lafayette Avenue", "class": "residential", "is_priority": false }, "geometry": { "type": "LineString", "coordinates": [ [ -74.471118, 40.49211 ], [ -74.472169, 40.493723 ] ] } },
{ "type": "Feature", "properties": { "id": "11767673-1246", "name": "Lafayette Avenue", "class": "residential", "is_priority": false }, "geometry": { "type": "LineString", "coordinates": [ [ -74.472169, 40.493723 ], [ -74.472181, 40.493741 ] ] } },
{ "type": "Feature", "properties": { "id": "11767674-1247", "name": "Lafayette Avenue", "class": "residential", "is_priority": false }, "geometry": { "type": "LineString", "coordinates": [ [ -74.472687, 40.494465 ], [ -74.473395, 40.495585 ] ] } },
{ "type": "Feature", "properties": { "id": "11767754-1248", "name": "Dayton Avenue", "class": "residential", "is_priority": false }, "geometry": { "type": "LineString", "coordinates": [ [ -74.466995, 40.501304 ], [ -74.468843, 40.502425 ] ] } },
{ "type": "Feature", "properties": { "id": "11767754-1249", "name": "Dayton Avenue", "class": "residential", "is_priority": false }, "geometry": { "type": "LineString", "coordinates": [ [ -74.468843, 40.502425 ], [ -74.470692, 40.503545 ] ] } },
{ "type": "Feature", "properties": { "id": "11767754-1250", "name": "Dayton Avenue", "class": "residential", "is_priority": false }, "geometry": { "type": "LineString", "coordinates": [ [ -74.470692, 40.503545 ], [ -74.472538, 40.504668 ] ] } },
{ "type": "Feature", "properties": { "id": "11767754-1251", "name": "Dayton Avenue", "class": "residential", "is_priority": false }, "geometry": { "type": "LineString", "coordinates": [ [ -74.472538, 40.504668 ], [ -74.472902, 40.504893 ] ] } },
{ "type": "Feature", "properties": { "id": "11767769-1252", "name": "Stothoff Street", "class": "residential", "is_priority": false }, "geometry": { "type": "LineString", "coordinates": [ [ -74.478347, 40.48702 ], [ -74.479379, 40.486616 ] ] } },
{ "type": "Feature", "properties": { "id": "11768087-1253", "name": "Berkley Place", "class": "residential", "is_priority": false }, "geometry": { "type": "LineString", "coordinates": [ [ -74.460558, 40.493446 ], [ -74.461337, 40.493039 ] ] } },
{ "type": "Feature", "properties": { "id": "11768177-1254", "name": "Pearl Place", "class": "residential", "is_priority": false }, "geometry": { "type": "LineString", "coordinates": [ [ -74.462886, 40.492392 ], [ -74.462164, 40.492776 ] ] } },
{ "type": "Feature", "properties": { "id": "11768255-1255", "name": "Beverly Avenue", "class": "residential", "is_priority": false }, "geometry": { "type": "LineString", "coordinates": [ [ -74.478192, 40.509246 ], [ -74.479259, 40.508215 ] ] } },
{ "type": "Feature", "properties": { "id": "11768373-1256", "name": "Ray Street", "class": "residential", "is_priority": false }, "geometry": { "type": "LineString", "coordinates": [ [ -74.469486, 40.49003 ], [ -74.471373, 40.488948 ] ] } },
{ "type": "Feature", "properties": { "id": "11768373-1257", "name": "Ray Street", "class": "residential", "is_priority": false }, "geometry": { "type": "LineString", "coordinates": [ [ -74.471373, 40.488948 ], [ -74.473242, 40.487848 ] ] } },
{ "type": "Feature", "properties": { "id": "11768373-1258", "name": "Ray Street", "class": "residential", "is_priority": false }, "geometry": { "type": "LineString", "coordinates": [ [ -74.473242, 40.487848 ], [ -74.473756, 40.487555 ] ] } },
{ "type": "Feature", "properties": { "id": "11768400-1259", "name": "Arthur Avenue", "class": "residential", "is_priority": false }, "geometry": { "type": "LineString", "coordinates": [ [ -74.489857, 40.488071 ], [ -74.489958, 40.486271 ] ] } },
{ "type": "Feature", "properties": { "id": "11768400-1260", "name": "Arthur Avenue", "class": "residential", "is_priority": false }, "geometry": { "type": "LineString", "coordinates": [ [ -74.489958, 40.486271 ], [ -74.489962, 40.486193 ] ] } },
{ "type": "Feature", "properties": { "id": "11768501-1261", "name": "Dunbar Street", "class": "residential", "is_priority": false }, "geometry": { "type": "LineString", "coordinates": [ [ -74.465086, 40.490212 ], [ -74.466395, 40.489534 ] ] } },
{ "type": "Feature", "properties": { "id": "11768890-1262", "name": "Robbins Avenue", "class": "residential", "is_priority": false }, "geometry": { "type": "LineString", "coordinates": [ [ -74.469081, 40.499955 ], [ -74.470217, 40.500613 ], [ -74.470944, 40.501061 ] ] } },
{ "type": "Feature", "properties": { "id": "11768890-1263", "name": "Robbins Avenue", "class": "residential", "is_priority": false }, "geometry": { "type": "LineString", "coordinates": [ [ -74.470944, 40.501061 ], [ -74.472065, 40.501744 ] ] } },
{ "type": "Feature", "properties": { "id": "11768995-1264", "name": "Voorhees Avenue", "class": "residential", "is_priority": false }, "geometry": { "type": "LineString", "coordinates": [ [ -74.482002, 40.481985 ], [ -74.483159, 40.482798 ], [ -74.483755, 40.48319 ] ] } },
{ "type": "Feature", "properties": { "id": "11768995-1265", "name": "Voorhees Avenue", "class": "residential", "is_priority": false }, "geometry": { "type": "LineString", "coordinates": [ [ -74.483755, 40.48319 ], [ -74.48462, 40.483779 ] ] } },
{ "type": "Feature", "properties": { "id": "11769102-1266", "name": "Runyon Avenue", "class": "residential", "is_priority": false }, "geometry": { "type": "LineString", "coordinates": [ [ -74.466559, 40.501763 ], [ -74.466554, 40.501844 ], [ -74.466576, 40.501903 ], [ -74.466616, 40.501945 ], [ -74.468278, 40.502932 ] ] } },
{ "type": "Feature", "properties": { "id": "11769102-1267", "name": "Runyon Avenue", "class": "residential", "is_priority": false }, "geometry": { "type": "LineString", "coordinates": [ [ -74.468278, 40.502932 ], [ -74.470116, 40.504062 ] ] } },
{ "type": "Feature", "properties": { "id": "11769102-1268", "name": "Runyon Avenue", "class": "residential", "is_priority": false }, "geometry": { "type": "LineString", "coordinates": [ [ -74.470116, 40.504062 ], [ -74.471962, 40.505185 ] ] } },
{ "type": "Feature", "properties": { "id": "11769102-1269", "name": "Runyon Avenue", "class": "residential", "is_priority": false }, "geometry": { "type": "LineString", "coordinates": [ [ -74.471962, 40.505185 ], [ -74.472347, 40.505419 ] ] } },
{ "type": "Feature", "properties": { "id": "11769106-1270", "name": "Baier Avenue", "class": "residential", "is_priority": false }, "geometry": { "type": "LineString", "coordinates": [ [ -74.472735, 40.4915 ], [ -74.473796, 40.493109 ] ] } },
{ "type": "Feature", "properties": { "id": "11769106-1271", "name": "Baier Avenue", "class": "residential", "is_priority": false }, "geometry": { "type": "LineString", "coordinates": [ [ -74.473796, 40.493109 ], [ -74.474752, 40.49456 ] ] } },
{ "type": "Feature", "properties": { "id": "11769117-1272", "name": "Oakbrook Place", "class": "residential", "is_priority": false }, "geometry": { "type": "LineString", "coordinates": [ [ -74.466559, 40.501763 ], [ -74.466607, 40.501691 ], [ -74.466995, 40.501304 ], [ -74.467551, 40.500762 ], [ -74.468009, 40.500344 ] ] } },
{ "type": "Feature", "properties": { "id": "11769117-1273", "name": "Oakbrook Place", "class": "residential", "is_priority": false }, "geometry": { "type": "LineString", "coordinates": [ [ -74.468009, 40.500344 ], [ -74.468141, 40.500223 ] ] } },
{ "type": "Feature", "properties": { "id": "11769344-1274", "name": "Davis Avenue", "class": "residential", "is_priority": false }, "geometry": { "type": "LineString", "coordinates": [ [ -74.479689, 40.484757 ], [ -74.480589, 40.485616 ], [ -74.481138, 40.486179 ] ] } },
{ "type": "Feature", "properties": { "id": "11769344-1275", "name": "Davis Avenue", "class": "residential", "is_priority": false }, "geometry": { "type": "LineString", "coordinates": [ [ -74.481138, 40.486179 ], [ -74.48201, 40.487048 ], [ -74.482083, 40.487143 ], [ -74.482239, 40.487416 ], [ -74.482328, 40.487525 ], [ -74.482384, 40.487689 ] ] } },
{ "type": "Feature", "properties": { "id": "11769344-1276", "name": "Davis Avenue", "class": "residential", "is_priority": false }, "geometry": { "type": "LineString", "coordinates": [ [ -74.482384, 40.487689 ], [ -74.482415, 40.48779 ] ] } },
{ "type": "Feature", "properties": { "id": "11769345-1277", "name": "Davis Avenue", "class": "residential", "is_priority": false }, "geometry": { "type": "LineString", "coordinates": [ [ -74.482058, 40.487107 ], [ -74.482663, 40.486996 ] ] } },
{ "type": "Feature", "properties": { "id": "11769461-1278", "name": "Sumner Avenue", "class": "residential", "is_priority": false }, "geometry": { "type": "LineString", "coordinates": [ [ -74.475233, 40.501956 ], [ -74.476401, 40.5008 ] ] } },
{ "type": "Feature", "properties": { "id": "11769602-1279", "name": "Battle Place", "class": "residential", "is_priority": false }, "geometry": { "type": "LineString", "coordinates": [ [ -74.480475, 40.48743 ], [ -74.481657, 40.486697 ] ] } },
{ "type": "Feature", "properties": { "id": "11769633-1280", "name": "Lee Drive", "class": "residential", "is_priority": false }, "geometry": { "type": "LineString", "coordinates": [ [ -74.464003, 40.491426 ], [ -74.463087, 40.491902 ] ] } },
{ "type": "Feature", "properties": { "id": "11769953-1281", "name": "Winthrop Road", "class": "residential", "is_priority": false }, "geometry": { "type": "LineString", "coordinates": [ [ -74.476216, 40.507563 ], [ -74.476614, 40.507839 ], [ -74.476821, 40.507931 ], [ -74.477033, 40.507938 ], [ -74.477244, 40.507883 ], [ -74.477317, 40.507843 ], [ -74.477995, 40.507224 ] ] } },
{ "type": "Feature", "properties": { "id": "11769953-1282", "name": "Winthrop Road", "class": "residential", "is_priority": false }, "geometry": { "type": "LineString", "coordinates": [ [ -74.477995, 40.507224 ], [ -74.479148, 40.506104 ] ] } },
{ "type": "Feature", "properties": { "id": "11769988-1283", "name": "Old Lane", "class": "residential", "is_priority": false }, "geometry": { "type": "LineString", "coordinates": [ [ -74.473958, 40.508984 ], [ -74.474988, 40.508008 ] ] } },
{ "type": "Feature", "properties": { "id": "11770096-1284", "name": "Annette Court", "class": "residential", "is_priority": false }, "geometry": { "type": "LineString", "coordinates": [ [ -74.461158, 40.495906 ], [ -74.460825, 40.495275 ], [ -74.460371, 40.494568 ], [ -74.460375, 40.494507 ], [ -74.460465, 40.494431 ], [ -74.460667, 40.494358 ] ] } },
{ "type": "Feature", "properties": { "id": "11770096-1285", "name": "Annette Court", "class": "residential", "is_priority": false }, "geometry": { "type": "LineString", "coordinates": [ [ -74.460667, 40.494358 ], [ -74.461199, 40.494167 ] ] } },
{ "type": "Feature", "properties": { "id": "11770289-1286", "name": "Green Street", "class": "residential", "is_priority": false }, "geometry": { "type": "LineString", "coordinates": [ [ -74.465094, 40.495962 ], [ -74.466421, 40.495483 ], [ -74.467208, 40.495162 ] ] } },
{ "type": "Feature", "properties": { "id": "11770289-1287", "name": "Green Street", "class": "residential", "is_priority": false }, "geometry": { "type": "LineString", "coordinates": [ [ -74.467208, 40.495162 ], [ -74.469312, 40.494347 ] ] } },
{ "type": "Feature", "properties": { "id": "11770289-1288", "name": "Green Street", "class": "residential", "is_priority": false }, "geometry": { "type": "LineString", "coordinates": [ [ -74.469312, 40.494347 ], [ -74.469542, 40.494255 ] ] } },
{ "type": "Feature", "properties": { "id": "11770369-1289", "name": "Norma Avenue", "class": "residential", "is_priority": false }, "geometry": { "type": "LineString", "coordinates": [ [ -74.481012, 40.48832 ], [ -74.482081, 40.489926 ] ] } },
{ "type": "Feature", "properties": { "id": "11770369-1290", "name": "Norma Avenue", "class": "residential", "is_priority": false }, "geometry": { "type": "LineString", "coordinates": [ [ -74.482081, 40.489926 ], [ -74.482941, 40.491257 ] ] } },
{ "type": "Feature", "properties": { "id": "11770416-1291", "name": "Cooper Avenue", "class": "residential", "is_priority": false }, "geometry": { "type": "LineString", "coordinates": [ [ -74.463341, 40.49757 ], [ -74.463949, 40.497589 ], [ -74.464208, 40.49769 ], [ -74.46432, 40.497754 ], [ -74.464766, 40.498156 ], [ -74.465256, 40.498459 ] ] } },
{ "type": "Feature", "properties": { "id": "11770416-1292", "name": "Cooper Avenue", "class": "residential", "is_priority": false }, "geometry": { "type": "LineString", "coordinates": [ [ -74.465256, 40.498459 ], [ -74.466584, 40.499269 ], [ -74.466786, 40.499355 ], [ -74.466962, 40.499397 ], [ -74.467093, 40.499417 ], [ -74.467204, 40.499413 ] ] } },
{ "type": "Feature", "properties": { "id": "11770416-1293", "name": "Cooper Avenue", "class": "residential", "is_priority": false }, "geometry": { "type": "LineString", "coordinates": [ [ -74.467204, 40.499413 ], [ -74.467383, 40.499407 ], [ -74.467592, 40.499371 ], [ -74.467794, 40.49931 ], [ -74.468089, 40.499127 ], [ -74.468949, 40.498314 ] ] } },
{ "type": "Feature", "properties": { "id": "11770416-1294", "name": "Cooper Avenue", "class": "residential", "is_priority": false }, "geometry": { "type": "LineString", "coordinates": [ [ -74.468949, 40.498314 ], [ -74.469327, 40.497951 ] ] } },
{ "type": "Feature", "properties": { "id": "11770433-1295", "name": "Whittier Avenue", "class": "residential", "is_priority": false }, "geometry": { "type": "LineString", "coordinates": [ [ -74.463255, 40.496843 ], [ -74.464079, 40.496819 ], [ -74.464255, 40.496837 ], [ -74.46455, 40.496916 ], [ -74.464835, 40.497046 ], [ -74.464982, 40.497154 ], [ -74.465282, 40.497468 ] ] } },
{ "type": "Feature", "properties": { "id": "11770433-1296", "name": "Whittier Avenue", "class": "residential", "is_priority": false }, "geometry": { "type": "LineString", "coordinates": [ [ -74.465282, 40.497468 ], [ -74.465422, 40.497598 ], [ -74.465924, 40.497922 ], [ -74.467081, 40.498628 ] ] } },
{ "type": "Feature", "properties": { "id": "11770433-1297", "name": "Whittier Avenue", "class": "residential", "is_priority": false }, "geometry": { "type": "LineString", "coordinates": [ [ -74.467081, 40.498628 ], [ -74.46734, 40.498808 ], [ -74.467549, 40.499053 ], [ -74.467729, 40.49933 ] ] } },
{ "type": "Feature", "properties": { "id": "11770438-1298", "name": "Carmen Street", "class": "residential", "is_priority": false }, "geometry": { "type": "LineString", "coordinates": [ [ -74.474867, 40.499049 ], [ -74.476346, 40.500001 ], [ -74.476688, 40.500194 ] ] } },
{ "type": "Feature", "properties": { "id": "11770438-1299", "name": "Carmen Street", "class": "residential", "is_priority": false }, "geometry": { "type": "LineString", "coordinates": [ [ -74.476688, 40.500194 ], [ -74.477476, 40.500696 ], [ -74.478533, 40.501317 ] ] } },
{ "type": "Feature", "properties": { "id": "11770438-1300", "name": "Carmen Street", "class": "residential", "is_priority": false }, "geometry": { "type": "LineString", "coordinates": [ [ -74.478533, 40.501317 ], [ -74.478677, 40.501406 ] ] } },
{ "type": "Feature", "properties": { "id": "11770522-1301", "name": "Henry Street", "class": "residential", "is_priority": false }, "geometry": { "type": "LineString", "coordinates": [ [ -74.463977, 40.488909 ], [ -74.464419, 40.489405 ], [ -74.465262, 40.490419 ] ] } },
{ "type": "Feature", "properties": { "id": "11770522-1302", "name": "Henry Street", "class": "residential", "is_priority": false }, "geometry": { "type": "LineString", "coordinates": [ [ -74.465262, 40.490419 ], [ -74.466079, 40.491362 ], [ -74.466294, 40.49156 ], [ -74.466691, 40.491843 ] ] } },
{ "type": "Feature", "properties": { "id": "11770522-1303", "name": "Henry Street", "class": "residential", "is_priority": false }, "geometry": { "type": "LineString", "coordinates": [ [ -74.466691, 40.491843 ], [ -74.468415, 40.493073 ] ] } },
{ "type": "Feature", "properties": { "id": "11770522-1304", "name": "Henry Street", "class": "residential", "is_priority": false }, "geometry": { "type": "LineString", "coordinates": [ [ -74.468415, 40.493073 ], [ -74.46847, 40.493112 ] ] } },
{ "type": "Feature", "properties": { "id": "11770603-1305", "name": "Grandview Avenue", "class": "residential", "is_priority": false }, "geometry": { "type": "LineString", "coordinates": [ [ -74.47861, 40.507801 ], [ -74.47926, 40.508197 ] ] } },
{ "type": "Feature", "properties": { "id": "11770606-1306", "name": "Fairmount Street", "class": "residential", "is_priority": false }, "geometry": { "type": "LineString", "coordinates": [ [ -74.474874, 40.505392 ], [ -74.475553, 40.505831 ], [ -74.476252, 40.506206 ] ] } },
{ "type": "Feature", "properties": { "id": "11770764-1307", "name": "Codington Avenue", "class": "residential", "is_priority": false }, "geometry": { "type": "LineString", "coordinates": [ [ -74.493481, 40.485107 ], [ -74.494109, 40.485254 ] ] } },
{ "type": "Feature", "properties": { "id": "11770977-1308", "name": "Springfield Avenue", "class": "residential", "is_priority": false }, "geometry": { "type": "LineString", "coordinates": [ [ -74.482715, 40.481513 ], [ -74.482725, 40.481544 ], [ -74.483357, 40.482024 ] ] } },
{ "type": "Feature", "properties": { "id": "11770986-1309", "name": "Baker Street", "class": "residential", "is_priority": false }, "geometry": { "type": "LineString", "coordinates": [ [ -74.484352, 40.486624 ], [ -74.485949, 40.486234 ] ] } },
{ "type": "Feature", "properties": { "id": "11771152-1310", "name": "Arlington Avenue", "class": "residential", "is_priority": false }, "geometry": { "type": "LineString", "coordinates": [ [ -74.472121, 40.5069 ], [ -74.47358, 40.505483 ] ] } },
{ "type": "Feature", "properties": { "id": "11771152-1311", "name": "Arlington Avenue", "class": "residential", "is_priority": false }, "geometry": { "type": "LineString", "coordinates": [ [ -74.47358, 40.505483 ], [ -74.475044, 40.504069 ] ] } },
{ "type": "Feature", "properties": { "id": "11771152-1312", "name": "Arlington Avenue", "class": "residential", "is_priority": false }, "geometry": { "type": "LineString", "coordinates": [ [ -74.475044, 40.504069 ], [ -74.476521, 40.502664 ] ] } },
{ "type": "Feature", "properties": { "id": "11771152-1313", "name": "Arlington Avenue", "class": "residential", "is_priority": false }, "geometry": { "type": "LineString", "coordinates": [ [ -74.476521, 40.502664 ], [ -74.477694, 40.501533 ] ] } },
{ "type": "Feature", "properties": { "id": "11771160-1314", "name": "Dumont Street", "class": "residential", "is_priority": false }, "geometry": { "type": "LineString", "coordinates": [ [ -74.478431, 40.502047 ], [ -74.478916, 40.502339 ] ] } },
{ "type": "Feature", "properties": { "id": "11771167-1315", "name": "Frederick Street", "class": "residential", "is_priority": false }, "geometry": { "type": "LineString", "coordinates": [ [ -74.486732, 40.488807 ], [ -74.486092, 40.489236 ], [ -74.485946, 40.489359 ], [ -74.485941, 40.489438 ], [ -74.486008, 40.489518 ], [ -74.486323, 40.489664 ], [ -74.486405, 40.489686 ], [ -74.486506, 40.489682 ], [ -74.486548, 40.489664 ], [ -74.486652, 40.489568 ], [ -74.486796, 40.489373 ] ] } },
{ "type": "Feature", "properties": { "id": "11771167-1316", "name": "Frederick Street", "class": "residential", "is_priority": false }, "geometry": { "type": "LineString", "coordinates": [ [ -74.486796, 40.489373 ], [ -74.487707, 40.488185 ], [ -74.487725, 40.488115 ], [ -74.487707, 40.48791 ] ] } },
{ "type": "Feature", "properties": { "id": "11771281-1317", "name": "Hillcrest Avenue", "class": "residential", "is_priority": false }, "geometry": { "type": "LineString", "coordinates": [ [ -74.473853, 40.507569 ], [ -74.475321, 40.506158 ] ] } },
{ "type": "Feature", "properties": { "id": "11771281-1318", "name": "Hillcrest Avenue", "class": "residential", "is_priority": false }, "geometry": { "type": "LineString", "coordinates": [ [ -74.475321, 40.506158 ], [ -74.475496, 40.505974 ], [ -74.475553, 40.505831 ], [ -74.476716, 40.504717 ] ] } },
{ "type": "Feature", "properties": { "id": "11771281-1319", "name": "Hillcrest Avenue", "class": "residential", "is_priority": false }, "geometry": { "type": "LineString", "coordinates": [ [ -74.476716, 40.504717 ], [ -74.478192, 40.503311 ] ] } },
{ "type": "Feature", "properties": { "id": "11771281-1320", "name": "Hillcrest Avenue", "class": "residential", "is_priority": false }, "geometry": { "type": "LineString", "coordinates": [ [ -74.478192, 40.503311 ], [ -74.478954, 40.5026 ] ] } },
{ "type": "Feature", "properties": { "id": "11771309-1321", "name": "Kee Avenue", "class": "residential", "is_priority": false }, "geometry": { "type": "LineString", "coordinates": [ [ -74.468716, 40.493016 ], [ -74.469085, 40.493532 ], [ -74.469777, 40.494625 ] ] } },
{ "type": "Feature", "properties": { "id": "11771309-1322", "name": "Kee Avenue", "class": "residential", "is_priority": false }, "geometry": { "type": "LineString", "coordinates": [ [ -74.469777, 40.494625 ], [ -74.470254, 40.495374 ] ] } },
{ "type": "Feature", "properties": { "id": "11771424-1323", "name": "Neuville Drive", "class": "residential", "is_priority": false }, "geometry": { "type": "LineString", "coordinates": [ [ -74.472998, 40.507238 ], [ -74.472914, 40.50745 ], [ -74.472428, 40.508115 ], [ -74.47235, 40.508285 ] ] } },
{ "type": "Feature", "properties": { "id": "11771501-1324", "name": "Frank Street", "class": "residential", "is_priority": false }, "geometry": { "type": "LineString", "coordinates": [ [ -74.479368, 40.486298 ], [ -74.479856, 40.486037 ], [ -74.481258, 40.48522 ] ] } },
{ "type": "Feature", "properties": { "id": "11771501-1325", "name": "Frank Street", "class": "residential", "is_priority": false }, "geometry": { "type": "LineString", "coordinates": [ [ -74.481258, 40.48522 ], [ -74.481281, 40.485206 ] ] } },
{ "type": "Feature", "properties": { "id": "11771530-1326", "name": "Roberts Road", "class": "residential", "is_priority": false }, "geometry": { "type": "LineString", "coordinates": [ [ -74.47475, 40.494557 ], [ -74.476529, 40.493881 ], [ -74.476619, 40.493827 ], [ -74.476786, 40.493678 ] ] } },
{ "type": "Feature", "properties": { "id": "11771530-1327", "name": "Roberts Road", "class": "residential", "is_priority": false }, "geometry": { "type": "LineString", "coordinates": [ [ -74.476786, 40.493678 ], [ -74.476885, 40.49354 ], [ -74.477071, 40.493117 ] ] } },
{ "type": "Feature", "properties": { "id": "11771552-1328", "name": "Grove Street", "class": "residential", "is_priority": false }, "geometry": { "type": "LineString", "coordinates": [ [ -74.475604, 40.502312 ], [ -74.476723, 40.50299 ] ] } },
{ "type": "Feature", "properties": { "id": "11771716-1329", "name": "Sinclair Boulevard", "class": "residential", "is_priority": false }, "geometry": { "type": "LineString", "coordinates": [ [ -74.496246, 40.468318 ], [ -74.496399, 40.468413 ], [ -74.496972, 40.468705 ], [ -74.498142, 40.46939 ] ] } },
{ "type": "Feature", "properties": { "id": "11771716-1330", "name": "Sinclair Boulevard", "class": "residential", "is_priority": false }, "geometry": { "type": "LineString", "coordinates": [ [ -74.498142, 40.46939 ], [ -74.500026, 40.470474 ] ] } },
{ "type": "Feature", "properties": { "id": "11771716-1331", "name": "Sinclair Boulevard", "class": "residential", "is_priority": false }, "geometry": { "type": "LineString", "coordinates": [ [ -74.500026, 40.470474 ], [ -74.500075, 40.470499 ] ] } },
{ "type": "Feature", "properties": { "id": "11771906-1332", "name": "Juliet Avenue", "class": "residential", "is_priority": false }, "geometry": { "type": "LineString", "coordinates": [ [ -74.469383, 40.486512 ], [ -74.470812, 40.487946 ] ] } },
{ "type": "Feature", "properties": { "id": "11771906-1333", "name": "Juliet Avenue", "class": "residential", "is_priority": false }, "geometry": { "type": "LineString", "coordinates": [ [ -74.470812, 40.487946 ], [ -74.471651, 40.488787 ] ] } },
{ "type": "Feature", "properties": { "id": "11772134-1334", "name": "North Lawrence Avenue", "class": "residential", "is_priority": false }, "geometry": { "type": "LineString", "coordinates": [ [ -74.470314, 40.49241 ], [ -74.471377, 40.494019 ] ] } },
{ "type": "Feature", "properties": { "id": "11772134-1335", "name": "North Lawrence Avenue", "class": "residential", "is_priority": false }, "geometry": { "type": "LineString", "coordinates": [ [ -74.471377, 40.494019 ], [ -74.472445, 40.495625 ] ] } },
{ "type": "Feature", "properties": { "id": "11772134-1336", "name": "North Lawrence Avenue", "class": "residential", "is_priority": false }, "geometry": { "type": "LineString", "coordinates": [ [ -74.472445, 40.495625 ], [ -74.472609, 40.495882 ] ] } },
{ "type": "Feature", "properties": { "id": "11772500-1337", "name": "South Lawrence Avenue", "class": "residential", "is_priority": false }, "geometry": { "type": "LineString", "coordinates": [ [ -74.468843, 40.490562 ], [ -74.469465, 40.491167 ], [ -74.470272, 40.491996 ] ] } },
{ "type": "Feature", "properties": { "id": "11772500-1338", "name": "South Lawrence Avenue", "class": "residential", "is_priority": false }, "geometry": { "type": "LineString", "coordinates": [ [ -74.470272, 40.491996 ], [ -74.470578, 40.492311 ] ] } },
{ "type": "Feature", "properties": { "id": "11772692-1339", "name": "Winslow Avenue", "class": "residential", "is_priority": false }, "geometry": { "type": "LineString", "coordinates": [ [ -74.465924, 40.497922 ], [ -74.467392, 40.496511 ] ] } },
{ "type": "Feature", "properties": { "id": "11772692-1340", "name": "Winslow Avenue", "class": "residential", "is_priority": false }, "geometry": { "type": "LineString", "coordinates": [ [ -74.467392, 40.496511 ], [ -74.468411, 40.495509 ] ] } },
{ "type": "Feature", "properties": { "id": "11772694-1341", "name": "Oakland Avenue", "class": "residential", "is_priority": false }, "geometry": { "type": "LineString", "coordinates": [ [ -74.471195, 40.506542 ], [ -74.471795, 40.505979 ], [ -74.472655, 40.505127 ] ] } },
{ "type": "Feature", "properties": { "id": "11772694-1342", "name": "Oakland Avenue", "class": "residential", "is_priority": false }, "geometry": { "type": "LineString", "coordinates": [ [ -74.472655, 40.505127 ], [ -74.474135, 40.503724 ] ] } },
{ "type": "Feature", "properties": { "id": "11772694-1343", "name": "Oakland Avenue", "class": "residential", "is_priority": false }, "geometry": { "type": "LineString", "coordinates": [ [ -74.474135, 40.503724 ], [ -74.475338, 40.502553 ], [ -74.475603, 40.502313 ] ] } },
{ "type": "Feature", "properties": { "id": "11772694-1344", "name": "Oakland Avenue", "class": "residential", "is_priority": false }, "geometry": { "type": "LineString", "coordinates": [ [ -74.475603, 40.502313 ], [ -74.476827, 40.501145 ] ] } },
{ "type": "Feature", "properties": { "id": "11772899-1345", "name": "Jurocko Avenue", "class": "residential", "is_priority": false }, "geometry": { "type": "LineString", "coordinates": [ [ -74.470542, 40.494239 ], [ -74.471586, 40.495855 ] ] } },
{ "type": "Feature", "properties": { "id": "11772899-1346", "name": "Jurocko Avenue", "class": "residential", "is_priority": false }, "geometry": { "type": "LineString", "coordinates": [ [ -74.471586, 40.495855 ], [ -74.471806, 40.49619 ] ] } },
{ "type": "Feature", "properties": { "id": "11772923-1347", "name": "Newport Avenue", "class": "residential", "is_priority": false }, "geometry": { "type": "LineString", "coordinates": [ [ -74.469624, 40.487867 ], [ -74.471045, 40.489306 ] ] } },
{ "type": "Feature", "properties": { "id": "11772923-1348", "name": "Newport Avenue", "class": "residential", "is_priority": false }, "geometry": { "type": "LineString", "coordinates": [ [ -74.471045, 40.489306 ], [ -74.472348, 40.490649 ], [ -74.472399, 40.490728 ], [ -74.4724, 40.49077 ] ] } },
{ "type": "Feature", "properties": { "id": "11772928-1349", "name": "Vanderbilt Avenue", "class": "residential", "is_priority": false }, "geometry": { "type": "LineString", "coordinates": [ [ -74.48817, 40.486478 ], [ -74.489151, 40.48783 ], [ -74.489194, 40.48788 ], [ -74.489273, 40.487934 ] ] } },
{ "type": "Feature", "properties": { "id": "11772956-1350", "name": "Ambrose Street", "class": "residential", "is_priority": false }, "geometry": { "type": "LineString", "coordinates": [ [ -74.464526, 40.494624 ], [ -74.463436, 40.493026 ] ] } },
{ "type": "Feature", "properties": { "id": "11772956-1351", "name": "Ambrose Street", "class": "residential", "is_priority": false }, "geometry": { "type": "LineString", "coordinates": [ [ -74.463436, 40.493026 ], [ -74.463215, 40.492746 ], [ -74.462121, 40.49153 ] ] } },
{ "type": "Feature", "properties": { "id": "11772956-1352", "name": "Ambrose Street", "class": "residential", "is_priority": false }, "geometry": { "type": "LineString", "coordinates": [ [ -74.462121, 40.49153 ], [ -74.461106, 40.490401 ] ] } },
{ "type": "Feature", "properties": { "id": "11773079-1353", "name": "Castleton Avenue", "class": "residential", "is_priority": false }, "geometry": { "type": "LineString", "coordinates": [ [ -74.478992, 40.509555 ], [ -74.47906, 40.509488 ] ] } },
{ "type": "Feature", "properties": { "id": "11773121-1354", "name": "Kathryn Street", "class": "residential", "is_priority": false }, "geometry": { "type": "LineString", "coordinates": [ [ -74.470849, 40.491426 ], [ -74.472073, 40.490953 ], [ -74.472346, 40.490829 ], [ -74.4724, 40.49077 ] ] } },
{ "type": "Feature", "properties": { "id": "11773329-1355", "name": "Ellen Street", "class": "residential", "is_priority": false }, "geometry": { "type": "LineString", "coordinates": [ [ -74.483748, 40.485062 ], [ -74.482577, 40.485335 ], [ -74.482463, 40.485377 ], [ -74.481658, 40.485841 ] ] } },
{ "type": "Feature", "properties": { "id": "11773329-1356", "name": "Ellen Street", "class": "residential", "is_priority": false }, "geometry": { "type": "LineString", "coordinates": [ [ -74.481658, 40.485841 ], [ -74.481121, 40.486162 ] ] } },
{ "type": "Feature", "properties": { "id": "11773332-1357", "name": "Ellen Street", "class": "residential", "is_priority": false }, "geometry": { "type": "LineString", "coordinates": [ [ -74.483837, 40.485291 ], [ -74.485812, 40.484859 ] ] } },
{ "type": "Feature", "properties": { "id": "11773339-1358", "name": "Parkside Street", "class": "residential", "is_priority": false }, "geometry": { "type": "LineString", "coordinates": [ [ -74.477149, 40.485752 ], [ -74.477416, 40.486135 ], [ -74.477746, 40.486465 ], [ -74.47837, 40.487041 ], [ -74.478519, 40.487212 ] ] } },
{ "type": "Feature", "properties": { "id": "11773339-1359", "name": "Parkside Street", "class": "residential", "is_priority": false }, "geometry": { "type": "LineString", "coordinates": [ [ -74.478519, 40.487212 ], [ -74.478804, 40.487611 ] ] } },
{ "type": "Feature", "properties": { "id": "11773358-1360", "name": "Rogers Avenue", "class": "residential", "is_priority": false }, "geometry": { "type": "LineString", "coordinates": [ [ -74.476364, 40.500578 ], [ -74.476756, 40.500232 ], [ -74.477293, 40.499696 ] ] } },
{ "type": "Feature", "properties": { "id": "11773373-1361", "name": "Kevin Apuzzio Avenue", "class": "residential", "is_priority": false }, "geometry": { "type": "LineString", "coordinates": [ [ -74.471148, 40.48602 ], [ -74.471686, 40.486553 ] ] } },
{ "type": "Feature", "properties": { "id": "11773400-1362", "name": "Berger Street", "class": "residential", "is_priority": false }, "geometry": { "type": "LineString", "coordinates": [ [ -74.489273, 40.487934 ], [ -74.490519, 40.488236 ] ] } },
{ "type": "Feature", "properties": { "id": "11773551-1363", "name": "Vassar Street", "class": "residential", "is_priority": false }, "geometry": { "type": "LineString", "coordinates": [ [ -74.471149, 40.493672 ], [ -74.47325, 40.492852 ] ] } },
{ "type": "Feature", "properties": { "id": "11773551-1364", "name": "Vassar Street", "class": "residential", "is_priority": false }, "geometry": { "type": "LineString", "coordinates": [ [ -74.47325, 40.492852 ], [ -74.47355, 40.492737 ] ] } },
{ "type": "Feature", "properties": { "id": "11773590-1365", "name": "Burns Street", "class": "residential", "is_priority": false }, "geometry": { "type": "LineString", "coordinates": [ [ -74.471074, 40.495075 ], [ -74.470254, 40.495374 ], [ -74.469443, 40.4957 ], [ -74.469334, 40.495759 ], [ -74.469058, 40.49598 ] ] } },
{ "type": "Feature", "properties": { "id": "11773590-1366", "name": "Burns Street", "class": "residential", "is_priority": false }, "geometry": { "type": "LineString", "coordinates": [ [ -74.469058, 40.49598 ], [ -74.467588, 40.49739 ] ] } },
{ "type": "Feature", "properties": { "id": "11773590-1367", "name": "Burns Street", "class": "residential", "is_priority": false }, "geometry": { "type": "LineString", "coordinates": [ [ -74.467588, 40.49739 ], [ -74.466971, 40.497991 ] ] } },
{ "type": "Feature", "properties": { "id": "11773902-1368", "name": "Mark Street", "class": "residential", "is_priority": false }, "geometry": { "type": "LineString", "coordinates": [ [ -74.474064, 40.489456 ], [ -74.475061, 40.48905 ], [ -74.476158, 40.488625 ] ] } },
{ "type": "Feature", "properties": { "id": "11773902-1369", "name": "Mark Street", "class": "residential", "is_priority": false }, "geometry": { "type": "LineString", "coordinates": [ [ -74.476158, 40.488625 ], [ -74.478266, 40.487816 ] ] } },
{ "type": "Feature", "properties": { "id": "11773902-1370", "name": "Mark Street", "class": "residential", "is_priority": false }, "geometry": { "type": "LineString", "coordinates": [ [ -74.478266, 40.487816 ], [ -74.479538, 40.487323 ], [ -74.479914, 40.487162 ] ] } },
{ "type": "Feature", "properties": { "id": "11773984-1371", "name": "Radio Court", "class": "residential", "is_priority": false }, "geometry": { "type": "LineString", "coordinates": [ [ -74.468337, 40.506483 ], [ -74.468605, 40.506083 ], [ -74.46851, 40.505924 ], [ -74.468249, 40.505933 ], [ -74.467964, 40.506361 ] ] } },
{ "type": "Feature", "properties": { "id": "11773985-1372", "name": "Radio Court", "class": "residential", "is_priority": false }, "geometry": { "type": "LineString", "coordinates": [ [ -74.468729, 40.505589 ], [ -74.46851, 40.505924 ] ] } },
{ "type": "Feature", "properties": { "id": "11774033-1373", "name": "Rodney Avenue", "class": "residential", "is_priority": false }, "geometry": { "type": "LineString", "coordinates": [ [ -74.467551, 40.500762 ], [ -74.46941, 40.501872 ] ] } },
{ "type": "Feature", "properties": { "id": "11774033-1374", "name": "Rodney Avenue", "class": "residential", "is_priority": false }, "geometry": { "type": "LineString", "coordinates": [ [ -74.46941, 40.501872 ], [ -74.471238, 40.503012 ] ] } },
{ "type": "Feature", "properties": { "id": "11774033-1375", "name": "Rodney Avenue", "class": "residential", "is_priority": false }, "geometry": { "type": "LineString", "coordinates": [ [ -74.471238, 40.503012 ], [ -74.473092, 40.504127 ] ] } },
{ "type": "Feature", "properties": { "id": "11774033-1376", "name": "Rodney Avenue", "class": "residential", "is_priority": false }, "geometry": { "type": "LineString", "coordinates": [ [ -74.473092, 40.504127 ], [ -74.474256, 40.504834 ] ] } },
{ "type": "Feature", "properties": { "id": "11774058-1377", "name": "Spruce Street", "class": "residential", "is_priority": false }, "geometry": { "type": "LineString", "coordinates": [ [ -74.484095, 40.485964 ], [ -74.484872, 40.485766 ], [ -74.485812, 40.485565 ] ] } },
{ "type": "Feature", "properties": { "id": "11774062-1378", "name": "Vernon Avenue", "class": "residential", "is_priority": false }, "geometry": { "type": "LineString", "coordinates": [ [ -74.474235, 40.50192 ], [ -74.47438, 40.501785 ], [ -74.474428, 40.501626 ], [ -74.474464, 40.501569 ], [ -74.475605, 40.500473 ] ] } },
{ "type": "Feature", "properties": { "id": "11774062-1379", "name": "Vernon Avenue", "class": "residential", "is_priority": false }, "geometry": { "type": "LineString", "coordinates": [ [ -74.475605, 40.500473 ], [ -74.475638, 40.500441 ] ] } },
{ "type": "Feature", "properties": { "id": "11774088-1380", "name": "Clifton Street", "class": "residential", "is_priority": false }, "geometry": { "type": "LineString", "coordinates": [ [ -74.475973, 40.497991 ], [ -74.477612, 40.499029 ] ] } },
{ "type": "Feature", "properties": { "id": "11774148-1381", "name": "Dunham Avenue", "class": "residential", "is_priority": false }, "geometry": { "type": "LineString", "coordinates": [ [ -74.467122, 40.493631 ], [ -74.467937, 40.494884 ] ] } },
{ "type": "Feature", "properties": { "id": "11774300-1382", "name": "Main Street", "class": "residential", "is_priority": false }, "geometry": { "type": "LineString", "coordinates": [ [ -74.463121, 40.4892 ], [ -74.463173, 40.489259 ] ] } },
{ "type": "Feature", "properties": { "id": "11774325-1383", "name": "Wendham Place", "class": "residential", "is_priority": false }, "geometry": { "type": "LineString", "coordinates": [ [ -74.471462, 40.489748 ], [ -74.472065, 40.489407 ], [ -74.472878, 40.488903 ] ] } },
{ "type": "Feature", "properties": { "id": "11774392-1384", "name": "Annapolis Street", "class": "residential", "is_priority": false }, "geometry": { "type": "LineString", "coordinates": [ [ -74.495486, 40.483763 ], [ -74.495594, 40.483477 ] ] } },
{ "type": "Feature", "properties": { "id": "11774425-1385", "name": "Harrison Street", "class": "residential", "is_priority": false }, "geometry": { "type": "LineString", "coordinates": [ [ -74.465349, 40.496659 ], [ -74.467465, 40.495862 ] ] } },
{ "type": "Feature", "properties": { "id": "11774425-1386", "name": "Harrison Street", "class": "residential", "is_priority": false }, "geometry": { "type": "LineString", "coordinates": [ [ -74.467465, 40.495862 ], [ -74.468411, 40.495509 ] ] } },
{ "type": "Feature", "properties": { "id": "11774458-1387", "name": "Irving Street", "class": "residential", "is_priority": false }, "geometry": { "type": "LineString", "coordinates": [ [ -74.475698, 40.484727 ], [ -74.475901, 40.485171 ], [ -74.476278, 40.485916 ], [ -74.476362, 40.485988 ], [ -74.476408, 40.486004 ] ] } },
{ "type": "Feature", "properties": { "id": "11774479-1388", "name": "Camner Avenue", "class": "residential", "is_priority": false }, "geometry": { "type": "LineString", "coordinates": [ [ -74.48093, 40.482611 ], [ -74.481825, 40.483494 ] ] } },
{ "type": "Feature", "properties": { "id": "11775411-1389", "name": "Frederick Street", "class": "residential", "is_priority": false }, "geometry": { "type": "LineString", "coordinates": [ [ -74.487707, 40.48791 ], [ -74.487194, 40.486687 ] ] } },
{ "type": "Feature", "properties": { "id": "11775769-1390", "name": "Phillips Court", "class": "residential", "is_priority": false }, "geometry": { "type": "LineString", "coordinates": [ [ -74.475024, 40.496935 ], [ -74.474878, 40.496945 ], [ -74.47491, 40.497058 ], [ -74.474946, 40.497085 ], [ -74.475029, 40.4971 ], [ -74.47508, 40.497082 ], [ -74.475109, 40.497046 ], [ -74.475104, 40.496987 ], [ -74.475082, 40.49696 ], [ -74.475024, 40.496935 ] ] } },
{ "type": "Feature", "properties": { "id": "11775770-1391", "name": "Phillips Court", "class": "residential", "is_priority": false }, "geometry": { "type": "LineString", "coordinates": [ [ -74.474382, 40.496628 ], [ -74.474878, 40.496945 ] ] } },
{ "type": "Feature", "properties": { "id": "11775956-1392", "name": "Donald Avenue", "class": "residential", "is_priority": false }, "geometry": { "type": "LineString", "coordinates": [ [ -74.470782, 40.500085 ], [ -74.472632, 40.501201 ] ] } },
{ "type": "Feature", "properties": { "id": "11775994-1393", "name": "South Dover Avenue", "class": "residential", "is_priority": false }, "geometry": { "type": "LineString", "coordinates": [ [ -74.467713, 40.487072 ], [ -74.468365, 40.487768 ], [ -74.469121, 40.488518 ] ] } },
{ "type": "Feature", "properties": { "id": "11775994-1394", "name": "South Dover Avenue", "class": "residential", "is_priority": false }, "geometry": { "type": "LineString", "coordinates": [ [ -74.469121, 40.488518 ], [ -74.470535, 40.48996 ] ] } },
{ "type": "Feature", "properties": { "id": "11775994-1395", "name": "South Dover Avenue", "class": "residential", "is_priority": false }, "geometry": { "type": "LineString", "coordinates": [ [ -74.470535, 40.48996 ], [ -74.47167, 40.491108 ] ] } },
{ "type": "Feature", "properties": { "id": "11776021-1396", "name": "Regina Place", "class": "residential", "is_priority": false }, "geometry": { "type": "LineString", "coordinates": [ [ -74.464868, 40.493711 ], [ -74.465521, 40.493463 ], [ -74.466047, 40.49324 ] ] } },
{ "type": "Feature", "properties": { "id": "11776061-1397", "name": "North Dover Avenue", "class": "residential", "is_priority": false }, "geometry": { "type": "LineString", "coordinates": [ [ -74.471938, 40.491794 ], [ -74.472995, 40.493405 ] ] } },
{ "type": "Feature", "properties": { "id": "11776061-1398", "name": "North Dover Avenue", "class": "residential", "is_priority": false }, "geometry": { "type": "LineString", "coordinates": [ [ -74.472995, 40.493405 ], [ -74.473889, 40.494797 ] ] } },
{ "type": "Feature", "properties": { "id": "11776196-1399", "name": "Victor Street", "class": "residential", "is_priority": false }, "geometry": { "type": "LineString", "coordinates": [ [ -74.474887, 40.489863 ], [ -74.477005, 40.489069 ] ] } },
{ "type": "Feature", "properties": { "id": "11776196-1400", "name": "Victor Street", "class": "residential", "is_priority": false }, "geometry": { "type": "LineString", "coordinates": [ [ -74.477005, 40.489069 ], [ -74.479115, 40.488262 ] ] } },
{ "type": "Feature", "properties": { "id": "11776196-1401", "name": "Victor Street", "class": "residential", "is_priority": false }, "geometry": { "type": "LineString", "coordinates": [ [ -74.479115, 40.488262 ], [ -74.480634, 40.48768 ], [ -74.480829, 40.487591 ] ] } },
{ "type": "Feature", "properties": { "id": "11776200-1402", "name": "Francis Street", "class": "residential", "is_priority": false }, "geometry": { "type": "LineString", "coordinates": [ [ -74.486338, 40.486885 ], [ -74.486915, 40.488349 ], [ -74.486893, 40.488544 ], [ -74.48686, 40.488617 ] ] } },
{ "type": "Feature", "properties": { "id": "11776200-1403", "name": "Francis Street", "class": "residential", "is_priority": false }, "geometry": { "type": "LineString", "coordinates": [ [ -74.48686, 40.488617 ], [ -74.486732, 40.488807 ], [ -74.4864, 40.489201 ], [ -74.486368, 40.489269 ], [ -74.486382, 40.489377 ], [ -74.486431, 40.489447 ], [ -74.486481, 40.489474 ], [ -74.486716, 40.489481 ] ] } },
{ "type": "Feature", "properties": { "id": "11776229-1404", "name": "Brookline Avenue", "class": "residential", "is_priority": false }, "geometry": { "type": "LineString", "coordinates": [ [ -74.460292, 40.491884 ], [ -74.461337, 40.493039 ], [ -74.461516, 40.493258 ], [ -74.461587, 40.493387 ] ] } },
{ "type": "Feature", "properties": { "id": "11776229-1405", "name": "Brookline Avenue", "class": "residential", "is_priority": false }, "geometry": { "type": "LineString", "coordinates": [ [ -74.461587, 40.493387 ], [ -74.461754, 40.493691 ], [ -74.462619, 40.495006 ] ] } },
{ "type": "Feature", "properties": { "id": "11776229-1406", "name": "Brookline Avenue", "class": "residential", "is_priority": false }, "geometry": { "type": "LineString", "coordinates": [ [ -74.462619, 40.495006 ], [ -74.462796, 40.495284 ] ] } },
{ "type": "Feature", "properties": { "id": "11776447-1407", "name": "Matilda Avenue", "class": "residential", "is_priority": false }, "geometry": { "type": "LineString", "coordinates": [ [ -74.472469, 40.485648 ], [ -74.4729, 40.486573 ], [ -74.472992, 40.486735 ], [ -74.473237, 40.487022 ], [ -74.473472, 40.487264 ] ] } },
{ "type": "Feature", "properties": { "id": "11776447-1408", "name": "Matilda Avenue", "class": "residential", "is_priority": false }, "geometry": { "type": "LineString", "coordinates": [ [ -74.473472, 40.487264 ], [ -74.473756, 40.487555 ], [ -74.474496, 40.48826 ], [ -74.474651, 40.488445 ], [ -74.474846, 40.488723 ] ] } },
{ "type": "Feature", "properties": { "id": "11776447-1409", "name": "Matilda Avenue", "class": "residential", "is_priority": false }, "geometry": { "type": "LineString", "coordinates": [ [ -74.474846, 40.488723 ], [ -74.475906, 40.490333 ] ] } },
{ "type": "Feature", "properties": { "id": "11776447-1410", "name": "Matilda Avenue", "class": "residential", "is_priority": false }, "geometry": { "type": "LineString", "coordinates": [ [ -74.475906, 40.490333 ], [ -74.476965, 40.491943 ] ] } },
{ "type": "Feature", "properties": { "id": "11776447-1411", "name": "Matilda Avenue", "class": "residential", "is_priority": false }, "geometry": { "type": "LineString", "coordinates": [ [ -74.476965, 40.491943 ], [ -74.47743, 40.492656 ], [ -74.477651, 40.49295 ], [ -74.477777, 40.49306 ], [ -74.477871, 40.493117 ], [ -74.478078, 40.493218 ], [ -74.478368, 40.493313 ] ] } },
{ "type": "Feature", "properties": { "id": "11776447-1412", "name": "Matilda Avenue", "class": "residential", "is_priority": false }, "geometry": { "type": "LineString", "coordinates": [ [ -74.478368, 40.493313 ], [ -74.478783, 40.493434 ] ] } },
{ "type": "Feature", "properties": { "id": "11776600-1413", "name": "Kent Street", "class": "residential", "is_priority": false }, "geometry": { "type": "LineString", "coordinates": [ [ -74.462533, 40.491342 ], [ -74.463495, 40.490843 ] ] } },
{ "type": "Feature", "properties": { "id": "11776665-1414", "name": "Franklin Court", "class": "residential", "is_priority": false }, "geometry": { "type": "LineString", "coordinates": [ [ -74.474956, 40.498024 ], [ -74.474956, 40.498092 ], [ -74.474831, 40.498099 ], [ -74.474791, 40.498075 ], [ -74.474768, 40.49803 ], [ -74.474773, 40.497979 ], [ -74.474813, 40.497956 ], [ -74.474893, 40.497959 ], [ -74.474947, 40.497983 ], [ -74.474956, 40.498024 ] ] } },
{ "type": "Feature", "properties": { "id": "11776666-1415", "name": "Franklin Court", "class": "residential", "is_priority": false }, "geometry": { "type": "LineString", "coordinates": [ [ -74.475499, 40.498434 ], [ -74.474956, 40.498092 ] ] } },
{ "type": "Feature", "properties": { "id": "11776767-1416", "name": "Stuyvesant Avenue", "class": "residential", "is_priority": false }, "geometry": { "type": "LineString", "coordinates": [ [ -74.47435, 40.492434 ], [ -74.475076, 40.493546 ] ] } },
{ "type": "Feature", "properties": { "id": "11776776-1417", "name": "Millstone Road", "class": "residential", "is_priority": false }, "geometry": { "type": "LineString", "coordinates": [ [ -74.478719, 40.483848 ], [ -74.478961, 40.484395 ], [ -74.479309, 40.485254 ], [ -74.479342, 40.485578 ] ] } },
{ "type": "Feature", "properties": { "id": "11776776-1418", "name": "Millstone Road", "class": "residential", "is_priority": false }, "geometry": { "type": "LineString", "coordinates": [ [ -74.479342, 40.485578 ], [ -74.479382, 40.486714 ], [ -74.479429, 40.486868 ], [ -74.47951, 40.486947 ], [ -74.479631, 40.487022 ], [ -74.479947, 40.487178 ] ] } },
{ "type": "Feature", "properties": { "id": "11776776-1419", "name": "Millstone Road", "class": "residential", "is_priority": false }, "geometry": { "type": "LineString", "coordinates": [ [ -74.479947, 40.487178 ], [ -74.481211, 40.487762 ], [ -74.481649, 40.487984 ], [ -74.481716, 40.488046 ] ] } },
{ "type": "Feature", "properties": { "id": "11776880-1420", "name": "Shevchenko Avenue", "class": "residential", "is_priority": false }, "geometry": { "type": "LineString", "coordinates": [ [ -74.477654, 40.489616 ], [ -74.47846, 40.49086 ] ] } },
{ "type": "Feature", "properties": { "id": "11776884-1421", "name": "Douglas Avenue", "class": "residential", "is_priority": false }, "geometry": { "type": "LineString", "coordinates": [ [ -74.466915, 40.487451 ], [ -74.46834, 40.488886 ] ] } },
{ "type": "Feature", "properties": { "id": "11776884-1422", "name": "Douglas Avenue", "class": "residential", "is_priority": false }, "geometry": { "type": "LineString", "coordinates": [ [ -74.46834, 40.488886 ], [ -74.46977, 40.49032 ] ] } },
{ "type": "Feature", "properties": { "id": "11776884-1423", "name": "Douglas Avenue", "class": "residential", "is_priority": false }, "geometry": { "type": "LineString", "coordinates": [ [ -74.46977, 40.49032 ], [ -74.471176, 40.491767 ] ] } },
{ "type": "Feature", "properties": { "id": "11776884-1424", "name": "Douglas Avenue", "class": "residential", "is_priority": false }, "geometry": { "type": "LineString", "coordinates": [ [ -74.471176, 40.491767 ], [ -74.4714, 40.492001 ] ] } },
{ "type": "Feature", "properties": { "id": "11776945-1425", "name": "Marvin Avenue", "class": "residential", "is_priority": false }, "geometry": { "type": "LineString", "coordinates": [ [ -74.468141, 40.500223 ], [ -74.468869, 40.500684 ], [ -74.469981, 40.501352 ] ] } },
{ "type": "Feature", "properties": { "id": "11776945-1426", "name": "Marvin Avenue", "class": "residential", "is_priority": false }, "geometry": { "type": "LineString", "coordinates": [ [ -74.469981, 40.501352 ], [ -74.471503, 40.502285 ] ] } },
{ "type": "Feature", "properties": { "id": "11777011-1427", "name": "Dewald Avenue", "class": "residential", "is_priority": false }, "geometry": { "type": "LineString", "coordinates": [ [ -74.47436, 40.490871 ], [ -74.474945, 40.4918 ], [ -74.475406, 40.492486 ] ] } },
{ "type": "Feature", "properties": { "id": "11777011-1428", "name": "Dewald Avenue", "class": "residential", "is_priority": false }, "geometry": { "type": "LineString", "coordinates": [ [ -74.475406, 40.492486 ], [ -74.475879, 40.493236 ] ] } },
{ "type": "Feature", "properties": { "id": "11777289-1429", "name": "Lowell Place", "class": "residential", "is_priority": false }, "geometry": { "type": "LineString", "coordinates": [ [ -74.464409, 40.496876 ], [ -74.464611, 40.49648 ], [ -74.464618, 40.496422 ], [ -74.464598, 40.49637 ] ] } },
{ "type": "Feature", "properties": { "id": "11777290-1430", "name": "Reeve Street", "class": "residential", "is_priority": false }, "geometry": { "type": "LineString", "coordinates": [ [ -74.469993, 40.504855 ], [ -74.469526, 40.505304 ] ] } },
{ "type": "Feature", "properties": { "id": "11777676-1431", "name": "Pinegrove Avenue", "class": "residential", "is_priority": false }, "geometry": { "type": "LineString", "coordinates": [ [ -74.467425, 40.503307 ], [ -74.467543, 40.503219 ], [ -74.468894, 40.501898 ] ] } },
{ "type": "Feature", "properties": { "id": "11777676-1432", "name": "Pinegrove Avenue", "class": "residential", "is_priority": false }, "geometry": { "type": "LineString", "coordinates": [ [ -74.468894, 40.501898 ], [ -74.470356, 40.500483 ] ] } },
{ "type": "Feature", "properties": { "id": "11777676-1433", "name": "Pinegrove Avenue", "class": "residential", "is_priority": false }, "geometry": { "type": "LineString", "coordinates": [ [ -74.470356, 40.500483 ], [ -74.470954, 40.49994 ], [ -74.471828, 40.499076 ] ] } },
{ "type": "Feature", "properties": { "id": "11777676-1434", "name": "Pinegrove Avenue", "class": "residential", "is_priority": false }, "geometry": { "type": "LineString", "coordinates": [ [ -74.471828, 40.499076 ], [ -74.471893, 40.499011 ] ] } },
{ "type": "Feature", "properties": { "id": "11777690-1435", "name": "Delmonico Avenue", "class": "residential", "is_priority": false }, "geometry": { "type": "LineString", "coordinates": [ [ -74.49343, 40.484247 ], [ -74.494791, 40.484547 ] ] } },
{ "type": "Feature", "properties": { "id": "11777709-1436", "name": "Oak Place", "class": "residential", "is_priority": false }, "geometry": { "type": "LineString", "coordinates": [ [ -74.476514, 40.484508 ], [ -74.476899, 40.485315 ], [ -74.477149, 40.485752 ] ] } },
{ "type": "Feature", "properties": { "id": "11777757-1437", "name": "Oliver Street", "class": "residential", "is_priority": false }, "geometry": { "type": "LineString", "coordinates": [ [ -74.462163, 40.490716 ], [ -74.463012, 40.490292 ] ] } },
{ "type": "Feature", "properties": { "id": "11778001-1438", "name": "Churchill Avenue", "class": "residential", "is_priority": false }, "geometry": { "type": "LineString", "coordinates": [ [ -74.484106, 40.48036 ], [ -74.485024, 40.481013 ], [ -74.485175, 40.481081 ], [ -74.485391, 40.481142 ], [ -74.486062, 40.481292 ] ] } },
{ "type": "Feature", "properties": { "id": "11778001-1439", "name": "Churchill Avenue", "class": "residential", "is_priority": false }, "geometry": { "type": "LineString", "coordinates": [ [ -74.486062, 40.481292 ], [ -74.488317, 40.481823 ] ] } },
{ "type": "Feature", "properties": { "id": "11778001-1440", "name": "Churchill Avenue", "class": "residential", "is_priority": false }, "geometry": { "type": "LineString", "coordinates": [ [ -74.488317, 40.481823 ], [ -74.49058, 40.48233 ] ] } },
{ "type": "Feature", "properties": { "id": "11778001-1441", "name": "Churchill Avenue", "class": "residential", "is_priority": false }, "geometry": { "type": "LineString", "coordinates": [ [ -74.49058, 40.48233 ], [ -74.492844, 40.48284 ] ] } },
{ "type": "Feature", "properties": { "id": "11778001-1442", "name": "Churchill Avenue", "class": "residential", "is_priority": false }, "geometry": { "type": "LineString", "coordinates": [ [ -74.492844, 40.48284 ], [ -74.493614, 40.483004 ], [ -74.495101, 40.483364 ] ] } },
{ "type": "Feature", "properties": { "id": "11778001-1443", "name": "Churchill Avenue", "class": "residential", "is_priority": false }, "geometry": { "type": "LineString", "coordinates": [ [ -74.495101, 40.483364 ], [ -74.495714, 40.483505 ] ] } },
{ "type": "Feature", "properties": { "id": "11778171-1444", "name": "Archer Avenue", "class": "residential", "is_priority": false }, "geometry": { "type": "LineString", "coordinates": [ [ -74.473858, 40.501057 ], [ -74.475052, 40.499898 ] ] } },
{ "type": "Feature", "properties": { "id": "11778200-1445", "name": "Home Street", "class": "residential", "is_priority": false }, "geometry": { "type": "LineString", "coordinates": [ [ -74.460391, 40.490761 ], [ -74.461711, 40.492254 ] ] } },
{ "type": "Feature", "properties": { "id": "11778200-1446", "name": "Home Street", "class": "residential", "is_priority": false }, "geometry": { "type": "LineString", "coordinates": [ [ -74.461711, 40.492254 ], [ -74.462664, 40.493342 ], [ -74.462949, 40.493785 ] ] } },
{ "type": "Feature", "properties": { "id": "11778200-1447", "name": "Home Street", "class": "residential", "is_priority": false }, "geometry": { "type": "LineString", "coordinates": [ [ -74.462949, 40.493785 ], [ -74.463728, 40.494933 ] ] } },
{ "type": "Feature", "properties": { "id": "11778225-1448", "name": "Byron Place", "class": "residential", "is_priority": false }, "geometry": { "type": "LineString", "coordinates": [ [ -74.462389, 40.49815 ], [ -74.462359, 40.498103 ], [ -74.462246, 40.498099 ], [ -74.462178, 40.49815 ], [ -74.462175, 40.498189 ], [ -74.462229, 40.498247 ], [ -74.462317, 40.498261 ], [ -74.462362, 40.498234 ], [ -74.462389, 40.498193 ], [ -74.462389, 40.49815 ] ] } },
{ "type": "Feature", "properties": { "id": "11778227-1449", "name": "Byron Place", "class": "residential", "is_priority": false }, "geometry": { "type": "LineString", "coordinates": [ [ -74.463348, 40.497773 ], [ -74.46307, 40.497779 ], [ -74.462833, 40.497824 ], [ -74.462608, 40.497914 ], [ -74.462359, 40.498103 ] ] } },
{ "type": "Feature", "properties": { "id": "11778343-1450", "name": "Poe Avenue", "class": "residential", "is_priority": false }, "geometry": { "type": "LineString", "coordinates": [ [ -74.46337, 40.498621 ], [ -74.463933, 40.498653 ], [ -74.464052, 40.498689 ], [ -74.464236, 40.498779 ], [ -74.465371, 40.499467 ] ] } },
{ "type": "Feature", "properties": { "id": "11778343-1451", "name": "Poe Avenue", "class": "residential", "is_priority": false }, "geometry": { "type": "LineString", "coordinates": [ [ -74.465371, 40.499467 ], [ -74.465987, 40.499834 ], [ -74.466187, 40.499902 ], [ -74.466278, 40.499904 ] ] } },
{ "type": "Feature", "properties": { "id": "11778810-1452", "name": "Myrtle Street", "class": "residential", "is_priority": false }, "geometry": { "type": "LineString", "coordinates": [ [ -74.468188, 40.488734 ], [ -74.470044, 40.487621 ] ] } },
{ "type": "Feature", "properties": { "id": "11778810-1453", "name": "Myrtle Street", "class": "residential", "is_priority": false }, "geometry": { "type": "LineString", "coordinates": [ [ -74.470044, 40.487621 ], [ -74.471179, 40.486988 ] ] } },
{ "type": "Feature", "properties": { "id": "11778861-1454", "name": "Bloomfield Avenue", "class": "residential", "is_priority": false }, "geometry": { "type": "LineString", "coordinates": [ [ -74.475525, 40.508215 ], [ -74.477003, 40.50681 ] ] } },
{ "type": "Feature", "properties": { "id": "11778861-1455", "name": "Bloomfield Avenue", "class": "residential", "is_priority": false }, "geometry": { "type": "LineString", "coordinates": [ [ -74.477003, 40.50681 ], [ -74.478476, 40.505402 ] ] } },
{ "type": "Feature", "properties": { "id": "11778861-1456", "name": "Bloomfield Avenue", "class": "residential", "is_priority": false }, "geometry": { "type": "LineString", "coordinates": [ [ -74.478476, 40.505402 ], [ -74.479183, 40.504743 ] ] } },
{ "type": "Feature", "properties": { "id": "11778887-1457", "name": "Franklin Boulevard", "class": "tertiary", "is_priority": false }, "geometry": { "type": "LineString", "coordinates": [ [ -74.468706, 40.504956 ], [ -74.470181, 40.503549 ] ] } },
{ "type": "Feature", "properties": { "id": "11778887-1458", "name": "Franklin Boulevard", "class": "tertiary", "is_priority": false }, "geometry": { "type": "LineString", "coordinates": [ [ -74.470181, 40.503549 ], [ -74.471652, 40.502141 ] ] } },
{ "type": "Feature", "properties": { "id": "11778887-1459", "name": "Franklin Boulevard", "class": "tertiary", "is_priority": false }, "geometry": { "type": "LineString", "coordinates": [ [ -74.471652, 40.502141 ], [ -74.47312, 40.50073 ] ] } },
{ "type": "Feature", "properties": { "id": "11778887-1460", "name": "Franklin Boulevard", "class": "tertiary", "is_priority": false }, "geometry": { "type": "LineString", "coordinates": [ [ -74.47312, 40.50073 ], [ -74.473737, 40.500142 ] ] } },
{ "type": "Feature", "properties": { "id": "11779006-1461", "name": "Gurley Street", "class": "residential", "is_priority": false }, "geometry": { "type": "LineString", "coordinates": [ [ -74.484261, 40.482821 ], [ -74.484016, 40.483034 ], [ -74.483784, 40.483209 ], [ -74.483053, 40.483634 ], [ -74.482478, 40.483994 ] ] } },
{ "type": "Feature", "properties": { "id": "11779006-1462", "name": "Gurley Street", "class": "residential", "is_priority": false }, "geometry": { "type": "LineString", "coordinates": [ [ -74.482478, 40.483994 ], [ -74.482391, 40.484048 ] ] } },
{ "type": "Feature", "properties": { "id": "11779098-1463", "name": "Lillian Street", "class": "residential", "is_priority": false }, "geometry": { "type": "LineString", "coordinates": [ [ -74.464592, 40.492109 ], [ -74.465342, 40.491748 ], [ -74.466556, 40.491111 ] ] } },
{ "type": "Feature", "properties": { "id": "11779098-1464", "name": "Lillian Street", "class": "residential", "is_priority": false }, "geometry": { "type": "LineString", "coordinates": [ [ -74.466556, 40.491111 ], [ -74.46737, 40.490682 ] ] } },
{ "type": "Feature", "properties": { "id": "11779215-1465", "name": "Fraley Drive", "class": "residential", "is_priority": false }, "geometry": { "type": "LineString", "coordinates": [ [ -74.472243, 40.502738 ], [ -74.472881, 40.502104 ], [ -74.473106, 40.50189 ], [ -74.473204, 40.501821 ], [ -74.473385, 40.501743 ], [ -74.473585, 40.501701 ], [ -74.473753, 40.501709 ], [ -74.473896, 40.501741 ], [ -74.473972, 40.501774 ] ] } },
{ "type": "Feature", "properties": { "id": "11779215-1466", "name": "Fraley Drive", "class": "residential", "is_priority": false }, "geometry": { "type": "LineString", "coordinates": [ [ -74.473972, 40.501774 ], [ -74.475338, 40.502553 ] ] } },
{ "type": "Feature", "properties": { "id": "11779400-1467", "name": "Kossuth Street", "class": "residential", "is_priority": false }, "geometry": { "type": "LineString", "coordinates": [ [ -74.462475, 40.48969 ], [ -74.463792, 40.491184 ] ] } },
{ "type": "Feature", "properties": { "id": "11779400-1468", "name": "Kossuth Street", "class": "residential", "is_priority": false }, "geometry": { "type": "LineString", "coordinates": [ [ -74.463792, 40.491184 ], [ -74.464683, 40.492212 ], [ -74.464945, 40.492446 ], [ -74.465189, 40.49263 ] ] } },
{ "type": "Feature", "properties": { "id": "11779400-1469", "name": "Kossuth Street", "class": "residential", "is_priority": false }, "geometry": { "type": "LineString", "coordinates": [ [ -74.465189, 40.49263 ], [ -74.466775, 40.493765 ] ] } },
{ "type": "Feature", "properties": { "id": "11779432-1470", "name": "Ralph Street", "class": "residential", "is_priority": false }, "geometry": { "type": "LineString", "coordinates": [ [ -74.471601, 40.494889 ], [ -74.473702, 40.494068 ] ] } },
{ "type": "Feature", "properties": { "id": "11779432-1471", "name": "Ralph Street", "class": "residential", "is_priority": false }, "geometry": { "type": "LineString", "coordinates": [ [ -74.473702, 40.494068 ], [ -74.475812, 40.493262 ] ] } },
{ "type": "Feature", "properties": { "id": "11779432-1472", "name": "Ralph Street", "class": "residential", "is_priority": false }, "geometry": { "type": "LineString", "coordinates": [ [ -74.475812, 40.493262 ], [ -74.476198, 40.493108 ], [ -74.476439, 40.49305 ], [ -74.476731, 40.493043 ], [ -74.477001, 40.493086 ], [ -74.477071, 40.493117 ], [ -74.477619, 40.492912 ] ] } },
{ "type": "Feature", "properties": { "id": "11779433-1473", "name": "Ralph Street", "class": "residential", "is_priority": false }, "geometry": { "type": "LineString", "coordinates": [ [ -74.47743, 40.492656 ], [ -74.47843, 40.492254 ], [ -74.479533, 40.491838 ] ] } },
{ "type": "Feature", "properties": { "id": "11779433-1474", "name": "Ralph Street", "class": "residential", "is_priority": false }, "geometry": { "type": "LineString", "coordinates": [ [ -74.479533, 40.491838 ], [ -74.481639, 40.491025 ] ] } },
{ "type": "Feature", "properties": { "id": "11779433-1475", "name": "Ralph Street", "class": "residential", "is_priority": false }, "geometry": { "type": "LineString", "coordinates": [ [ -74.481639, 40.491025 ], [ -74.482567, 40.490673 ] ] } },
{ "type": "Feature", "properties": { "id": "11779585-1476", "name": "Prospect Street", "class": "residential", "is_priority": false }, "geometry": { "type": "LineString", "coordinates": [ [ -74.467084, 40.489397 ], [ -74.467318, 40.489501 ], [ -74.467408, 40.48957 ], [ -74.467606, 40.489787 ], [ -74.467804, 40.490041 ], [ -74.467855, 40.490129 ], [ -74.467851, 40.490669 ], [ -74.46788, 40.49073 ], [ -74.468068, 40.490917 ] ] } },
{ "type": "Feature", "properties": { "id": "11779585-1477", "name": "Prospect Street", "class": "residential", "is_priority": false }, "geometry": { "type": "LineString", "coordinates": [ [ -74.468068, 40.490917 ], [ -74.469499, 40.49235 ] ] } },
{ "type": "Feature", "properties": { "id": "11779585-1478", "name": "Prospect Street", "class": "residential", "is_priority": false }, "geometry": { "type": "LineString", "coordinates": [ [ -74.469499, 40.49235 ], [ -74.469764, 40.492618 ] ] } },
{ "type": "Feature", "properties": { "id": "11779714-1479", "name": "Lewis Street", "class": "residential", "is_priority": false }, "geometry": { "type": "LineString", "coordinates": [ [ -74.486837, 40.488131 ], [ -74.487707, 40.48791 ] ] } },
{ "type": "Feature", "properties": { "id": "11779718-1480", "name": "Lewis Street", "class": "residential", "is_priority": false }, "geometry": { "type": "LineString", "coordinates": [ [ -74.47355, 40.492737 ], [ -74.475657, 40.491925 ] ] } },
{ "type": "Feature", "properties": { "id": "11779718-1481", "name": "Lewis Street", "class": "residential", "is_priority": false }, "geometry": { "type": "LineString", "coordinates": [ [ -74.475657, 40.491925 ], [ -74.476525, 40.491586 ], [ -74.476911, 40.491473 ], [ -74.477773, 40.491132 ] ] } },
{ "type": "Feature", "properties": { "id": "11779718-1482", "name": "Lewis Street", "class": "residential", "is_priority": false }, "geometry": { "type": "LineString", "coordinates": [ [ -74.477773, 40.491132 ], [ -74.479882, 40.490324 ] ] } },
{ "type": "Feature", "properties": { "id": "11779718-1483", "name": "Lewis Street", "class": "residential", "is_priority": false }, "geometry": { "type": "LineString", "coordinates": [ [ -74.479882, 40.490324 ], [ -74.481986, 40.489507 ] ] } },
{ "type": "Feature", "properties": { "id": "11779718-1484", "name": "Lewis Street", "class": "residential", "is_priority": false }, "geometry": { "type": "LineString", "coordinates": [ [ -74.481986, 40.489507 ], [ -74.483726, 40.488842 ], [ -74.484121, 40.488747 ] ] } },
{ "type": "Feature", "properties": { "id": "11779718-1485", "name": "Lewis Street", "class": "residential", "is_priority": false }, "geometry": { "type": "LineString", "coordinates": [ [ -74.484121, 40.488747 ], [ -74.484953, 40.488562 ], [ -74.48503, 40.488524 ], [ -74.485068, 40.488485 ] ] } },
{ "type": "Feature", "properties": { "id": "11779785-1486", "name": "Lander Street", "class": "residential", "is_priority": false }, "geometry": { "type": "LineString", "coordinates": [ [ -74.475391, 40.498549 ], [ -74.476751, 40.499385 ], [ -74.477242, 40.499667 ] ] } },
{ "type": "Feature", "properties": { "id": "11779785-1487", "name": "Lander Street", "class": "residential", "is_priority": false }, "geometry": { "type": "LineString", "coordinates": [ [ -74.477242, 40.499667 ], [ -74.477293, 40.499696 ] ] } },
{ "type": "Feature", "properties": { "id": "11779796-1488", "name": "Alcorne Street", "class": "residential", "is_priority": false }, "geometry": { "type": "LineString", "coordinates": [ [ -74.46774, 40.498387 ], [ -74.46862, 40.497511 ], [ -74.469192, 40.496967 ] ] } },
{ "type": "Feature", "properties": { "id": "11779796-1489", "name": "Alcorne Street", "class": "residential", "is_priority": false }, "geometry": { "type": "LineString", "coordinates": [ [ -74.469192, 40.496967 ], [ -74.469744, 40.496442 ] ] } },
{ "type": "Feature", "properties": { "id": "11779856-1490", "name": "Ford Avenue", "class": "residential", "is_priority": false }, "geometry": { "type": "LineString", "coordinates": [ [ -74.467624, 40.504313 ], [ -74.468706, 40.504956 ] ] } },
{ "type": "Feature", "properties": { "id": "11779998-1491", "name": "Austin Avenue", "class": "residential", "is_priority": false }, "geometry": { "type": "LineString", "coordinates": [ [ -74.477416, 40.508946 ], [ -74.478884, 40.507535 ] ] } },
{ "type": "Feature", "properties": { "id": "11779998-1492", "name": "Austin Avenue", "class": "residential", "is_priority": false }, "geometry": { "type": "LineString", "coordinates": [ [ -74.478884, 40.507535 ], [ -74.479276, 40.507155 ] ] } },
{ "type": "Feature", "properties": { "id": "11780141-1493", "name": "Robert C Keri Court", "class": "residential", "is_priority": false }, "geometry": { "type": "LineString", "coordinates": [ [ -74.47134, 40.499558 ], [ -74.472098, 40.500003 ], [ -74.472422, 40.50021 ] ] } },
{ "type": "Feature", "properties": { "id": "11780150-1494", "name": "Berry Street", "class": "residential", "is_priority": false }, "geometry": { "type": "LineString", "coordinates": [ [ -74.485068, 40.488485 ], [ -74.485073, 40.488451 ], [ -74.484477, 40.486925 ] ] } },
{ "type": "Feature", "properties": { "id": "23578637-1495", "name": "", "class": "trunk_link", "is_priority": false }, "geometry": { "type": "LineString", "coordinates": [ [ -74.4253, 40.476685 ], [ -74.425815, 40.476415 ], [ -74.425964, 40.476352 ], [ -74.4262, 40.476297 ], [ -74.426382, 40.476288 ], [ -74.426623, 40.476318 ], [ -74.426878, 40.476412 ], [ -74.427093, 40.476546 ], [ -74.427299, 40.476739 ] ] } },
{ "type": "Feature", "properties": { "id": "23578637-1496", "name": "", "class": "trunk_link", "is_priority": false }, "geometry": { "type": "LineString", "coordinates": [ [ -74.427299, 40.476739 ], [ -74.427391, 40.476858 ], [ -74.427475, 40.477023 ], [ -74.427532, 40.477198 ], [ -74.427617, 40.477595 ], [ -74.427715, 40.477835 ] ] } },
{ "type": "Feature", "properties": { "id": "23578639-1497", "name": "", "class": "trunk_link", "is_priority": false }, "geometry": { "type": "LineString", "coordinates": [ [ -74.427785, 40.475694 ], [ -74.427685, 40.476001 ], [ -74.427588, 40.476155 ], [ -74.427503, 40.476231 ], [ -74.427396, 40.476297 ], [ -74.427275, 40.476344 ], [ -74.427141, 40.476367 ], [ -74.427007, 40.476362 ], [ -74.426881, 40.476327 ], [ -74.426722, 40.476229 ], [ -74.426654, 40.476143 ], [ -74.426619, 40.476049 ], [ -74.426625, 40.475915 ], [ -74.426662, 40.475832 ], [ -74.426743, 40.475735 ] ] } },
{ "type": "Feature", "properties": { "id": "23578639-1498", "name": "", "class": "trunk_link", "is_priority": false }, "geometry": { "type": "LineString", "coordinates": [ [ -74.426743, 40.475735 ], [ -74.427031, 40.47543 ], [ -74.42736, 40.475121 ], [ -74.427578, 40.474843 ] ] } },
{ "type": "Feature", "properties": { "id": "23578640-1499", "name": "", "class": "trunk_link", "is_priority": false }, "geometry": { "type": "LineString", "coordinates": [ [ -74.427825, 40.476637 ], [ -74.427965, 40.476253 ], [ -74.428122, 40.476004 ], [ -74.428339, 40.475803 ], [ -74.428943, 40.475362 ], [ -74.429106, 40.475174 ] ] } },
{ "type": "Feature", "properties": { "id": "23578640-1500", "name": "", "class": "trunk_link", "is_priority": false }, "geometry": { "type": "LineString", "coordinates": [ [ -74.429106, 40.475174 ], [ -74.429188, 40.474984 ], [ -74.429207, 40.474796 ], [ -74.429173, 40.474617 ], [ -74.429041, 40.474181 ], [ -74.429039, 40.473998 ], [ -74.429075, 40.473885 ], [ -74.429135, 40.473776 ], [ -74.42942, 40.473482 ] ] } },
{ "type": "Feature", "properties": { "id": "23578640-1501", "name": "", "class": "trunk_link", "is_priority": false }, "geometry": { "type": "LineString", "coordinates": [ [ -74.42942, 40.473482 ], [ -74.429973, 40.472977 ], [ -74.430288, 40.472621 ] ] } },
{ "type": "Feature", "properties": { "id": "23578643-1502", "name": "", "class": "trunk_link", "is_priority": false }, "geometry": { "type": "LineString", "coordinates": [ [ -74.427705, 40.474743 ], [ -74.428096, 40.474564 ], [ -74.428393, 40.474465 ], [ -74.428606, 40.474443 ], [ -74.42874, 40.474462 ], [ -74.428862, 40.474506 ], [ -74.428999, 40.474618 ], [ -74.429052, 40.474705 ], [ -74.429076, 40.474796 ], [ -74.429075, 40.474893 ], [ -74.429046, 40.475013 ], [ -74.42899, 40.475127 ], [ -74.42889, 40.475254 ] ] } },
{ "type": "Feature", "properties": { "id": "23578643-1503", "name": "", "class": "trunk_link", "is_priority": false }, "geometry": { "type": "LineString", "coordinates": [ [ -74.42889, 40.475254 ], [ -74.428772, 40.475354 ], [ -74.428602, 40.475431 ], [ -74.428423, 40.475451 ], [ -74.428301, 40.475435 ], [ -74.428182, 40.475392 ], [ -74.428049, 40.475298 ], [ -74.427904, 40.475099 ], [ -74.427814, 40.474935 ] ] } },
{ "type": "Feature", "properties": { "id": "23578645-1504", "name": "", "class": "trunk_link", "is_priority": false }, "geometry": { "type": "LineString", "coordinates": [ [ -74.43017, 40.472547 ], [ -74.429539, 40.472885 ], [ -74.429331, 40.472942 ], [ -74.42919, 40.472961 ], [ -74.429061, 40.472959 ], [ -74.428938, 40.472938 ], [ -74.428016, 40.472711 ] ] } },
{ "type": "Feature", "properties": { "id": "23578645-1505", "name": "", "class": "trunk_link", "is_priority": false }, "geometry": { "type": "LineString", "coordinates": [ [ -74.428016, 40.472711 ], [ -74.427572, 40.472592 ], [ -74.427409, 40.472493 ], [ -74.427314, 40.472379 ], [ -74.427278, 40.472256 ], [ -74.427206, 40.471574 ], [ -74.427124, 40.471244 ] ] } },
{ "type": "Feature", "properties": { "id": "23578645-1506", "name": "", "class": "trunk_link", "is_priority": false }, "geometry": { "type": "LineString", "coordinates": [ [ -74.427124, 40.471244 ], [ -74.427118, 40.471219 ] ] } },
{ "type": "Feature", "properties": { "id": "23578648-1507", "name": "", "class": "trunk_link", "is_priority": false }, "geometry": { "type": "LineString", "coordinates": [ [ -74.427444, 40.474103 ], [ -74.427424, 40.473705 ], [ -74.427439, 40.47353 ], [ -74.427502, 40.473356 ], [ -74.427616, 40.4732 ], [ -74.427812, 40.473053 ], [ -74.427996, 40.472974 ], [ -74.428143, 40.472937 ], [ -74.428286, 40.47292 ], [ -74.428417, 40.472922 ], [ -74.428618, 40.472984 ] ] } },
{ "type": "Feature", "properties": { "id": "23578648-1508", "name": "", "class": "trunk_link", "is_priority": false }, "geometry": { "type": "LineString", "coordinates": [ [ -74.428618, 40.472984 ], [ -74.428734, 40.473068 ], [ -74.428796, 40.473149 ], [ -74.428832, 40.473283 ], [ -74.428807, 40.473414 ], [ -74.428669, 40.473623 ], [ -74.428148, 40.474192 ] ] } },
{ "type": "Feature", "properties": { "id": "23578652-1509", "name": "", "class": "trunk_link", "is_priority": false }, "geometry": { "type": "LineString", "coordinates": [ [ -74.427445, 40.474762 ], [ -74.426983, 40.475034 ], [ -74.426814, 40.475117 ], [ -74.42655, 40.47517 ], [ -74.426356, 40.475156 ], [ -74.426179, 40.475083 ], [ -74.426091, 40.475002 ], [ -74.426034, 40.474912 ], [ -74.426009, 40.47482 ], [ -74.426012, 40.474671 ], [ -74.426101, 40.474441 ] ] } },
{ "type": "Feature", "properties": { "id": "23578652-1510", "name": "", "class": "trunk_link", "is_priority": false }, "geometry": { "type": "LineString", "coordinates": [ [ -74.426101, 40.474441 ], [ -74.426264, 40.474258 ], [ -74.42644, 40.474148 ], [ -74.426641, 40.474074 ], [ -74.426822, 40.474056 ], [ -74.426994, 40.474089 ], [ -74.427143, 40.474173 ], [ -74.427219, 40.47425 ], [ -74.427417, 40.474541 ] ] } },
{ "type": "Feature", "properties": { "id": "23578654-1511", "name": "", "class": "trunk_link", "is_priority": false }, "geometry": { "type": "LineString", "coordinates": [ [ -74.427085, 40.473037 ], [ -74.427033, 40.473448 ], [ -74.426997, 40.47356 ], [ -74.426936, 40.473667 ], [ -74.426807, 40.473799 ], [ -74.426139, 40.474257 ], [ -74.426012, 40.474411 ], [ -74.425954, 40.474525 ] ] } },
{ "type": "Feature", "properties": { "id": "23578654-1512", "name": "", "class": "trunk_link", "is_priority": false }, "geometry": { "type": "LineString", "coordinates": [ [ -74.425954, 40.474525 ], [ -74.425917, 40.474663 ], [ -74.425919, 40.474846 ], [ -74.425988, 40.475028 ], [ -74.426161, 40.475357 ], [ -74.426185, 40.47549 ], [ -74.426144, 40.475616 ], [ -74.426083, 40.475707 ], [ -74.425677, 40.47618 ] ] } },
{ "type": "Feature", "properties": { "id": "23578654-1513", "name": "", "class": "trunk_link", "is_priority": false }, "geometry": { "type": "LineString", "coordinates": [ [ -74.425677, 40.47618 ], [ -74.425606, 40.476262 ] ] } },
{ "type": "Feature", "properties": { "id": "23578695-1514", "name": "", "class": "motorway_link", "is_priority": false }, "geometry": { "type": "LineString", "coordinates": [ [ -74.402832, 40.477479 ], [ -74.402829, 40.477366 ], [ -74.402878, 40.477249 ], [ -74.402959, 40.477131 ], [ -74.403068, 40.477033 ], [ -74.40322, 40.476938 ], [ -74.403377, 40.476877 ], [ -74.403527, 40.476842 ], [ -74.403824, 40.476838 ], [ -74.40413, 40.476901 ], [ -74.404268, 40.476962 ], [ -74.404391, 40.47704 ], [ -74.404553, 40.477179 ] ] } },
{ "type": "Feature", "properties": { "id": "23578695-1515", "name": "", "class": "motorway_link", "is_priority": false }, "geometry": { "type": "LineString", "coordinates": [ [ -74.404553, 40.477179 ], [ -74.404568, 40.477195 ] ] } },
{ "type": "Feature", "properties": { "id": "23578696-1516", "name": "Route 18 to Route 1", "class": "motorway_link", "is_priority": false }, "geometry": { "type": "LineString", "coordinates": [ [ -74.407705, 40.474298 ], [ -74.406932, 40.475095 ], [ -74.406537, 40.475583 ], [ -74.406358, 40.475775 ] ] } },
{ "type": "Feature", "properties": { "id": "23578696-1517", "name": "Route 18 to Route 1", "class": "motorway_link", "is_priority": false }, "geometry": { "type": "LineString", "coordinates": [ [ -74.406358, 40.475775 ], [ -74.406132, 40.475967 ], [ -74.405856, 40.476134 ] ] } },
{ "type": "Feature", "properties": { "id": "23578698-1518", "name": "", "class": "motorway_link", "is_priority": false }, "geometry": { "type": "LineString", "coordinates": [ [ -74.409586, 40.474792 ], [ -74.409541, 40.475119 ], [ -74.409578, 40.475545 ], [ -74.409572, 40.476254 ], [ -74.409593, 40.47659 ] ] } },
{ "type": "Feature", "properties": { "id": "23578698-1519", "name": "", "class": "motorway_link", "is_priority": false }, "geometry": { "type": "LineString", "coordinates": [ [ -74.409593, 40.47659 ], [ -74.409615, 40.476924 ] ] } },
{ "type": "Feature", "properties": { "id": "23578702-1520", "name": "", "class": "motorway_link", "is_priority": false }, "geometry": { "type": "LineString", "coordinates": [ [ -74.404883, 40.480176 ], [ -74.405633, 40.479188 ], [ -74.405775, 40.479027 ], [ -74.405939, 40.478882 ], [ -74.406111, 40.478768 ], [ -74.406229, 40.478724 ] ] } },
{ "type": "Feature", "properties": { "id": "23578702-1521", "name": "", "class": "motorway_link", "is_priority": false }, "geometry": { "type": "LineString", "coordinates": [ [ -74.406229, 40.478724 ], [ -74.406576, 40.478603 ], [ -74.407359, 40.478464 ] ] } },
{ "type": "Feature", "properties": { "id": "23578705-1522", "name": "", "class": "motorway_link", "is_priority": false }, "geometry": { "type": "LineString", "coordinates": [ [ -74.39995, 40.484927 ], [ -74.400982, 40.48396 ], [ -74.401386, 40.4835 ] ] } },
{ "type": "Feature", "properties": { "id": "23578705-1523", "name": "", "class": "motorway_link", "is_priority": false }, "geometry": { "type": "LineString", "coordinates": [ [ -74.401386, 40.4835 ], [ -74.401881, 40.482893 ], [ -74.402144, 40.482644 ] ] } },
{ "type": "Feature", "properties": { "id": "23578706-1524", "name": "", "class": "motorway_link", "is_priority": false }, "geometry": { "type": "LineString", "coordinates": [ [ -74.406821, 40.477958 ], [ -74.406601, 40.477809 ], [ -74.406505, 40.477709 ], [ -74.406314, 40.477426 ] ] } },
{ "type": "Feature", "properties": { "id": "23578709-1525", "name": "", "class": "motorway_link", "is_priority": false }, "geometry": { "type": "LineString", "coordinates": [ [ -74.406821, 40.477958 ], [ -74.406681, 40.477785 ], [ -74.406642, 40.4777 ], [ -74.406634, 40.477522 ], [ -74.406666, 40.477397 ], [ -74.40671, 40.477253 ], [ -74.406813, 40.477064 ], [ -74.407082, 40.476602 ], [ -74.407285, 40.476296 ] ] } },
{ "type": "Feature", "properties": { "id": "23578709-1526", "name": "", "class": "motorway_link", "is_priority": false }, "geometry": { "type": "LineString", "coordinates": [ [ -74.407285, 40.476296 ], [ -74.407709, 40.475602 ], [ -74.408361, 40.474693 ] ] } },
{ "type": "Feature", "properties": { "id": "23578709-1527", "name": "", "class": "motorway_link", "is_priority": false }, "geometry": { "type": "LineString", "coordinates": [ [ -74.408361, 40.474693 ], [ -74.408667, 40.474267 ], [ -74.409082, 40.47352 ] ] } },
{ "type": "Feature", "properties": { "id": "23578912-1528", "name": "", "class": "trunk_link", "is_priority": false }, "geometry": { "type": "LineString", "coordinates": [ [ -74.415691, 40.486107 ], [ -74.415466, 40.486226 ], [ -74.415352, 40.486267 ], [ -74.414957, 40.486305 ], [ -74.414845, 40.486337 ], [ -74.414731, 40.486388 ], [ -74.414637, 40.486499 ] ] } },
{ "type": "Feature", "properties": { "id": "23578916-1529", "name": "", "class": "trunk_link", "is_priority": false }, "geometry": { "type": "LineString", "coordinates": [ [ -74.424117, 40.485372 ], [ -74.423872, 40.485301 ], [ -74.42362, 40.485163 ] ] } },
{ "type": "Feature", "properties": { "id": "23578917-1530", "name": "", "class": "trunk_link", "is_priority": false }, "geometry": { "type": "LineString", "coordinates": [ [ -74.422231, 40.485282 ], [ -74.422406, 40.485473 ], [ -74.422422, 40.485538 ], [ -74.422406, 40.485632 ] ] } },
{ "type": "Feature", "properties": { "id": "23578955-1531", "name": "Labor Center Way", "class": "residential", "is_priority": false }, "geometry": { "type": "LineString", "coordinates": [ [ -74.428597, 40.480749 ], [ -74.428116, 40.48086 ], [ -74.427914, 40.480867 ], [ -74.426284, 40.480653 ] ] } },
{ "type": "Feature", "properties": { "id": "23578955-1532", "name": "Labor Center Way", "class": "residential", "is_priority": false }, "geometry": { "type": "LineString", "coordinates": [ [ -74.426284, 40.480653 ], [ -74.426136, 40.480634 ] ] } },
{ "type": "Feature", "properties": { "id": "23578972-1533", "name": "", "class": "secondary_link", "is_priority": false }, "geometry": { "type": "LineString", "coordinates": [ [ -74.438846, 40.493221 ], [ -74.438736, 40.493381 ], [ -74.43866, 40.493437 ], [ -74.438576, 40.493474 ], [ -74.438479, 40.493491 ], [ -74.438323, 40.493481 ], [ -74.438224, 40.49345 ], [ -74.438143, 40.4934 ], [ -74.438069, 40.493314 ], [ -74.438042, 40.49325 ], [ -74.43804, 40.49316 ], [ -74.438073, 40.493066 ], [ -74.438113, 40.493012 ], [ -74.438204, 40.492942 ], [ -74.438426, 40.492839 ] ] } },
{ "type": "Feature", "properties": { "id": "23578983-1534", "name": "", "class": "secondary_link", "is_priority": false }, "geometry": { "type": "LineString", "coordinates": [ [ -74.441345, 40.492429 ], [ -74.440374, 40.492507 ], [ -74.439447, 40.492536 ], [ -74.439361, 40.492519 ], [ -74.439262, 40.492474 ], [ -74.439185, 40.492413 ], [ -74.439121, 40.492318 ] ] } },
{ "type": "Feature", "properties": { "id": "23578983-1535", "name": "", "class": "secondary_link", "is_priority": false }, "geometry": { "type": "LineString", "coordinates": [ [ -74.439121, 40.492318 ], [ -74.439023, 40.492125 ] ] } },
{ "type": "Feature", "properties": { "id": "23579007-1536", "name": "", "class": "secondary_link", "is_priority": false }, "geometry": { "type": "LineString", "coordinates": [ [ -74.43936, 40.495395 ], [ -74.439448, 40.496003 ], [ -74.439483, 40.496856 ], [ -74.439459, 40.497035 ], [ -74.43936, 40.49717 ] ] } },
{ "type": "Feature", "properties": { "id": "23579007-1537", "name": "", "class": "secondary_link", "is_priority": false }, "geometry": { "type": "LineString", "coordinates": [ [ -74.43936, 40.49717 ], [ -74.439205, 40.497267 ], [ -74.438899, 40.497381 ] ] } },
{ "type": "Feature", "properties": { "id": "23579013-1538", "name": "", "class": "motorway_link", "is_priority": false }, "geometry": { "type": "LineString", "coordinates": [ [ -74.441163, 40.49796 ], [ -74.441126, 40.498089 ], [ -74.441078, 40.498159 ], [ -74.441002, 40.498221 ], [ -74.440845, 40.498293 ] ] } },
{ "type": "Feature", "properties": { "id": "23579016-1539", "name": "", "class": "secondary_link", "is_priority": false }, "geometry": { "type": "LineString", "coordinates": [ [ -74.439898, 40.497553 ], [ -74.439912, 40.497687 ], [ -74.439887, 40.497816 ], [ -74.439837, 40.497892 ], [ -74.439707, 40.49798 ], [ -74.439587, 40.498012 ], [ -74.439389, 40.498002 ], [ -74.439272, 40.497958 ], [ -74.439142, 40.497838 ], [ -74.439109, 40.497753 ], [ -74.439113, 40.497664 ], [ -74.439142, 40.497582 ], [ -74.439198, 40.49751 ], [ -74.439293, 40.497449 ], [ -74.439726, 40.497286 ] ] } },
{ "type": "Feature", "properties": { "id": "23579016-1540", "name": "", "class": "secondary_link", "is_priority": false }, "geometry": { "type": "LineString", "coordinates": [ [ -74.439726, 40.497286 ], [ -74.439775, 40.497268 ] ] } },
{ "type": "Feature", "properties": { "id": "23579027-1541", "name": "Livingston Avenue", "class": "secondary", "is_priority": false }, "geometry": { "type": "LineString", "coordinates": [ [ -74.460837, 40.47724 ], [ -74.462306, 40.475829 ] ] } },
{ "type": "Feature", "properties": { "id": "23579027-1542", "name": "Livingston Avenue", "class": "secondary", "is_priority": false }, "geometry": { "type": "LineString", "coordinates": [ [ -74.462306, 40.475829 ], [ -74.463128, 40.475043 ], [ -74.463829, 40.474455 ] ] } },
{ "type": "Feature", "properties": { "id": "23579027-1543", "name": "Livingston Avenue", "class": "secondary", "is_priority": false }, "geometry": { "type": "LineString", "coordinates": [ [ -74.463829, 40.474455 ], [ -74.465438, 40.473137 ] ] } },
{ "type": "Feature", "properties": { "id": "23579027-1544", "name": "Livingston Avenue", "class": "secondary", "is_priority": false }, "geometry": { "type": "LineString", "coordinates": [ [ -74.465438, 40.473137 ], [ -74.467047, 40.471819 ] ] } },
{ "type": "Feature", "properties": { "id": "23579027-1545", "name": "Livingston Avenue", "class": "secondary", "is_priority": false }, "geometry": { "type": "LineString", "coordinates": [ [ -74.467047, 40.471819 ], [ -74.467821, 40.471185 ] ] } },
{ "type": "Feature", "properties": { "id": "23579029-1546", "name": "Paul Robeson Boulevard", "class": "residential", "is_priority": false }, "geometry": { "type": "LineString", "coordinates": [ [ -74.445862, 40.481549 ], [ -74.447343, 40.480146 ] ] } },
{ "type": "Feature", "properties": { "id": "23579029-1547", "name": "Paul Robeson Boulevard", "class": "residential", "is_priority": false }, "geometry": { "type": "LineString", "coordinates": [ [ -74.447343, 40.480146 ], [ -74.448803, 40.478764 ] ] } },
{ "type": "Feature", "properties": { "id": "23579032-1548", "name": "Suydam Street", "class": "tertiary", "is_priority": false }, "geometry": { "type": "LineString", "coordinates": [ [ -74.441701, 40.485517 ], [ -74.443545, 40.486641 ] ] } },
{ "type": "Feature", "properties": { "id": "23579032-1549", "name": "Suydam Street", "class": "tertiary", "is_priority": false }, "geometry": { "type": "LineString", "coordinates": [ [ -74.443545, 40.486641 ], [ -74.445388, 40.487767 ] ] } },
{ "type": "Feature", "properties": { "id": "23579032-1550", "name": "Suydam Street", "class": "tertiary", "is_priority": false }, "geometry": { "type": "LineString", "coordinates": [ [ -74.445388, 40.487767 ], [ -74.447235, 40.488888 ] ] } },
{ "type": "Feature", "properties": { "id": "23579032-1551", "name": "Suydam Street", "class": "tertiary", "is_priority": false }, "geometry": { "type": "LineString", "coordinates": [ [ -74.447235, 40.488888 ], [ -74.448137, 40.489435 ] ] } },
{ "type": "Feature", "properties": { "id": "23579033-1552", "name": "Paul Robeson Boulevard", "class": "tertiary", "is_priority": false }, "geometry": { "type": "LineString", "coordinates": [ [ -74.441701, 40.485517 ], [ -74.443185, 40.484116 ] ] } },
{ "type": "Feature", "properties": { "id": "23579033-1553", "name": "Paul Robeson Boulevard", "class": "tertiary", "is_priority": false }, "geometry": { "type": "LineString", "coordinates": [ [ -74.443185, 40.484116 ], [ -74.444653, 40.482706 ] ] } },
{ "type": "Feature", "properties": { "id": "23579033-1554", "name": "Paul Robeson Boulevard", "class": "tertiary", "is_priority": false }, "geometry": { "type": "LineString", "coordinates": [ [ -74.444653, 40.482706 ], [ -74.445862, 40.481549 ] ] } },
{ "type": "Feature", "properties": { "id": "23579034-1555", "name": "Suydam Street", "class": "residential", "is_priority": false }, "geometry": { "type": "LineString", "coordinates": [ [ -74.448137, 40.489435 ], [ -74.44963, 40.490369 ], [ -74.449973, 40.490567 ] ] } },
{ "type": "Feature", "properties": { "id": "23579034-1556", "name": "Suydam Street", "class": "residential", "is_priority": false }, "geometry": { "type": "LineString", "coordinates": [ [ -74.449973, 40.490567 ], [ -74.451616, 40.491562 ] ] } },
{ "type": "Feature", "properties": { "id": "23579037-1557", "name": "Livingston Avenue", "class": "secondary", "is_priority": false }, "geometry": { "type": "LineString", "coordinates": [ [ -74.448137, 40.489435 ], [ -74.449603, 40.488023 ] ] } },
{ "type": "Feature", "properties": { "id": "23579037-1558", "name": "Livingston Avenue", "class": "secondary", "is_priority": false }, "geometry": { "type": "LineString", "coordinates": [ [ -74.449603, 40.488023 ], [ -74.451086, 40.486621 ] ] } },
{ "type": "Feature", "properties": { "id": "23579037-1559", "name": "Livingston Avenue", "class": "secondary", "is_priority": false }, "geometry": { "type": "LineString", "coordinates": [ [ -74.451086, 40.486621 ], [ -74.452558, 40.485214 ] ] } },
{ "type": "Feature", "properties": { "id": "23579037-1560", "name": "Livingston Avenue", "class": "secondary", "is_priority": false }, "geometry": { "type": "LineString", "coordinates": [ [ -74.452558, 40.485214 ], [ -74.454025, 40.483802 ] ] } },
{ "type": "Feature", "properties": { "id": "23579037-1561", "name": "Livingston Avenue", "class": "secondary", "is_priority": false }, "geometry": { "type": "LineString", "coordinates": [ [ -74.454025, 40.483802 ], [ -74.455491, 40.48239 ] ] } },
{ "type": "Feature", "properties": { "id": "23579037-1562", "name": "Livingston Avenue", "class": "secondary", "is_priority": false }, "geometry": { "type": "LineString", "coordinates": [ [ -74.455491, 40.48239 ], [ -74.456958, 40.480979 ] ] } },
{ "type": "Feature", "properties": { "id": "23579037-1563", "name": "Livingston Avenue", "class": "secondary", "is_priority": false }, "geometry": { "type": "LineString", "coordinates": [ [ -74.456958, 40.480979 ], [ -74.458425, 40.479568 ] ] } },
{ "type": "Feature", "properties": { "id": "23579037-1564", "name": "Livingston Avenue", "class": "secondary", "is_priority": false }, "geometry": { "type": "LineString", "coordinates": [ [ -74.458425, 40.479568 ], [ -74.459893, 40.478157 ] ] } },
{ "type": "Feature", "properties": { "id": "23579037-1565", "name": "Livingston Avenue", "class": "secondary", "is_priority": false }, "geometry": { "type": "LineString", "coordinates": [ [ -74.459893, 40.478157 ], [ -74.460359, 40.477709 ] ] } },
{ "type": "Feature", "properties": { "id": "23579039-1566", "name": "Paul Robeson Boulevard", "class": "tertiary", "is_priority": false }, "geometry": { "type": "LineString", "coordinates": [ [ -74.43996, 40.487219 ], [ -74.440156, 40.487032 ] ] } },
{ "type": "Feature", "properties": { "id": "23579040-1567", "name": "George Street", "class": "tertiary", "is_priority": false }, "geometry": { "type": "LineString", "coordinates": [ [ -74.43996, 40.487219 ], [ -74.440057, 40.487361 ] ] } },
{ "type": "Feature", "properties": { "id": "23579041-1568", "name": "George Street", "class": "tertiary", "is_priority": false }, "geometry": { "type": "LineString", "coordinates": [ [ -74.443577, 40.493658 ], [ -74.443747, 40.49441 ] ] } },
{ "type": "Feature", "properties": { "id": "23579044-1569", "name": "George Street", "class": "tertiary", "is_priority": false }, "geometry": { "type": "LineString", "coordinates": [ [ -74.444471, 40.497361 ], [ -74.444671, 40.498053 ] ] } },
{ "type": "Feature", "properties": { "id": "23579050-1570", "name": "Hamilton Street", "class": "tertiary", "is_priority": false }, "geometry": { "type": "LineString", "coordinates": [ [ -74.450044, 40.498294 ], [ -74.452249, 40.497651 ] ] } },
{ "type": "Feature", "properties": { "id": "23579050-1571", "name": "Hamilton Street", "class": "tertiary", "is_priority": false }, "geometry": { "type": "LineString", "coordinates": [ [ -74.452249, 40.497651 ], [ -74.454436, 40.496974 ] ] } },
{ "type": "Feature", "properties": { "id": "23579050-1572", "name": "Hamilton Street", "class": "tertiary", "is_priority": false }, "geometry": { "type": "LineString", "coordinates": [ [ -74.454436, 40.496974 ], [ -74.45518, 40.496723 ], [ -74.456619, 40.49629 ] ] } },
{ "type": "Feature", "properties": { "id": "23579050-1573", "name": "Hamilton Street", "class": "tertiary", "is_priority": false }, "geometry": { "type": "LineString", "coordinates": [ [ -74.456619, 40.49629 ], [ -74.456889, 40.496205 ], [ -74.457036, 40.496184 ], [ -74.458676, 40.496097 ] ] } },
{ "type": "Feature", "properties": { "id": "23579052-1574", "name": "Easton Avenue", "class": "tertiary", "is_priority": false }, "geometry": { "type": "LineString", "coordinates": [ [ -74.450044, 40.498294 ], [ -74.450622, 40.49853 ], [ -74.452148, 40.499109 ] ] } },
{ "type": "Feature", "properties": { "id": "23579052-1575", "name": "Easton Avenue", "class": "tertiary", "is_priority": false }, "geometry": { "type": "LineString", "coordinates": [ [ -74.452148, 40.499109 ], [ -74.45424, 40.499943 ] ] } },
{ "type": "Feature", "properties": { "id": "23579052-1576", "name": "Easton Avenue", "class": "tertiary", "is_priority": false }, "geometry": { "type": "LineString", "coordinates": [ [ -74.45424, 40.499943 ], [ -74.456344, 40.50076 ] ] } },
{ "type": "Feature", "properties": { "id": "23579052-1577", "name": "Easton Avenue", "class": "tertiary", "is_priority": false }, "geometry": { "type": "LineString", "coordinates": [ [ -74.456344, 40.50076 ], [ -74.458375, 40.501555 ] ] } },
{ "type": "Feature", "properties": { "id": "23579126-1578", "name": "", "class": "motorway_link", "is_priority": false }, "geometry": { "type": "LineString", "coordinates": [ [ -74.454298, 40.517118 ], [ -74.453882, 40.517274 ], [ -74.453731, 40.517316 ], [ -74.453447, 40.517366 ], [ -74.453167, 40.517362 ], [ -74.453036, 40.517334 ], [ -74.452863, 40.517273 ], [ -74.45268, 40.517164 ], [ -74.452545, 40.517015 ], [ -74.452495, 40.516919 ], [ -74.452457, 40.516746 ] ] } },
{ "type": "Feature", "properties": { "id": "23579126-1579", "name": "", "class": "motorway_link", "is_priority": false }, "geometry": { "type": "LineString", "coordinates": [ [ -74.452457, 40.516746 ], [ -74.452476, 40.516565 ], [ -74.452585, 40.516365 ], [ -74.452699, 40.516252 ], [ -74.452805, 40.516183 ], [ -74.452936, 40.516124 ], [ -74.453095, 40.516079 ], [ -74.453359, 40.516059 ], [ -74.453562, 40.516086 ], [ -74.453666, 40.516117 ], [ -74.453892, 40.516232 ], [ -74.454114, 40.516421 ] ] } },
{ "type": "Feature", "properties": { "id": "23579126-1580", "name": "", "class": "motorway_link", "is_priority": false }, "geometry": { "type": "LineString", "coordinates": [ [ -74.454114, 40.516421 ], [ -74.454869, 40.517121 ], [ -74.455105, 40.51731 ], [ -74.455274, 40.517386 ] ] } },
{ "type": "Feature", "properties": { "id": "23579127-1581", "name": "", "class": "motorway_link", "is_priority": false }, "geometry": { "type": "LineString", "coordinates": [ [ -74.457307, 40.517441 ], [ -74.457178, 40.517455 ], [ -74.456861, 40.517528 ], [ -74.456662, 40.517544 ], [ -74.456412, 40.517516 ], [ -74.456142, 40.517412 ], [ -74.456007, 40.517325 ], [ -74.455927, 40.517251 ], [ -74.455815, 40.517109 ], [ -74.455747, 40.51696 ], [ -74.455726, 40.516842 ], [ -74.455749, 40.516646 ] ] } },
{ "type": "Feature", "properties": { "id": "23579127-1582", "name": "", "class": "motorway_link", "is_priority": false }, "geometry": { "type": "LineString", "coordinates": [ [ -74.455749, 40.516646 ], [ -74.455778, 40.516569 ], [ -74.455886, 40.516412 ], [ -74.456142, 40.516123 ] ] } },
{ "type": "Feature", "properties": { "id": "23579129-1583", "name": "", "class": "motorway_link", "is_priority": false }, "geometry": { "type": "LineString", "coordinates": [ [ -74.454766, 40.517758 ], [ -74.456299, 40.517712 ], [ -74.456408, 40.517659 ] ] } },
{ "type": "Feature", "properties": { "id": "23579131-1584", "name": "", "class": "motorway_link", "is_priority": false }, "geometry": { "type": "LineString", "coordinates": [ [ -74.45731, 40.511961 ], [ -74.45731, 40.512049 ] ] } },
{ "type": "Feature", "properties": { "id": "23579132-1585", "name": "", "class": "motorway_link", "is_priority": false }, "geometry": { "type": "LineString", "coordinates": [ [ -74.458796, 40.512249 ], [ -74.458635, 40.512798 ], [ -74.458474, 40.512966 ], [ -74.458282, 40.513042 ], [ -74.45813, 40.513072 ] ] } },
{ "type": "Feature", "properties": { "id": "23579133-1586", "name": "", "class": "motorway_link", "is_priority": false }, "geometry": { "type": "LineString", "coordinates": [ [ -74.45817, 40.514324 ], [ -74.458334, 40.514197 ], [ -74.458667, 40.513785 ] ] } },
{ "type": "Feature", "properties": { "id": "23579166-1587", "name": "George Street", "class": "primary", "is_priority": true }, "geometry": { "type": "LineString", "coordinates": [ [ -74.455237, 40.506495 ], [ -74.455356, 40.506554 ], [ -74.455542, 40.506611 ] ] } },
{ "type": "Feature", "properties": { "id": "23579168-1588", "name": "College Avenue", "class": "residential", "is_priority": false }, "geometry": { "type": "LineString", "coordinates": [ [ -74.454629, 40.505886 ], [ -74.455237, 40.506495 ] ] } },
{ "type": "Feature", "properties": { "id": "23579172-1589", "name": "", "class": "motorway_link", "is_priority": false }, "geometry": { "type": "LineString", "coordinates": [ [ -74.455237, 40.506495 ], [ -74.454626, 40.506325 ], [ -74.454437, 40.506294 ], [ -74.454189, 40.506289 ] ] } },
{ "type": "Feature", "properties": { "id": "23579173-1590", "name": "", "class": "motorway_link", "is_priority": false }, "geometry": { "type": "LineString", "coordinates": [ [ -74.45506, 40.506658 ], [ -74.45457, 40.506525 ], [ -74.453847, 40.506221 ], [ -74.453627, 40.506144 ], [ -74.45317, 40.506068 ] ] } },
{ "type": "Feature", "properties": { "id": "23579174-1591", "name": "", "class": "motorway_link", "is_priority": false }, "geometry": { "type": "LineString", "coordinates": [ [ -74.454776, 40.506043 ], [ -74.454793, 40.506114 ], [ -74.454784, 40.506182 ], [ -74.454757, 40.506226 ], [ -74.454635, 40.506273 ], [ -74.454437, 40.506294 ] ] } },
{ "type": "Feature", "properties": { "id": "23579175-1592", "name": "", "class": "motorway_link", "is_priority": false }, "geometry": { "type": "LineString", "coordinates": [ [ -74.443725, 40.501602 ], [ -74.445409, 40.502865 ] ] } },
{ "type": "Feature", "properties": { "id": "23579175-1593", "name": "", "class": "motorway_link", "is_priority": false }, "geometry": { "type": "LineString", "coordinates": [ [ -74.445409, 40.502865 ], [ -74.446283, 40.503525 ], [ -74.446427, 40.503606 ], [ -74.44659, 40.503655 ] ] } },
{ "type": "Feature", "properties": { "id": "23579176-1594", "name": "", "class": "motorway_link", "is_priority": false }, "geometry": { "type": "LineString", "coordinates": [ [ -74.44747, 40.503613 ], [ -74.447581, 40.503576 ], [ -74.447671, 40.503525 ] ] } },
{ "type": "Feature", "properties": { "id": "23579177-1595", "name": "", "class": "motorway_link", "is_priority": false }, "geometry": { "type": "LineString", "coordinates": [ [ -74.447758, 40.503302 ], [ -74.447641, 40.503347 ], [ -74.447507, 40.503433 ], [ -74.44744, 40.503457 ], [ -74.447376, 40.50346 ], [ -74.447276, 40.503433 ], [ -74.445871, 40.502564 ] ] } },
{ "type": "Feature", "properties": { "id": "23579177-1596", "name": "", "class": "motorway_link", "is_priority": false }, "geometry": { "type": "LineString", "coordinates": [ [ -74.445871, 40.502564 ], [ -74.443951, 40.501517 ] ] } },
{ "type": "Feature", "properties": { "id": "23579177-1597", "name": "", "class": "motorway_link", "is_priority": false }, "geometry": { "type": "LineString", "coordinates": [ [ -74.443951, 40.501517 ], [ -74.443218, 40.501116 ], [ -74.442882, 40.500965 ] ] } },
{ "type": "Feature", "properties": { "id": "23579179-1598", "name": "", "class": "trunk_link", "is_priority": false }, "geometry": { "type": "LineString", "coordinates": [ [ -74.412959, 40.49563 ], [ -74.412989, 40.495379 ], [ -74.41297, 40.494944 ], [ -74.412916, 40.494853 ], [ -74.412839, 40.494775 ], [ -74.412726, 40.494726 ], [ -74.412281, 40.494667 ], [ -74.412149, 40.494675 ], [ -74.412042, 40.494712 ], [ -74.411967, 40.494767 ], [ -74.411919, 40.494841 ], [ -74.411924, 40.494959 ] ] } },
{ "type": "Feature", "properties": { "id": "23579179-1599", "name": "", "class": "trunk_link", "is_priority": false }, "geometry": { "type": "LineString", "coordinates": [ [ -74.411924, 40.494959 ], [ -74.412013, 40.495226 ], [ -74.412026, 40.495391 ], [ -74.412015, 40.495571 ], [ -74.411902, 40.49614 ], [ -74.411795, 40.496499 ] ] } },
{ "type": "Feature", "properties": { "id": "23579189-1600", "name": "", "class": "trunk_link", "is_priority": false }, "geometry": { "type": "LineString", "coordinates": [ [ -74.406764, 40.500819 ], [ -74.406536, 40.500719 ], [ -74.406478, 40.500655 ], [ -74.406429, 40.500539 ] ] } },
{ "type": "Feature", "properties": { "id": "23579190-1601", "name": "", "class": "trunk_link", "is_priority": false }, "geometry": { "type": "LineString", "coordinates": [ [ -74.406569, 40.499668 ], [ -74.406388, 40.499569 ], [ -74.406318, 40.499506 ], [ -74.406244, 40.499393 ], [ -74.406223, 40.49932 ], [ -74.406222, 40.499239 ], [ -74.406299, 40.499103 ], [ -74.406413, 40.49902 ], [ -74.40649, 40.49899 ], [ -74.406589, 40.498972 ], [ -74.406801, 40.49898 ], [ -74.407084, 40.49901 ], [ -74.407174, 40.499033 ], [ -74.407317, 40.499124 ], [ -74.407359, 40.499185 ], [ -74.407396, 40.499299 ], [ -74.407385, 40.49937 ] ] } },
{ "type": "Feature", "properties": { "id": "23579190-1602", "name": "", "class": "trunk_link", "is_priority": false }, "geometry": { "type": "LineString", "coordinates": [ [ -74.407385, 40.49937 ], [ -74.407343, 40.499462 ], [ -74.407252, 40.499554 ], [ -74.406892, 40.499823 ] ] } },
{ "type": "Feature", "properties": { "id": "23579192-1603", "name": "Player Avenue", "class": "residential", "is_priority": false }, "geometry": { "type": "LineString", "coordinates": [ [ -74.408698, 40.498732 ], [ -74.408527, 40.498159 ], [ -74.408527, 40.496945 ] ] } },
{ "type": "Feature", "properties": { "id": "23579192-1604", "name": "Player Avenue", "class": "residential", "is_priority": false }, "geometry": { "type": "LineString", "coordinates": [ [ -74.408527, 40.496945 ], [ -74.408516, 40.495144 ] ] } },
{ "type": "Feature", "properties": { "id": "23579192-1605", "name": "Player Avenue", "class": "residential", "is_priority": false }, "geometry": { "type": "LineString", "coordinates": [ [ -74.408516, 40.495144 ], [ -74.408508, 40.494709 ] ] } },
{ "type": "Feature", "properties": { "id": "27629946-1606", "name": "", "class": "motorway_link", "is_priority": false }, "geometry": { "type": "LineString", "coordinates": [ [ -74.407261, 40.474218 ], [ -74.407153, 40.474302 ], [ -74.406878, 40.474606 ], [ -74.406299, 40.475174 ], [ -74.40585, 40.47566 ] ] } },
{ "type": "Feature", "properties": { "id": "27629946-1607", "name": "", "class": "motorway_link", "is_priority": false }, "geometry": { "type": "LineString", "coordinates": [ [ -74.40585, 40.47566 ], [ -74.40546, 40.475965 ], [ -74.40527, 40.476069 ], [ -74.404877, 40.476213 ], [ -74.403831, 40.47654 ] ] } },
{ "type": "Feature", "properties": { "id": "27629946-1608", "name": "", "class": "motorway_link", "is_priority": false }, "geometry": { "type": "LineString", "coordinates": [ [ -74.403831, 40.47654 ], [ -74.403644, 40.476625 ] ] } },
{ "type": "Feature", "properties": { "id": "27719240-1609", "name": "Jersey Avenue", "class": "tertiary", "is_priority": false }, "geometry": { "type": "LineString", "coordinates": [ [ -74.468161, 40.479969 ], [ -74.468831, 40.479362 ], [ -74.469705, 40.478606 ] ] } },
{ "type": "Feature", "properties": { "id": "27719240-1610", "name": "Jersey Avenue", "class": "tertiary", "is_priority": false }, "geometry": { "type": "LineString", "coordinates": [ [ -74.469705, 40.478606 ], [ -74.470732, 40.477718 ], [ -74.471285, 40.477269 ] ] } },
{ "type": "Feature", "properties": { "id": "27719240-1611", "name": "Jersey Avenue", "class": "tertiary", "is_priority": false }, "geometry": { "type": "LineString", "coordinates": [ [ -74.471285, 40.477269 ], [ -74.472851, 40.475921 ] ] } },
{ "type": "Feature", "properties": { "id": "27719240-1612", "name": "Jersey Avenue", "class": "tertiary", "is_priority": false }, "geometry": { "type": "LineString", "coordinates": [ [ -74.472851, 40.475921 ], [ -74.473425, 40.475433 ], [ -74.473832, 40.475051 ], [ -74.474009, 40.474881 ], [ -74.474332, 40.474522 ] ] } },
{ "type": "Feature", "properties": { "id": "27719240-1613", "name": "Jersey Avenue", "class": "tertiary", "is_priority": false }, "geometry": { "type": "LineString", "coordinates": [ [ -74.474332, 40.474522 ], [ -74.474954, 40.47373 ], [ -74.475516, 40.472964 ] ] } },
{ "type": "Feature", "properties": { "id": "27719240-1614", "name": "Jersey Avenue", "class": "tertiary", "is_priority": false }, "geometry": { "type": "LineString", "coordinates": [ [ -74.475516, 40.472964 ], [ -74.476669, 40.471392 ] ] } },
{ "type": "Feature", "properties": { "id": "27719240-1615", "name": "Jersey Avenue", "class": "tertiary", "is_priority": false }, "geometry": { "type": "LineString", "coordinates": [ [ -74.476669, 40.471392 ], [ -74.477809, 40.469814 ] ] } },
{ "type": "Feature", "properties": { "id": "27719240-1616", "name": "Jersey Avenue", "class": "tertiary", "is_priority": false }, "geometry": { "type": "LineString", "coordinates": [ [ -74.477809, 40.469814 ], [ -74.477911, 40.469675 ] ] } },
{ "type": "Feature", "properties": { "id": "28867570-1617", "name": "Riverview Avenue", "class": "residential", "is_priority": false }, "geometry": { "type": "LineString", "coordinates": [ [ -74.410334, 40.497608 ], [ -74.410519, 40.496236 ] ] } },
{ "type": "Feature", "properties": { "id": "28885338-1618", "name": "Somerset Street", "class": "secondary", "is_priority": false }, "geometry": { "type": "LineString", "coordinates": [ [ -74.463977, 40.488909 ], [ -74.464946, 40.488484 ], [ -74.465972, 40.487949 ] ] } },
{ "type": "Feature", "properties": { "id": "28885338-1619", "name": "Somerset Street", "class": "secondary", "is_priority": false }, "geometry": { "type": "LineString", "coordinates": [ [ -74.465972, 40.487949 ], [ -74.467324, 40.487242 ], [ -74.467953, 40.486974 ] ] } },
{ "type": "Feature", "properties": { "id": "28885338-1620", "name": "Somerset Street", "class": "secondary", "is_priority": false }, "geometry": { "type": "LineString", "coordinates": [ [ -74.467953, 40.486974 ], [ -74.468489, 40.486776 ], [ -74.470139, 40.486299 ] ] } },
{ "type": "Feature", "properties": { "id": "28885338-1621", "name": "Somerset Street", "class": "secondary", "is_priority": false }, "geometry": { "type": "LineString", "coordinates": [ [ -74.470139, 40.486299 ], [ -74.472355, 40.48568 ] ] } },
{ "type": "Feature", "properties": { "id": "28885338-1622", "name": "Somerset Street", "class": "secondary", "is_priority": false }, "geometry": { "type": "LineString", "coordinates": [ [ -74.472355, 40.48568 ], [ -74.472469, 40.485648 ] ] } },
{ "type": "Feature", "properties": { "id": "31325034-1623", "name": "Nassau Street", "class": "residential", "is_priority": false }, "geometry": { "type": "LineString", "coordinates": [ [ -74.449213, 40.472786 ], [ -74.450151, 40.47305 ], [ -74.451451, 40.473355 ] ] } },
{ "type": "Feature", "properties": { "id": "31325034-1624", "name": "Nassau Street", "class": "residential", "is_priority": false }, "geometry": { "type": "LineString", "coordinates": [ [ -74.451451, 40.473355 ], [ -74.453704, 40.47389 ] ] } },
{ "type": "Feature", "properties": { "id": "31325034-1625", "name": "Nassau Street", "class": "residential", "is_priority": false }, "geometry": { "type": "LineString", "coordinates": [ [ -74.453704, 40.47389 ], [ -74.455962, 40.474412 ] ] } },
{ "type": "Feature", "properties": { "id": "31325034-1626", "name": "Nassau Street", "class": "residential", "is_priority": false }, "geometry": { "type": "LineString", "coordinates": [ [ -74.455962, 40.474412 ], [ -74.456316, 40.474526 ], [ -74.456494, 40.474607 ], [ -74.457591, 40.475271 ] ] } },
{ "type": "Feature", "properties": { "id": "37238368-1627", "name": "Montgomery Street", "class": "residential", "is_priority": false }, "geometry": { "type": "LineString", "coordinates": [ [ -74.433282, 40.499526 ], [ -74.433438, 40.499662 ], [ -74.433483, 40.499675 ], [ -74.433566, 40.499672 ] ] } },
{ "type": "Feature", "properties": { "id": "37238369-1628", "name": "Lincoln Avenue", "class": "residential", "is_priority": false }, "geometry": { "type": "LineString", "coordinates": [ [ -74.435015, 40.500265 ], [ -74.434966, 40.500342 ], [ -74.433334, 40.501437 ], [ -74.433287, 40.501482 ] ] } },
{ "type": "Feature", "properties": { "id": "37238369-1629", "name": "Lincoln Avenue", "class": "residential", "is_priority": false }, "geometry": { "type": "LineString", "coordinates": [ [ -74.433287, 40.501482 ], [ -74.431772, 40.502863 ] ] } },
{ "type": "Feature", "properties": { "id": "37238369-1630", "name": "Lincoln Avenue", "class": "residential", "is_priority": false }, "geometry": { "type": "LineString", "coordinates": [ [ -74.431772, 40.502863 ], [ -74.43026, 40.504247 ] ] } },
{ "type": "Feature", "properties": { "id": "37238369-1631", "name": "Lincoln Avenue", "class": "residential", "is_priority": false }, "geometry": { "type": "LineString", "coordinates": [ [ -74.43026, 40.504247 ], [ -74.429071, 40.505323 ] ] } },
{ "type": "Feature", "properties": { "id": "37966624-1632", "name": "", "class": "secondary", "is_priority": false }, "geometry": { "type": "LineString", "coordinates": [ [ -74.4325, 40.487103 ], [ -74.432601, 40.486818 ] ] } },
{ "type": "Feature", "properties": { "id": "37966625-1633", "name": "", "class": "motorway_link", "is_priority": false }, "geometry": { "type": "LineString", "coordinates": [ [ -74.427754, 40.486168 ], [ -74.429453, 40.486577 ], [ -74.430009, 40.486698 ] ] } },
{ "type": "Feature", "properties": { "id": "37966625-1634", "name": "", "class": "motorway_link", "is_priority": false }, "geometry": { "type": "LineString", "coordinates": [ [ -74.430009, 40.486698 ], [ -74.430779, 40.486851 ] ] } },
{ "type": "Feature", "properties": { "id": "37966626-1635", "name": "Burnet Street", "class": "secondary", "is_priority": false }, "geometry": { "type": "LineString", "coordinates": [ [ -74.440855, 40.497134 ], [ -74.440136, 40.495951 ], [ -74.439885, 40.495491 ] ] } },
{ "type": "Feature", "properties": { "id": "37966626-1636", "name": "Burnet Street", "class": "secondary", "is_priority": false }, "geometry": { "type": "LineString", "coordinates": [ [ -74.439885, 40.495491 ], [ -74.439715, 40.495095 ], [ -74.439445, 40.494296 ] ] } },
{ "type": "Feature", "properties": { "id": "37966627-1637", "name": "Paul Robeson Boulevard", "class": "tertiary", "is_priority": false }, "geometry": { "type": "LineString", "coordinates": [ [ -74.437686, 40.489372 ], [ -74.438698, 40.488412 ] ] } },
{ "type": "Feature", "properties": { "id": "37966628-1638", "name": "", "class": "secondary_link", "is_priority": false }, "geometry": { "type": "LineString", "coordinates": [ [ -74.437787, 40.490037 ], [ -74.437645, 40.489759 ], [ -74.437648, 40.489671 ], [ -74.437686, 40.489567 ], [ -74.437799, 40.489411 ], [ -74.438545, 40.488683 ], [ -74.43865, 40.488496 ] ] } },
{ "type": "Feature", "properties": { "id": "37966628-1639", "name": "", "class": "secondary_link", "is_priority": false }, "geometry": { "type": "LineString", "coordinates": [ [ -74.43865, 40.488496 ], [ -74.438698, 40.488412 ] ] } },
{ "type": "Feature", "properties": { "id": "37966629-1640", "name": "", "class": "motorway_link", "is_priority": false }, "geometry": { "type": "LineString", "coordinates": [ [ -74.438902, 40.488207 ], [ -74.438768, 40.488236 ], [ -74.43865, 40.488304 ], [ -74.438233, 40.488672 ], [ -74.437678, 40.489208 ], [ -74.437548, 40.489309 ], [ -74.437481, 40.489335 ], [ -74.437372, 40.489347 ], [ -74.437265, 40.489325 ], [ -74.437219, 40.4893 ] ] } },
{ "type": "Feature", "properties": { "id": "37966629-1641", "name": "", "class": "motorway_link", "is_priority": false }, "geometry": { "type": "LineString", "coordinates": [ [ -74.437219, 40.4893 ], [ -74.437004, 40.489121 ] ] } },
{ "type": "Feature", "properties": { "id": "37966630-1642", "name": "", "class": "secondary_link", "is_priority": false }, "geometry": { "type": "LineString", "coordinates": [ [ -74.439563, 40.49264 ], [ -74.438899, 40.492677 ], [ -74.438594, 40.492719 ], [ -74.43841, 40.492764 ] ] } },
{ "type": "Feature", "properties": { "id": "37966631-1643", "name": "", "class": "secondary_link", "is_priority": false }, "geometry": { "type": "LineString", "coordinates": [ [ -74.43841, 40.492764 ], [ -74.438144, 40.492887 ], [ -74.438029, 40.49298 ], [ -74.437951, 40.493118 ], [ -74.43794, 40.493186 ], [ -74.437956, 40.493287 ], [ -74.438008, 40.493379 ], [ -74.438103, 40.493467 ], [ -74.438502, 40.493693 ], [ -74.438671, 40.493812 ], [ -74.438797, 40.49394 ], [ -74.438897, 40.494107 ] ] } },
{ "type": "Feature", "properties": { "id": "37966631-1644", "name": "", "class": "secondary_link", "is_priority": false }, "geometry": { "type": "LineString", "coordinates": [ [ -74.438897, 40.494107 ], [ -74.438972, 40.494344 ], [ -74.439115, 40.494618 ] ] } },
{ "type": "Feature", "properties": { "id": "37966632-1645", "name": "", "class": "secondary_link", "is_priority": false }, "geometry": { "type": "LineString", "coordinates": [ [ -74.438426, 40.492839 ], [ -74.438592, 40.49279 ], [ -74.438934, 40.492742 ], [ -74.439577, 40.49271 ] ] } },
{ "type": "Feature", "properties": { "id": "37966633-1646", "name": "", "class": "secondary_link", "is_priority": false }, "geometry": { "type": "LineString", "coordinates": [ [ -74.439577, 40.49271 ], [ -74.44077, 40.492665 ] ] } },
{ "type": "Feature", "properties": { "id": "37966634-1647", "name": "", "class": "secondary_link", "is_priority": false }, "geometry": { "type": "LineString", "coordinates": [ [ -74.439289, 40.493305 ], [ -74.439311, 40.493173 ], [ -74.439373, 40.493033 ], [ -74.439476, 40.49292 ], [ -74.439621, 40.492836 ], [ -74.439779, 40.492795 ], [ -74.440451, 40.49273 ], [ -74.44077, 40.492665 ] ] } },
{ "type": "Feature", "properties": { "id": "37966638-1648", "name": "Raritan Avenue", "class": "secondary", "is_priority": false }, "geometry": { "type": "LineString", "coordinates": [ [ -74.436361, 40.497738 ], [ -74.436729, 40.497682 ] ] } },
{ "type": "Feature", "properties": { "id": "37966639-1649", "name": "Albany Street Bridge", "class": "secondary", "is_priority": false }, "geometry": { "type": "LineString", "coordinates": [ [ -74.437009, 40.49764 ], [ -74.437867, 40.497521 ] ] } },
{ "type": "Feature", "properties": { "id": "37966640-1650", "name": "Albany Street", "class": "secondary", "is_priority": false }, "geometry": { "type": "LineString", "coordinates": [ [ -74.438899, 40.497381 ], [ -74.439775, 40.497268 ] ] } },
{ "type": "Feature", "properties": { "id": "37966641-1651", "name": "Hiram Square", "class": "residential", "is_priority": false }, "geometry": { "type": "LineString", "coordinates": [ [ -74.441255, 40.495189 ], [ -74.441191, 40.495158 ], [ -74.441088, 40.495173 ], [ -74.44106, 40.495194 ], [ -74.441035, 40.495249 ], [ -74.441061, 40.495309 ], [ -74.441131, 40.495344 ], [ -74.441238, 40.495326 ], [ -74.441281, 40.495279 ], [ -74.441286, 40.495247 ], [ -74.441255, 40.495189 ] ] } },
{ "type": "Feature", "properties": { "id": "37966643-1652", "name": "Route 18 Service Road", "class": "secondary", "is_priority": false }, "geometry": { "type": "LineString", "coordinates": [ [ -74.439792, 40.496991 ], [ -74.439847, 40.497215 ] ] } },
{ "type": "Feature", "properties": { "id": "37966644-1653", "name": "", "class": "motorway_link", "is_priority": false }, "geometry": { "type": "LineString", "coordinates": [ [ -74.439942, 40.497549 ], [ -74.440062, 40.498084 ], [ -74.440216, 40.498526 ], [ -74.440347, 40.498828 ], [ -74.440604, 40.49927 ] ] } },
{ "type": "Feature", "properties": { "id": "37966644-1654", "name": "", "class": "motorway_link", "is_priority": false }, "geometry": { "type": "LineString", "coordinates": [ [ -74.440604, 40.49927 ], [ -74.440895, 40.499658 ], [ -74.44123, 40.499916 ] ] } },
{ "type": "Feature", "properties": { "id": "37966645-1655", "name": "Memorial Parkway", "class": "motorway", "is_priority": true }, "geometry": { "type": "LineString", "coordinates": [ [ -74.439932, 40.496974 ], [ -74.44006, 40.497536 ] ] } },
{ "type": "Feature", "properties": { "id": "37966646-1656", "name": "Memorial Parkway", "class": "motorway", "is_priority": true }, "geometry": { "type": "LineString", "coordinates": [ [ -74.44006, 40.497536 ], [ -74.440196, 40.498128 ], [ -74.440334, 40.498571 ], [ -74.440454, 40.498881 ], [ -74.440674, 40.499268 ] ] } },
{ "type": "Feature", "properties": { "id": "37966646-1657", "name": "Memorial Parkway", "class": "motorway", "is_priority": true }, "geometry": { "type": "LineString", "coordinates": [ [ -74.440674, 40.499268 ], [ -74.440968, 40.499654 ], [ -74.44123, 40.499916 ] ] } },
{ "type": "Feature", "properties": { "id": "37966647-1658", "name": "Memorial Parkway", "class": "motorway", "is_priority": true }, "geometry": { "type": "LineString", "coordinates": [ [ -74.440194, 40.497519 ], [ -74.440055, 40.496959 ] ] } },
{ "type": "Feature", "properties": { "id": "37966653-1659", "name": "Johnson Drive", "class": "tertiary", "is_priority": false }, "geometry": { "type": "LineString", "coordinates": [ [ -74.443246, 40.500319 ], [ -74.442813, 40.500335 ], [ -74.442589, 40.500281 ], [ -74.442424, 40.500181 ], [ -74.442179, 40.499998 ], [ -74.441845, 40.499725 ], [ -74.441638, 40.499535 ], [ -74.441466, 40.499325 ] ] } },
{ "type": "Feature", "properties": { "id": "37966653-1660", "name": "Johnson Drive", "class": "tertiary", "is_priority": false }, "geometry": { "type": "LineString", "coordinates": [ [ -74.441466, 40.499325 ], [ -74.441368, 40.499146 ], [ -74.441324, 40.499009 ] ] } },
{ "type": "Feature", "properties": { "id": "37966654-1661", "name": "Johnson Drive", "class": "tertiary", "is_priority": false }, "geometry": { "type": "LineString", "coordinates": [ [ -74.440262, 40.497209 ], [ -74.440637, 40.497292 ], [ -74.440729, 40.497328 ], [ -74.44085, 40.497409 ], [ -74.440936, 40.497516 ], [ -74.441163, 40.49796 ] ] } },
{ "type": "Feature", "properties": { "id": "37966776-1662", "name": "Morris Street", "class": "residential", "is_priority": false }, "geometry": { "type": "LineString", "coordinates": [ [ -74.445512, 40.491935 ], [ -74.444819, 40.491525 ], [ -74.444724, 40.491484 ], [ -74.44408, 40.491376 ], [ -74.443772, 40.491358 ], [ -74.443369, 40.491384 ] ] } },
{ "type": "Feature", "properties": { "id": "37966776-1663", "name": "Morris Street", "class": "residential", "is_priority": false }, "geometry": { "type": "LineString", "coordinates": [ [ -74.443369, 40.491384 ], [ -74.44276, 40.491455 ] ] } },
{ "type": "Feature", "properties": { "id": "38209476-1664", "name": "", "class": "motorway", "is_priority": true }, "geometry": { "type": "LineString", "coordinates": [ [ -74.447128, 40.503605 ], [ -74.445329, 40.502439 ] ] } },
{ "type": "Feature", "properties": { "id": "38209476-1665", "name": "", "class": "motorway", "is_priority": true }, "geometry": { "type": "LineString", "coordinates": [ [ -74.445329, 40.502439 ], [ -74.444741, 40.502075 ], [ -74.443468, 40.501331 ] ] } },
{ "type": "Feature", "properties": { "id": "38209476-1666", "name": "", "class": "motorway", "is_priority": true }, "geometry": { "type": "LineString", "coordinates": [ [ -74.443468, 40.501331 ], [ -74.442882, 40.500965 ] ] } },
{ "type": "Feature", "properties": { "id": "38209479-1667", "name": "", "class": "motorway", "is_priority": true }, "geometry": { "type": "LineString", "coordinates": [ [ -74.451724, 40.506145 ], [ -74.450712, 40.505798 ], [ -74.450302, 40.505611 ], [ -74.449902, 40.505399 ], [ -74.449678, 40.505263 ] ] } },
{ "type": "Feature", "properties": { "id": "38209479-1668", "name": "", "class": "motorway", "is_priority": true }, "geometry": { "type": "LineString", "coordinates": [ [ -74.449678, 40.505263 ], [ -74.447879, 40.504097 ] ] } },
{ "type": "Feature", "properties": { "id": "38209479-1669", "name": "", "class": "motorway", "is_priority": true }, "geometry": { "type": "LineString", "coordinates": [ [ -74.447879, 40.504097 ], [ -74.447128, 40.503605 ] ] } },
{ "type": "Feature", "properties": { "id": "38209480-1670", "name": "", "class": "motorway", "is_priority": true }, "geometry": { "type": "LineString", "coordinates": [ [ -74.458997, 40.510181 ], [ -74.458991, 40.510433 ], [ -74.458881, 40.511479 ] ] } },
{ "type": "Feature", "properties": { "id": "38209481-1671", "name": "John A. Lynch Memorial Bridge", "class": "motorway", "is_priority": true }, "geometry": { "type": "LineString", "coordinates": [ [ -74.459123, 40.509808 ], [ -74.459046, 40.50932 ], [ -74.458892, 40.50887 ], [ -74.458687, 40.508514 ], [ -74.458386, 40.508121 ] ] } },
{ "type": "Feature", "properties": { "id": "38209481-1672", "name": "John A. Lynch Memorial Bridge", "class": "motorway", "is_priority": true }, "geometry": { "type": "LineString", "coordinates": [ [ -74.458386, 40.508121 ], [ -74.458196, 40.507921 ], [ -74.457939, 40.50769 ], [ -74.457664, 40.507489 ], [ -74.457103, 40.507172 ] ] } },
{ "type": "Feature", "properties": { "id": "38209482-1673", "name": "", "class": "motorway", "is_priority": true }, "geometry": { "type": "LineString", "coordinates": [ [ -74.457103, 40.507172 ], [ -74.456597, 40.506973 ], [ -74.456286, 40.506878 ], [ -74.455862, 40.506784 ], [ -74.45506, 40.506658 ] ] } },
{ "type": "Feature", "properties": { "id": "38209483-1674", "name": "River Road", "class": "secondary", "is_priority": false }, "geometry": { "type": "LineString", "coordinates": [ [ -74.465173, 40.51192 ], [ -74.466067, 40.51202 ], [ -74.467488, 40.512267 ] ] } },
{ "type": "Feature", "properties": { "id": "38209483-1675", "name": "River Road", "class": "secondary", "is_priority": false }, "geometry": { "type": "LineString", "coordinates": [ [ -74.467488, 40.512267 ], [ -74.468957, 40.512528 ], [ -74.469771, 40.51272 ] ] } },
{ "type": "Feature", "properties": { "id": "38209483-1676", "name": "River Road", "class": "secondary", "is_priority": false }, "geometry": { "type": "LineString", "coordinates": [ [ -74.469771, 40.51272 ], [ -74.470186, 40.512818 ] ] } },
{ "type": "Feature", "properties": { "id": "38209484-1677", "name": "", "class": "motorway", "is_priority": true }, "geometry": { "type": "LineString", "coordinates": [ [ -74.459037, 40.511661 ], [ -74.459123, 40.510592 ], [ -74.459131, 40.510242 ] ] } },
{ "type": "Feature", "properties": { "id": "38209487-1678", "name": "", "class": "motorway", "is_priority": true }, "geometry": { "type": "LineString", "coordinates": [ [ -74.458881, 40.511479 ], [ -74.458796, 40.512249 ] ] } },
{ "type": "Feature", "properties": { "id": "38209488-1679", "name": "", "class": "motorway", "is_priority": true }, "geometry": { "type": "LineString", "coordinates": [ [ -74.454486, 40.517187 ], [ -74.455106, 40.516791 ] ] } },
{ "type": "Feature", "properties": { "id": "38209489-1680", "name": "", "class": "motorway", "is_priority": true }, "geometry": { "type": "LineString", "coordinates": [ [ -74.455106, 40.516791 ], [ -74.455437, 40.516566 ], [ -74.456142, 40.516123 ] ] } },
{ "type": "Feature", "properties": { "id": "38209490-1681", "name": "", "class": "motorway", "is_priority": true }, "geometry": { "type": "LineString", "coordinates": [ [ -74.454993, 40.516686 ], [ -74.454354, 40.517083 ] ] } },
{ "type": "Feature", "properties": { "id": "38209491-1682", "name": "", "class": "motorway", "is_priority": true }, "geometry": { "type": "LineString", "coordinates": [ [ -74.454354, 40.517083 ], [ -74.454298, 40.517118 ] ] } },
{ "type": "Feature", "properties": { "id": "38209503-1683", "name": "", "class": "motorway_link", "is_priority": false }, "geometry": { "type": "LineString", "coordinates": [ [ -74.457455, 40.512608 ], [ -74.457446, 40.512049 ] ] } },
{ "type": "Feature", "properties": { "id": "38241025-1684", "name": "", "class": "trunk", "is_priority": true }, "geometry": { "type": "LineString", "coordinates": [ [ -74.436299, 40.467955 ], [ -74.435749, 40.468221 ], [ -74.435283, 40.468481 ] ] } },
{ "type": "Feature", "properties": { "id": "38241029-1685", "name": "College Farm Road West", "class": "unclassified", "is_priority": false }, "geometry": { "type": "LineString", "coordinates": [ [ -74.44525, 40.467282 ], [ -74.445632, 40.467636 ] ] } },
{ "type": "Feature", "properties": { "id": "38606655-1686", "name": "Landing Lane", "class": "tertiary", "is_priority": false }, "geometry": { "type": "LineString", "coordinates": [ [ -74.463982, 40.508034 ], [ -74.464023, 40.507843 ] ] } },
{ "type": "Feature", "properties": { "id": "38606656-1687", "name": "Landing Lane", "class": "tertiary", "is_priority": false }, "geometry": { "type": "LineString", "coordinates": [ [ -74.464023, 40.507843 ], [ -74.464008, 40.507678 ] ] } },
{ "type": "Feature", "properties": { "id": "38606657-1688", "name": "Landing Lane", "class": "tertiary", "is_priority": false }, "geometry": { "type": "LineString", "coordinates": [ [ -74.463704, 40.509124 ], [ -74.463958, 40.508147 ] ] } },
{ "type": "Feature", "properties": { "id": "38606658-1689", "name": "Landing Lane", "class": "tertiary", "is_priority": false }, "geometry": { "type": "LineString", "coordinates": [ [ -74.463958, 40.508147 ], [ -74.463977, 40.508056 ] ] } },
{ "type": "Feature", "properties": { "id": "38606663-1690", "name": "", "class": "motorway_link", "is_priority": false }, "geometry": { "type": "LineString", "coordinates": [ [ -74.455274, 40.517386 ], [ -74.454121, 40.516285 ], [ -74.4539, 40.516112 ], [ -74.453733, 40.516034 ] ] } },
{ "type": "Feature", "properties": { "id": "38606663-1691", "name": "", "class": "motorway_link", "is_priority": false }, "geometry": { "type": "LineString", "coordinates": [ [ -74.453733, 40.516034 ], [ -74.453572, 40.515989 ], [ -74.453396, 40.515966 ], [ -74.453109, 40.515977 ], [ -74.452916, 40.51602 ], [ -74.452814, 40.51606 ], [ -74.452629, 40.516167 ], [ -74.452524, 40.516252 ], [ -74.452455, 40.516334 ], [ -74.452354, 40.516522 ], [ -74.45232, 40.516726 ], [ -74.452381, 40.516993 ] ] } },
{ "type": "Feature", "properties": { "id": "38606663-1692", "name": "", "class": "motorway_link", "is_priority": false }, "geometry": { "type": "LineString", "coordinates": [ [ -74.452381, 40.516993 ], [ -74.452558, 40.517478 ] ] } },
{ "type": "Feature", "properties": { "id": "38606665-1693", "name": "", "class": "tertiary", "is_priority": false }, "geometry": { "type": "LineString", "coordinates": [ [ -74.461065, 40.517794 ], [ -74.461083, 40.517882 ], [ -74.461174, 40.517966 ] ] } },
{ "type": "Feature", "properties": { "id": "38606666-1694", "name": "Bartholomew Road", "class": "residential", "is_priority": false }, "geometry": { "type": "LineString", "coordinates": [ [ -74.460669, 40.518106 ], [ -74.460914, 40.518 ], [ -74.461174, 40.517966 ] ] } },
{ "type": "Feature", "properties": { "id": "38606667-1695", "name": "Bartholomew Road", "class": "residential", "is_priority": false }, "geometry": { "type": "LineString", "coordinates": [ [ -74.461065, 40.517794 ], [ -74.460669, 40.518106 ] ] } },
{ "type": "Feature", "properties": { "id": "38606668-1696", "name": "Frelinghuysen Road", "class": "residential", "is_priority": false }, "geometry": { "type": "LineString", "coordinates": [ [ -74.461636, 40.517527 ], [ -74.461414, 40.517641 ] ] } },
{ "type": "Feature", "properties": { "id": "38606669-1697", "name": "Frelinghuysen Road", "class": "residential", "is_priority": false }, "geometry": { "type": "LineString", "coordinates": [ [ -74.461556, 40.51781 ], [ -74.461636, 40.517527 ] ] } },
{ "type": "Feature", "properties": { "id": "38606670-1698", "name": "Frelinghuysen Road", "class": "tertiary", "is_priority": false }, "geometry": { "type": "LineString", "coordinates": [ [ -74.461414, 40.518195 ], [ -74.46145, 40.517964 ] ] } },
{ "type": "Feature", "properties": { "id": "38606671-1699", "name": "Frelinghuysen Road", "class": "tertiary", "is_priority": false }, "geometry": { "type": "LineString", "coordinates": [ [ -74.461266, 40.517994 ], [ -74.461414, 40.518195 ] ] } },
{ "type": "Feature", "properties": { "id": "38606673-1700", "name": "", "class": "motorway", "is_priority": true }, "geometry": { "type": "LineString", "coordinates": [ [ -74.457082, 40.515305 ], [ -74.456716, 40.515594 ], [ -74.456407, 40.515809 ], [ -74.455309, 40.516491 ] ] } },
{ "type": "Feature", "properties": { "id": "38606673-1701", "name": "", "class": "motorway", "is_priority": true }, "geometry": { "type": "LineString", "coordinates": [ [ -74.455309, 40.516491 ], [ -74.45515, 40.51659 ] ] } },
{ "type": "Feature", "properties": { "id": "42676874-1702", "name": "State Route 18", "class": "trunk", "is_priority": true }, "geometry": { "type": "LineString", "coordinates": [ [ -74.40897, 40.471652 ], [ -74.409325, 40.473433 ] ] } },
{ "type": "Feature", "properties": { "id": "42676874-1703", "name": "State Route 18", "class": "trunk", "is_priority": true }, "geometry": { "type": "LineString", "coordinates": [ [ -74.409325, 40.473433 ], [ -74.409348, 40.473548 ] ] } },
{ "type": "Feature", "properties": { "id": "42676875-1704", "name": "State Route 18", "class": "trunk", "is_priority": true }, "geometry": { "type": "LineString", "coordinates": [ [ -74.409348, 40.473548 ], [ -74.409586, 40.474792 ] ] } },
{ "type": "Feature", "properties": { "id": "42676878-1705", "name": "State Route 18", "class": "trunk", "is_priority": true }, "geometry": { "type": "LineString", "coordinates": [ [ -74.409462, 40.473353 ], [ -74.409107, 40.471572 ] ] } },
{ "type": "Feature", "properties": { "id": "42676878-1706", "name": "State Route 18", "class": "trunk", "is_priority": true }, "geometry": { "type": "LineString", "coordinates": [ [ -74.409107, 40.471572 ], [ -74.40909, 40.471485 ] ] } },
{ "type": "Feature", "properties": { "id": "42676904-1707", "name": "New Jersey Turnpike", "class": "motorway", "is_priority": true }, "geometry": { "type": "LineString", "coordinates": [ [ -74.4106, 40.470224 ], [ -74.409591, 40.471852 ] ] } },
{ "type": "Feature", "properties": { "id": "42676904-1708", "name": "New Jersey Turnpike", "class": "motorway", "is_priority": true }, "geometry": { "type": "LineString", "coordinates": [ [ -74.409591, 40.471852 ], [ -74.409319, 40.472274 ], [ -74.408855, 40.472917 ] ] } },
{ "type": "Feature", "properties": { "id": "42677050-1709", "name": "", "class": "motorway_link", "is_priority": false }, "geometry": { "type": "LineString", "coordinates": [ [ -74.406314, 40.477426 ], [ -74.406282, 40.477311 ], [ -74.406263, 40.477087 ], [ -74.406312, 40.476852 ] ] } },
{ "type": "Feature", "properties": { "id": "42677051-1710", "name": "", "class": "motorway_link", "is_priority": false }, "geometry": { "type": "LineString", "coordinates": [ [ -74.406312, 40.476852 ], [ -74.406483, 40.476552 ], [ -74.407432, 40.475269 ] ] } },
{ "type": "Feature", "properties": { "id": "42677051-1711", "name": "", "class": "motorway_link", "is_priority": false }, "geometry": { "type": "LineString", "coordinates": [ [ -74.407432, 40.475269 ], [ -74.408282, 40.474119 ], [ -74.40842, 40.473818 ] ] } },
{ "type": "Feature", "properties": { "id": "42677052-1712", "name": "New Jersey Turnpike", "class": "motorway", "is_priority": true }, "geometry": { "type": "LineString", "coordinates": [ [ -74.402624, 40.480833 ], [ -74.401934, 40.481887 ], [ -74.40153, 40.482428 ] ] } },
{ "type": "Feature", "properties": { "id": "42677052-1713", "name": "New Jersey Turnpike", "class": "motorway", "is_priority": true }, "geometry": { "type": "LineString", "coordinates": [ [ -74.40153, 40.482428 ], [ -74.400778, 40.483369 ], [ -74.400279, 40.483956 ] ] } },
{ "type": "Feature", "properties": { "id": "42677052-1714", "name": "New Jersey Turnpike", "class": "motorway", "is_priority": true }, "geometry": { "type": "LineString", "coordinates": [ [ -74.400279, 40.483956 ], [ -74.399169, 40.485178 ] ] } },
{ "type": "Feature", "properties": { "id": "42677055-1715", "name": "New Jersey Turnpike", "class": "motorway", "is_priority": true }, "geometry": { "type": "LineString", "coordinates": [ [ -74.403305, 40.479737 ], [ -74.402997, 40.480233 ] ] } },
{ "type": "Feature", "properties": { "id": "42677057-1716", "name": "", "class": "motorway_link", "is_priority": false }, "geometry": { "type": "LineString", "coordinates": [ [ -74.404568, 40.477195 ], [ -74.40471, 40.477403 ], [ -74.404751, 40.477505 ], [ -74.404783, 40.477689 ] ] } },
{ "type": "Feature", "properties": { "id": "42677059-1717", "name": "", "class": "motorway_link", "is_priority": false }, "geometry": { "type": "LineString", "coordinates": [ [ -74.404783, 40.477689 ], [ -74.404748, 40.477909 ], [ -74.40466, 40.478123 ], [ -74.40386, 40.479333 ] ] } },
{ "type": "Feature", "properties": { "id": "42677059-1718", "name": "", "class": "motorway_link", "is_priority": false }, "geometry": { "type": "LineString", "coordinates": [ [ -74.40386, 40.479333 ], [ -74.403541, 40.479811 ] ] } },
{ "type": "Feature", "properties": { "id": "42677060-1719", "name": "", "class": "motorway_link", "is_priority": false }, "geometry": { "type": "LineString", "coordinates": [ [ -74.405743, 40.478405 ], [ -74.40522, 40.47845 ], [ -74.404995, 40.478452 ], [ -74.404611, 40.478428 ], [ -74.404261, 40.478376 ], [ -74.403783, 40.478258 ] ] } },
{ "type": "Feature", "properties": { "id": "42677061-1720", "name": "", "class": "motorway_link", "is_priority": false }, "geometry": { "type": "LineString", "coordinates": [ [ -74.402832, 40.477479 ], [ -74.402945, 40.477277 ], [ -74.403028, 40.477178 ], [ -74.403134, 40.477093 ], [ -74.40328, 40.477018 ], [ -74.403441, 40.476977 ], [ -74.403607, 40.47696 ], [ -74.403779, 40.476975 ], [ -74.403951, 40.477026 ], [ -74.404087, 40.477097 ], [ -74.404203, 40.477187 ], [ -74.404283, 40.477291 ], [ -74.404337, 40.477403 ], [ -74.40435, 40.477593 ] ] } },
{ "type": "Feature", "properties": { "id": "42677061-1721", "name": "", "class": "motorway_link", "is_priority": false }, "geometry": { "type": "LineString", "coordinates": [ [ -74.40435, 40.477593 ], [ -74.404308, 40.477791 ], [ -74.404228, 40.477968 ], [ -74.403475, 40.479259 ] ] } },
{ "type": "Feature", "properties": { "id": "42677061-1722", "name": "", "class": "motorway_link", "is_priority": false }, "geometry": { "type": "LineString", "coordinates": [ [ -74.403475, 40.479259 ], [ -74.403207, 40.479714 ] ] } },
{ "type": "Feature", "properties": { "id": "42677063-1723", "name": "", "class": "motorway_link", "is_priority": false }, "geometry": { "type": "LineString", "coordinates": [ [ -74.403745, 40.478321 ], [ -74.404005, 40.478397 ], [ -74.40423, 40.478444 ], [ -74.404719, 40.478511 ], [ -74.40522, 40.478525 ], [ -74.405684, 40.478489 ] ] } },
{ "type": "Feature", "properties": { "id": "42677074-1724", "name": "", "class": "motorway_link", "is_priority": false }, "geometry": { "type": "LineString", "coordinates": [ [ -74.405856, 40.476134 ], [ -74.405518, 40.476269 ], [ -74.405148, 40.476346 ] ] } },
{ "type": "Feature", "properties": { "id": "42677076-1725", "name": "", "class": "motorway_link", "is_priority": false }, "geometry": { "type": "LineString", "coordinates": [ [ -74.403644, 40.476625 ], [ -74.403286, 40.476787 ], [ -74.40306, 40.47694 ], [ -74.402854, 40.477128 ], [ -74.402746, 40.47732 ], [ -74.402717, 40.477505 ], [ -74.402727, 40.477599 ], [ -74.402792, 40.477773 ], [ -74.402918, 40.477924 ], [ -74.403066, 40.478031 ] ] } },
{ "type": "Feature", "properties": { "id": "42677076-1726", "name": "", "class": "motorway_link", "is_priority": false }, "geometry": { "type": "LineString", "coordinates": [ [ -74.403066, 40.478031 ], [ -74.403336, 40.478175 ], [ -74.403745, 40.478321 ] ] } },
{ "type": "Feature", "properties": { "id": "42677343-1727", "name": "New Jersey Turnpike", "class": "motorway", "is_priority": true }, "geometry": { "type": "LineString", "coordinates": [ [ -74.395198, 40.489135 ], [ -74.393659, 40.490501 ] ] } },
{ "type": "Feature", "properties": { "id": "42677343-1728", "name": "New Jersey Turnpike", "class": "motorway", "is_priority": true }, "geometry": { "type": "LineString", "coordinates": [ [ -74.393659, 40.490501 ], [ -74.392325, 40.491684 ] ] } },
{ "type": "Feature", "properties": { "id": "42677348-1729", "name": "New Jersey Turnpike", "class": "motorway", "is_priority": true }, "geometry": { "type": "LineString", "coordinates": [ [ -74.395339, 40.489268 ], [ -74.396872, 40.487898 ] ] } },
{ "type": "Feature", "properties": { "id": "42677348-1730", "name": "New Jersey Turnpike", "class": "motorway", "is_priority": true }, "geometry": { "type": "LineString", "coordinates": [ [ -74.396872, 40.487898 ], [ -74.397231, 40.487577 ] ] } },
{ "type": "Feature", "properties": { "id": "42677351-1731", "name": "New Jersey Turnpike", "class": "motorway", "is_priority": true }, "geometry": { "type": "LineString", "coordinates": [ [ -74.397231, 40.487577 ], [ -74.398724, 40.486181 ] ] } },
{ "type": "Feature", "properties": { "id": "42677351-1732", "name": "New Jersey Turnpike", "class": "motorway", "is_priority": true }, "geometry": { "type": "LineString", "coordinates": [ [ -74.398724, 40.486181 ], [ -74.398886, 40.48602 ] ] } },
{ "type": "Feature", "properties": { "id": "42677355-1733", "name": "New Jersey Turnpike", "class": "motorway", "is_priority": true }, "geometry": { "type": "LineString", "coordinates": [ [ -74.395512, 40.489382 ], [ -74.397044, 40.488012 ] ] } },
{ "type": "Feature", "properties": { "id": "42677355-1734", "name": "New Jersey Turnpike", "class": "motorway", "is_priority": true }, "geometry": { "type": "LineString", "coordinates": [ [ -74.397044, 40.488012 ], [ -74.397404, 40.487689 ] ] } },
{ "type": "Feature", "properties": { "id": "42677358-1735", "name": "New Jersey Turnpike", "class": "motorway", "is_priority": true }, "geometry": { "type": "LineString", "coordinates": [ [ -74.399228, 40.486051 ], [ -74.400272, 40.485062 ], [ -74.400687, 40.484635 ] ] } },
{ "type": "Feature", "properties": { "id": "42677358-1736", "name": "New Jersey Turnpike", "class": "motorway", "is_priority": true }, "geometry": { "type": "LineString", "coordinates": [ [ -74.400687, 40.484635 ], [ -74.401532, 40.483715 ], [ -74.402012, 40.483145 ] ] } },
{ "type": "Feature", "properties": { "id": "42677358-1737", "name": "New Jersey Turnpike", "class": "motorway", "is_priority": true }, "geometry": { "type": "LineString", "coordinates": [ [ -74.402012, 40.483145 ], [ -74.402362, 40.482703 ] ] } },
{ "type": "Feature", "properties": { "id": "42677360-1738", "name": "", "class": "motorway_link", "is_priority": false }, "geometry": { "type": "LineString", "coordinates": [ [ -74.403187, 40.482038 ], [ -74.40334, 40.481936 ], [ -74.403611, 40.481694 ], [ -74.404032, 40.481216 ] ] } },
{ "type": "Feature", "properties": { "id": "42677362-1739", "name": "", "class": "motorway_link", "is_priority": false }, "geometry": { "type": "LineString", "coordinates": [ [ -74.402144, 40.482644 ], [ -74.403187, 40.482038 ] ] } },
{ "type": "Feature", "properties": { "id": "42677365-1740", "name": "New Jersey Turnpike", "class": "motorway", "is_priority": true }, "geometry": { "type": "LineString", "coordinates": [ [ -74.395077, 40.488979 ], [ -74.393538, 40.490345 ] ] } },
{ "type": "Feature", "properties": { "id": "42677365-1741", "name": "New Jersey Turnpike", "class": "motorway", "is_priority": true }, "geometry": { "type": "LineString", "coordinates": [ [ -74.393538, 40.490345 ], [ -74.392047, 40.491667 ] ] } },
{ "type": "Feature", "properties": { "id": "42677373-1742", "name": "New Jersey Turnpike", "class": "motorway", "is_priority": true }, "geometry": { "type": "LineString", "coordinates": [ [ -74.396968, 40.487284 ], [ -74.395437, 40.488656 ] ] } },
{ "type": "Feature", "properties": { "id": "42677373-1743", "name": "New Jersey Turnpike", "class": "motorway", "is_priority": true }, "geometry": { "type": "LineString", "coordinates": [ [ -74.395437, 40.488656 ], [ -74.395077, 40.488979 ] ] } },
{ "type": "Feature", "properties": { "id": "42677374-1744", "name": "New Jersey Turnpike", "class": "motorway", "is_priority": true }, "geometry": { "type": "LineString", "coordinates": [ [ -74.39709, 40.48744 ], [ -74.395559, 40.488812 ] ] } },
{ "type": "Feature", "properties": { "id": "42677374-1745", "name": "New Jersey Turnpike", "class": "motorway", "is_priority": true }, "geometry": { "type": "LineString", "coordinates": [ [ -74.395559, 40.488812 ], [ -74.395198, 40.489135 ] ] } },
{ "type": "Feature", "properties": { "id": "42677375-1746", "name": "New Jersey Turnpike", "class": "motorway", "is_priority": true }, "geometry": { "type": "LineString", "coordinates": [ [ -74.403654, 40.479841 ], [ -74.403305, 40.480323 ] ] } },
{ "type": "Feature", "properties": { "id": "42677376-1747", "name": "New Jersey Turnpike", "class": "motorway", "is_priority": true }, "geometry": { "type": "LineString", "coordinates": [ [ -74.403517, 40.480384 ], [ -74.403862, 40.479904 ] ] } },
{ "type": "Feature", "properties": { "id": "42677378-1748", "name": "New Jersey Turnpike", "class": "motorway", "is_priority": true }, "geometry": { "type": "LineString", "coordinates": [ [ -74.403862, 40.479904 ], [ -74.404988, 40.47832 ] ] } },
{ "type": "Feature", "properties": { "id": "42677378-1749", "name": "New Jersey Turnpike", "class": "motorway", "is_priority": true }, "geometry": { "type": "LineString", "coordinates": [ [ -74.404988, 40.47832 ], [ -74.406116, 40.476738 ] ] } },
{ "type": "Feature", "properties": { "id": "42677378-1750", "name": "New Jersey Turnpike", "class": "motorway", "is_priority": true }, "geometry": { "type": "LineString", "coordinates": [ [ -74.406116, 40.476738 ], [ -74.406438, 40.476295 ], [ -74.407304, 40.475182 ] ] } },
{ "type": "Feature", "properties": { "id": "42677378-1751", "name": "New Jersey Turnpike", "class": "motorway", "is_priority": true }, "geometry": { "type": "LineString", "coordinates": [ [ -74.407304, 40.475182 ], [ -74.40842, 40.473818 ] ] } },
{ "type": "Feature", "properties": { "id": "42677380-1752", "name": "New Jersey Turnpike", "class": "motorway", "is_priority": true }, "geometry": { "type": "LineString", "coordinates": [ [ -74.403959, 40.480512 ], [ -74.404297, 40.480033 ] ] } },
{ "type": "Feature", "properties": { "id": "42677381-1753", "name": "New Jersey Turnpike", "class": "motorway", "is_priority": true }, "geometry": { "type": "LineString", "coordinates": [ [ -74.404297, 40.480033 ], [ -74.405433, 40.478454 ] ] } },
{ "type": "Feature", "properties": { "id": "42677381-1754", "name": "New Jersey Turnpike", "class": "motorway", "is_priority": true }, "geometry": { "type": "LineString", "coordinates": [ [ -74.405433, 40.478454 ], [ -74.406572, 40.476876 ] ] } },
{ "type": "Feature", "properties": { "id": "42677381-1755", "name": "New Jersey Turnpike", "class": "motorway", "is_priority": true }, "geometry": { "type": "LineString", "coordinates": [ [ -74.406572, 40.476876 ], [ -74.40776, 40.475319 ] ] } },
{ "type": "Feature", "properties": { "id": "42677381-1756", "name": "New Jersey Turnpike", "class": "motorway", "is_priority": true }, "geometry": { "type": "LineString", "coordinates": [ [ -74.40776, 40.475319 ], [ -74.408656, 40.474143 ], [ -74.408924, 40.473752 ] ] } },
{ "type": "Feature", "properties": { "id": "42677381-1757", "name": "New Jersey Turnpike", "class": "motorway", "is_priority": true }, "geometry": { "type": "LineString", "coordinates": [ [ -74.408924, 40.473752 ], [ -74.409458, 40.472927 ], [ -74.409934, 40.472124 ] ] } },
{ "type": "Feature", "properties": { "id": "42677381-1758", "name": "New Jersey Turnpike", "class": "motorway", "is_priority": true }, "geometry": { "type": "LineString", "coordinates": [ [ -74.409934, 40.472124 ], [ -74.410929, 40.470491 ] ] } },
{ "type": "Feature", "properties": { "id": "42677381-1759", "name": "New Jersey Turnpike", "class": "motorway", "is_priority": true }, "geometry": { "type": "LineString", "coordinates": [ [ -74.410929, 40.470491 ], [ -74.4112, 40.470051 ] ] } },
{ "type": "Feature", "properties": { "id": "42677391-1760", "name": "New Jersey Turnpike", "class": "motorway", "is_priority": true }, "geometry": { "type": "LineString", "coordinates": [ [ -74.403305, 40.480323 ], [ -74.402179, 40.481906 ] ] } },
{ "type": "Feature", "properties": { "id": "42677391-1761", "name": "New Jersey Turnpike", "class": "motorway", "is_priority": true }, "geometry": { "type": "LineString", "coordinates": [ [ -74.402179, 40.481906 ], [ -74.401725, 40.482506 ], [ -74.40097, 40.483453 ] ] } },
{ "type": "Feature", "properties": { "id": "42677391-1762", "name": "New Jersey Turnpike", "class": "motorway", "is_priority": true }, "geometry": { "type": "LineString", "coordinates": [ [ -74.40097, 40.483453 ], [ -74.400151, 40.484405 ], [ -74.399655, 40.484949 ] ] } },
{ "type": "Feature", "properties": { "id": "42677391-1763", "name": "New Jersey Turnpike", "class": "motorway", "is_priority": true }, "geometry": { "type": "LineString", "coordinates": [ [ -74.399655, 40.484949 ], [ -74.398231, 40.486386 ] ] } },
{ "type": "Feature", "properties": { "id": "42677391-1764", "name": "New Jersey Turnpike", "class": "motorway", "is_priority": true }, "geometry": { "type": "LineString", "coordinates": [ [ -74.398231, 40.486386 ], [ -74.39709, 40.48744 ] ] } },
{ "type": "Feature", "properties": { "id": "42677447-1765", "name": "Meadow Road", "class": "residential", "is_priority": false }, "geometry": { "type": "LineString", "coordinates": [ [ -74.385872, 40.494257 ], [ -74.385413, 40.49375 ], [ -74.384874, 40.492638 ] ] } },
{ "type": "Feature", "properties": { "id": "42677447-1766", "name": "Meadow Road", "class": "residential", "is_priority": false }, "geometry": { "type": "LineString", "coordinates": [ [ -74.384874, 40.492638 ], [ -74.384034, 40.490954 ] ] } },
{ "type": "Feature", "properties": { "id": "42677447-1767", "name": "Meadow Road", "class": "residential", "is_priority": false }, "geometry": { "type": "LineString", "coordinates": [ [ -74.384034, 40.490954 ], [ -74.383525, 40.489962 ], [ -74.383379, 40.48976 ], [ -74.38302, 40.489335 ] ] } },
{ "type": "Feature", "properties": { "id": "42677447-1768", "name": "Meadow Road", "class": "residential", "is_priority": false }, "geometry": { "type": "LineString", "coordinates": [ [ -74.38302, 40.489335 ], [ -74.38288, 40.48917 ] ] } },
{ "type": "Feature", "properties": { "id": "42716066-1769", "name": "State Route 18", "class": "trunk", "is_priority": true }, "geometry": { "type": "LineString", "coordinates": [ [ -74.410291, 40.477591 ], [ -74.410137, 40.477147 ], [ -74.410044, 40.476769 ] ] } },
{ "type": "Feature", "properties": { "id": "42716067-1770", "name": "State Route 18", "class": "trunk", "is_priority": true }, "geometry": { "type": "LineString", "coordinates": [ [ -74.410318, 40.478089 ], [ -74.41044, 40.478413 ] ] } },
{ "type": "Feature", "properties": { "id": "42716068-1771", "name": "State Route 18", "class": "trunk", "is_priority": true }, "geometry": { "type": "LineString", "coordinates": [ [ -74.410132, 40.477615 ], [ -74.410282, 40.477996 ] ] } },
{ "type": "Feature", "properties": { "id": "42716069-1772", "name": "", "class": "motorway_link", "is_priority": false }, "geometry": { "type": "LineString", "coordinates": [ [ -74.399228, 40.486051 ], [ -74.400775, 40.484691 ] ] } },
{ "type": "Feature", "properties": { "id": "42716069-1773", "name": "", "class": "motorway_link", "is_priority": false }, "geometry": { "type": "LineString", "coordinates": [ [ -74.400775, 40.484691 ], [ -74.401014, 40.48447 ], [ -74.402141, 40.483339 ] ] } },
{ "type": "Feature", "properties": { "id": "42716070-1774", "name": "", "class": "motorway_link", "is_priority": false }, "geometry": { "type": "LineString", "coordinates": [ [ -74.404409, 40.480765 ], [ -74.404883, 40.480176 ] ] } },
{ "type": "Feature", "properties": { "id": "42716072-1775", "name": "", "class": "trunk_link", "is_priority": false }, "geometry": { "type": "LineString", "coordinates": [ [ -74.410391, 40.475425 ], [ -74.410189, 40.475475 ], [ -74.410066, 40.475482 ], [ -74.409955, 40.475439 ], [ -74.409887, 40.475377 ] ] } },
{ "type": "Feature", "properties": { "id": "42716073-1776", "name": "State Route 18", "class": "trunk", "is_priority": true }, "geometry": { "type": "LineString", "coordinates": [ [ -74.410673, 40.478459 ], [ -74.410607, 40.47829 ] ] } },
{ "type": "Feature", "properties": { "id": "47286487-1777", "name": "Ryders Lane", "class": "secondary", "is_priority": false }, "geometry": { "type": "LineString", "coordinates": [ [ -74.427825, 40.476637 ], [ -74.427893, 40.475662 ], [ -74.427859, 40.475332 ], [ -74.427761, 40.474977 ] ] } },
{ "type": "Feature", "properties": { "id": "47286541-1778", "name": "Ryders Lane", "class": "secondary", "is_priority": false }, "geometry": { "type": "LineString", "coordinates": [ [ -74.427662, 40.474688 ], [ -74.427558, 40.474424 ] ] } },
{ "type": "Feature", "properties": { "id": "47286542-1779", "name": "Ryders Lane", "class": "secondary", "is_priority": false }, "geometry": { "type": "LineString", "coordinates": [ [ -74.427444, 40.474103 ], [ -74.427322, 40.473715 ], [ -74.42723, 40.473285 ], [ -74.427189, 40.472955 ], [ -74.427146, 40.47232 ] ] } },
{ "type": "Feature", "properties": { "id": "47286542-1780", "name": "Ryders Lane", "class": "secondary", "is_priority": false }, "geometry": { "type": "LineString", "coordinates": [ [ -74.427146, 40.47232 ], [ -74.427118, 40.471219 ] ] } },
{ "type": "Feature", "properties": { "id": "47286543-1781", "name": "Ryders Lane", "class": "secondary", "is_priority": false }, "geometry": { "type": "LineString", "coordinates": [ [ -74.427571, 40.474755 ], [ -74.427673, 40.475048 ] ] } },
{ "type": "Feature", "properties": { "id": "47286555-1782", "name": "Ryders Lane", "class": "secondary", "is_priority": false }, "geometry": { "type": "LineString", "coordinates": [ [ -74.427673, 40.475048 ], [ -74.427757, 40.475381 ], [ -74.427785, 40.475694 ] ] } },
{ "type": "Feature", "properties": { "id": "47286587-1783", "name": "Log Cabin Road", "class": "unclassified", "is_priority": false }, "geometry": { "type": "LineString", "coordinates": [ [ -74.4271, 40.47083 ], [ -74.426948, 40.470834 ] ] } },
{ "type": "Feature", "properties": { "id": "47286589-1784", "name": "Tunison Road", "class": "residential", "is_priority": false }, "geometry": { "type": "LineString", "coordinates": [ [ -74.413718, 40.485469 ], [ -74.413922, 40.485332 ], [ -74.414902, 40.484304 ], [ -74.415123, 40.484054 ] ] } },
{ "type": "Feature", "properties": { "id": "47286590-1785", "name": "Tunison Road", "class": "tertiary", "is_priority": false }, "geometry": { "type": "LineString", "coordinates": [ [ -74.415219, 40.483817 ], [ -74.415007, 40.484033 ] ] } },
{ "type": "Feature", "properties": { "id": "47286598-1786", "name": "State Route 18", "class": "trunk", "is_priority": true }, "geometry": { "type": "LineString", "coordinates": [ [ -74.412468, 40.482137 ], [ -74.412865, 40.482504 ], [ -74.413303, 40.482839 ] ] } },
{ "type": "Feature", "properties": { "id": "47286623-1787", "name": "State Route 18", "class": "trunk", "is_priority": true }, "geometry": { "type": "LineString", "coordinates": [ [ -74.412573, 40.481811 ], [ -74.41216, 40.481506 ], [ -74.41192, 40.48127 ], [ -74.411764, 40.481091 ], [ -74.411574, 40.480801 ], [ -74.411353, 40.480305 ] ] } },
{ "type": "Feature", "properties": { "id": "47286623-1788", "name": "State Route 18", "class": "trunk", "is_priority": true }, "geometry": { "type": "LineString", "coordinates": [ [ -74.411353, 40.480305 ], [ -74.411263, 40.480079 ] ] } },
{ "type": "Feature", "properties": { "id": "47286637-1789", "name": "State Route 18", "class": "trunk", "is_priority": true }, "geometry": { "type": "LineString", "coordinates": [ [ -74.41384, 40.482316 ], [ -74.4136, 40.482257 ], [ -74.413239, 40.482139 ], [ -74.412868, 40.481977 ], [ -74.412573, 40.481811 ] ] } },
{ "type": "Feature", "properties": { "id": "47286644-1790", "name": "State Route 18", "class": "trunk", "is_priority": true }, "geometry": { "type": "LineString", "coordinates": [ [ -74.41503, 40.482465 ], [ -74.41414, 40.482368 ], [ -74.41384, 40.482316 ] ] } },
{ "type": "Feature", "properties": { "id": "47286645-1791", "name": "State Route 18", "class": "trunk", "is_priority": true }, "geometry": { "type": "LineString", "coordinates": [ [ -74.41815, 40.483086 ], [ -74.417684, 40.482875 ], [ -74.417282, 40.482745 ], [ -74.416859, 40.482658 ], [ -74.416065, 40.482571 ] ] } },
{ "type": "Feature", "properties": { "id": "47286647-1792", "name": "State Route 18", "class": "trunk", "is_priority": true }, "geometry": { "type": "LineString", "coordinates": [ [ -74.417984, 40.483139 ], [ -74.418301, 40.483336 ], [ -74.418435, 40.483452 ], [ -74.418544, 40.483574 ] ] } },
{ "type": "Feature", "properties": { "id": "47286648-1793", "name": "State Route 18", "class": "trunk", "is_priority": true }, "geometry": { "type": "LineString", "coordinates": [ [ -74.419075, 40.48422 ], [ -74.419224, 40.484377 ], [ -74.419377, 40.484502 ] ] } },
{ "type": "Feature", "properties": { "id": "47286649-1794", "name": "State Route 18", "class": "trunk", "is_priority": true }, "geometry": { "type": "LineString", "coordinates": [ [ -74.418544, 40.483574 ], [ -74.419075, 40.48422 ] ] } },
{ "type": "Feature", "properties": { "id": "47286652-1795", "name": "", "class": "trunk_link", "is_priority": false }, "geometry": { "type": "LineString", "coordinates": [ [ -74.416465, 40.485457 ], [ -74.416832, 40.485199 ], [ -74.416991, 40.485113 ], [ -74.41722, 40.485022 ], [ -74.417525, 40.484944 ], [ -74.418541, 40.484784 ] ] } },
{ "type": "Feature", "properties": { "id": "47286653-1796", "name": "", "class": "trunk_link", "is_priority": false }, "geometry": { "type": "LineString", "coordinates": [ [ -74.41964, 40.484121 ], [ -74.419477, 40.483943 ], [ -74.419361, 40.48378 ], [ -74.41928, 40.48358 ], [ -74.419226, 40.483347 ], [ -74.419205, 40.483116 ], [ -74.419231, 40.482811 ], [ -74.419295, 40.482595 ], [ -74.419385, 40.482414 ] ] } },
{ "type": "Feature", "properties": { "id": "47286653-1797", "name": "", "class": "trunk_link", "is_priority": false }, "geometry": { "type": "LineString", "coordinates": [ [ -74.419385, 40.482414 ], [ -74.420316, 40.481157 ], [ -74.420489, 40.480845 ] ] } },
{ "type": "Feature", "properties": { "id": "47286654-1798", "name": "", "class": "trunk_link", "is_priority": false }, "geometry": { "type": "LineString", "coordinates": [ [ -74.419675, 40.481442 ], [ -74.419442, 40.481598 ], [ -74.419258, 40.481684 ], [ -74.41906, 40.481753 ], [ -74.418847, 40.481806 ], [ -74.418629, 40.481837 ], [ -74.417959, 40.481858 ], [ -74.417751, 40.481916 ], [ -74.417535, 40.482046 ] ] } },
{ "type": "Feature", "properties": { "id": "47286654-1799", "name": "", "class": "trunk_link", "is_priority": false }, "geometry": { "type": "LineString", "coordinates": [ [ -74.417535, 40.482046 ], [ -74.417184, 40.482308 ], [ -74.417037, 40.482385 ], [ -74.416857, 40.482454 ], [ -74.416663, 40.482501 ], [ -74.416467, 40.482526 ], [ -74.416076, 40.48251 ] ] } },
{ "type": "Feature", "properties": { "id": "47286655-1800", "name": "", "class": "trunk_link", "is_priority": false }, "geometry": { "type": "LineString", "coordinates": [ [ -74.418019, 40.482942 ], [ -74.417753, 40.482768 ], [ -74.417651, 40.482672 ], [ -74.417576, 40.482572 ], [ -74.417537, 40.48248 ], [ -74.417527, 40.482388 ], [ -74.417544, 40.482294 ], [ -74.417592, 40.482196 ], [ -74.41767, 40.482109 ], [ -74.41778, 40.482035 ], [ -74.417913, 40.481988 ], [ -74.41805, 40.481966 ], [ -74.418225, 40.481975 ], [ -74.418344, 40.482007 ], [ -74.418457, 40.482064 ], [ -74.418575, 40.482164 ] ] } },
{ "type": "Feature", "properties": { "id": "47286655-1801", "name": "", "class": "trunk_link", "is_priority": false }, "geometry": { "type": "LineString", "coordinates": [ [ -74.418575, 40.482164 ], [ -74.418648, 40.482303 ], [ -74.418663, 40.482424 ], [ -74.418647, 40.482505 ], [ -74.41857, 40.482649 ] ] } },
{ "type": "Feature", "properties": { "id": "47286664-1802", "name": "", "class": "trunk_link", "is_priority": false }, "geometry": { "type": "LineString", "coordinates": [ [ -74.417741, 40.48377 ], [ -74.417446, 40.48396 ], [ -74.417316, 40.484015 ], [ -74.417113, 40.48406 ], [ -74.41689, 40.484068 ] ] } },
{ "type": "Feature", "properties": { "id": "47286665-1803", "name": "", "class": "trunk_link", "is_priority": false }, "geometry": { "type": "LineString", "coordinates": [ [ -74.413303, 40.482839 ], [ -74.41369, 40.483144 ], [ -74.414087, 40.483364 ], [ -74.414641, 40.483616 ], [ -74.415219, 40.483817 ] ] } },
{ "type": "Feature", "properties": { "id": "47286666-1804", "name": "", "class": "trunk_link", "is_priority": false }, "geometry": { "type": "LineString", "coordinates": [ [ -74.416724, 40.484361 ], [ -74.41684, 40.484383 ], [ -74.416909, 40.484377 ], [ -74.416992, 40.484336 ], [ -74.417039, 40.484278 ], [ -74.41705, 40.484226 ], [ -74.417019, 40.48415 ], [ -74.416978, 40.484111 ], [ -74.41689, 40.484068 ] ] } },
{ "type": "Feature", "properties": { "id": "47286667-1805", "name": "", "class": "trunk_link", "is_priority": false }, "geometry": { "type": "LineString", "coordinates": [ [ -74.415743, 40.483706 ], [ -74.415627, 40.483649 ], [ -74.415554, 40.483637 ], [ -74.415486, 40.483644 ], [ -74.415374, 40.483691 ], [ -74.415219, 40.483817 ] ] } },
{ "type": "Feature", "properties": { "id": "47286669-1806", "name": "", "class": "trunk_link", "is_priority": false }, "geometry": { "type": "LineString", "coordinates": [ [ -74.41867, 40.483852 ], [ -74.418774, 40.484071 ], [ -74.418796, 40.48418 ], [ -74.418794, 40.48429 ], [ -74.418763, 40.484403 ], [ -74.418705, 40.484495 ], [ -74.418629, 40.484569 ], [ -74.418523, 40.484638 ], [ -74.418341, 40.48469 ], [ -74.418211, 40.484697 ], [ -74.418083, 40.484678 ], [ -74.41793, 40.484616 ], [ -74.417811, 40.484514 ], [ -74.417763, 40.484438 ], [ -74.417736, 40.484309 ], [ -74.41775, 40.484215 ] ] } },
{ "type": "Feature", "properties": { "id": "47286669-1807", "name": "", "class": "trunk_link", "is_priority": false }, "geometry": { "type": "LineString", "coordinates": [ [ -74.41775, 40.484215 ], [ -74.41784, 40.48407 ], [ -74.418473, 40.483342 ], [ -74.418999, 40.482689 ] ] } },
{ "type": "Feature", "properties": { "id": "47286669-1808", "name": "", "class": "trunk_link", "is_priority": false }, "geometry": { "type": "LineString", "coordinates": [ [ -74.418999, 40.482689 ], [ -74.419609, 40.481922 ] ] } },
{ "type": "Feature", "properties": { "id": "47286683-1809", "name": "", "class": "trunk_link", "is_priority": false }, "geometry": { "type": "LineString", "coordinates": [ [ -74.418541, 40.484784 ], [ -74.418859, 40.484772 ], [ -74.418965, 40.484783 ], [ -74.420069, 40.485002 ], [ -74.420844, 40.485131 ] ] } },
{ "type": "Feature", "properties": { "id": "47286683-1810", "name": "", "class": "trunk_link", "is_priority": false }, "geometry": { "type": "LineString", "coordinates": [ [ -74.420844, 40.485131 ], [ -74.420919, 40.485143 ] ] } },
{ "type": "Feature", "properties": { "id": "47286686-1811", "name": "", "class": "trunk_link", "is_priority": false }, "geometry": { "type": "LineString", "coordinates": [ [ -74.414637, 40.486499 ], [ -74.414745, 40.486437 ], [ -74.414926, 40.486386 ], [ -74.415073, 40.486398 ], [ -74.415122, 40.486424 ], [ -74.415159, 40.486457 ], [ -74.415188, 40.486553 ], [ -74.415168, 40.486652 ], [ -74.415097, 40.486789 ] ] } },
{ "type": "Feature", "properties": { "id": "47286688-1812", "name": "Donald Goodkind Bridge", "class": "trunk", "is_priority": true }, "geometry": { "type": "LineString", "coordinates": [ [ -74.413097, 40.493328 ], [ -74.413477, 40.49155 ] ] } },
{ "type": "Feature", "properties": { "id": "47286688-1813", "name": "Donald Goodkind Bridge", "class": "trunk", "is_priority": true }, "geometry": { "type": "LineString", "coordinates": [ [ -74.413477, 40.49155 ], [ -74.413848, 40.48977 ] ] } },
{ "type": "Feature", "properties": { "id": "47286688-1814", "name": "Donald Goodkind Bridge", "class": "trunk", "is_priority": true }, "geometry": { "type": "LineString", "coordinates": [ [ -74.413848, 40.48977 ], [ -74.413856, 40.48973 ] ] } },
{ "type": "Feature", "properties": { "id": "47286690-1815", "name": "Morris Goodkind Bridge", "class": "trunk", "is_priority": true }, "geometry": { "type": "LineString", "coordinates": [ [ -74.413434, 40.489731 ], [ -74.413067, 40.491511 ] ] } },
{ "type": "Feature", "properties": { "id": "47286690-1816", "name": "Morris Goodkind Bridge", "class": "trunk", "is_priority": true }, "geometry": { "type": "LineString", "coordinates": [ [ -74.413067, 40.491511 ], [ -74.412699, 40.49329 ] ] } },
{ "type": "Feature", "properties": { "id": "47286690-1817", "name": "Morris Goodkind Bridge", "class": "trunk", "is_priority": true }, "geometry": { "type": "LineString", "coordinates": [ [ -74.412699, 40.49329 ], [ -74.412685, 40.493361 ] ] } },
{ "type": "Feature", "properties": { "id": "47286692-1818", "name": "", "class": "trunk", "is_priority": true }, "geometry": { "type": "LineString", "coordinates": [ [ -74.413856, 40.48973 ], [ -74.414031, 40.489051 ], [ -74.414198, 40.488568 ], [ -74.414481, 40.487997 ] ] } },
{ "type": "Feature", "properties": { "id": "47286692-1819", "name": "", "class": "trunk", "is_priority": true }, "geometry": { "type": "LineString", "coordinates": [ [ -74.414481, 40.487997 ], [ -74.414748, 40.487533 ], [ -74.415125, 40.487015 ] ] } },
{ "type": "Feature", "properties": { "id": "47286694-1820", "name": "", "class": "trunk_link", "is_priority": false }, "geometry": { "type": "LineString", "coordinates": [ [ -74.411569, 40.496805 ], [ -74.411355, 40.496907 ], [ -74.411023, 40.49696 ] ] } },
{ "type": "Feature", "properties": { "id": "47286695-1821", "name": "", "class": "trunk_link", "is_priority": false }, "geometry": { "type": "LineString", "coordinates": [ [ -74.411023, 40.49696 ], [ -74.411135, 40.497005 ], [ -74.411161, 40.497034 ], [ -74.411194, 40.49725 ] ] } },
{ "type": "Feature", "properties": { "id": "47286696-1822", "name": "Raymond Street", "class": "residential", "is_priority": false }, "geometry": { "type": "LineString", "coordinates": [ [ -74.408524, 40.497472 ], [ -74.410334, 40.497608 ] ] } },
{ "type": "Feature", "properties": { "id": "47286705-1823", "name": "Edmund Street", "class": "residential", "is_priority": false }, "geometry": { "type": "LineString", "coordinates": [ [ -74.408527, 40.498159 ], [ -74.40915, 40.498179 ] ] } },
{ "type": "Feature", "properties": { "id": "47286707-1824", "name": "", "class": "trunk_link", "is_priority": false }, "geometry": { "type": "LineString", "coordinates": [ [ -74.410009, 40.498359 ], [ -74.41037, 40.498264 ], [ -74.410435, 40.498261 ], [ -74.410608, 40.498304 ] ] } },
{ "type": "Feature", "properties": { "id": "47286712-1825", "name": "Meeker Avenue", "class": "residential", "is_priority": false }, "geometry": { "type": "LineString", "coordinates": [ [ -74.404859, 40.499141 ], [ -74.40486, 40.49786 ], [ -74.404922, 40.497733 ], [ -74.405033, 40.497633 ], [ -74.405129, 40.497587 ], [ -74.405252, 40.497556 ], [ -74.40534, 40.497553 ] ] } },
{ "type": "Feature", "properties": { "id": "47286712-1826", "name": "Meeker Avenue", "class": "residential", "is_priority": false }, "geometry": { "type": "LineString", "coordinates": [ [ -74.40534, 40.497553 ], [ -74.405762, 40.497541 ] ] } },
{ "type": "Feature", "properties": { "id": "47286716-1827", "name": "Woodbridge Avenue", "class": "trunk_link", "is_priority": false }, "geometry": { "type": "LineString", "coordinates": [ [ -74.405264, 40.500821 ], [ -74.405403, 40.500793 ], [ -74.405661, 40.500769 ], [ -74.406309, 40.500816 ], [ -74.406415, 40.500801 ] ] } },
{ "type": "Feature", "properties": { "id": "47286718-1828", "name": "Woodbridge Avenue", "class": "tertiary", "is_priority": false }, "geometry": { "type": "LineString", "coordinates": [ [ -74.406415, 40.500801 ], [ -74.406764, 40.500819 ] ] } },
{ "type": "Feature", "properties": { "id": "47286720-1829", "name": "Woodbridge Ave Extension", "class": "secondary", "is_priority": false }, "geometry": { "type": "LineString", "coordinates": [ [ -74.406712, 40.499791 ], [ -74.407265, 40.49993 ] ] } },
{ "type": "Feature", "properties": { "id": "47286725-1830", "name": "Foyer Street", "class": "trunk_link", "is_priority": false }, "geometry": { "type": "LineString", "coordinates": [ [ -74.407546, 40.499657 ], [ -74.407955, 40.499527 ], [ -74.408101, 40.499507 ], [ -74.408968, 40.49957 ] ] } },
{ "type": "Feature", "properties": { "id": "47286727-1831", "name": "Riverview Avenue", "class": "residential", "is_priority": false }, "geometry": { "type": "LineString", "coordinates": [ [ -74.410043, 40.50033 ], [ -74.4102, 40.498964 ] ] } },
{ "type": "Feature", "properties": { "id": "47286730-1832", "name": "", "class": "secondary_link", "is_priority": false }, "geometry": { "type": "LineString", "coordinates": [ [ -74.40834, 40.500693 ], [ -74.408332, 40.50093 ] ] } },
{ "type": "Feature", "properties": { "id": "47286732-1833", "name": "Woodbridge Ave Extension", "class": "secondary", "is_priority": false }, "geometry": { "type": "LineString", "coordinates": [ [ -74.407374, 40.499866 ], [ -74.406817, 40.499732 ] ] } },
{ "type": "Feature", "properties": { "id": "47286747-1834", "name": "Woodbridge Avenue Extension", "class": "secondary", "is_priority": false }, "geometry": { "type": "LineString", "coordinates": [ [ -74.407265, 40.49993 ], [ -74.407685, 40.50003 ], [ -74.407938, 40.500113 ] ] } },
{ "type": "Feature", "properties": { "id": "47286761-1835", "name": "Woodbridge Avenue", "class": "secondary", "is_priority": false }, "geometry": { "type": "LineString", "coordinates": [ [ -74.410932, 40.501116 ], [ -74.41065, 40.501041 ], [ -74.410107, 40.500993 ] ] } },
{ "type": "Feature", "properties": { "id": "47286763-1836", "name": "Woodbridge Ave Extension", "class": "secondary", "is_priority": false }, "geometry": { "type": "LineString", "coordinates": [ [ -74.406569, 40.499668 ], [ -74.405583, 40.499437 ], [ -74.405132, 40.499367 ], [ -74.404487, 40.499345 ] ] } },
{ "type": "Feature", "properties": { "id": "47286765-1837", "name": "Morse Avenue", "class": "residential", "is_priority": false }, "geometry": { "type": "LineString", "coordinates": [ [ -74.402032, 40.499728 ], [ -74.401646, 40.499751 ] ] } },
{ "type": "Feature", "properties": { "id": "47286766-1838", "name": "Woodbridge Ave Extension", "class": "secondary", "is_priority": false }, "geometry": { "type": "LineString", "coordinates": [ [ -74.401759, 40.499862 ], [ -74.402139, 40.499787 ], [ -74.402708, 40.499604 ], [ -74.403099, 40.499526 ], [ -74.403389, 40.499482 ], [ -74.404034, 40.499416 ] ] } },
{ "type": "Feature", "properties": { "id": "47286766-1839", "name": "Woodbridge Ave Extension", "class": "secondary", "is_priority": false }, "geometry": { "type": "LineString", "coordinates": [ [ -74.404034, 40.499416 ], [ -74.404478, 40.499412 ], [ -74.404891, 40.499428 ], [ -74.405293, 40.499473 ], [ -74.405653, 40.499526 ], [ -74.406346, 40.499699 ] ] } },
{ "type": "Feature", "properties": { "id": "47286766-1840", "name": "Woodbridge Ave Extension", "class": "secondary", "is_priority": false }, "geometry": { "type": "LineString", "coordinates": [ [ -74.406346, 40.499699 ], [ -74.406712, 40.499791 ] ] } },
{ "type": "Feature", "properties": { "id": "47286767-1841", "name": "", "class": "trunk_link", "is_priority": false }, "geometry": { "type": "LineString", "coordinates": [ [ -74.408852, 40.499214 ], [ -74.408865, 40.499103 ], [ -74.408903, 40.499037 ], [ -74.409023, 40.498915 ], [ -74.409202, 40.498779 ] ] } },
{ "type": "Feature", "properties": { "id": "47286769-1842", "name": "", "class": "trunk_link", "is_priority": false }, "geometry": { "type": "LineString", "coordinates": [ [ -74.410218, 40.498009 ], [ -74.409837, 40.49818 ], [ -74.409655, 40.498213 ], [ -74.409477, 40.498217 ], [ -74.40915, 40.498179 ] ] } },
{ "type": "Feature", "properties": { "id": "47286770-1843", "name": "Woodbridge Ave Extension", "class": "secondary", "is_priority": false }, "geometry": { "type": "LineString", "coordinates": [ [ -74.399895, 40.500399 ], [ -74.400326, 40.500326 ], [ -74.401759, 40.499862 ] ] } },
{ "type": "Feature", "properties": { "id": "47286771-1844", "name": "Woodbridge Avenue", "class": "tertiary", "is_priority": false }, "geometry": { "type": "LineString", "coordinates": [ [ -74.399895, 40.500399 ], [ -74.400552, 40.500418 ] ] } },
{ "type": "Feature", "properties": { "id": "47286773-1845", "name": "Woodbridge Avenue", "class": "tertiary", "is_priority": false }, "geometry": { "type": "LineString", "coordinates": [ [ -74.400552, 40.500418 ], [ -74.401108, 40.500441 ], [ -74.402905, 40.500553 ] ] } },
{ "type": "Feature", "properties": { "id": "47286773-1846", "name": "Woodbridge Avenue", "class": "tertiary", "is_priority": false }, "geometry": { "type": "LineString", "coordinates": [ [ -74.402905, 40.500553 ], [ -74.404387, 40.500651 ] ] } },
{ "type": "Feature", "properties": { "id": "47286774-1847", "name": "", "class": "tertiary_link", "is_priority": false }, "geometry": { "type": "LineString", "coordinates": [ [ -74.404387, 40.500651 ], [ -74.404564, 40.500701 ], [ -74.40465, 40.500754 ] ] } },
{ "type": "Feature", "properties": { "id": "47286775-1848", "name": "Woodbridge Avenue", "class": "tertiary", "is_priority": false }, "geometry": { "type": "LineString", "coordinates": [ [ -74.40487, 40.500634 ], [ -74.404387, 40.500651 ] ] } },
{ "type": "Feature", "properties": { "id": "47286776-1849", "name": "", "class": "trunk_link", "is_priority": false }, "geometry": { "type": "LineString", "coordinates": [ [ -74.405615, 40.500497 ], [ -74.405245, 40.50059 ], [ -74.40487, 40.500634 ] ] } },
{ "type": "Feature", "properties": { "id": "47286777-1850", "name": "", "class": "trunk_link", "is_priority": false }, "geometry": { "type": "LineString", "coordinates": [ [ -74.40465, 40.500754 ], [ -74.404664, 40.500932 ], [ -74.404593, 40.501037 ] ] } },
{ "type": "Feature", "properties": { "id": "47286778-1851", "name": "Crosby Avenue", "class": "residential", "is_priority": false }, "geometry": { "type": "LineString", "coordinates": [ [ -74.406415, 40.500801 ], [ -74.40641, 40.500876 ], [ -74.406579, 40.502219 ] ] } },
{ "type": "Feature", "properties": { "id": "47287233-1852", "name": "", "class": "trunk", "is_priority": true }, "geometry": { "type": "LineString", "coordinates": [ [ -74.410218, 40.498009 ], [ -74.409903, 40.498202 ], [ -74.40929, 40.498535 ] ] } },
{ "type": "Feature", "properties": { "id": "51252768-1853", "name": "George Street", "class": "secondary", "is_priority": false }, "geometry": { "type": "LineString", "coordinates": [ [ -74.432596, 40.484167 ], [ -74.432624, 40.484567 ] ] } },
{ "type": "Feature", "properties": { "id": "51252769-1854", "name": "", "class": "secondary_link", "is_priority": false }, "geometry": { "type": "LineString", "coordinates": [ [ -74.432716, 40.484546 ], [ -74.432805, 40.484271 ], [ -74.432905, 40.484139 ], [ -74.433088, 40.484045 ], [ -74.433361, 40.483977 ] ] } },
{ "type": "Feature", "properties": { "id": "51252771-1855", "name": "", "class": "secondary", "is_priority": false }, "geometry": { "type": "LineString", "coordinates": [ [ -74.432596, 40.484167 ], [ -74.432654, 40.484198 ], [ -74.432721, 40.4842 ], [ -74.432803, 40.484155 ], [ -74.432815, 40.484077 ], [ -74.432788, 40.484041 ], [ -74.432733, 40.484012 ] ] } },
{ "type": "Feature", "properties": { "id": "51252772-1856", "name": "", "class": "secondary_link", "is_priority": false }, "geometry": { "type": "LineString", "coordinates": [ [ -74.432624, 40.484567 ], [ -74.432572, 40.484747 ], [ -74.432504, 40.484848 ], [ -74.43217, 40.485099 ] ] } },
{ "type": "Feature", "properties": { "id": "51252773-1857", "name": "", "class": "secondary_link", "is_priority": false }, "geometry": { "type": "LineString", "coordinates": [ [ -74.433149, 40.485408 ], [ -74.433288, 40.485309 ], [ -74.433542, 40.485273 ] ] } },
{ "type": "Feature", "properties": { "id": "51252774-1858", "name": "", "class": "motorway_link", "is_priority": false }, "geometry": { "type": "LineString", "coordinates": [ [ -74.432811, 40.486074 ], [ -74.432637, 40.486305 ], [ -74.432518, 40.48642 ], [ -74.432337, 40.48653 ], [ -74.432125, 40.4866 ], [ -74.431976, 40.486619 ], [ -74.431781, 40.486612 ], [ -74.430791, 40.486465 ] ] } },
{ "type": "Feature", "properties": { "id": "51252774-1859", "name": "", "class": "motorway_link", "is_priority": false }, "geometry": { "type": "LineString", "coordinates": [ [ -74.430791, 40.486465 ], [ -74.42952, 40.486279 ], [ -74.428877, 40.486171 ], [ -74.428472, 40.486145 ] ] } },
{ "type": "Feature", "properties": { "id": "51252774-1860", "name": "", "class": "motorway_link", "is_priority": false }, "geometry": { "type": "LineString", "coordinates": [ [ -74.428472, 40.486145 ], [ -74.428312, 40.486135 ] ] } },
{ "type": "Feature", "properties": { "id": "51252775-1861", "name": "George Street", "class": "tertiary", "is_priority": false }, "geometry": { "type": "LineString", "coordinates": [ [ -74.434856, 40.484113 ], [ -74.434821, 40.484055 ], [ -74.434586, 40.48391 ], [ -74.434289, 40.48385 ], [ -74.434195, 40.483843 ], [ -74.433884, 40.483858 ], [ -74.433025, 40.483934 ], [ -74.432733, 40.484012 ] ] } },
{ "type": "Feature", "properties": { "id": "51252776-1862", "name": "George Street", "class": "tertiary", "is_priority": false }, "geometry": { "type": "LineString", "coordinates": [ [ -74.432819, 40.484117 ], [ -74.432908, 40.484046 ], [ -74.433022, 40.484 ], [ -74.43325, 40.483975 ], [ -74.433361, 40.483977 ] ] } },
{ "type": "Feature", "properties": { "id": "51252780-1863", "name": "", "class": "secondary", "is_priority": false }, "geometry": { "type": "LineString", "coordinates": [ [ -74.432601, 40.486818 ], [ -74.432724, 40.486435 ], [ -74.432811, 40.486074 ] ] } },
{ "type": "Feature", "properties": { "id": "51252781-1864", "name": "", "class": "secondary_link", "is_priority": false }, "geometry": { "type": "LineString", "coordinates": [ [ -74.432853, 40.485892 ], [ -74.433149, 40.485408 ], [ -74.433175, 40.485297 ], [ -74.433132, 40.485208 ] ] } },
{ "type": "Feature", "properties": { "id": "51252782-1865", "name": "", "class": "trunk_link", "is_priority": false }, "geometry": { "type": "LineString", "coordinates": [ [ -74.4113, 40.48196 ], [ -74.411589, 40.481912 ], [ -74.411845, 40.481845 ], [ -74.411924, 40.481839 ], [ -74.41208, 40.481879 ], [ -74.412348, 40.482017 ] ] } },
{ "type": "Feature", "properties": { "id": "51252783-1866", "name": "", "class": "trunk_link", "is_priority": false }, "geometry": { "type": "LineString", "coordinates": [ [ -74.411374, 40.482242 ], [ -74.411468, 40.482034 ], [ -74.411589, 40.481912 ] ] } },
{ "type": "Feature", "properties": { "id": "51252784-1867", "name": "", "class": "motorway_link", "is_priority": false }, "geometry": { "type": "LineString", "coordinates": [ [ -74.411573, 40.481841 ], [ -74.411473, 40.481825 ], [ -74.411406, 40.481796 ], [ -74.41122, 40.481659 ] ] } },
{ "type": "Feature", "properties": { "id": "51252785-1868", "name": "", "class": "trunk_link", "is_priority": false }, "geometry": { "type": "LineString", "coordinates": [ [ -74.410318, 40.478089 ], [ -74.410296, 40.478357 ], [ -74.410262, 40.47843 ] ] } },
{ "type": "Feature", "properties": { "id": "51252787-1869", "name": "", "class": "motorway_link", "is_priority": false }, "geometry": { "type": "LineString", "coordinates": [ [ -74.411183, 40.480632 ], [ -74.411282, 40.480902 ], [ -74.411353, 40.48104 ], [ -74.411765, 40.481615 ], [ -74.411769, 40.481696 ], [ -74.411742, 40.481752 ], [ -74.411659, 40.481812 ], [ -74.411573, 40.481841 ] ] } },
{ "type": "Feature", "properties": { "id": "51252791-1870", "name": "Naricon Place", "class": "tertiary", "is_priority": false }, "geometry": { "type": "LineString", "coordinates": [ [ -74.411367, 40.478307 ], [ -74.410902, 40.478378 ], [ -74.410673, 40.478459 ] ] } },
{ "type": "Feature", "properties": { "id": "51252792-1871", "name": "Naricon Place", "class": "residential", "is_priority": false }, "geometry": { "type": "LineString", "coordinates": [ [ -74.412824, 40.478147 ], [ -74.411518, 40.478234 ], [ -74.411367, 40.478307 ] ] } },
{ "type": "Feature", "properties": { "id": "51252794-1872", "name": "Naricon Place", "class": "tertiary", "is_priority": false }, "geometry": { "type": "LineString", "coordinates": [ [ -74.410369, 40.478612 ], [ -74.410496, 40.478548 ] ] } },
{ "type": "Feature", "properties": { "id": "51252913-1873", "name": "", "class": "secondary_link", "is_priority": false }, "geometry": { "type": "LineString", "coordinates": [ [ -74.481596, 40.459193 ], [ -74.481693, 40.459343 ], [ -74.481728, 40.459492 ], [ -74.481716, 40.459591 ], [ -74.481588, 40.459879 ] ] } },
{ "type": "Feature", "properties": { "id": "51252916-1874", "name": "", "class": "secondary_link", "is_priority": false }, "geometry": { "type": "LineString", "coordinates": [ [ -74.482408, 40.459117 ], [ -74.48221, 40.459187 ], [ -74.481983, 40.459201 ], [ -74.481796, 40.459156 ], [ -74.481557, 40.459038 ] ] } },
{ "type": "Feature", "properties": { "id": "51252963-1875", "name": "", "class": "motorway_link", "is_priority": false }, "geometry": { "type": "LineString", "coordinates": [ [ -74.454189, 40.506289 ], [ -74.453527, 40.506273 ] ] } },
{ "type": "Feature", "properties": { "id": "51252964-1876", "name": "", "class": "motorway_link", "is_priority": false }, "geometry": { "type": "LineString", "coordinates": [ [ -74.453527, 40.506273 ], [ -74.452742, 40.506236 ], [ -74.452177, 40.506135 ], [ -74.451739, 40.506032 ] ] } },
{ "type": "Feature", "properties": { "id": "51252976-1877", "name": "", "class": "motorway_link", "is_priority": false }, "geometry": { "type": "LineString", "coordinates": [ [ -74.457455, 40.512608 ], [ -74.457572, 40.512387 ], [ -74.457841, 40.512189 ], [ -74.458117, 40.512084 ], [ -74.458435, 40.512034 ] ] } },
{ "type": "Feature", "properties": { "id": "51252978-1878", "name": "", "class": "motorway_link", "is_priority": false }, "geometry": { "type": "LineString", "coordinates": [ [ -74.458667, 40.513785 ], [ -74.459217, 40.513008 ], [ -74.459357, 40.51257 ], [ -74.459374, 40.512319 ] ] } },
{ "type": "Feature", "properties": { "id": "55857753-1879", "name": "How Lane", "class": "secondary", "is_priority": false }, "geometry": { "type": "LineString", "coordinates": [ [ -74.47716, 40.467133 ], [ -74.477558, 40.467372 ] ] } },
{ "type": "Feature", "properties": { "id": "55857759-1880", "name": "How Lane", "class": "secondary", "is_priority": false }, "geometry": { "type": "LineString", "coordinates": [ [ -74.478689, 40.468033 ], [ -74.478978, 40.468205 ] ] } },
{ "type": "Feature", "properties": { "id": "55858548-1881", "name": "French Street", "class": "secondary", "is_priority": false }, "geometry": { "type": "LineString", "coordinates": [ [ -74.459538, 40.48993 ], [ -74.459727, 40.489847 ], [ -74.460088, 40.489739 ], [ -74.460285, 40.489703 ], [ -74.461815, 40.489507 ] ] } },
{ "type": "Feature", "properties": { "id": "55858548-1882", "name": "French Street", "class": "secondary", "is_priority": false }, "geometry": { "type": "LineString", "coordinates": [ [ -74.461815, 40.489507 ], [ -74.462017, 40.489482 ] ] } },
{ "type": "Feature", "properties": { "id": "55859633-1883", "name": "Albany Street", "class": "secondary", "is_priority": false }, "geometry": { "type": "LineString", "coordinates": [ [ -74.445561, 40.49648 ], [ -74.44428, 40.496659 ] ] } },
{ "type": "Feature", "properties": { "id": "55860971-1884", "name": "Albany Street", "class": "secondary", "is_priority": false }, "geometry": { "type": "LineString", "coordinates": [ [ -74.444307, 40.496759 ], [ -74.444914, 40.496677 ] ] } },
{ "type": "Feature", "properties": { "id": "55862454-1885", "name": "Raritan Avenue", "class": "secondary", "is_priority": false }, "geometry": { "type": "LineString", "coordinates": [ [ -74.436361, 40.497738 ], [ -74.434698, 40.497948 ] ] } },
{ "type": "Feature", "properties": { "id": "55864128-1886", "name": "River Road", "class": "tertiary", "is_priority": false }, "geometry": { "type": "LineString", "coordinates": [ [ -74.439768, 40.503785 ], [ -74.44019, 40.504637 ], [ -74.440632, 40.505461 ] ] } },
{ "type": "Feature", "properties": { "id": "55864128-1887", "name": "River Road", "class": "tertiary", "is_priority": false }, "geometry": { "type": "LineString", "coordinates": [ [ -74.440632, 40.505461 ], [ -74.440765, 40.505708 ], [ -74.441298, 40.506445 ], [ -74.441697, 40.506925 ], [ -74.441804, 40.507019 ] ] } },
{ "type": "Feature", "properties": { "id": "55864128-1888", "name": "River Road", "class": "tertiary", "is_priority": false }, "geometry": { "type": "LineString", "coordinates": [ [ -74.441804, 40.507019 ], [ -74.442106, 40.507249 ], [ -74.442713, 40.507653 ], [ -74.443607, 40.508178 ] ] } },
{ "type": "Feature", "properties": { "id": "55864128-1889", "name": "River Road", "class": "tertiary", "is_priority": false }, "geometry": { "type": "LineString", "coordinates": [ [ -74.443607, 40.508178 ], [ -74.444377, 40.508637 ], [ -74.445122, 40.509176 ], [ -74.445397, 40.50935 ] ] } },
{ "type": "Feature", "properties": { "id": "55864128-1890", "name": "River Road", "class": "tertiary", "is_priority": false }, "geometry": { "type": "LineString", "coordinates": [ [ -74.445397, 40.50935 ], [ -74.445748, 40.509509 ], [ -74.44595, 40.509582 ], [ -74.447607, 40.509956 ] ] } },
{ "type": "Feature", "properties": { "id": "55864128-1891", "name": "River Road", "class": "tertiary", "is_priority": false }, "geometry": { "type": "LineString", "coordinates": [ [ -74.447607, 40.509956 ], [ -74.447889, 40.510034 ], [ -74.449764, 40.510687 ] ] } },
{ "type": "Feature", "properties": { "id": "55864128-1892", "name": "River Road", "class": "tertiary", "is_priority": false }, "geometry": { "type": "LineString", "coordinates": [ [ -74.449764, 40.510687 ], [ -74.450863, 40.511081 ], [ -74.451203, 40.511225 ], [ -74.451838, 40.51154 ] ] } },
{ "type": "Feature", "properties": { "id": "55864128-1893", "name": "River Road", "class": "tertiary", "is_priority": false }, "geometry": { "type": "LineString", "coordinates": [ [ -74.451838, 40.51154 ], [ -74.452037, 40.511638 ], [ -74.452315, 40.511725 ], [ -74.45263, 40.511786 ], [ -74.45405, 40.511961 ] ] } },
{ "type": "Feature", "properties": { "id": "55864162-1894", "name": "River Road", "class": "tertiary", "is_priority": false }, "geometry": { "type": "LineString", "coordinates": [ [ -74.439664, 40.503545 ], [ -74.43973, 40.503414 ], [ -74.439766, 40.503183 ], [ -74.439748, 40.502879 ], [ -74.439653, 40.502693 ], [ -74.439447, 40.502542 ] ] } },
{ "type": "Feature", "properties": { "id": "55867056-1895", "name": "Woodbridge Avenue", "class": "tertiary", "is_priority": false }, "geometry": { "type": "LineString", "coordinates": [ [ -74.40923, 40.500993 ], [ -74.410057, 40.501068 ] ] } },
{ "type": "Feature", "properties": { "id": "55867066-1896", "name": "", "class": "secondary_link", "is_priority": false }, "geometry": { "type": "LineString", "coordinates": [ [ -74.410107, 40.500993 ], [ -74.409916, 40.500996 ], [ -74.409608, 40.500915 ], [ -74.409483, 40.500909 ] ] } },
{ "type": "Feature", "properties": { "id": "56082199-1897", "name": "Campus Road", "class": "tertiary", "is_priority": false }, "geometry": { "type": "LineString", "coordinates": [ [ -74.461348, 40.517626 ], [ -74.461236, 40.517566 ], [ -74.461027, 40.517395 ] ] } },
{ "type": "Feature", "properties": { "id": "56082200-1898", "name": "", "class": "motorway_link", "is_priority": false }, "geometry": { "type": "LineString", "coordinates": [ [ -74.456408, 40.517659 ], [ -74.456103, 40.517644 ], [ -74.455857, 40.517604 ], [ -74.455547, 40.517509 ], [ -74.455274, 40.517386 ] ] } },
{ "type": "Feature", "properties": { "id": "56082201-1899", "name": "Campus Road", "class": "tertiary", "is_priority": false }, "geometry": { "type": "LineString", "coordinates": [ [ -74.459356, 40.516465 ], [ -74.459627, 40.516493 ], [ -74.459808, 40.516532 ], [ -74.459976, 40.516587 ], [ -74.460265, 40.516726 ], [ -74.460541, 40.516906 ] ] } },
{ "type": "Feature", "properties": { "id": "56082203-1900", "name": "Campus Road", "class": "tertiary", "is_priority": false }, "geometry": { "type": "LineString", "coordinates": [ [ -74.461027, 40.517395 ], [ -74.461107, 40.51755 ], [ -74.461131, 40.517683 ] ] } },
{ "type": "Feature", "properties": { "id": "56082213-1901", "name": "Easton Avenue", "class": "tertiary", "is_priority": false }, "geometry": { "type": "LineString", "coordinates": [ [ -74.467631, 40.505161 ], [ -74.468083, 40.505338 ] ] } },
{ "type": "Feature", "properties": { "id": "56082222-1902", "name": "Landing Lane", "class": "tertiary", "is_priority": false }, "geometry": { "type": "LineString", "coordinates": [ [ -74.466946, 40.504891 ], [ -74.466616, 40.505432 ], [ -74.46615, 40.5058 ], [ -74.466106, 40.505878 ] ] } },
{ "type": "Feature", "properties": { "id": "56082226-1903", "name": "", "class": "motorway_link", "is_priority": false }, "geometry": { "type": "LineString", "coordinates": [ [ -74.459187, 40.510242 ], [ -74.459123, 40.509808 ] ] } },
{ "type": "Feature", "properties": { "id": "56082227-1904", "name": "", "class": "motorway_link", "is_priority": false }, "geometry": { "type": "LineString", "coordinates": [ [ -74.452815, 40.506635 ], [ -74.454058, 40.506727 ], [ -74.45516, 40.506835 ] ] } },
{ "type": "Feature", "properties": { "id": "56082227-1905", "name": "", "class": "motorway_link", "is_priority": false }, "geometry": { "type": "LineString", "coordinates": [ [ -74.45516, 40.506835 ], [ -74.456123, 40.506966 ] ] } },
{ "type": "Feature", "properties": { "id": "56082230-1906", "name": "", "class": "motorway_link", "is_priority": false }, "geometry": { "type": "LineString", "coordinates": [ [ -74.451854, 40.505774 ], [ -74.451802, 40.506091 ], [ -74.451839, 40.506277 ], [ -74.451876, 40.506346 ], [ -74.451958, 40.506439 ], [ -74.452043, 40.506501 ], [ -74.452166, 40.506548 ] ] } },
{ "type": "Feature", "properties": { "id": "56082231-1907", "name": "", "class": "motorway_link", "is_priority": false }, "geometry": { "type": "LineString", "coordinates": [ [ -74.44659, 40.503655 ], [ -74.446833, 40.503673 ], [ -74.44747, 40.503613 ] ] } },
{ "type": "Feature", "properties": { "id": "56082234-1908", "name": "", "class": "motorway_link", "is_priority": false }, "geometry": { "type": "LineString", "coordinates": [ [ -74.450096, 40.50565 ], [ -74.450942, 40.5061 ], [ -74.451733, 40.506485 ], [ -74.452085, 40.506615 ] ] } },
{ "type": "Feature", "properties": { "id": "56082234-1909", "name": "", "class": "motorway_link", "is_priority": false }, "geometry": { "type": "LineString", "coordinates": [ [ -74.452085, 40.506615 ], [ -74.452401, 40.506694 ], [ -74.452594, 40.506721 ], [ -74.454412, 40.506892 ] ] } },
{ "type": "Feature", "properties": { "id": "56082234-1910", "name": "", "class": "motorway_link", "is_priority": false }, "geometry": { "type": "LineString", "coordinates": [ [ -74.454412, 40.506892 ], [ -74.455051, 40.506946 ] ] } },
{ "type": "Feature", "properties": { "id": "56082236-1911", "name": "New Street", "class": "residential", "is_priority": false }, "geometry": { "type": "LineString", "coordinates": [ [ -74.444968, 40.492453 ], [ -74.446264, 40.492631 ] ] } },
{ "type": "Feature", "properties": { "id": "56082237-1912", "name": "", "class": "motorway_link", "is_priority": false }, "geometry": { "type": "LineString", "coordinates": [ [ -74.436222, 40.488458 ], [ -74.435794, 40.48817 ], [ -74.435334, 40.487912 ], [ -74.43482, 40.48767 ], [ -74.43428, 40.487446 ] ] } },
{ "type": "Feature", "properties": { "id": "56082237-1913", "name": "", "class": "motorway_link", "is_priority": false }, "geometry": { "type": "LineString", "coordinates": [ [ -74.43428, 40.487446 ], [ -74.433944, 40.487319 ], [ -74.43351, 40.487202 ] ] } },
{ "type": "Feature", "properties": { "id": "56082238-1914", "name": "Route 18 Service Road", "class": "secondary", "is_priority": false }, "geometry": { "type": "LineString", "coordinates": [ [ -74.434973, 40.488124 ], [ -74.435389, 40.488366 ], [ -74.43577, 40.488616 ], [ -74.436124, 40.488884 ], [ -74.436432, 40.489142 ] ] } },
{ "type": "Feature", "properties": { "id": "56082239-1915", "name": "George Street", "class": "tertiary", "is_priority": false }, "geometry": { "type": "LineString", "coordinates": [ [ -74.44428, 40.496659 ], [ -74.444307, 40.496759 ] ] } },
{ "type": "Feature", "properties": { "id": "56082240-1916", "name": "", "class": "motorway_link", "is_priority": false }, "geometry": { "type": "LineString", "coordinates": [ [ -74.441248, 40.498297 ], [ -74.440749, 40.498291 ], [ -74.440654, 40.498278 ], [ -74.440563, 40.498244 ], [ -74.440488, 40.498189 ], [ -74.440433, 40.498121 ], [ -74.440252, 40.497755 ] ] } },
{ "type": "Feature", "properties": { "id": "56082241-1917", "name": "", "class": "motorway_link", "is_priority": false }, "geometry": { "type": "LineString", "coordinates": [ [ -74.439842, 40.496133 ], [ -74.439785, 40.495708 ], [ -74.439588, 40.494982 ], [ -74.439456, 40.494358 ] ] } },
{ "type": "Feature", "properties": { "id": "56082241-1918", "name": "", "class": "motorway_link", "is_priority": false }, "geometry": { "type": "LineString", "coordinates": [ [ -74.439456, 40.494358 ], [ -74.439445, 40.494296 ] ] } },
{ "type": "Feature", "properties": { "id": "56082242-1919", "name": "Memorial Parkway", "class": "motorway", "is_priority": true }, "geometry": { "type": "LineString", "coordinates": [ [ -74.440055, 40.496959 ], [ -74.439842, 40.496133 ] ] } },
{ "type": "Feature", "properties": { "id": "56082243-1920", "name": "State Route 18", "class": "trunk", "is_priority": true }, "geometry": { "type": "LineString", "coordinates": [ [ -74.428312, 40.486135 ], [ -74.426237, 40.485757 ] ] } },
{ "type": "Feature", "properties": { "id": "56082244-1921", "name": "Memorial Parkway", "class": "motorway", "is_priority": true }, "geometry": { "type": "LineString", "coordinates": [ [ -74.427754, 40.486168 ], [ -74.428429, 40.486272 ], [ -74.430055, 40.486567 ] ] } },
{ "type": "Feature", "properties": { "id": "56082244-1922", "name": "Memorial Parkway", "class": "motorway", "is_priority": true }, "geometry": { "type": "LineString", "coordinates": [ [ -74.430055, 40.486567 ], [ -74.431544, 40.486819 ], [ -74.432349, 40.486988 ] ] } },
{ "type": "Feature", "properties": { "id": "56082244-1923", "name": "Memorial Parkway", "class": "motorway", "is_priority": true }, "geometry": { "type": "LineString", "coordinates": [ [ -74.432349, 40.486988 ], [ -74.432833, 40.487113 ], [ -74.433456, 40.487302 ], [ -74.433865, 40.487442 ], [ -74.434509, 40.487703 ] ] } },
{ "type": "Feature", "properties": { "id": "56082244-1924", "name": "Memorial Parkway", "class": "motorway", "is_priority": true }, "geometry": { "type": "LineString", "coordinates": [ [ -74.434509, 40.487703 ], [ -74.434992, 40.487941 ], [ -74.435443, 40.488195 ], [ -74.435888, 40.488487 ], [ -74.436341, 40.48883 ] ] } },
{ "type": "Feature", "properties": { "id": "56082244-1925", "name": "Memorial Parkway", "class": "motorway", "is_priority": true }, "geometry": { "type": "LineString", "coordinates": [ [ -74.436341, 40.48883 ], [ -74.436613, 40.489059 ], [ -74.437044, 40.48949 ], [ -74.437461, 40.489988 ], [ -74.437681, 40.490305 ] ] } },
{ "type": "Feature", "properties": { "id": "56082244-1926", "name": "Memorial Parkway", "class": "motorway", "is_priority": true }, "geometry": { "type": "LineString", "coordinates": [ [ -74.437681, 40.490305 ], [ -74.438413, 40.49156 ], [ -74.43862, 40.491958 ] ] } },
{ "type": "Feature", "properties": { "id": "56082244-1927", "name": "Memorial Parkway", "class": "motorway", "is_priority": true }, "geometry": { "type": "LineString", "coordinates": [ [ -74.43862, 40.491958 ], [ -74.438761, 40.492284 ], [ -74.438867, 40.492618 ], [ -74.438965, 40.493074 ], [ -74.439068, 40.493721 ] ] } },
{ "type": "Feature", "properties": { "id": "56082244-1928", "name": "Memorial Parkway", "class": "motorway", "is_priority": true }, "geometry": { "type": "LineString", "coordinates": [ [ -74.439068, 40.493721 ], [ -74.439108, 40.49399 ], [ -74.439216, 40.494479 ], [ -74.43953, 40.495486 ] ] } },
{ "type": "Feature", "properties": { "id": "56082244-1929", "name": "Memorial Parkway", "class": "motorway", "is_priority": true }, "geometry": { "type": "LineString", "coordinates": [ [ -74.43953, 40.495486 ], [ -74.439669, 40.495944 ], [ -74.439932, 40.496974 ] ] } },
{ "type": "Feature", "properties": { "id": "56082245-1930", "name": "Paul Robeson Boulevard", "class": "tertiary", "is_priority": false }, "geometry": { "type": "LineString", "coordinates": [ [ -74.437113, 40.489719 ], [ -74.437472, 40.489521 ], [ -74.437686, 40.489372 ] ] } },
{ "type": "Feature", "properties": { "id": "56082271-1931", "name": "George Street", "class": "secondary", "is_priority": false }, "geometry": { "type": "LineString", "coordinates": [ [ -74.432716, 40.484546 ], [ -74.432685, 40.484431 ], [ -74.432684, 40.484338 ], [ -74.43271, 40.484265 ], [ -74.432774, 40.484181 ] ] } },
{ "type": "Feature", "properties": { "id": "56082272-1932", "name": "", "class": "secondary", "is_priority": false }, "geometry": { "type": "LineString", "coordinates": [ [ -74.432733, 40.484012 ], [ -74.432634, 40.484021 ] ] } },
{ "type": "Feature", "properties": { "id": "56082274-1933", "name": "George Street", "class": "tertiary", "is_priority": false }, "geometry": { "type": "LineString", "coordinates": [ [ -74.433361, 40.483977 ], [ -74.434223, 40.483911 ] ] } },
{ "type": "Feature", "properties": { "id": "56082277-1934", "name": "Paulus Boulevard West", "class": "residential", "is_priority": false }, "geometry": { "type": "LineString", "coordinates": [ [ -74.420961, 40.486441 ], [ -74.421045, 40.486505 ], [ -74.4211, 40.486526 ], [ -74.421208, 40.486526 ], [ -74.421269, 40.486508 ], [ -74.421594, 40.486281 ], [ -74.421846, 40.486079 ] ] } },
{ "type": "Feature", "properties": { "id": "56082279-1935", "name": "", "class": "trunk_link", "is_priority": false }, "geometry": { "type": "LineString", "coordinates": [ [ -74.426055, 40.485414 ], [ -74.42596, 40.485709 ] ] } },
{ "type": "Feature", "properties": { "id": "56082280-1936", "name": "", "class": "trunk_link", "is_priority": false }, "geometry": { "type": "LineString", "coordinates": [ [ -74.415123, 40.484054 ], [ -74.415187, 40.484002 ], [ -74.415286, 40.483963 ], [ -74.415598, 40.483927 ] ] } },
{ "type": "Feature", "properties": { "id": "56082281-1937", "name": "Paulus Boulevard West", "class": "residential", "is_priority": false }, "geometry": { "type": "LineString", "coordinates": [ [ -74.420531, 40.486094 ], [ -74.420961, 40.486441 ] ] } },
{ "type": "Feature", "properties": { "id": "56082282-1938", "name": "Paulus Boulevard West", "class": "residential", "is_priority": false }, "geometry": { "type": "LineString", "coordinates": [ [ -74.421846, 40.486079 ], [ -74.421593, 40.486195 ], [ -74.421068, 40.486371 ], [ -74.420961, 40.486441 ] ] } },
{ "type": "Feature", "properties": { "id": "56082291-1939", "name": "Tunison Road", "class": "residential", "is_priority": false }, "geometry": { "type": "LineString", "coordinates": [ [ -74.415007, 40.484033 ], [ -74.413804, 40.485288 ], [ -74.413718, 40.485469 ] ] } },
{ "type": "Feature", "properties": { "id": "56082299-1940", "name": "", "class": "trunk_link", "is_priority": false }, "geometry": { "type": "LineString", "coordinates": [ [ -74.410262, 40.47843 ], [ -74.410142, 40.478587 ] ] } },
{ "type": "Feature", "properties": { "id": "56082300-1941", "name": "Tower Center Boulevard", "class": "unclassified", "is_priority": false }, "geometry": { "type": "LineString", "coordinates": [ [ -74.409056, 40.47865 ], [ -74.408631, 40.478658 ], [ -74.406784, 40.478866 ] ] } },
{ "type": "Feature", "properties": { "id": "56082440-1942", "name": "", "class": "motorway", "is_priority": true }, "geometry": { "type": "LineString", "coordinates": [ [ -74.45817, 40.514324 ], [ -74.458355, 40.514055 ], [ -74.458549, 40.513675 ] ] } },
{ "type": "Feature", "properties": { "id": "56082441-1943", "name": "", "class": "motorway", "is_priority": true }, "geometry": { "type": "LineString", "coordinates": [ [ -74.45893, 40.512529 ], [ -74.459037, 40.511661 ] ] } },
{ "type": "Feature", "properties": { "id": "56082452-1944", "name": "", "class": "motorway", "is_priority": true }, "geometry": { "type": "LineString", "coordinates": [ [ -74.458549, 40.513675 ], [ -74.458733, 40.513254 ], [ -74.458846, 40.512918 ], [ -74.45893, 40.512529 ] ] } },
{ "type": "Feature", "properties": { "id": "56197291-1945", "name": "River Road", "class": "secondary", "is_priority": false }, "geometry": { "type": "LineString", "coordinates": [ [ -74.465173, 40.51192 ], [ -74.464175, 40.511846 ], [ -74.463414, 40.511855 ] ] } },
{ "type": "Feature", "properties": { "id": "56197305-1946", "name": "River Road", "class": "tertiary", "is_priority": false }, "geometry": { "type": "LineString", "coordinates": [ [ -74.45405, 40.511961 ], [ -74.454651, 40.512044 ], [ -74.455517, 40.512049 ] ] } },
{ "type": "Feature", "properties": { "id": "56197322-1947", "name": "", "class": "motorway_link", "is_priority": false }, "geometry": { "type": "LineString", "coordinates": [ [ -74.459374, 40.512319 ], [ -74.459423, 40.512205 ], [ -74.459528, 40.512109 ], [ -74.459644, 40.512063 ], [ -74.459798, 40.512029 ] ] } },
{ "type": "Feature", "properties": { "id": "56197326-1948", "name": "", "class": "motorway_link", "is_priority": false }, "geometry": { "type": "LineString", "coordinates": [ [ -74.459785, 40.511914 ], [ -74.459632, 40.511871 ], [ -74.459534, 40.511824 ], [ -74.45947, 40.511768 ], [ -74.459394, 40.511624 ] ] } },
{ "type": "Feature", "properties": { "id": "59766538-1949", "name": "", "class": "secondary", "is_priority": false }, "geometry": { "type": "LineString", "coordinates": [ [ -74.432811, 40.486074 ], [ -74.432853, 40.485892 ] ] } },
{ "type": "Feature", "properties": { "id": "60321241-1950", "name": "Livingston Avenue", "class": "secondary", "is_priority": false }, "geometry": { "type": "LineString", "coordinates": [ [ -74.481459, 40.458944 ], [ -74.481424, 40.458799 ] ] } },
{ "type": "Feature", "properties": { "id": "60510603-1951", "name": "Easton Avenue", "class": "tertiary", "is_priority": false }, "geometry": { "type": "LineString", "coordinates": [ [ -74.4478, 40.497406 ], [ -74.447629, 40.49731 ], [ -74.446691, 40.496673 ] ] } },
{ "type": "Feature", "properties": { "id": "60638258-1952", "name": "River Road", "class": "secondary", "is_priority": false }, "geometry": { "type": "LineString", "coordinates": [ [ -74.459785, 40.511914 ], [ -74.459393, 40.511937 ] ] } },
{ "type": "Feature", "properties": { "id": "60638267-1953", "name": "River Road", "class": "secondary", "is_priority": false }, "geometry": { "type": "LineString", "coordinates": [ [ -74.459798, 40.512029 ], [ -74.46123, 40.511996 ] ] } },
{ "type": "Feature", "properties": { "id": "60638283-1954", "name": "River Road", "class": "tertiary", "is_priority": false }, "geometry": { "type": "LineString", "coordinates": [ [ -74.455553, 40.511962 ], [ -74.45405, 40.511961 ] ] } },
{ "type": "Feature", "properties": { "id": "60638328-1955", "name": "River Road", "class": "secondary", "is_priority": false }, "geometry": { "type": "LineString", "coordinates": [ [ -74.46202, 40.511978 ], [ -74.464061, 40.51192 ] ] } },
{ "type": "Feature", "properties": { "id": "60650253-1956", "name": "Dudley Road", "class": "residential", "is_priority": false }, "geometry": { "type": "LineString", "coordinates": [ [ -74.430559, 40.480635 ], [ -74.431016, 40.480585 ], [ -74.431254, 40.480577 ], [ -74.431415, 40.480522 ], [ -74.431897, 40.480217 ], [ -74.432164, 40.480082 ], [ -74.432353, 40.480028 ], [ -74.432683, 40.479984 ] ] } },
{ "type": "Feature", "properties": { "id": "60650253-1957", "name": "Dudley Road", "class": "residential", "is_priority": false }, "geometry": { "type": "LineString", "coordinates": [ [ -74.432683, 40.479984 ], [ -74.433643, 40.479855 ], [ -74.433742, 40.479815 ], [ -74.433904, 40.479708 ], [ -74.433988, 40.479631 ], [ -74.434195, 40.479331 ], [ -74.434331, 40.479172 ], [ -74.434509, 40.479056 ] ] } },
{ "type": "Feature", "properties": { "id": "60650253-1958", "name": "Dudley Road", "class": "residential", "is_priority": false }, "geometry": { "type": "LineString", "coordinates": [ [ -74.434509, 40.479056 ], [ -74.434606, 40.479006 ], [ -74.434773, 40.478949 ], [ -74.434923, 40.478916 ], [ -74.435106, 40.478904 ], [ -74.436728, 40.479003 ] ] } },
{ "type": "Feature", "properties": { "id": "60650448-1959", "name": "Ryders Lane", "class": "secondary", "is_priority": false }, "geometry": { "type": "LineString", "coordinates": [ [ -74.427085, 40.473037 ], [ -74.427155, 40.473474 ], [ -74.427233, 40.473797 ], [ -74.427471, 40.474501 ] ] } },
{ "type": "Feature", "properties": { "id": "60659275-1960", "name": "Paulus Boulevard West", "class": "residential", "is_priority": false }, "geometry": { "type": "LineString", "coordinates": [ [ -74.422845, 40.485261 ], [ -74.422742, 40.485369 ] ] } },
{ "type": "Feature", "properties": { "id": "60659284-1961", "name": "State Route 18", "class": "trunk", "is_priority": true }, "geometry": { "type": "LineString", "coordinates": [ [ -74.422062, 40.485136 ], [ -74.420861, 40.484939 ], [ -74.420571, 40.484864 ], [ -74.420225, 40.484711 ], [ -74.419914, 40.484505 ] ] } },
{ "type": "Feature", "properties": { "id": "60659322-1962", "name": "George Street", "class": "secondary", "is_priority": false }, "geometry": { "type": "LineString", "coordinates": [ [ -74.432816, 40.485223 ], [ -74.432716, 40.484546 ] ] } },
{ "type": "Feature", "properties": { "id": "60659342-1963", "name": "", "class": "secondary", "is_priority": false }, "geometry": { "type": "LineString", "coordinates": [ [ -74.432853, 40.485892 ], [ -74.432881, 40.485815 ], [ -74.432816, 40.485223 ] ] } },
{ "type": "Feature", "properties": { "id": "60659348-1964", "name": "State Route 18", "class": "trunk", "is_priority": true }, "geometry": { "type": "LineString", "coordinates": [ [ -74.422811, 40.48538 ], [ -74.425071, 40.485691 ] ] } },
{ "type": "Feature", "properties": { "id": "60872401-1965", "name": "Memorial Parkway", "class": "motorway", "is_priority": true }, "geometry": { "type": "LineString", "coordinates": [ [ -74.439842, 40.496133 ], [ -74.439415, 40.494718 ], [ -74.439329, 40.494375 ] ] } },
{ "type": "Feature", "properties": { "id": "60872401-1966", "name": "Memorial Parkway", "class": "motorway", "is_priority": true }, "geometry": { "type": "LineString", "coordinates": [ [ -74.439329, 40.494375 ], [ -74.439111, 40.49295 ], [ -74.439032, 40.492588 ] ] } },
{ "type": "Feature", "properties": { "id": "60872401-1967", "name": "Memorial Parkway", "class": "motorway", "is_priority": true }, "geometry": { "type": "LineString", "coordinates": [ [ -74.439032, 40.492588 ], [ -74.438902, 40.492203 ], [ -74.438729, 40.491827 ], [ -74.438187, 40.490911 ] ] } },
{ "type": "Feature", "properties": { "id": "60872401-1968", "name": "Memorial Parkway", "class": "motorway", "is_priority": true }, "geometry": { "type": "LineString", "coordinates": [ [ -74.438187, 40.490911 ], [ -74.437832, 40.490341 ], [ -74.437595, 40.489997 ], [ -74.437348, 40.489676 ], [ -74.437043, 40.489339 ] ] } },
{ "type": "Feature", "properties": { "id": "60872401-1969", "name": "Memorial Parkway", "class": "motorway", "is_priority": true }, "geometry": { "type": "LineString", "coordinates": [ [ -74.437043, 40.489339 ], [ -74.436747, 40.489047 ], [ -74.43628, 40.488654 ], [ -74.435795, 40.488305 ], [ -74.435398, 40.488056 ] ] } },
{ "type": "Feature", "properties": { "id": "60872401-1970", "name": "Memorial Parkway", "class": "motorway", "is_priority": true }, "geometry": { "type": "LineString", "coordinates": [ [ -74.435398, 40.488056 ], [ -74.434965, 40.487821 ], [ -74.434503, 40.487599 ], [ -74.43351, 40.487202 ] ] } },
{ "type": "Feature", "properties": { "id": "61081671-1971", "name": "Easton Avenue", "class": "tertiary", "is_priority": false }, "geometry": { "type": "LineString", "coordinates": [ [ -74.466946, 40.504891 ], [ -74.467207, 40.504995 ] ] } },
{ "type": "Feature", "properties": { "id": "61081703-1972", "name": "Georges Road", "class": "tertiary", "is_priority": false }, "geometry": { "type": "LineString", "coordinates": [ [ -74.448377, 40.474961 ], [ -74.448761, 40.474069 ], [ -74.449056, 40.473237 ] ] } },
{ "type": "Feature", "properties": { "id": "61081703-1973", "name": "Georges Road", "class": "tertiary", "is_priority": false }, "geometry": { "type": "LineString", "coordinates": [ [ -74.449056, 40.473237 ], [ -74.449099, 40.473116 ] ] } },
{ "type": "Feature", "properties": { "id": "61096103-1974", "name": "Burnet Street", "class": "tertiary", "is_priority": false }, "geometry": { "type": "LineString", "coordinates": [ [ -74.412392, 40.483441 ], [ -74.412526, 40.483537 ], [ -74.412691, 40.483629 ], [ -74.412916, 40.483712 ], [ -74.414604, 40.483965 ] ] } },
{ "type": "Feature", "properties": { "id": "61096103-1975", "name": "Burnet Street", "class": "tertiary", "is_priority": false }, "geometry": { "type": "LineString", "coordinates": [ [ -74.414604, 40.483965 ], [ -74.415007, 40.484033 ] ] } },
{ "type": "Feature", "properties": { "id": "61096104-1976", "name": "Burnet Street", "class": "tertiary", "is_priority": false }, "geometry": { "type": "LineString", "coordinates": [ [ -74.41212, 40.483219 ], [ -74.412392, 40.483441 ] ] } },
{ "type": "Feature", "properties": { "id": "61096105-1977", "name": "Westons Mill Road", "class": "residential", "is_priority": false }, "geometry": { "type": "LineString", "coordinates": [ [ -74.411367, 40.478307 ], [ -74.411443, 40.47812 ], [ -74.411757, 40.477659 ], [ -74.411796, 40.477574 ], [ -74.411846, 40.477309 ], [ -74.411788, 40.477014 ], [ -74.411725, 40.476872 ], [ -74.41161, 40.476703 ], [ -74.41154, 40.476633 ] ] } },
{ "type": "Feature", "properties": { "id": "61096105-1978", "name": "Westons Mill Road", "class": "residential", "is_priority": false }, "geometry": { "type": "LineString", "coordinates": [ [ -74.41154, 40.476633 ], [ -74.411366, 40.476487 ], [ -74.410965, 40.476247 ], [ -74.410784, 40.476099 ], [ -74.410623, 40.475875 ], [ -74.410391, 40.475425 ] ] } },
{ "type": "Feature", "properties": { "id": "61096106-1979", "name": "", "class": "trunk_link", "is_priority": false }, "geometry": { "type": "LineString", "coordinates": [ [ -74.409887, 40.475377 ], [ -74.409803, 40.474887 ], [ -74.409705, 40.474582 ] ] } },
{ "type": "Feature", "properties": { "id": "61096112-1980", "name": "Kennedy Boulevard", "class": "residential", "is_priority": false }, "geometry": { "type": "LineString", "coordinates": [ [ -74.407948, 40.471829 ], [ -74.407777, 40.472068 ], [ -74.407611, 40.472186 ], [ -74.407203, 40.472394 ], [ -74.406775, 40.472636 ], [ -74.406331, 40.4731 ] ] } },
{ "type": "Feature", "properties": { "id": "61096112-1981", "name": "Kennedy Boulevard", "class": "residential", "is_priority": false }, "geometry": { "type": "LineString", "coordinates": [ [ -74.406331, 40.4731 ], [ -74.404938, 40.474554 ] ] } },
{ "type": "Feature", "properties": { "id": "61096112-1982", "name": "Kennedy Boulevard", "class": "residential", "is_priority": false }, "geometry": { "type": "LineString", "coordinates": [ [ -74.404938, 40.474554 ], [ -74.40417, 40.475356 ], [ -74.403791, 40.475662 ], [ -74.403327, 40.475818 ] ] } },
{ "type": "Feature", "properties": { "id": "61096112-1983", "name": "Kennedy Boulevard", "class": "residential", "is_priority": false }, "geometry": { "type": "LineString", "coordinates": [ [ -74.403327, 40.475818 ], [ -74.403209, 40.475853 ], [ -74.402164, 40.475867 ] ] } },
{ "type": "Feature", "properties": { "id": "61096133-1984", "name": "", "class": "residential", "is_priority": false }, "geometry": { "type": "LineString", "coordinates": [ [ -74.408364, 40.471982 ], [ -74.408255, 40.471908 ], [ -74.408187, 40.471799 ], [ -74.408012, 40.47127 ] ] } },
{ "type": "Feature", "properties": { "id": "61096146-1985", "name": "McGuire Street", "class": "residential", "is_priority": false }, "geometry": { "type": "LineString", "coordinates": [ [ -74.405865, 40.471082 ], [ -74.40507, 40.471314 ] ] } },
{ "type": "Feature", "properties": { "id": "61106601-1986", "name": "Naricon Place", "class": "tertiary", "is_priority": false }, "geometry": { "type": "LineString", "coordinates": [ [ -74.410496, 40.478548 ], [ -74.410673, 40.478459 ] ] } },
{ "type": "Feature", "properties": { "id": "61109055-1987", "name": "College Farm Road West", "class": "unclassified", "is_priority": false }, "geometry": { "type": "LineString", "coordinates": [ [ -74.434776, 40.469504 ], [ -74.43509, 40.469141 ], [ -74.435419, 40.468863 ], [ -74.435649, 40.468707 ], [ -74.435896, 40.468568 ], [ -74.436137, 40.468451 ], [ -74.436494, 40.468317 ] ] } },
{ "type": "Feature", "properties": { "id": "61109055-1988", "name": "College Farm Road West", "class": "unclassified", "is_priority": false }, "geometry": { "type": "LineString", "coordinates": [ [ -74.436494, 40.468317 ], [ -74.437475, 40.46803 ] ] } },
{ "type": "Feature", "properties": { "id": "61109056-1989", "name": "", "class": "trunk_link", "is_priority": false }, "geometry": { "type": "LineString", "coordinates": [ [ -74.434338, 40.470102 ], [ -74.434115, 40.469782 ], [ -74.434101, 40.469695 ], [ -74.434128, 40.469624 ], [ -74.434349, 40.469324 ] ] } },
{ "type": "Feature", "properties": { "id": "61109057-1990", "name": "", "class": "trunk_link", "is_priority": false }, "geometry": { "type": "LineString", "coordinates": [ [ -74.434618, 40.46972 ], [ -74.434441, 40.469844 ], [ -74.434371, 40.469874 ], [ -74.434262, 40.469881 ], [ -74.434156, 40.46985 ] ] } },
{ "type": "Feature", "properties": { "id": "61109061-1991", "name": "", "class": "trunk_link", "is_priority": false }, "geometry": { "type": "LineString", "coordinates": [ [ -74.431571, 40.471576 ], [ -74.432304, 40.471123 ], [ -74.433535, 40.470589 ] ] } },
{ "type": "Feature", "properties": { "id": "61109061-1992", "name": "", "class": "trunk_link", "is_priority": false }, "geometry": { "type": "LineString", "coordinates": [ [ -74.433535, 40.470589 ], [ -74.433928, 40.470435 ] ] } },
{ "type": "Feature", "properties": { "id": "61109062-1993", "name": "College Farm Road", "class": "unclassified", "is_priority": false }, "geometry": { "type": "LineString", "coordinates": [ [ -74.436728, 40.479003 ], [ -74.436927, 40.477208 ] ] } },
{ "type": "Feature", "properties": { "id": "61109062-1994", "name": "College Farm Road", "class": "unclassified", "is_priority": false }, "geometry": { "type": "LineString", "coordinates": [ [ -74.436927, 40.477208 ], [ -74.436943, 40.47641 ], [ -74.436614, 40.475439 ] ] } },
{ "type": "Feature", "properties": { "id": "61109062-1995", "name": "College Farm Road", "class": "unclassified", "is_priority": false }, "geometry": { "type": "LineString", "coordinates": [ [ -74.436614, 40.475439 ], [ -74.435884, 40.473725 ] ] } },
{ "type": "Feature", "properties": { "id": "61109062-1996", "name": "College Farm Road", "class": "unclassified", "is_priority": false }, "geometry": { "type": "LineString", "coordinates": [ [ -74.435884, 40.473725 ], [ -74.435518, 40.472915 ], [ -74.435163, 40.47201 ] ] } },
{ "type": "Feature", "properties": { "id": "61109062-1997", "name": "College Farm Road", "class": "unclassified", "is_priority": false }, "geometry": { "type": "LineString", "coordinates": [ [ -74.435163, 40.47201 ], [ -74.43458, 40.470514 ], [ -74.434461, 40.470292 ] ] } },
{ "type": "Feature", "properties": { "id": "61109062-1998", "name": "College Farm Road", "class": "unclassified", "is_priority": false }, "geometry": { "type": "LineString", "coordinates": [ [ -74.434461, 40.470292 ], [ -74.434338, 40.470102 ] ] } },
{ "type": "Feature", "properties": { "id": "61109071-1999", "name": "", "class": "trunk_link", "is_priority": false }, "geometry": { "type": "LineString", "coordinates": [ [ -74.435283, 40.468481 ], [ -74.434629, 40.468748 ], [ -74.434464, 40.468768 ], [ -74.434332, 40.468757 ], [ -74.434256, 40.468735 ], [ -74.43416, 40.468674 ], [ -74.434097, 40.468596 ], [ -74.434073, 40.468511 ], [ -74.43409, 40.468423 ], [ -74.434123, 40.468365 ], [ -74.434203, 40.468297 ], [ -74.434498, 40.468175 ] ] } },
{ "type": "Feature", "properties": { "id": "61109072-2000", "name": "", "class": "trunk_link", "is_priority": false }, "geometry": { "type": "LineString", "coordinates": [ [ -74.434498, 40.468175 ], [ -74.434273, 40.468225 ], [ -74.43416, 40.468271 ], [ -74.43407, 40.46834 ], [ -74.434018, 40.468416 ], [ -74.433987, 40.468535 ], [ -74.434047, 40.469001 ], [ -74.434033, 40.469172 ], [ -74.433951, 40.469329 ], [ -74.433645, 40.469666 ] ] } },
{ "type": "Feature", "properties": { "id": "61109072-2001", "name": "", "class": "trunk_link", "is_priority": false }, "geometry": { "type": "LineString", "coordinates": [ [ -74.433645, 40.469666 ], [ -74.433437, 40.469893 ] ] } },
{ "type": "Feature", "properties": { "id": "61109083-2002", "name": "", "class": "unclassified", "is_priority": false }, "geometry": { "type": "LineString", "coordinates": [ [ -74.444299, 40.469497 ], [ -74.444748, 40.469206 ], [ -74.444951, 40.469398 ], [ -74.444632, 40.469613 ], [ -74.444451, 40.469584 ], [ -74.444299, 40.469497 ] ] } },
{ "type": "Feature", "properties": { "id": "61109083-2003", "name": "", "class": "unclassified", "is_priority": false }, "geometry": { "type": "LineString", "coordinates": [ [ -74.444299, 40.469497 ], [ -74.444131, 40.469407 ], [ -74.442742, 40.468288 ], [ -74.442608, 40.468282 ] ] } },
{ "type": "Feature", "properties": { "id": "61109083-2004", "name": "", "class": "unclassified", "is_priority": false }, "geometry": { "type": "LineString", "coordinates": [ [ -74.442608, 40.468282 ], [ -74.442141, 40.468259 ], [ -74.442013, 40.468235 ], [ -74.441846, 40.468121 ], [ -74.44138, 40.4677 ], [ -74.441314, 40.467576 ] ] } },
{ "type": "Feature", "properties": { "id": "61109086-2005", "name": "", "class": "unclassified", "is_priority": false }, "geometry": { "type": "LineString", "coordinates": [ [ -74.438232, 40.467811 ], [ -74.438235, 40.467817 ] ] } },
{ "type": "Feature", "properties": { "id": "61187419-2006", "name": "North Oaks Boulevard", "class": "tertiary", "is_priority": false }, "geometry": { "type": "LineString", "coordinates": [ [ -74.471867, 40.459268 ], [ -74.471736, 40.459365 ], [ -74.47149, 40.459513 ], [ -74.471726, 40.459733 ], [ -74.472883, 40.46045 ] ] } },
{ "type": "Feature", "properties": { "id": "61187419-2007", "name": "North Oaks Boulevard", "class": "tertiary", "is_priority": false }, "geometry": { "type": "LineString", "coordinates": [ [ -74.472883, 40.46045 ], [ -74.473078, 40.460561 ], [ -74.473308, 40.460663 ], [ -74.473578, 40.460746 ], [ -74.47382, 40.460795 ], [ -74.47413, 40.460821 ], [ -74.474559, 40.460812 ], [ -74.474887, 40.460782 ], [ -74.475113, 40.460732 ] ] } },
{ "type": "Feature", "properties": { "id": "61187419-2008", "name": "North Oaks Boulevard", "class": "tertiary", "is_priority": false }, "geometry": { "type": "LineString", "coordinates": [ [ -74.475113, 40.460732 ], [ -74.475372, 40.460635 ], [ -74.475815, 40.460412 ], [ -74.475969, 40.460384 ], [ -74.476206, 40.460374 ], [ -74.476425, 40.460404 ], [ -74.476619, 40.460472 ], [ -74.476768, 40.46056 ], [ -74.477146, 40.460829 ] ] } },
{ "type": "Feature", "properties": { "id": "61187419-2009", "name": "North Oaks Boulevard", "class": "tertiary", "is_priority": false }, "geometry": { "type": "LineString", "coordinates": [ [ -74.477146, 40.460829 ], [ -74.478039, 40.461467 ], [ -74.478483, 40.461668 ], [ -74.478936, 40.46199 ] ] } },
{ "type": "Feature", "properties": { "id": "61187419-2010", "name": "North Oaks Boulevard", "class": "tertiary", "is_priority": false }, "geometry": { "type": "LineString", "coordinates": [ [ -74.478936, 40.46199 ], [ -74.478953, 40.462003 ] ] } },
{ "type": "Feature", "properties": { "id": "61218860-2011", "name": "", "class": "tertiary_link", "is_priority": false }, "geometry": { "type": "LineString", "coordinates": [ [ -74.40465, 40.500754 ], [ -74.404784, 40.500769 ], [ -74.404832, 40.500749 ], [ -74.404861, 40.500716 ], [ -74.40487, 40.500634 ] ] } },
{ "type": "Feature", "properties": { "id": "61218888-2012", "name": "", "class": "secondary_link", "is_priority": false }, "geometry": { "type": "LineString", "coordinates": [ [ -74.405787, 40.498787 ], [ -74.405721, 40.499055 ], [ -74.405595, 40.499181 ] ] } },
{ "type": "Feature", "properties": { "id": "61218890-2013", "name": "Edmund Street", "class": "residential", "is_priority": false }, "geometry": { "type": "LineString", "coordinates": [ [ -74.410317, 40.498364 ], [ -74.410461, 40.498316 ], [ -74.410608, 40.498304 ], [ -74.412178, 40.498413 ] ] } },
{ "type": "Feature", "properties": { "id": "61218894-2014", "name": "Riverview Avenue", "class": "residential", "is_priority": false }, "geometry": { "type": "LineString", "coordinates": [ [ -74.4102, 40.498964 ], [ -74.410253, 40.498466 ], [ -74.410272, 40.498415 ], [ -74.410317, 40.498364 ] ] } },
{ "type": "Feature", "properties": { "id": "61218902-2015", "name": "Player Avenue", "class": "tertiary", "is_priority": false }, "geometry": { "type": "LineString", "coordinates": [ [ -74.409134, 40.500059 ], [ -74.408852, 40.499214 ] ] } },
{ "type": "Feature", "properties": { "id": "61219075-2016", "name": "", "class": "trunk_link", "is_priority": false }, "geometry": { "type": "LineString", "coordinates": [ [ -74.41098, 40.497698 ], [ -74.411135, 40.497666 ], [ -74.411489, 40.497666 ] ] } },
{ "type": "Feature", "properties": { "id": "61219079-2017", "name": "", "class": "trunk_link", "is_priority": false }, "geometry": { "type": "LineString", "coordinates": [ [ -74.411489, 40.497666 ], [ -74.411398, 40.497613 ], [ -74.41135, 40.497515 ], [ -74.411355, 40.497429 ], [ -74.411414, 40.497298 ] ] } },
{ "type": "Feature", "properties": { "id": "61228141-2018", "name": "", "class": "trunk", "is_priority": true }, "geometry": { "type": "LineString", "coordinates": [ [ -74.403885, 40.501546 ], [ -74.405832, 40.500527 ] ] } },
{ "type": "Feature", "properties": { "id": "61228141-2019", "name": "", "class": "trunk", "is_priority": true }, "geometry": { "type": "LineString", "coordinates": [ [ -74.405832, 40.500527 ], [ -74.407794, 40.499526 ] ] } },
{ "type": "Feature", "properties": { "id": "61228141-2020", "name": "", "class": "trunk", "is_priority": true }, "geometry": { "type": "LineString", "coordinates": [ [ -74.407794, 40.499526 ], [ -74.409202, 40.498779 ] ] } },
{ "type": "Feature", "properties": { "id": "61230564-2021", "name": "George Street", "class": "tertiary", "is_priority": false }, "geometry": { "type": "LineString", "coordinates": [ [ -74.452562, 40.505921 ], [ -74.452365, 40.505849 ], [ -74.451772, 40.505469 ] ] } },
{ "type": "Feature", "properties": { "id": "61260956-2022", "name": "Bayard Street", "class": "residential", "is_priority": false }, "geometry": { "type": "LineString", "coordinates": [ [ -74.449896, 40.493531 ], [ -74.451461, 40.493308 ], [ -74.451696, 40.493329 ], [ -74.451837, 40.493386 ] ] } },
{ "type": "Feature", "properties": { "id": "61260958-2023", "name": "Remsen Avenue", "class": "residential", "is_priority": false }, "geometry": { "type": "LineString", "coordinates": [ [ -74.457591, 40.475271 ], [ -74.45906, 40.473861 ] ] } },
{ "type": "Feature", "properties": { "id": "61260958-2024", "name": "Remsen Avenue", "class": "residential", "is_priority": false }, "geometry": { "type": "LineString", "coordinates": [ [ -74.45906, 40.473861 ], [ -74.459823, 40.473137 ] ] } },
{ "type": "Feature", "properties": { "id": "61260961-2025", "name": "Nichol Avenue", "class": "residential", "is_priority": false }, "geometry": { "type": "LineString", "coordinates": [ [ -74.441029, 40.481413 ], [ -74.442493, 40.48 ] ] } },
{ "type": "Feature", "properties": { "id": "61260961-2026", "name": "Nichol Avenue", "class": "residential", "is_priority": false }, "geometry": { "type": "LineString", "coordinates": [ [ -74.442493, 40.48 ], [ -74.442806, 40.479687 ] ] } },
{ "type": "Feature", "properties": { "id": "61260963-2027", "name": "Sandford Street", "class": "residential", "is_priority": false }, "geometry": { "type": "LineString", "coordinates": [ [ -74.452298, 40.485464 ], [ -74.454142, 40.486589 ] ] } },
{ "type": "Feature", "properties": { "id": "61260963-2028", "name": "Sandford Street", "class": "residential", "is_priority": false }, "geometry": { "type": "LineString", "coordinates": [ [ -74.454142, 40.486589 ], [ -74.455761, 40.487571 ] ] } },
{ "type": "Feature", "properties": { "id": "61260967-2029", "name": "Joyce Kilmer Avenue", "class": "residential", "is_priority": false }, "geometry": { "type": "LineString", "coordinates": [ [ -74.451175, 40.489421 ], [ -74.452643, 40.488011 ] ] } },
{ "type": "Feature", "properties": { "id": "61260967-2030", "name": "Joyce Kilmer Avenue", "class": "residential", "is_priority": false }, "geometry": { "type": "LineString", "coordinates": [ [ -74.452643, 40.488011 ], [ -74.454137, 40.486616 ] ] } },
{ "type": "Feature", "properties": { "id": "61260967-2031", "name": "Joyce Kilmer Avenue", "class": "residential", "is_priority": false }, "geometry": { "type": "LineString", "coordinates": [ [ -74.454137, 40.486616 ], [ -74.455313, 40.485469 ] ] } },
{ "type": "Feature", "properties": { "id": "61260968-2032", "name": "Somerset Street", "class": "residential", "is_priority": false }, "geometry": { "type": "LineString", "coordinates": [ [ -74.4478, 40.497406 ], [ -74.449679, 40.496316 ] ] } },
{ "type": "Feature", "properties": { "id": "61260969-2033", "name": "New Street", "class": "residential", "is_priority": false }, "geometry": { "type": "LineString", "coordinates": [ [ -74.447645, 40.492817 ], [ -74.449758, 40.493086 ] ] } },
{ "type": "Feature", "properties": { "id": "61260971-2034", "name": "Courtlandt Street", "class": "residential", "is_priority": false }, "geometry": { "type": "LineString", "coordinates": [ [ -74.457752, 40.498908 ], [ -74.456693, 40.500518 ] ] } },
{ "type": "Feature", "properties": { "id": "61260971-2035", "name": "Courtlandt Street", "class": "residential", "is_priority": false }, "geometry": { "type": "LineString", "coordinates": [ [ -74.456693, 40.500518 ], [ -74.456498, 40.500822 ] ] } },
{ "type": "Feature", "properties": { "id": "61260973-2036", "name": "Handy Street", "class": "residential", "is_priority": false }, "geometry": { "type": "LineString", "coordinates": [ [ -74.451175, 40.489421 ], [ -74.452821, 40.49043 ] ] } },
{ "type": "Feature", "properties": { "id": "61260976-2037", "name": "Somerset Street", "class": "residential", "is_priority": false }, "geometry": { "type": "LineString", "coordinates": [ [ -74.459909, 40.491004 ], [ -74.461871, 40.490003 ] ] } },
{ "type": "Feature", "properties": { "id": "61260976-2038", "name": "Somerset Street", "class": "residential", "is_priority": false }, "geometry": { "type": "LineString", "coordinates": [ [ -74.461871, 40.490003 ], [ -74.462697, 40.489584 ] ] } },
{ "type": "Feature", "properties": { "id": "61605589-2039", "name": "", "class": "motorway_link", "is_priority": false }, "geometry": { "type": "LineString", "coordinates": [ [ -74.45669, 40.512053 ], [ -74.457078, 40.512103 ], [ -74.457204, 40.512176 ], [ -74.45725, 40.512222 ], [ -74.45731, 40.512326 ] ] } },
{ "type": "Feature", "properties": { "id": "62151337-2040", "name": "French Street", "class": "secondary", "is_priority": false }, "geometry": { "type": "LineString", "coordinates": [ [ -74.454816, 40.491656 ], [ -74.45575, 40.491365 ] ] } },
{ "type": "Feature", "properties": { "id": "62151380-2041", "name": "State Route 18", "class": "trunk", "is_priority": true }, "geometry": { "type": "LineString", "coordinates": [ [ -74.409705, 40.474582 ], [ -74.409462, 40.473353 ] ] } },
{ "type": "Feature", "properties": { "id": "62151382-2042", "name": "State Route 18", "class": "trunk", "is_priority": true }, "geometry": { "type": "LineString", "coordinates": [ [ -74.409586, 40.474792 ], [ -74.409824, 40.476424 ] ] } },
{ "type": "Feature", "properties": { "id": "62151400-2043", "name": "Albany Street", "class": "secondary", "is_priority": false }, "geometry": { "type": "LineString", "coordinates": [ [ -74.439775, 40.497268 ], [ -74.440262, 40.497209 ] ] } },
{ "type": "Feature", "properties": { "id": "62251363-2044", "name": "Easton Avenue", "class": "primary", "is_priority": true }, "geometry": { "type": "LineString", "coordinates": [ [ -74.471195, 40.506542 ], [ -74.473302, 40.507354 ] ] } },
{ "type": "Feature", "properties": { "id": "62251363-2045", "name": "Easton Avenue", "class": "primary", "is_priority": true }, "geometry": { "type": "LineString", "coordinates": [ [ -74.473302, 40.507354 ], [ -74.47455, 40.507848 ], [ -74.475407, 40.508169 ] ] } },
{ "type": "Feature", "properties": { "id": "62251363-2046", "name": "Easton Avenue", "class": "primary", "is_priority": true }, "geometry": { "type": "LineString", "coordinates": [ [ -74.475407, 40.508169 ], [ -74.477513, 40.508983 ] ] } },
{ "type": "Feature", "properties": { "id": "62251363-2047", "name": "Easton Avenue", "class": "primary", "is_priority": true }, "geometry": { "type": "LineString", "coordinates": [ [ -74.477513, 40.508983 ], [ -74.478992, 40.509555 ] ] } },
{ "type": "Feature", "properties": { "id": "62251383-2048", "name": "Easton Avenue", "class": "primary", "is_priority": true }, "geometry": { "type": "LineString", "coordinates": [ [ -74.478992, 40.509555 ], [ -74.479036, 40.509578 ] ] } },
{ "type": "Feature", "properties": { "id": "62251980-2049", "name": "Easton Avenue", "class": "primary", "is_priority": true }, "geometry": { "type": "LineString", "coordinates": [ [ -74.479038, 40.509571 ], [ -74.478992, 40.509555 ] ] } },
{ "type": "Feature", "properties": { "id": "86097796-2050", "name": "New Jersey Turnpike", "class": "motorway", "is_priority": true }, "geometry": { "type": "LineString", "coordinates": [ [ -74.392047, 40.491667 ], [ -74.391673, 40.492 ] ] } },
{ "type": "Feature", "properties": { "id": "86097803-2051", "name": "New Jersey Turnpike", "class": "motorway", "is_priority": true }, "geometry": { "type": "LineString", "coordinates": [ [ -74.392325, 40.491684 ], [ -74.391958, 40.492013 ] ] } },
{ "type": "Feature", "properties": { "id": "86097804-2052", "name": "New Jersey Turnpike", "class": "motorway", "is_priority": true }, "geometry": { "type": "LineString", "coordinates": [ [ -74.392609, 40.491694 ], [ -74.394147, 40.490328 ] ] } },
{ "type": "Feature", "properties": { "id": "86097804-2053", "name": "New Jersey Turnpike", "class": "motorway", "is_priority": true }, "geometry": { "type": "LineString", "coordinates": [ [ -74.394147, 40.490328 ], [ -74.395339, 40.489268 ] ] } },
{ "type": "Feature", "properties": { "id": "86097805-2054", "name": "New Jersey Turnpike", "class": "motorway", "is_priority": true }, "geometry": { "type": "LineString", "coordinates": [ [ -74.392881, 40.491714 ], [ -74.394422, 40.490349 ] ] } },
{ "type": "Feature", "properties": { "id": "86097805-2055", "name": "New Jersey Turnpike", "class": "motorway", "is_priority": true }, "geometry": { "type": "LineString", "coordinates": [ [ -74.394422, 40.490349 ], [ -74.395512, 40.489382 ] ] } },
{ "type": "Feature", "properties": { "id": "86097807-2056", "name": "New Jersey Turnpike", "class": "motorway", "is_priority": true }, "geometry": { "type": "LineString", "coordinates": [ [ -74.391673, 40.492 ], [ -74.39014, 40.49337 ] ] } },
{ "type": "Feature", "properties": { "id": "86097807-2057", "name": "New Jersey Turnpike", "class": "motorway", "is_priority": true }, "geometry": { "type": "LineString", "coordinates": [ [ -74.39014, 40.49337 ], [ -74.388606, 40.494739 ] ] } },
{ "type": "Feature", "properties": { "id": "86097807-2058", "name": "New Jersey Turnpike", "class": "motorway", "is_priority": true }, "geometry": { "type": "LineString", "coordinates": [ [ -74.388606, 40.494739 ], [ -74.387438, 40.495782 ] ] } },
{ "type": "Feature", "properties": { "id": "86097842-2059", "name": "New Jersey Turnpike", "class": "motorway", "is_priority": true }, "geometry": { "type": "LineString", "coordinates": [ [ -74.392233, 40.49203 ], [ -74.392609, 40.491694 ] ] } },
{ "type": "Feature", "properties": { "id": "86097850-2060", "name": "New Jersey Turnpike", "class": "motorway", "is_priority": true }, "geometry": { "type": "LineString", "coordinates": [ [ -74.392512, 40.492042 ], [ -74.392881, 40.491714 ] ] } },
{ "type": "Feature", "properties": { "id": "88982021-2061", "name": "", "class": "motorway_link", "is_priority": false }, "geometry": { "type": "LineString", "coordinates": [ [ -74.403207, 40.479714 ], [ -74.402929, 40.480208 ] ] } },
{ "type": "Feature", "properties": { "id": "88982039-2062", "name": "", "class": "motorway_link", "is_priority": false }, "geometry": { "type": "LineString", "coordinates": [ [ -74.403541, 40.479811 ], [ -74.403216, 40.480296 ] ] } },
{ "type": "Feature", "properties": { "id": "88982040-2063", "name": "", "class": "motorway_link", "is_priority": false }, "geometry": { "type": "LineString", "coordinates": [ [ -74.402929, 40.480208 ], [ -74.402624, 40.480833 ] ] } },
{ "type": "Feature", "properties": { "id": "88982043-2064", "name": "", "class": "motorway_link", "is_priority": false }, "geometry": { "type": "LineString", "coordinates": [ [ -74.403216, 40.480296 ], [ -74.40306, 40.480546 ], [ -74.402979, 40.480793 ] ] } },
{ "type": "Feature", "properties": { "id": "116570292-2065", "name": "State Route 18", "class": "trunk", "is_priority": true }, "geometry": { "type": "LineString", "coordinates": [ [ -74.413303, 40.482839 ], [ -74.413582, 40.482997 ], [ -74.413791, 40.483097 ], [ -74.414078, 40.483196 ], [ -74.414314, 40.483251 ], [ -74.414627, 40.483289 ], [ -74.41493, 40.483293 ], [ -74.415215, 40.483265 ], [ -74.4155, 40.483204 ] ] } },
{ "type": "Feature", "properties": { "id": "116570292-2066", "name": "State Route 18", "class": "trunk", "is_priority": true }, "geometry": { "type": "LineString", "coordinates": [ [ -74.4155, 40.483204 ], [ -74.415673, 40.483159 ] ] } },
{ "type": "Feature", "properties": { "id": "116570300-2067", "name": "State Route 18", "class": "trunk", "is_priority": true }, "geometry": { "type": "LineString", "coordinates": [ [ -74.416843, 40.482909 ], [ -74.417125, 40.482912 ], [ -74.417416, 40.482949 ], [ -74.417725, 40.483029 ], [ -74.417984, 40.483139 ] ] } },
{ "type": "Feature", "properties": { "id": "116570302-2068", "name": "State Route 18", "class": "trunk", "is_priority": true }, "geometry": { "type": "LineString", "coordinates": [ [ -74.410044, 40.476769 ], [ -74.409749, 40.474982 ] ] } },
{ "type": "Feature", "properties": { "id": "116570302-2069", "name": "State Route 18", "class": "trunk", "is_priority": true }, "geometry": { "type": "LineString", "coordinates": [ [ -74.409749, 40.474982 ], [ -74.409705, 40.474582 ] ] } },
{ "type": "Feature", "properties": { "id": "116570308-2070", "name": "State Route 18", "class": "trunk", "is_priority": true }, "geometry": { "type": "LineString", "coordinates": [ [ -74.411777, 40.481392 ], [ -74.412184, 40.481849 ], [ -74.412468, 40.482137 ] ] } },
{ "type": "Feature", "properties": { "id": "116629236-2071", "name": "", "class": "trunk", "is_priority": true }, "geometry": { "type": "LineString", "coordinates": [ [ -74.431571, 40.471576 ], [ -74.433189, 40.470265 ] ] } },
{ "type": "Feature", "properties": { "id": "116629236-2072", "name": "", "class": "trunk", "is_priority": true }, "geometry": { "type": "LineString", "coordinates": [ [ -74.433189, 40.470265 ], [ -74.434349, 40.469324 ] ] } },
{ "type": "Feature", "properties": { "id": "116629245-2073", "name": "", "class": "trunk", "is_priority": true }, "geometry": { "type": "LineString", "coordinates": [ [ -74.423934, 40.477623 ], [ -74.422319, 40.478936 ] ] } },
{ "type": "Feature", "properties": { "id": "116629245-2074", "name": "", "class": "trunk", "is_priority": true }, "geometry": { "type": "LineString", "coordinates": [ [ -74.422319, 40.478936 ], [ -74.421681, 40.479472 ] ] } },
{ "type": "Feature", "properties": { "id": "116629252-2075", "name": "", "class": "trunk", "is_priority": true }, "geometry": { "type": "LineString", "coordinates": [ [ -74.416465, 40.485457 ], [ -74.416612, 40.485264 ], [ -74.417756, 40.483949 ] ] } },
{ "type": "Feature", "properties": { "id": "116629252-2076", "name": "", "class": "trunk", "is_priority": true }, "geometry": { "type": "LineString", "coordinates": [ [ -74.417756, 40.483949 ], [ -74.419063, 40.482449 ] ] } },
{ "type": "Feature", "properties": { "id": "116629252-2077", "name": "", "class": "trunk", "is_priority": true }, "geometry": { "type": "LineString", "coordinates": [ [ -74.419063, 40.482449 ], [ -74.419522, 40.481918 ], [ -74.419839, 40.48158 ] ] } },
{ "type": "Feature", "properties": { "id": "116629268-2078", "name": "", "class": "trunk", "is_priority": true }, "geometry": { "type": "LineString", "coordinates": [ [ -74.4253, 40.476685 ], [ -74.426919, 40.475375 ] ] } },
{ "type": "Feature", "properties": { "id": "116629268-2079", "name": "", "class": "trunk", "is_priority": true }, "geometry": { "type": "LineString", "coordinates": [ [ -74.426919, 40.475375 ], [ -74.427578, 40.474843 ] ] } },
{ "type": "Feature", "properties": { "id": "122095943-2080", "name": "New Jersey Turnpike", "class": "motorway", "is_priority": true }, "geometry": { "type": "LineString", "coordinates": [ [ -74.410303, 40.47031 ], [ -74.409251, 40.471923 ] ] } },
{ "type": "Feature", "properties": { "id": "122095943-2081", "name": "New Jersey Turnpike", "class": "motorway", "is_priority": true }, "geometry": { "type": "LineString", "coordinates": [ [ -74.409251, 40.471923 ], [ -74.408915, 40.472395 ] ] } },
{ "type": "Feature", "properties": { "id": "122603970-2082", "name": "Memorial Parkway", "class": "motorway", "is_priority": true }, "geometry": { "type": "LineString", "coordinates": [ [ -74.43351, 40.487202 ], [ -74.432933, 40.487025 ], [ -74.432516, 40.486915 ], [ -74.431977, 40.486793 ], [ -74.431264, 40.48666 ] ] } },
{ "type": "Feature", "properties": { "id": "122603970-2083", "name": "Memorial Parkway", "class": "motorway", "is_priority": true }, "geometry": { "type": "LineString", "coordinates": [ [ -74.431264, 40.48666 ], [ -74.428964, 40.486254 ] ] } },
{ "type": "Feature", "properties": { "id": "122603970-2084", "name": "Memorial Parkway", "class": "motorway", "is_priority": true }, "geometry": { "type": "LineString", "coordinates": [ [ -74.428964, 40.486254 ], [ -74.428312, 40.486135 ] ] } },
{ "type": "Feature", "properties": { "id": "132503890-2085", "name": "Landing Lane", "class": "tertiary", "is_priority": false }, "geometry": { "type": "LineString", "coordinates": [ [ -74.462647, 40.510808 ], [ -74.463396, 40.509656 ] ] } },
{ "type": "Feature", "properties": { "id": "132503891-2086", "name": "Landing Lane", "class": "tertiary", "is_priority": false }, "geometry": { "type": "LineString", "coordinates": [ [ -74.463396, 40.509656 ], [ -74.463603, 40.509338 ], [ -74.463704, 40.509124 ] ] } },
{ "type": "Feature", "properties": { "id": "138613275-2087", "name": "Hamilton Street", "class": "secondary", "is_priority": false }, "geometry": { "type": "LineString", "coordinates": [ [ -74.484622, 40.487281 ], [ -74.48293, 40.487674 ] ] } },
{ "type": "Feature", "properties": { "id": "149698020-2088", "name": "Railroad Avenue", "class": "residential", "is_priority": false }, "geometry": { "type": "LineString", "coordinates": [ [ -74.455761, 40.487571 ], [ -74.456363, 40.487041 ], [ -74.457281, 40.486193 ] ] } },
{ "type": "Feature", "properties": { "id": "149698020-2089", "name": "Railroad Avenue", "class": "residential", "is_priority": false }, "geometry": { "type": "LineString", "coordinates": [ [ -74.457281, 40.486193 ], [ -74.458763, 40.484791 ] ] } },
{ "type": "Feature", "properties": { "id": "149698020-2090", "name": "Railroad Avenue", "class": "residential", "is_priority": false }, "geometry": { "type": "LineString", "coordinates": [ [ -74.458763, 40.484791 ], [ -74.459778, 40.483842 ] ] } },
{ "type": "Feature", "properties": { "id": "149841267-2091", "name": "River Road", "class": "tertiary", "is_priority": false }, "geometry": { "type": "LineString", "coordinates": [ [ -74.43918, 40.50233 ], [ -74.439447, 40.502542 ] ] } },
{ "type": "Feature", "properties": { "id": "182887135-2092", "name": "Abeel Street", "class": "residential", "is_priority": false }, "geometry": { "type": "LineString", "coordinates": [ [ -74.440636, 40.489791 ], [ -74.441024, 40.490424 ] ] } },
{ "type": "Feature", "properties": { "id": "182887242-2093", "name": "Chapel Drive", "class": "residential", "is_priority": false }, "geometry": { "type": "LineString", "coordinates": [ [ -74.435881, 40.486322 ], [ -74.436921, 40.485321 ] ] } },
{ "type": "Feature", "properties": { "id": "184334387-2094", "name": "", "class": "residential", "is_priority": false }, "geometry": { "type": "LineString", "coordinates": [ [ -74.434677, 40.492891 ], [ -74.434694, 40.492812 ], [ -74.43465, 40.492768 ], [ -74.434617, 40.492756 ], [ -74.434544, 40.492761 ], [ -74.43449, 40.492798 ], [ -74.434478, 40.492853 ], [ -74.434513, 40.492901 ], [ -74.43458, 40.492923 ], [ -74.434616, 40.492921 ], [ -74.434677, 40.492891 ] ] } },
{ "type": "Feature", "properties": { "id": "184334401-2095", "name": "Redcliffe Avenue", "class": "residential", "is_priority": false }, "geometry": { "type": "LineString", "coordinates": [ [ -74.434861, 40.493183 ], [ -74.43472, 40.493341 ], [ -74.434677, 40.493471 ], [ -74.434699, 40.49356 ] ] } },
{ "type": "Feature", "properties": { "id": "188845715-2096", "name": "Woodbridge Avenue", "class": "secondary", "is_priority": false }, "geometry": { "type": "LineString", "coordinates": [ [ -74.399895, 40.500399 ], [ -74.399054, 40.50047 ] ] } },
{ "type": "Feature", "properties": { "id": "201332101-2097", "name": "Paterson Street", "class": "residential", "is_priority": false }, "geometry": { "type": "LineString", "coordinates": [ [ -74.450464, 40.494205 ], [ -74.448899, 40.494442 ] ] } },
{ "type": "Feature", "properties": { "id": "201337645-2098", "name": "Walton Street", "class": "residential", "is_priority": false }, "geometry": { "type": "LineString", "coordinates": [ [ -74.39722, 40.497757 ], [ -74.394864, 40.49766 ] ] } },
{ "type": "Feature", "properties": { "id": "201337645-2099", "name": "Walton Street", "class": "residential", "is_priority": false }, "geometry": { "type": "LineString", "coordinates": [ [ -74.394864, 40.49766 ], [ -74.393095, 40.497594 ], [ -74.392825, 40.497563 ], [ -74.392678, 40.497503 ], [ -74.392562, 40.497431 ] ] } },
{ "type": "Feature", "properties": { "id": "201337645-2100", "name": "Walton Street", "class": "residential", "is_priority": false }, "geometry": { "type": "LineString", "coordinates": [ [ -74.392562, 40.497431 ], [ -74.392248, 40.497236 ] ] } },
{ "type": "Feature", "properties": { "id": "201337650-2101", "name": "Scotland Avenue", "class": "residential", "is_priority": false }, "geometry": { "type": "LineString", "coordinates": [ [ -74.392781, 40.498946 ], [ -74.392326, 40.498244 ], [ -74.39201, 40.497842 ], [ -74.391702, 40.497637 ] ] } },
{ "type": "Feature", "properties": { "id": "201337655-2102", "name": "Todd Street", "class": "residential", "is_priority": false }, "geometry": { "type": "LineString", "coordinates": [ [ -74.408485, 40.494062 ], [ -74.407422, 40.493928 ], [ -74.406633, 40.493897 ] ] } },
{ "type": "Feature", "properties": { "id": "201339671-2103", "name": "Colgate Court", "class": "residential", "is_priority": false }, "geometry": { "type": "LineString", "coordinates": [ [ -74.49278, 40.483479 ], [ -74.492775, 40.483557 ], [ -74.493043, 40.483642 ], [ -74.494137, 40.48392 ], [ -74.494304, 40.483997 ], [ -74.494357, 40.484108 ], [ -74.494389, 40.484226 ], [ -74.494314, 40.484442 ] ] } },
{ "type": "Feature", "properties": { "id": "272967356-2104", "name": "Neilson Street", "class": "residential", "is_priority": false }, "geometry": { "type": "LineString", "coordinates": [ [ -74.440472, 40.490613 ], [ -74.439415, 40.489002 ] ] } },
{ "type": "Feature", "properties": { "id": "272967356-2105", "name": "Neilson Street", "class": "residential", "is_priority": false }, "geometry": { "type": "LineString", "coordinates": [ [ -74.439415, 40.489002 ], [ -74.438902, 40.488207 ] ] } },
{ "type": "Feature", "properties": { "id": "272967360-2106", "name": "Neilson Street", "class": "residential", "is_priority": false }, "geometry": { "type": "LineString", "coordinates": [ [ -74.441345, 40.492429 ], [ -74.441286, 40.492066 ], [ -74.441248, 40.49196 ], [ -74.440551, 40.490746 ] ] } },
{ "type": "Feature", "properties": { "id": "272967360-2107", "name": "Neilson Street", "class": "residential", "is_priority": false }, "geometry": { "type": "LineString", "coordinates": [ [ -74.440551, 40.490746 ], [ -74.440472, 40.490613 ] ] } },
{ "type": "Feature", "properties": { "id": "280040227-2108", "name": "George Street", "class": "primary", "is_priority": true }, "geometry": { "type": "LineString", "coordinates": [ [ -74.460169, 40.50727 ], [ -74.462497, 40.507569 ] ] } },
{ "type": "Feature", "properties": { "id": "280040227-2109", "name": "George Street", "class": "primary", "is_priority": true }, "geometry": { "type": "LineString", "coordinates": [ [ -74.462497, 40.507569 ], [ -74.46296, 40.507628 ], [ -74.463904, 40.507695 ], [ -74.464008, 40.507678 ] ] } },
{ "type": "Feature", "properties": { "id": "283835707-2110", "name": "Paterson Street", "class": "residential", "is_priority": false }, "geometry": { "type": "LineString", "coordinates": [ [ -74.445183, 40.494986 ], [ -74.444315, 40.495115 ] ] } },
{ "type": "Feature", "properties": { "id": "293038532-2111", "name": "Riverside Drive", "class": "residential", "is_priority": false }, "geometry": { "type": "LineString", "coordinates": [ [ -74.439691, 40.492535 ], [ -74.439656, 40.491908 ] ] } },
{ "type": "Feature", "properties": { "id": "295023339-2112", "name": "Franklin Boulevard", "class": "tertiary", "is_priority": false }, "geometry": { "type": "LineString", "coordinates": [ [ -74.473982, 40.499908 ], [ -74.475444, 40.498493 ] ] } },
{ "type": "Feature", "properties": { "id": "295023339-2113", "name": "Franklin Boulevard", "class": "tertiary", "is_priority": false }, "geometry": { "type": "LineString", "coordinates": [ [ -74.475444, 40.498493 ], [ -74.476448, 40.497535 ] ] } },
{ "type": "Feature", "properties": { "id": "295023352-2114", "name": "Highland Avenue", "class": "residential", "is_priority": false }, "geometry": { "type": "LineString", "coordinates": [ [ -74.473737, 40.500142 ], [ -74.475584, 40.501264 ] ] } },
{ "type": "Feature", "properties": { "id": "295023352-2115", "name": "Highland Avenue", "class": "residential", "is_priority": false }, "geometry": { "type": "LineString", "coordinates": [ [ -74.475584, 40.501264 ], [ -74.477423, 40.502393 ] ] } },
{ "type": "Feature", "properties": { "id": "295023352-2116", "name": "Highland Avenue", "class": "residential", "is_priority": false }, "geometry": { "type": "LineString", "coordinates": [ [ -74.477423, 40.502393 ], [ -74.477802, 40.502631 ] ] } },
{ "type": "Feature", "properties": { "id": "295023361-2117", "name": "Irvington Avenue", "class": "residential", "is_priority": false }, "geometry": { "type": "LineString", "coordinates": [ [ -74.477802, 40.502631 ], [ -74.478764, 40.501725 ] ] } },
{ "type": "Feature", "properties": { "id": "297436208-2118", "name": "Jersey Avenue", "class": "tertiary", "is_priority": false }, "geometry": { "type": "LineString", "coordinates": [ [ -74.457558, 40.488671 ], [ -74.459042, 40.48727 ] ] } },
{ "type": "Feature", "properties": { "id": "297436208-2119", "name": "Jersey Avenue", "class": "tertiary", "is_priority": false }, "geometry": { "type": "LineString", "coordinates": [ [ -74.459042, 40.48727 ], [ -74.460069, 40.486308 ], [ -74.46062, 40.485937 ] ] } },
{ "type": "Feature", "properties": { "id": "297436208-2120", "name": "Jersey Avenue", "class": "tertiary", "is_priority": false }, "geometry": { "type": "LineString", "coordinates": [ [ -74.46062, 40.485937 ], [ -74.462395, 40.484751 ] ] } },
{ "type": "Feature", "properties": { "id": "297436208-2121", "name": "Jersey Avenue", "class": "tertiary", "is_priority": false }, "geometry": { "type": "LineString", "coordinates": [ [ -74.462395, 40.484751 ], [ -74.463072, 40.484299 ], [ -74.463304, 40.48412 ], [ -74.464056, 40.483475 ] ] } },
{ "type": "Feature", "properties": { "id": "297436208-2122", "name": "Jersey Avenue", "class": "tertiary", "is_priority": false }, "geometry": { "type": "LineString", "coordinates": [ [ -74.464056, 40.483475 ], [ -74.464527, 40.483097 ], [ -74.465642, 40.482141 ] ] } },
{ "type": "Feature", "properties": { "id": "297436208-2123", "name": "Jersey Avenue", "class": "tertiary", "is_priority": false }, "geometry": { "type": "LineString", "coordinates": [ [ -74.465642, 40.482141 ], [ -74.46575, 40.48205 ] ] } },
{ "type": "Feature", "properties": { "id": "297436213-2124", "name": "Sandford Street", "class": "residential", "is_priority": false }, "geometry": { "type": "LineString", "coordinates": [ [ -74.457558, 40.488671 ], [ -74.459117, 40.489628 ], [ -74.459379, 40.489816 ] ] } },
{ "type": "Feature", "properties": { "id": "297436213-2125", "name": "Sandford Street", "class": "residential", "is_priority": false }, "geometry": { "type": "LineString", "coordinates": [ [ -74.459379, 40.489816 ], [ -74.459538, 40.48993 ] ] } },
{ "type": "Feature", "properties": { "id": "309285655-2126", "name": "Alder Court", "class": "residential", "is_priority": false }, "geometry": { "type": "LineString", "coordinates": [ [ -74.453234, 40.478779 ], [ -74.452795, 40.479216 ] ] } },
{ "type": "Feature", "properties": { "id": "309285656-2127", "name": "Birch Court", "class": "residential", "is_priority": false }, "geometry": { "type": "LineString", "coordinates": [ [ -74.452337, 40.479653 ], [ -74.452795, 40.479216 ] ] } },
{ "type": "Feature", "properties": { "id": "309285657-2128", "name": "Cedar Court", "class": "residential", "is_priority": false }, "geometry": { "type": "LineString", "coordinates": [ [ -74.4518, 40.479095 ], [ -74.450799, 40.478481 ], [ -74.450471, 40.478793 ] ] } },
{ "type": "Feature", "properties": { "id": "309285658-2129", "name": "Dogwood Court", "class": "residential", "is_priority": false }, "geometry": { "type": "LineString", "coordinates": [ [ -74.450375, 40.478735 ], [ -74.450131, 40.47897 ], [ -74.450099, 40.478992 ], [ -74.450041, 40.478994 ], [ -74.449338, 40.478569 ], [ -74.449538, 40.478367 ] ] } },
{ "type": "Feature", "properties": { "id": "309285659-2130", "name": "Evergreen Drive", "class": "residential", "is_priority": false }, "geometry": { "type": "LineString", "coordinates": [ [ -74.452545, 40.478432 ], [ -74.452157, 40.478815 ], [ -74.451937, 40.479003 ], [ -74.451775, 40.479106 ], [ -74.451242, 40.479168 ], [ -74.451167, 40.479163 ], [ -74.451054, 40.479137 ], [ -74.450694, 40.47893 ] ] } },
{ "type": "Feature", "properties": { "id": "309285659-2131", "name": "Evergreen Drive", "class": "residential", "is_priority": false }, "geometry": { "type": "LineString", "coordinates": [ [ -74.450694, 40.47893 ], [ -74.449847, 40.478419 ] ] } },
{ "type": "Feature", "properties": { "id": "309285660-2132", "name": "Fernwood Court", "class": "residential", "is_priority": false }, "geometry": { "type": "LineString", "coordinates": [ [ -74.450052, 40.478538 ], [ -74.450498, 40.478098 ], [ -74.450328, 40.477996 ], [ -74.449884, 40.478435 ] ] } },
{ "type": "Feature", "properties": { "id": "309285661-2133", "name": "Hickory Drive", "class": "residential", "is_priority": false }, "geometry": { "type": "LineString", "coordinates": [ [ -74.452157, 40.478815 ], [ -74.452795, 40.479216 ] ] } },
{ "type": "Feature", "properties": { "id": "309285933-2134", "name": "Hope Manor Drive", "class": "residential", "is_priority": false }, "geometry": { "type": "LineString", "coordinates": [ [ -74.442277, 40.490689 ], [ -74.442632, 40.49057 ], [ -74.443287, 40.490077 ], [ -74.443298, 40.49005 ], [ -74.44312, 40.489765 ], [ -74.442765, 40.489535 ] ] } },
{ "type": "Feature", "properties": { "id": "331768367-2135", "name": "Clifton Avenue", "class": "residential", "is_priority": false }, "geometry": { "type": "LineString", "coordinates": [ [ -74.420727, 40.482597 ], [ -74.420216, 40.483083 ], [ -74.419944, 40.483386 ], [ -74.419716, 40.483677 ], [ -74.419666, 40.483727 ], [ -74.419586, 40.483768 ] ] } },
{ "type": "Feature", "properties": { "id": "338939101-2136", "name": "Melissa Lane", "class": "residential", "is_priority": false }, "geometry": { "type": "LineString", "coordinates": [ [ -74.464419, 40.489405 ], [ -74.464853, 40.489181 ], [ -74.465271, 40.489627 ] ] } },
{ "type": "Feature", "properties": { "id": "352678513-2137", "name": "Matthew Street", "class": "residential", "is_priority": false }, "geometry": { "type": "LineString", "coordinates": [ [ -74.468742, 40.463753 ], [ -74.467925, 40.464541 ], [ -74.467873, 40.464651 ], [ -74.467871, 40.464705 ] ] } },
{ "type": "Feature", "properties": { "id": "353034593-2138", "name": "Hampton Road", "class": "residential", "is_priority": false }, "geometry": { "type": "LineString", "coordinates": [ [ -74.488372, 40.473792 ], [ -74.487412, 40.474989 ], [ -74.486909, 40.475092 ] ] } },
{ "type": "Feature", "properties": { "id": "353034593-2139", "name": "Hampton Road", "class": "residential", "is_priority": false }, "geometry": { "type": "LineString", "coordinates": [ [ -74.486909, 40.475092 ], [ -74.486629, 40.475106 ], [ -74.486365, 40.475247 ], [ -74.48613, 40.475538 ], [ -74.485588, 40.476104 ] ] } },
{ "type": "Feature", "properties": { "id": "353072513-2140", "name": "", "class": "residential", "is_priority": false }, "geometry": { "type": "LineString", "coordinates": [ [ -74.473593, 40.483304 ], [ -74.473879, 40.483146 ] ] } },
{ "type": "Feature", "properties": { "id": "357506245-2141", "name": "Alerica Lane", "class": "residential", "is_priority": false }, "geometry": { "type": "LineString", "coordinates": [ [ -74.466822, 40.488037 ], [ -74.466914, 40.488027 ], [ -74.46727, 40.48781 ] ] } },
{ "type": "Feature", "properties": { "id": "357506247-2142", "name": "Keenan Street", "class": "residential", "is_priority": false }, "geometry": { "type": "LineString", "coordinates": [ [ -74.466565, 40.488622 ], [ -74.465412, 40.489205 ] ] } },
{ "type": "Feature", "properties": { "id": "357506249-2143", "name": "Liam Street", "class": "residential", "is_priority": false }, "geometry": { "type": "LineString", "coordinates": [ [ -74.465709, 40.489544 ], [ -74.466855, 40.488973 ] ] } },
{ "type": "Feature", "properties": { "id": "357506251-2144", "name": "Alfred Avenue", "class": "residential", "is_priority": false }, "geometry": { "type": "LineString", "coordinates": [ [ -74.466334, 40.488342 ], [ -74.466855, 40.488973 ], [ -74.466889, 40.48917 ] ] } },
{ "type": "Feature", "properties": { "id": "357506253-2145", "name": "Ronald Drive", "class": "residential", "is_priority": false }, "geometry": { "type": "LineString", "coordinates": [ [ -74.464946, 40.488668 ], [ -74.465836, 40.489689 ] ] } },
{ "type": "Feature", "properties": { "id": "359184041-2146", "name": "Oxford Place", "class": "residential", "is_priority": false }, "geometry": { "type": "LineString", "coordinates": [ [ -74.478861, 40.484179 ], [ -74.477791, 40.484486 ], [ -74.478139, 40.485376 ] ] } },
{ "type": "Feature", "properties": { "id": "359184041-2147", "name": "Oxford Place", "class": "residential", "is_priority": false }, "geometry": { "type": "LineString", "coordinates": [ [ -74.478139, 40.485376 ], [ -74.478141, 40.485382 ] ] } },
{ "type": "Feature", "properties": { "id": "359289474-2148", "name": "Elijah's Way", "class": "residential", "is_priority": false }, "geometry": { "type": "LineString", "coordinates": [ [ -74.439816, 40.488535 ], [ -74.43925, 40.488748 ] ] } },
{ "type": "Feature", "properties": { "id": "371490360-2149", "name": "", "class": "residential", "is_priority": false }, "geometry": { "type": "LineString", "coordinates": [ [ -74.446852, 40.495601 ], [ -74.446921, 40.49593 ] ] } },
{ "type": "Feature", "properties": { "id": "371490606-2150", "name": "Kirkpatrick Street", "class": "residential", "is_priority": false }, "geometry": { "type": "LineString", "coordinates": [ [ -74.446706, 40.494764 ], [ -74.446874, 40.495519 ], [ -74.446852, 40.495601 ] ] } },
{ "type": "Feature", "properties": { "id": "371490607-2151", "name": "Paterson Street", "class": "residential", "is_priority": false }, "geometry": { "type": "LineString", "coordinates": [ [ -74.446706, 40.494764 ], [ -74.445183, 40.494986 ] ] } },
{ "type": "Feature", "properties": { "id": "374622073-2152", "name": "College Avenue", "class": "residential", "is_priority": false }, "geometry": { "type": "LineString", "coordinates": [ [ -74.447657, 40.499026 ], [ -74.448246, 40.49962 ] ] } },
{ "type": "Feature", "properties": { "id": "374622077-2153", "name": "George Street", "class": "tertiary", "is_priority": false }, "geometry": { "type": "LineString", "coordinates": [ [ -74.445425, 40.500278 ], [ -74.446286, 40.501956 ] ] } },
{ "type": "Feature", "properties": { "id": "374622077-2154", "name": "George Street", "class": "tertiary", "is_priority": false }, "geometry": { "type": "LineString", "coordinates": [ [ -74.446286, 40.501956 ], [ -74.446606, 40.502533 ], [ -74.446731, 40.502692 ], [ -74.446905, 40.502825 ], [ -74.447751, 40.503298 ] ] } },
{ "type": "Feature", "properties": { "id": "374622077-2155", "name": "George Street", "class": "tertiary", "is_priority": false }, "geometry": { "type": "LineString", "coordinates": [ [ -74.447751, 40.503298 ], [ -74.447758, 40.503302 ] ] } },
{ "type": "Feature", "properties": { "id": "374622078-2156", "name": "George Street", "class": "tertiary", "is_priority": false }, "geometry": { "type": "LineString", "coordinates": [ [ -74.444755, 40.498342 ], [ -74.445017, 40.499246 ] ] } },
{ "type": "Feature", "properties": { "id": "374622079-2157", "name": "Hamilton Street", "class": "tertiary", "is_priority": false }, "geometry": { "type": "LineString", "coordinates": [ [ -74.448399, 40.498806 ], [ -74.449365, 40.498514 ] ] } },
{ "type": "Feature", "properties": { "id": "374622081-2158", "name": "Somerset Street", "class": "residential", "is_priority": false }, "geometry": { "type": "LineString", "coordinates": [ [ -74.446912, 40.49768 ], [ -74.4478, 40.497406 ] ] } },
{ "type": "Feature", "properties": { "id": "375617849-2159", "name": "Paterson Street", "class": "residential", "is_priority": false }, "geometry": { "type": "LineString", "coordinates": [ [ -74.447503, 40.494654 ], [ -74.446706, 40.494764 ] ] } },
{ "type": "Feature", "properties": { "id": "375631263-2160", "name": "Easton Avenue", "class": "tertiary", "is_priority": false }, "geometry": { "type": "LineString", "coordinates": [ [ -74.4478, 40.497406 ], [ -74.449895, 40.498236 ] ] } },
{ "type": "Feature", "properties": { "id": "375631263-2161", "name": "Easton Avenue", "class": "tertiary", "is_priority": false }, "geometry": { "type": "LineString", "coordinates": [ [ -74.449895, 40.498236 ], [ -74.450044, 40.498294 ] ] } },
{ "type": "Feature", "properties": { "id": "375631264-2162", "name": "Easton Avenue", "class": "tertiary", "is_priority": false }, "geometry": { "type": "LineString", "coordinates": [ [ -74.462464, 40.503151 ], [ -74.464567, 40.503969 ] ] } },
{ "type": "Feature", "properties": { "id": "375631264-2163", "name": "Easton Avenue", "class": "tertiary", "is_priority": false }, "geometry": { "type": "LineString", "coordinates": [ [ -74.464567, 40.503969 ], [ -74.466012, 40.504531 ] ] } },
{ "type": "Feature", "properties": { "id": "375631266-2164", "name": "George Street", "class": "tertiary", "is_priority": false }, "geometry": { "type": "LineString", "coordinates": [ [ -74.441858, 40.490081 ], [ -74.442277, 40.490689 ], [ -74.442609, 40.491215 ] ] } },
{ "type": "Feature", "properties": { "id": "375631268-2165", "name": "Remsen Avenue", "class": "residential", "is_priority": false }, "geometry": { "type": "LineString", "coordinates": [ [ -74.449054, 40.483498 ], [ -74.449619, 40.482943 ], [ -74.450533, 40.482094 ] ] } },
{ "type": "Feature", "properties": { "id": "375631268-2166", "name": "Remsen Avenue", "class": "residential", "is_priority": false }, "geometry": { "type": "LineString", "coordinates": [ [ -74.450533, 40.482094 ], [ -74.450812, 40.481829 ] ] } },
{ "type": "Feature", "properties": { "id": "375631269-2167", "name": "Sandford Street", "class": "residential", "is_priority": false }, "geometry": { "type": "LineString", "coordinates": [ [ -74.449054, 40.483498 ], [ -74.450903, 40.484618 ] ] } },
{ "type": "Feature", "properties": { "id": "375631269-2168", "name": "Sandford Street", "class": "residential", "is_priority": false }, "geometry": { "type": "LineString", "coordinates": [ [ -74.450903, 40.484618 ], [ -74.452298, 40.485464 ] ] } },
{ "type": "Feature", "properties": { "id": "377219193-2169", "name": "Georges Road", "class": "tertiary", "is_priority": false }, "geometry": { "type": "LineString", "coordinates": [ [ -74.449213, 40.472786 ], [ -74.449614, 40.471918 ], [ -74.450068, 40.471108 ] ] } },
{ "type": "Feature", "properties": { "id": "377219193-2170", "name": "Georges Road", "class": "tertiary", "is_priority": false }, "geometry": { "type": "LineString", "coordinates": [ [ -74.450068, 40.471108 ], [ -74.450287, 40.470747 ], [ -74.451383, 40.46962 ] ] } },
{ "type": "Feature", "properties": { "id": "377219193-2171", "name": "Georges Road", "class": "tertiary", "is_priority": false }, "geometry": { "type": "LineString", "coordinates": [ [ -74.451383, 40.46962 ], [ -74.451601, 40.469397 ] ] } },
{ "type": "Feature", "properties": { "id": "377219195-2172", "name": "Nassau Street", "class": "residential", "is_priority": false }, "geometry": { "type": "LineString", "coordinates": [ [ -74.457591, 40.475271 ], [ -74.459438, 40.476392 ] ] } },
{ "type": "Feature", "properties": { "id": "377219195-2173", "name": "Nassau Street", "class": "residential", "is_priority": false }, "geometry": { "type": "LineString", "coordinates": [ [ -74.459438, 40.476392 ], [ -74.460837, 40.47724 ] ] } },
{ "type": "Feature", "properties": { "id": "377220600-2174", "name": "Easton Avenue", "class": "tertiary", "is_priority": false }, "geometry": { "type": "LineString", "coordinates": [ [ -74.458375, 40.501555 ], [ -74.458849, 40.501737 ] ] } },
{ "type": "Feature", "properties": { "id": "377220601-2175", "name": "Huntington Street", "class": "residential", "is_priority": false }, "geometry": { "type": "LineString", "coordinates": [ [ -74.455498, 40.504183 ], [ -74.456384, 40.503627 ], [ -74.457354, 40.50307 ] ] } },
{ "type": "Feature", "properties": { "id": "377220601-2176", "name": "Huntington Street", "class": "residential", "is_priority": false }, "geometry": { "type": "LineString", "coordinates": [ [ -74.457354, 40.50307 ], [ -74.459219, 40.501966 ] ] } },
{ "type": "Feature", "properties": { "id": "377220601-2177", "name": "Huntington Street", "class": "residential", "is_priority": false }, "geometry": { "type": "LineString", "coordinates": [ [ -74.459219, 40.501966 ], [ -74.459297, 40.50191 ] ] } },
{ "type": "Feature", "properties": { "id": "377220604-2178", "name": "Richardson Street", "class": "residential", "is_priority": false }, "geometry": { "type": "LineString", "coordinates": [ [ -74.454923, 40.503604 ], [ -74.456785, 40.502496 ] ] } },
{ "type": "Feature", "properties": { "id": "377220604-2179", "name": "Richardson Street", "class": "residential", "is_priority": false }, "geometry": { "type": "LineString", "coordinates": [ [ -74.456785, 40.502496 ], [ -74.458375, 40.501555 ] ] } },
{ "type": "Feature", "properties": { "id": "377220608-2180", "name": "Sicard Street", "class": "residential", "is_priority": false }, "geometry": { "type": "LineString", "coordinates": [ [ -74.45606, 40.50473 ], [ -74.455498, 40.504183 ] ] } },
{ "type": "Feature", "properties": { "id": "377220609-2181", "name": "Sicard Street", "class": "residential", "is_priority": false }, "geometry": { "type": "LineString", "coordinates": [ [ -74.454923, 40.503604 ], [ -74.455498, 40.504183 ] ] } },
{ "type": "Feature", "properties": { "id": "379768508-2182", "name": "Livingston Avenue", "class": "secondary", "is_priority": false }, "geometry": { "type": "LineString", "coordinates": [ [ -74.478953, 40.462003 ], [ -74.480212, 40.460992 ] ] } },
{ "type": "Feature", "properties": { "id": "381012541-2183", "name": "College Farm Road East", "class": "unclassified", "is_priority": false }, "geometry": { "type": "LineString", "coordinates": [ [ -74.434498, 40.468175 ], [ -74.434857, 40.468065 ] ] } },
{ "type": "Feature", "properties": { "id": "381012545-2184", "name": "Livingston Avenue", "class": "secondary", "is_priority": false }, "geometry": { "type": "LineString", "coordinates": [ [ -74.469036, 40.470199 ], [ -74.470624, 40.468867 ] ] } },
{ "type": "Feature", "properties": { "id": "381012545-2185", "name": "Livingston Avenue", "class": "secondary", "is_priority": false }, "geometry": { "type": "LineString", "coordinates": [ [ -74.470624, 40.468867 ], [ -74.471474, 40.468167 ] ] } },
{ "type": "Feature", "properties": { "id": "381415737-2186", "name": "Burnet Street", "class": "tertiary", "is_priority": false }, "geometry": { "type": "LineString", "coordinates": [ [ -74.415007, 40.484033 ], [ -74.415123, 40.484054 ] ] } },
{ "type": "Feature", "properties": { "id": "381415738-2187", "name": "Cobb Road", "class": "residential", "is_priority": false }, "geometry": { "type": "LineString", "coordinates": [ [ -74.43034, 40.482478 ], [ -74.430055, 40.482599 ], [ -74.429807, 40.482658 ], [ -74.429035, 40.482738 ], [ -74.428784, 40.482797 ], [ -74.428607, 40.482881 ] ] } },
{ "type": "Feature", "properties": { "id": "381415742-2188", "name": "Gibbons Court", "class": "residential", "is_priority": false }, "geometry": { "type": "LineString", "coordinates": [ [ -74.431964, 40.485305 ], [ -74.43273, 40.485231 ] ] } },
{ "type": "Feature", "properties": { "id": "381415776-2189", "name": "", "class": "trunk", "is_priority": true }, "geometry": { "type": "LineString", "coordinates": [ [ -74.416666, 40.484986 ], [ -74.415361, 40.486487 ] ] } },
{ "type": "Feature", "properties": { "id": "381415776-2190", "name": "", "class": "trunk", "is_priority": true }, "geometry": { "type": "LineString", "coordinates": [ [ -74.415361, 40.486487 ], [ -74.414486, 40.48753 ], [ -74.414121, 40.488019 ] ] } },
{ "type": "Feature", "properties": { "id": "381415776-2191", "name": "", "class": "trunk", "is_priority": true }, "geometry": { "type": "LineString", "coordinates": [ [ -74.414121, 40.488019 ], [ -74.413922, 40.488325 ], [ -74.413783, 40.488594 ], [ -74.413662, 40.488878 ], [ -74.413568, 40.48917 ], [ -74.413434, 40.489731 ] ] } },
{ "type": "Feature", "properties": { "id": "381415780-2192", "name": "", "class": "trunk", "is_priority": true }, "geometry": { "type": "LineString", "coordinates": [ [ -74.418121, 40.483327 ], [ -74.417741, 40.48377 ] ] } },
{ "type": "Feature", "properties": { "id": "381415786-2193", "name": "Westons Mill Road", "class": "residential", "is_priority": false }, "geometry": { "type": "LineString", "coordinates": [ [ -74.410391, 40.475425 ], [ -74.410287, 40.475185 ], [ -74.409875, 40.474398 ] ] } },
{ "type": "Feature", "properties": { "id": "381415806-2194", "name": "", "class": "trunk_link", "is_priority": false }, "geometry": { "type": "LineString", "coordinates": [ [ -74.415743, 40.483706 ], [ -74.415683, 40.483571 ], [ -74.415672, 40.483478 ], [ -74.415691, 40.483398 ], [ -74.415743, 40.48331 ], [ -74.415827, 40.483238 ], [ -74.415925, 40.483183 ], [ -74.416163, 40.483099 ], [ -74.416374, 40.483043 ] ] } },
{ "type": "Feature", "properties": { "id": "381485982-2195", "name": "State Route 18", "class": "trunk", "is_priority": true }, "geometry": { "type": "LineString", "coordinates": [ [ -74.410282, 40.477996 ], [ -74.410318, 40.478089 ] ] } },
{ "type": "Feature", "properties": { "id": "381485986-2196", "name": "", "class": "trunk_link", "is_priority": false }, "geometry": { "type": "LineString", "coordinates": [ [ -74.41689, 40.484068 ], [ -74.416485, 40.484026 ], [ -74.416185, 40.483976 ], [ -74.415975, 40.483886 ], [ -74.415743, 40.483706 ] ] } },
{ "type": "Feature", "properties": { "id": "381485987-2197", "name": "", "class": "trunk_link", "is_priority": false }, "geometry": { "type": "LineString", "coordinates": [ [ -74.415598, 40.483927 ], [ -74.415983, 40.484018 ] ] } },
{ "type": "Feature", "properties": { "id": "381485989-2198", "name": "", "class": "trunk_link", "is_priority": false }, "geometry": { "type": "LineString", "coordinates": [ [ -74.416724, 40.484361 ], [ -74.416774, 40.484479 ], [ -74.416787, 40.484595 ], [ -74.41677, 40.48469 ], [ -74.416666, 40.484986 ] ] } },
{ "type": "Feature", "properties": { "id": "382255202-2199", "name": "Dudley Road", "class": "residential", "is_priority": false }, "geometry": { "type": "LineString", "coordinates": [ [ -74.436728, 40.479003 ], [ -74.437236, 40.47905 ], [ -74.437357, 40.479073 ], [ -74.437606, 40.479158 ], [ -74.437771, 40.479252 ], [ -74.437903, 40.479353 ], [ -74.437998, 40.479474 ], [ -74.438336, 40.480088 ] ] } },
{ "type": "Feature", "properties": { "id": "382255202-2200", "name": "Dudley Road", "class": "residential", "is_priority": false }, "geometry": { "type": "LineString", "coordinates": [ [ -74.438336, 40.480088 ], [ -74.438462, 40.480224 ], [ -74.440155, 40.481222 ] ] } },
{ "type": "Feature", "properties": { "id": "382255202-2201", "name": "Dudley Road", "class": "residential", "is_priority": false }, "geometry": { "type": "LineString", "coordinates": [ [ -74.440155, 40.481222 ], [ -74.440813, 40.481618 ] ] } },
{ "type": "Feature", "properties": { "id": "382255479-2202", "name": "Lipman Drive", "class": "residential", "is_priority": false }, "geometry": { "type": "LineString", "coordinates": [ [ -74.436526, 40.480979 ], [ -74.436802, 40.480811 ], [ -74.436927, 40.480765 ], [ -74.437088, 40.48072 ], [ -74.43724, 40.480696 ], [ -74.437403, 40.480692 ], [ -74.437967, 40.480717 ], [ -74.438135, 40.480748 ], [ -74.438305, 40.480805 ], [ -74.438675, 40.481005 ] ] } },
{ "type": "Feature", "properties": { "id": "382255479-2203", "name": "Lipman Drive", "class": "residential", "is_priority": false }, "geometry": { "type": "LineString", "coordinates": [ [ -74.438675, 40.481005 ], [ -74.44038, 40.482029 ] ] } },
{ "type": "Feature", "properties": { "id": "387411268-2204", "name": "Wayside Road", "class": "residential", "is_priority": false }, "geometry": { "type": "LineString", "coordinates": [ [ -74.436033, 40.503327 ], [ -74.43781, 40.502141 ] ] } },
{ "type": "Feature", "properties": { "id": "387411268-2205", "name": "Wayside Road", "class": "residential", "is_priority": false }, "geometry": { "type": "LineString", "coordinates": [ [ -74.43781, 40.502141 ], [ -74.438264, 40.501833 ] ] } },
{ "type": "Feature", "properties": { "id": "396817149-2206", "name": "Hudson Circle", "class": "residential", "is_priority": false }, "geometry": { "type": "LineString", "coordinates": [ [ -74.436397, 40.503564 ], [ -74.436214, 40.503729 ], [ -74.436199, 40.503767 ], [ -74.436236, 40.503852 ], [ -74.436626, 40.504125 ], [ -74.436717, 40.504121 ], [ -74.436802, 40.504072 ], [ -74.43692, 40.50396 ], [ -74.436909, 40.503898 ], [ -74.436541, 40.50363 ], [ -74.436397, 40.503564 ] ] } },
{ "type": "Feature", "properties": { "id": "412163900-2207", "name": "", "class": "secondary_link", "is_priority": false }, "geometry": { "type": "LineString", "coordinates": [ [ -74.428254, 40.480238 ], [ -74.428332, 40.480463 ], [ -74.428354, 40.480559 ], [ -74.428345, 40.480635 ], [ -74.428301, 40.480729 ], [ -74.428116, 40.48086 ] ] } },
{ "type": "Feature", "properties": { "id": "412163904-2208", "name": "", "class": "trunk_link", "is_priority": false }, "geometry": { "type": "LineString", "coordinates": [ [ -74.423455, 40.478188 ], [ -74.423817, 40.478263 ] ] } },
{ "type": "Feature", "properties": { "id": "412163905-2209", "name": "", "class": "trunk_link", "is_priority": false }, "geometry": { "type": "LineString", "coordinates": [ [ -74.423817, 40.478263 ], [ -74.423749, 40.478115 ], [ -74.423738, 40.477956 ] ] } },
{ "type": "Feature", "properties": { "id": "417653271-2210", "name": "Albany Street", "class": "secondary", "is_priority": false }, "geometry": { "type": "LineString", "coordinates": [ [ -74.440855, 40.497134 ], [ -74.441059, 40.497157 ], [ -74.44243, 40.49702 ] ] } },
{ "type": "Feature", "properties": { "id": "432303507-2211", "name": "French Street", "class": "secondary", "is_priority": false }, "geometry": { "type": "LineString", "coordinates": [ [ -74.446166, 40.496311 ], [ -74.446628, 40.496065 ], [ -74.446921, 40.49593 ] ] } },
{ "type": "Feature", "properties": { "id": "432348489-2212", "name": "", "class": "motorway_link", "is_priority": false }, "geometry": { "type": "LineString", "coordinates": [ [ -74.451739, 40.506032 ], [ -74.450506, 40.505601 ], [ -74.449628, 40.505229 ] ] } },
{ "type": "Feature", "properties": { "id": "432348489-2213", "name": "", "class": "motorway_link", "is_priority": false }, "geometry": { "type": "LineString", "coordinates": [ [ -74.449628, 40.505229 ], [ -74.449609, 40.505221 ] ] } },
{ "type": "Feature", "properties": { "id": "440882414-2214", "name": "Old Gibbons Drive", "class": "residential", "is_priority": false }, "geometry": { "type": "LineString", "coordinates": [ [ -74.431953, 40.485151 ], [ -74.431964, 40.485305 ] ] } },
{ "type": "Feature", "properties": { "id": "440882452-2215", "name": "Constitution Square", "class": "residential", "is_priority": false }, "geometry": { "type": "LineString", "coordinates": [ [ -74.427885, 40.478461 ], [ -74.42751, 40.478498 ], [ -74.427227, 40.478507 ] ] } },
{ "type": "Feature", "properties": { "id": "440882453-2216", "name": "Rutgers Plaza", "class": "residential", "is_priority": false }, "geometry": { "type": "LineString", "coordinates": [ [ -74.426202, 40.477534 ], [ -74.426648, 40.477773 ], [ -74.426975, 40.477912 ], [ -74.427079, 40.478026 ], [ -74.427187, 40.478269 ], [ -74.427243, 40.478569 ] ] } },
{ "type": "Feature", "properties": { "id": "440882454-2217", "name": "Constitution Square", "class": "residential", "is_priority": false }, "geometry": { "type": "LineString", "coordinates": [ [ -74.427243, 40.478569 ], [ -74.42735, 40.478587 ], [ -74.427804, 40.47856 ], [ -74.427882, 40.478593 ] ] } },
{ "type": "Feature", "properties": { "id": "440882455-2218", "name": "Constitution Square", "class": "residential", "is_priority": false }, "geometry": { "type": "LineString", "coordinates": [ [ -74.427227, 40.478507 ], [ -74.426902, 40.478499 ], [ -74.426661, 40.478517 ], [ -74.426452, 40.478611 ] ] } },
{ "type": "Feature", "properties": { "id": "440882456-2219", "name": "Constitution Square", "class": "residential", "is_priority": false }, "geometry": { "type": "LineString", "coordinates": [ [ -74.426452, 40.478611 ], [ -74.426712, 40.478817 ], [ -74.426948, 40.47882 ], [ -74.427018, 40.478783 ], [ -74.427243, 40.478569 ] ] } },
{ "type": "Feature", "properties": { "id": "441684391-2220", "name": "Gibbons Court", "class": "residential", "is_priority": false }, "geometry": { "type": "LineString", "coordinates": [ [ -74.43217, 40.485099 ], [ -74.432021, 40.485119 ], [ -74.431953, 40.485151 ] ] } },
{ "type": "Feature", "properties": { "id": "441707961-2221", "name": "Liberty Street", "class": "residential", "is_priority": false }, "geometry": { "type": "LineString", "coordinates": [ [ -74.443577, 40.493658 ], [ -74.441727, 40.493988 ] ] } },
{ "type": "Feature", "properties": { "id": "442797130-2222", "name": "Paul Robeson Boulevard", "class": "tertiary", "is_priority": false }, "geometry": { "type": "LineString", "coordinates": [ [ -74.438902, 40.488207 ], [ -74.43996, 40.487219 ] ] } },
{ "type": "Feature", "properties": { "id": "442797145-2223", "name": "Nichol Avenue", "class": "residential", "is_priority": false }, "geometry": { "type": "LineString", "coordinates": [ [ -74.439091, 40.483259 ], [ -74.439284, 40.483085 ], [ -74.439857, 40.482511 ], [ -74.44038, 40.482029 ] ] } },
{ "type": "Feature", "properties": { "id": "442797149-2224", "name": "Red Oak Lane", "class": "residential", "is_priority": false }, "geometry": { "type": "LineString", "coordinates": [ [ -74.438001, 40.482569 ], [ -74.437244, 40.483258 ] ] } },
{ "type": "Feature", "properties": { "id": "442797152-2225", "name": "Lipman Drive", "class": "residential", "is_priority": false }, "geometry": { "type": "LineString", "coordinates": [ [ -74.437244, 40.483258 ], [ -74.435971, 40.482532 ], [ -74.435582, 40.482286 ], [ -74.435532, 40.482163 ], [ -74.435531, 40.48209 ] ] } },
{ "type": "Feature", "properties": { "id": "442797152-2226", "name": "Lipman Drive", "class": "residential", "is_priority": false }, "geometry": { "type": "LineString", "coordinates": [ [ -74.435531, 40.48209 ], [ -74.435644, 40.481926 ], [ -74.436526, 40.480979 ] ] } },
{ "type": "Feature", "properties": { "id": "442808440-2227", "name": "George Street", "class": "tertiary", "is_priority": false }, "geometry": { "type": "LineString", "coordinates": [ [ -74.445017, 40.499246 ], [ -74.445172, 40.499783 ] ] } },
{ "type": "Feature", "properties": { "id": "442808441-2228", "name": "Wall Street", "class": "residential", "is_priority": false }, "geometry": { "type": "LineString", "coordinates": [ [ -74.445378, 40.497874 ], [ -74.445386, 40.497814 ], [ -74.446411, 40.496938 ] ] } },
{ "type": "Feature", "properties": { "id": "442951516-2229", "name": "Delavan Street", "class": "residential", "is_priority": false }, "geometry": { "type": "LineString", "coordinates": [ [ -74.442179, 40.480305 ], [ -74.444021, 40.481432 ] ] } },
{ "type": "Feature", "properties": { "id": "442951516-2230", "name": "Delavan Street", "class": "residential", "is_priority": false }, "geometry": { "type": "LineString", "coordinates": [ [ -74.444021, 40.481432 ], [ -74.445869, 40.482552 ] ] } },
{ "type": "Feature", "properties": { "id": "442951516-2231", "name": "Delavan Street", "class": "residential", "is_priority": false }, "geometry": { "type": "LineString", "coordinates": [ [ -74.445869, 40.482552 ], [ -74.447716, 40.483673 ] ] } },
{ "type": "Feature", "properties": { "id": "442951516-2232", "name": "Delavan Street", "class": "residential", "is_priority": false }, "geometry": { "type": "LineString", "coordinates": [ [ -74.447716, 40.483673 ], [ -74.448288, 40.484018 ], [ -74.448448, 40.484081 ] ] } },
{ "type": "Feature", "properties": { "id": "443666234-2233", "name": "Old Gibbons Drive", "class": "residential", "is_priority": false }, "geometry": { "type": "LineString", "coordinates": [ [ -74.432089, 40.486292 ], [ -74.431965, 40.486443 ], [ -74.431815, 40.486489 ], [ -74.431674, 40.486482 ], [ -74.431123, 40.486384 ], [ -74.430883, 40.486318 ], [ -74.4299, 40.486172 ] ] } },
{ "type": "Feature", "properties": { "id": "443666234-2234", "name": "Old Gibbons Drive", "class": "residential", "is_priority": false }, "geometry": { "type": "LineString", "coordinates": [ [ -74.4299, 40.486172 ], [ -74.429721, 40.486145 ] ] } },
{ "type": "Feature", "properties": { "id": "444991615-2235", "name": "", "class": "motorway_link", "is_priority": false }, "geometry": { "type": "LineString", "coordinates": [ [ -74.43249, 40.487131 ], [ -74.433373, 40.487379 ] ] } },
{ "type": "Feature", "properties": { "id": "445130149-2236", "name": "Albany Street", "class": "secondary", "is_priority": false }, "geometry": { "type": "LineString", "coordinates": [ [ -74.44243, 40.49702 ], [ -74.444307, 40.496759 ] ] } },
{ "type": "Feature", "properties": { "id": "448224180-2237", "name": "", "class": "trunk_link", "is_priority": false }, "geometry": { "type": "LineString", "coordinates": [ [ -74.423291, 40.484965 ], [ -74.423271, 40.484912 ], [ -74.423277, 40.484845 ], [ -74.423339, 40.484771 ] ] } },
{ "type": "Feature", "properties": { "id": "466754387-2238", "name": "Hildebrand Way", "class": "residential", "is_priority": false }, "geometry": { "type": "LineString", "coordinates": [ [ -74.439656, 40.491908 ], [ -74.440342, 40.491901 ] ] } },
{ "type": "Feature", "properties": { "id": "466756924-2239", "name": "Hildebrand Way", "class": "residential", "is_priority": false }, "geometry": { "type": "LineString", "coordinates": [ [ -74.440141, 40.4915 ], [ -74.439523, 40.491724 ] ] } },
{ "type": "Feature", "properties": { "id": "473066869-2240", "name": "", "class": "secondary", "is_priority": false }, "geometry": { "type": "LineString", "coordinates": [ [ -74.432634, 40.484021 ], [ -74.432602, 40.48404 ], [ -74.432568, 40.484094 ], [ -74.432596, 40.484167 ] ] } },
{ "type": "Feature", "properties": { "id": "473066870-2241", "name": "George Street", "class": "secondary", "is_priority": false }, "geometry": { "type": "LineString", "coordinates": [ [ -74.432624, 40.484567 ], [ -74.43273, 40.485231 ] ] } },
{ "type": "Feature", "properties": { "id": "473066871-2242", "name": "", "class": "secondary_link", "is_priority": false }, "geometry": { "type": "LineString", "coordinates": [ [ -74.43217, 40.485099 ], [ -74.432147, 40.485143 ], [ -74.432178, 40.485285 ] ] } },
{ "type": "Feature", "properties": { "id": "473072984-2243", "name": "Route 18 Service Road", "class": "secondary", "is_priority": false }, "geometry": { "type": "LineString", "coordinates": [ [ -74.439603, 40.496232 ], [ -74.439792, 40.496991 ] ] } },
{ "type": "Feature", "properties": { "id": "473072985-2244", "name": "Memorial Parkway", "class": "motorway", "is_priority": true }, "geometry": { "type": "LineString", "coordinates": [ [ -74.44123, 40.499916 ], [ -74.441514, 40.500169 ], [ -74.441892, 40.500458 ], [ -74.442344, 40.500774 ], [ -74.442944, 40.501149 ] ] } },
{ "type": "Feature", "properties": { "id": "473072985-2245", "name": "Memorial Parkway", "class": "motorway", "is_priority": true }, "geometry": { "type": "LineString", "coordinates": [ [ -74.442944, 40.501149 ], [ -74.443155, 40.501277 ] ] } },
{ "type": "Feature", "properties": { "id": "473072986-2246", "name": "", "class": "motorway", "is_priority": true }, "geometry": { "type": "LineString", "coordinates": [ [ -74.443725, 40.501602 ], [ -74.444608, 40.502119 ], [ -74.445574, 40.502722 ] ] } },
{ "type": "Feature", "properties": { "id": "473072986-2247", "name": "", "class": "motorway", "is_priority": true }, "geometry": { "type": "LineString", "coordinates": [ [ -74.445574, 40.502722 ], [ -74.447368, 40.503892 ] ] } },
{ "type": "Feature", "properties": { "id": "473072986-2248", "name": "", "class": "motorway", "is_priority": true }, "geometry": { "type": "LineString", "coordinates": [ [ -74.447368, 40.503892 ], [ -74.44916, 40.505065 ] ] } },
{ "type": "Feature", "properties": { "id": "473072986-2249", "name": "", "class": "motorway", "is_priority": true }, "geometry": { "type": "LineString", "coordinates": [ [ -74.44916, 40.505065 ], [ -74.449891, 40.50552 ] ] } },
{ "type": "Feature", "properties": { "id": "473072987-2250", "name": "George Street", "class": "tertiary", "is_priority": false }, "geometry": { "type": "LineString", "coordinates": [ [ -74.448347, 40.503612 ], [ -74.449501, 40.504211 ], [ -74.450288, 40.504638 ] ] } },
{ "type": "Feature", "properties": { "id": "473072987-2251", "name": "George Street", "class": "tertiary", "is_priority": false }, "geometry": { "type": "LineString", "coordinates": [ [ -74.450288, 40.504638 ], [ -74.450836, 40.504927 ], [ -74.451513, 40.505336 ] ] } },
{ "type": "Feature", "properties": { "id": "473072988-2252", "name": "Johnson Drive", "class": "tertiary", "is_priority": false }, "geometry": { "type": "LineString", "coordinates": [ [ -74.441179, 40.497763 ], [ -74.440855, 40.497134 ] ] } },
{ "type": "Feature", "properties": { "id": "473072990-2253", "name": "Memorial Parkway", "class": "motorway", "is_priority": true }, "geometry": { "type": "LineString", "coordinates": [ [ -74.440252, 40.497755 ], [ -74.440194, 40.497519 ] ] } },
{ "type": "Feature", "properties": { "id": "473072991-2254", "name": "Burnet Street", "class": "secondary", "is_priority": false }, "geometry": { "type": "LineString", "coordinates": [ [ -74.439445, 40.494296 ], [ -74.439378, 40.493961 ], [ -74.439289, 40.493305 ] ] } },
{ "type": "Feature", "properties": { "id": "473072992-2255", "name": "", "class": "motorway_link", "is_priority": false }, "geometry": { "type": "LineString", "coordinates": [ [ -74.437787, 40.490037 ], [ -74.437004, 40.489121 ] ] } },
{ "type": "Feature", "properties": { "id": "473077260-2256", "name": "", "class": "residential", "is_priority": false }, "geometry": { "type": "LineString", "coordinates": [ [ -74.451832, 40.505624 ], [ -74.452095, 40.505899 ], [ -74.452208, 40.505971 ], [ -74.452326, 40.505991 ], [ -74.452443, 40.505981 ], [ -74.452562, 40.505921 ] ] } },
{ "type": "Feature", "properties": { "id": "473077261-2257", "name": "", "class": "motorway_link", "is_priority": false }, "geometry": { "type": "LineString", "coordinates": [ [ -74.452815, 40.506635 ], [ -74.455135, 40.506965 ] ] } },
{ "type": "Feature", "properties": { "id": "473077261-2258", "name": "", "class": "motorway_link", "is_priority": false }, "geometry": { "type": "LineString", "coordinates": [ [ -74.455135, 40.506965 ], [ -74.45566, 40.507088 ], [ -74.456438, 40.507301 ], [ -74.456986, 40.507429 ], [ -74.457396, 40.507448 ] ] } },
{ "type": "Feature", "properties": { "id": "473077261-2259", "name": "", "class": "motorway_link", "is_priority": false }, "geometry": { "type": "LineString", "coordinates": [ [ -74.457396, 40.507448 ], [ -74.457641, 40.507431 ], [ -74.458495, 40.507299 ], [ -74.459022, 40.507237 ], [ -74.459729, 40.507276 ] ] } },
{ "type": "Feature", "properties": { "id": "473077261-2260", "name": "", "class": "motorway_link", "is_priority": false }, "geometry": { "type": "LineString", "coordinates": [ [ -74.459729, 40.507276 ], [ -74.459878, 40.507284 ], [ -74.460169, 40.50727 ] ] } },
{ "type": "Feature", "properties": { "id": "473077262-2261", "name": "", "class": "motorway", "is_priority": true }, "geometry": { "type": "LineString", "coordinates": [ [ -74.456123, 40.506966 ], [ -74.456651, 40.507124 ], [ -74.456854, 40.507203 ] ] } },
{ "type": "Feature", "properties": { "id": "473077270-2262", "name": "", "class": "motorway", "is_priority": true }, "geometry": { "type": "LineString", "coordinates": [ [ -74.45506, 40.506658 ], [ -74.452737, 40.506339 ] ] } },
{ "type": "Feature", "properties": { "id": "473077270-2263", "name": "", "class": "motorway", "is_priority": true }, "geometry": { "type": "LineString", "coordinates": [ [ -74.452737, 40.506339 ], [ -74.452158, 40.506242 ], [ -74.451724, 40.506145 ] ] } },
{ "type": "Feature", "properties": { "id": "473086376-2264", "name": "Nichol Avenue", "class": "residential", "is_priority": false }, "geometry": { "type": "LineString", "coordinates": [ [ -74.44038, 40.482029 ], [ -74.441029, 40.481413 ] ] } },
{ "type": "Feature", "properties": { "id": "473086377-2265", "name": "", "class": "motorway", "is_priority": true }, "geometry": { "type": "LineString", "coordinates": [ [ -74.454298, 40.517118 ], [ -74.453526, 40.517607 ] ] } },
{ "type": "Feature", "properties": { "id": "473086383-2266", "name": "", "class": "motorway", "is_priority": true }, "geometry": { "type": "LineString", "coordinates": [ [ -74.456369, 40.515977 ], [ -74.456777, 40.515705 ], [ -74.457172, 40.5154 ], [ -74.457444, 40.515158 ], [ -74.457928, 40.514635 ] ] } },
{ "type": "Feature", "properties": { "id": "473086383-2267", "name": "", "class": "motorway", "is_priority": true }, "geometry": { "type": "LineString", "coordinates": [ [ -74.457928, 40.514635 ], [ -74.458031, 40.514507 ] ] } },
{ "type": "Feature", "properties": { "id": "473086384-2268", "name": "Burnet Street", "class": "secondary", "is_priority": false }, "geometry": { "type": "LineString", "coordinates": [ [ -74.43858, 40.491297 ], [ -74.43805, 40.490433 ], [ -74.437787, 40.490037 ] ] } },
{ "type": "Feature", "properties": { "id": "473234701-2269", "name": "Sutphen Road", "class": "residential", "is_priority": false }, "geometry": { "type": "LineString", "coordinates": [ [ -74.466051, 40.514678 ], [ -74.465581, 40.514774 ], [ -74.465194, 40.514833 ], [ -74.463721, 40.514937 ] ] } },
{ "type": "Feature", "properties": { "id": "473234701-2270", "name": "Sutphen Road", "class": "residential", "is_priority": false }, "geometry": { "type": "LineString", "coordinates": [ [ -74.463721, 40.514937 ], [ -74.463341, 40.514952 ] ] } },
{ "type": "Feature", "properties": { "id": "473234712-2271", "name": "Bartholomew Road", "class": "residential", "is_priority": false }, "geometry": { "type": "LineString", "coordinates": [ [ -74.460552, 40.518187 ], [ -74.460669, 40.518106 ] ] } },
{ "type": "Feature", "properties": { "id": "473237827-2272", "name": "Sutphen Road", "class": "residential", "is_priority": false }, "geometry": { "type": "LineString", "coordinates": [ [ -74.463341, 40.514952 ], [ -74.462728, 40.514992 ], [ -74.462276, 40.515054 ], [ -74.461845, 40.515134 ], [ -74.46104, 40.515322 ] ] } },
{ "type": "Feature", "properties": { "id": "473237827-2273", "name": "Sutphen Road", "class": "residential", "is_priority": false }, "geometry": { "type": "LineString", "coordinates": [ [ -74.46104, 40.515322 ], [ -74.459802, 40.515654 ] ] } },
{ "type": "Feature", "properties": { "id": "473240043-2274", "name": "", "class": "motorway", "is_priority": true }, "geometry": { "type": "LineString", "coordinates": [ [ -74.453804, 40.51764 ], [ -74.454486, 40.517187 ] ] } },
{ "type": "Feature", "properties": { "id": "473240044-2275", "name": "Campus Road", "class": "tertiary", "is_priority": false }, "geometry": { "type": "LineString", "coordinates": [ [ -74.458396, 40.516711 ], [ -74.45861, 40.516603 ], [ -74.458844, 40.516526 ], [ -74.459071, 40.516484 ], [ -74.459356, 40.516465 ] ] } },
{ "type": "Feature", "properties": { "id": "473626118-2276", "name": "Livingston Avenue", "class": "secondary", "is_priority": false }, "geometry": { "type": "LineString", "coordinates": [ [ -74.444968, 40.492453 ], [ -74.446443, 40.491047 ] ] } },
{ "type": "Feature", "properties": { "id": "473626118-2277", "name": "Livingston Avenue", "class": "secondary", "is_priority": false }, "geometry": { "type": "LineString", "coordinates": [ [ -74.446443, 40.491047 ], [ -74.447919, 40.489641 ] ] } },
{ "type": "Feature", "properties": { "id": "473626118-2278", "name": "Livingston Avenue", "class": "secondary", "is_priority": false }, "geometry": { "type": "LineString", "coordinates": [ [ -74.447919, 40.489641 ], [ -74.448137, 40.489435 ] ] } },
{ "type": "Feature", "properties": { "id": "473630965-2279", "name": "Johnson Drive", "class": "tertiary", "is_priority": false }, "geometry": { "type": "LineString", "coordinates": [ [ -74.44153, 40.499595 ], [ -74.442078, 40.500072 ], [ -74.442331, 40.500255 ], [ -74.442511, 40.500351 ], [ -74.442655, 40.500391 ], [ -74.442789, 40.500409 ], [ -74.442924, 40.500408 ], [ -74.443075, 40.500386 ], [ -74.443246, 40.500319 ] ] } },
{ "type": "Feature", "properties": { "id": "473630966-2280", "name": "Hamilton Street", "class": "tertiary", "is_priority": false }, "geometry": { "type": "LineString", "coordinates": [ [ -74.48293, 40.487674 ], [ -74.482643, 40.487729 ], [ -74.482175, 40.487867 ], [ -74.480783, 40.488409 ] ] } },
{ "type": "Feature", "properties": { "id": "473630966-2281", "name": "Hamilton Street", "class": "tertiary", "is_priority": false }, "geometry": { "type": "LineString", "coordinates": [ [ -74.480783, 40.488409 ], [ -74.478679, 40.489225 ] ] } },
{ "type": "Feature", "properties": { "id": "473630966-2282", "name": "Hamilton Street", "class": "tertiary", "is_priority": false }, "geometry": { "type": "LineString", "coordinates": [ [ -74.478679, 40.489225 ], [ -74.476571, 40.490035 ] ] } },
{ "type": "Feature", "properties": { "id": "473630966-2283", "name": "Hamilton Street", "class": "tertiary", "is_priority": false }, "geometry": { "type": "LineString", "coordinates": [ [ -74.476571, 40.490035 ], [ -74.474456, 40.490834 ] ] } },
{ "type": "Feature", "properties": { "id": "473630966-2284", "name": "Hamilton Street", "class": "tertiary", "is_priority": false }, "geometry": { "type": "LineString", "coordinates": [ [ -74.474456, 40.490834 ], [ -74.472348, 40.491643 ] ] } },
{ "type": "Feature", "properties": { "id": "473630966-2285", "name": "Hamilton Street", "class": "tertiary", "is_priority": false }, "geometry": { "type": "LineString", "coordinates": [ [ -74.472348, 40.491643 ], [ -74.470232, 40.492441 ] ] } },
{ "type": "Feature", "properties": { "id": "473630966-2286", "name": "Hamilton Street", "class": "tertiary", "is_priority": false }, "geometry": { "type": "LineString", "coordinates": [ [ -74.470232, 40.492441 ], [ -74.468122, 40.493249 ] ] } },
{ "type": "Feature", "properties": { "id": "473630966-2287", "name": "Hamilton Street", "class": "tertiary", "is_priority": false }, "geometry": { "type": "LineString", "coordinates": [ [ -74.468122, 40.493249 ], [ -74.466013, 40.494057 ] ] } },
{ "type": "Feature", "properties": { "id": "473630966-2288", "name": "Hamilton Street", "class": "tertiary", "is_priority": false }, "geometry": { "type": "LineString", "coordinates": [ [ -74.466013, 40.494057 ], [ -74.463904, 40.494865 ] ] } },
{ "type": "Feature", "properties": { "id": "473630966-2289", "name": "Hamilton Street", "class": "tertiary", "is_priority": false }, "geometry": { "type": "LineString", "coordinates": [ [ -74.463904, 40.494865 ], [ -74.463728, 40.494933 ] ] } },
{ "type": "Feature", "properties": { "id": "473630967-2290", "name": "Franklin Boulevard", "class": "secondary", "is_priority": false }, "geometry": { "type": "LineString", "coordinates": [ [ -74.48293, 40.487674 ], [ -74.482528, 40.486652 ], [ -74.482426, 40.486462 ], [ -74.482202, 40.486141 ], [ -74.482077, 40.486006 ] ] } },
{ "type": "Feature", "properties": { "id": "473630967-2291", "name": "Franklin Boulevard", "class": "secondary", "is_priority": false }, "geometry": { "type": "LineString", "coordinates": [ [ -74.482077, 40.486006 ], [ -74.481829, 40.485739 ], [ -74.480646, 40.484573 ] ] } },
{ "type": "Feature", "properties": { "id": "473630967-2292", "name": "Franklin Boulevard", "class": "secondary", "is_priority": false }, "geometry": { "type": "LineString", "coordinates": [ [ -74.480646, 40.484573 ], [ -74.479488, 40.483433 ] ] } },
{ "type": "Feature", "properties": { "id": "473630968-2293", "name": "River Road", "class": "secondary", "is_priority": false }, "geometry": { "type": "LineString", "coordinates": [ [ -74.459393, 40.512034 ], [ -74.459798, 40.512029 ] ] } },
{ "type": "Feature", "properties": { "id": "473630969-2294", "name": "", "class": "motorway_link", "is_priority": false }, "geometry": { "type": "LineString", "coordinates": [ [ -74.457446, 40.512049 ], [ -74.457448, 40.511962 ] ] } },
{ "type": "Feature", "properties": { "id": "473630970-2295", "name": "River Road", "class": "tertiary", "is_priority": false }, "geometry": { "type": "LineString", "coordinates": [ [ -74.457448, 40.511962 ], [ -74.45731, 40.511961 ] ] } },
{ "type": "Feature", "properties": { "id": "473630972-2296", "name": "Ryders Lane", "class": "secondary", "is_priority": false }, "geometry": { "type": "LineString", "coordinates": [ [ -74.427785, 40.475694 ], [ -74.427672, 40.477229 ], [ -74.427675, 40.477493 ] ] } },
{ "type": "Feature", "properties": { "id": "473630972-2297", "name": "Ryders Lane", "class": "secondary", "is_priority": false }, "geometry": { "type": "LineString", "coordinates": [ [ -74.427675, 40.477493 ], [ -74.427715, 40.477835 ] ] } },
{ "type": "Feature", "properties": { "id": "473677798-2298", "name": "How Lane", "class": "secondary", "is_priority": false }, "geometry": { "type": "LineString", "coordinates": [ [ -74.478978, 40.468205 ], [ -74.479284, 40.468386 ] ] } },
{ "type": "Feature", "properties": { "id": "473677799-2299", "name": "Jersey Avenue", "class": "secondary", "is_priority": false }, "geometry": { "type": "LineString", "coordinates": [ [ -74.478978, 40.468205 ], [ -74.479219, 40.467872 ] ] } },
{ "type": "Feature", "properties": { "id": "473677800-2300", "name": "Girard Avenue", "class": "residential", "is_priority": false }, "geometry": { "type": "LineString", "coordinates": [ [ -74.492254, 40.486872 ], [ -74.49228, 40.486242 ] ] } },
{ "type": "Feature", "properties": { "id": "473687066-2301", "name": "Woodbridge Ave Extension", "class": "secondary", "is_priority": false }, "geometry": { "type": "LineString", "coordinates": [ [ -74.404487, 40.499345 ], [ -74.404093, 40.499349 ], [ -74.403578, 40.49938 ], [ -74.403074, 40.49945 ], [ -74.402516, 40.499579 ], [ -74.402187, 40.49968 ] ] } },
{ "type": "Feature", "properties": { "id": "473687066-2302", "name": "Woodbridge Ave Extension", "class": "secondary", "is_priority": false }, "geometry": { "type": "LineString", "coordinates": [ [ -74.402187, 40.49968 ], [ -74.402032, 40.499728 ], [ -74.401759, 40.499862 ] ] } },
{ "type": "Feature", "properties": { "id": "473687067-2303", "name": "Woodbridge Avenue Extension", "class": "secondary", "is_priority": false }, "geometry": { "type": "LineString", "coordinates": [ [ -74.407938, 40.500113 ], [ -74.408474, 40.500318 ], [ -74.408839, 40.500514 ], [ -74.409483, 40.500909 ] ] } },
{ "type": "Feature", "properties": { "id": "473687068-2304", "name": "Woodbridge Avenue", "class": "tertiary", "is_priority": false }, "geometry": { "type": "LineString", "coordinates": [ [ -74.407944, 40.5009 ], [ -74.40923, 40.500993 ] ] } },
{ "type": "Feature", "properties": { "id": "473687069-2305", "name": "Woodbridge Avenue", "class": "tertiary", "is_priority": false }, "geometry": { "type": "LineString", "coordinates": [ [ -74.406764, 40.500819 ], [ -74.407944, 40.5009 ] ] } },
{ "type": "Feature", "properties": { "id": "475723423-2306", "name": "South 3rd Avenue", "class": "residential", "is_priority": false }, "geometry": { "type": "LineString", "coordinates": [ [ -74.427962, 40.499124 ], [ -74.427289, 40.497397 ] ] } },
{ "type": "Feature", "properties": { "id": "475723423-2307", "name": "South 3rd Avenue", "class": "residential", "is_priority": false }, "geometry": { "type": "LineString", "coordinates": [ [ -74.427289, 40.497397 ], [ -74.426601, 40.495674 ] ] } },
{ "type": "Feature", "properties": { "id": "475723423-2308", "name": "South 3rd Avenue", "class": "residential", "is_priority": false }, "geometry": { "type": "LineString", "coordinates": [ [ -74.426601, 40.495674 ], [ -74.425919, 40.493949 ] ] } },
{ "type": "Feature", "properties": { "id": "475723423-2309", "name": "South 3rd Avenue", "class": "residential", "is_priority": false }, "geometry": { "type": "LineString", "coordinates": [ [ -74.425919, 40.493949 ], [ -74.425232, 40.492225 ] ] } },
{ "type": "Feature", "properties": { "id": "475723423-2310", "name": "South 3rd Avenue", "class": "residential", "is_priority": false }, "geometry": { "type": "LineString", "coordinates": [ [ -74.425232, 40.492225 ], [ -74.425186, 40.49211 ] ] } },
{ "type": "Feature", "properties": { "id": "475723424-2311", "name": "South 2nd Avenue", "class": "residential", "is_priority": false }, "geometry": { "type": "LineString", "coordinates": [ [ -74.427218, 40.490959 ], [ -74.427047, 40.490933 ], [ -74.426473, 40.49093 ], [ -74.426364, 40.490911 ], [ -74.426281, 40.490881 ], [ -74.426075, 40.490767 ], [ -74.425876, 40.490595 ] ] } },
{ "type": "Feature", "properties": { "id": "479813500-2312", "name": "Woodland Avenue", "class": "residential", "is_priority": false }, "geometry": { "type": "LineString", "coordinates": [ [ -74.463895, 40.473107 ], [ -74.462496, 40.473118 ], [ -74.462389, 40.473144 ] ] } },
{ "type": "Feature", "properties": { "id": "479813501-2313", "name": "Woodland Avenue", "class": "residential", "is_priority": false }, "geometry": { "type": "LineString", "coordinates": [ [ -74.462389, 40.473144 ], [ -74.460601, 40.473127 ], [ -74.46003, 40.473134 ] ] } },
{ "type": "Feature", "properties": { "id": "479813501-2314", "name": "Woodland Avenue", "class": "residential", "is_priority": false }, "geometry": { "type": "LineString", "coordinates": [ [ -74.46003, 40.473134 ], [ -74.458942, 40.473123 ], [ -74.457671, 40.473144 ] ] } },
{ "type": "Feature", "properties": { "id": "479813501-2315", "name": "Woodland Avenue", "class": "residential", "is_priority": false }, "geometry": { "type": "LineString", "coordinates": [ [ -74.457671, 40.473144 ], [ -74.457303, 40.473139 ] ] } },
{ "type": "Feature", "properties": { "id": "479825003-2316", "name": "Koolidge Court", "class": "residential", "is_priority": false }, "geometry": { "type": "LineString", "coordinates": [ [ -74.473278, 40.485419 ], [ -74.473605, 40.486145 ], [ -74.473991, 40.486909 ] ] } },
{ "type": "Feature", "properties": { "id": "479825006-2317", "name": "", "class": "residential", "is_priority": false }, "geometry": { "type": "LineString", "coordinates": [ [ -74.473878, 40.487338 ], [ -74.473775, 40.487264 ], [ -74.47357, 40.487364 ] ] } },
{ "type": "Feature", "properties": { "id": "488361743-2318", "name": "Biel Road East", "class": "residential", "is_priority": false }, "geometry": { "type": "LineString", "coordinates": [ [ -74.429916, 40.478512 ], [ -74.428727, 40.47862 ] ] } },
{ "type": "Feature", "properties": { "id": "488361744-2319", "name": "Biel Road West", "class": "residential", "is_priority": false }, "geometry": { "type": "LineString", "coordinates": [ [ -74.432182, 40.478433 ], [ -74.431949, 40.478448 ], [ -74.431773, 40.478375 ], [ -74.431579, 40.478359 ], [ -74.429916, 40.478512 ] ] } },
{ "type": "Feature", "properties": { "id": "488361745-2320", "name": "", "class": "trunk_link", "is_priority": false }, "geometry": { "type": "LineString", "coordinates": [ [ -74.423014, 40.47978 ], [ -74.422822, 40.479694 ], [ -74.422677, 40.479649 ], [ -74.422413, 40.479436 ], [ -74.422391, 40.479369 ], [ -74.422395, 40.479257 ], [ -74.422584, 40.478896 ] ] } },
{ "type": "Feature", "properties": { "id": "488361746-2321", "name": "", "class": "trunk_link", "is_priority": false }, "geometry": { "type": "LineString", "coordinates": [ [ -74.4217, 40.47964 ], [ -74.422125, 40.479509 ], [ -74.422235, 40.479506 ], [ -74.422326, 40.479523 ], [ -74.422411, 40.479559 ], [ -74.422597, 40.479744 ], [ -74.422643, 40.479818 ], [ -74.422699, 40.479975 ] ] } },
{ "type": "Feature", "properties": { "id": "488361751-2322", "name": "", "class": "trunk_link", "is_priority": false }, "geometry": { "type": "LineString", "coordinates": [ [ -74.421314, 40.480897 ], [ -74.421222, 40.480765 ], [ -74.421097, 40.480687 ], [ -74.421027, 40.480592 ], [ -74.421015, 40.480488 ], [ -74.421074, 40.480231 ] ] } },
{ "type": "Feature", "properties": { "id": "488361752-2323", "name": "", "class": "trunk_link", "is_priority": false }, "geometry": { "type": "LineString", "coordinates": [ [ -74.42055, 40.480779 ], [ -74.420806, 40.480722 ], [ -74.42095, 40.480723 ], [ -74.421314, 40.480897 ] ] } },
{ "type": "Feature", "properties": { "id": "488361754-2324", "name": "Clifton Avenue", "class": "residential", "is_priority": false }, "geometry": { "type": "LineString", "coordinates": [ [ -74.42216, 40.481673 ], [ -74.421105, 40.48223 ], [ -74.420945, 40.482362 ], [ -74.420727, 40.482597 ] ] } },
{ "type": "Feature", "properties": { "id": "491681713-2325", "name": "", "class": "motorway_link", "is_priority": false }, "geometry": { "type": "LineString", "coordinates": [ [ -74.408272, 40.478314 ], [ -74.408429, 40.478287 ] ] } },
{ "type": "Feature", "properties": { "id": "491681715-2326", "name": "", "class": "motorway_link", "is_priority": false }, "geometry": { "type": "LineString", "coordinates": [ [ -74.406388, 40.478436 ], [ -74.406879, 40.478397 ], [ -74.407359, 40.478464 ] ] } },
{ "type": "Feature", "properties": { "id": "491681717-2327", "name": "", "class": "motorway_link", "is_priority": false }, "geometry": { "type": "LineString", "coordinates": [ [ -74.40834, 40.477959 ], [ -74.40818, 40.477988 ] ] } },
{ "type": "Feature", "properties": { "id": "491681718-2328", "name": "", "class": "motorway_link", "is_priority": false }, "geometry": { "type": "LineString", "coordinates": [ [ -74.407599, 40.47809 ], [ -74.406511, 40.478284 ] ] } },
{ "type": "Feature", "properties": { "id": "506399605-2329", "name": "Easton Avenue", "class": "primary", "is_priority": true }, "geometry": { "type": "LineString", "coordinates": [ [ -74.468198, 40.505383 ], [ -74.468729, 40.505589 ] ] } },
{ "type": "Feature", "properties": { "id": "506421624-2330", "name": "Livingston Avenue", "class": "secondary", "is_priority": false }, "geometry": { "type": "LineString", "coordinates": [ [ -74.482077, 40.459489 ], [ -74.481958, 40.459361 ], [ -74.4817, 40.459176 ], [ -74.481557, 40.459038 ] ] } },
{ "type": "Feature", "properties": { "id": "506421625-2331", "name": "Livingston Avenue", "class": "secondary", "is_priority": false }, "geometry": { "type": "LineString", "coordinates": [ [ -74.481459, 40.458944 ], [ -74.481486, 40.459057 ], [ -74.481596, 40.459193 ] ] } },
{ "type": "Feature", "properties": { "id": "525701863-2332", "name": "Ryders Lane", "class": "secondary", "is_priority": false }, "geometry": { "type": "LineString", "coordinates": [ [ -74.4271, 40.47083 ], [ -74.427036, 40.469029 ] ] } },
{ "type": "Feature", "properties": { "id": "525701863-2333", "name": "Ryders Lane", "class": "secondary", "is_priority": false }, "geometry": { "type": "LineString", "coordinates": [ [ -74.427036, 40.469029 ], [ -74.42703, 40.468873 ] ] } },
{ "type": "Feature", "properties": { "id": "525701864-2334", "name": "Ryders Lane", "class": "secondary", "is_priority": false }, "geometry": { "type": "LineString", "coordinates": [ [ -74.426861, 40.468667 ], [ -74.426935, 40.470468 ] ] } },
{ "type": "Feature", "properties": { "id": "525701864-2335", "name": "Ryders Lane", "class": "secondary", "is_priority": false }, "geometry": { "type": "LineString", "coordinates": [ [ -74.426935, 40.470468 ], [ -74.426948, 40.470834 ] ] } },
{ "type": "Feature", "properties": { "id": "525701866-2336", "name": "Ryders Lane", "class": "secondary", "is_priority": false }, "geometry": { "type": "LineString", "coordinates": [ [ -74.42703, 40.468873 ], [ -74.427013, 40.468656 ] ] } },
{ "type": "Feature", "properties": { "id": "541832722-2337", "name": "Church Street", "class": "residential", "is_priority": false }, "geometry": { "type": "LineString", "coordinates": [ [ -74.44411, 40.495953 ], [ -74.445398, 40.495787 ] ] } },
{ "type": "Feature", "properties": { "id": "541832723-2338", "name": "George Street", "class": "living_street", "is_priority": false }, "geometry": { "type": "LineString", "coordinates": [ [ -74.44411, 40.495953 ], [ -74.44428, 40.496659 ] ] } },
{ "type": "Feature", "properties": { "id": "541954169-2339", "name": "Paterson Street", "class": "residential", "is_priority": false }, "geometry": { "type": "LineString", "coordinates": [ [ -74.443931, 40.49517 ], [ -74.442431, 40.495395 ] ] } },
{ "type": "Feature", "properties": { "id": "541954172-2340", "name": "George Street", "class": "living_street", "is_priority": false }, "geometry": { "type": "LineString", "coordinates": [ [ -74.443931, 40.49517 ], [ -74.44411, 40.495953 ] ] } },
{ "type": "Feature", "properties": { "id": "542935494-2341", "name": "", "class": "motorway_link", "is_priority": false }, "geometry": { "type": "LineString", "coordinates": [ [ -74.410399, 40.477578 ], [ -74.410336, 40.477348 ], [ -74.410338, 40.477239 ], [ -74.410376, 40.477074 ], [ -74.410437, 40.476973 ], [ -74.410523, 40.476887 ], [ -74.410631, 40.476817 ], [ -74.410759, 40.476765 ], [ -74.410945, 40.47674 ], [ -74.41107, 40.476748 ], [ -74.411189, 40.476776 ], [ -74.411317, 40.47683 ], [ -74.411418, 40.476905 ], [ -74.411491, 40.476988 ], [ -74.41154, 40.47709 ], [ -74.411557, 40.477174 ] ] } },
{ "type": "Feature", "properties": { "id": "542935494-2342", "name": "", "class": "motorway_link", "is_priority": false }, "geometry": { "type": "LineString", "coordinates": [ [ -74.411557, 40.477174 ], [ -74.411546, 40.477285 ], [ -74.411478, 40.477425 ], [ -74.411388, 40.477518 ], [ -74.411218, 40.477612 ], [ -74.410879, 40.477683 ], [ -74.409595, 40.477845 ] ] } },
{ "type": "Feature", "properties": { "id": "542935494-2343", "name": "", "class": "motorway_link", "is_priority": false }, "geometry": { "type": "LineString", "coordinates": [ [ -74.409595, 40.477845 ], [ -74.409317, 40.477849 ] ] } },
{ "type": "Feature", "properties": { "id": "542935497-2344", "name": "", "class": "motorway_link", "is_priority": false }, "geometry": { "type": "LineString", "coordinates": [ [ -74.410553, 40.478151 ], [ -74.410534, 40.477976 ] ] } },
{ "type": "Feature", "properties": { "id": "542935500-2345", "name": "", "class": "motorway_link", "is_priority": false }, "geometry": { "type": "LineString", "coordinates": [ [ -74.410449, 40.476207 ], [ -74.410399, 40.476085 ], [ -74.410411, 40.475977 ], [ -74.410453, 40.475933 ], [ -74.410623, 40.475875 ] ] } },
{ "type": "Feature", "properties": { "id": "545576303-2346", "name": "", "class": "trunk", "is_priority": true }, "geometry": { "type": "LineString", "coordinates": [ [ -74.405615, 40.500497 ], [ -74.403717, 40.501511 ] ] } },
{ "type": "Feature", "properties": { "id": "545576304-2347", "name": "", "class": "trunk", "is_priority": true }, "geometry": { "type": "LineString", "coordinates": [ [ -74.409202, 40.498779 ], [ -74.41029, 40.498202 ], [ -74.410573, 40.498018 ], [ -74.411031, 40.497651 ] ] } },
{ "type": "Feature", "properties": { "id": "545576304-2348", "name": "", "class": "trunk", "is_priority": true }, "geometry": { "type": "LineString", "coordinates": [ [ -74.411031, 40.497651 ], [ -74.411414, 40.497298 ], [ -74.411795, 40.496854 ], [ -74.412128, 40.496372 ] ] } },
{ "type": "Feature", "properties": { "id": "547855619-2349", "name": "New Street", "class": "secondary", "is_priority": false }, "geometry": { "type": "LineString", "coordinates": [ [ -74.441359, 40.492543 ], [ -74.441945, 40.492445 ] ] } },
{ "type": "Feature", "properties": { "id": "547855622-2350", "name": "New Street", "class": "secondary", "is_priority": false }, "geometry": { "type": "LineString", "coordinates": [ [ -74.441945, 40.492445 ], [ -74.441621, 40.492405 ], [ -74.441345, 40.492429 ] ] } },
{ "type": "Feature", "properties": { "id": "547855627-2351", "name": "", "class": "secondary_link", "is_priority": false }, "geometry": { "type": "LineString", "coordinates": [ [ -74.434973, 40.488124 ], [ -74.435011, 40.488233 ], [ -74.435007, 40.48827 ], [ -74.434982, 40.488307 ], [ -74.434902, 40.488359 ] ] } },
{ "type": "Feature", "properties": { "id": "547855629-2352", "name": "", "class": "secondary_link", "is_priority": false }, "geometry": { "type": "LineString", "coordinates": [ [ -74.434902, 40.488359 ], [ -74.435275, 40.488296 ] ] } },
{ "type": "Feature", "properties": { "id": "548481400-2353", "name": "", "class": "trunk", "is_priority": true }, "geometry": { "type": "LineString", "coordinates": [ [ -74.412128, 40.496372 ], [ -74.412436, 40.495783 ], [ -74.412765, 40.494932 ] ] } },
{ "type": "Feature", "properties": { "id": "548481401-2354", "name": "", "class": "trunk", "is_priority": true }, "geometry": { "type": "LineString", "coordinates": [ [ -74.412372, 40.494875 ], [ -74.41216, 40.495707 ], [ -74.411983, 40.496156 ], [ -74.411795, 40.496499 ] ] } },
{ "type": "Feature", "properties": { "id": "552150376-2355", "name": "Delavan Street", "class": "residential", "is_priority": false }, "geometry": { "type": "LineString", "coordinates": [ [ -74.451708, 40.486033 ], [ -74.451628, 40.485954 ], [ -74.450097, 40.485013 ] ] } },
{ "type": "Feature", "properties": { "id": "571040161-2356", "name": "", "class": "residential", "is_priority": false }, "geometry": { "type": "LineString", "coordinates": [ [ -74.469403, 40.514007 ], [ -74.469218, 40.513944 ], [ -74.46906, 40.513762 ] ] } },
{ "type": "Feature", "properties": { "id": "573612937-2357", "name": "Marvin Place", "class": "residential", "is_priority": false }, "geometry": { "type": "LineString", "coordinates": [ [ -74.474387, 40.46731 ], [ -74.474095, 40.467574 ] ] } },
{ "type": "Feature", "properties": { "id": "574009698-2358", "name": "Parkview Drive", "class": "residential", "is_priority": false }, "geometry": { "type": "LineString", "coordinates": [ [ -74.466106, 40.505878 ], [ -74.466008, 40.505819 ], [ -74.465894, 40.50579 ], [ -74.465276, 40.505802 ], [ -74.465166, 40.505831 ], [ -74.464886, 40.506022 ] ] } },
{ "type": "Feature", "properties": { "id": "574500033-2359", "name": "Paulus Boulevard West", "class": "residential", "is_priority": false }, "geometry": { "type": "LineString", "coordinates": [ [ -74.422175, 40.485839 ], [ -74.421846, 40.486079 ] ] } },
{ "type": "Feature", "properties": { "id": "574751276-2360", "name": "Hollywood Street", "class": "residential", "is_priority": false }, "geometry": { "type": "LineString", "coordinates": [ [ -74.458154, 40.47474 ], [ -74.460009, 40.475854 ] ] } },
{ "type": "Feature", "properties": { "id": "574751276-2361", "name": "Hollywood Street", "class": "residential", "is_priority": false }, "geometry": { "type": "LineString", "coordinates": [ [ -74.460009, 40.475854 ], [ -74.461405, 40.476693 ] ] } },
{ "type": "Feature", "properties": { "id": "574751277-2362", "name": "Cleremont Avenue", "class": "residential", "is_priority": false }, "geometry": { "type": "LineString", "coordinates": [ [ -74.457899, 40.472455 ], [ -74.457156, 40.472456 ], [ -74.457037, 40.472487 ], [ -74.456988, 40.472521 ] ] } },
{ "type": "Feature", "properties": { "id": "574753830-2363", "name": "Frank Street", "class": "residential", "is_priority": false }, "geometry": { "type": "LineString", "coordinates": [ [ -74.481993, 40.484781 ], [ -74.482683, 40.484364 ] ] } },
{ "type": "Feature", "properties": { "id": "574753831-2364", "name": "Frank Street", "class": "residential", "is_priority": false }, "geometry": { "type": "LineString", "coordinates": [ [ -74.481281, 40.485206 ], [ -74.481993, 40.484781 ] ] } },
{ "type": "Feature", "properties": { "id": "574754135-2365", "name": "May Street", "class": "residential", "is_priority": false }, "geometry": { "type": "LineString", "coordinates": [ [ -74.458253, 40.479734 ], [ -74.460097, 40.480858 ] ] } },
{ "type": "Feature", "properties": { "id": "574754135-2366", "name": "May Street", "class": "residential", "is_priority": false }, "geometry": { "type": "LineString", "coordinates": [ [ -74.460097, 40.480858 ], [ -74.460123, 40.480874 ] ] } },
{ "type": "Feature", "properties": { "id": "574754139-2367", "name": "May Street", "class": "residential", "is_priority": false }, "geometry": { "type": "LineString", "coordinates": [ [ -74.456608, 40.478744 ], [ -74.458253, 40.479734 ] ] } },
{ "type": "Feature", "properties": { "id": "574762696-2368", "name": "Squibb Drive", "class": "residential", "is_priority": false }, "geometry": { "type": "LineString", "coordinates": [ [ -74.446518, 40.476942 ], [ -74.446457, 40.476852 ], [ -74.445806, 40.476383 ] ] } },
{ "type": "Feature", "properties": { "id": "574762697-2369", "name": "Squibb Drive", "class": "residential", "is_priority": false }, "geometry": { "type": "LineString", "coordinates": [ [ -74.445589, 40.476505 ], [ -74.445803, 40.476568 ], [ -74.446127, 40.47678 ], [ -74.446357, 40.476909 ], [ -74.446518, 40.476942 ] ] } },
{ "type": "Feature", "properties": { "id": "574762698-2370", "name": "South Ward Street", "class": "residential", "is_priority": false }, "geometry": { "type": "LineString", "coordinates": [ [ -74.444255, 40.476965 ], [ -74.446118, 40.478071 ] ] } },
{ "type": "Feature", "properties": { "id": "574762698-2371", "name": "South Ward Street", "class": "residential", "is_priority": false }, "geometry": { "type": "LineString", "coordinates": [ [ -74.446118, 40.478071 ], [ -74.446752, 40.478447 ] ] } },
{ "type": "Feature", "properties": { "id": "574764154-2372", "name": "Throop Avenue", "class": "residential", "is_priority": false }, "geometry": { "type": "LineString", "coordinates": [ [ -74.443295, 40.486488 ], [ -74.442687, 40.487068 ] ] } },
{ "type": "Feature", "properties": { "id": "574764155-2373", "name": "Throop Avenue", "class": "residential", "is_priority": false }, "geometry": { "type": "LineString", "coordinates": [ [ -74.443295, 40.486488 ], [ -74.44477, 40.485082 ] ] } },
{ "type": "Feature", "properties": { "id": "574764155-2374", "name": "Throop Avenue", "class": "residential", "is_priority": false }, "geometry": { "type": "LineString", "coordinates": [ [ -74.44477, 40.485082 ], [ -74.445635, 40.484236 ], [ -74.446238, 40.483672 ] ] } },
{ "type": "Feature", "properties": { "id": "574764155-2375", "name": "Throop Avenue", "class": "residential", "is_priority": false }, "geometry": { "type": "LineString", "coordinates": [ [ -74.446238, 40.483672 ], [ -74.446813, 40.48313 ], [ -74.447438, 40.482496 ] ] } },
{ "type": "Feature", "properties": { "id": "574766970-2376", "name": "Hartwell Street", "class": "residential", "is_priority": false }, "geometry": { "type": "LineString", "coordinates": [ [ -74.455194, 40.498476 ], [ -74.455325, 40.498742 ] ] } },
{ "type": "Feature", "properties": { "id": "574767788-2377", "name": "Harvey Street", "class": "residential", "is_priority": false }, "geometry": { "type": "LineString", "coordinates": [ [ -74.452513, 40.492874 ], [ -74.453683, 40.4942 ] ] } },
{ "type": "Feature", "properties": { "id": "574771759-2378", "name": "Jersey Avenue", "class": "tertiary", "is_priority": false }, "geometry": { "type": "LineString", "coordinates": [ [ -74.454118, 40.491914 ], [ -74.454565, 40.491494 ] ] } },
{ "type": "Feature", "properties": { "id": "574771760-2379", "name": "French Street", "class": "secondary", "is_priority": false }, "geometry": { "type": "LineString", "coordinates": [ [ -74.454118, 40.491914 ], [ -74.454816, 40.491656 ] ] } },
{ "type": "Feature", "properties": { "id": "574771761-2380", "name": "French Street", "class": "secondary", "is_priority": false }, "geometry": { "type": "LineString", "coordinates": [ [ -74.463121, 40.4892 ], [ -74.462666, 40.489333 ], [ -74.462017, 40.489482 ] ] } },
{ "type": "Feature", "properties": { "id": "574771762-2381", "name": "Somerset Street", "class": "secondary", "is_priority": false }, "geometry": { "type": "LineString", "coordinates": [ [ -74.463232, 40.48932 ], [ -74.463898, 40.489021 ], [ -74.463977, 40.488909 ] ] } },
{ "type": "Feature", "properties": { "id": "574771763-2382", "name": "Somerset Street", "class": "secondary", "is_priority": false }, "geometry": { "type": "LineString", "coordinates": [ [ -74.463977, 40.488909 ], [ -74.463788, 40.488935 ], [ -74.463121, 40.4892 ] ] } },
{ "type": "Feature", "properties": { "id": "574771764-2383", "name": "Somerset Street", "class": "residential", "is_priority": false }, "geometry": { "type": "LineString", "coordinates": [ [ -74.462697, 40.489584 ], [ -74.463054, 40.489441 ], [ -74.463232, 40.48932 ] ] } },
{ "type": "Feature", "properties": { "id": "574771765-2384", "name": "", "class": "secondary_link", "is_priority": false }, "geometry": { "type": "LineString", "coordinates": [ [ -74.463623, 40.489005 ], [ -74.463518, 40.489119 ], [ -74.463173, 40.489259 ] ] } },
{ "type": "Feature", "properties": { "id": "574771766-2385", "name": "Somerset Street", "class": "residential", "is_priority": false }, "geometry": { "type": "LineString", "coordinates": [ [ -74.463173, 40.489259 ], [ -74.463007, 40.489359 ] ] } },
{ "type": "Feature", "properties": { "id": "574771767-2386", "name": "French Street", "class": "secondary", "is_priority": false }, "geometry": { "type": "LineString", "coordinates": [ [ -74.462017, 40.489482 ], [ -74.462542, 40.489442 ], [ -74.463007, 40.489359 ] ] } },
{ "type": "Feature", "properties": { "id": "574771987-2387", "name": "Cedar Avenue", "class": "residential", "is_priority": false }, "geometry": { "type": "LineString", "coordinates": [ [ -74.433628, 40.498071 ], [ -74.432959, 40.496344 ] ] } },
{ "type": "Feature", "properties": { "id": "574771987-2388", "name": "Cedar Avenue", "class": "residential", "is_priority": false }, "geometry": { "type": "LineString", "coordinates": [ [ -74.432959, 40.496344 ], [ -74.432323, 40.494693 ] ] } },
{ "type": "Feature", "properties": { "id": "574773688-2389", "name": "Richmond Street", "class": "residential", "is_priority": false }, "geometry": { "type": "LineString", "coordinates": [ [ -74.440203, 40.494124 ], [ -74.439598, 40.494234 ], [ -74.439489, 40.494214 ], [ -74.439418, 40.494175 ] ] } },
{ "type": "Feature", "properties": { "id": "574773689-2390", "name": "Neilson Street", "class": "residential", "is_priority": false }, "geometry": { "type": "LineString", "coordinates": [ [ -74.441359, 40.492543 ], [ -74.441345, 40.492429 ] ] } },
{ "type": "Feature", "properties": { "id": "574774358-2391", "name": "Manor Court", "class": "residential", "is_priority": false }, "geometry": { "type": "LineString", "coordinates": [ [ -74.413162, 40.486896 ], [ -74.413629, 40.486359 ] ] } },
{ "type": "Feature", "properties": { "id": "574774359-2392", "name": "Regency Manor Drive", "class": "residential", "is_priority": false }, "geometry": { "type": "LineString", "coordinates": [ [ -74.41319, 40.489179 ], [ -74.413041, 40.489634 ], [ -74.413038, 40.489688 ], [ -74.413108, 40.48984 ] ] } },
{ "type": "Feature", "properties": { "id": "574778146-2393", "name": "Georges Road", "class": "tertiary", "is_priority": false }, "geometry": { "type": "LineString", "coordinates": [ [ -74.445657, 40.481413 ], [ -74.445635, 40.481322 ], [ -74.445365, 40.480868 ], [ -74.445249, 40.480752 ] ] } },
{ "type": "Feature", "properties": { "id": "574778150-2394", "name": "Georges Road", "class": "tertiary", "is_priority": false }, "geometry": { "type": "LineString", "coordinates": [ [ -74.445862, 40.481549 ], [ -74.445709, 40.481461 ], [ -74.445657, 40.481413 ] ] } },
{ "type": "Feature", "properties": { "id": "574778155-2395", "name": "Georges Road", "class": "tertiary", "is_priority": false }, "geometry": { "type": "LineString", "coordinates": [ [ -74.445249, 40.480752 ], [ -74.445265, 40.480897 ], [ -74.44537, 40.481153 ], [ -74.445439, 40.481264 ] ] } },
{ "type": "Feature", "properties": { "id": "574778158-2396", "name": "Sandford Street", "class": "residential", "is_priority": false }, "geometry": { "type": "LineString", "coordinates": [ [ -74.44438, 40.480649 ], [ -74.445439, 40.481264 ] ] } },
{ "type": "Feature", "properties": { "id": "574778284-2397", "name": "Jersey Avenue", "class": "tertiary", "is_priority": false }, "geometry": { "type": "LineString", "coordinates": [ [ -74.454565, 40.491494 ], [ -74.455136, 40.490935 ] ] } },
{ "type": "Feature", "properties": { "id": "574781270-2398", "name": "6th Avenue", "class": "residential", "is_priority": false }, "geometry": { "type": "LineString", "coordinates": [ [ -74.422889, 40.49998 ], [ -74.422497, 40.49935 ] ] } },
{ "type": "Feature", "properties": { "id": "574781853-2399", "name": "Prosper Street", "class": "residential", "is_priority": false }, "geometry": { "type": "LineString", "coordinates": [ [ -74.452864, 40.499401 ], [ -74.453301, 40.498749 ] ] } },
{ "type": "Feature", "properties": { "id": "576314503-2400", "name": "Juliet Street", "class": "residential", "is_priority": false }, "geometry": { "type": "LineString", "coordinates": [ [ -74.457691, 40.480274 ], [ -74.459537, 40.481397 ] ] } },
{ "type": "Feature", "properties": { "id": "576314503-2401", "name": "Juliet Street", "class": "residential", "is_priority": false }, "geometry": { "type": "LineString", "coordinates": [ [ -74.459537, 40.481397 ], [ -74.459552, 40.481406 ] ] } },
{ "type": "Feature", "properties": { "id": "576314506-2402", "name": "Juliet Street", "class": "residential", "is_priority": false }, "geometry": { "type": "LineString", "coordinates": [ [ -74.457691, 40.480274 ], [ -74.456052, 40.479275 ] ] } },
{ "type": "Feature", "properties": { "id": "576315551-2403", "name": "Oakland Avenue", "class": "residential", "is_priority": false }, "geometry": { "type": "LineString", "coordinates": [ [ -74.404784, 40.501555 ], [ -74.404732, 40.501113 ] ] } },
{ "type": "Feature", "properties": { "id": "576315555-2404", "name": "Fayette Street", "class": "residential", "is_priority": false }, "geometry": { "type": "LineString", "coordinates": [ [ -74.404078, 40.501617 ], [ -74.404784, 40.501555 ] ] } },
{ "type": "Feature", "properties": { "id": "579543778-2405", "name": "Alfred Avenue", "class": "residential", "is_priority": false }, "geometry": { "type": "LineString", "coordinates": [ [ -74.466483, 40.488257 ], [ -74.466271, 40.488003 ] ] } },
{ "type": "Feature", "properties": { "id": "579899317-2406", "name": "New Jersey Turnpike", "class": "motorway", "is_priority": true }, "geometry": { "type": "LineString", "coordinates": [ [ -74.402997, 40.480233 ], [ -74.402624, 40.480833 ] ] } },
{ "type": "Feature", "properties": { "id": "579899318-2407", "name": "New Jersey Turnpike", "class": "motorway", "is_priority": true }, "geometry": { "type": "LineString", "coordinates": [ [ -74.397404, 40.487689 ], [ -74.398932, 40.486316 ] ] } },
{ "type": "Feature", "properties": { "id": "579899318-2408", "name": "New Jersey Turnpike", "class": "motorway", "is_priority": true }, "geometry": { "type": "LineString", "coordinates": [ [ -74.398932, 40.486316 ], [ -74.39907, 40.486192 ] ] } },
{ "type": "Feature", "properties": { "id": "580290574-2409", "name": "Route 18 Service Road", "class": "secondary", "is_priority": false }, "geometry": { "type": "LineString", "coordinates": [ [ -74.430779, 40.486851 ], [ -74.431975, 40.487079 ], [ -74.433045, 40.487349 ] ] } },
{ "type": "Feature", "properties": { "id": "580290574-2410", "name": "Route 18 Service Road", "class": "secondary", "is_priority": false }, "geometry": { "type": "LineString", "coordinates": [ [ -74.433045, 40.487349 ], [ -74.433616, 40.487529 ], [ -74.434139, 40.487725 ] ] } },
{ "type": "Feature", "properties": { "id": "580290575-2411", "name": "", "class": "secondary", "is_priority": false }, "geometry": { "type": "LineString", "coordinates": [ [ -74.43249, 40.487131 ], [ -74.4325, 40.487103 ] ] } },
{ "type": "Feature", "properties": { "id": "580636306-2412", "name": "Tabernacle Way", "class": "residential", "is_priority": false }, "geometry": { "type": "LineString", "coordinates": [ [ -74.441858, 40.490081 ], [ -74.441711, 40.490162 ], [ -74.440642, 40.49057 ], [ -74.440472, 40.490613 ] ] } },
{ "type": "Feature", "properties": { "id": "580636307-2413", "name": "Remsen Avenue", "class": "residential", "is_priority": false }, "geometry": { "type": "LineString", "coordinates": [ [ -74.441858, 40.490081 ], [ -74.442106, 40.48995 ] ] } },
{ "type": "Feature", "properties": { "id": "580636310-2414", "name": "Remsen Avenue", "class": "residential", "is_priority": false }, "geometry": { "type": "LineString", "coordinates": [ [ -74.456001, 40.476816 ], [ -74.456601, 40.476205 ], [ -74.457087, 40.475764 ], [ -74.457459, 40.4754 ] ] } },
{ "type": "Feature", "properties": { "id": "580636310-2415", "name": "Remsen Avenue", "class": "residential", "is_priority": false }, "geometry": { "type": "LineString", "coordinates": [ [ -74.457459, 40.4754 ], [ -74.457591, 40.475271 ] ] } },
{ "type": "Feature", "properties": { "id": "581668351-2416", "name": "Remsen Avenue", "class": "residential", "is_priority": false }, "geometry": { "type": "LineString", "coordinates": [ [ -74.442106, 40.48995 ], [ -74.44226, 40.489879 ] ] } },
{ "type": "Feature", "properties": { "id": "584774964-2417", "name": "Huntington Street", "class": "residential", "is_priority": false }, "geometry": { "type": "LineString", "coordinates": [ [ -74.453861, 40.505141 ], [ -74.455498, 40.504183 ] ] } },
{ "type": "Feature", "properties": { "id": "588046962-2418", "name": "Home Street", "class": "residential", "is_priority": false }, "geometry": { "type": "LineString", "coordinates": [ [ -74.464144, 40.495573 ], [ -74.464402, 40.495971 ] ] } },
{ "type": "Feature", "properties": { "id": "588913215-2419", "name": "South 5th Avenue", "class": "residential", "is_priority": false }, "geometry": { "type": "LineString", "coordinates": [ [ -74.421752, 40.496337 ], [ -74.421602, 40.496097 ], [ -74.421521, 40.495927 ], [ -74.421012, 40.49463 ] ] } },
{ "type": "Feature", "properties": { "id": "588913215-2420", "name": "South 5th Avenue", "class": "residential", "is_priority": false }, "geometry": { "type": "LineString", "coordinates": [ [ -74.421012, 40.49463 ], [ -74.420445, 40.493209 ] ] } },
{ "type": "Feature", "properties": { "id": "588913217-2421", "name": "Mansfield Street", "class": "residential", "is_priority": false }, "geometry": { "type": "LineString", "coordinates": [ [ -74.421752, 40.496337 ], [ -74.420843, 40.496699 ] ] } },
{ "type": "Feature", "properties": { "id": "588915486-2422", "name": "French Street", "class": "secondary", "is_priority": false }, "geometry": { "type": "LineString", "coordinates": [ [ -74.45398, 40.49197 ], [ -74.454118, 40.491914 ] ] } },
{ "type": "Feature", "properties": { "id": "588915487-2423", "name": "French Street", "class": "secondary", "is_priority": false }, "geometry": { "type": "LineString", "coordinates": [ [ -74.453902, 40.492002 ], [ -74.45398, 40.49197 ] ] } },
{ "type": "Feature", "properties": { "id": "588915716-2424", "name": "French Street", "class": "secondary", "is_priority": false }, "geometry": { "type": "LineString", "coordinates": [ [ -74.448178, 40.495385 ], [ -74.450234, 40.494501 ] ] } },
{ "type": "Feature", "properties": { "id": "588915716-2425", "name": "French Street", "class": "secondary", "is_priority": false }, "geometry": { "type": "LineString", "coordinates": [ [ -74.450234, 40.494501 ], [ -74.45058, 40.494352 ], [ -74.450753, 40.494246 ], [ -74.45141, 40.493744 ], [ -74.451962, 40.49329 ] ] } },
{ "type": "Feature", "properties": { "id": "588915716-2426", "name": "French Street", "class": "secondary", "is_priority": false }, "geometry": { "type": "LineString", "coordinates": [ [ -74.451962, 40.49329 ], [ -74.453073, 40.492448 ], [ -74.45372, 40.492097 ] ] } },
{ "type": "Feature", "properties": { "id": "588915716-2427", "name": "French Street", "class": "secondary", "is_priority": false }, "geometry": { "type": "LineString", "coordinates": [ [ -74.45372, 40.492097 ], [ -74.453902, 40.492002 ] ] } },
{ "type": "Feature", "properties": { "id": "588917800-2428", "name": "George Street", "class": "tertiary", "is_priority": false }, "geometry": { "type": "LineString", "coordinates": [ [ -74.44276, 40.491455 ], [ -74.443064, 40.491927 ] ] } },
{ "type": "Feature", "properties": { "id": "588917809-2429", "name": "George Street", "class": "tertiary", "is_priority": false }, "geometry": { "type": "LineString", "coordinates": [ [ -74.442609, 40.491215 ], [ -74.44276, 40.491455 ] ] } },
{ "type": "Feature", "properties": { "id": "588917945-2430", "name": "Bayard Street", "class": "residential", "is_priority": false }, "geometry": { "type": "LineString", "coordinates": [ [ -74.445032, 40.494223 ], [ -74.446542, 40.494006 ] ] } },
{ "type": "Feature", "properties": { "id": "588917946-2431", "name": "George Street", "class": "living_street", "is_priority": false }, "geometry": { "type": "LineString", "coordinates": [ [ -74.443747, 40.49441 ], [ -74.443931, 40.49517 ] ] } },
{ "type": "Feature", "properties": { "id": "588920931-2432", "name": "Easton Avenue", "class": "tertiary", "is_priority": false }, "geometry": { "type": "LineString", "coordinates": [ [ -74.446423, 40.496505 ], [ -74.446166, 40.496311 ] ] } },
{ "type": "Feature", "properties": { "id": "588935702-2433", "name": "Meriland Avenue", "class": "residential", "is_priority": false }, "geometry": { "type": "LineString", "coordinates": [ [ -74.416753, 40.502055 ], [ -74.416646, 40.501399 ] ] } },
{ "type": "Feature", "properties": { "id": "588950939-2434", "name": "Somerset Street", "class": "secondary", "is_priority": false }, "geometry": { "type": "LineString", "coordinates": [ [ -74.472469, 40.485648 ], [ -74.474683, 40.485025 ] ] } },
{ "type": "Feature", "properties": { "id": "588950939-2435", "name": "Somerset Street", "class": "secondary", "is_priority": false }, "geometry": { "type": "LineString", "coordinates": [ [ -74.474683, 40.485025 ], [ -74.475698, 40.484727 ], [ -74.476514, 40.484508 ] ] } },
{ "type": "Feature", "properties": { "id": "588950982-2436", "name": "Somerset Street", "class": "secondary", "is_priority": false }, "geometry": { "type": "LineString", "coordinates": [ [ -74.483298, 40.480988 ], [ -74.484106, 40.48036 ] ] } },
{ "type": "Feature", "properties": { "id": "588951507-2437", "name": "Tunison Road", "class": "residential", "is_priority": false }, "geometry": { "type": "LineString", "coordinates": [ [ -74.405019, 40.484828 ], [ -74.404926, 40.484728 ], [ -74.404679, 40.484584 ], [ -74.404026, 40.484318 ], [ -74.403833, 40.484211 ], [ -74.403673, 40.484085 ], [ -74.403554, 40.483957 ], [ -74.403436, 40.483805 ], [ -74.403347, 40.483643 ] ] } },
{ "type": "Feature", "properties": { "id": "588951822-2438", "name": "Lincoln Avenue", "class": "residential", "is_priority": false }, "geometry": { "type": "LineString", "coordinates": [ [ -74.435177, 40.499511 ], [ -74.435165, 40.499824 ], [ -74.435061, 40.500183 ], [ -74.435015, 40.500265 ] ] } },
{ "type": "Feature", "properties": { "id": "591540967-2439", "name": "Hermann Road", "class": "tertiary", "is_priority": false }, "geometry": { "type": "LineString", "coordinates": [ [ -74.461552, 40.468006 ], [ -74.462216, 40.468111 ], [ -74.462922, 40.468255 ], [ -74.463801, 40.46853 ] ] } },
{ "type": "Feature", "properties": { "id": "591540967-2440", "name": "Hermann Road", "class": "tertiary", "is_priority": false }, "geometry": { "type": "LineString", "coordinates": [ [ -74.463801, 40.46853 ], [ -74.464356, 40.468711 ], [ -74.465056, 40.469037 ], [ -74.465921, 40.469309 ] ] } },
{ "type": "Feature", "properties": { "id": "591540967-2441", "name": "Hermann Road", "class": "tertiary", "is_priority": false }, "geometry": { "type": "LineString", "coordinates": [ [ -74.465921, 40.469309 ], [ -74.468111, 40.469978 ] ] } },
{ "type": "Feature", "properties": { "id": "591540967-2442", "name": "Hermann Road", "class": "tertiary", "is_priority": false }, "geometry": { "type": "LineString", "coordinates": [ [ -74.468111, 40.469978 ], [ -74.468509, 40.470094 ] ] } },
{ "type": "Feature", "properties": { "id": "591542001-2443", "name": "Georges Road", "class": "tertiary", "is_priority": false }, "geometry": { "type": "LineString", "coordinates": [ [ -74.452828, 40.468209 ], [ -74.453069, 40.46798 ] ] } },
{ "type": "Feature", "properties": { "id": "598340734-2444", "name": "Evergreen Court", "class": "residential", "is_priority": false }, "geometry": { "type": "LineString", "coordinates": [ [ -74.461457, 40.470631 ], [ -74.461444, 40.470223 ], [ -74.461471, 40.470119 ], [ -74.461543, 40.470038 ], [ -74.461676, 40.469962 ], [ -74.461881, 40.46991 ] ] } },
{ "type": "Feature", "properties": { "id": "608811380-2445", "name": "Railroad Avenue", "class": "residential", "is_priority": false }, "geometry": { "type": "LineString", "coordinates": [ [ -74.451003, 40.492149 ], [ -74.449981, 40.493114 ] ] } },
{ "type": "Feature", "properties": { "id": "608811381-2446", "name": "Railroad Avenue", "class": "residential", "is_priority": false }, "geometry": { "type": "LineString", "coordinates": [ [ -74.449981, 40.493114 ], [ -74.449758, 40.493086 ] ] } },
{ "type": "Feature", "properties": { "id": "608840501-2447", "name": "Wyckoff Street", "class": "residential", "is_priority": false }, "geometry": { "type": "LineString", "coordinates": [ [ -74.454217, 40.500403 ], [ -74.45567, 40.501824 ] ] } },
{ "type": "Feature", "properties": { "id": "608840501-2448", "name": "Wyckoff Street", "class": "residential", "is_priority": false }, "geometry": { "type": "LineString", "coordinates": [ [ -74.45567, 40.501824 ], [ -74.457118, 40.503246 ] ] } },
{ "type": "Feature", "properties": { "id": "608840501-2449", "name": "Wyckoff Street", "class": "residential", "is_priority": false }, "geometry": { "type": "LineString", "coordinates": [ [ -74.457118, 40.503246 ], [ -74.457609, 40.503742 ] ] } },
{ "type": "Feature", "properties": { "id": "608840502-2450", "name": "Bartlett Street", "class": "residential", "is_priority": false }, "geometry": { "type": "LineString", "coordinates": [ [ -74.454217, 40.500403 ], [ -74.454593, 40.500175 ], [ -74.45464, 40.500102 ] ] } },
{ "type": "Feature", "properties": { "id": "609069543-2451", "name": "Hassart Street", "class": "residential", "is_priority": false }, "geometry": { "type": "LineString", "coordinates": [ [ -74.440636, 40.489791 ], [ -74.441977, 40.489274 ], [ -74.442507, 40.488775 ] ] } },
{ "type": "Feature", "properties": { "id": "609069544-2452", "name": "Abeel Street", "class": "residential", "is_priority": false }, "geometry": { "type": "LineString", "coordinates": [ [ -74.440257, 40.489229 ], [ -74.440636, 40.489791 ] ] } },
{ "type": "Feature", "properties": { "id": "609075063-2453", "name": "Carman Street", "class": "residential", "is_priority": false }, "geometry": { "type": "LineString", "coordinates": [ [ -74.440257, 40.489229 ], [ -74.441673, 40.488691 ], [ -74.441914, 40.488436 ] ] } },
{ "type": "Feature", "properties": { "id": "609075064-2454", "name": "Abeel Street", "class": "residential", "is_priority": false }, "geometry": { "type": "LineString", "coordinates": [ [ -74.439816, 40.488535 ], [ -74.440257, 40.489229 ] ] } },
{ "type": "Feature", "properties": { "id": "610367156-2455", "name": "Abeel Street", "class": "residential", "is_priority": false }, "geometry": { "type": "LineString", "coordinates": [ [ -74.439621, 40.488244 ], [ -74.439816, 40.488535 ] ] } },
{ "type": "Feature", "properties": { "id": "619478565-2456", "name": "Marswillo Way", "class": "living_street", "is_priority": false }, "geometry": { "type": "LineString", "coordinates": [ [ -74.473481, 40.485862 ], [ -74.475691, 40.48523 ] ] } },
{ "type": "Feature", "properties": { "id": "619478565-2457", "name": "Marswillo Way", "class": "living_street", "is_priority": false }, "geometry": { "type": "LineString", "coordinates": [ [ -74.475691, 40.48523 ], [ -74.475901, 40.485171 ] ] } },
{ "type": "Feature", "properties": { "id": "619478687-2458", "name": "Pfeiffer Place", "class": "living_street", "is_priority": false }, "geometry": { "type": "LineString", "coordinates": [ [ -74.475484, 40.485289 ], [ -74.475813, 40.485941 ], [ -74.475848, 40.485978 ], [ -74.47592, 40.48597 ], [ -74.476253, 40.485866 ] ] } },
{ "type": "Feature", "properties": { "id": "628301281-2459", "name": "Shepherd Street", "class": "residential", "is_priority": false }, "geometry": { "type": "LineString", "coordinates": [ [ -74.48526, 40.483237 ], [ -74.484438, 40.482687 ], [ -74.48413, 40.482499 ], [ -74.484041, 40.482502 ], [ -74.48351, 40.482941 ] ] } },
{ "type": "Feature", "properties": { "id": "628301281-2460", "name": "Shepherd Street", "class": "residential", "is_priority": false }, "geometry": { "type": "LineString", "coordinates": [ [ -74.48351, 40.482941 ], [ -74.483451, 40.48299 ] ] } },
{ "type": "Feature", "properties": { "id": "628301404-2461", "name": "Gurley Street", "class": "residential", "is_priority": false }, "geometry": { "type": "LineString", "coordinates": [ [ -74.484261, 40.482821 ], [ -74.484438, 40.482687 ] ] } },
{ "type": "Feature", "properties": { "id": "628301556-2462", "name": "Dexter Court", "class": "residential", "is_priority": false }, "geometry": { "type": "LineString", "coordinates": [ [ -74.484626, 40.482819 ], [ -74.485199, 40.482335 ] ] } },
{ "type": "Feature", "properties": { "id": "628301828-2463", "name": "Yaworsky Way", "class": "residential", "is_priority": false }, "geometry": { "type": "LineString", "coordinates": [ [ -74.484807, 40.482078 ], [ -74.484244, 40.482567 ] ] } },
{ "type": "Feature", "properties": { "id": "639270504-2464", "name": "Mitchell Avenue", "class": "residential", "is_priority": false }, "geometry": { "type": "LineString", "coordinates": [ [ -74.465445, 40.484648 ], [ -74.467291, 40.48577 ] ] } },
{ "type": "Feature", "properties": { "id": "639270504-2465", "name": "Mitchell Avenue", "class": "residential", "is_priority": false }, "geometry": { "type": "LineString", "coordinates": [ [ -74.467291, 40.48577 ], [ -74.468131, 40.48628 ], [ -74.468232, 40.48638 ], [ -74.468489, 40.486776 ] ] } },
{ "type": "Feature", "properties": { "id": "639270505-2466", "name": "Curtis Place", "class": "residential", "is_priority": false }, "geometry": { "type": "LineString", "coordinates": [ [ -74.465445, 40.484648 ], [ -74.466004, 40.48412 ] ] } },
{ "type": "Feature", "properties": { "id": "639294140-2467", "name": "Bridge Street", "class": "residential", "is_priority": false }, "geometry": { "type": "LineString", "coordinates": [ [ -74.459146, 40.493961 ], [ -74.459075, 40.493635 ] ] } },
{ "type": "Feature", "properties": { "id": "639294141-2468", "name": "Bridge Street", "class": "residential", "is_priority": false }, "geometry": { "type": "LineString", "coordinates": [ [ -74.459135, 40.494073 ], [ -74.459156, 40.494029 ], [ -74.459146, 40.493961 ] ] } },
{ "type": "Feature", "properties": { "id": "639551537-2469", "name": "Neilson Street", "class": "residential", "is_priority": false }, "geometry": { "type": "LineString", "coordinates": [ [ -74.442264, 40.496208 ], [ -74.442081, 40.495448 ] ] } },
{ "type": "Feature", "properties": { "id": "639551538-2470", "name": "Albany Street", "class": "secondary", "is_priority": false }, "geometry": { "type": "LineString", "coordinates": [ [ -74.441767, 40.496975 ], [ -74.441021, 40.497063 ], [ -74.440855, 40.497134 ] ] } },
{ "type": "Feature", "properties": { "id": "640137182-2471", "name": "State Route 18", "class": "trunk", "is_priority": true }, "geometry": { "type": "LineString", "coordinates": [ [ -74.424351, 40.485475 ], [ -74.422845, 40.485261 ] ] } },
{ "type": "Feature", "properties": { "id": "640137184-2472", "name": "State Route 18", "class": "trunk", "is_priority": true }, "geometry": { "type": "LineString", "coordinates": [ [ -74.426995, 40.486023 ], [ -74.427754, 40.486168 ] ] } },
{ "type": "Feature", "properties": { "id": "640319018-2473", "name": "", "class": "unclassified", "is_priority": false }, "geometry": { "type": "LineString", "coordinates": [ [ -74.417715, 40.487179 ], [ -74.417808, 40.487234 ] ] } },
{ "type": "Feature", "properties": { "id": "640352159-2474", "name": "Hoffman Boulevard", "class": "residential", "is_priority": false }, "geometry": { "type": "LineString", "coordinates": [ [ -74.416348, 40.486196 ], [ -74.416702, 40.48642 ], [ -74.417131, 40.485971 ], [ -74.417301, 40.485974 ] ] } },
{ "type": "Feature", "properties": { "id": "641774349-2475", "name": "State Route 18", "class": "trunk", "is_priority": true }, "geometry": { "type": "LineString", "coordinates": [ [ -74.40881, 40.470882 ], [ -74.40897, 40.471652 ] ] } },
{ "type": "Feature", "properties": { "id": "641774350-2476", "name": "State Route 18", "class": "trunk", "is_priority": true }, "geometry": { "type": "LineString", "coordinates": [ [ -74.40909, 40.471485 ], [ -74.408957, 40.470811 ] ] } },
{ "type": "Feature", "properties": { "id": "653911701-2477", "name": "Montgomery Street", "class": "residential", "is_priority": false }, "geometry": { "type": "LineString", "coordinates": [ [ -74.427332, 40.501569 ], [ -74.426455, 40.501877 ] ] } },
{ "type": "Feature", "properties": { "id": "653911702-2478", "name": "North 4th Avenue", "class": "residential", "is_priority": false }, "geometry": { "type": "LineString", "coordinates": [ [ -74.427332, 40.501569 ], [ -74.428318, 40.503206 ] ] } },
{ "type": "Feature", "properties": { "id": "653911702-2479", "name": "North 4th Avenue", "class": "residential", "is_priority": false }, "geometry": { "type": "LineString", "coordinates": [ [ -74.428318, 40.503206 ], [ -74.429314, 40.504839 ] ] } },
{ "type": "Feature", "properties": { "id": "653911702-2480", "name": "North 4th Avenue", "class": "residential", "is_priority": false }, "geometry": { "type": "LineString", "coordinates": [ [ -74.429314, 40.504839 ], [ -74.429419, 40.505007 ] ] } },
{ "type": "Feature", "properties": { "id": "654298005-2481", "name": "Lloyd Street", "class": "residential", "is_priority": false }, "geometry": { "type": "LineString", "coordinates": [ [ -74.40581, 40.500394 ], [ -74.405802, 40.499811 ] ] } },
{ "type": "Feature", "properties": { "id": "657873636-2482", "name": "Leia Lane", "class": "residential", "is_priority": false }, "geometry": { "type": "LineString", "coordinates": [ [ -74.438821, 40.506494 ], [ -74.438624, 40.506227 ], [ -74.438568, 40.50618 ], [ -74.438511, 40.506158 ], [ -74.438397, 40.506162 ], [ -74.438095, 40.5063 ], [ -74.438002, 40.506302 ], [ -74.437922, 40.506266 ], [ -74.437444, 40.505672 ], [ -74.437433, 40.505576 ], [ -74.437464, 40.505492 ] ] } },
{ "type": "Feature", "properties": { "id": "657873636-2483", "name": "Leia Lane", "class": "residential", "is_priority": false }, "geometry": { "type": "LineString", "coordinates": [ [ -74.437464, 40.505492 ], [ -74.437491, 40.505417 ], [ -74.437542, 40.505351 ], [ -74.43761, 40.505307 ], [ -74.437744, 40.505285 ], [ -74.437929, 40.50532 ] ] } },
{ "type": "Feature", "properties": { "id": "657873637-2484", "name": "Gabriel Lane", "class": "residential", "is_priority": false }, "geometry": { "type": "LineString", "coordinates": [ [ -74.438967, 40.50607 ], [ -74.438467, 40.505444 ], [ -74.438178, 40.505197 ] ] } },
{ "type": "Feature", "properties": { "id": "657873638-2485", "name": "Ella Lane", "class": "residential", "is_priority": false }, "geometry": { "type": "LineString", "coordinates": [ [ -74.439818, 40.50561 ], [ -74.439281, 40.505382 ], [ -74.439176, 40.505324 ], [ -74.438884, 40.505103 ], [ -74.438627, 40.504876 ] ] } },
{ "type": "Feature", "properties": { "id": "657873639-2486", "name": "Ethan Lane", "class": "residential", "is_priority": false }, "geometry": { "type": "LineString", "coordinates": [ [ -74.438311, 40.506196 ], [ -74.437864, 40.505627 ], [ -74.437851, 40.505531 ], [ -74.437929, 40.50532 ] ] } },
{ "type": "Feature", "properties": { "id": "657873640-2487", "name": "Shep Drive", "class": "residential", "is_priority": false }, "geometry": { "type": "LineString", "coordinates": [ [ -74.436752, 40.502851 ], [ -74.437078, 40.503203 ], [ -74.437467, 40.503487 ] ] } },
{ "type": "Feature", "properties": { "id": "657873641-2488", "name": "Mia Drive", "class": "residential", "is_priority": false }, "geometry": { "type": "LineString", "coordinates": [ [ -74.437342, 40.502457 ], [ -74.43762, 40.502777 ], [ -74.437823, 40.502952 ], [ -74.43799, 40.503061 ] ] } },
{ "type": "Feature", "properties": { "id": "657873642-2489", "name": "Kiersten Drive", "class": "residential", "is_priority": false }, "geometry": { "type": "LineString", "coordinates": [ [ -74.437941, 40.502052 ], [ -74.438253, 40.502425 ], [ -74.438554, 40.502635 ] ] } },
{ "type": "Feature", "properties": { "id": "657873643-2490", "name": "Leia Lane", "class": "residential", "is_priority": false }, "geometry": { "type": "LineString", "coordinates": [ [ -74.437929, 40.50532 ], [ -74.43806, 40.505292 ], [ -74.438805, 40.504759 ], [ -74.438946, 40.504753 ], [ -74.439044, 40.504767 ], [ -74.439157, 40.504805 ], [ -74.439327, 40.504901 ], [ -74.439509, 40.505113 ], [ -74.439757, 40.505233 ] ] } },
{ "type": "Feature", "properties": { "id": "657873643-2491", "name": "Leia Lane", "class": "residential", "is_priority": false }, "geometry": { "type": "LineString", "coordinates": [ [ -74.439757, 40.505233 ], [ -74.439885, 40.505293 ], [ -74.439932, 40.505332 ], [ -74.439948, 40.505389 ], [ -74.439945, 40.505448 ], [ -74.43974, 40.5057 ], [ -74.439651, 40.505756 ], [ -74.438624, 40.506227 ] ] } },
{ "type": "Feature", "properties": { "id": "659473688-2492", "name": "Ainsworth Avenue", "class": "residential", "is_priority": false }, "geometry": { "type": "LineString", "coordinates": [ [ -74.402201, 40.473242 ], [ -74.402247, 40.471441 ] ] } },
{ "type": "Feature", "properties": { "id": "659473688-2493", "name": "Ainsworth Avenue", "class": "residential", "is_priority": false }, "geometry": { "type": "LineString", "coordinates": [ [ -74.402247, 40.471441 ], [ -74.402252, 40.470629 ] ] } },
{ "type": "Feature", "properties": { "id": "660085949-2494", "name": "Lee Avenue", "class": "residential", "is_priority": false }, "geometry": { "type": "LineString", "coordinates": [ [ -74.450097, 40.485013 ], [ -74.451567, 40.483603 ] ] } },
{ "type": "Feature", "properties": { "id": "660085949-2495", "name": "Lee Avenue", "class": "residential", "is_priority": false }, "geometry": { "type": "LineString", "coordinates": [ [ -74.451567, 40.483603 ], [ -74.453035, 40.482193 ] ] } },
{ "type": "Feature", "properties": { "id": "660085949-2496", "name": "Lee Avenue", "class": "residential", "is_priority": false }, "geometry": { "type": "LineString", "coordinates": [ [ -74.453035, 40.482193 ], [ -74.454499, 40.48078 ] ] } },
{ "type": "Feature", "properties": { "id": "660085949-2497", "name": "Lee Avenue", "class": "residential", "is_priority": false }, "geometry": { "type": "LineString", "coordinates": [ [ -74.454499, 40.48078 ], [ -74.45596, 40.479365 ] ] } },
{ "type": "Feature", "properties": { "id": "660085949-2498", "name": "Lee Avenue", "class": "residential", "is_priority": false }, "geometry": { "type": "LineString", "coordinates": [ [ -74.45596, 40.479365 ], [ -74.456608, 40.478744 ], [ -74.457154, 40.478192 ], [ -74.457419, 40.47795 ] ] } },
{ "type": "Feature", "properties": { "id": "660085949-2499", "name": "Lee Avenue", "class": "residential", "is_priority": false }, "geometry": { "type": "LineString", "coordinates": [ [ -74.457419, 40.47795 ], [ -74.457865, 40.477543 ] ] } },
{ "type": "Feature", "properties": { "id": "660085950-2500", "name": "Delavan Street", "class": "residential", "is_priority": false }, "geometry": { "type": "LineString", "coordinates": [ [ -74.450097, 40.485013 ], [ -74.448448, 40.484081 ] ] } },
{ "type": "Feature", "properties": { "id": "660154103-2501", "name": "Wright Place", "class": "residential", "is_priority": false }, "geometry": { "type": "LineString", "coordinates": [ [ -74.471075, 40.484252 ], [ -74.471447, 40.484834 ] ] } },
{ "type": "Feature", "properties": { "id": "660154104-2502", "name": "", "class": "residential", "is_priority": false }, "geometry": { "type": "LineString", "coordinates": [ [ -74.471447, 40.484834 ], [ -74.47319, 40.484162 ] ] } },
{ "type": "Feature", "properties": { "id": "660451786-2503", "name": "", "class": "residential", "is_priority": false }, "geometry": { "type": "LineString", "coordinates": [ [ -74.440988, 40.478583 ], [ -74.441851, 40.479093 ], [ -74.442806, 40.479687 ] ] } },
{ "type": "Feature", "properties": { "id": "661273786-2504", "name": "Leo Street", "class": "residential", "is_priority": false }, "geometry": { "type": "LineString", "coordinates": [ [ -74.411744, 40.496914 ], [ -74.412121, 40.496952 ], [ -74.412459, 40.497112 ] ] } },
{ "type": "Feature", "properties": { "id": "661641894-2505", "name": "Remsen Avenue", "class": "residential", "is_priority": false }, "geometry": { "type": "LineString", "coordinates": [ [ -74.448448, 40.484081 ], [ -74.449054, 40.483498 ] ] } },
{ "type": "Feature", "properties": { "id": "661641898-2506", "name": "Delavan Street", "class": "residential", "is_priority": false }, "geometry": { "type": "LineString", "coordinates": [ [ -74.448448, 40.484081 ], [ -74.448339, 40.483968 ], [ -74.446647, 40.482923 ] ] } },
{ "type": "Feature", "properties": { "id": "661641898-2507", "name": "Delavan Street", "class": "residential", "is_priority": false }, "geometry": { "type": "LineString", "coordinates": [ [ -74.446647, 40.482923 ], [ -74.444803, 40.481798 ] ] } },
{ "type": "Feature", "properties": { "id": "661641898-2508", "name": "Delavan Street", "class": "residential", "is_priority": false }, "geometry": { "type": "LineString", "coordinates": [ [ -74.444803, 40.481798 ], [ -74.442947, 40.480686 ] ] } },
{ "type": "Feature", "properties": { "id": "661641898-2509", "name": "Delavan Street", "class": "residential", "is_priority": false }, "geometry": { "type": "LineString", "coordinates": [ [ -74.442947, 40.480686 ], [ -74.442228, 40.480261 ] ] } },
{ "type": "Feature", "properties": { "id": "661773391-2510", "name": "Jersey Avenue", "class": "tertiary", "is_priority": false }, "geometry": { "type": "LineString", "coordinates": [ [ -74.478318, 40.469125 ], [ -74.478693, 40.468606 ] ] } },
{ "type": "Feature", "properties": { "id": "661773392-2511", "name": "Jersey Avenue", "class": "tertiary", "is_priority": false }, "geometry": { "type": "LineString", "coordinates": [ [ -74.477956, 40.469616 ], [ -74.478195, 40.469287 ] ] } },
{ "type": "Feature", "properties": { "id": "664127860-2512", "name": "Franklin Boulevard", "class": "tertiary", "is_priority": false }, "geometry": { "type": "LineString", "coordinates": [ [ -74.481527, 40.492666 ], [ -74.482962, 40.491235 ] ] } },
{ "type": "Feature", "properties": { "id": "664127860-2513", "name": "Franklin Boulevard", "class": "tertiary", "is_priority": false }, "geometry": { "type": "LineString", "coordinates": [ [ -74.482962, 40.491235 ], [ -74.483523, 40.49063 ], [ -74.483668, 40.490457 ], [ -74.483785, 40.490271 ], [ -74.483877, 40.49008 ], [ -74.483921, 40.489926 ], [ -74.483963, 40.489641 ] ] } },
{ "type": "Feature", "properties": { "id": "664127860-2514", "name": "Franklin Boulevard", "class": "tertiary", "is_priority": false }, "geometry": { "type": "LineString", "coordinates": [ [ -74.483963, 40.489641 ], [ -74.48393, 40.489298 ], [ -74.483836, 40.489027 ], [ -74.483621, 40.488673 ], [ -74.483243, 40.488253 ], [ -74.483071, 40.488008 ] ] } },
{ "type": "Feature", "properties": { "id": "664127860-2515", "name": "Franklin Boulevard", "class": "tertiary", "is_priority": false }, "geometry": { "type": "LineString", "coordinates": [ [ -74.483071, 40.488008 ], [ -74.48293, 40.487674 ] ] } },
{ "type": "Feature", "properties": { "id": "666799141-2516", "name": "", "class": "residential", "is_priority": false }, "geometry": { "type": "LineString", "coordinates": [ [ -74.445764, 40.496585 ], [ -74.44572, 40.496632 ], [ -74.445756, 40.496708 ], [ -74.445813, 40.496732 ] ] } },
{ "type": "Feature", "properties": { "id": "666861062-2517", "name": "Fulton Street", "class": "residential", "is_priority": false }, "geometry": { "type": "LineString", "coordinates": [ [ -74.451224, 40.480107 ], [ -74.451438, 40.480235 ] ] } },
{ "type": "Feature", "properties": { "id": "668815068-2518", "name": "Bishop Street", "class": "residential", "is_priority": false }, "geometry": { "type": "LineString", "coordinates": [ [ -74.438016, 40.487704 ], [ -74.437118, 40.48878 ] ] } },
{ "type": "Feature", "properties": { "id": "670441392-2519", "name": "Paulus Boulevard West", "class": "residential", "is_priority": false }, "geometry": { "type": "LineString", "coordinates": [ [ -74.422406, 40.485632 ], [ -74.422175, 40.485839 ] ] } },
{ "type": "Feature", "properties": { "id": "671758095-2520", "name": "Crescent Court", "class": "residential", "is_priority": false }, "geometry": { "type": "LineString", "coordinates": [ [ -74.486719, 40.469103 ], [ -74.486127, 40.469681 ], [ -74.485103, 40.4691 ] ] } },
{ "type": "Feature", "properties": { "id": "674459867-2521", "name": "Sample Road", "class": "residential", "is_priority": false }, "geometry": { "type": "LineString", "coordinates": [ [ -74.476495, 40.483343 ], [ -74.47738, 40.483097 ] ] } },
{ "type": "Feature", "properties": { "id": "674459870-2522", "name": "Gatling Court", "class": "residential", "is_priority": false }, "geometry": { "type": "LineString", "coordinates": [ [ -74.476792, 40.483936 ], [ -74.476495, 40.483343 ] ] } },
{ "type": "Feature", "properties": { "id": "674459873-2523", "name": "Carter Road", "class": "residential", "is_priority": false }, "geometry": { "type": "LineString", "coordinates": [ [ -74.47618, 40.484101 ], [ -74.477374, 40.483767 ] ] } },
{ "type": "Feature", "properties": { "id": "674459877-2524", "name": "Sample Road", "class": "residential", "is_priority": false }, "geometry": { "type": "LineString", "coordinates": [ [ -74.475651, 40.483579 ], [ -74.476495, 40.483343 ] ] } },
{ "type": "Feature", "properties": { "id": "674479501-2525", "name": "Fulton Street", "class": "residential", "is_priority": false }, "geometry": { "type": "LineString", "coordinates": [ [ -74.455796, 40.482096 ], [ -74.457639, 40.483221 ] ] } },
{ "type": "Feature", "properties": { "id": "674479501-2526", "name": "Fulton Street", "class": "residential", "is_priority": false }, "geometry": { "type": "LineString", "coordinates": [ [ -74.457639, 40.483221 ], [ -74.457654, 40.48323 ] ] } },
{ "type": "Feature", "properties": { "id": "674531069-2527", "name": "High Street", "class": "residential", "is_priority": false }, "geometry": { "type": "LineString", "coordinates": [ [ -74.474707, 40.486514 ], [ -74.474088, 40.485196 ] ] } },
{ "type": "Feature", "properties": { "id": "674531071-2528", "name": "Chester Avenue", "class": "residential", "is_priority": false }, "geometry": { "type": "LineString", "coordinates": [ [ -74.475044, 40.485264 ], [ -74.474898, 40.484963 ] ] } },
{ "type": "Feature", "properties": { "id": "674531289-2529", "name": "Paulina Place", "class": "living_street", "is_priority": false }, "geometry": { "type": "LineString", "coordinates": [ [ -74.475092, 40.4854 ], [ -74.47549, 40.486206 ] ] } },
{ "type": "Feature", "properties": { "id": "674531329-2530", "name": "Pilalides Court", "class": "living_street", "is_priority": false }, "geometry": { "type": "LineString", "coordinates": [ [ -74.473605, 40.486145 ], [ -74.473805, 40.486097 ], [ -74.473854, 40.486105 ], [ -74.473975, 40.486329 ] ] } },
{ "type": "Feature", "properties": { "id": "674763447-2531", "name": "Eugene Avenue", "class": "residential", "is_priority": false }, "geometry": { "type": "LineString", "coordinates": [ [ -74.47148, 40.487468 ], [ -74.472345, 40.488382 ], [ -74.472677, 40.488721 ], [ -74.472889, 40.488913 ] ] } },
{ "type": "Feature", "properties": { "id": "674763447-2532", "name": "Eugene Avenue", "class": "residential", "is_priority": false }, "geometry": { "type": "LineString", "coordinates": [ [ -74.472889, 40.488913 ], [ -74.473058, 40.489066 ] ] } },
{ "type": "Feature", "properties": { "id": "675024764-2533", "name": "Hillcrest Avenue", "class": "residential", "is_priority": false }, "geometry": { "type": "LineString", "coordinates": [ [ -74.491023, 40.487857 ], [ -74.491121, 40.486213 ] ] } },
{ "type": "Feature", "properties": { "id": "675032520-2534", "name": "Jefferson Street", "class": "residential", "is_priority": false }, "geometry": { "type": "LineString", "coordinates": [ [ -74.463276, 40.495909 ], [ -74.465387, 40.495103 ] ] } },
{ "type": "Feature", "properties": { "id": "675032520-2535", "name": "Jefferson Street", "class": "residential", "is_priority": false }, "geometry": { "type": "LineString", "coordinates": [ [ -74.465387, 40.495103 ], [ -74.467488, 40.494282 ] ] } },
{ "type": "Feature", "properties": { "id": "675032520-2536", "name": "Jefferson Street", "class": "residential", "is_priority": false }, "geometry": { "type": "LineString", "coordinates": [ [ -74.467488, 40.494282 ], [ -74.467534, 40.494264 ] ] } },
{ "type": "Feature", "properties": { "id": "675217933-2537", "name": "Camner Avenue", "class": "residential", "is_priority": false }, "geometry": { "type": "LineString", "coordinates": [ [ -74.482108, 40.483771 ], [ -74.482391, 40.484048 ], [ -74.483003, 40.484695 ], [ -74.483057, 40.484731 ], [ -74.48321, 40.484731 ], [ -74.483636, 40.484638 ] ] } },
{ "type": "Feature", "properties": { "id": "675217934-2538", "name": "Fuller Street", "class": "residential", "is_priority": false }, "geometry": { "type": "LineString", "coordinates": [ [ -74.481825, 40.483494 ], [ -74.482355, 40.483171 ] ] } },
{ "type": "Feature", "properties": { "id": "675249792-2539", "name": "Lillian Street", "class": "residential", "is_priority": false }, "geometry": { "type": "LineString", "coordinates": [ [ -74.463905, 40.492292 ], [ -74.464478, 40.49198 ] ] } },
{ "type": "Feature", "properties": { "id": "679431984-2540", "name": "", "class": "residential", "is_priority": false }, "geometry": { "type": "LineString", "coordinates": [ [ -74.474154, 40.465912 ], [ -74.474843, 40.466336 ], [ -74.475045, 40.466389 ] ] } },
{ "type": "Feature", "properties": { "id": "679431984-2541", "name": "", "class": "residential", "is_priority": false }, "geometry": { "type": "LineString", "coordinates": [ [ -74.475045, 40.466389 ], [ -74.475084, 40.466399 ], [ -74.476076, 40.467009 ], [ -74.476123, 40.467004 ], [ -74.476205, 40.466921 ], [ -74.476196, 40.466877 ], [ -74.475577, 40.466488 ] ] } },
{ "type": "Feature", "properties": { "id": "679431984-2542", "name": "", "class": "residential", "is_priority": false }, "geometry": { "type": "LineString", "coordinates": [ [ -74.475577, 40.466488 ], [ -74.475245, 40.46628 ], [ -74.475165, 40.466288 ], [ -74.475045, 40.466389 ] ] } },
{ "type": "Feature", "properties": { "id": "684253952-2543", "name": "Lincoln Highway", "class": "secondary", "is_priority": false }, "geometry": { "type": "LineString", "coordinates": [ [ -74.489846, 40.474102 ], [ -74.490252, 40.473629 ] ] } },
{ "type": "Feature", "properties": { "id": "684253953-2544", "name": "Larose Avenue", "class": "residential", "is_priority": false }, "geometry": { "type": "LineString", "coordinates": [ [ -74.4894, 40.473127 ], [ -74.490252, 40.473629 ] ] } },
{ "type": "Feature", "properties": { "id": "686703195-2545", "name": "Morrell Street", "class": "residential", "is_priority": false }, "geometry": { "type": "LineString", "coordinates": [ [ -74.452695, 40.502218 ], [ -74.453208, 40.501906 ] ] } },
{ "type": "Feature", "properties": { "id": "686703197-2546", "name": "Morrell Street", "class": "residential", "is_priority": false }, "geometry": { "type": "LineString", "coordinates": [ [ -74.453208, 40.501906 ], [ -74.455064, 40.500793 ] ] } },
{ "type": "Feature", "properties": { "id": "686703197-2547", "name": "Morrell Street", "class": "residential", "is_priority": false }, "geometry": { "type": "LineString", "coordinates": [ [ -74.455064, 40.500793 ], [ -74.455542, 40.500522 ], [ -74.455584, 40.500468 ] ] } },
{ "type": "Feature", "properties": { "id": "693578271-2548", "name": "Marshal Street", "class": "residential", "is_priority": false }, "geometry": { "type": "LineString", "coordinates": [ [ -74.468631, 40.487622 ], [ -74.468365, 40.487768 ] ] } },
{ "type": "Feature", "properties": { "id": "693578272-2549", "name": "Marshal Street", "class": "residential", "is_priority": false }, "geometry": { "type": "LineString", "coordinates": [ [ -74.469799, 40.486925 ], [ -74.469189, 40.487303 ] ] } },
{ "type": "Feature", "properties": { "id": "703343304-2550", "name": "Marina Drive", "class": "residential", "is_priority": false }, "geometry": { "type": "LineString", "coordinates": [ [ -74.414896, 40.493436 ], [ -74.414094, 40.49359 ], [ -74.414022, 40.493619 ], [ -74.41397, 40.493669 ], [ -74.413952, 40.493721 ] ] } },
{ "type": "Feature", "properties": { "id": "703343311-2551", "name": "Crowells Road", "class": "residential", "is_priority": false }, "geometry": { "type": "LineString", "coordinates": [ [ -74.414368, 40.498938 ], [ -74.415509, 40.497361 ] ] } },
{ "type": "Feature", "properties": { "id": "703343311-2552", "name": "Crowells Road", "class": "residential", "is_priority": false }, "geometry": { "type": "LineString", "coordinates": [ [ -74.415509, 40.497361 ], [ -74.415933, 40.496642 ], [ -74.415995, 40.496493 ], [ -74.416157, 40.496033 ], [ -74.416204, 40.495654 ] ] } },
{ "type": "Feature", "properties": { "id": "703343311-2553", "name": "Crowells Road", "class": "residential", "is_priority": false }, "geometry": { "type": "LineString", "coordinates": [ [ -74.416204, 40.495654 ], [ -74.416287, 40.494884 ] ] } },
{ "type": "Feature", "properties": { "id": "703343312-2554", "name": "Woodbridge Avenue", "class": "secondary", "is_priority": false }, "geometry": { "type": "LineString", "coordinates": [ [ -74.413457, 40.501279 ], [ -74.412564, 40.501217 ] ] } },
{ "type": "Feature", "properties": { "id": "703343314-2555", "name": "Woodbridge Avenue Extension", "class": "secondary", "is_priority": false }, "geometry": { "type": "LineString", "coordinates": [ [ -74.409482, 40.50075 ], [ -74.408705, 40.500338 ], [ -74.408249, 40.500122 ], [ -74.407963, 40.500024 ], [ -74.40743, 40.499882 ] ] } },
{ "type": "Feature", "properties": { "id": "703343314-2556", "name": "Woodbridge Avenue Extension", "class": "secondary", "is_priority": false }, "geometry": { "type": "LineString", "coordinates": [ [ -74.40743, 40.499882 ], [ -74.407374, 40.499866 ] ] } },
{ "type": "Feature", "properties": { "id": "703343315-2557", "name": "Woodbridge Avenue", "class": "secondary", "is_priority": false }, "geometry": { "type": "LineString", "coordinates": [ [ -74.410057, 40.501068 ], [ -74.410595, 40.501111 ], [ -74.410932, 40.501116 ] ] } },
{ "type": "Feature", "properties": { "id": "709265163-2558", "name": "Suydam Street", "class": "residential", "is_priority": false }, "geometry": { "type": "LineString", "coordinates": [ [ -74.451845, 40.491704 ], [ -74.453073, 40.492448 ] ] } },
{ "type": "Feature", "properties": { "id": "709617854-2559", "name": "Somerset Street", "class": "secondary", "is_priority": false }, "geometry": { "type": "LineString", "coordinates": [ [ -74.481621, 40.482217 ], [ -74.482002, 40.481985 ] ] } },
{ "type": "Feature", "properties": { "id": "709617855-2560", "name": "Somerset Street", "class": "secondary", "is_priority": false }, "geometry": { "type": "LineString", "coordinates": [ [ -74.482002, 40.481985 ], [ -74.482387, 40.481759 ], [ -74.482715, 40.481513 ], [ -74.483298, 40.480988 ] ] } },
{ "type": "Feature", "properties": { "id": "712487212-2561", "name": "Landing Lane", "class": "primary", "is_priority": true }, "geometry": { "type": "LineString", "coordinates": [ [ -74.464008, 40.507678 ], [ -74.465086, 40.506599 ], [ -74.465507, 40.506293 ] ] } },
{ "type": "Feature", "properties": { "id": "712487212-2562", "name": "Landing Lane", "class": "primary", "is_priority": true }, "geometry": { "type": "LineString", "coordinates": [ [ -74.465507, 40.506293 ], [ -74.465699, 40.506154 ] ] } },
{ "type": "Feature", "properties": { "id": "725770611-2563", "name": "Crescent Court", "class": "residential", "is_priority": false }, "geometry": { "type": "LineString", "coordinates": [ [ -74.488576, 40.467606 ], [ -74.488227, 40.467893 ], [ -74.488097, 40.467976 ], [ -74.487925, 40.468045 ], [ -74.487751, 40.468075 ], [ -74.486447, 40.468063 ] ] } },
{ "type": "Feature", "properties": { "id": "725770611-2564", "name": "Crescent Court", "class": "residential", "is_priority": false }, "geometry": { "type": "LineString", "coordinates": [ [ -74.486447, 40.468063 ], [ -74.486257, 40.468107 ], [ -74.486086, 40.468187 ], [ -74.485103, 40.4691 ] ] } },
{ "type": "Feature", "properties": { "id": "728415463-2565", "name": "", "class": "residential", "is_priority": false }, "geometry": { "type": "LineString", "coordinates": [ [ -74.47442, 40.48592 ], [ -74.473805, 40.486097 ] ] } },
{ "type": "Feature", "properties": { "id": "729010988-2566", "name": "Livingston Avenue", "class": "secondary", "is_priority": false }, "geometry": { "type": "LineString", "coordinates": [ [ -74.481043, 40.460321 ], [ -74.481588, 40.459879 ] ] } },
{ "type": "Feature", "properties": { "id": "731079453-2567", "name": "Georges Road", "class": "tertiary", "is_priority": false }, "geometry": { "type": "LineString", "coordinates": [ [ -74.452443, 40.468582 ], [ -74.452828, 40.468209 ] ] } },
{ "type": "Feature", "properties": { "id": "731079454-2568", "name": "Georges Road", "class": "tertiary", "is_priority": false }, "geometry": { "type": "LineString", "coordinates": [ [ -74.452335, 40.468687 ], [ -74.452443, 40.468582 ] ] } },
{ "type": "Feature", "properties": { "id": "731079455-2569", "name": "Georges Road", "class": "tertiary", "is_priority": false }, "geometry": { "type": "LineString", "coordinates": [ [ -74.452097, 40.468916 ], [ -74.452335, 40.468687 ] ] } },
{ "type": "Feature", "properties": { "id": "731079456-2570", "name": "Georges Road", "class": "tertiary", "is_priority": false }, "geometry": { "type": "LineString", "coordinates": [ [ -74.451977, 40.469033 ], [ -74.452097, 40.468916 ] ] } },
{ "type": "Feature", "properties": { "id": "732959168-2571", "name": "Penzias Place", "class": "residential", "is_priority": false }, "geometry": { "type": "LineString", "coordinates": [ [ -74.434468, 40.497396 ], [ -74.435005, 40.497291 ], [ -74.435212, 40.497306 ], [ -74.435508, 40.497375 ], [ -74.435875, 40.497334 ] ] } },
{ "type": "Feature", "properties": { "id": "733116869-2572", "name": "Penzias Place", "class": "residential", "is_priority": false }, "geometry": { "type": "LineString", "coordinates": [ [ -74.435918, 40.497532 ], [ -74.435862, 40.497282 ], [ -74.435791, 40.497122 ], [ -74.435754, 40.496971 ] ] } },
{ "type": "Feature", "properties": { "id": "733116870-2573", "name": "Penzias Place", "class": "residential", "is_priority": false }, "geometry": { "type": "LineString", "coordinates": [ [ -74.435816, 40.497173 ], [ -74.435412, 40.497283 ], [ -74.435212, 40.497306 ] ] } },
{ "type": "Feature", "properties": { "id": "733806786-2574", "name": "Baldwin Street", "class": "residential", "is_priority": false }, "geometry": { "type": "LineString", "coordinates": [ [ -74.455136, 40.490935 ], [ -74.455714, 40.491285 ], [ -74.45575, 40.491365 ] ] } },
{ "type": "Feature", "properties": { "id": "734590730-2575", "name": "River Road", "class": "tertiary", "is_priority": false }, "geometry": { "type": "LineString", "coordinates": [ [ -74.438364, 40.501003 ], [ -74.43854, 40.501299 ], [ -74.438733, 40.501684 ] ] } },
{ "type": "Feature", "properties": { "id": "735375812-2576", "name": "Mine Street", "class": "residential", "is_priority": false }, "geometry": { "type": "LineString", "coordinates": [ [ -74.452255, 40.498343 ], [ -74.451163, 40.49994 ] ] } },
{ "type": "Feature", "properties": { "id": "735375812-2577", "name": "Mine Street", "class": "residential", "is_priority": false }, "geometry": { "type": "LineString", "coordinates": [ [ -74.451163, 40.49994 ], [ -74.45066, 40.500704 ], [ -74.449827, 40.501197 ] ] } },
{ "type": "Feature", "properties": { "id": "735417080-2578", "name": "Hamilton Street", "class": "secondary", "is_priority": false }, "geometry": { "type": "LineString", "coordinates": [ [ -74.492988, 40.486277 ], [ -74.49228, 40.486242 ], [ -74.49063, 40.486205 ] ] } },
{ "type": "Feature", "properties": { "id": "735417080-2579", "name": "Hamilton Street", "class": "secondary", "is_priority": false }, "geometry": { "type": "LineString", "coordinates": [ [ -74.49063, 40.486205 ], [ -74.489962, 40.486193 ], [ -74.489705, 40.486209 ], [ -74.488308, 40.486453 ] ] } },
{ "type": "Feature", "properties": { "id": "735417080-2580", "name": "Hamilton Street", "class": "secondary", "is_priority": false }, "geometry": { "type": "LineString", "coordinates": [ [ -74.488308, 40.486453 ], [ -74.487194, 40.486687 ], [ -74.486041, 40.486954 ] ] } },
{ "type": "Feature", "properties": { "id": "735417080-2581", "name": "Hamilton Street", "class": "secondary", "is_priority": false }, "geometry": { "type": "LineString", "coordinates": [ [ -74.486041, 40.486954 ], [ -74.484622, 40.487281 ] ] } },
{ "type": "Feature", "properties": { "id": "736244844-2582", "name": "Jersey Avenue", "class": "secondary", "is_priority": false }, "geometry": { "type": "LineString", "coordinates": [ [ -74.479872, 40.466968 ], [ -74.480224, 40.466505 ], [ -74.48102, 40.465394 ] ] } },
{ "type": "Feature", "properties": { "id": "736244844-2583", "name": "Jersey Avenue", "class": "secondary", "is_priority": false }, "geometry": { "type": "LineString", "coordinates": [ [ -74.48102, 40.465394 ], [ -74.482165, 40.463819 ] ] } },
{ "type": "Feature", "properties": { "id": "736244844-2584", "name": "Jersey Avenue", "class": "secondary", "is_priority": false }, "geometry": { "type": "LineString", "coordinates": [ [ -74.482165, 40.463819 ], [ -74.483293, 40.462236 ] ] } },
{ "type": "Feature", "properties": { "id": "736244844-2585", "name": "Jersey Avenue", "class": "secondary", "is_priority": false }, "geometry": { "type": "LineString", "coordinates": [ [ -74.483293, 40.462236 ], [ -74.483535, 40.461825 ], [ -74.483718, 40.461453 ], [ -74.483873, 40.4611 ], [ -74.484078, 40.460541 ] ] } },
{ "type": "Feature", "properties": { "id": "736244844-2586", "name": "Jersey Avenue", "class": "secondary", "is_priority": false }, "geometry": { "type": "LineString", "coordinates": [ [ -74.484078, 40.460541 ], [ -74.484281, 40.45997 ] ] } },
{ "type": "Feature", "properties": { "id": "736384440-2587", "name": "River Road", "class": "tertiary", "is_priority": false }, "geometry": { "type": "LineString", "coordinates": [ [ -74.45731, 40.512049 ], [ -74.457446, 40.512049 ] ] } },
{ "type": "Feature", "properties": { "id": "736384442-2588", "name": "Logan Lane", "class": "residential", "is_priority": false }, "geometry": { "type": "LineString", "coordinates": [ [ -74.456936, 40.513044 ], [ -74.456786, 40.5131 ], [ -74.456714, 40.51316 ], [ -74.455937, 40.514266 ], [ -74.455857, 40.514328 ], [ -74.455738, 40.514366 ], [ -74.455541, 40.514376 ] ] } },
{ "type": "Feature", "properties": { "id": "736384442-2589", "name": "Logan Lane", "class": "residential", "is_priority": false }, "geometry": { "type": "LineString", "coordinates": [ [ -74.455541, 40.514376 ], [ -74.455409, 40.514341 ], [ -74.454282, 40.513886 ] ] } },
{ "type": "Feature", "properties": { "id": "737898741-2590", "name": "South 9th Avenue", "class": "residential", "is_priority": false }, "geometry": { "type": "LineString", "coordinates": [ [ -74.417379, 40.495511 ], [ -74.41806, 40.497236 ] ] } },
{ "type": "Feature", "properties": { "id": "737898741-2591", "name": "South 9th Avenue", "class": "residential", "is_priority": false }, "geometry": { "type": "LineString", "coordinates": [ [ -74.41806, 40.497236 ], [ -74.418435, 40.498173 ], [ -74.418891, 40.498917 ] ] } },
{ "type": "Feature", "properties": { "id": "737898741-2592", "name": "South 9th Avenue", "class": "residential", "is_priority": false }, "geometry": { "type": "LineString", "coordinates": [ [ -74.418891, 40.498917 ], [ -74.41928, 40.499515 ] ] } },
{ "type": "Feature", "properties": { "id": "738067953-2593", "name": "", "class": "motorway_link", "is_priority": false }, "geometry": { "type": "LineString", "coordinates": [ [ -74.447671, 40.503525 ], [ -74.447726, 40.503474 ], [ -74.447811, 40.503329 ] ] } },
{ "type": "Feature", "properties": { "id": "738067954-2594", "name": "", "class": "motorway_link", "is_priority": false }, "geometry": { "type": "LineString", "coordinates": [ [ -74.447729, 40.503592 ], [ -74.448042, 40.503577 ], [ -74.448347, 40.503612 ] ] } },
{ "type": "Feature", "properties": { "id": "740687411-2595", "name": "Riverside Drive", "class": "residential", "is_priority": false }, "geometry": { "type": "LineString", "coordinates": [ [ -74.439523, 40.491724 ], [ -74.439124, 40.491096 ] ] } },
{ "type": "Feature", "properties": { "id": "740687412-2596", "name": "Riverside Drive", "class": "residential", "is_priority": false }, "geometry": { "type": "LineString", "coordinates": [ [ -74.439656, 40.491908 ], [ -74.439523, 40.491724 ] ] } },
{ "type": "Feature", "properties": { "id": "744290254-2597", "name": "Railroad Avenue", "class": "residential", "is_priority": false }, "geometry": { "type": "LineString", "coordinates": [ [ -74.451234, 40.492286 ], [ -74.452711, 40.49088 ] ] } },
{ "type": "Feature", "properties": { "id": "744290254-2598", "name": "Railroad Avenue", "class": "residential", "is_priority": false }, "geometry": { "type": "LineString", "coordinates": [ [ -74.452711, 40.49088 ], [ -74.45304, 40.490567 ] ] } },
{ "type": "Feature", "properties": { "id": "746528349-2599", "name": "", "class": "unclassified", "is_priority": false }, "geometry": { "type": "LineString", "coordinates": [ [ -74.3939, 40.472689 ], [ -74.395379, 40.472662 ] ] } },
{ "type": "Feature", "properties": { "id": "747525023-2600", "name": "Fulton Street", "class": "residential", "is_priority": false }, "geometry": { "type": "LineString", "coordinates": [ [ -74.452545, 40.480152 ], [ -74.454392, 40.481273 ] ] } },
{ "type": "Feature", "properties": { "id": "747525023-2601", "name": "Fulton Street", "class": "residential", "is_priority": false }, "geometry": { "type": "LineString", "coordinates": [ [ -74.454392, 40.481273 ], [ -74.455796, 40.482096 ] ] } },
{ "type": "Feature", "properties": { "id": "747525024-2602", "name": "Lawrence Street", "class": "residential", "is_priority": false }, "geometry": { "type": "LineString", "coordinates": [ [ -74.451965, 40.48071 ], [ -74.451738, 40.480561 ], [ -74.451611, 40.480437 ], [ -74.451457, 40.480374 ], [ -74.451213, 40.480476 ], [ -74.451127, 40.480534 ], [ -74.450933, 40.48072 ], [ -74.450723, 40.480964 ], [ -74.450674, 40.480981 ], [ -74.450586, 40.480964 ], [ -74.450541, 40.480928 ], [ -74.450509, 40.480865 ] ] } },
{ "type": "Feature", "properties": { "id": "747525027-2603", "name": "", "class": "residential", "is_priority": false }, "geometry": { "type": "LineString", "coordinates": [ [ -74.44612, 40.4826 ], [ -74.446048, 40.482661 ] ] } },
{ "type": "Feature", "properties": { "id": "748561249-2604", "name": "Jersey Avenue", "class": "tertiary", "is_priority": false }, "geometry": { "type": "LineString", "coordinates": [ [ -74.478195, 40.469287 ], [ -74.478318, 40.469125 ] ] } },
{ "type": "Feature", "properties": { "id": "748824277-2605", "name": "", "class": "trunk", "is_priority": true }, "geometry": { "type": "LineString", "coordinates": [ [ -74.434349, 40.469324 ], [ -74.434758, 40.469003 ], [ -74.43518, 40.468714 ], [ -74.435634, 40.468442 ], [ -74.436156, 40.468174 ] ] } },
{ "type": "Feature", "properties": { "id": "748824277-2606", "name": "", "class": "trunk", "is_priority": true }, "geometry": { "type": "LineString", "coordinates": [ [ -74.436156, 40.468174 ], [ -74.436733, 40.467923 ] ] } },
{ "type": "Feature", "properties": { "id": "748824279-2607", "name": "", "class": "trunk", "is_priority": true }, "geometry": { "type": "LineString", "coordinates": [ [ -74.435283, 40.468481 ], [ -74.434624, 40.468925 ], [ -74.433611, 40.469749 ] ] } },
{ "type": "Feature", "properties": { "id": "748824279-2608", "name": "", "class": "trunk", "is_priority": true }, "geometry": { "type": "LineString", "coordinates": [ [ -74.433611, 40.469749 ], [ -74.433437, 40.469893 ] ] } },
{ "type": "Feature", "properties": { "id": "749453538-2609", "name": "Comstock Street", "class": "residential", "is_priority": false }, "geometry": { "type": "LineString", "coordinates": [ [ -74.456337, 40.48983 ], [ -74.457707, 40.490683 ], [ -74.457765, 40.490764 ] ] } },
{ "type": "Feature", "properties": { "id": "749656974-2610", "name": "Plum Street", "class": "residential", "is_priority": false }, "geometry": { "type": "LineString", "coordinates": [ [ -74.452027, 40.494414 ], [ -74.452051, 40.49444 ] ] } },
{ "type": "Feature", "properties": { "id": "749656975-2611", "name": "Plum Street", "class": "residential", "is_priority": false }, "geometry": { "type": "LineString", "coordinates": [ [ -74.452329, 40.49474 ], [ -74.453637, 40.49624 ] ] } },
{ "type": "Feature", "properties": { "id": "749656975-2612", "name": "Plum Street", "class": "residential", "is_priority": false }, "geometry": { "type": "LineString", "coordinates": [ [ -74.453637, 40.49624 ], [ -74.454311, 40.497015 ] ] } },
{ "type": "Feature", "properties": { "id": "752093904-2613", "name": "Delavan Street", "class": "residential", "is_priority": false }, "geometry": { "type": "LineString", "coordinates": [ [ -74.456949, 40.489256 ], [ -74.457066, 40.489383 ], [ -74.458747, 40.490414 ] ] } },
{ "type": "Feature", "properties": { "id": "752093904-2614", "name": "Delavan Street", "class": "residential", "is_priority": false }, "geometry": { "type": "LineString", "coordinates": [ [ -74.458747, 40.490414 ], [ -74.458813, 40.490455 ] ] } },
{ "type": "Feature", "properties": { "id": "752093905-2615", "name": "Delavan Street", "class": "residential", "is_priority": false }, "geometry": { "type": "LineString", "coordinates": [ [ -74.458927, 40.490416 ], [ -74.457138, 40.489318 ], [ -74.457079, 40.489299 ] ] } },
{ "type": "Feature", "properties": { "id": "752093905-2616", "name": "Delavan Street", "class": "residential", "is_priority": false }, "geometry": { "type": "LineString", "coordinates": [ [ -74.457079, 40.489299 ], [ -74.456949, 40.489256 ] ] } },
{ "type": "Feature", "properties": { "id": "752093906-2617", "name": "Delavan Street", "class": "residential", "is_priority": false }, "geometry": { "type": "LineString", "coordinates": [ [ -74.45786, 40.489759 ], [ -74.457793, 40.489823 ] ] } },
{ "type": "Feature", "properties": { "id": "752132312-2618", "name": "Easton Avenue", "class": "tertiary", "is_priority": false }, "geometry": { "type": "LineString", "coordinates": [ [ -74.467207, 40.504995 ], [ -74.4674, 40.50507 ] ] } },
{ "type": "Feature", "properties": { "id": "752132313-2619", "name": "Landing Lane", "class": "primary", "is_priority": true }, "geometry": { "type": "LineString", "coordinates": [ [ -74.466192, 40.505934 ], [ -74.466534, 40.505834 ], [ -74.467176, 40.505716 ] ] } },
{ "type": "Feature", "properties": { "id": "763488329-2620", "name": "", "class": "motorway_link", "is_priority": false }, "geometry": { "type": "LineString", "coordinates": [ [ -74.409277, 40.47811 ], [ -74.409466, 40.478106 ], [ -74.409714, 40.478129 ], [ -74.409912, 40.478193 ], [ -74.410013, 40.478255 ], [ -74.410131, 40.478386 ], [ -74.410394, 40.478796 ], [ -74.410534, 40.479053 ], [ -74.41066, 40.479345 ] ] } },
{ "type": "Feature", "properties": { "id": "763488329-2621", "name": "", "class": "motorway_link", "is_priority": false }, "geometry": { "type": "LineString", "coordinates": [ [ -74.41066, 40.479345 ], [ -74.411183, 40.480632 ] ] } },
{ "type": "Feature", "properties": { "id": "763488330-2622", "name": "", "class": "motorway_link", "is_priority": false }, "geometry": { "type": "LineString", "coordinates": [ [ -74.408429, 40.478287 ], [ -74.408775, 40.478227 ] ] } },
{ "type": "Feature", "properties": { "id": "763488332-2623", "name": "New Jersey Turnpike", "class": "motorway", "is_priority": true }, "geometry": { "type": "LineString", "coordinates": [ [ -74.407261, 40.474218 ], [ -74.407189, 40.474323 ], [ -74.405989, 40.475735 ] ] } },
{ "type": "Feature", "properties": { "id": "763488332-2624", "name": "New Jersey Turnpike", "class": "motorway", "is_priority": true }, "geometry": { "type": "LineString", "coordinates": [ [ -74.405989, 40.475735 ], [ -74.405295, 40.476638 ], [ -74.404833, 40.477305 ] ] } },
{ "type": "Feature", "properties": { "id": "763488332-2625", "name": "New Jersey Turnpike", "class": "motorway", "is_priority": true }, "geometry": { "type": "LineString", "coordinates": [ [ -74.404833, 40.477305 ], [ -74.40381, 40.478929 ] ] } },
{ "type": "Feature", "properties": { "id": "763488332-2626", "name": "New Jersey Turnpike", "class": "motorway", "is_priority": true }, "geometry": { "type": "LineString", "coordinates": [ [ -74.40381, 40.478929 ], [ -74.403305, 40.479737 ] ] } },
{ "type": "Feature", "properties": { "id": "763488333-2627", "name": "New Jersey Turnpike", "class": "motorway", "is_priority": true }, "geometry": { "type": "LineString", "coordinates": [ [ -74.408915, 40.472395 ], [ -74.408541, 40.472845 ], [ -74.407577, 40.473879 ] ] } },
{ "type": "Feature", "properties": { "id": "763488333-2628", "name": "New Jersey Turnpike", "class": "motorway", "is_priority": true }, "geometry": { "type": "LineString", "coordinates": [ [ -74.407577, 40.473879 ], [ -74.407261, 40.474218 ] ] } },
{ "type": "Feature", "properties": { "id": "764083334-2629", "name": "State Route 18", "class": "trunk", "is_priority": true }, "geometry": { "type": "LineString", "coordinates": [ [ -74.410453, 40.477989 ], [ -74.410291, 40.477591 ] ] } },
{ "type": "Feature", "properties": { "id": "764083335-2630", "name": "", "class": "motorway_link", "is_priority": false }, "geometry": { "type": "LineString", "coordinates": [ [ -74.410534, 40.477976 ], [ -74.410528, 40.477922 ], [ -74.410399, 40.477578 ] ] } },
{ "type": "Feature", "properties": { "id": "764083336-2631", "name": "", "class": "trunk_link", "is_priority": false }, "geometry": { "type": "LineString", "coordinates": [ [ -74.410142, 40.478587 ], [ -74.409844, 40.478882 ] ] } },
{ "type": "Feature", "properties": { "id": "764083337-2632", "name": "Naricon Place", "class": "tertiary", "is_priority": false }, "geometry": { "type": "LineString", "coordinates": [ [ -74.41022, 40.47871 ], [ -74.410369, 40.478612 ] ] } },
{ "type": "Feature", "properties": { "id": "764083338-2633", "name": "Naricon Place", "class": "tertiary", "is_priority": false }, "geometry": { "type": "LineString", "coordinates": [ [ -74.410087, 40.478828 ], [ -74.41022, 40.47871 ] ] } },
{ "type": "Feature", "properties": { "id": "764084624-2634", "name": "State Route 18", "class": "trunk", "is_priority": true }, "geometry": { "type": "LineString", "coordinates": [ [ -74.418525, 40.483302 ], [ -74.41815, 40.483086 ] ] } },
{ "type": "Feature", "properties": { "id": "765314018-2635", "name": "Jersey Avenue", "class": "tertiary", "is_priority": false }, "geometry": { "type": "LineString", "coordinates": [ [ -74.477911, 40.469675 ], [ -74.477956, 40.469616 ] ] } },
{ "type": "Feature", "properties": { "id": "768135150-2636", "name": "Alerica Lane", "class": "residential", "is_priority": false }, "geometry": { "type": "LineString", "coordinates": [ [ -74.464976, 40.489115 ], [ -74.464853, 40.489181 ] ] } },
{ "type": "Feature", "properties": { "id": "768135151-2637", "name": "Alerica Lane", "class": "residential", "is_priority": false }, "geometry": { "type": "LineString", "coordinates": [ [ -74.466822, 40.488037 ], [ -74.466334, 40.488342 ], [ -74.465957, 40.4884 ], [ -74.465691, 40.488487 ], [ -74.465544, 40.488592 ], [ -74.465423, 40.488719 ], [ -74.46522, 40.488985 ], [ -74.465019, 40.489092 ] ] } },
{ "type": "Feature", "properties": { "id": "768135151-2638", "name": "Alerica Lane", "class": "residential", "is_priority": false }, "geometry": { "type": "LineString", "coordinates": [ [ -74.465019, 40.489092 ], [ -74.464976, 40.489115 ] ] } },
{ "type": "Feature", "properties": { "id": "768135152-2639", "name": "Alerica Lane", "class": "residential", "is_priority": false }, "geometry": { "type": "LineString", "coordinates": [ [ -74.467202, 40.487741 ], [ -74.466843, 40.487976 ], [ -74.466822, 40.488037 ] ] } },
{ "type": "Feature", "properties": { "id": "768135153-2640", "name": "", "class": "residential", "is_priority": false }, "geometry": { "type": "LineString", "coordinates": [ [ -74.467104, 40.487912 ], [ -74.467045, 40.487843 ] ] } },
{ "type": "Feature", "properties": { "id": "768135154-2641", "name": "", "class": "residential", "is_priority": false }, "geometry": { "type": "LineString", "coordinates": [ [ -74.466778, 40.488066 ], [ -74.466577, 40.487852 ] ] } },
{ "type": "Feature", "properties": { "id": "779540162-2642", "name": "Edpas Road", "class": "residential", "is_priority": false }, "geometry": { "type": "LineString", "coordinates": [ [ -74.473879, 40.483146 ], [ -74.47398, 40.483212 ], [ -74.474276, 40.48335 ], [ -74.474496, 40.483326 ], [ -74.474699, 40.483203 ], [ -74.475089, 40.482882 ], [ -74.475613, 40.482395 ] ] } },
{ "type": "Feature", "properties": { "id": "779540162-2643", "name": "Edpas Road", "class": "residential", "is_priority": false }, "geometry": { "type": "LineString", "coordinates": [ [ -74.475613, 40.482395 ], [ -74.476376, 40.481717 ], [ -74.477109, 40.481003 ] ] } },
{ "type": "Feature", "properties": { "id": "779540162-2644", "name": "Edpas Road", "class": "residential", "is_priority": false }, "geometry": { "type": "LineString", "coordinates": [ [ -74.477109, 40.481003 ], [ -74.477265, 40.48085 ] ] } },
{ "type": "Feature", "properties": { "id": "780102533-2645", "name": "Raritan Avenue", "class": "secondary", "is_priority": false }, "geometry": { "type": "LineString", "coordinates": [ [ -74.426216, 40.499732 ], [ -74.425856, 40.499866 ] ] } },
{ "type": "Feature", "properties": { "id": "782318452-2646", "name": "State Route 18", "class": "trunk", "is_priority": true }, "geometry": { "type": "LineString", "coordinates": [ [ -74.410923, 40.479671 ], [ -74.41134, 40.480678 ], [ -74.411496, 40.480954 ], [ -74.411753, 40.481352 ] ] } },
{ "type": "Feature", "properties": { "id": "782318452-2647", "name": "State Route 18", "class": "trunk", "is_priority": true }, "geometry": { "type": "LineString", "coordinates": [ [ -74.411753, 40.481352 ], [ -74.411777, 40.481392 ] ] } },
{ "type": "Feature", "properties": { "id": "793011054-2648", "name": "Easton Avenue", "class": "tertiary", "is_priority": false }, "geometry": { "type": "LineString", "coordinates": [ [ -74.446613, 40.496624 ], [ -74.446423, 40.496505 ] ] } },
{ "type": "Feature", "properties": { "id": "793011057-2649", "name": "Easton Avenue", "class": "tertiary", "is_priority": false }, "geometry": { "type": "LineString", "coordinates": [ [ -74.446691, 40.496673 ], [ -74.446613, 40.496624 ] ] } },
{ "type": "Feature", "properties": { "id": "793212731-2650", "name": "Paul Robeson Boulevard", "class": "tertiary", "is_priority": false }, "geometry": { "type": "LineString", "coordinates": [ [ -74.440156, 40.487032 ], [ -74.441605, 40.48561 ] ] } },
{ "type": "Feature", "properties": { "id": "793212731-2651", "name": "Paul Robeson Boulevard", "class": "tertiary", "is_priority": false }, "geometry": { "type": "LineString", "coordinates": [ [ -74.441605, 40.48561 ], [ -74.441701, 40.485517 ] ] } },
{ "type": "Feature", "properties": { "id": "793272052-2652", "name": "", "class": "trunk_link", "is_priority": false }, "geometry": { "type": "LineString", "coordinates": [ [ -74.418541, 40.484784 ], [ -74.418875, 40.484688 ], [ -74.419045, 40.484604 ], [ -74.419134, 40.484532 ], [ -74.419196, 40.484455 ], [ -74.41925, 40.484367 ], [ -74.419292, 40.484231 ], [ -74.419288, 40.484096 ], [ -74.419207, 40.483925 ], [ -74.418971, 40.483677 ], [ -74.418683, 40.483442 ] ] } },
{ "type": "Feature", "properties": { "id": "793272052-2653", "name": "", "class": "trunk_link", "is_priority": false }, "geometry": { "type": "LineString", "coordinates": [ [ -74.418683, 40.483442 ], [ -74.418525, 40.483302 ] ] } },
{ "type": "Feature", "properties": { "id": "796788792-2654", "name": "", "class": "secondary_link", "is_priority": false }, "geometry": { "type": "LineString", "coordinates": [ [ -74.44077, 40.492665 ], [ -74.441147, 40.492614 ], [ -74.441359, 40.492543 ] ] } },
{ "type": "Feature", "properties": { "id": "796792674-2655", "name": "George Street", "class": "tertiary", "is_priority": false }, "geometry": { "type": "LineString", "coordinates": [ [ -74.440057, 40.487361 ], [ -74.440192, 40.487556 ] ] } },
{ "type": "Feature", "properties": { "id": "796792679-2656", "name": "George Street", "class": "tertiary", "is_priority": false }, "geometry": { "type": "LineString", "coordinates": [ [ -74.439805, 40.487028 ], [ -74.43996, 40.487219 ] ] } },
{ "type": "Feature", "properties": { "id": "796792680-2657", "name": "George Street", "class": "tertiary", "is_priority": false }, "geometry": { "type": "LineString", "coordinates": [ [ -74.440192, 40.487556 ], [ -74.441249, 40.489167 ] ] } },
{ "type": "Feature", "properties": { "id": "796792680-2658", "name": "George Street", "class": "tertiary", "is_priority": false }, "geometry": { "type": "LineString", "coordinates": [ [ -74.441249, 40.489167 ], [ -74.441858, 40.490081 ] ] } },
{ "type": "Feature", "properties": { "id": "820918273-2659", "name": "Vermella Drive", "class": "residential", "is_priority": false }, "geometry": { "type": "LineString", "coordinates": [ [ -74.425148, 40.480217 ], [ -74.423945, 40.479305 ], [ -74.423835, 40.479288 ], [ -74.423753, 40.479311 ], [ -74.423395, 40.479537 ] ] } },
{ "type": "Feature", "properties": { "id": "820918273-2660", "name": "Vermella Drive", "class": "residential", "is_priority": false }, "geometry": { "type": "LineString", "coordinates": [ [ -74.423395, 40.479537 ], [ -74.422699, 40.479975 ], [ -74.422251, 40.480344 ], [ -74.421612, 40.480709 ] ] } },
{ "type": "Feature", "properties": { "id": "820918273-2661", "name": "Vermella Drive", "class": "residential", "is_priority": false }, "geometry": { "type": "LineString", "coordinates": [ [ -74.421612, 40.480709 ], [ -74.421314, 40.480897 ] ] } },
{ "type": "Feature", "properties": { "id": "820918274-2662", "name": "Sadie Circle", "class": "residential", "is_priority": false }, "geometry": { "type": "LineString", "coordinates": [ [ -74.422711, 40.481823 ], [ -74.42343, 40.482658 ], [ -74.424317, 40.482229 ] ] } },
{ "type": "Feature", "properties": { "id": "820918274-2663", "name": "Sadie Circle", "class": "residential", "is_priority": false }, "geometry": { "type": "LineString", "coordinates": [ [ -74.424317, 40.482229 ], [ -74.425677, 40.481578 ], [ -74.425754, 40.481219 ] ] } },
{ "type": "Feature", "properties": { "id": "832593859-2664", "name": "Livingston Avenue", "class": "secondary", "is_priority": false }, "geometry": { "type": "LineString", "coordinates": [ [ -74.480212, 40.460992 ], [ -74.481043, 40.460321 ] ] } },
{ "type": "Feature", "properties": { "id": "836456197-2665", "name": "Wabash Drive", "class": "residential", "is_priority": false }, "geometry": { "type": "LineString", "coordinates": [ [ -74.487278, 40.471877 ], [ -74.488155, 40.471038 ] ] } },
{ "type": "Feature", "properties": { "id": "836456198-2666", "name": "Larose Avenue", "class": "residential", "is_priority": false }, "geometry": { "type": "LineString", "coordinates": [ [ -74.487278, 40.471877 ], [ -74.489146, 40.472977 ] ] } },
{ "type": "Feature", "properties": { "id": "836456198-2667", "name": "Larose Avenue", "class": "residential", "is_priority": false }, "geometry": { "type": "LineString", "coordinates": [ [ -74.489146, 40.472977 ], [ -74.4894, 40.473127 ] ] } },
{ "type": "Feature", "properties": { "id": "836485594-2668", "name": "Industrial Drive", "class": "residential", "is_priority": false }, "geometry": { "type": "LineString", "coordinates": [ [ -74.481388, 40.476622 ], [ -74.481181, 40.476518 ] ] } },
{ "type": "Feature", "properties": { "id": "836485595-2669", "name": "Industrial Drive", "class": "residential", "is_priority": false }, "geometry": { "type": "LineString", "coordinates": [ [ -74.481181, 40.476518 ], [ -74.480725, 40.476288 ], [ -74.480568, 40.476247 ], [ -74.480457, 40.47625 ] ] } },
{ "type": "Feature", "properties": { "id": "838458121-2670", "name": "Lincoln Highway", "class": "secondary", "is_priority": false }, "geometry": { "type": "LineString", "coordinates": [ [ -74.496805, 40.467951 ], [ -74.497232, 40.467669 ] ] } },
{ "type": "Feature", "properties": { "id": "840413668-2671", "name": "North 3rd Avenue", "class": "residential", "is_priority": false }, "geometry": { "type": "LineString", "coordinates": [ [ -74.428501, 40.500059 ], [ -74.429497, 40.501692 ] ] } },
{ "type": "Feature", "properties": { "id": "840413668-2672", "name": "North 3rd Avenue", "class": "residential", "is_priority": false }, "geometry": { "type": "LineString", "coordinates": [ [ -74.429497, 40.501692 ], [ -74.429988, 40.502523 ], [ -74.430075, 40.502614 ], [ -74.430548, 40.502918 ] ] } },
{ "type": "Feature", "properties": { "id": "840802715-2673", "name": "Berry Street", "class": "residential", "is_priority": false }, "geometry": { "type": "LineString", "coordinates": [ [ -74.484477, 40.486925 ], [ -74.483801, 40.485199 ] ] } },
{ "type": "Feature", "properties": { "id": "840802715-2674", "name": "Berry Street", "class": "residential", "is_priority": false }, "geometry": { "type": "LineString", "coordinates": [ [ -74.483801, 40.485199 ], [ -74.483626, 40.484713 ], [ -74.483644, 40.484615 ], [ -74.484688, 40.483721 ] ] } },
{ "type": "Feature", "properties": { "id": "840802715-2675", "name": "Berry Street", "class": "residential", "is_priority": false }, "geometry": { "type": "LineString", "coordinates": [ [ -74.484688, 40.483721 ], [ -74.485982, 40.482607 ], [ -74.486047, 40.482525 ], [ -74.486148, 40.482323 ] ] } },
{ "type": "Feature", "properties": { "id": "840802715-2676", "name": "Berry Street", "class": "residential", "is_priority": false }, "geometry": { "type": "LineString", "coordinates": [ [ -74.486148, 40.482323 ], [ -74.486487, 40.481389 ] ] } },
{ "type": "Feature", "properties": { "id": "842589202-2677", "name": "Scotland Avenue", "class": "residential", "is_priority": false }, "geometry": { "type": "LineString", "coordinates": [ [ -74.393028, 40.499294 ], [ -74.392881, 40.499055 ], [ -74.392781, 40.498946 ] ] } },
{ "type": "Feature", "properties": { "id": "844107408-2678", "name": "Seminary Place", "class": "residential", "is_priority": false }, "geometry": { "type": "LineString", "coordinates": [ [ -74.448844, 40.500991 ], [ -74.449346, 40.500727 ] ] } },
{ "type": "Feature", "properties": { "id": "844216090-2679", "name": "", "class": "residential", "is_priority": false }, "geometry": { "type": "LineString", "coordinates": [ [ -74.464542, 40.496349 ], [ -74.464562, 40.496312 ], [ -74.464602, 40.496311 ], [ -74.464621, 40.496326 ], [ -74.464619, 40.496357 ], [ -74.464598, 40.49637 ], [ -74.46457, 40.496371 ], [ -74.464542, 40.496349 ] ] } },
{ "type": "Feature", "properties": { "id": "845416372-2680", "name": "Edgeboro Road", "class": "unclassified", "is_priority": false }, "geometry": { "type": "LineString", "coordinates": [ [ -74.395359, 40.472176 ], [ -74.395431, 40.473977 ] ] } },
{ "type": "Feature", "properties": { "id": "845416372-2681", "name": "Edgeboro Road", "class": "unclassified", "is_priority": false }, "geometry": { "type": "LineString", "coordinates": [ [ -74.395431, 40.473977 ], [ -74.395473, 40.475213 ], [ -74.395416, 40.475777 ] ] } },
{ "type": "Feature", "properties": { "id": "845416372-2682", "name": "Edgeboro Road", "class": "unclassified", "is_priority": false }, "geometry": { "type": "LineString", "coordinates": [ [ -74.395416, 40.475777 ], [ -74.395393, 40.475979 ], [ -74.395662, 40.477564 ] ] } },
{ "type": "Feature", "properties": { "id": "845416372-2683", "name": "Edgeboro Road", "class": "unclassified", "is_priority": false }, "geometry": { "type": "LineString", "coordinates": [ [ -74.395662, 40.477564 ], [ -74.39567, 40.47761 ] ] } },
{ "type": "Feature", "properties": { "id": "845749085-2684", "name": "Conger Avenue", "class": "residential", "is_priority": false }, "geometry": { "type": "LineString", "coordinates": [ [ -74.442277, 40.476492 ], [ -74.440984, 40.477787 ] ] } },
{ "type": "Feature", "properties": { "id": "857018405-2685", "name": "Morse Avenue", "class": "residential", "is_priority": false }, "geometry": { "type": "LineString", "coordinates": [ [ -74.402139, 40.499787 ], [ -74.402874, 40.49985 ] ] } },
{ "type": "Feature", "properties": { "id": "861269000-2686", "name": "Marigold Street", "class": "residential", "is_priority": false }, "geometry": { "type": "LineString", "coordinates": [ [ -74.485103, 40.4691 ], [ -74.483651, 40.47052 ] ] } },
{ "type": "Feature", "properties": { "id": "861269000-2687", "name": "Marigold Street", "class": "residential", "is_priority": false }, "geometry": { "type": "LineString", "coordinates": [ [ -74.483651, 40.47052 ], [ -74.483344, 40.47082 ] ] } },
{ "type": "Feature", "properties": { "id": "861269001-2688", "name": "Oak Tree Drive", "class": "residential", "is_priority": false }, "geometry": { "type": "LineString", "coordinates": [ [ -74.487558, 40.469599 ], [ -74.489423, 40.470703 ] ] } },
{ "type": "Feature", "properties": { "id": "861269001-2689", "name": "Oak Tree Drive", "class": "residential", "is_priority": false }, "geometry": { "type": "LineString", "coordinates": [ [ -74.489423, 40.470703 ], [ -74.491288, 40.471806 ] ] } },
{ "type": "Feature", "properties": { "id": "861269001-2690", "name": "Oak Tree Drive", "class": "residential", "is_priority": false }, "geometry": { "type": "LineString", "coordinates": [ [ -74.491288, 40.471806 ], [ -74.49158, 40.471891 ] ] } },
{ "type": "Feature", "properties": { "id": "903248782-2691", "name": "Lawrence Avenue", "class": "residential", "is_priority": false }, "geometry": { "type": "LineString", "coordinates": [ [ -74.433739, 40.500269 ], [ -74.433622, 40.500262 ], [ -74.433514, 40.500295 ], [ -74.433275, 40.500469 ], [ -74.433243, 40.500582 ] ] } },
{ "type": "Feature", "properties": { "id": "903248783-2692", "name": "Lawrence Avenue", "class": "residential", "is_priority": false }, "geometry": { "type": "LineString", "coordinates": [ [ -74.433243, 40.500582 ], [ -74.433613, 40.50033 ], [ -74.433739, 40.500269 ] ] } },
{ "type": "Feature", "properties": { "id": "903248784-2693", "name": "Lawrence Avenue", "class": "residential", "is_priority": false }, "geometry": { "type": "LineString", "coordinates": [ [ -74.432451, 40.501174 ], [ -74.430941, 40.502558 ] ] } },
{ "type": "Feature", "properties": { "id": "903248784-2694", "name": "Lawrence Avenue", "class": "residential", "is_priority": false }, "geometry": { "type": "LineString", "coordinates": [ [ -74.430941, 40.502558 ], [ -74.429738, 40.503651 ] ] } },
{ "type": "Feature", "properties": { "id": "910287913-2695", "name": "Livingston Avenue", "class": "secondary", "is_priority": false }, "geometry": { "type": "LineString", "coordinates": [ [ -74.481588, 40.459879 ], [ -74.482077, 40.459489 ] ] } },
{ "type": "Feature", "properties": { "id": "910287916-2696", "name": "Livingston Avenue", "class": "secondary", "is_priority": false }, "geometry": { "type": "LineString", "coordinates": [ [ -74.481596, 40.459193 ], [ -74.481903, 40.45941 ], [ -74.482077, 40.459489 ] ] } },
{ "type": "Feature", "properties": { "id": "910287917-2697", "name": "Livingston Avenue", "class": "secondary", "is_priority": false }, "geometry": { "type": "LineString", "coordinates": [ [ -74.481557, 40.459038 ], [ -74.481459, 40.458944 ] ] } },
{ "type": "Feature", "properties": { "id": "910287919-2698", "name": "Livingston Avenue", "class": "secondary", "is_priority": false }, "geometry": { "type": "LineString", "coordinates": [ [ -74.482077, 40.459489 ], [ -74.48249, 40.459145 ] ] } },
{ "type": "Feature", "properties": { "id": "912286503-2699", "name": "Greenland Square", "class": "residential", "is_priority": false }, "geometry": { "type": "LineString", "coordinates": [ [ -74.433792, 40.504885 ], [ -74.434044, 40.505051 ], [ -74.434869, 40.504306 ], [ -74.435264, 40.50397 ] ] } },
{ "type": "Feature", "properties": { "id": "915381252-2700", "name": "Greenland Square", "class": "residential", "is_priority": false }, "geometry": { "type": "LineString", "coordinates": [ [ -74.435392, 40.504839 ], [ -74.434684, 40.505476 ], [ -74.434044, 40.505051 ] ] } },
{ "type": "Feature", "properties": { "id": "930906277-2701", "name": "Raritan Avenue", "class": "secondary", "is_priority": false }, "geometry": { "type": "LineString", "coordinates": [ [ -74.427962, 40.499124 ], [ -74.427121, 40.499403 ], [ -74.426216, 40.499732 ] ] } },
{ "type": "Feature", "properties": { "id": "938274105-2702", "name": "", "class": "residential", "is_priority": false }, "geometry": { "type": "LineString", "coordinates": [ [ -74.449233, 40.499102 ], [ -74.449047, 40.499412 ], [ -74.448422, 40.499797 ] ] } },
{ "type": "Feature", "properties": { "id": "946759495-2703", "name": "", "class": "trunk_link", "is_priority": false }, "geometry": { "type": "LineString", "coordinates": [ [ -74.415219, 40.483817 ], [ -74.415598, 40.483927 ] ] } },
{ "type": "Feature", "properties": { "id": "957427742-2704", "name": "Edgeboro Rd", "class": "unclassified", "is_priority": false }, "geometry": { "type": "LineString", "coordinates": [ [ -74.392593, 40.4743 ], [ -74.392598, 40.474973 ] ] } },
{ "type": "Feature", "properties": { "id": "965677898-2705", "name": "", "class": "motorway_link", "is_priority": false }, "geometry": { "type": "LineString", "coordinates": [ [ -74.405148, 40.476346 ], [ -74.404051, 40.476531 ], [ -74.403644, 40.476625 ] ] } },
{ "type": "Feature", "properties": { "id": "965677899-2706", "name": "", "class": "motorway_link", "is_priority": false }, "geometry": { "type": "LineString", "coordinates": [ [ -74.407599, 40.47809 ], [ -74.407096, 40.478051 ], [ -74.406972, 40.478025 ], [ -74.406821, 40.477958 ] ] } },
{ "type": "Feature", "properties": { "id": "965878185-2707", "name": "", "class": "motorway_link", "is_priority": false }, "geometry": { "type": "LineString", "coordinates": [ [ -74.409277, 40.47811 ], [ -74.409511, 40.477998 ], [ -74.40976, 40.477923 ], [ -74.40996, 40.477884 ], [ -74.411177, 40.477718 ], [ -74.411353, 40.477654 ], [ -74.411486, 40.477566 ] ] } },
{ "type": "Feature", "properties": { "id": "965878185-2708", "name": "", "class": "motorway_link", "is_priority": false }, "geometry": { "type": "LineString", "coordinates": [ [ -74.411486, 40.477566 ], [ -74.411613, 40.477419 ], [ -74.411666, 40.477272 ], [ -74.411657, 40.477083 ], [ -74.411575, 40.476924 ], [ -74.411504, 40.476844 ], [ -74.411401, 40.476766 ], [ -74.410652, 40.476342 ], [ -74.410464, 40.476217 ] ] } },
{ "type": "Feature", "properties": { "id": "965878185-2709", "name": "", "class": "motorway_link", "is_priority": false }, "geometry": { "type": "LineString", "coordinates": [ [ -74.410464, 40.476217 ], [ -74.410449, 40.476207 ] ] } },
{ "type": "Feature", "properties": { "id": "965878186-2710", "name": "", "class": "motorway_link", "is_priority": false }, "geometry": { "type": "LineString", "coordinates": [ [ -74.408775, 40.478227 ], [ -74.409016, 40.478183 ], [ -74.409277, 40.47811 ] ] } },
{ "type": "Feature", "properties": { "id": "965883567-2711", "name": "New Jersey Turnpike", "class": "motorway", "is_priority": true }, "geometry": { "type": "LineString", "coordinates": [ [ -74.408855, 40.472917 ], [ -74.407705, 40.474298 ] ] } },
{ "type": "Feature", "properties": { "id": "965883568-2712", "name": "New Jersey Turnpike", "class": "motorway", "is_priority": true }, "geometry": { "type": "LineString", "coordinates": [ [ -74.407705, 40.474298 ], [ -74.407084, 40.475136 ], [ -74.406518, 40.475855 ] ] } },
{ "type": "Feature", "properties": { "id": "965883568-2713", "name": "New Jersey Turnpike", "class": "motorway", "is_priority": true }, "geometry": { "type": "LineString", "coordinates": [ [ -74.406518, 40.475855 ], [ -74.406207, 40.476259 ], [ -74.405368, 40.477428 ] ] } },
{ "type": "Feature", "properties": { "id": "965883568-2714", "name": "New Jersey Turnpike", "class": "motorway", "is_priority": true }, "geometry": { "type": "LineString", "coordinates": [ [ -74.405368, 40.477428 ], [ -74.404243, 40.479012 ] ] } },
{ "type": "Feature", "properties": { "id": "965883568-2715", "name": "New Jersey Turnpike", "class": "motorway", "is_priority": true }, "geometry": { "type": "LineString", "coordinates": [ [ -74.404243, 40.479012 ], [ -74.403654, 40.479841 ] ] } },
{ "type": "Feature", "properties": { "id": "965887827-2716", "name": "", "class": "motorway_link", "is_priority": false }, "geometry": { "type": "LineString", "coordinates": [ [ -74.411183, 40.480632 ], [ -74.411393, 40.480963 ], [ -74.411537, 40.481152 ], [ -74.411777, 40.481392 ] ] } },
{ "type": "Feature", "properties": { "id": "965915132-2717", "name": "New Jersey Turnpike", "class": "motorway", "is_priority": true }, "geometry": { "type": "LineString", "coordinates": [ [ -74.39995, 40.484927 ], [ -74.40076, 40.484025 ], [ -74.401254, 40.483426 ] ] } },
{ "type": "Feature", "properties": { "id": "965915132-2718", "name": "New Jersey Turnpike", "class": "motorway", "is_priority": true }, "geometry": { "type": "LineString", "coordinates": [ [ -74.401254, 40.483426 ], [ -74.401932, 40.482571 ], [ -74.402455, 40.481876 ] ] } },
{ "type": "Feature", "properties": { "id": "965915132-2719", "name": "New Jersey Turnpike", "class": "motorway", "is_priority": true }, "geometry": { "type": "LineString", "coordinates": [ [ -74.402455, 40.481876 ], [ -74.403517, 40.480384 ] ] } },
{ "type": "Feature", "properties": { "id": "965915133-2720", "name": "New Jersey Turnpike", "class": "motorway", "is_priority": true }, "geometry": { "type": "LineString", "coordinates": [ [ -74.398886, 40.48602 ], [ -74.39995, 40.484927 ] ] } },
{ "type": "Feature", "properties": { "id": "967873757-2721", "name": "Route 18 Service Road", "class": "secondary", "is_priority": false }, "geometry": { "type": "LineString", "coordinates": [ [ -74.436432, 40.489142 ], [ -74.437038, 40.489761 ] ] } },
{ "type": "Feature", "properties": { "id": "967875942-2722", "name": "", "class": "trunk_link", "is_priority": false }, "geometry": { "type": "LineString", "coordinates": [ [ -74.42362, 40.485163 ], [ -74.423074, 40.484839 ], [ -74.422985, 40.484762 ] ] } },
{ "type": "Feature", "properties": { "id": "967880279-2723", "name": "", "class": "motorway_link", "is_priority": false }, "geometry": { "type": "LineString", "coordinates": [ [ -74.45317, 40.506068 ], [ -74.452821, 40.506009 ], [ -74.452562, 40.505921 ] ] } },
{ "type": "Feature", "properties": { "id": "967884852-2724", "name": "", "class": "motorway_link", "is_priority": false }, "geometry": { "type": "LineString", "coordinates": [ [ -74.407359, 40.478464 ], [ -74.407902, 40.478375 ] ] } },
{ "type": "Feature", "properties": { "id": "967884853-2725", "name": "", "class": "motorway_link", "is_priority": false }, "geometry": { "type": "LineString", "coordinates": [ [ -74.407902, 40.478375 ], [ -74.408272, 40.478314 ] ] } },
{ "type": "Feature", "properties": { "id": "967885295-2726", "name": "", "class": "motorway_link", "is_priority": false }, "geometry": { "type": "LineString", "coordinates": [ [ -74.437004, 40.489121 ], [ -74.436629, 40.488779 ], [ -74.436222, 40.488458 ] ] } },
{ "type": "Feature", "properties": { "id": "968055263-2727", "name": "", "class": "motorway_link", "is_priority": false }, "geometry": { "type": "LineString", "coordinates": [ [ -74.404032, 40.481216 ], [ -74.404409, 40.480765 ] ] } },
{ "type": "Feature", "properties": { "id": "968055299-2728", "name": "", "class": "trunk_link", "is_priority": false }, "geometry": { "type": "LineString", "coordinates": [ [ -74.415983, 40.484018 ], [ -74.416316, 40.484082 ], [ -74.416441, 40.484122 ], [ -74.416586, 40.484213 ], [ -74.416724, 40.484361 ] ] } },
{ "type": "Feature", "properties": { "id": "968058227-2729", "name": "", "class": "motorway_link", "is_priority": false }, "geometry": { "type": "LineString", "coordinates": [ [ -74.430779, 40.486851 ], [ -74.431198, 40.486879 ], [ -74.431526, 40.486922 ], [ -74.431843, 40.486981 ], [ -74.43249, 40.487131 ] ] } },
{ "type": "Feature", "properties": { "id": "968257327-2730", "name": "", "class": "secondary_link", "is_priority": false }, "geometry": { "type": "LineString", "coordinates": [ [ -74.405595, 40.499181 ], [ -74.405395, 40.499261 ], [ -74.405213, 40.499301 ], [ -74.404487, 40.499345 ] ] } },
{ "type": "Feature", "properties": { "id": "968257328-2731", "name": "Woodbridge Avenue", "class": "tertiary", "is_priority": false }, "geometry": { "type": "LineString", "coordinates": [ [ -74.409483, 40.500909 ], [ -74.409301, 40.500957 ], [ -74.40923, 40.500993 ] ] } },
{ "type": "Feature", "properties": { "id": "968433870-2732", "name": "Memorial Parkway", "class": "motorway", "is_priority": true }, "geometry": { "type": "LineString", "coordinates": [ [ -74.443155, 40.501277 ], [ -74.443725, 40.501602 ] ] } },
{ "type": "Feature", "properties": { "id": "968686065-2733", "name": "", "class": "motorway", "is_priority": true }, "geometry": { "type": "LineString", "coordinates": [ [ -74.450096, 40.50565 ], [ -74.450567, 40.505862 ], [ -74.451189, 40.506094 ], [ -74.451672, 40.50624 ], [ -74.452248, 40.506373 ] ] } },
{ "type": "Feature", "properties": { "id": "968686065-2734", "name": "", "class": "motorway", "is_priority": true }, "geometry": { "type": "LineString", "coordinates": [ [ -74.452248, 40.506373 ], [ -74.452583, 40.506436 ], [ -74.45457, 40.506696 ] ] } },
{ "type": "Feature", "properties": { "id": "968686065-2735", "name": "", "class": "motorway", "is_priority": true }, "geometry": { "type": "LineString", "coordinates": [ [ -74.45457, 40.506696 ], [ -74.455153, 40.506772 ], [ -74.455642, 40.506858 ], [ -74.456123, 40.506966 ] ] } },
{ "type": "Feature", "properties": { "id": "968686066-2736", "name": "", "class": "motorway", "is_priority": true }, "geometry": { "type": "LineString", "coordinates": [ [ -74.449891, 40.50552 ], [ -74.450096, 40.50565 ] ] } },
{ "type": "Feature", "properties": { "id": "968690567-2737", "name": "", "class": "motorway", "is_priority": true }, "geometry": { "type": "LineString", "coordinates": [ [ -74.458796, 40.512249 ], [ -74.45871, 40.512896 ], [ -74.458457, 40.513541 ], [ -74.458221, 40.513984 ] ] } },
{ "type": "Feature", "properties": { "id": "968690567-2738", "name": "", "class": "motorway", "is_priority": true }, "geometry": { "type": "LineString", "coordinates": [ [ -74.458221, 40.513984 ], [ -74.458071, 40.514242 ] ] } },
{ "type": "Feature", "properties": { "id": "972612928-2739", "name": "Hiram Square", "class": "residential", "is_priority": false }, "geometry": { "type": "LineString", "coordinates": [ [ -74.441946, 40.495033 ], [ -74.441223, 40.495168 ] ] } },
{ "type": "Feature", "properties": { "id": "972908889-2740", "name": "George Street", "class": "tertiary", "is_priority": false }, "geometry": { "type": "LineString", "coordinates": [ [ -74.447811, 40.503329 ], [ -74.448347, 40.503612 ] ] } },
{ "type": "Feature", "properties": { "id": "972928262-2741", "name": "George Street", "class": "primary", "is_priority": true }, "geometry": { "type": "LineString", "coordinates": [ [ -74.455542, 40.506611 ], [ -74.456143, 40.506734 ], [ -74.457855, 40.506965 ] ] } },
{ "type": "Feature", "properties": { "id": "972928262-2742", "name": "George Street", "class": "primary", "is_priority": true }, "geometry": { "type": "LineString", "coordinates": [ [ -74.457855, 40.506965 ], [ -74.460169, 40.50727 ] ] } },
{ "type": "Feature", "properties": { "id": "972955333-2743", "name": "Landing Lane", "class": "primary", "is_priority": true }, "geometry": { "type": "LineString", "coordinates": [ [ -74.465699, 40.506154 ], [ -74.466192, 40.505934 ] ] } },
{ "type": "Feature", "properties": { "id": "972955334-2744", "name": "Landing Lane", "class": "primary", "is_priority": true }, "geometry": { "type": "LineString", "coordinates": [ [ -74.466743, 40.505711 ], [ -74.466432, 40.505777 ], [ -74.466106, 40.505878 ], [ -74.465806, 40.506048 ], [ -74.465699, 40.506154 ] ] } },
{ "type": "Feature", "properties": { "id": "972955335-2745", "name": "Landing Lane", "class": "primary", "is_priority": true }, "geometry": { "type": "LineString", "coordinates": [ [ -74.468083, 40.505338 ], [ -74.467766, 40.50548 ], [ -74.467283, 40.505608 ] ] } },
{ "type": "Feature", "properties": { "id": "972955336-2746", "name": "Landing Lane", "class": "primary", "is_priority": true }, "geometry": { "type": "LineString", "coordinates": [ [ -74.467283, 40.505608 ], [ -74.467176, 40.505633 ] ] } },
{ "type": "Feature", "properties": { "id": "973280597-2747", "name": "Landing Lane", "class": "tertiary", "is_priority": false }, "geometry": { "type": "LineString", "coordinates": [ [ -74.463977, 40.508056 ], [ -74.463982, 40.508034 ] ] } },
{ "type": "Feature", "properties": { "id": "973526946-2748", "name": "Main Street", "class": "residential", "is_priority": false }, "geometry": { "type": "LineString", "coordinates": [ [ -74.463173, 40.489259 ], [ -74.463232, 40.48932 ] ] } },
{ "type": "Feature", "properties": { "id": "973526947-2749", "name": "Somerset Street", "class": "residential", "is_priority": false }, "geometry": { "type": "LineString", "coordinates": [ [ -74.463007, 40.489359 ], [ -74.462697, 40.489584 ] ] } },
{ "type": "Feature", "properties": { "id": "973526948-2750", "name": "French Street", "class": "secondary", "is_priority": false }, "geometry": { "type": "LineString", "coordinates": [ [ -74.463007, 40.489359 ], [ -74.463232, 40.48932 ] ] } },
{ "type": "Feature", "properties": { "id": "973526949-2751", "name": "Main Street", "class": "residential", "is_priority": false }, "geometry": { "type": "LineString", "coordinates": [ [ -74.463232, 40.48932 ], [ -74.464558, 40.490811 ] ] } },
{ "type": "Feature", "properties": { "id": "973526949-2752", "name": "Main Street", "class": "residential", "is_priority": false }, "geometry": { "type": "LineString", "coordinates": [ [ -74.464558, 40.490811 ], [ -74.46546, 40.491878 ], [ -74.465965, 40.492243 ] ] } },
{ "type": "Feature", "properties": { "id": "973526949-2753", "name": "Main Street", "class": "residential", "is_priority": false }, "geometry": { "type": "LineString", "coordinates": [ [ -74.465965, 40.492243 ], [ -74.467645, 40.493433 ] ] } },
{ "type": "Feature", "properties": { "id": "975113399-2754", "name": "Renaissance Lane", "class": "residential", "is_priority": false }, "geometry": { "type": "LineString", "coordinates": [ [ -74.448105, 40.482821 ], [ -74.448138, 40.482825 ], [ -74.448231, 40.482743 ], [ -74.448211, 40.482713 ] ] } },
{ "type": "Feature", "properties": { "id": "975113400-2755", "name": "Renaissance Lane", "class": "residential", "is_priority": false }, "geometry": { "type": "LineString", "coordinates": [ [ -74.448056, 40.482871 ], [ -74.448105, 40.482821 ] ] } },
{ "type": "Feature", "properties": { "id": "975113401-2756", "name": "Renaissance Lane", "class": "residential", "is_priority": false }, "geometry": { "type": "LineString", "coordinates": [ [ -74.448211, 40.482713 ], [ -74.448178, 40.482707 ], [ -74.448087, 40.482797 ], [ -74.448105, 40.482821 ] ] } },
{ "type": "Feature", "properties": { "id": "975134931-2757", "name": "Remsen Avenue", "class": "residential", "is_priority": false }, "geometry": { "type": "LineString", "coordinates": [ [ -74.453882, 40.478845 ], [ -74.454474, 40.478288 ], [ -74.454816, 40.477935 ], [ -74.455356, 40.477439 ] ] } },
{ "type": "Feature", "properties": { "id": "975134931-2758", "name": "Remsen Avenue", "class": "residential", "is_priority": false }, "geometry": { "type": "LineString", "coordinates": [ [ -74.455356, 40.477439 ], [ -74.456001, 40.476816 ] ] } },
{ "type": "Feature", "properties": { "id": "975134937-2759", "name": "Hickory Drive", "class": "residential", "is_priority": false }, "geometry": { "type": "LineString", "coordinates": [ [ -74.453148, 40.479428 ], [ -74.453105, 40.479369 ], [ -74.4529, 40.479248 ], [ -74.452795, 40.479216 ] ] } },
{ "type": "Feature", "properties": { "id": "975134939-2760", "name": "Hickory Drive", "class": "residential", "is_priority": false }, "geometry": { "type": "LineString", "coordinates": [ [ -74.453148, 40.479428 ], [ -74.453231, 40.479478 ] ] } },
{ "type": "Feature", "properties": { "id": "975134940-2761", "name": "Hickory Drive", "class": "residential", "is_priority": false }, "geometry": { "type": "LineString", "coordinates": [ [ -74.452795, 40.479216 ], [ -74.452869, 40.479287 ], [ -74.45308, 40.479412 ], [ -74.453148, 40.479428 ] ] } },
{ "type": "Feature", "properties": { "id": "975134941-2762", "name": "Evergreen Drive", "class": "residential", "is_priority": false }, "geometry": { "type": "LineString", "coordinates": [ [ -74.449534, 40.478221 ], [ -74.449578, 40.478278 ], [ -74.449668, 40.478342 ], [ -74.449785, 40.478409 ], [ -74.449847, 40.478419 ] ] } },
{ "type": "Feature", "properties": { "id": "975134942-2763", "name": "Evergreen Drive", "class": "residential", "is_priority": false }, "geometry": { "type": "LineString", "coordinates": [ [ -74.449534, 40.478221 ], [ -74.449429, 40.478159 ] ] } },
{ "type": "Feature", "properties": { "id": "975134943-2764", "name": "Evergreen Drive", "class": "residential", "is_priority": false }, "geometry": { "type": "LineString", "coordinates": [ [ -74.449847, 40.478419 ], [ -74.449832, 40.478371 ], [ -74.449609, 40.478236 ], [ -74.449534, 40.478221 ] ] } },
{ "type": "Feature", "properties": { "id": "975500263-2765", "name": "College Avenue", "class": "residential", "is_priority": false }, "geometry": { "type": "LineString", "coordinates": [ [ -74.448543, 40.499916 ], [ -74.448681, 40.500053 ] ] } },
{ "type": "Feature", "properties": { "id": "976526654-2766", "name": "New Jersey Turnpike", "class": "motorway", "is_priority": true }, "geometry": { "type": "LineString", "coordinates": [ [ -74.399169, 40.485178 ], [ -74.398179, 40.486163 ], [ -74.397718, 40.486599 ] ] } },
{ "type": "Feature", "properties": { "id": "976526654-2767", "name": "New Jersey Turnpike", "class": "motorway", "is_priority": true }, "geometry": { "type": "LineString", "coordinates": [ [ -74.397718, 40.486599 ], [ -74.396968, 40.487284 ] ] } },
{ "type": "Feature", "properties": { "id": "976526655-2768", "name": "New Jersey Turnpike", "class": "motorway", "is_priority": true }, "geometry": { "type": "LineString", "coordinates": [ [ -74.39907, 40.486192 ], [ -74.399228, 40.486051 ] ] } },
{ "type": "Feature", "properties": { "id": "978030015-2769", "name": "Wayside Road", "class": "residential", "is_priority": false }, "geometry": { "type": "LineString", "coordinates": [ [ -74.438733, 40.501684 ], [ -74.438402, 40.501747 ], [ -74.438264, 40.501833 ] ] } },
{ "type": "Feature", "properties": { "id": "978030016-2770", "name": "Wayside Road", "class": "residential", "is_priority": false }, "geometry": { "type": "LineString", "coordinates": [ [ -74.438264, 40.501833 ], [ -74.438761, 40.501742 ] ] } },
{ "type": "Feature", "properties": { "id": "979735581-2771", "name": "Woodbridge Avenue Extension", "class": "secondary", "is_priority": false }, "geometry": { "type": "LineString", "coordinates": [ [ -74.409483, 40.500909 ], [ -74.409676, 40.500979 ], [ -74.410057, 40.501068 ] ] } },
{ "type": "Feature", "properties": { "id": "979735582-2772", "name": "", "class": "trunk_link", "is_priority": false }, "geometry": { "type": "LineString", "coordinates": [ [ -74.406429, 40.500539 ], [ -74.406449, 40.500373 ], [ -74.406512, 40.50029 ], [ -74.406785, 40.500036 ] ] } },
{ "type": "Feature", "properties": { "id": "979819262-2773", "name": "Woodbridge Avenue", "class": "secondary", "is_priority": false }, "geometry": { "type": "LineString", "coordinates": [ [ -74.411973, 40.501179 ], [ -74.411651, 40.501159 ] ] } },
{ "type": "Feature", "properties": { "id": "979819263-2774", "name": "Woodbridge Avenue", "class": "secondary", "is_priority": false }, "geometry": { "type": "LineString", "coordinates": [ [ -74.411651, 40.501159 ], [ -74.411268, 40.501137 ] ] } },
{ "type": "Feature", "properties": { "id": "979819264-2775", "name": "Woodbridge Avenue", "class": "secondary", "is_priority": false }, "geometry": { "type": "LineString", "coordinates": [ [ -74.412294, 40.501199 ], [ -74.411973, 40.501179 ] ] } },
{ "type": "Feature", "properties": { "id": "979819268-2776", "name": "Woodbridge Avenue", "class": "secondary", "is_priority": false }, "geometry": { "type": "LineString", "coordinates": [ [ -74.412564, 40.501217 ], [ -74.412294, 40.501199 ] ] } },
{ "type": "Feature", "properties": { "id": "997366017-2777", "name": "Ryders Lane", "class": "secondary", "is_priority": false }, "geometry": { "type": "LineString", "coordinates": [ [ -74.427844, 40.478238 ], [ -74.427849, 40.477967 ], [ -74.427778, 40.477407 ], [ -74.427794, 40.476971 ] ] } },
{ "type": "Feature", "properties": { "id": "997369569-2778", "name": "", "class": "trunk_link", "is_priority": false }, "geometry": { "type": "LineString", "coordinates": [ [ -74.433928, 40.470435 ], [ -74.434086, 40.470353 ], [ -74.434205, 40.470265 ] ] } },
{ "type": "Feature", "properties": { "id": "997442745-2779", "name": "River Road", "class": "secondary", "is_priority": false }, "geometry": { "type": "LineString", "coordinates": [ [ -74.462021, 40.511862 ], [ -74.459785, 40.511914 ] ] } },
{ "type": "Feature", "properties": { "id": "997442746-2780", "name": "River Road", "class": "secondary", "is_priority": false }, "geometry": { "type": "LineString", "coordinates": [ [ -74.458041, 40.511961 ], [ -74.457448, 40.511962 ] ] } },
{ "type": "Feature", "properties": { "id": "998331996-2781", "name": "", "class": "motorway_link", "is_priority": false }, "geometry": { "type": "LineString", "coordinates": [ [ -74.44747, 40.503613 ], [ -74.447729, 40.503592 ] ] } },
{ "type": "Feature", "properties": { "id": "998400088-2782", "name": "River Road", "class": "secondary", "is_priority": false }, "geometry": { "type": "LineString", "coordinates": [ [ -74.457446, 40.512049 ], [ -74.458435, 40.512034 ] ] } },
{ "type": "Feature", "properties": { "id": "998400089-2783", "name": "River Road", "class": "secondary", "is_priority": false }, "geometry": { "type": "LineString", "coordinates": [ [ -74.458435, 40.512034 ], [ -74.459028, 40.512034 ] ] } },
{ "type": "Feature", "properties": { "id": "998400090-2784", "name": "", "class": "motorway_link", "is_priority": false }, "geometry": { "type": "LineString", "coordinates": [ [ -74.459393, 40.512034 ], [ -74.459393, 40.511937 ] ] } },
{ "type": "Feature", "properties": { "id": "998400091-2785", "name": "River Road", "class": "secondary", "is_priority": false }, "geometry": { "type": "LineString", "coordinates": [ [ -74.459028, 40.512034 ], [ -74.459393, 40.512034 ] ] } },
{ "type": "Feature", "properties": { "id": "998983731-2786", "name": "Landing Lane", "class": "tertiary", "is_priority": false }, "geometry": { "type": "LineString", "coordinates": [ [ -74.462201, 40.511557 ], [ -74.462647, 40.510808 ] ] } },
{ "type": "Feature", "properties": { "id": "999071496-2787", "name": "State Route 18 South", "class": "motorway", "is_priority": true }, "geometry": { "type": "LineString", "coordinates": [ [ -74.458031, 40.514507 ], [ -74.45817, 40.514324 ] ] } },
{ "type": "Feature", "properties": { "id": "999514878-2788", "name": "Burnet Street", "class": "secondary", "is_priority": false }, "geometry": { "type": "LineString", "coordinates": [ [ -74.439289, 40.493305 ], [ -74.439167, 40.492626 ], [ -74.439023, 40.492125 ] ] } },
{ "type": "Feature", "properties": { "id": "999514879-2789", "name": "Burnet Street", "class": "secondary", "is_priority": false }, "geometry": { "type": "LineString", "coordinates": [ [ -74.439023, 40.492125 ], [ -74.438825, 40.491718 ], [ -74.43858, 40.491297 ] ] } },
{ "type": "Feature", "properties": { "id": "1001375059-2790", "name": "", "class": "motorway_link", "is_priority": false }, "geometry": { "type": "LineString", "coordinates": [ [ -74.40818, 40.477988 ], [ -74.407833, 40.478052 ] ] } },
{ "type": "Feature", "properties": { "id": "1001375060-2791", "name": "", "class": "motorway_link", "is_priority": false }, "geometry": { "type": "LineString", "coordinates": [ [ -74.407833, 40.478052 ], [ -74.407599, 40.47809 ] ] } },
{ "type": "Feature", "properties": { "id": "1001384637-2792", "name": "", "class": "motorway_link", "is_priority": false }, "geometry": { "type": "LineString", "coordinates": [ [ -74.403783, 40.478258 ], [ -74.403385, 40.478105 ], [ -74.403113, 40.477954 ], [ -74.40291, 40.477755 ], [ -74.402836, 40.477568 ], [ -74.402832, 40.477479 ] ] } },
{ "type": "Feature", "properties": { "id": "1002557507-2793", "name": "", "class": "motorway_link", "is_priority": false }, "geometry": { "type": "LineString", "coordinates": [ [ -74.409317, 40.477849 ], [ -74.409059, 40.477826 ] ] } },
{ "type": "Feature", "properties": { "id": "1002559974-2794", "name": "", "class": "motorway_link", "is_priority": false }, "geometry": { "type": "LineString", "coordinates": [ [ -74.406511, 40.478284 ], [ -74.405743, 40.478405 ] ] } },
{ "type": "Feature", "properties": { "id": "1002649807-2795", "name": "", "class": "motorway_link", "is_priority": false }, "geometry": { "type": "LineString", "coordinates": [ [ -74.409615, 40.476924 ], [ -74.40962, 40.477294 ], [ -74.409548, 40.47749 ], [ -74.409412, 40.477621 ], [ -74.409059, 40.477826 ] ] } },
{ "type": "Feature", "properties": { "id": "1002649808-2796", "name": "", "class": "motorway_link", "is_priority": false }, "geometry": { "type": "LineString", "coordinates": [ [ -74.409059, 40.477826 ], [ -74.40834, 40.477959 ] ] } },
{ "type": "Feature", "properties": { "id": "1005677299-2797", "name": "Waksman Lane", "class": "residential", "is_priority": false }, "geometry": { "type": "LineString", "coordinates": [ [ -74.434269, 40.503916 ], [ -74.434282, 40.503955 ], [ -74.434788, 40.504277 ], [ -74.434839, 40.504264 ], [ -74.434831, 40.50423 ], [ -74.434331, 40.503915 ], [ -74.434269, 40.503916 ] ] } },
{ "type": "Feature", "properties": { "id": "1008453388-2798", "name": "", "class": "motorway_link", "is_priority": false }, "geometry": { "type": "LineString", "coordinates": [ [ -74.410449, 40.476207 ], [ -74.410227, 40.476032 ], [ -74.410074, 40.475846 ], [ -74.409933, 40.475583 ], [ -74.409887, 40.475377 ] ] } },
{ "type": "Feature", "properties": { "id": "1008611685-2799", "name": "Route 18 Service Road", "class": "secondary", "is_priority": false }, "geometry": { "type": "LineString", "coordinates": [ [ -74.437038, 40.489761 ], [ -74.437505, 40.49039 ], [ -74.438114, 40.491363 ] ] } },
{ "type": "Feature", "properties": { "id": "1008611685-2800", "name": "Route 18 Service Road", "class": "secondary", "is_priority": false }, "geometry": { "type": "LineString", "coordinates": [ [ -74.438114, 40.491363 ], [ -74.438427, 40.491882 ], [ -74.438598, 40.49223 ], [ -74.438721, 40.492593 ], [ -74.438825, 40.49307 ] ] } },
{ "type": "Feature", "properties": { "id": "1008611685-2801", "name": "Route 18 Service Road", "class": "secondary", "is_priority": false }, "geometry": { "type": "LineString", "coordinates": [ [ -74.438825, 40.49307 ], [ -74.438846, 40.493221 ] ] } },
{ "type": "Feature", "properties": { "id": "1008841457-2802", "name": "Somerset Street", "class": "residential", "is_priority": false }, "geometry": { "type": "LineString", "coordinates": [ [ -74.449901, 40.496191 ], [ -74.450271, 40.496 ], [ -74.450785, 40.495696 ], [ -74.451333, 40.495396 ], [ -74.451821, 40.495145 ] ] } },
{ "type": "Feature", "properties": { "id": "1008841457-2803", "name": "Somerset Street", "class": "residential", "is_priority": false }, "geometry": { "type": "LineString", "coordinates": [ [ -74.451821, 40.495145 ], [ -74.453784, 40.494146 ] ] } },
{ "type": "Feature", "properties": { "id": "1008841457-2804", "name": "Somerset Street", "class": "residential", "is_priority": false }, "geometry": { "type": "LineString", "coordinates": [ [ -74.453784, 40.494146 ], [ -74.45444, 40.493795 ], [ -74.455739, 40.493136 ] ] } },
{ "type": "Feature", "properties": { "id": "1008841457-2805", "name": "Somerset Street", "class": "residential", "is_priority": false }, "geometry": { "type": "LineString", "coordinates": [ [ -74.455739, 40.493136 ], [ -74.457703, 40.492138 ] ] } },
{ "type": "Feature", "properties": { "id": "1008841457-2806", "name": "Somerset Street", "class": "residential", "is_priority": false }, "geometry": { "type": "LineString", "coordinates": [ [ -74.457703, 40.492138 ], [ -74.45966, 40.49113 ] ] } },
{ "type": "Feature", "properties": { "id": "1008841457-2807", "name": "Somerset Street", "class": "residential", "is_priority": false }, "geometry": { "type": "LineString", "coordinates": [ [ -74.45966, 40.49113 ], [ -74.459909, 40.491004 ] ] } },
{ "type": "Feature", "properties": { "id": "1018498990-2808", "name": "Remsen Avenue", "class": "residential", "is_priority": false }, "geometry": { "type": "LineString", "coordinates": [ [ -74.450812, 40.481829 ], [ -74.452273, 40.480414 ] ] } },
{ "type": "Feature", "properties": { "id": "1018498990-2809", "name": "Remsen Avenue", "class": "residential", "is_priority": false }, "geometry": { "type": "LineString", "coordinates": [ [ -74.452273, 40.480414 ], [ -74.453728, 40.478995 ] ] } },
{ "type": "Feature", "properties": { "id": "1018498990-2810", "name": "Remsen Avenue", "class": "residential", "is_priority": false }, "geometry": { "type": "LineString", "coordinates": [ [ -74.453728, 40.478995 ], [ -74.453882, 40.478845 ] ] } },
{ "type": "Feature", "properties": { "id": "1020488491-2811", "name": "French Street", "class": "secondary", "is_priority": false }, "geometry": { "type": "LineString", "coordinates": [ [ -74.446921, 40.49593 ], [ -74.44778, 40.495574 ], [ -74.448178, 40.495385 ] ] } },
{ "type": "Feature", "properties": { "id": "1024870106-2812", "name": "", "class": "motorway_link", "is_priority": false }, "geometry": { "type": "LineString", "coordinates": [ [ -74.405684, 40.478489 ], [ -74.406388, 40.478436 ] ] } },
{ "type": "Feature", "properties": { "id": "1025086288-2813", "name": "Johnson Drive", "class": "tertiary", "is_priority": false }, "geometry": { "type": "LineString", "coordinates": [ [ -74.441366, 40.498299 ], [ -74.441327, 40.498094 ], [ -74.441179, 40.497763 ] ] } },
{ "type": "Feature", "properties": { "id": "1025088130-2814", "name": "Johnson Drive", "class": "tertiary", "is_priority": false }, "geometry": { "type": "LineString", "coordinates": [ [ -74.441324, 40.499009 ], [ -74.441309, 40.498839 ], [ -74.441361, 40.498489 ], [ -74.441366, 40.498299 ] ] } },
{ "type": "Feature", "properties": { "id": "1026960780-2815", "name": "How Lane", "class": "secondary", "is_priority": false }, "geometry": { "type": "LineString", "coordinates": [ [ -74.479935, 40.468775 ], [ -74.480216, 40.468941 ] ] } },
{ "type": "Feature", "properties": { "id": "1026960781-2816", "name": "How Lane", "class": "secondary", "is_priority": false }, "geometry": { "type": "LineString", "coordinates": [ [ -74.480216, 40.468941 ], [ -74.482074, 40.470051 ] ] } },
{ "type": "Feature", "properties": { "id": "1026960781-2817", "name": "How Lane", "class": "secondary", "is_priority": false }, "geometry": { "type": "LineString", "coordinates": [ [ -74.482074, 40.470051 ], [ -74.483927, 40.471166 ] ] } },
{ "type": "Feature", "properties": { "id": "1026960781-2818", "name": "How Lane", "class": "secondary", "is_priority": false }, "geometry": { "type": "LineString", "coordinates": [ [ -74.483927, 40.471166 ], [ -74.48579, 40.472272 ] ] } },
{ "type": "Feature", "properties": { "id": "1026960781-2819", "name": "How Lane", "class": "secondary", "is_priority": false }, "geometry": { "type": "LineString", "coordinates": [ [ -74.48579, 40.472272 ], [ -74.485837, 40.472299 ] ] } },
{ "type": "Feature", "properties": { "id": "1026960783-2820", "name": "How Lane", "class": "secondary", "is_priority": false }, "geometry": { "type": "LineString", "coordinates": [ [ -74.4797, 40.468635 ], [ -74.479935, 40.468775 ] ] } },
{ "type": "Feature", "properties": { "id": "1027355467-2821", "name": "Ryders Lane", "class": "secondary", "is_priority": false }, "geometry": { "type": "LineString", "coordinates": [ [ -74.427036, 40.4724 ], [ -74.427085, 40.473037 ] ] } },
{ "type": "Feature", "properties": { "id": "1030284289-2822", "name": "Paulus Boulevard West", "class": "residential", "is_priority": false }, "geometry": { "type": "LineString", "coordinates": [ [ -74.422175, 40.485839 ], [ -74.422421, 40.485712 ] ] } },
{ "type": "Feature", "properties": { "id": "1030284290-2823", "name": "Paulus Boulevard West", "class": "residential", "is_priority": false }, "geometry": { "type": "LineString", "coordinates": [ [ -74.422811, 40.48538 ], [ -74.422845, 40.485261 ] ] } },
{ "type": "Feature", "properties": { "id": "1030284291-2824", "name": "State Route 18", "class": "trunk", "is_priority": true }, "geometry": { "type": "LineString", "coordinates": [ [ -74.422742, 40.485369 ], [ -74.422811, 40.48538 ] ] } },
{ "type": "Feature", "properties": { "id": "1030322355-2825", "name": "River Road", "class": "secondary", "is_priority": false }, "geometry": { "type": "LineString", "coordinates": [ [ -74.463414, 40.511855 ], [ -74.462021, 40.511862 ] ] } },
{ "type": "Feature", "properties": { "id": "1030392972-2826", "name": "River Road", "class": "tertiary", "is_priority": false }, "geometry": { "type": "LineString", "coordinates": [ [ -74.439521, 40.503182 ], [ -74.439571, 40.503475 ], [ -74.439664, 40.503545 ] ] } },
{ "type": "Feature", "properties": { "id": "1032555185-2827", "name": "Easton Avenue", "class": "primary", "is_priority": true }, "geometry": { "type": "LineString", "coordinates": [ [ -74.468729, 40.505589 ], [ -74.469089, 40.505728 ] ] } },
{ "type": "Feature", "properties": { "id": "1032555186-2828", "name": "Reeve Street", "class": "residential", "is_priority": false }, "geometry": { "type": "LineString", "coordinates": [ [ -74.469444, 40.505386 ], [ -74.469089, 40.505728 ] ] } },
{ "type": "Feature", "properties": { "id": "1034253734-2829", "name": "Somerset Street", "class": "residential", "is_priority": false }, "geometry": { "type": "LineString", "coordinates": [ [ -74.444755, 40.498342 ], [ -74.445398, 40.498144 ] ] } },
{ "type": "Feature", "properties": { "id": "1036263554-2830", "name": "Albany Street", "class": "secondary", "is_priority": false }, "geometry": { "type": "LineString", "coordinates": [ [ -74.442407, 40.496908 ], [ -74.441767, 40.496975 ] ] } },
{ "type": "Feature", "properties": { "id": "1036559325-2831", "name": "River Road", "class": "secondary", "is_priority": false }, "geometry": { "type": "LineString", "coordinates": [ [ -74.464061, 40.51192 ], [ -74.465173, 40.51192 ] ] } },
{ "type": "Feature", "properties": { "id": "1037151855-2832", "name": "River Road", "class": "secondary", "is_priority": false }, "geometry": { "type": "LineString", "coordinates": [ [ -74.46123, 40.511996 ], [ -74.46202, 40.511978 ] ] } },
{ "type": "Feature", "properties": { "id": "1041302442-2833", "name": "College Avenue", "class": "residential", "is_priority": false }, "geometry": { "type": "LineString", "coordinates": [ [ -74.453861, 40.505141 ], [ -74.454451, 40.505715 ] ] } },
{ "type": "Feature", "properties": { "id": "1041302443-2834", "name": "College Avenue", "class": "residential", "is_priority": false }, "geometry": { "type": "LineString", "coordinates": [ [ -74.454451, 40.505715 ], [ -74.454629, 40.505886 ] ] } },
{ "type": "Feature", "properties": { "id": "1041358747-2835", "name": "Raritan Avenue", "class": "secondary", "is_priority": false }, "geometry": { "type": "LineString", "coordinates": [ [ -74.430259, 40.498466 ], [ -74.429782, 40.498541 ], [ -74.428055, 40.499094 ] ] } },
{ "type": "Feature", "properties": { "id": "1041358747-2836", "name": "Raritan Avenue", "class": "secondary", "is_priority": false }, "geometry": { "type": "LineString", "coordinates": [ [ -74.428055, 40.499094 ], [ -74.427962, 40.499124 ] ] } },
{ "type": "Feature", "properties": { "id": "1041360840-2837", "name": "Johnson Drive", "class": "tertiary", "is_priority": false }, "geometry": { "type": "LineString", "coordinates": [ [ -74.441248, 40.498297 ], [ -74.441169, 40.498844 ], [ -74.44119, 40.499044 ], [ -74.441249, 40.499206 ] ] } },
{ "type": "Feature", "properties": { "id": "1041360841-2838", "name": "Johnson Drive", "class": "tertiary", "is_priority": false }, "geometry": { "type": "LineString", "coordinates": [ [ -74.441249, 40.499206 ], [ -74.441345, 40.49938 ], [ -74.44153, 40.499595 ] ] } },
{ "type": "Feature", "properties": { "id": "1041411116-2839", "name": "Woodbridge Avenue Extension", "class": "secondary", "is_priority": false }, "geometry": { "type": "LineString", "coordinates": [ [ -74.410107, 40.500993 ], [ -74.409482, 40.50075 ] ] } },
{ "type": "Feature", "properties": { "id": "1041416880-2840", "name": "Woodbridge Ave Extension", "class": "secondary", "is_priority": false }, "geometry": { "type": "LineString", "coordinates": [ [ -74.406817, 40.499732 ], [ -74.406569, 40.499668 ] ] } },
{ "type": "Feature", "properties": { "id": "1043441150-2841", "name": "Route 18 Service Road", "class": "secondary", "is_priority": false }, "geometry": { "type": "LineString", "coordinates": [ [ -74.434139, 40.487725 ], [ -74.434664, 40.487962 ], [ -74.434973, 40.488124 ] ] } },
{ "type": "Feature", "properties": { "id": "1043704387-2842", "name": "Paterson Street", "class": "residential", "is_priority": false }, "geometry": { "type": "LineString", "coordinates": [ [ -74.442431, 40.495395 ], [ -74.442081, 40.495448 ] ] } },
{ "type": "Feature", "properties": { "id": "1046760405-2843", "name": "George's Road", "class": "tertiary", "is_priority": false }, "geometry": { "type": "LineString", "coordinates": [ [ -74.445439, 40.481264 ], [ -74.445504, 40.481346 ], [ -74.445657, 40.481413 ] ] } },
{ "type": "Feature", "properties": { "id": "1046991302-2844", "name": "Albany Street", "class": "secondary", "is_priority": false }, "geometry": { "type": "LineString", "coordinates": [ [ -74.445472, 40.496602 ], [ -74.445751, 40.496552 ], [ -74.446076, 40.49641 ], [ -74.446166, 40.496311 ] ] } },
{ "type": "Feature", "properties": { "id": "1046991303-2845", "name": "Albany Street", "class": "secondary", "is_priority": false }, "geometry": { "type": "LineString", "coordinates": [ [ -74.446166, 40.496311 ], [ -74.446011, 40.496318 ], [ -74.445561, 40.49648 ] ] } },
{ "type": "Feature", "properties": { "id": "1047054889-2846", "name": "Spring Street", "class": "residential", "is_priority": false }, "geometry": { "type": "LineString", "coordinates": [ [ -74.445245, 40.495234 ], [ -74.445183, 40.494986 ] ] } },
{ "type": "Feature", "properties": { "id": "1049530431-2847", "name": "George Street", "class": "tertiary", "is_priority": false }, "geometry": { "type": "LineString", "coordinates": [ [ -74.434223, 40.483911 ], [ -74.434382, 40.483932 ], [ -74.434545, 40.483979 ], [ -74.434771, 40.4841 ], [ -74.434856, 40.484113 ] ] } },
{ "type": "Feature", "properties": { "id": "1049886693-2848", "name": "Bishop Place", "class": "residential", "is_priority": false }, "geometry": { "type": "LineString", "coordinates": [ [ -74.448308, 40.50299 ], [ -74.447835, 40.50327 ], [ -74.447758, 40.503302 ] ] } },
{ "type": "Feature", "properties": { "id": "1051234889-2849", "name": "State Route 18", "class": "trunk", "is_priority": true }, "geometry": { "type": "LineString", "coordinates": [ [ -74.410553, 40.478151 ], [ -74.410453, 40.477989 ] ] } },
{ "type": "Feature", "properties": { "id": "1051248545-2850", "name": "State Route 18", "class": "trunk", "is_priority": true }, "geometry": { "type": "LineString", "coordinates": [ [ -74.410927, 40.479113 ], [ -74.410673, 40.478459 ] ] } },
{ "type": "Feature", "properties": { "id": "1051248546-2851", "name": "State Route 18", "class": "trunk", "is_priority": true }, "geometry": { "type": "LineString", "coordinates": [ [ -74.411263, 40.480079 ], [ -74.411114, 40.479651 ] ] } },
{ "type": "Feature", "properties": { "id": "1051248547-2852", "name": "State Route 18", "class": "trunk", "is_priority": true }, "geometry": { "type": "LineString", "coordinates": [ [ -74.411114, 40.479651 ], [ -74.410927, 40.479113 ] ] } },
{ "type": "Feature", "properties": { "id": "1051267793-2853", "name": "State Route 18", "class": "trunk", "is_priority": true }, "geometry": { "type": "LineString", "coordinates": [ [ -74.42596, 40.485709 ], [ -74.42525, 40.485596 ], [ -74.424351, 40.485475 ] ] } },
{ "type": "Feature", "properties": { "id": "1051425073-2854", "name": "", "class": "secondary", "is_priority": false }, "geometry": { "type": "LineString", "coordinates": [ [ -74.43273, 40.485231 ], [ -74.432796, 40.485819 ], [ -74.432853, 40.485892 ] ] } },
{ "type": "Feature", "properties": { "id": "1051425074-2855", "name": "Gibbons Court", "class": "residential", "is_priority": false }, "geometry": { "type": "LineString", "coordinates": [ [ -74.43273, 40.485231 ], [ -74.432816, 40.485223 ] ] } },
{ "type": "Feature", "properties": { "id": "1051535833-2856", "name": "", "class": "trunk", "is_priority": true }, "geometry": { "type": "LineString", "coordinates": [ [ -74.433437, 40.469893 ], [ -74.432747, 40.470451 ] ] } },
{ "type": "Feature", "properties": { "id": "1051763216-2857", "name": "", "class": "trunk", "is_priority": true }, "geometry": { "type": "LineString", "coordinates": [ [ -74.415125, 40.487015 ], [ -74.416419, 40.485509 ] ] } },
{ "type": "Feature", "properties": { "id": "1051763216-2858", "name": "", "class": "trunk", "is_priority": true }, "geometry": { "type": "LineString", "coordinates": [ [ -74.416419, 40.485509 ], [ -74.416465, 40.485457 ] ] } },
{ "type": "Feature", "properties": { "id": "1053565031-2859", "name": "John A. Lynch Memorial Bridge", "class": "motorway", "is_priority": true }, "geometry": { "type": "LineString", "coordinates": [ [ -74.459131, 40.510242 ], [ -74.459123, 40.509808 ] ] } },
{ "type": "Feature", "properties": { "id": "1053594220-2860", "name": "Raritan Avenue", "class": "secondary", "is_priority": false }, "geometry": { "type": "LineString", "coordinates": [ [ -74.425856, 40.499866 ], [ -74.425355, 40.500053 ] ] } },
{ "type": "Feature", "properties": { "id": "1054232754-2861", "name": "", "class": "trunk", "is_priority": true }, "geometry": { "type": "LineString", "coordinates": [ [ -74.417741, 40.48377 ], [ -74.416666, 40.484986 ] ] } },
{ "type": "Feature", "properties": { "id": "1054718159-2862", "name": "State Route 18", "class": "trunk", "is_priority": true }, "geometry": { "type": "LineString", "coordinates": [ [ -74.409824, 40.476424 ], [ -74.409932, 40.476985 ], [ -74.410132, 40.477615 ] ] } },
{ "type": "Feature", "properties": { "id": "1054987038-2863", "name": "Naricon Place", "class": "tertiary", "is_priority": false }, "geometry": { "type": "LineString", "coordinates": [ [ -74.410314, 40.478513 ], [ -74.41044, 40.478413 ] ] } },
{ "type": "Feature", "properties": { "id": "1054987039-2864", "name": "Naricon Place", "class": "tertiary", "is_priority": false }, "geometry": { "type": "LineString", "coordinates": [ [ -74.410196, 40.478656 ], [ -74.410314, 40.478513 ] ] } },
{ "type": "Feature", "properties": { "id": "1054987040-2865", "name": "Naricon Place", "class": "tertiary", "is_priority": false }, "geometry": { "type": "LineString", "coordinates": [ [ -74.410087, 40.478828 ], [ -74.410196, 40.478656 ] ] } },
{ "type": "Feature", "properties": { "id": "1054987041-2866", "name": "State Route 18", "class": "trunk", "is_priority": true }, "geometry": { "type": "LineString", "coordinates": [ [ -74.41044, 40.478413 ], [ -74.410496, 40.478548 ] ] } },
{ "type": "Feature", "properties": { "id": "1054987042-2867", "name": "Naricon Place", "class": "tertiary", "is_priority": false }, "geometry": { "type": "LineString", "coordinates": [ [ -74.41044, 40.478413 ], [ -74.410607, 40.47829 ] ] } },
{ "type": "Feature", "properties": { "id": "1054987724-2868", "name": "State Route 18", "class": "trunk", "is_priority": true }, "geometry": { "type": "LineString", "coordinates": [ [ -74.410607, 40.47829 ], [ -74.410553, 40.478151 ] ] } },
{ "type": "Feature", "properties": { "id": "1057634799-2869", "name": "", "class": "trunk", "is_priority": true }, "geometry": { "type": "LineString", "coordinates": [ [ -74.421681, 40.479472 ], [ -74.420958, 40.480151 ], [ -74.420249, 40.480902 ] ] } },
{ "type": "Feature", "properties": { "id": "1057634799-2870", "name": "", "class": "trunk", "is_priority": true }, "geometry": { "type": "LineString", "coordinates": [ [ -74.420249, 40.480902 ], [ -74.419894, 40.481302 ] ] } },
{ "type": "Feature", "properties": { "id": "1057634800-2871", "name": "", "class": "trunk", "is_priority": true }, "geometry": { "type": "LineString", "coordinates": [ [ -74.419894, 40.481302 ], [ -74.418585, 40.4828 ] ] } },
{ "type": "Feature", "properties": { "id": "1057634800-2872", "name": "", "class": "trunk", "is_priority": true }, "geometry": { "type": "LineString", "coordinates": [ [ -74.418585, 40.4828 ], [ -74.418121, 40.483327 ] ] } },
{ "type": "Feature", "properties": { "id": "1058778356-2873", "name": "", "class": "trunk", "is_priority": true }, "geometry": { "type": "LineString", "coordinates": [ [ -74.430288, 40.472621 ], [ -74.431571, 40.471576 ] ] } },
{ "type": "Feature", "properties": { "id": "1060423473-2874", "name": "", "class": "trunk", "is_priority": true }, "geometry": { "type": "LineString", "coordinates": [ [ -74.427705, 40.474743 ], [ -74.429311, 40.473424 ] ] } },
{ "type": "Feature", "properties": { "id": "1060423473-2875", "name": "", "class": "trunk", "is_priority": true }, "geometry": { "type": "LineString", "coordinates": [ [ -74.429311, 40.473424 ], [ -74.430288, 40.472621 ] ] } },
{ "type": "Feature", "properties": { "id": "1060423474-2876", "name": "", "class": "trunk", "is_priority": true }, "geometry": { "type": "LineString", "coordinates": [ [ -74.427578, 40.474843 ], [ -74.427705, 40.474743 ] ] } },
{ "type": "Feature", "properties": { "id": "1060435599-2877", "name": "", "class": "trunk", "is_priority": true }, "geometry": { "type": "LineString", "coordinates": [ [ -74.432747, 40.470451 ], [ -74.431132, 40.471765 ] ] } },
{ "type": "Feature", "properties": { "id": "1060435599-2878", "name": "", "class": "trunk", "is_priority": true }, "geometry": { "type": "LineString", "coordinates": [ [ -74.431132, 40.471765 ], [ -74.43017, 40.472547 ] ] } },
{ "type": "Feature", "properties": { "id": "1060435600-2879", "name": "", "class": "trunk", "is_priority": true }, "geometry": { "type": "LineString", "coordinates": [ [ -74.428148, 40.474192 ], [ -74.427445, 40.474762 ] ] } },
{ "type": "Feature", "properties": { "id": "1060445472-2880", "name": "", "class": "trunk", "is_priority": true }, "geometry": { "type": "LineString", "coordinates": [ [ -74.43017, 40.472547 ], [ -74.428556, 40.473861 ] ] } },
{ "type": "Feature", "properties": { "id": "1060445472-2881", "name": "", "class": "trunk", "is_priority": true }, "geometry": { "type": "LineString", "coordinates": [ [ -74.428556, 40.473861 ], [ -74.428148, 40.474192 ] ] } },
{ "type": "Feature", "properties": { "id": "1060525542-2882", "name": "", "class": "trunk", "is_priority": true }, "geometry": { "type": "LineString", "coordinates": [ [ -74.419839, 40.48158 ], [ -74.420489, 40.480845 ] ] } },
{ "type": "Feature", "properties": { "id": "1060525543-2883", "name": "", "class": "trunk", "is_priority": true }, "geometry": { "type": "LineString", "coordinates": [ [ -74.423455, 40.478188 ], [ -74.424718, 40.477158 ] ] } },
{ "type": "Feature", "properties": { "id": "1060525544-2884", "name": "", "class": "trunk", "is_priority": true }, "geometry": { "type": "LineString", "coordinates": [ [ -74.424718, 40.477158 ], [ -74.4253, 40.476685 ] ] } },
{ "type": "Feature", "properties": { "id": "1061700363-2885", "name": "", "class": "motorway", "is_priority": true }, "geometry": { "type": "LineString", "coordinates": [ [ -74.458071, 40.514242 ], [ -74.457634, 40.514773 ], [ -74.457451, 40.514967 ], [ -74.457082, 40.515305 ] ] } },
{ "type": "Feature", "properties": { "id": "1062083027-2886", "name": "Ryders Lane", "class": "secondary", "is_priority": false }, "geometry": { "type": "LineString", "coordinates": [ [ -74.427558, 40.474424 ], [ -74.427444, 40.474103 ] ] } },
{ "type": "Feature", "properties": { "id": "1062083029-2887", "name": "Ryders Lane", "class": "secondary", "is_priority": false }, "geometry": { "type": "LineString", "coordinates": [ [ -74.427118, 40.471219 ], [ -74.4271, 40.47083 ] ] } },
{ "type": "Feature", "properties": { "id": "1066169845-2888", "name": "Redcliffe Avenue", "class": "residential", "is_priority": false }, "geometry": { "type": "LineString", "coordinates": [ [ -74.434699, 40.49356 ], [ -74.434818, 40.493531 ], [ -74.434923, 40.493442 ], [ -74.434941, 40.493319 ], [ -74.434861, 40.493183 ] ] } },
{ "type": "Feature", "properties": { "id": "1066169846-2889", "name": "Redcliffe Avenue", "class": "residential", "is_priority": false }, "geometry": { "type": "LineString", "coordinates": [ [ -74.434861, 40.493183 ], [ -74.43475, 40.493009 ], [ -74.43465, 40.49291 ] ] } },
{ "type": "Feature", "properties": { "id": "1066354660-2890", "name": "Paterson Street", "class": "residential", "is_priority": false }, "geometry": { "type": "LineString", "coordinates": [ [ -74.444315, 40.495115 ], [ -74.443931, 40.49517 ] ] } },
{ "type": "Feature", "properties": { "id": "1067195408-2891", "name": "Paulus Boulevard West", "class": "residential", "is_priority": false }, "geometry": { "type": "LineString", "coordinates": [ [ -74.422742, 40.485369 ], [ -74.422406, 40.485632 ] ] } },
{ "type": "Feature", "properties": { "id": "1071619949-2892", "name": "Route 18 Service Road", "class": "secondary", "is_priority": false }, "geometry": { "type": "LineString", "coordinates": [ [ -74.438846, 40.493221 ], [ -74.43899, 40.494094 ], [ -74.439115, 40.494618 ] ] } },
{ "type": "Feature", "properties": { "id": "1071619950-2893", "name": "Route 18 Service Road", "class": "secondary", "is_priority": false }, "geometry": { "type": "LineString", "coordinates": [ [ -74.439115, 40.494618 ], [ -74.43936, 40.495395 ] ] } },
{ "type": "Feature", "properties": { "id": "1072216033-2894", "name": "River Road", "class": "tertiary", "is_priority": false }, "geometry": { "type": "LineString", "coordinates": [ [ -74.45731, 40.511961 ], [ -74.456154, 40.511962 ] ] } },
{ "type": "Feature", "properties": { "id": "1072216034-2895", "name": "River Road", "class": "tertiary", "is_priority": false }, "geometry": { "type": "LineString", "coordinates": [ [ -74.456154, 40.511962 ], [ -74.455553, 40.511962 ] ] } },
{ "type": "Feature", "properties": { "id": "1077019105-2896", "name": "College Farm Road", "class": "residential", "is_priority": false }, "geometry": { "type": "LineString", "coordinates": [ [ -74.436697, 40.479287 ], [ -74.436728, 40.479003 ] ] } },
{ "type": "Feature", "properties": { "id": "1078128380-2897", "name": "", "class": "residential", "is_priority": false }, "geometry": { "type": "LineString", "coordinates": [ [ -74.440672, 40.478892 ], [ -74.440807, 40.478747 ] ] } },
{ "type": "Feature", "properties": { "id": "1080523749-2898", "name": "", "class": "motorway_link", "is_priority": false }, "geometry": { "type": "LineString", "coordinates": [ [ -74.45731, 40.512049 ], [ -74.457309, 40.51267 ], [ -74.457326, 40.512796 ], [ -74.457368, 40.512947 ], [ -74.457458, 40.513145 ], [ -74.457611, 40.513409 ], [ -74.457728, 40.513656 ], [ -74.457768, 40.513791 ] ] } },
{ "type": "Feature", "properties": { "id": "1080523749-2899", "name": "", "class": "motorway_link", "is_priority": false }, "geometry": { "type": "LineString", "coordinates": [ [ -74.457768, 40.513791 ], [ -74.457808, 40.514064 ], [ -74.457786, 40.514267 ], [ -74.457731, 40.514449 ], [ -74.457371, 40.514955 ], [ -74.457155, 40.515175 ], [ -74.457082, 40.515305 ] ] } },
{ "type": "Feature", "properties": { "id": "1085752846-2900", "name": "", "class": "trunk", "is_priority": true }, "geometry": { "type": "LineString", "coordinates": [ [ -74.4217, 40.47964 ], [ -74.422584, 40.478896 ] ] } },
{ "type": "Feature", "properties": { "id": "1085752847-2901", "name": "", "class": "trunk", "is_priority": true }, "geometry": { "type": "LineString", "coordinates": [ [ -74.421074, 40.480231 ], [ -74.4217, 40.47964 ] ] } },
{ "type": "Feature", "properties": { "id": "1085775097-2902", "name": "", "class": "trunk", "is_priority": true }, "geometry": { "type": "LineString", "coordinates": [ [ -74.42055, 40.480779 ], [ -74.421074, 40.480231 ] ] } },
{ "type": "Feature", "properties": { "id": "1085775098-2903", "name": "", "class": "trunk", "is_priority": true }, "geometry": { "type": "LineString", "coordinates": [ [ -74.420489, 40.480845 ], [ -74.42055, 40.480779 ] ] } },
{ "type": "Feature", "properties": { "id": "1092605556-2904", "name": "George Street", "class": "tertiary", "is_priority": false }, "geometry": { "type": "LineString", "coordinates": [ [ -74.451772, 40.505469 ], [ -74.451513, 40.505336 ] ] } },
{ "type": "Feature", "properties": { "id": "1094728617-2905", "name": "River Road", "class": "tertiary", "is_priority": false }, "geometry": { "type": "LineString", "coordinates": [ [ -74.455517, 40.512049 ], [ -74.45731, 40.512049 ] ] } },
{ "type": "Feature", "properties": { "id": "1094728618-2906", "name": "Hillcrest Drive", "class": "residential", "is_priority": false }, "geometry": { "type": "LineString", "coordinates": [ [ -74.455433, 40.512246 ], [ -74.455226, 40.512694 ], [ -74.454496, 40.513751 ], [ -74.454373, 40.513842 ] ] } },
{ "type": "Feature", "properties": { "id": "1094728618-2907", "name": "Hillcrest Drive", "class": "residential", "is_priority": false }, "geometry": { "type": "LineString", "coordinates": [ [ -74.454373, 40.513842 ], [ -74.454282, 40.513886 ], [ -74.454147, 40.513917 ], [ -74.453746, 40.513949 ], [ -74.453514, 40.513939 ], [ -74.453126, 40.513883 ], [ -74.452483, 40.513713 ] ] } },
{ "type": "Feature", "properties": { "id": "1096895877-2908", "name": "George Street", "class": "tertiary", "is_priority": false }, "geometry": { "type": "LineString", "coordinates": [ [ -74.444671, 40.498053 ], [ -74.444755, 40.498342 ] ] } },
{ "type": "Feature", "properties": { "id": "1098240819-2909", "name": "Somerset Street", "class": "secondary", "is_priority": false }, "geometry": { "type": "LineString", "coordinates": [ [ -74.484674, 40.479837 ], [ -74.484937, 40.479591 ], [ -74.486023, 40.478361 ] ] } },
{ "type": "Feature", "properties": { "id": "1098240819-2910", "name": "Somerset Street", "class": "secondary", "is_priority": false }, "geometry": { "type": "LineString", "coordinates": [ [ -74.486023, 40.478361 ], [ -74.487348, 40.47687 ] ] } },
{ "type": "Feature", "properties": { "id": "1098240819-2911", "name": "Somerset Street", "class": "secondary", "is_priority": false }, "geometry": { "type": "LineString", "coordinates": [ [ -74.487348, 40.47687 ], [ -74.488684, 40.475385 ] ] } },
{ "type": "Feature", "properties": { "id": "1098240819-2912", "name": "Somerset Street", "class": "secondary", "is_priority": false }, "geometry": { "type": "LineString", "coordinates": [ [ -74.488684, 40.475385 ], [ -74.489166, 40.474852 ] ] } },
{ "type": "Feature", "properties": { "id": "1108965865-2913", "name": "Washington Street", "class": "residential", "is_priority": false }, "geometry": { "type": "LineString", "coordinates": [ [ -74.445813, 40.496732 ], [ -74.445848, 40.496699 ], [ -74.445831, 40.496614 ], [ -74.445764, 40.496585 ] ] } },
{ "type": "Feature", "properties": { "id": "1108965866-2914", "name": "Washington Street", "class": "residential", "is_priority": false }, "geometry": { "type": "LineString", "coordinates": [ [ -74.445751, 40.496552 ], [ -74.445764, 40.496585 ] ] } },
{ "type": "Feature", "properties": { "id": "1108965867-2915", "name": "Washington Street", "class": "residential", "is_priority": false }, "geometry": { "type": "LineString", "coordinates": [ [ -74.445813, 40.496732 ], [ -74.445837, 40.496854 ], [ -74.44572, 40.496902 ] ] } },
{ "type": "Feature", "properties": { "id": "1116776893-2916", "name": "New Street", "class": "secondary", "is_priority": false }, "geometry": { "type": "LineString", "coordinates": [ [ -74.443286, 40.492312 ], [ -74.443937, 40.492344 ], [ -74.444968, 40.492453 ] ] } },
{ "type": "Feature", "properties": { "id": "1116776894-2917", "name": "George Street", "class": "tertiary", "is_priority": false }, "geometry": { "type": "LineString", "coordinates": [ [ -74.443286, 40.492312 ], [ -74.443577, 40.493658 ] ] } },
{ "type": "Feature", "properties": { "id": "1124193648-2918", "name": "State Route 18", "class": "trunk", "is_priority": true }, "geometry": { "type": "LineString", "coordinates": [ [ -74.419821, 40.484423 ], [ -74.419321, 40.483897 ], [ -74.419141, 40.483727 ], [ -74.418926, 40.483554 ], [ -74.418525, 40.483302 ] ] } },
{ "type": "Feature", "properties": { "id": "1124193649-2919", "name": "State Route 18", "class": "trunk", "is_priority": true }, "geometry": { "type": "LineString", "coordinates": [ [ -74.419914, 40.484505 ], [ -74.419821, 40.484423 ] ] } },
{ "type": "Feature", "properties": { "id": "1124766575-2920", "name": "", "class": "motorway_link", "is_priority": false }, "geometry": { "type": "LineString", "coordinates": [ [ -74.459394, 40.511624 ], [ -74.459187, 40.510242 ] ] } },
{ "type": "Feature", "properties": { "id": "1124766576-2921", "name": "", "class": "motorway_link", "is_priority": false }, "geometry": { "type": "LineString", "coordinates": [ [ -74.459393, 40.511937 ], [ -74.459394, 40.511624 ] ] } },
{ "type": "Feature", "properties": { "id": "1124766577-2922", "name": "River Road", "class": "secondary", "is_priority": false }, "geometry": { "type": "LineString", "coordinates": [ [ -74.459393, 40.511937 ], [ -74.458041, 40.511961 ] ] } },
{ "type": "Feature", "properties": { "id": "1124766578-2923", "name": "", "class": "motorway_link", "is_priority": false }, "geometry": { "type": "LineString", "coordinates": [ [ -74.459374, 40.512319 ], [ -74.459393, 40.512034 ] ] } },
{ "type": "Feature", "properties": { "id": "1124812259-2924", "name": "Lloyd Street", "class": "residential", "is_priority": false }, "geometry": { "type": "LineString", "coordinates": [ [ -74.405776, 40.498042 ], [ -74.405787, 40.498787 ] ] } },
{ "type": "Feature", "properties": { "id": "1128133803-2925", "name": "Park Boulevard", "class": "residential", "is_priority": false }, "geometry": { "type": "LineString", "coordinates": [ [ -74.460534, 40.501522 ], [ -74.46068, 40.501352 ] ] } },
{ "type": "Feature", "properties": { "id": "1128133804-2926", "name": "Park Boulevard", "class": "residential", "is_priority": false }, "geometry": { "type": "LineString", "coordinates": [ [ -74.46068, 40.501352 ], [ -74.461294, 40.500615 ], [ -74.461412, 40.500453 ], [ -74.461418, 40.500353 ] ] } },
{ "type": "Feature", "properties": { "id": "1130572604-2927", "name": "", "class": "trunk", "is_priority": true }, "geometry": { "type": "LineString", "coordinates": [ [ -74.40929, 40.498535 ], [ -74.409124, 40.498629 ] ] } },
{ "type": "Feature", "properties": { "id": "1130572605-2928", "name": "", "class": "trunk", "is_priority": true }, "geometry": { "type": "LineString", "coordinates": [ [ -74.411569, 40.496805 ], [ -74.411194, 40.49725 ] ] } },
{ "type": "Feature", "properties": { "id": "1130572606-2929", "name": "", "class": "trunk", "is_priority": true }, "geometry": { "type": "LineString", "coordinates": [ [ -74.411194, 40.49725 ], [ -74.410836, 40.497578 ] ] } },
{ "type": "Feature", "properties": { "id": "1130572607-2930", "name": "", "class": "trunk", "is_priority": true }, "geometry": { "type": "LineString", "coordinates": [ [ -74.410836, 40.497578 ], [ -74.410594, 40.497772 ], [ -74.410218, 40.498009 ] ] } },
{ "type": "Feature", "properties": { "id": "1130572608-2931", "name": "", "class": "trunk", "is_priority": true }, "geometry": { "type": "LineString", "coordinates": [ [ -74.411795, 40.496499 ], [ -74.411569, 40.496805 ] ] } },
{ "type": "Feature", "properties": { "id": "1132585327-2932", "name": "", "class": "secondary_link", "is_priority": false }, "geometry": { "type": "LineString", "coordinates": [ [ -74.46915, 40.512574 ], [ -74.469245, 40.512626 ], [ -74.469953, 40.512839 ], [ -74.470134, 40.512931 ] ] } },
{ "type": "Feature", "properties": { "id": "1132585328-2933", "name": "Sutphen Road", "class": "residential", "is_priority": false }, "geometry": { "type": "LineString", "coordinates": [ [ -74.470134, 40.512931 ], [ -74.470053, 40.513062 ], [ -74.469794, 40.513311 ], [ -74.469338, 40.513621 ], [ -74.468918, 40.513834 ], [ -74.468348, 40.514054 ] ] } },
{ "type": "Feature", "properties": { "id": "1132585328-2934", "name": "Sutphen Road", "class": "residential", "is_priority": false }, "geometry": { "type": "LineString", "coordinates": [ [ -74.468348, 40.514054 ], [ -74.468175, 40.514125 ], [ -74.467195, 40.514418 ], [ -74.466313, 40.514621 ] ] } },
{ "type": "Feature", "properties": { "id": "1136910843-2935", "name": "Hilton Street", "class": "residential", "is_priority": false }, "geometry": { "type": "LineString", "coordinates": [ [ -74.414633, 40.50136 ], [ -74.414717, 40.500666 ] ] } },
{ "type": "Feature", "properties": { "id": "1141883599-2936", "name": "", "class": "trunk", "is_priority": true }, "geometry": { "type": "LineString", "coordinates": [ [ -74.409124, 40.498629 ], [ -74.407191, 40.499663 ] ] } },
{ "type": "Feature", "properties": { "id": "1141883599-2937", "name": "", "class": "trunk", "is_priority": true }, "geometry": { "type": "LineString", "coordinates": [ [ -74.407191, 40.499663 ], [ -74.406892, 40.499823 ] ] } },
{ "type": "Feature", "properties": { "id": "1141883600-2938", "name": "", "class": "trunk", "is_priority": true }, "geometry": { "type": "LineString", "coordinates": [ [ -74.406892, 40.499823 ], [ -74.405615, 40.500497 ] ] } },
{ "type": "Feature", "properties": { "id": "1147821648-2939", "name": "", "class": "motorway_link", "is_priority": false }, "geometry": { "type": "LineString", "coordinates": [ [ -74.411573, 40.481841 ], [ -74.41128, 40.48189 ] ] } },
{ "type": "Feature", "properties": { "id": "1148204289-2940", "name": "", "class": "trunk", "is_priority": true }, "geometry": { "type": "LineString", "coordinates": [ [ -74.422584, 40.478896 ], [ -74.422997, 40.478561 ] ] } },
{ "type": "Feature", "properties": { "id": "1148220246-2941", "name": "Home Street", "class": "residential", "is_priority": false }, "geometry": { "type": "LineString", "coordinates": [ [ -74.463728, 40.494933 ], [ -74.464144, 40.495573 ] ] } },
{ "type": "Feature", "properties": { "id": "1148220247-2942", "name": "Hamilton Street", "class": "tertiary", "is_priority": false }, "geometry": { "type": "LineString", "coordinates": [ [ -74.462324, 40.495466 ], [ -74.461379, 40.495831 ], [ -74.460954, 40.495961 ], [ -74.460792, 40.495987 ], [ -74.460116, 40.496022 ] ] } },
{ "type": "Feature", "properties": { "id": "1148220247-2943", "name": "Hamilton Street", "class": "tertiary", "is_priority": false }, "geometry": { "type": "LineString", "coordinates": [ [ -74.460116, 40.496022 ], [ -74.458676, 40.496097 ] ] } },
{ "type": "Feature", "properties": { "id": "1148736106-2944", "name": "", "class": "motorway_link", "is_priority": false }, "geometry": { "type": "LineString", "coordinates": [ [ -74.45813, 40.513072 ], [ -74.457777, 40.513038 ], [ -74.457614, 40.512927 ], [ -74.457505, 40.512803 ], [ -74.457455, 40.512608 ] ] } },
{ "type": "Feature", "properties": { "id": "1148742152-2945", "name": "Cedar Lane", "class": "tertiary", "is_priority": false }, "geometry": { "type": "LineString", "coordinates": [ [ -74.440713, 40.50561 ], [ -74.440093, 40.5059 ] ] } },
{ "type": "Feature", "properties": { "id": "1164756007-2946", "name": "Livingston Avenue", "class": "secondary", "is_priority": false }, "geometry": { "type": "LineString", "coordinates": [ [ -74.475093, 40.465137 ], [ -74.476708, 40.463824 ] ] } },
{ "type": "Feature", "properties": { "id": "1164756007-2947", "name": "Livingston Avenue", "class": "secondary", "is_priority": false }, "geometry": { "type": "LineString", "coordinates": [ [ -74.476708, 40.463824 ], [ -74.478325, 40.462513 ] ] } },
{ "type": "Feature", "properties": { "id": "1164756007-2948", "name": "Livingston Avenue", "class": "secondary", "is_priority": false }, "geometry": { "type": "LineString", "coordinates": [ [ -74.478325, 40.462513 ], [ -74.478953, 40.462003 ] ] } },
{ "type": "Feature", "properties": { "id": "1164756008-2949", "name": "Livingston Avenue", "class": "secondary", "is_priority": false }, "geometry": { "type": "LineString", "coordinates": [ [ -74.474555, 40.465579 ], [ -74.475093, 40.465137 ] ] } },
{ "type": "Feature", "properties": { "id": "1164756009-2950", "name": "How Lane", "class": "secondary", "is_priority": false }, "geometry": { "type": "LineString", "coordinates": [ [ -74.474555, 40.465579 ], [ -74.475013, 40.465853 ] ] } },
{ "type": "Feature", "properties": { "id": "1164756010-2951", "name": "How Lane", "class": "secondary", "is_priority": false }, "geometry": { "type": "LineString", "coordinates": [ [ -74.477558, 40.467372 ], [ -74.478162, 40.467725 ] ] } },
{ "type": "Feature", "properties": { "id": "1164756011-2952", "name": "How Lane", "class": "secondary", "is_priority": false }, "geometry": { "type": "LineString", "coordinates": [ [ -74.478162, 40.467725 ], [ -74.478492, 40.467919 ] ] } },
{ "type": "Feature", "properties": { "id": "1164756012-2953", "name": "How Lane", "class": "secondary", "is_priority": false }, "geometry": { "type": "LineString", "coordinates": [ [ -74.478492, 40.467919 ], [ -74.478689, 40.468033 ] ] } },
{ "type": "Feature", "properties": { "id": "1164756013-2954", "name": "Jersey Avenue", "class": "secondary", "is_priority": false }, "geometry": { "type": "LineString", "coordinates": [ [ -74.479572, 40.467385 ], [ -74.479872, 40.466968 ] ] } },
{ "type": "Feature", "properties": { "id": "1164756014-2955", "name": "", "class": "secondary_link", "is_priority": false }, "geometry": { "type": "LineString", "coordinates": [ [ -74.479219, 40.467872 ], [ -74.478965, 40.468022 ], [ -74.478843, 40.468038 ], [ -74.478689, 40.468033 ] ] } },
{ "type": "Feature", "properties": { "id": "1164756015-2956", "name": "Jersey Avenue", "class": "secondary", "is_priority": false }, "geometry": { "type": "LineString", "coordinates": [ [ -74.479219, 40.467872 ], [ -74.479572, 40.467385 ] ] } },
{ "type": "Feature", "properties": { "id": "1164756016-2957", "name": "", "class": "tertiary_link", "is_priority": false }, "geometry": { "type": "LineString", "coordinates": [ [ -74.478689, 40.468033 ], [ -74.478774, 40.468265 ], [ -74.478761, 40.468511 ] ] } },
{ "type": "Feature", "properties": { "id": "1164756017-2958", "name": "", "class": "secondary_link", "is_priority": false }, "geometry": { "type": "LineString", "coordinates": [ [ -74.479284, 40.468386 ], [ -74.47918, 40.468138 ], [ -74.479219, 40.467872 ] ] } },
{ "type": "Feature", "properties": { "id": "1164756018-2959", "name": "", "class": "tertiary_link", "is_priority": false }, "geometry": { "type": "LineString", "coordinates": [ [ -74.478761, 40.468511 ], [ -74.479, 40.468393 ], [ -74.479109, 40.468379 ], [ -74.479284, 40.468386 ] ] } },
{ "type": "Feature", "properties": { "id": "1164756019-2960", "name": "How Lane", "class": "secondary", "is_priority": false }, "geometry": { "type": "LineString", "coordinates": [ [ -74.479284, 40.468386 ], [ -74.4797, 40.468635 ] ] } },
{ "type": "Feature", "properties": { "id": "1164756020-2961", "name": "Jersey Avenue", "class": "tertiary", "is_priority": false }, "geometry": { "type": "LineString", "coordinates": [ [ -74.478761, 40.468511 ], [ -74.478978, 40.468205 ] ] } },
{ "type": "Feature", "properties": { "id": "1164756021-2962", "name": "Jersey Avenue", "class": "tertiary", "is_priority": false }, "geometry": { "type": "LineString", "coordinates": [ [ -74.478693, 40.468606 ], [ -74.478761, 40.468511 ] ] } },
{ "type": "Feature", "properties": { "id": "1164770738-2963", "name": "College Farm Road West", "class": "unclassified", "is_priority": false }, "geometry": { "type": "LineString", "coordinates": [ [ -74.438235, 40.467817 ], [ -74.438265, 40.467809 ] ] } },
{ "type": "Feature", "properties": { "id": "1164770739-2964", "name": "College Farm Road West", "class": "unclassified", "is_priority": false }, "geometry": { "type": "LineString", "coordinates": [ [ -74.437475, 40.46803 ], [ -74.438235, 40.467817 ] ] } },
{ "type": "Feature", "properties": { "id": "1164770740-2965", "name": "Squibb Drive", "class": "unclassified", "is_priority": false }, "geometry": { "type": "LineString", "coordinates": [ [ -74.436045, 40.470314 ], [ -74.434933, 40.469307 ] ] } },
{ "type": "Feature", "properties": { "id": "1164770741-2966", "name": "College Farm Road West", "class": "unclassified", "is_priority": false }, "geometry": { "type": "LineString", "coordinates": [ [ -74.434338, 40.470102 ], [ -74.434618, 40.46972 ] ] } },
{ "type": "Feature", "properties": { "id": "1164770742-2967", "name": "College Farm Road West", "class": "unclassified", "is_priority": false }, "geometry": { "type": "LineString", "coordinates": [ [ -74.434618, 40.46972 ], [ -74.434776, 40.469504 ] ] } },
{ "type": "Feature", "properties": { "id": "1164770743-2968", "name": "", "class": "trunk_link", "is_priority": false }, "geometry": { "type": "LineString", "coordinates": [ [ -74.434205, 40.470265 ], [ -74.434338, 40.470102 ] ] } },
{ "type": "Feature", "properties": { "id": "1164770744-2969", "name": "", "class": "trunk_link", "is_priority": false }, "geometry": { "type": "LineString", "coordinates": [ [ -74.434205, 40.470265 ], [ -74.434324, 40.470232 ], [ -74.434429, 40.470243 ] ] } },
{ "type": "Feature", "properties": { "id": "1165000988-2970", "name": "", "class": "trunk_link", "is_priority": false }, "geometry": { "type": "LineString", "coordinates": [ [ -74.427417, 40.474541 ], [ -74.427571, 40.474755 ] ] } },
{ "type": "Feature", "properties": { "id": "1165000989-2971", "name": "Ryders Lane", "class": "secondary", "is_priority": false }, "geometry": { "type": "LineString", "coordinates": [ [ -74.427471, 40.474501 ], [ -74.427571, 40.474755 ] ] } },
{ "type": "Feature", "properties": { "id": "1165000990-2972", "name": "Ryders Lane", "class": "secondary", "is_priority": false }, "geometry": { "type": "LineString", "coordinates": [ [ -74.427715, 40.477835 ], [ -74.427739, 40.477988 ], [ -74.427844, 40.478238 ] ] } },
{ "type": "Feature", "properties": { "id": "1165000991-2973", "name": "", "class": "trunk", "is_priority": true }, "geometry": { "type": "LineString", "coordinates": [ [ -74.427445, 40.474762 ], [ -74.425832, 40.476078 ] ] } },
{ "type": "Feature", "properties": { "id": "1165000991-2974", "name": "", "class": "trunk", "is_priority": true }, "geometry": { "type": "LineString", "coordinates": [ [ -74.425832, 40.476078 ], [ -74.425606, 40.476262 ] ] } },
{ "type": "Feature", "properties": { "id": "1165000992-2975", "name": "", "class": "trunk", "is_priority": true }, "geometry": { "type": "LineString", "coordinates": [ [ -74.425606, 40.476262 ], [ -74.423991, 40.477576 ] ] } },
{ "type": "Feature", "properties": { "id": "1165000992-2976", "name": "", "class": "trunk", "is_priority": true }, "geometry": { "type": "LineString", "coordinates": [ [ -74.423991, 40.477576 ], [ -74.423934, 40.477623 ] ] } },
{ "type": "Feature", "properties": { "id": "1165000993-2977", "name": "", "class": "trunk_link", "is_priority": false }, "geometry": { "type": "LineString", "coordinates": [ [ -74.427814, 40.474935 ], [ -74.427662, 40.474688 ] ] } },
{ "type": "Feature", "properties": { "id": "1165000994-2978", "name": "Ryders Lane", "class": "secondary", "is_priority": false }, "geometry": { "type": "LineString", "coordinates": [ [ -74.427761, 40.474977 ], [ -74.427662, 40.474688 ] ] } },
{ "type": "Feature", "properties": { "id": "1165000995-2979", "name": "Ryders Lane", "class": "secondary", "is_priority": false }, "geometry": { "type": "LineString", "coordinates": [ [ -74.427794, 40.476971 ], [ -74.427825, 40.476637 ] ] } },
{ "type": "Feature", "properties": { "id": "1165000998-2980", "name": "", "class": "trunk", "is_priority": true }, "geometry": { "type": "LineString", "coordinates": [ [ -74.422997, 40.478561 ], [ -74.423455, 40.478188 ] ] } },
{ "type": "Feature", "properties": { "id": "1165362604-2981", "name": "French Street", "class": "secondary", "is_priority": false }, "geometry": { "type": "LineString", "coordinates": [ [ -74.45575, 40.491365 ], [ -74.455961, 40.491301 ] ] } },
{ "type": "Feature", "properties": { "id": "1165362605-2982", "name": "French Street", "class": "secondary", "is_priority": false }, "geometry": { "type": "LineString", "coordinates": [ [ -74.455961, 40.491301 ], [ -74.45816, 40.490647 ] ] } },
{ "type": "Feature", "properties": { "id": "1165362605-2983", "name": "French Street", "class": "secondary", "is_priority": false }, "geometry": { "type": "LineString", "coordinates": [ [ -74.45816, 40.490647 ], [ -74.458965, 40.490401 ], [ -74.459373, 40.490041 ], [ -74.459538, 40.48993 ] ] } },
{ "type": "Feature", "properties": { "id": "1165551723-2984", "name": "State Route 18", "class": "trunk", "is_priority": true }, "geometry": { "type": "LineString", "coordinates": [ [ -74.416065, 40.482571 ], [ -74.415753, 40.482541 ] ] } },
{ "type": "Feature", "properties": { "id": "1165551724-2985", "name": "", "class": "trunk_link", "is_priority": false }, "geometry": { "type": "LineString", "coordinates": [ [ -74.416076, 40.48251 ], [ -74.415753, 40.482541 ] ] } },
{ "type": "Feature", "properties": { "id": "1165551725-2986", "name": "State Route 18", "class": "trunk", "is_priority": true }, "geometry": { "type": "LineString", "coordinates": [ [ -74.415753, 40.482541 ], [ -74.41503, 40.482465 ] ] } },
{ "type": "Feature", "properties": { "id": "1165551726-2987", "name": "State Route 18", "class": "trunk", "is_priority": true }, "geometry": { "type": "LineString", "coordinates": [ [ -74.422037, 40.485251 ], [ -74.422742, 40.485369 ] ] } },
{ "type": "Feature", "properties": { "id": "1165551727-2988", "name": "State Route 18", "class": "trunk", "is_priority": true }, "geometry": { "type": "LineString", "coordinates": [ [ -74.415673, 40.483159 ], [ -74.416374, 40.482974 ], [ -74.416639, 40.482927 ], [ -74.416843, 40.482909 ] ] } },
{ "type": "Feature", "properties": { "id": "1165551728-2989", "name": "", "class": "residential", "is_priority": false }, "geometry": { "type": "LineString", "coordinates": [ [ -74.414462, 40.484605 ], [ -74.414563, 40.484661 ] ] } },
{ "type": "Feature", "properties": { "id": "1165551729-2990", "name": "Burnet Street", "class": "tertiary", "is_priority": false }, "geometry": { "type": "LineString", "coordinates": [ [ -74.4113, 40.48196 ], [ -74.411374, 40.482242 ] ] } },
{ "type": "Feature", "properties": { "id": "1165551730-2991", "name": "Tower Center Boulevard", "class": "tertiary", "is_priority": false }, "geometry": { "type": "LineString", "coordinates": [ [ -74.4113, 40.48196 ], [ -74.411121, 40.481282 ] ] } },
{ "type": "Feature", "properties": { "id": "1165551731-2992", "name": "Burnet Street", "class": "tertiary", "is_priority": false }, "geometry": { "type": "LineString", "coordinates": [ [ -74.411374, 40.482242 ], [ -74.41146, 40.482483 ] ] } },
{ "type": "Feature", "properties": { "id": "1166030684-2993", "name": "State Route 18", "class": "trunk", "is_priority": true }, "geometry": { "type": "LineString", "coordinates": [ [ -74.410496, 40.478548 ], [ -74.410923, 40.479671 ] ] } },
{ "type": "Feature", "properties": { "id": "1166030686-2994", "name": "Tower Center Boulevard", "class": "tertiary", "is_priority": false }, "geometry": { "type": "LineString", "coordinates": [ [ -74.411121, 40.481282 ], [ -74.410899, 40.480489 ], [ -74.410797, 40.480226 ] ] } },
{ "type": "Feature", "properties": { "id": "1166030687-2995", "name": "Tower Center Boulevard", "class": "unclassified", "is_priority": false }, "geometry": { "type": "LineString", "coordinates": [ [ -74.409844, 40.478882 ], [ -74.409418, 40.478722 ], [ -74.409056, 40.47865 ] ] } },
{ "type": "Feature", "properties": { "id": "1166030688-2996", "name": "Naricon Place", "class": "tertiary", "is_priority": false }, "geometry": { "type": "LineString", "coordinates": [ [ -74.40997, 40.478939 ], [ -74.410087, 40.478828 ] ] } },
{ "type": "Feature", "properties": { "id": "1166280019-2997", "name": "State Route 18", "class": "trunk", "is_priority": true }, "geometry": { "type": "LineString", "coordinates": [ [ -74.426237, 40.485757 ], [ -74.42596, 40.485709 ] ] } },
{ "type": "Feature", "properties": { "id": "1166280020-2998", "name": "State Route 18", "class": "trunk", "is_priority": true }, "geometry": { "type": "LineString", "coordinates": [ [ -74.425071, 40.485691 ], [ -74.425913, 40.485823 ], [ -74.426995, 40.486023 ] ] } },
{ "type": "Feature", "properties": { "id": "1166280021-2999", "name": "", "class": "motorway_link", "is_priority": false }, "geometry": { "type": "LineString", "coordinates": [ [ -74.433373, 40.487379 ], [ -74.433755, 40.487517 ], [ -74.434139, 40.487725 ] ] } },
{ "type": "Feature", "properties": { "id": "1167453901-3000", "name": "Paul Robeson Boulevard", "class": "tertiary", "is_priority": false }, "geometry": { "type": "LineString", "coordinates": [ [ -74.438698, 40.488412 ], [ -74.438902, 40.488207 ] ] } },
{ "type": "Feature", "properties": { "id": "1167460625-3001", "name": "New Street", "class": "secondary", "is_priority": false }, "geometry": { "type": "LineString", "coordinates": [ [ -74.442668, 40.492365 ], [ -74.443286, 40.492312 ] ] } },
{ "type": "Feature", "properties": { "id": "1167460626-3002", "name": "", "class": "secondary_link", "is_priority": false }, "geometry": { "type": "LineString", "coordinates": [ [ -74.439847, 40.497215 ], [ -74.439898, 40.497553 ] ] } },
{ "type": "Feature", "properties": { "id": "1167460627-3003", "name": "", "class": "motorway_link", "is_priority": false }, "geometry": { "type": "LineString", "coordinates": [ [ -74.439847, 40.497215 ], [ -74.439942, 40.497549 ] ] } },
{ "type": "Feature", "properties": { "id": "1167460628-3004", "name": "Memorial Parkway", "class": "motorway", "is_priority": true }, "geometry": { "type": "LineString", "coordinates": [ [ -74.442882, 40.500965 ], [ -74.442381, 40.50062 ], [ -74.441844, 40.500216 ], [ -74.441598, 40.500023 ], [ -74.441221, 40.499688 ] ] } },
{ "type": "Feature", "properties": { "id": "1167460628-3005", "name": "Memorial Parkway", "class": "motorway", "is_priority": true }, "geometry": { "type": "LineString", "coordinates": [ [ -74.441221, 40.499688 ], [ -74.440944, 40.499384 ], [ -74.440672, 40.498978 ], [ -74.440489, 40.498567 ], [ -74.440327, 40.498041 ] ] } },
{ "type": "Feature", "properties": { "id": "1167460628-3006", "name": "Memorial Parkway", "class": "motorway", "is_priority": true }, "geometry": { "type": "LineString", "coordinates": [ [ -74.440327, 40.498041 ], [ -74.440252, 40.497755 ] ] } },
{ "type": "Feature", "properties": { "id": "1167464870-3007", "name": "Livingston Avenue", "class": "secondary", "is_priority": false }, "geometry": { "type": "LineString", "coordinates": [ [ -74.474032, 40.466012 ], [ -74.474555, 40.465579 ] ] } },
{ "type": "Feature", "properties": { "id": "1167464871-3008", "name": "Livingston Avenue", "class": "secondary", "is_priority": false }, "geometry": { "type": "LineString", "coordinates": [ [ -74.473754, 40.466234 ], [ -74.474032, 40.466012 ] ] } },
{ "type": "Feature", "properties": { "id": "1167464872-3009", "name": "Livingston Avenue", "class": "secondary", "is_priority": false }, "geometry": { "type": "LineString", "coordinates": [ [ -74.47343, 40.46649 ], [ -74.473754, 40.466234 ] ] } },
{ "type": "Feature", "properties": { "id": "1167464876-3010", "name": "Hermann Road", "class": "tertiary", "is_priority": false }, "geometry": { "type": "LineString", "coordinates": [ [ -74.468509, 40.470094 ], [ -74.468806, 40.470179 ], [ -74.469036, 40.470199 ] ] } },
{ "type": "Feature", "properties": { "id": "1168109277-3011", "name": "Albany Street Bridge", "class": "secondary", "is_priority": false }, "geometry": { "type": "LineString", "coordinates": [ [ -74.437867, 40.497521 ], [ -74.438899, 40.497381 ] ] } },
{ "type": "Feature", "properties": { "id": "1168109278-3012", "name": "Albany Street Bridge", "class": "secondary", "is_priority": false }, "geometry": { "type": "LineString", "coordinates": [ [ -74.436729, 40.497682 ], [ -74.437009, 40.49764 ] ] } },
{ "type": "Feature", "properties": { "id": "1168181078-3013", "name": "Livingston Avenue", "class": "secondary", "is_priority": false }, "geometry": { "type": "LineString", "coordinates": [ [ -74.468701, 40.470471 ], [ -74.469036, 40.470199 ] ] } },
{ "type": "Feature", "properties": { "id": "1169008991-3014", "name": "Albany Street", "class": "secondary", "is_priority": false }, "geometry": { "type": "LineString", "coordinates": [ [ -74.444914, 40.496677 ], [ -74.445472, 40.496602 ] ] } },
{ "type": "Feature", "properties": { "id": "1188589461-3015", "name": "", "class": "tertiary", "is_priority": false }, "geometry": { "type": "LineString", "coordinates": [ [ -74.461556, 40.51781 ], [ -74.461517, 40.51771 ], [ -74.461414, 40.517641 ] ] } },
{ "type": "Feature", "properties": { "id": "1192944143-3016", "name": "Easton Avenue", "class": "tertiary", "is_priority": false }, "geometry": { "type": "LineString", "coordinates": [ [ -74.458849, 40.501737 ], [ -74.459297, 40.50191 ] ] } },
{ "type": "Feature", "properties": { "id": "1192955820-3017", "name": "George Street", "class": "tertiary", "is_priority": false }, "geometry": { "type": "LineString", "coordinates": [ [ -74.444307, 40.496759 ], [ -74.444471, 40.497361 ] ] } },
{ "type": "Feature", "properties": { "id": "1192955822-3018", "name": "Tower Center Boulevard", "class": "tertiary", "is_priority": false }, "geometry": { "type": "LineString", "coordinates": [ [ -74.40997, 40.478939 ], [ -74.409844, 40.478882 ] ] } },
{ "type": "Feature", "properties": { "id": "1203018403-3019", "name": "Nichol Avenue", "class": "residential", "is_priority": false }, "geometry": { "type": "LineString", "coordinates": [ [ -74.438374, 40.48394 ], [ -74.439091, 40.483259 ] ] } },
{ "type": "Feature", "properties": { "id": "1203018404-3020", "name": "George Street", "class": "tertiary", "is_priority": false }, "geometry": { "type": "LineString", "coordinates": [ [ -74.436921, 40.485321 ], [ -74.437756, 40.485744 ], [ -74.438906, 40.486295 ] ] } },
{ "type": "Feature", "properties": { "id": "1203018404-3021", "name": "George Street", "class": "tertiary", "is_priority": false }, "geometry": { "type": "LineString", "coordinates": [ [ -74.438906, 40.486295 ], [ -74.439389, 40.486537 ], [ -74.439487, 40.486635 ], [ -74.439805, 40.487028 ] ] } },
{ "type": "Feature", "properties": { "id": "1204129686-3022", "name": "Redcliffe Avenue", "class": "residential", "is_priority": false }, "geometry": { "type": "LineString", "coordinates": [ [ -74.434751, 40.493307 ], [ -74.434937, 40.493346 ] ] } },
{ "type": "Feature", "properties": { "id": "1207392636-3023", "name": "Handy Street", "class": "residential", "is_priority": false }, "geometry": { "type": "LineString", "coordinates": [ [ -74.449319, 40.488292 ], [ -74.451164, 40.489415 ] ] } },
{ "type": "Feature", "properties": { "id": "1207392636-3024", "name": "Handy Street", "class": "residential", "is_priority": false }, "geometry": { "type": "LineString", "coordinates": [ [ -74.451164, 40.489415 ], [ -74.451175, 40.489421 ] ] } },
{ "type": "Feature", "properties": { "id": "1210568504-3025", "name": "Donald Goodkind Bridge", "class": "trunk", "is_priority": true }, "geometry": { "type": "LineString", "coordinates": [ [ -74.412765, 40.494932 ], [ -74.412865, 40.494548 ], [ -74.413097, 40.493328 ] ] } },
{ "type": "Feature", "properties": { "id": "1210568505-3026", "name": "Morris Goodkind Bridge", "class": "trunk", "is_priority": true }, "geometry": { "type": "LineString", "coordinates": [ [ -74.412685, 40.493361 ], [ -74.412372, 40.494875 ] ] } },
{ "type": "Feature", "properties": { "id": "1213095282-3027", "name": "Suydam Street", "class": "residential", "is_priority": false }, "geometry": { "type": "LineString", "coordinates": [ [ -74.451616, 40.491562 ], [ -74.451845, 40.491704 ] ] } },
{ "type": "Feature", "properties": { "id": "1213095403-3028", "name": "Townsend Street", "class": "residential", "is_priority": false }, "geometry": { "type": "LineString", "coordinates": [ [ -74.451234, 40.492286 ], [ -74.452374, 40.492978 ] ] } },
{ "type": "Feature", "properties": { "id": "1213095404-3029", "name": "Railroad Avenue", "class": "residential", "is_priority": false }, "geometry": { "type": "LineString", "coordinates": [ [ -74.451616, 40.491562 ], [ -74.451003, 40.492149 ] ] } },
{ "type": "Feature", "properties": { "id": "1213095405-3030", "name": "Townsend Street", "class": "residential", "is_priority": false }, "geometry": { "type": "LineString", "coordinates": [ [ -74.451003, 40.492149 ], [ -74.451234, 40.492286 ] ] } },
{ "type": "Feature", "properties": { "id": "1213095545-3031", "name": "Bayard Street", "class": "residential", "is_priority": false }, "geometry": { "type": "LineString", "coordinates": [ [ -74.449525, 40.493587 ], [ -74.449896, 40.493531 ] ] } },
{ "type": "Feature", "properties": { "id": "1213095546-3032", "name": "Bayard Street", "class": "residential", "is_priority": false }, "geometry": { "type": "LineString", "coordinates": [ [ -74.449498, 40.493591 ], [ -74.449525, 40.493587 ] ] } },
{ "type": "Feature", "properties": { "id": "1213095700-3033", "name": "Paterson Street", "class": "residential", "is_priority": false }, "geometry": { "type": "LineString", "coordinates": [ [ -74.448571, 40.494492 ], [ -74.447503, 40.494654 ] ] } },
{ "type": "Feature", "properties": { "id": "1213095701-3034", "name": "Paterson Street", "class": "residential", "is_priority": false }, "geometry": { "type": "LineString", "coordinates": [ [ -74.448899, 40.494442 ], [ -74.448571, 40.494492 ] ] } },
{ "type": "Feature", "properties": { "id": "1219464097-3035", "name": "George Street", "class": "tertiary", "is_priority": false }, "geometry": { "type": "LineString", "coordinates": [ [ -74.447758, 40.503302 ], [ -74.447811, 40.503329 ] ] } },
{ "type": "Feature", "properties": { "id": "1219769889-3036", "name": "Handy Street", "class": "residential", "is_priority": false }, "geometry": { "type": "LineString", "coordinates": [ [ -74.45304, 40.490567 ], [ -74.454565, 40.491494 ] ] } },
{ "type": "Feature", "properties": { "id": "1219769890-3037", "name": "Railroad Avenue", "class": "residential", "is_priority": false }, "geometry": { "type": "LineString", "coordinates": [ [ -74.452821, 40.49043 ], [ -74.45223, 40.490984 ] ] } },
{ "type": "Feature", "properties": { "id": "1219769891-3038", "name": "Handy Street", "class": "residential", "is_priority": false }, "geometry": { "type": "LineString", "coordinates": [ [ -74.452821, 40.49043 ], [ -74.45304, 40.490567 ] ] } },
{ "type": "Feature", "properties": { "id": "1223516851-3039", "name": "Livingston Avenue", "class": "secondary", "is_priority": false }, "geometry": { "type": "LineString", "coordinates": [ [ -74.460359, 40.477709 ], [ -74.460837, 40.47724 ] ] } },
{ "type": "Feature", "properties": { "id": "1223516852-3040", "name": "Joyce Kilmer Avenue", "class": "residential", "is_priority": false }, "geometry": { "type": "LineString", "coordinates": [ [ -74.469354, 40.472117 ], [ -74.470477, 40.470984 ], [ -74.470794, 40.47069 ] ] } },
{ "type": "Feature", "properties": { "id": "1223516852-3041", "name": "Joyce Kilmer Avenue", "class": "residential", "is_priority": false }, "geometry": { "type": "LineString", "coordinates": [ [ -74.470794, 40.47069 ], [ -74.472294, 40.469301 ] ] } },
{ "type": "Feature", "properties": { "id": "1223516852-3042", "name": "Joyce Kilmer Avenue", "class": "residential", "is_priority": false }, "geometry": { "type": "LineString", "coordinates": [ [ -74.472294, 40.469301 ], [ -74.472373, 40.469142 ], [ -74.472407, 40.469019 ], [ -74.472371, 40.468851 ], [ -74.472273, 40.468719 ], [ -74.471983, 40.468546 ], [ -74.471708, 40.468327 ], [ -74.471474, 40.468167 ] ] } },
{ "type": "Feature", "properties": { "id": "1223516853-3043", "name": "12th Street", "class": "residential", "is_priority": false }, "geometry": { "type": "LineString", "coordinates": [ [ -74.469354, 40.472117 ], [ -74.470329, 40.472682 ] ] } },
{ "type": "Feature", "properties": { "id": "1223516854-3044", "name": "Livingston Avenue", "class": "secondary", "is_priority": false }, "geometry": { "type": "LineString", "coordinates": [ [ -74.467821, 40.471185 ], [ -74.468701, 40.470471 ] ] } },
{ "type": "Feature", "properties": { "id": "1223516855-3045", "name": "Stevens Street", "class": "residential", "is_priority": false }, "geometry": { "type": "LineString", "coordinates": [ [ -74.460551, 40.47495 ], [ -74.462206, 40.475925 ] ] } },
{ "type": "Feature", "properties": { "id": "1223516858-3046", "name": "Georges Road", "class": "tertiary", "is_priority": false }, "geometry": { "type": "LineString", "coordinates": [ [ -74.447036, 40.478176 ], [ -74.447332, 40.477878 ], [ -74.447392, 40.477776 ], [ -74.447732, 40.476519 ] ] } },
{ "type": "Feature", "properties": { "id": "1223516859-3047", "name": "Georges Road", "class": "tertiary", "is_priority": false }, "geometry": { "type": "LineString", "coordinates": [ [ -74.446752, 40.478447 ], [ -74.446874, 40.478372 ], [ -74.446949, 40.478299 ], [ -74.447036, 40.478176 ] ] } },
{ "type": "Feature", "properties": { "id": "1223516860-3048", "name": "Georges Road", "class": "tertiary", "is_priority": false }, "geometry": { "type": "LineString", "coordinates": [ [ -74.447036, 40.478176 ], [ -74.446899, 40.478265 ], [ -74.446816, 40.478343 ], [ -74.446752, 40.478447 ] ] } },
{ "type": "Feature", "properties": { "id": "1224708406-3049", "name": "Jersey Avenue", "class": "tertiary", "is_priority": false }, "geometry": { "type": "LineString", "coordinates": [ [ -74.455737, 40.490375 ], [ -74.456337, 40.48983 ] ] } },
{ "type": "Feature", "properties": { "id": "1240565132-3050", "name": "Magnolia Street", "class": "residential", "is_priority": false }, "geometry": { "type": "LineString", "coordinates": [ [ -74.427429, 40.497741 ], [ -74.426821, 40.497881 ] ] } },
{ "type": "Feature", "properties": { "id": "1240565133-3051", "name": "Magnolia Street", "class": "residential", "is_priority": false }, "geometry": { "type": "LineString", "coordinates": [ [ -74.432108, 40.496673 ], [ -74.429848, 40.497193 ] ] } },
{ "type": "Feature", "properties": { "id": "1240565133-3052", "name": "Magnolia Street", "class": "residential", "is_priority": false }, "geometry": { "type": "LineString", "coordinates": [ [ -74.429848, 40.497193 ], [ -74.427586, 40.497706 ] ] } },
{ "type": "Feature", "properties": { "id": "1240565133-3053", "name": "Magnolia Street", "class": "residential", "is_priority": false }, "geometry": { "type": "LineString", "coordinates": [ [ -74.427586, 40.497706 ], [ -74.427429, 40.497741 ] ] } },
{ "type": "Feature", "properties": { "id": "1240565134-3054", "name": "Magnolia Street", "class": "residential", "is_priority": false }, "geometry": { "type": "LineString", "coordinates": [ [ -74.420704, 40.499997 ], [ -74.42055, 40.500053 ], [ -74.420472, 40.50006 ], [ -74.419642, 40.499916 ] ] } },
{ "type": "Feature", "properties": { "id": "1243964308-3055", "name": "", "class": "motorway_link", "is_priority": false }, "geometry": { "type": "LineString", "coordinates": [ [ -74.441366, 40.498299 ], [ -74.441248, 40.498297 ] ] } },
{ "type": "Feature", "properties": { "id": "1243964309-3056", "name": "Johnson Drive", "class": "tertiary", "is_priority": false }, "geometry": { "type": "LineString", "coordinates": [ [ -74.441163, 40.49796 ], [ -74.441227, 40.498134 ], [ -74.441248, 40.498297 ] ] } },
{ "type": "Feature", "properties": { "id": "1270733961-3057", "name": "Easton Avenue", "class": "tertiary", "is_priority": false }, "geometry": { "type": "LineString", "coordinates": [ [ -74.466012, 40.504531 ], [ -74.466946, 40.504891 ] ] } },
{ "type": "Feature", "properties": { "id": "1270733962-3058", "name": "Easton Avenue", "class": "tertiary", "is_priority": false }, "geometry": { "type": "LineString", "coordinates": [ [ -74.459976, 40.502177 ], [ -74.462076, 40.502999 ] ] } },
{ "type": "Feature", "properties": { "id": "1270733962-3059", "name": "Easton Avenue", "class": "tertiary", "is_priority": false }, "geometry": { "type": "LineString", "coordinates": [ [ -74.462076, 40.502999 ], [ -74.462464, 40.503151 ] ] } },
{ "type": "Feature", "properties": { "id": "1279945834-3060", "name": "Raritan Avenue", "class": "secondary", "is_priority": false }, "geometry": { "type": "LineString", "coordinates": [ [ -74.432699, 40.498178 ], [ -74.430366, 40.498451 ] ] } },
{ "type": "Feature", "properties": { "id": "1279945834-3061", "name": "Raritan Avenue", "class": "secondary", "is_priority": false }, "geometry": { "type": "LineString", "coordinates": [ [ -74.430366, 40.498451 ], [ -74.430259, 40.498466 ] ] } },
{ "type": "Feature", "properties": { "id": "1284452159-3062", "name": "Campus Road", "class": "tertiary", "is_priority": false }, "geometry": { "type": "LineString", "coordinates": [ [ -74.456408, 40.517659 ], [ -74.45669, 40.517632 ], [ -74.456874, 40.517595 ], [ -74.457106, 40.517525 ], [ -74.457307, 40.517441 ] ] } },
{ "type": "Feature", "properties": { "id": "1286669072-3063", "name": "George Street", "class": "tertiary", "is_priority": false }, "geometry": { "type": "LineString", "coordinates": [ [ -74.445172, 40.499783 ], [ -74.445425, 40.500278 ] ] } },
{ "type": "Feature", "properties": { "id": "1286669073-3064", "name": "Johnson Drive", "class": "tertiary", "is_priority": false }, "geometry": { "type": "LineString", "coordinates": [ [ -74.445172, 40.499783 ], [ -74.4447, 40.499923 ] ] } },
{ "type": "Feature", "properties": { "id": "1286669074-3065", "name": "Neilson Street", "class": "residential", "is_priority": false }, "geometry": { "type": "LineString", "coordinates": [ [ -74.442081, 40.495448 ], [ -74.441989, 40.495171 ] ] } },
{ "type": "Feature", "properties": { "id": "1286669075-3066", "name": "Neilson Street", "class": "residential", "is_priority": false }, "geometry": { "type": "LineString", "coordinates": [ [ -74.442407, 40.496908 ], [ -74.442264, 40.496208 ] ] } },
{ "type": "Feature", "properties": { "id": "1286669077-3067", "name": "Bayard Street", "class": "residential", "is_priority": false }, "geometry": { "type": "LineString", "coordinates": [ [ -74.446542, 40.494006 ], [ -74.448863, 40.493681 ] ] } },
{ "type": "Feature", "properties": { "id": "1286669077-3068", "name": "Bayard Street", "class": "residential", "is_priority": false }, "geometry": { "type": "LineString", "coordinates": [ [ -74.448863, 40.493681 ], [ -74.449498, 40.493591 ] ] } },
{ "type": "Feature", "properties": { "id": "1286669078-3069", "name": "Bayard Street", "class": "residential", "is_priority": false }, "geometry": { "type": "LineString", "coordinates": [ [ -74.443747, 40.49441 ], [ -74.445032, 40.494223 ] ] } },
{ "type": "Feature", "properties": { "id": "1286669079-3070", "name": "Neilson Street", "class": "residential", "is_priority": false }, "geometry": { "type": "LineString", "coordinates": [ [ -74.441989, 40.495171 ], [ -74.441887, 40.494834 ], [ -74.441863, 40.49469 ] ] } },
{ "type": "Feature", "properties": { "id": "1286669080-3071", "name": "Neilson Street", "class": "residential", "is_priority": false }, "geometry": { "type": "LineString", "coordinates": [ [ -74.441863, 40.49469 ], [ -74.441844, 40.494427 ], [ -74.441727, 40.493988 ], [ -74.441588, 40.493751 ], [ -74.44156, 40.493667 ], [ -74.441404, 40.492934 ] ] } },
{ "type": "Feature", "properties": { "id": "1286669080-3072", "name": "Neilson Street", "class": "residential", "is_priority": false }, "geometry": { "type": "LineString", "coordinates": [ [ -74.441404, 40.492934 ], [ -74.44135, 40.492683 ], [ -74.441359, 40.492543 ] ] } },
{ "type": "Feature", "properties": { "id": "1292846314-3073", "name": "Ryders Lane", "class": "secondary", "is_priority": false }, "geometry": { "type": "LineString", "coordinates": [ [ -74.426948, 40.470834 ], [ -74.427036, 40.4724 ] ] } },
{ "type": "Feature", "properties": { "id": "1292846315-3074", "name": "Log Cabin Road", "class": "unclassified", "is_priority": false }, "geometry": { "type": "LineString", "coordinates": [ [ -74.426948, 40.470834 ], [ -74.426639, 40.470841 ] ] } },
{ "type": "Feature", "properties": { "id": "1297792879-3075", "name": "New Jersey Turnpike", "class": "motorway", "is_priority": true }, "geometry": { "type": "LineString", "coordinates": [ [ -74.391958, 40.492013 ], [ -74.390424, 40.493382 ] ] } },
{ "type": "Feature", "properties": { "id": "1297792879-3076", "name": "New Jersey Turnpike", "class": "motorway", "is_priority": true }, "geometry": { "type": "LineString", "coordinates": [ [ -74.390424, 40.493382 ], [ -74.388889, 40.494751 ] ] } },
{ "type": "Feature", "properties": { "id": "1297792879-3077", "name": "New Jersey Turnpike", "class": "motorway", "is_priority": true }, "geometry": { "type": "LineString", "coordinates": [ [ -74.388889, 40.494751 ], [ -74.387583, 40.495916 ] ] } },
{ "type": "Feature", "properties": { "id": "1297792882-3078", "name": "New Jersey Turnpike", "class": "motorway", "is_priority": true }, "geometry": { "type": "LineString", "coordinates": [ [ -74.387737, 40.496041 ], [ -74.389271, 40.494672 ] ] } },
{ "type": "Feature", "properties": { "id": "1297792882-3079", "name": "New Jersey Turnpike", "class": "motorway", "is_priority": true }, "geometry": { "type": "LineString", "coordinates": [ [ -74.389271, 40.494672 ], [ -74.390806, 40.493303 ] ] } },
{ "type": "Feature", "properties": { "id": "1297792882-3080", "name": "New Jersey Turnpike", "class": "motorway", "is_priority": true }, "geometry": { "type": "LineString", "coordinates": [ [ -74.390806, 40.493303 ], [ -74.392233, 40.49203 ] ] } },
{ "type": "Feature", "properties": { "id": "1297792884-3081", "name": "New Jersey Turnpike", "class": "motorway", "is_priority": true }, "geometry": { "type": "LineString", "coordinates": [ [ -74.387896, 40.496159 ], [ -74.389431, 40.494791 ] ] } },
{ "type": "Feature", "properties": { "id": "1297792884-3082", "name": "New Jersey Turnpike", "class": "motorway", "is_priority": true }, "geometry": { "type": "LineString", "coordinates": [ [ -74.389431, 40.494791 ], [ -74.390966, 40.493422 ] ] } },
{ "type": "Feature", "properties": { "id": "1297792884-3083", "name": "New Jersey Turnpike", "class": "motorway", "is_priority": true }, "geometry": { "type": "LineString", "coordinates": [ [ -74.390966, 40.493422 ], [ -74.3925, 40.492053 ] ] } },
{ "type": "Feature", "properties": { "id": "1297792884-3084", "name": "New Jersey Turnpike", "class": "motorway", "is_priority": true }, "geometry": { "type": "LineString", "coordinates": [ [ -74.3925, 40.492053 ], [ -74.392512, 40.492042 ] ] } },
{ "type": "Feature", "properties": { "id": "1297792886-3085", "name": "", "class": "motorway_link", "is_priority": false }, "geometry": { "type": "LineString", "coordinates": [ [ -74.402141, 40.483339 ], [ -74.403101, 40.482373 ], [ -74.403522, 40.481879 ] ] } },
{ "type": "Feature", "properties": { "id": "1297792886-3086", "name": "", "class": "motorway_link", "is_priority": false }, "geometry": { "type": "LineString", "coordinates": [ [ -74.403522, 40.481879 ], [ -74.404032, 40.481216 ] ] } },
{ "type": "Feature", "properties": { "id": "1297792887-3087", "name": "New Jersey Turnpike", "class": "motorway", "is_priority": true }, "geometry": { "type": "LineString", "coordinates": [ [ -74.402362, 40.482703 ], [ -74.402875, 40.482024 ] ] } },
{ "type": "Feature", "properties": { "id": "1297792888-3088", "name": "New Jersey Turnpike", "class": "motorway", "is_priority": true }, "geometry": { "type": "LineString", "coordinates": [ [ -74.402875, 40.482024 ], [ -74.403959, 40.480512 ] ] } },
{ "type": "Feature", "properties": { "id": "1297792891-3089", "name": "New Jersey Turnpike", "class": "motorway", "is_priority": true }, "geometry": { "type": "LineString", "coordinates": [ [ -74.40842, 40.473818 ], [ -74.409509, 40.472361 ] ] } },
{ "type": "Feature", "properties": { "id": "1297792892-3090", "name": "New Jersey Turnpike", "class": "motorway", "is_priority": true }, "geometry": { "type": "LineString", "coordinates": [ [ -74.409509, 40.472361 ], [ -74.410532, 40.470738 ] ] } },
{ "type": "Feature", "properties": { "id": "1297792892-3091", "name": "New Jersey Turnpike", "class": "motorway", "is_priority": true }, "geometry": { "type": "LineString", "coordinates": [ [ -74.410532, 40.470738 ], [ -74.410906, 40.470134 ] ] } },
{ "type": "Feature", "properties": { "id": "1304005299-3092", "name": "Raye Avenue", "class": "residential", "is_priority": false }, "geometry": { "type": "LineString", "coordinates": [ [ -74.425148, 40.480217 ], [ -74.423614, 40.480967 ] ] } },
{ "type": "Feature", "properties": { "id": "1304005300-3093", "name": "Sadie Circle", "class": "residential", "is_priority": false }, "geometry": { "type": "LineString", "coordinates": [ [ -74.425271, 40.480637 ], [ -74.425188, 40.480656 ], [ -74.423255, 40.481569 ] ] } },
{ "type": "Feature", "properties": { "id": "1304005300-3094", "name": "Sadie Circle", "class": "residential", "is_priority": false }, "geometry": { "type": "LineString", "coordinates": [ [ -74.423255, 40.481569 ], [ -74.422711, 40.481823 ] ] } },
{ "type": "Feature", "properties": { "id": "1304005301-3095", "name": "Jessie Place", "class": "residential", "is_priority": false }, "geometry": { "type": "LineString", "coordinates": [ [ -74.423404, 40.4815 ], [ -74.424115, 40.482326 ] ] } },
{ "type": "Feature", "properties": { "id": "1304005302-3096", "name": "Sadie Circle", "class": "residential", "is_priority": false }, "geometry": { "type": "LineString", "coordinates": [ [ -74.425754, 40.481219 ], [ -74.425333, 40.480662 ], [ -74.425271, 40.480637 ] ] } },
{ "type": "Feature", "properties": { "id": "1304005303-3097", "name": "Payton Place", "class": "residential", "is_priority": false }, "geometry": { "type": "LineString", "coordinates": [ [ -74.425259, 40.481778 ], [ -74.424574, 40.480946 ] ] } },
{ "type": "Feature", "properties": { "id": "1304005304-3098", "name": "Lyla Lane", "class": "residential", "is_priority": false }, "geometry": { "type": "LineString", "coordinates": [ [ -74.425046, 40.481519 ], [ -74.42389, 40.482065 ] ] } },
{ "type": "Feature", "properties": { "id": "1304005305-3099", "name": "", "class": "residential", "is_priority": false }, "geometry": { "type": "LineString", "coordinates": [ [ -74.423746, 40.4809 ], [ -74.423986, 40.481225 ] ] } },
{ "type": "Feature", "properties": { "id": "1313022907-3100", "name": "Sadie Circle", "class": "residential", "is_priority": false }, "geometry": { "type": "LineString", "coordinates": [ [ -74.422509, 40.481606 ], [ -74.422711, 40.481823 ] ] } },
{ "type": "Feature", "properties": { "id": "1313750599-3101", "name": "Bishop Street", "class": "residential", "is_priority": false }, "geometry": { "type": "LineString", "coordinates": [ [ -74.439091, 40.486388 ], [ -74.43903, 40.486461 ] ] } },
{ "type": "Feature", "properties": { "id": "1313750600-3102", "name": "Bishop Street", "class": "residential", "is_priority": false }, "geometry": { "type": "LineString", "coordinates": [ [ -74.43903, 40.486461 ], [ -74.439018, 40.486475 ] ] } },
{ "type": "Feature", "properties": { "id": "1313750601-3103", "name": "Bishop Street", "class": "residential", "is_priority": false }, "geometry": { "type": "LineString", "coordinates": [ [ -74.43807, 40.487638 ], [ -74.438016, 40.487704 ] ] } },
{ "type": "Feature", "properties": { "id": "1316486015-3104", "name": "Hamilton Street", "class": "tertiary", "is_priority": false }, "geometry": { "type": "LineString", "coordinates": [ [ -74.449365, 40.498514 ], [ -74.450044, 40.498294 ] ] } },
{ "type": "Feature", "properties": { "id": "1316486016-3105", "name": "Hamilton Street", "class": "tertiary", "is_priority": false }, "geometry": { "type": "LineString", "coordinates": [ [ -74.447657, 40.499026 ], [ -74.448399, 40.498806 ] ] } },
{ "type": "Feature", "properties": { "id": "1316486017-3106", "name": "College Avenue", "class": "residential", "is_priority": false }, "geometry": { "type": "LineString", "coordinates": [ [ -74.446912, 40.49768 ], [ -74.447265, 40.498317 ] ] } },
{ "type": "Feature", "properties": { "id": "1316486020-3107", "name": "Albany Street", "class": "secondary", "is_priority": false }, "geometry": { "type": "LineString", "coordinates": [ [ -74.440262, 40.497209 ], [ -74.440855, 40.497134 ] ] } },
{ "type": "Feature", "properties": { "id": "1317971660-3108", "name": "Sutphen Road", "class": "residential", "is_priority": false }, "geometry": { "type": "LineString", "coordinates": [ [ -74.466313, 40.514621 ], [ -74.466051, 40.514678 ] ] } },
{ "type": "Feature", "properties": { "id": "1317971663-3109", "name": "", "class": "tertiary", "is_priority": false }, "geometry": { "type": "LineString", "coordinates": [ [ -74.461174, 40.517966 ], [ -74.461266, 40.517994 ] ] } },
{ "type": "Feature", "properties": { "id": "1317971665-3110", "name": "", "class": "tertiary", "is_priority": false }, "geometry": { "type": "LineString", "coordinates": [ [ -74.461414, 40.517641 ], [ -74.461348, 40.517626 ] ] } },
{ "type": "Feature", "properties": { "id": "1318473965-3111", "name": "", "class": "tertiary", "is_priority": false }, "geometry": { "type": "LineString", "coordinates": [ [ -74.461348, 40.517626 ], [ -74.461209, 40.517641 ], [ -74.461131, 40.517683 ] ] } },
{ "type": "Feature", "properties": { "id": "1318477850-3112", "name": "", "class": "tertiary", "is_priority": false }, "geometry": { "type": "LineString", "coordinates": [ [ -74.461266, 40.517994 ], [ -74.46133, 40.517997 ], [ -74.46145, 40.517964 ] ] } },
{ "type": "Feature", "properties": { "id": "1318480072-3113", "name": "", "class": "tertiary", "is_priority": false }, "geometry": { "type": "LineString", "coordinates": [ [ -74.46145, 40.517964 ], [ -74.461507, 40.517922 ], [ -74.461543, 40.517869 ], [ -74.461556, 40.51781 ] ] } },
{ "type": "Feature", "properties": { "id": "1318790461-3114", "name": "Ryders Lane", "class": "secondary", "is_priority": false }, "geometry": { "type": "LineString", "coordinates": [ [ -74.429334, 40.48133 ], [ -74.428739, 40.480877 ], [ -74.428597, 40.480749 ] ] } },
{ "type": "Feature", "properties": { "id": "1320139976-3115", "name": "", "class": "tertiary", "is_priority": false }, "geometry": { "type": "LineString", "coordinates": [ [ -74.461131, 40.517683 ], [ -74.461065, 40.517794 ] ] } },
{ "type": "Feature", "properties": { "id": "1331161666-3116", "name": "Vermella Drive", "class": "residential", "is_priority": false }, "geometry": { "type": "LineString", "coordinates": [ [ -74.425148, 40.480217 ], [ -74.425192, 40.480276 ], [ -74.425354, 40.48041 ], [ -74.425585, 40.480565 ], [ -74.425798, 40.480626 ], [ -74.426022, 40.48066 ], [ -74.426136, 40.480634 ] ] } },
{ "type": "Feature", "properties": { "id": "1331161667-3117", "name": "Vermella Drive", "class": "residential", "is_priority": false }, "geometry": { "type": "LineString", "coordinates": [ [ -74.426136, 40.480634 ], [ -74.4261, 40.480598 ], [ -74.42585, 40.480552 ], [ -74.425598, 40.480466 ], [ -74.425396, 40.480347 ], [ -74.425248, 40.480235 ], [ -74.425148, 40.480217 ] ] } },
{ "type": "Feature", "properties": { "id": "1353084489-3118", "name": "Dickson Court", "class": "residential", "is_priority": false }, "geometry": { "type": "LineString", "coordinates": [ [ -74.434949, 40.503751 ], [ -74.434588, 40.504073 ] ] } },
{ "type": "Feature", "properties": { "id": "1353084490-3119", "name": "Dickson Court", "class": "residential", "is_priority": false }, "geometry": { "type": "LineString", "coordinates": [ [ -74.434538, 40.504117 ], [ -74.434174, 40.504456 ] ] } },
{ "type": "Feature", "properties": { "id": "1353084491-3120", "name": "Waksman Lane", "class": "residential", "is_priority": false }, "geometry": { "type": "LineString", "coordinates": [ [ -74.434213, 40.50388 ], [ -74.434269, 40.503916 ] ] } },
{ "type": "Feature", "properties": { "id": "1353084492-3121", "name": "Waksman Lane", "class": "residential", "is_priority": false }, "geometry": { "type": "LineString", "coordinates": [ [ -74.434839, 40.504264 ], [ -74.434886, 40.504292 ] ] } },
{ "type": "Feature", "properties": { "id": "1353084493-3122", "name": "Dickson Court", "class": "residential", "is_priority": false }, "geometry": { "type": "LineString", "coordinates": [ [ -74.434588, 40.504073 ], [ -74.434538, 40.504117 ] ] } },
{ "type": "Feature", "properties": { "id": "1358157416-3123", "name": "Route 18 Service Road", "class": "secondary", "is_priority": false }, "geometry": { "type": "LineString", "coordinates": [ [ -74.43936, 40.495395 ], [ -74.439603, 40.496232 ] ] } },
{ "type": "Feature", "properties": { "id": "1364201896-3124", "name": "Raritan Avenue", "class": "secondary", "is_priority": false }, "geometry": { "type": "LineString", "coordinates": [ [ -74.434698, 40.497948 ], [ -74.432699, 40.498178 ] ] } },
{ "type": "Feature", "properties": { "id": "1364201897-3125", "name": "North Adelaide Avenue", "class": "residential", "is_priority": false }, "geometry": { "type": "LineString", "coordinates": [ [ -74.434802, 40.49829 ], [ -74.434873, 40.498581 ], [ -74.435165, 40.498528 ], [ -74.435319, 40.498524 ], [ -74.435461, 40.49854 ], [ -74.435644, 40.498605 ] ] } },
{ "type": "Feature", "properties": { "id": "1364642473-3126", "name": "Somerset Street", "class": "secondary", "is_priority": false }, "geometry": { "type": "LineString", "coordinates": [ [ -74.481526, 40.482267 ], [ -74.481621, 40.482217 ] ] } },
{ "type": "Feature", "properties": { "id": "1365259151-3127", "name": "Jersey Avenue", "class": "tertiary", "is_priority": false }, "geometry": { "type": "LineString", "coordinates": [ [ -74.46575, 40.48205 ], [ -74.467312, 40.480699 ] ] } },
{ "type": "Feature", "properties": { "id": "1365259151-3128", "name": "Jersey Avenue", "class": "tertiary", "is_priority": false }, "geometry": { "type": "LineString", "coordinates": [ [ -74.467312, 40.480699 ], [ -74.468161, 40.479969 ] ] } },
{ "type": "Feature", "properties": { "id": "1365304798-3129", "name": "How Lane", "class": "secondary", "is_priority": false }, "geometry": { "type": "LineString", "coordinates": [ [ -74.488372, 40.473792 ], [ -74.4886, 40.473926 ] ] } },
{ "type": "Feature", "properties": { "id": "1365304799-3130", "name": "How Lane", "class": "secondary", "is_priority": false }, "geometry": { "type": "LineString", "coordinates": [ [ -74.488731, 40.474003 ], [ -74.489514, 40.474469 ] ] } },
{ "type": "Feature", "properties": { "id": "1365548482-3131", "name": "", "class": "motorway", "is_priority": true }, "geometry": { "type": "LineString", "coordinates": [ [ -74.456142, 40.516123 ], [ -74.456369, 40.515977 ] ] } },
{ "type": "Feature", "properties": { "id": "1365548483-3132", "name": "", "class": "motorway", "is_priority": true }, "geometry": { "type": "LineString", "coordinates": [ [ -74.45515, 40.51659 ], [ -74.454993, 40.516686 ] ] } },
{ "type": "Feature", "properties": { "id": "1365548485-3133", "name": "Campus Road", "class": "tertiary", "is_priority": false }, "geometry": { "type": "LineString", "coordinates": [ [ -74.458169, 40.516864 ], [ -74.458396, 40.516711 ] ] } },
{ "type": "Feature", "properties": { "id": "1365548486-3134", "name": "Campus Road", "class": "tertiary", "is_priority": false }, "geometry": { "type": "LineString", "coordinates": [ [ -74.460541, 40.516906 ], [ -74.461027, 40.517395 ] ] } },
{ "type": "Feature", "properties": { "id": "1365548487-3135", "name": "Sutphen Road", "class": "residential", "is_priority": false }, "geometry": { "type": "LineString", "coordinates": [ [ -74.459802, 40.515654 ], [ -74.459662, 40.515728 ], [ -74.459581, 40.515794 ], [ -74.459503, 40.51587 ], [ -74.459415, 40.515999 ], [ -74.459367, 40.516154 ], [ -74.459356, 40.516465 ] ] } },
{ "type": "Feature", "properties": { "id": "1365548488-3136", "name": "Campus Road", "class": "tertiary", "is_priority": false }, "geometry": { "type": "LineString", "coordinates": [ [ -74.457307, 40.517441 ], [ -74.457533, 40.517308 ], [ -74.458169, 40.516864 ] ] } },
{ "type": "Feature", "properties": { "id": "1369795326-3137", "name": "", "class": "trunk_link", "is_priority": false }, "geometry": { "type": "LineString", "coordinates": [ [ -74.419821, 40.484423 ], [ -74.41964, 40.484121 ] ] } },
{ "type": "Feature", "properties": { "id": "1369795327-3138", "name": "", "class": "trunk_link", "is_priority": false }, "geometry": { "type": "LineString", "coordinates": [ [ -74.416374, 40.483043 ], [ -74.416843, 40.482909 ] ] } },
{ "type": "Feature", "properties": { "id": "1369795328-3139", "name": "", "class": "trunk_link", "is_priority": false }, "geometry": { "type": "LineString", "coordinates": [ [ -74.41857, 40.482649 ], [ -74.418367, 40.482932 ] ] } },
{ "type": "Feature", "properties": { "id": "1369795329-3140", "name": "", "class": "trunk_link", "is_priority": false }, "geometry": { "type": "LineString", "coordinates": [ [ -74.418367, 40.482932 ], [ -74.418121, 40.483327 ] ] } },
{ "type": "Feature", "properties": { "id": "1369795330-3141", "name": "", "class": "trunk_link", "is_priority": false }, "geometry": { "type": "LineString", "coordinates": [ [ -74.419609, 40.481922 ], [ -74.419839, 40.48158 ] ] } },
{ "type": "Feature", "properties": { "id": "1369795331-3142", "name": "", "class": "trunk_link", "is_priority": false }, "geometry": { "type": "LineString", "coordinates": [ [ -74.419894, 40.481302 ], [ -74.419675, 40.481442 ] ] } },
{ "type": "Feature", "properties": { "id": "1369795335-3143", "name": "", "class": "trunk_link", "is_priority": false }, "geometry": { "type": "LineString", "coordinates": [ [ -74.418544, 40.483574 ], [ -74.41867, 40.483852 ] ] } },
{ "type": "Feature", "properties": { "id": "1369795336-3144", "name": "", "class": "trunk_link", "is_priority": false }, "geometry": { "type": "LineString", "coordinates": [ [ -74.41815, 40.483086 ], [ -74.418019, 40.482942 ] ] } },
{ "type": "Feature", "properties": { "id": "1369816124-3145", "name": "State Route 18", "class": "trunk", "is_priority": true }, "geometry": { "type": "LineString", "coordinates": [ [ -74.422845, 40.485261 ], [ -74.422062, 40.485136 ] ] } },
{ "type": "Feature", "properties": { "id": "1369816125-3146", "name": "State Route 18", "class": "trunk", "is_priority": true }, "geometry": { "type": "LineString", "coordinates": [ [ -74.421193, 40.485115 ], [ -74.422037, 40.485251 ] ] } },
{ "type": "Feature", "properties": { "id": "1369816126-3147", "name": "Taylor Drive", "class": "residential", "is_priority": false }, "geometry": { "type": "LineString", "coordinates": [ [ -74.422985, 40.484762 ], [ -74.423339, 40.484771 ] ] } },
{ "type": "Feature", "properties": { "id": "1369816127-3148", "name": "Taylor Drive", "class": "residential", "is_priority": false }, "geometry": { "type": "LineString", "coordinates": [ [ -74.420909, 40.484371 ], [ -74.422236, 40.484712 ], [ -74.42266, 40.484755 ], [ -74.422985, 40.484762 ] ] } },
{ "type": "Feature", "properties": { "id": "1369816128-3149", "name": "", "class": "trunk_link", "is_priority": false }, "geometry": { "type": "LineString", "coordinates": [ [ -74.424351, 40.485475 ], [ -74.424117, 40.485372 ] ] } },
{ "type": "Feature", "properties": { "id": "1369816130-3150", "name": "", "class": "trunk_link", "is_priority": false }, "geometry": { "type": "LineString", "coordinates": [ [ -74.420919, 40.485143 ], [ -74.421193, 40.485115 ] ] } },
{ "type": "Feature", "properties": { "id": "1377405363-3151", "name": "Wall Street", "class": "residential", "is_priority": false }, "geometry": { "type": "LineString", "coordinates": [ [ -74.446411, 40.496938 ], [ -74.446691, 40.496673 ] ] } },
{ "type": "Feature", "properties": { "id": "1378960036-3152", "name": "College Avenue", "class": "residential", "is_priority": false }, "geometry": { "type": "LineString", "coordinates": [ [ -74.450982, 40.502326 ], [ -74.452024, 40.503345 ] ] } },
{ "type": "Feature", "properties": { "id": "1378960037-3153", "name": "College Avenue", "class": "residential", "is_priority": false }, "geometry": { "type": "LineString", "coordinates": [ [ -74.450397, 40.501755 ], [ -74.450982, 40.502326 ] ] } },
{ "type": "Feature", "properties": { "id": "1378960038-3154", "name": "College Avenue", "class": "residential", "is_priority": false }, "geometry": { "type": "LineString", "coordinates": [ [ -74.449827, 40.501197 ], [ -74.450397, 40.501755 ] ] } },
{ "type": "Feature", "properties": { "id": "1378960039-3155", "name": "College Avenue", "class": "residential", "is_priority": false }, "geometry": { "type": "LineString", "coordinates": [ [ -74.449346, 40.500727 ], [ -74.449827, 40.501197 ] ] } },
{ "type": "Feature", "properties": { "id": "1378960040-3156", "name": "College Avenue", "class": "residential", "is_priority": false }, "geometry": { "type": "LineString", "coordinates": [ [ -74.448916, 40.500286 ], [ -74.449346, 40.500727 ] ] } },
{ "type": "Feature", "properties": { "id": "1378960041-3157", "name": "College Avenue", "class": "residential", "is_priority": false }, "geometry": { "type": "LineString", "coordinates": [ [ -74.448681, 40.500053 ], [ -74.448916, 40.500286 ] ] } },
{ "type": "Feature", "properties": { "id": "1378960042-3158", "name": "College Avenue", "class": "residential", "is_priority": false }, "geometry": { "type": "LineString", "coordinates": [ [ -74.453277, 40.50457 ], [ -74.453861, 40.505141 ] ] } },
{ "type": "Feature", "properties": { "id": "1378960043-3159", "name": "College Avenue", "class": "residential", "is_priority": false }, "geometry": { "type": "LineString", "coordinates": [ [ -74.452702, 40.504008 ], [ -74.453277, 40.50457 ] ] } },
{ "type": "Feature", "properties": { "id": "1382914757-3160", "name": "Somerset Street", "class": "secondary", "is_priority": false }, "geometry": { "type": "LineString", "coordinates": [ [ -74.48002, 40.483127 ], [ -74.481251, 40.482426 ] ] } },
{ "type": "Feature", "properties": { "id": "1382914758-3161", "name": "Somerset Street", "class": "secondary", "is_priority": false }, "geometry": { "type": "LineString", "coordinates": [ [ -74.479488, 40.483433 ], [ -74.48002, 40.483127 ] ] } },
{ "type": "Feature", "properties": { "id": "1382917472-3162", "name": "Somerset Street", "class": "secondary", "is_priority": false }, "geometry": { "type": "LineString", "coordinates": [ [ -74.479025, 40.483683 ], [ -74.479488, 40.483433 ] ] } },
{ "type": "Feature", "properties": { "id": "1382930710-3163", "name": "How Lane", "class": "secondary", "is_priority": false }, "geometry": { "type": "LineString", "coordinates": [ [ -74.4886, 40.473926 ], [ -74.488731, 40.474003 ] ] } },
{ "type": "Feature", "properties": { "id": "1382935731-3164", "name": "Somerset Street", "class": "secondary", "is_priority": false }, "geometry": { "type": "LineString", "coordinates": [ [ -74.489166, 40.474852 ], [ -74.489514, 40.474469 ] ] } },
{ "type": "Feature", "properties": { "id": "1382972728-3165", "name": "Woodbridge Avenue", "class": "secondary", "is_priority": false }, "geometry": { "type": "LineString", "coordinates": [ [ -74.411268, 40.501137 ], [ -74.410932, 40.501116 ] ] } },
{ "type": "Feature", "properties": { "id": "1383010486-3166", "name": "Plum Street", "class": "residential", "is_priority": false }, "geometry": { "type": "LineString", "coordinates": [ [ -74.452185, 40.494585 ], [ -74.452329, 40.49474 ] ] } },
{ "type": "Feature", "properties": { "id": "1383010487-3167", "name": "Plum Street", "class": "residential", "is_priority": false }, "geometry": { "type": "LineString", "coordinates": [ [ -74.452051, 40.49444 ], [ -74.452185, 40.494585 ] ] } },
{ "type": "Feature", "properties": { "id": "1383887148-3168", "name": "Somerset Street", "class": "secondary", "is_priority": false }, "geometry": { "type": "LineString", "coordinates": [ [ -74.481251, 40.482426 ], [ -74.481526, 40.482267 ] ] } },
{ "type": "Feature", "properties": { "id": "1384107918-3169", "name": "Somerset Street", "class": "secondary", "is_priority": false }, "geometry": { "type": "LineString", "coordinates": [ [ -74.484106, 40.48036 ], [ -74.484608, 40.479899 ] ] } },
{ "type": "Feature", "properties": { "id": "1384243563-3170", "name": "Somerset Street", "class": "secondary", "is_priority": false }, "geometry": { "type": "LineString", "coordinates": [ [ -74.476514, 40.484508 ], [ -74.477873, 40.484141 ] ] } },
{ "type": "Feature", "properties": { "id": "1384243564-3171", "name": "Somerset Street", "class": "secondary", "is_priority": false }, "geometry": { "type": "LineString", "coordinates": [ [ -74.477873, 40.484141 ], [ -74.478523, 40.483939 ], [ -74.479025, 40.483683 ] ] } },
{ "type": "Feature", "properties": { "id": "1386429802-3172", "name": "Somerset Street", "class": "residential", "is_priority": false }, "geometry": { "type": "LineString", "coordinates": [ [ -74.449682, 40.496314 ], [ -74.449868, 40.496209 ] ] } },
{ "type": "Feature", "properties": { "id": "1386429803-3173", "name": "Somerset Street", "class": "residential", "is_priority": false }, "geometry": { "type": "LineString", "coordinates": [ [ -74.449868, 40.496209 ], [ -74.449901, 40.496191 ] ] } },
{ "type": "Feature", "properties": { "id": "1386429810-3174", "name": "Little Albany Street", "class": "residential", "is_priority": false }, "geometry": { "type": "LineString", "coordinates": [ [ -74.449612, 40.496145 ], [ -74.449682, 40.496314 ] ] } },
{ "type": "Feature", "properties": { "id": "1386429811-3175", "name": "Little Albany Street", "class": "residential", "is_priority": false }, "geometry": { "type": "LineString", "coordinates": [ [ -74.449605, 40.49612 ], [ -74.449612, 40.496145 ] ] } },
{ "type": "Feature", "properties": { "id": "1388143452-3176", "name": "Woodbridge Avenue", "class": "secondary", "is_priority": false }, "geometry": { "type": "LineString", "coordinates": [ [ -74.398774, 40.500495 ], [ -74.398379, 40.500529 ] ] } },
{ "type": "Feature", "properties": { "id": "1388143453-3177", "name": "Woodbridge Avenue", "class": "secondary", "is_priority": false }, "geometry": { "type": "LineString", "coordinates": [ [ -74.398379, 40.500529 ], [ -74.397372, 40.500631 ], [ -74.396525, 40.500761 ] ] } },
{ "type": "Feature", "properties": { "id": "1389077109-3178", "name": "", "class": "unclassified", "is_priority": false }, "geometry": { "type": "LineString", "coordinates": [ [ -74.434015, 40.498409 ], [ -74.434248, 40.498385 ] ] } },
{ "type": "Feature", "properties": { "id": "1390311835-3179", "name": "Somerset Street", "class": "secondary", "is_priority": false }, "geometry": { "type": "LineString", "coordinates": [ [ -74.484608, 40.479899 ], [ -74.484674, 40.479837 ] ] } },
{ "type": "Feature", "properties": { "id": "1390697959-3180", "name": "Lincoln Highway", "class": "secondary", "is_priority": false }, "geometry": { "type": "LineString", "coordinates": [ [ -74.489514, 40.474469 ], [ -74.489846, 40.474102 ] ] } },
{ "type": "Feature", "properties": { "id": "1393569404-3181", "name": "Woodbridge Avenue", "class": "secondary", "is_priority": false }, "geometry": { "type": "LineString", "coordinates": [ [ -74.399054, 40.50047 ], [ -74.398774, 40.500495 ] ] } },
{ "type": "Feature", "properties": { "id": "1396855418-3182", "name": "River Road", "class": "secondary", "is_priority": false }, "geometry": { "type": "LineString", "coordinates": [ [ -74.470186, 40.512818 ], [ -74.470378, 40.512863 ], [ -74.472373, 40.513495 ] ] } },
{ "type": "Feature", "properties": { "id": "1396855418-3183", "name": "River Road", "class": "secondary", "is_priority": false }, "geometry": { "type": "LineString", "coordinates": [ [ -74.472373, 40.513495 ], [ -74.473972, 40.514005 ], [ -74.474575, 40.514139 ] ] } },
{ "type": "Feature", "properties": { "id": "1396855418-3184", "name": "River Road", "class": "secondary", "is_priority": false }, "geometry": { "type": "LineString", "coordinates": [ [ -74.474575, 40.514139 ], [ -74.476513, 40.514476 ] ] } },
{ "type": "Feature", "properties": { "id": "1408696827-3185", "name": "Greenland Square", "class": "residential", "is_priority": false }, "geometry": { "type": "LineString", "coordinates": [ [ -74.435088, 40.504133 ], [ -74.435728, 40.504538 ], [ -74.435392, 40.504839 ] ] } },
{ "type": "Feature", "properties": { "id": "1408856090-3186", "name": "Cleveland Avenue", "class": "residential", "is_priority": false }, "geometry": { "type": "LineString", "coordinates": [ [ -74.433775, 40.504289 ], [ -74.432249, 40.505664 ] ] } },
{ "type": "Feature", "properties": { "id": "1408856090-3187", "name": "Cleveland Avenue", "class": "residential", "is_priority": false }, "geometry": { "type": "LineString", "coordinates": [ [ -74.432249, 40.505664 ], [ -74.431243, 40.506591 ] ] } },
{ "type": "Feature", "properties": { "id": "1409385049-3188", "name": "Montgomery Street", "class": "residential", "is_priority": false }, "geometry": { "type": "LineString", "coordinates": [ [ -74.435154, 40.499871 ], [ -74.433759, 40.499865 ], [ -74.43365, 40.499821 ], [ -74.433566, 40.499672 ] ] } },
{ "type": "Feature", "properties": { "id": "1409385050-3189", "name": "Lawrence Avenue", "class": "residential", "is_priority": false }, "geometry": { "type": "LineString", "coordinates": [ [ -74.432555, 40.50106 ], [ -74.432451, 40.501174 ] ] } },
{ "type": "Feature", "properties": { "id": "1409385051-3190", "name": "Lawrence Avenue", "class": "residential", "is_priority": false }, "geometry": { "type": "LineString", "coordinates": [ [ -74.433243, 40.500582 ], [ -74.432555, 40.50106 ] ] } },
{ "type": "Feature", "properties": { "id": "1409385052-3191", "name": "North 2nd Avenue", "class": "residential", "is_priority": false }, "geometry": { "type": "LineString", "coordinates": [ [ -74.432505, 40.501114 ], [ -74.432567, 40.501146 ] ] } },
{ "type": "Feature", "properties": { "id": "1409385053-3192", "name": "North 2nd Avenue", "class": "residential", "is_priority": false }, "geometry": { "type": "LineString", "coordinates": [ [ -74.432444, 40.501084 ], [ -74.432505, 40.501114 ] ] } },
{ "type": "Feature", "properties": { "id": "1409385054-3193", "name": "North 2nd Avenue", "class": "residential", "is_priority": false }, "geometry": { "type": "LineString", "coordinates": [ [ -74.430259, 40.498466 ], [ -74.430276, 40.498536 ], [ -74.431219, 40.500109 ] ] } },
{ "type": "Feature", "properties": { "id": "1409385054-3194", "name": "North 2nd Avenue", "class": "residential", "is_priority": false }, "geometry": { "type": "LineString", "coordinates": [ [ -74.431219, 40.500109 ], [ -74.431262, 40.500183 ], [ -74.432061, 40.500866 ], [ -74.432158, 40.500942 ], [ -74.432444, 40.501084 ] ] } },
{ "type": "Feature", "properties": { "id": "1409385055-3195", "name": "Montgomery Street", "class": "residential", "is_priority": false }, "geometry": { "type": "LineString", "coordinates": [ [ -74.431383, 40.500142 ], [ -74.431172, 40.500214 ] ] } },
{ "type": "Feature", "properties": { "id": "1409385056-3196", "name": "Montgomery Street", "class": "residential", "is_priority": false }, "geometry": { "type": "LineString", "coordinates": [ [ -74.433282, 40.499526 ], [ -74.43242, 40.499759 ], [ -74.431383, 40.500142 ] ] } },
{ "type": "Feature", "properties": { "id": "1409395691-3197", "name": "Livingston Avenue", "class": "secondary", "is_priority": false }, "geometry": { "type": "LineString", "coordinates": [ [ -74.47283, 40.467012 ], [ -74.47343, 40.46649 ] ] } },
{ "type": "Feature", "properties": { "id": "1409395692-3198", "name": "Livingston Avenue", "class": "secondary", "is_priority": false }, "geometry": { "type": "LineString", "coordinates": [ [ -74.472595, 40.467217 ], [ -74.47283, 40.467012 ] ] } },
{ "type": "Feature", "properties": { "id": "1411059294-3199", "name": "Livingston Avenue", "class": "secondary", "is_priority": false }, "geometry": { "type": "LineString", "coordinates": [ [ -74.471789, 40.467903 ], [ -74.472595, 40.467217 ] ] } },
{ "type": "Feature", "properties": { "id": "1411059295-3200", "name": "Livingston Avenue", "class": "secondary", "is_priority": false }, "geometry": { "type": "LineString", "coordinates": [ [ -74.471633, 40.468037 ], [ -74.471789, 40.467903 ] ] } },
{ "type": "Feature", "properties": { "id": "1411059296-3201", "name": "Livingston Avenue", "class": "secondary", "is_priority": false }, "geometry": { "type": "LineString", "coordinates": [ [ -74.471474, 40.468167 ], [ -74.471633, 40.468037 ] ] } },
{ "type": "Feature", "properties": { "id": "1422342977-3202", "name": "River Road", "class": "tertiary", "is_priority": false }, "geometry": { "type": "LineString", "coordinates": [ [ -74.436809, 40.498441 ], [ -74.437218, 40.499062 ], [ -74.437796, 40.500077 ] ] } },
{ "type": "Feature", "properties": { "id": "1422342977-3203", "name": "River Road", "class": "tertiary", "is_priority": false }, "geometry": { "type": "LineString", "coordinates": [ [ -74.437796, 40.500077 ], [ -74.438364, 40.501003 ] ] } },
{ "type": "Feature", "properties": { "id": "1424017823-3204", "name": "Easton Avenue", "class": "primary", "is_priority": true }, "geometry": { "type": "LineString", "coordinates": [ [ -74.469089, 40.505728 ], [ -74.471195, 40.506542 ] ] } },
{ "type": "Feature", "properties": { "id": "1425589280-3205", "name": "New Street", "class": "residential", "is_priority": false }, "geometry": { "type": "LineString", "coordinates": [ [ -74.446264, 40.492631 ], [ -74.447645, 40.492817 ] ] } },
{ "type": "Feature", "properties": { "id": "1425648630-3206", "name": "Ryders Lane", "class": "secondary", "is_priority": false }, "geometry": { "type": "LineString", "coordinates": [ [ -74.432634, 40.484021 ], [ -74.43255, 40.483842 ], [ -74.432503, 40.483572 ] ] } },
{ "type": "Feature", "properties": { "id": "1425648631-3207", "name": "Ryders Lane", "class": "secondary", "is_priority": false }, "geometry": { "type": "LineString", "coordinates": [ [ -74.430415, 40.482577 ], [ -74.430012, 40.482047 ], [ -74.429666, 40.481633 ], [ -74.429565, 40.481527 ], [ -74.429334, 40.48133 ] ] } },
{ "type": "Feature", "properties": { "id": "1425648632-3208", "name": "Ryders Lane", "class": "secondary", "is_priority": false }, "geometry": { "type": "LineString", "coordinates": [ [ -74.431456, 40.483037 ], [ -74.430939, 40.483082 ], [ -74.430865, 40.483072 ], [ -74.430799, 40.483045 ], [ -74.430632, 40.482863 ], [ -74.430415, 40.482577 ] ] } },
{ "type": "Feature", "properties": { "id": "1427351213-3209", "name": "Frelinghuysen Road", "class": "tertiary", "is_priority": false }, "geometry": { "type": "LineString", "coordinates": [ [ -74.46142, 40.518223 ], [ -74.461414, 40.518195 ] ] } },
{ "type": "Feature", "properties": { "id": "1427351600-3210", "name": "Scarlet Knight Way", "class": "residential", "is_priority": false }, "geometry": { "type": "LineString", "coordinates": [ [ -74.463103, 40.515456 ], [ -74.462231, 40.516664 ] ] } },
{ "type": "Feature", "properties": { "id": "1427351601-3211", "name": "Scarlet Knight Way", "class": "residential", "is_priority": false }, "geometry": { "type": "LineString", "coordinates": [ [ -74.462231, 40.516664 ], [ -74.461739, 40.517377 ] ] } },
{ "type": "Feature", "properties": { "id": "1427351602-3212", "name": "Scarlet Knight Way", "class": "residential", "is_priority": false }, "geometry": { "type": "LineString", "coordinates": [ [ -74.461739, 40.517377 ], [ -74.461636, 40.517527 ] ] } },
{ "type": "Feature", "properties": { "id": "1429102747-3213", "name": "Railroad Avenue", "class": "residential", "is_priority": false }, "geometry": { "type": "LineString", "coordinates": [ [ -74.453111, 40.49061 ], [ -74.453692, 40.490055 ] ] } },
{ "type": "Feature", "properties": { "id": "1429102748-3214", "name": "Baldwin Steet", "class": "residential", "is_priority": false }, "geometry": { "type": "LineString", "coordinates": [ [ -74.453692, 40.490055 ], [ -74.454012, 40.490253 ] ] } },
{ "type": "Feature", "properties": { "id": "1432111200-3215", "name": "Joyce Kilmer Avenue North", "class": "residential", "is_priority": false }, "geometry": { "type": "LineString", "coordinates": [ [ -74.448178, 40.495385 ], [ -74.447749, 40.493614 ] ] } },
{ "type": "Feature", "properties": { "id": "1432111200-3216", "name": "Joyce Kilmer Avenue North", "class": "residential", "is_priority": false }, "geometry": { "type": "LineString", "coordinates": [ [ -74.447749, 40.493614 ], [ -74.447611, 40.492973 ], [ -74.447645, 40.492817 ] ] } },
{ "type": "Feature", "properties": { "id": "1437065143-3217", "name": "River Road", "class": "tertiary", "is_priority": false }, "geometry": { "type": "LineString", "coordinates": [ [ -74.436788, 40.498407 ], [ -74.436809, 40.498441 ] ] } },
{ "type": "Feature", "properties": { "id": "1442265122-3218", "name": "Easton Avenue", "class": "tertiary", "is_priority": false }, "geometry": { "type": "LineString", "coordinates": [ [ -74.459297, 40.50191 ], [ -74.459612, 40.502035 ] ] } },
{ "type": "Feature", "properties": { "id": "1442265123-3219", "name": "Easton Avenue", "class": "tertiary", "is_priority": false }, "geometry": { "type": "LineString", "coordinates": [ [ -74.459725, 40.502078 ], [ -74.459976, 40.502177 ] ] } },
{ "type": "Feature", "properties": { "id": "1442265124-3220", "name": "Easton Avenue", "class": "tertiary", "is_priority": false }, "geometry": { "type": "LineString", "coordinates": [ [ -74.459612, 40.502035 ], [ -74.459725, 40.502078 ] ] } },
{ "type": "Feature", "properties": { "id": "1442521073-3221", "name": "Landing Lane", "class": "tertiary", "is_priority": false }, "geometry": { "type": "LineString", "coordinates": [ [ -74.462021, 40.511862 ], [ -74.462201, 40.511557 ] ] } },
{ "type": "Feature", "properties": { "id": "1442523295-3222", "name": "Jersey Avenue", "class": "tertiary", "is_priority": false }, "geometry": { "type": "LineString", "coordinates": [ [ -74.455136, 40.490935 ], [ -74.455417, 40.490674 ] ] } },
{ "type": "Feature", "properties": { "id": "1442523296-3223", "name": "Jersey Avenue", "class": "tertiary", "is_priority": false }, "geometry": { "type": "LineString", "coordinates": [ [ -74.455417, 40.490674 ], [ -74.455737, 40.490375 ] ] } },
{ "type": "Feature", "properties": { "id": "1442613589-3224", "name": "River Road", "class": "tertiary", "is_priority": false }, "geometry": { "type": "LineString", "coordinates": [ [ -74.439664, 40.503545 ], [ -74.439768, 40.503785 ] ] } },
{ "type": "Feature", "properties": { "id": "1442766942-3225", "name": "Veronica Avenue", "class": "tertiary", "is_priority": false }, "geometry": { "type": "LineString", "coordinates": [ [ -74.490056, 40.47475 ], [ -74.489514, 40.474469 ] ] } },
{ "type": "Feature", "properties": { "id": "1442820209-3226", "name": "River Road", "class": "tertiary", "is_priority": false }, "geometry": { "type": "LineString", "coordinates": [ [ -74.438863, 40.501955 ], [ -74.439023, 40.502187 ], [ -74.43918, 40.50233 ] ] } },
{ "type": "Feature", "properties": { "id": "1442820210-3227", "name": "River Road", "class": "tertiary", "is_priority": false }, "geometry": { "type": "LineString", "coordinates": [ [ -74.438733, 40.501684 ], [ -74.438863, 40.501955 ] ] } },
{ "type": "Feature", "properties": { "id": "1445338977-3228", "name": "Franklin Boulevard", "class": "tertiary", "is_priority": false }, "geometry": { "type": "LineString", "coordinates": [ [ -74.473737, 40.500142 ], [ -74.473982, 40.499908 ] ] } },
{ "type": "Feature", "properties": { "id": "1445450498-3229", "name": "Hamilton Street", "class": "tertiary", "is_priority": false }, "geometry": { "type": "LineString", "coordinates": [ [ -74.463728, 40.494933 ], [ -74.46254, 40.495382 ] ] } },
{ "type": "Feature", "properties": { "id": "1445450499-3230", "name": "Hamilton Street", "class": "tertiary", "is_priority": false }, "geometry": { "type": "LineString", "coordinates": [ [ -74.46254, 40.495382 ], [ -74.462324, 40.495466 ] ] } },
{ "type": "Feature", "properties": { "id": "1445782482-3231", "name": "Franklin Boulevard", "class": "tertiary", "is_priority": false }, "geometry": { "type": "LineString", "coordinates": [ [ -74.468498, 40.505138 ], [ -74.468356, 40.50519 ], [ -74.468083, 40.505338 ] ] } },
{ "type": "Feature", "properties": { "id": "1447394906-3232", "name": "Georges Road", "class": "tertiary", "is_priority": false }, "geometry": { "type": "LineString", "coordinates": [ [ -74.451827, 40.469176 ], [ -74.451977, 40.469033 ] ] } },
{ "type": "Feature", "properties": { "id": "1447394907-3233", "name": "Georges Road", "class": "tertiary", "is_priority": false }, "geometry": { "type": "LineString", "coordinates": [ [ -74.451601, 40.469397 ], [ -74.451827, 40.469176 ] ] } },
{ "type": "Feature", "properties": { "id": "1447477061-3234", "name": "Georges Road", "class": "tertiary", "is_priority": false }, "geometry": { "type": "LineString", "coordinates": [ [ -74.449099, 40.473116 ], [ -74.449213, 40.472786 ] ] } },
{ "type": "Feature", "properties": { "id": "1451504485-3235", "name": "Georges Road", "class": "tertiary", "is_priority": false }, "geometry": { "type": "LineString", "coordinates": [ [ -74.447732, 40.476519 ], [ -74.447898, 40.475997 ], [ -74.448292, 40.475141 ] ] } },
{ "type": "Feature", "properties": { "id": "1451504486-3236", "name": "Georges Road", "class": "tertiary", "is_priority": false }, "geometry": { "type": "LineString", "coordinates": [ [ -74.448292, 40.475141 ], [ -74.448377, 40.474961 ] ] } },
{ "type": "Feature", "properties": { "id": "1452698580-3237", "name": "Easton Avenue", "class": "tertiary", "is_priority": false }, "geometry": { "type": "LineString", "coordinates": [ [ -74.4674, 40.50507 ], [ -74.467631, 40.505161 ] ] } },
{ "type": "Feature", "properties": { "id": "1452698581-3238", "name": "Easton Avenue", "class": "primary", "is_priority": true }, "geometry": { "type": "LineString", "coordinates": [ [ -74.468083, 40.505338 ], [ -74.468198, 40.505383 ] ] } },
{ "type": "Feature", "properties": { "id": "1452698582-3239", "name": "Franklin Boulevard", "class": "tertiary", "is_priority": false }, "geometry": { "type": "LineString", "coordinates": [ [ -74.468198, 40.505383 ], [ -74.468346, 40.505316 ], [ -74.468433, 40.505254 ], [ -74.468498, 40.505138 ] ] } },
{ "type": "Feature", "properties": { "id": "1452698583-3240", "name": "Franklin Boulevard", "class": "tertiary", "is_priority": false }, "geometry": { "type": "LineString", "coordinates": [ [ -74.468498, 40.505138 ], [ -74.468706, 40.504956 ] ] } },
{ "type": "Feature", "properties": { "id": "1452698585-3241", "name": "", "class": "tertiary_link", "is_priority": false }, "geometry": { "type": "LineString", "coordinates": [ [ -74.466743, 40.505711 ], [ -74.466806, 40.505782 ] ] } },
{ "type": "Feature", "properties": { "id": "1452698586-3242", "name": "Landing Lane", "class": "primary", "is_priority": true }, "geometry": { "type": "LineString", "coordinates": [ [ -74.467176, 40.505633 ], [ -74.466743, 40.505711 ] ] } },
{ "type": "Feature", "properties": { "id": "1452698587-3243", "name": "Landing Lane", "class": "primary", "is_priority": true }, "geometry": { "type": "LineString", "coordinates": [ [ -74.467304, 40.505692 ], [ -74.46746, 40.505649 ] ] } },
{ "type": "Feature", "properties": { "id": "1452698588-3244", "name": "Parkview Drive", "class": "residential", "is_priority": false }, "geometry": { "type": "LineString", "coordinates": [ [ -74.466192, 40.505934 ], [ -74.466106, 40.505878 ] ] } },
{ "type": "Feature", "properties": { "id": "1457797569-3245", "name": "College Avenue", "class": "residential", "is_priority": false }, "geometry": { "type": "LineString", "coordinates": [ [ -74.452024, 40.503345 ], [ -74.452702, 40.504008 ] ] } },
{ "type": "Feature", "properties": { "id": "1474245251-3246", "name": "College Avenue", "class": "residential", "is_priority": false }, "geometry": { "type": "LineString", "coordinates": [ [ -74.448246, 40.49962 ], [ -74.448543, 40.499916 ] ] } },
{ "type": "Feature", "properties": { "id": "1482326076-3247", "name": "New Street", "class": "secondary", "is_priority": false }, "geometry": { "type": "LineString", "coordinates": [ [ -74.442179, 40.49241 ], [ -74.442668, 40.492365 ] ] } },
{ "type": "Feature", "properties": { "id": "1491681768-3248", "name": "", "class": "residential", "is_priority": false }, "geometry": { "type": "LineString", "coordinates": [ [ -74.439125, 40.48149 ], [ -74.439261, 40.481457 ], [ -74.439409, 40.481448 ] ] } },
{ "type": "Feature", "properties": { "id": "1495824823-3249", "name": "Baldwin Street", "class": "residential", "is_priority": false }, "geometry": { "type": "LineString", "coordinates": [ [ -74.4499, 40.487743 ], [ -74.45174, 40.488871 ] ] } },
{ "type": "Feature", "properties": { "id": "1495824823-3250", "name": "Baldwin Street", "class": "residential", "is_priority": false }, "geometry": { "type": "LineString", "coordinates": [ [ -74.45174, 40.488871 ], [ -74.453398, 40.489863 ] ] } },
{ "type": "Feature", "properties": { "id": "1495824824-3251", "name": "Baldwin Street", "class": "residential", "is_priority": false }, "geometry": { "type": "LineString", "coordinates": [ [ -74.445062, 40.484801 ], [ -74.446672, 40.485773 ] ] } },
{ "type": "Feature", "properties": { "id": "1495836796-3252", "name": "Central Avenue", "class": "residential", "is_priority": false }, "geometry": { "type": "LineString", "coordinates": [ [ -74.457956, 40.498574 ], [ -74.460025, 40.498652 ], [ -74.460314, 40.498648 ] ] } },
{ "type": "Feature", "properties": { "id": "1495836796-3253", "name": "Central Avenue", "class": "residential", "is_priority": false }, "geometry": { "type": "LineString", "coordinates": [ [ -74.460314, 40.498648 ], [ -74.460323, 40.498648 ] ] } },
{ "type": "Feature", "properties": { "id": "1495841364-3254", "name": "Delafield Street", "class": "residential", "is_priority": false }, "geometry": { "type": "LineString", "coordinates": [ [ -74.457337, 40.499529 ], [ -74.459044, 40.500193 ] ] } },
{ "type": "Feature", "properties": { "id": "1496012389-3255", "name": "Guilden Street", "class": "residential", "is_priority": false }, "geometry": { "type": "LineString", "coordinates": [ [ -74.455071, 40.499444 ], [ -74.45717, 40.500269 ] ] } },
{ "type": "Feature", "properties": { "id": "1496012389-3256", "name": "Guilden Street", "class": "residential", "is_priority": false }, "geometry": { "type": "LineString", "coordinates": [ [ -74.45717, 40.500269 ], [ -74.458479, 40.500784 ] ] } },
{ "type": "Feature", "properties": { "id": "1496012752-3257", "name": "Hale Street", "class": "residential", "is_priority": false }, "geometry": { "type": "LineString", "coordinates": [ [ -74.452333, 40.488306 ], [ -74.452679, 40.488516 ] ] } },
{ "type": "Feature", "properties": { "id": "1496012753-3258", "name": "Hale Street", "class": "residential", "is_priority": false }, "geometry": { "type": "LineString", "coordinates": [ [ -74.445325, 40.484041 ], [ -74.445635, 40.484236 ] ] } },
{ "type": "Feature", "properties": { "id": "1496028252-3259", "name": "Jefferson Avenue", "class": "residential", "is_priority": false }, "geometry": { "type": "LineString", "coordinates": [ [ -74.465729, 40.502777 ], [ -74.466695, 40.503139 ] ] } },
{ "type": "Feature", "properties": { "id": "1496145444-3260", "name": "May Street", "class": "residential", "is_priority": false }, "geometry": { "type": "LineString", "coordinates": [ [ -74.454549, 40.477504 ], [ -74.454998, 40.477773 ] ] } },
{ "type": "Feature", "properties": { "id": "1496184586-3261", "name": "New York Avenue", "class": "residential", "is_priority": false }, "geometry": { "type": "LineString", "coordinates": [ [ -74.465318, 40.503392 ], [ -74.466481, 40.503846 ] ] } },
{ "type": "Feature", "properties": { "id": "1496270947-3262", "name": "Prosper Street", "class": "residential", "is_priority": false }, "geometry": { "type": "LineString", "coordinates": [ [ -74.453301, 40.498749 ], [ -74.453516, 40.498416 ] ] } },
{ "type": "Feature", "properties": { "id": "1496271212-3263", "name": "Quentin Avenue", "class": "residential", "is_priority": false }, "geometry": { "type": "LineString", "coordinates": [ [ -74.468147, 40.485415 ], [ -74.469018, 40.485909 ], [ -74.469085, 40.485973 ], [ -74.46929, 40.486418 ], [ -74.469383, 40.486512 ] ] } },
{ "type": "Feature", "properties": { "id": "1496288373-3264", "name": "Roosevelt Avenue", "class": "residential", "is_priority": false }, "geometry": { "type": "LineString", "coordinates": [ [ -74.477699, 40.483055 ], [ -74.477643, 40.482985 ], [ -74.477624, 40.482932 ], [ -74.477614, 40.48285 ], [ -74.477652, 40.48278 ], [ -74.478339, 40.482362 ], [ -74.478402, 40.482342 ] ] } },
{ "type": "Feature", "properties": { "id": "1496288591-3265", "name": "Oliver Avenue", "class": "residential", "is_priority": false }, "geometry": { "type": "LineString", "coordinates": [ [ -74.479488, 40.483433 ], [ -74.478889, 40.48279 ], [ -74.478402, 40.482342 ] ] } },
{ "type": "Feature", "properties": { "id": "1496684839-3266", "name": "Seaman Street", "class": "residential", "is_priority": false }, "geometry": { "type": "LineString", "coordinates": [ [ -74.448736, 40.488854 ], [ -74.450579, 40.48998 ] ] } },
{ "type": "Feature", "properties": { "id": "1496684839-3267", "name": "Seaman Street", "class": "residential", "is_priority": false }, "geometry": { "type": "LineString", "coordinates": [ [ -74.450579, 40.48998 ], [ -74.45223, 40.490984 ] ] } },
{ "type": "Feature", "properties": { "id": "1496685380-3268", "name": "Senior Street", "class": "residential", "is_priority": false }, "geometry": { "type": "LineString", "coordinates": [ [ -74.45182, 40.504522 ], [ -74.452702, 40.504008 ] ] } },
{ "type": "Feature", "properties": { "id": "1496706393-3269", "name": "Stratford Place", "class": "residential", "is_priority": false }, "geometry": { "type": "LineString", "coordinates": [ [ -74.455313, 40.485469 ], [ -74.45698, 40.486481 ] ] } },
{ "type": "Feature", "properties": { "id": "1496711820-3270", "name": "Wright Place", "class": "residential", "is_priority": false }, "geometry": { "type": "LineString", "coordinates": [ [ -74.467, 40.486496 ], [ -74.467572, 40.485941 ], [ -74.468147, 40.485415 ] ] } },
{ "type": "Feature", "properties": { "id": "1506569613-3271", "name": "Reeve Street", "class": "residential", "is_priority": false }, "geometry": { "type": "LineString", "coordinates": [ [ -74.469526, 40.505304 ], [ -74.469482, 40.505345 ] ] } },
{ "type": "Feature", "properties": { "id": "1506569614-3272", "name": "Reeve Street", "class": "residential", "is_priority": false }, "geometry": { "type": "LineString", "coordinates": [ [ -74.469482, 40.505345 ], [ -74.469444, 40.505386 ] ] } },
{ "type": "Feature", "properties": { "id": "1506863195-3273", "name": "George Street", "class": "tertiary", "is_priority": false }, "geometry": { "type": "LineString", "coordinates": [ [ -74.443064, 40.491927 ], [ -74.443262, 40.492235 ], [ -74.443286, 40.492312 ] ] } },
{ "type": "Feature", "properties": { "id": "1510340907-3274", "name": "Hermann Road", "class": "tertiary", "is_priority": false }, "geometry": { "type": "LineString", "coordinates": [ [ -74.456626, 40.467111 ], [ -74.45892, 40.467533 ] ] } },
{ "type": "Feature", "properties": { "id": "1510340907-3275", "name": "Hermann Road", "class": "tertiary", "is_priority": false }, "geometry": { "type": "LineString", "coordinates": [ [ -74.45892, 40.467533 ], [ -74.460985, 40.467906 ] ] } },
{ "type": "Feature", "properties": { "id": "1510340908-3276", "name": "Hermann Road", "class": "tertiary", "is_priority": false }, "geometry": { "type": "LineString", "coordinates": [ [ -74.460985, 40.467906 ], [ -74.461552, 40.468006 ] ] } },
{ "type": "Feature", "properties": { "id": "1541147466-3277", "name": "How Lane", "class": "secondary", "is_priority": false }, "geometry": { "type": "LineString", "coordinates": [ [ -74.485837, 40.472299 ], [ -74.487706, 40.473399 ] ] } },
{ "type": "Feature", "properties": { "id": "1541147466-3278", "name": "How Lane", "class": "secondary", "is_priority": false }, "geometry": { "type": "LineString", "coordinates": [ [ -74.487706, 40.473399 ], [ -74.488372, 40.473792 ] ] } }
]
}
