{
"type": "FeatureCollection",
"name": "roads",
"crs": { "type": "name", "properties": { "name": "urn:ogc:def:crs:OGC:1.3:CRS84" } },
"features": [
{ "type": "Feature", "properties": { "id": "11629722-0", "name": "Linnet Street", "class": "residential", "is_priority": false }, "geometry": { "type": "LineString", "coordinates": [ [ -74.124696, 40.654242 ], [ -74.122746, 40.653222 ] ] } },
{ "type": "Feature", "properties": { "id": "11629722-1", "name": "Linnet Street", "class": "residential", "is_priority": false }, "geometry": { "type": "LineString", "coordinates": [ [ -74.122746, 40.653222 ], [ -74.120779, 40.652221 ] ] } },
{ "type": "Feature", "properties": { "id": "11629722-2", "name": "Linnet Street", "class": "residential", "is_priority": false }, "geometry": { "type": "LineString", "coordinates": [ [ -74.120779, 40.652221 ], [ -74.12065, 40.652155 ] ] } },
{ "type": "Feature", "properties": { "id": "11629729-3", "name": "West 9th Street", "class": "residential", "is_priority": false }, "geometry": { "type": "LineString", "coordinates": [ [ -74.126246, 40.654481 ], [ -74.128237, 40.655454 ] ] } },
{ "type": "Feature", "properties": { "id": "11629729-4", "name": "West 9th Street", "class": "residential", "is_priority": false }, "geometry": { "type": "LineString", "coordinates": [ [ -74.128237, 40.655454 ], [ -74.13023, 40.656425 ] ] } },
{ "type": "Feature", "properties": { "id": "11629729-5", "name": "West 9th Street", "class": "residential", "is_priority": false }, "geometry": { "type": "LineString", "coordinates": [ [ -74.13023, 40.656425 ], [ -74.132221, 40.657398 ] ] } },
{ "type": "Feature", "properties": { "id": "11629729-6", "name": "West 9th Street", "class": "residential", "is_priority": false }, "geometry": { "type": "LineString", "coordinates": [ [ -74.132221, 40.657398 ], [ -74.132395, 40.657483 ] ] } },
{ "type": "Feature", "properties": { "id": "11629731-7", "name": "West 9th Street", "class": "residential", "is_priority": false }, "geometry": { "type": "LineString", "coordinates": [ [ -74.132231, 40.657652 ], [ -74.133936, 40.658534 ] ] } },
{ "type": "Feature", "properties": { "id": "11629814-8", "name": "Constitution Avenue", "class": "residential", "is_priority": false }, "geometry": { "type": "LineString", "coordinates": [ [ -74.098975, 40.671689 ], [ -74.097119, 40.671059 ] ] } },
{ "type": "Feature", "properties": { "id": "11629855-9", "name": "", "class": "unclassified", "is_priority": false }, "geometry": { "type": "LineString", "coordinates": [ [ -74.115845, 40.681825 ], [ -74.116397, 40.681162 ] ] } },
{ "type": "Feature", "properties": { "id": "11629856-10", "name": "", "class": "unclassified", "is_priority": false }, "geometry": { "type": "LineString", "coordinates": [ [ -74.115666, 40.68173 ], [ -74.116341, 40.682089 ], [ -74.116413, 40.682146 ], [ -74.116476, 40.682269 ], [ -74.116476, 40.682334 ], [ -74.116439, 40.682409 ], [ -74.115862, 40.683099 ] ] } },
{ "type": "Feature", "properties": { "id": "11629856-11", "name": "", "class": "unclassified", "is_priority": false }, "geometry": { "type": "LineString", "coordinates": [ [ -74.115862, 40.683099 ], [ -74.114579, 40.684613 ] ] } },
{ "type": "Feature", "properties": { "id": "11629856-12", "name": "", "class": "unclassified", "is_priority": false }, "geometry": { "type": "LineString", "coordinates": [ [ -74.114579, 40.684613 ], [ -74.113654, 40.68569 ], [ -74.113523, 40.685748 ], [ -74.113441, 40.68576 ], [ -74.113366, 40.685752 ], [ -74.113044, 40.685624 ] ] } },
{ "type": "Feature", "properties": { "id": "11629856-13", "name": "", "class": "unclassified", "is_priority": false }, "geometry": { "type": "LineString", "coordinates": [ [ -74.113044, 40.685624 ], [ -74.112877, 40.685553 ], [ -74.112769, 40.68553 ], [ -74.112659, 40.685526 ], [ -74.112269, 40.685577 ], [ -74.112068, 40.685563 ], [ -74.111985, 40.685528 ], [ -74.111901, 40.685468 ], [ -74.111832, 40.685385 ], [ -74.111768, 40.68526 ] ] } },
{ "type": "Feature", "properties": { "id": "11629865-14", "name": "", "class": "motorway_link", "is_priority": false }, "geometry": { "type": "LineString", "coordinates": [ [ -74.136435, 40.653391 ], [ -74.136336, 40.653345 ], [ -74.136232, 40.653247 ], [ -74.136195, 40.653124 ], [ -74.136207, 40.653035 ], [ -74.136962, 40.651792 ] ] } },
{ "type": "Feature", "properties": { "id": "11629865-15", "name": "", "class": "motorway_link", "is_priority": false }, "geometry": { "type": "LineString", "coordinates": [ [ -74.136962, 40.651792 ], [ -74.137062, 40.651614 ] ] } },
{ "type": "Feature", "properties": { "id": "11630149-16", "name": "Ingham Avenue", "class": "residential", "is_priority": false }, "geometry": { "type": "LineString", "coordinates": [ [ -74.120466, 40.646329 ], [ -74.120487, 40.648131 ] ] } },
{ "type": "Feature", "properties": { "id": "11630149-17", "name": "Ingham Avenue", "class": "residential", "is_priority": false }, "geometry": { "type": "LineString", "coordinates": [ [ -74.120487, 40.648131 ], [ -74.120513, 40.649932 ] ] } },
{ "type": "Feature", "properties": { "id": "11630149-18", "name": "Ingham Avenue", "class": "residential", "is_priority": false }, "geometry": { "type": "LineString", "coordinates": [ [ -74.120513, 40.649932 ], [ -74.120531, 40.6511 ], [ -74.120501, 40.651231 ], [ -74.120402, 40.651409 ], [ -74.120212, 40.651583 ] ] } },
{ "type": "Feature", "properties": { "id": "11630163-19", "name": "Bergen Court", "class": "residential", "is_priority": false }, "geometry": { "type": "LineString", "coordinates": [ [ -74.109431, 40.687113 ], [ -74.109751, 40.686746 ] ] } },
{ "type": "Feature", "properties": { "id": "11630209-20", "name": "", "class": "unclassified", "is_priority": false }, "geometry": { "type": "LineString", "coordinates": [ [ -74.116825, 40.679224 ], [ -74.116794, 40.679362 ], [ -74.115732, 40.680649 ], [ -74.115708, 40.680701 ], [ -74.11572, 40.680785 ] ] } },
{ "type": "Feature", "properties": { "id": "11630209-21", "name": "", "class": "unclassified", "is_priority": false }, "geometry": { "type": "LineString", "coordinates": [ [ -74.11572, 40.680785 ], [ -74.115775, 40.680845 ], [ -74.115846, 40.680887 ], [ -74.116731, 40.681324 ], [ -74.11684, 40.681372 ], [ -74.117143, 40.68145 ], [ -74.1173, 40.681449 ], [ -74.117378, 40.681427 ], [ -74.117475, 40.681353 ], [ -74.117638, 40.681162 ] ] } },
{ "type": "Feature", "properties": { "id": "11630209-22", "name": "", "class": "unclassified", "is_priority": false }, "geometry": { "type": "LineString", "coordinates": [ [ -74.117638, 40.681162 ], [ -74.118599, 40.680021 ] ] } },
{ "type": "Feature", "properties": { "id": "11630222-23", "name": "", "class": "motorway_link", "is_priority": false }, "geometry": { "type": "LineString", "coordinates": [ [ -74.134253, 40.653881 ], [ -74.133724, 40.654002 ], [ -74.133411, 40.654038 ], [ -74.133041, 40.654046 ], [ -74.132432, 40.65401 ], [ -74.131917, 40.654004 ] ] } },
{ "type": "Feature", "properties": { "id": "11630222-24", "name": "", "class": "motorway_link", "is_priority": false }, "geometry": { "type": "LineString", "coordinates": [ [ -74.131917, 40.654004 ], [ -74.131101, 40.654038 ], [ -74.130309, 40.654037 ], [ -74.129798, 40.654058 ] ] } },
{ "type": "Feature", "properties": { "id": "11630243-25", "name": "Devlin Drive", "class": "unclassified", "is_priority": false }, "geometry": { "type": "LineString", "coordinates": [ [ -74.111732, 40.679472 ], [ -74.113726, 40.680443 ] ] } },
{ "type": "Feature", "properties": { "id": "11630243-26", "name": "Devlin Drive", "class": "unclassified", "is_priority": false }, "geometry": { "type": "LineString", "coordinates": [ [ -74.113726, 40.680443 ], [ -74.114152, 40.680651 ] ] } },
{ "type": "Feature", "properties": { "id": "11630244-27", "name": "Dillon Drive", "class": "unclassified", "is_priority": false }, "geometry": { "type": "LineString", "coordinates": [ [ -74.114292, 40.680459 ], [ -74.112298, 40.679489 ] ] } },
{ "type": "Feature", "properties": { "id": "11630244-28", "name": "Dillon Drive", "class": "unclassified", "is_priority": false }, "geometry": { "type": "LineString", "coordinates": [ [ -74.112298, 40.679489 ], [ -74.111888, 40.67929 ] ] } },
{ "type": "Feature", "properties": { "id": "11630443-29", "name": "Mechanic Street", "class": "residential", "is_priority": false }, "geometry": { "type": "LineString", "coordinates": [ [ -74.113727, 40.661477 ], [ -74.113411, 40.661301 ] ] } },
{ "type": "Feature", "properties": { "id": "11630444-30", "name": "", "class": "residential", "is_priority": false }, "geometry": { "type": "LineString", "coordinates": [ [ -74.125889, 40.663538 ], [ -74.127176, 40.662026 ] ] } },
{ "type": "Feature", "properties": { "id": "11630444-31", "name": "", "class": "residential", "is_priority": false }, "geometry": { "type": "LineString", "coordinates": [ [ -74.127176, 40.662026 ], [ -74.127531, 40.661589 ] ] } },
{ "type": "Feature", "properties": { "id": "11630447-32", "name": "Park Road", "class": "residential", "is_priority": false }, "geometry": { "type": "LineString", "coordinates": [ [ -74.126623, 40.670421 ], [ -74.125291, 40.669754 ] ] } },
{ "type": "Feature", "properties": { "id": "11630450-33", "name": "East Court", "class": "residential", "is_priority": false }, "geometry": { "type": "LineString", "coordinates": [ [ -74.119943, 40.674331 ], [ -74.12016, 40.674076 ], [ -74.120213, 40.67398 ] ] } },
{ "type": "Feature", "properties": { "id": "11630456-34", "name": "Pamrapo Court", "class": "residential", "is_priority": false }, "geometry": { "type": "LineString", "coordinates": [ [ -74.108635, 40.686724 ], [ -74.108955, 40.686354 ] ] } },
{ "type": "Feature", "properties": { "id": "11630511-35", "name": "Boatworks Drive", "class": "residential", "is_priority": false }, "geometry": { "type": "LineString", "coordinates": [ [ -74.133071, 40.656829 ], [ -74.134509, 40.65758 ], [ -74.134592, 40.657588 ], [ -74.134672, 40.657567 ], [ -74.134757, 40.657464 ] ] } },
{ "type": "Feature", "properties": { "id": "11630525-36", "name": "Gertrude Street", "class": "unclassified", "is_priority": false }, "geometry": { "type": "LineString", "coordinates": [ [ -74.138207, 40.648128 ], [ -74.140182, 40.649095 ] ] } },
{ "type": "Feature", "properties": { "id": "11630526-37", "name": "West 24th Street", "class": "residential", "is_priority": false }, "geometry": { "type": "LineString", "coordinates": [ [ -74.117541, 40.66479 ], [ -74.119526, 40.665771 ] ] } },
{ "type": "Feature", "properties": { "id": "11630526-38", "name": "West 24th Street", "class": "residential", "is_priority": false }, "geometry": { "type": "LineString", "coordinates": [ [ -74.119526, 40.665771 ], [ -74.12153, 40.666728 ] ] } },
{ "type": "Feature", "properties": { "id": "11630526-39", "name": "West 24th Street", "class": "residential", "is_priority": false }, "geometry": { "type": "LineString", "coordinates": [ [ -74.12153, 40.666728 ], [ -74.123515, 40.667709 ] ] } },
{ "type": "Feature", "properties": { "id": "11630526-40", "name": "West 24th Street", "class": "residential", "is_priority": false }, "geometry": { "type": "LineString", "coordinates": [ [ -74.123515, 40.667709 ], [ -74.12402, 40.66797 ] ] } },
{ "type": "Feature", "properties": { "id": "11630527-41", "name": "Mechanic Street", "class": "residential", "is_priority": false }, "geometry": { "type": "LineString", "coordinates": [ [ -74.113727, 40.661477 ], [ -74.114948, 40.662084 ] ] } },
{ "type": "Feature", "properties": { "id": "11630528-42", "name": "West 20th Street", "class": "residential", "is_priority": false }, "geometry": { "type": "LineString", "coordinates": [ [ -74.119917, 40.661974 ], [ -74.120495, 40.662251 ], [ -74.121889, 40.662969 ] ] } },
{ "type": "Feature", "properties": { "id": "11630528-43", "name": "West 20th Street", "class": "residential", "is_priority": false }, "geometry": { "type": "LineString", "coordinates": [ [ -74.121889, 40.662969 ], [ -74.123878, 40.663945 ] ] } },
{ "type": "Feature", "properties": { "id": "11630528-44", "name": "West 20th Street", "class": "residential", "is_priority": false }, "geometry": { "type": "LineString", "coordinates": [ [ -74.123878, 40.663945 ], [ -74.125861, 40.664928 ] ] } },
{ "type": "Feature", "properties": { "id": "11630528-45", "name": "West 20th Street", "class": "residential", "is_priority": false }, "geometry": { "type": "LineString", "coordinates": [ [ -74.125861, 40.664928 ], [ -74.126093, 40.665044 ] ] } },
{ "type": "Feature", "properties": { "id": "11630554-46", "name": "West 29th Street", "class": "residential", "is_priority": false }, "geometry": { "type": "LineString", "coordinates": [ [ -74.11435, 40.668553 ], [ -74.116343, 40.669524 ] ] } },
{ "type": "Feature", "properties": { "id": "11630554-47", "name": "West 29th Street", "class": "residential", "is_priority": false }, "geometry": { "type": "LineString", "coordinates": [ [ -74.116343, 40.669524 ], [ -74.118331, 40.670502 ] ] } },
{ "type": "Feature", "properties": { "id": "11630554-48", "name": "West 29th Street", "class": "residential", "is_priority": false }, "geometry": { "type": "LineString", "coordinates": [ [ -74.118331, 40.670502 ], [ -74.120321, 40.671476 ] ] } },
{ "type": "Feature", "properties": { "id": "11630554-49", "name": "West 29th Street", "class": "residential", "is_priority": false }, "geometry": { "type": "LineString", "coordinates": [ [ -74.120321, 40.671476 ], [ -74.121033, 40.671826 ] ] } },
{ "type": "Feature", "properties": { "id": "11630555-50", "name": "Hartley Place", "class": "residential", "is_priority": false }, "geometry": { "type": "LineString", "coordinates": [ [ -74.132701, 40.655977 ], [ -74.133538, 40.654966 ] ] } },
{ "type": "Feature", "properties": { "id": "11630580-51", "name": "Lefante Way", "class": "residential", "is_priority": false }, "geometry": { "type": "LineString", "coordinates": [ [ -74.107801, 40.669038 ], [ -74.107625, 40.668929 ], [ -74.107529, 40.668831 ], [ -74.107465, 40.668725 ], [ -74.107298, 40.668339 ], [ -74.107234, 40.668245 ], [ -74.107148, 40.668156 ], [ -74.106453, 40.667601 ] ] } },
{ "type": "Feature", "properties": { "id": "11630580-52", "name": "Lefante Way", "class": "residential", "is_priority": false }, "geometry": { "type": "LineString", "coordinates": [ [ -74.106453, 40.667601 ], [ -74.104819, 40.666298 ] ] } },
{ "type": "Feature", "properties": { "id": "11630580-53", "name": "Lefante Way", "class": "residential", "is_priority": false }, "geometry": { "type": "LineString", "coordinates": [ [ -74.104819, 40.666298 ], [ -74.104557, 40.666089 ], [ -74.104444, 40.665963 ], [ -74.103214, 40.664977 ] ] } },
{ "type": "Feature", "properties": { "id": "11630580-54", "name": "Lefante Way", "class": "residential", "is_priority": false }, "geometry": { "type": "LineString", "coordinates": [ [ -74.103214, 40.664977 ], [ -74.101585, 40.66367 ] ] } },
{ "type": "Feature", "properties": { "id": "11630580-55", "name": "Lefante Way", "class": "residential", "is_priority": false }, "geometry": { "type": "LineString", "coordinates": [ [ -74.101585, 40.66367 ], [ -74.099956, 40.662364 ] ] } },
{ "type": "Feature", "properties": { "id": "11630580-56", "name": "Lefante Way", "class": "residential", "is_priority": false }, "geometry": { "type": "LineString", "coordinates": [ [ -74.099956, 40.662364 ], [ -74.09982, 40.662256 ] ] } },
{ "type": "Feature", "properties": { "id": "11630607-57", "name": "Broadway", "class": "tertiary", "is_priority": false }, "geometry": { "type": "LineString", "coordinates": [ [ -74.128248, 40.649994 ], [ -74.128275, 40.64938 ], [ -74.128246, 40.648193 ] ] } },
{ "type": "Feature", "properties": { "id": "11630607-58", "name": "Broadway", "class": "tertiary", "is_priority": false }, "geometry": { "type": "LineString", "coordinates": [ [ -74.128246, 40.648193 ], [ -74.128223, 40.646392 ] ] } },
{ "type": "Feature", "properties": { "id": "11630607-59", "name": "Broadway", "class": "tertiary", "is_priority": false }, "geometry": { "type": "LineString", "coordinates": [ [ -74.128223, 40.646392 ], [ -74.128208, 40.645216 ] ] } },
{ "type": "Feature", "properties": { "id": "11630624-60", "name": "Sycamore Road", "class": "residential", "is_priority": false }, "geometry": { "type": "LineString", "coordinates": [ [ -74.103909, 40.694603 ], [ -74.103599, 40.694969 ] ] } },
{ "type": "Feature", "properties": { "id": "11630636-61", "name": "West 13th Street", "class": "residential", "is_priority": false }, "geometry": { "type": "LineString", "coordinates": [ [ -74.130139, 40.659906 ], [ -74.128154, 40.658926 ] ] } },
{ "type": "Feature", "properties": { "id": "11630636-62", "name": "West 13th Street", "class": "residential", "is_priority": false }, "geometry": { "type": "LineString", "coordinates": [ [ -74.128154, 40.658926 ], [ -74.126174, 40.65794 ] ] } },
{ "type": "Feature", "properties": { "id": "11630636-63", "name": "West 13th Street", "class": "residential", "is_priority": false }, "geometry": { "type": "LineString", "coordinates": [ [ -74.126174, 40.65794 ], [ -74.124188, 40.656962 ] ] } },
{ "type": "Feature", "properties": { "id": "11630636-64", "name": "West 13th Street", "class": "residential", "is_priority": false }, "geometry": { "type": "LineString", "coordinates": [ [ -74.124188, 40.656962 ], [ -74.124163, 40.65695 ] ] } },
{ "type": "Feature", "properties": { "id": "11630675-65", "name": "West 18th Street", "class": "residential", "is_priority": false }, "geometry": { "type": "LineString", "coordinates": [ [ -74.126955, 40.66384 ], [ -74.128789, 40.664735 ] ] } },
{ "type": "Feature", "properties": { "id": "11630677-66", "name": "West 18th Street", "class": "residential", "is_priority": false }, "geometry": { "type": "LineString", "coordinates": [ [ -74.120902, 40.660811 ], [ -74.122887, 40.661792 ] ] } },
{ "type": "Feature", "properties": { "id": "11630677-67", "name": "West 18th Street", "class": "residential", "is_priority": false }, "geometry": { "type": "LineString", "coordinates": [ [ -74.122887, 40.661792 ], [ -74.124869, 40.662776 ] ] } },
{ "type": "Feature", "properties": { "id": "11630677-68", "name": "West 18th Street", "class": "residential", "is_priority": false }, "geometry": { "type": "LineString", "coordinates": [ [ -74.124869, 40.662776 ], [ -74.125526, 40.663102 ] ] } },
{ "type": "Feature", "properties": { "id": "11630690-69", "name": "North Street", "class": "secondary", "is_priority": false }, "geometry": { "type": "LineString", "coordinates": [ [ -74.129324, 40.654844 ], [ -74.131688, 40.654907 ] ] } },
{ "type": "Feature", "properties": { "id": "11630690-70", "name": "North Street", "class": "secondary", "is_priority": false }, "geometry": { "type": "LineString", "coordinates": [ [ -74.131688, 40.654907 ], [ -74.132478, 40.65493 ] ] } },
{ "type": "Feature", "properties": { "id": "11630693-71", "name": "North Street", "class": "residential", "is_priority": false }, "geometry": { "type": "LineString", "coordinates": [ [ -74.135104, 40.654818 ], [ -74.135306, 40.654928 ], [ -74.136879, 40.654978 ], [ -74.136941, 40.655142 ], [ -74.137209, 40.655274 ] ] } },
{ "type": "Feature", "properties": { "id": "11630693-72", "name": "North Street", "class": "residential", "is_priority": false }, "geometry": { "type": "LineString", "coordinates": [ [ -74.137209, 40.655274 ], [ -74.138305, 40.655808 ] ] } },
{ "type": "Feature", "properties": { "id": "11630711-73", "name": "East 26th Street", "class": "residential", "is_priority": false }, "geometry": { "type": "LineString", "coordinates": [ [ -74.116099, 40.66648 ], [ -74.11491, 40.665897 ], [ -74.114125, 40.665488 ] ] } },
{ "type": "Feature", "properties": { "id": "11630711-74", "name": "East 26th Street", "class": "residential", "is_priority": false }, "geometry": { "type": "LineString", "coordinates": [ [ -74.114125, 40.665488 ], [ -74.113797, 40.665323 ] ] } },
{ "type": "Feature", "properties": { "id": "11630713-75", "name": "East 26th Street", "class": "residential", "is_priority": false }, "geometry": { "type": "LineString", "coordinates": [ [ -74.111058, 40.664635 ], [ -74.110236, 40.664217 ] ] } },
{ "type": "Feature", "properties": { "id": "11630714-76", "name": "East 26th Street", "class": "residential", "is_priority": false }, "geometry": { "type": "LineString", "coordinates": [ [ -74.11119, 40.664481 ], [ -74.11242, 40.665075 ] ] } },
{ "type": "Feature", "properties": { "id": "11630723-77", "name": "Sisson Court", "class": "residential", "is_priority": false }, "geometry": { "type": "LineString", "coordinates": [ [ -74.121776, 40.65813 ], [ -74.120437, 40.657451 ] ] } },
{ "type": "Feature", "properties": { "id": "11630742-78", "name": "", "class": "trunk", "is_priority": true }, "geometry": { "type": "LineString", "coordinates": [ [ -74.109637, 40.693272 ], [ -74.109443, 40.69358 ], [ -74.109105, 40.694064 ], [ -74.108482, 40.694843 ] ] } },
{ "type": "Feature", "properties": { "id": "11630742-79", "name": "", "class": "trunk", "is_priority": true }, "geometry": { "type": "LineString", "coordinates": [ [ -74.108482, 40.694843 ], [ -74.10802, 40.695345 ], [ -74.107093, 40.696301 ] ] } },
{ "type": "Feature", "properties": { "id": "11630742-80", "name": "", "class": "trunk", "is_priority": true }, "geometry": { "type": "LineString", "coordinates": [ [ -74.107093, 40.696301 ], [ -74.106315, 40.697104 ] ] } },
{ "type": "Feature", "properties": { "id": "11630768-81", "name": "Goldsborough Drive", "class": "tertiary", "is_priority": false }, "geometry": { "type": "LineString", "coordinates": [ [ -74.092834, 40.668485 ], [ -74.092243, 40.668402 ], [ -74.091629, 40.668434 ], [ -74.090503, 40.668264 ] ] } },
{ "type": "Feature", "properties": { "id": "11630768-82", "name": "Goldsborough Drive", "class": "tertiary", "is_priority": false }, "geometry": { "type": "LineString", "coordinates": [ [ -74.090503, 40.668264 ], [ -74.089499, 40.668109 ], [ -74.088197, 40.667864 ] ] } },
{ "type": "Feature", "properties": { "id": "11630768-83", "name": "Goldsborough Drive", "class": "tertiary", "is_priority": false }, "geometry": { "type": "LineString", "coordinates": [ [ -74.088197, 40.667864 ], [ -74.088071, 40.66784 ] ] } },
{ "type": "Feature", "properties": { "id": "11630781-84", "name": "East 10th Street", "class": "residential", "is_priority": false }, "geometry": { "type": "LineString", "coordinates": [ [ -74.125409, 40.655478 ], [ -74.124073, 40.654786 ] ] } },
{ "type": "Feature", "properties": { "id": "11630785-85", "name": "Point View Terrace", "class": "residential", "is_priority": false }, "geometry": { "type": "LineString", "coordinates": [ [ -74.138988, 40.647149 ], [ -74.136825, 40.646832 ], [ -74.136841, 40.646735 ], [ -74.136807, 40.646729 ] ] } },
{ "type": "Feature", "properties": { "id": "11630785-86", "name": "Point View Terrace", "class": "residential", "is_priority": false }, "geometry": { "type": "LineString", "coordinates": [ [ -74.136807, 40.646729 ], [ -74.136206, 40.646627 ] ] } },
{ "type": "Feature", "properties": { "id": "11630797-87", "name": "Commerce Street", "class": "residential", "is_priority": false }, "geometry": { "type": "LineString", "coordinates": [ [ -74.095109, 40.649721 ], [ -74.095388, 40.649662 ], [ -74.095431, 40.649666 ], [ -74.095456, 40.64969 ], [ -74.096008, 40.651148 ] ] } },
{ "type": "Feature", "properties": { "id": "11630797-88", "name": "Commerce Street", "class": "residential", "is_priority": false }, "geometry": { "type": "LineString", "coordinates": [ [ -74.096008, 40.651148 ], [ -74.09638, 40.652133 ] ] } },
{ "type": "Feature", "properties": { "id": "11630798-89", "name": "West Drive", "class": "residential", "is_priority": false }, "geometry": { "type": "LineString", "coordinates": [ [ -74.121315, 40.673992 ], [ -74.120193, 40.675267 ] ] } },
{ "type": "Feature", "properties": { "id": "11630799-90", "name": "East 15th Street", "class": "residential", "is_priority": false }, "geometry": { "type": "LineString", "coordinates": [ [ -74.123136, 40.658168 ], [ -74.121158, 40.65718 ] ] } },
{ "type": "Feature", "properties": { "id": "11630799-91", "name": "East 15th Street", "class": "residential", "is_priority": false }, "geometry": { "type": "LineString", "coordinates": [ [ -74.121158, 40.65718 ], [ -74.120814, 40.657008 ] ] } },
{ "type": "Feature", "properties": { "id": "11630801-92", "name": "West 56th Street", "class": "residential", "is_priority": false }, "geometry": { "type": "LineString", "coordinates": [ [ -74.105621, 40.689506 ], [ -74.103636, 40.688525 ] ] } },
{ "type": "Feature", "properties": { "id": "11630801-93", "name": "West 56th Street", "class": "residential", "is_priority": false }, "geometry": { "type": "LineString", "coordinates": [ [ -74.103636, 40.688525 ], [ -74.10165, 40.687545 ] ] } },
{ "type": "Feature", "properties": { "id": "11630801-94", "name": "West 56th Street", "class": "residential", "is_priority": false }, "geometry": { "type": "LineString", "coordinates": [ [ -74.10165, 40.687545 ], [ -74.101592, 40.687516 ] ] } },
{ "type": "Feature", "properties": { "id": "11630819-95", "name": "Marion Court", "class": "residential", "is_priority": false }, "geometry": { "type": "LineString", "coordinates": [ [ -74.128235, 40.647877 ], [ -74.128616, 40.647875 ], [ -74.128763, 40.647782 ], [ -74.129659, 40.647768 ] ] } },
{ "type": "Feature", "properties": { "id": "11630823-96", "name": "Egan Court", "class": "residential", "is_priority": false }, "geometry": { "type": "LineString", "coordinates": [ [ -74.12568, 40.649016 ], [ -74.124758, 40.649021 ] ] } },
{ "type": "Feature", "properties": { "id": "11630836-97", "name": "Dodge Street", "class": "residential", "is_priority": false }, "geometry": { "type": "LineString", "coordinates": [ [ -74.127881, 40.652542 ], [ -74.126294, 40.651746 ], [ -74.125933, 40.651522 ] ] } },
{ "type": "Feature", "properties": { "id": "11630836-98", "name": "Dodge Street", "class": "residential", "is_priority": false }, "geometry": { "type": "LineString", "coordinates": [ [ -74.125933, 40.651522 ], [ -74.125849, 40.65147 ] ] } },
{ "type": "Feature", "properties": { "id": "11630854-99", "name": "Colonial Drive", "class": "residential", "is_priority": false }, "geometry": { "type": "LineString", "coordinates": [ [ -74.105187, 40.696558 ], [ -74.105103, 40.69628 ], [ -74.104863, 40.695841 ], [ -74.104653, 40.695627 ], [ -74.104369, 40.69541 ], [ -74.104169, 40.695262 ], [ -74.103904, 40.695107 ] ] } },
{ "type": "Feature", "properties": { "id": "11630854-100", "name": "Colonial Drive", "class": "residential", "is_priority": false }, "geometry": { "type": "LineString", "coordinates": [ [ -74.103904, 40.695107 ], [ -74.103599, 40.694969 ] ] } },
{ "type": "Feature", "properties": { "id": "11630860-101", "name": "East 41st Street", "class": "residential", "is_priority": false }, "geometry": { "type": "LineString", "coordinates": [ [ -74.106891, 40.677375 ], [ -74.104896, 40.676406 ] ] } },
{ "type": "Feature", "properties": { "id": "11630860-102", "name": "East 41st Street", "class": "residential", "is_priority": false }, "geometry": { "type": "LineString", "coordinates": [ [ -74.104896, 40.676406 ], [ -74.104556, 40.67624 ] ] } },
{ "type": "Feature", "properties": { "id": "11630868-103", "name": "Columbus Drive", "class": "residential", "is_priority": false }, "geometry": { "type": "LineString", "coordinates": [ [ -74.121353, 40.65406 ], [ -74.121342, 40.653779 ], [ -74.121294, 40.653714 ], [ -74.120752, 40.653433 ], [ -74.120656, 40.653392 ], [ -74.12057, 40.653376 ] ] } },
{ "type": "Feature", "properties": { "id": "11630881-104", "name": "West 49th Street", "class": "residential", "is_priority": false }, "geometry": { "type": "LineString", "coordinates": [ [ -74.111156, 40.686267 ], [ -74.109166, 40.685292 ] ] } },
{ "type": "Feature", "properties": { "id": "11630881-105", "name": "West 49th Street", "class": "residential", "is_priority": false }, "geometry": { "type": "LineString", "coordinates": [ [ -74.109166, 40.685292 ], [ -74.109088, 40.685254 ] ] } },
{ "type": "Feature", "properties": { "id": "11630896-106", "name": "West 45th Street", "class": "tertiary", "is_priority": false }, "geometry": { "type": "LineString", "coordinates": [ [ -74.110951, 40.682741 ], [ -74.108952, 40.681776 ] ] } },
{ "type": "Feature", "properties": { "id": "11630896-107", "name": "West 45th Street", "class": "tertiary", "is_priority": false }, "geometry": { "type": "LineString", "coordinates": [ [ -74.108952, 40.681776 ], [ -74.106953, 40.680812 ] ] } },
{ "type": "Feature", "properties": { "id": "11630896-108", "name": "West 45th Street", "class": "tertiary", "is_priority": false }, "geometry": { "type": "LineString", "coordinates": [ [ -74.106953, 40.680812 ], [ -74.104964, 40.679836 ] ] } },
{ "type": "Feature", "properties": { "id": "11630896-109", "name": "West 45th Street", "class": "tertiary", "is_priority": false }, "geometry": { "type": "LineString", "coordinates": [ [ -74.104964, 40.679836 ], [ -74.104853, 40.679782 ] ] } },
{ "type": "Feature", "properties": { "id": "11630897-110", "name": "West 5th Street", "class": "tertiary", "is_priority": false }, "geometry": { "type": "LineString", "coordinates": [ [ -74.130223, 40.651386 ], [ -74.128275, 40.65142 ] ] } },
{ "type": "Feature", "properties": { "id": "11630898-111", "name": "West 5th Street", "class": "residential", "is_priority": false }, "geometry": { "type": "LineString", "coordinates": [ [ -74.13549, 40.651504 ], [ -74.136254, 40.65189 ] ] } },
{ "type": "Feature", "properties": { "id": "11630899-112", "name": "Park Road", "class": "residential", "is_priority": false }, "geometry": { "type": "LineString", "coordinates": [ [ -74.125149, 40.669684 ], [ -74.124103, 40.670951 ] ] } },
{ "type": "Feature", "properties": { "id": "11630900-113", "name": "LaTourette Place", "class": "residential", "is_priority": false }, "geometry": { "type": "LineString", "coordinates": [ [ -74.128263, 40.650703 ], [ -74.129527, 40.650678 ] ] } },
{ "type": "Feature", "properties": { "id": "11630949-114", "name": "West 2nd Street", "class": "residential", "is_priority": false }, "geometry": { "type": "LineString", "coordinates": [ [ -74.128231, 40.647072 ], [ -74.130596, 40.647051 ] ] } },
{ "type": "Feature", "properties": { "id": "11630949-115", "name": "West 2nd Street", "class": "residential", "is_priority": false }, "geometry": { "type": "LineString", "coordinates": [ [ -74.130596, 40.647051 ], [ -74.130675, 40.64705 ] ] } },
{ "type": "Feature", "properties": { "id": "11630968-116", "name": "West 38th Street", "class": "residential", "is_priority": false }, "geometry": { "type": "LineString", "coordinates": [ [ -74.108421, 40.675569 ], [ -74.110412, 40.676543 ] ] } },
{ "type": "Feature", "properties": { "id": "11630968-117", "name": "West 38th Street", "class": "residential", "is_priority": false }, "geometry": { "type": "LineString", "coordinates": [ [ -74.110412, 40.676543 ], [ -74.112395, 40.677526 ] ] } },
{ "type": "Feature", "properties": { "id": "11630968-118", "name": "West 38th Street", "class": "residential", "is_priority": false }, "geometry": { "type": "LineString", "coordinates": [ [ -74.112395, 40.677526 ], [ -74.114123, 40.678381 ] ] } },
{ "type": "Feature", "properties": { "id": "11630986-119", "name": "Old Hook Road", "class": "tertiary", "is_priority": false }, "geometry": { "type": "LineString", "coordinates": [ [ -74.11504, 40.65993 ], [ -74.113679, 40.659661 ] ] } },
{ "type": "Feature", "properties": { "id": "11630987-120", "name": "", "class": "tertiary_link", "is_priority": false }, "geometry": { "type": "LineString", "coordinates": [ [ -74.112198, 40.659462 ], [ -74.112049, 40.659501 ], [ -74.111995, 40.659531 ], [ -74.111957, 40.65958 ], [ -74.111952, 40.659641 ], [ -74.112013, 40.659724 ] ] } },
{ "type": "Feature", "properties": { "id": "11630990-121", "name": "East 46th Street", "class": "residential", "is_priority": false }, "geometry": { "type": "LineString", "coordinates": [ [ -74.102016, 40.679243 ], [ -74.104013, 40.68021 ] ] } },
{ "type": "Feature", "properties": { "id": "11630990-122", "name": "East 46th Street", "class": "residential", "is_priority": false }, "geometry": { "type": "LineString", "coordinates": [ [ -74.104013, 40.68021 ], [ -74.10435, 40.680373 ] ] } },
{ "type": "Feature", "properties": { "id": "11630991-123", "name": "Joan Ree Terrace", "class": "residential", "is_priority": false }, "geometry": { "type": "LineString", "coordinates": [ [ -74.113168, 40.673885 ], [ -74.113909, 40.674229 ] ] } },
{ "type": "Feature", "properties": { "id": "11631035-124", "name": "West 22nd Street", "class": "residential", "is_priority": false }, "geometry": { "type": "LineString", "coordinates": [ [ -74.118896, 40.663168 ], [ -74.120886, 40.664143 ] ] } },
{ "type": "Feature", "properties": { "id": "11631035-125", "name": "West 22nd Street", "class": "residential", "is_priority": false }, "geometry": { "type": "LineString", "coordinates": [ [ -74.120886, 40.664143 ], [ -74.122868, 40.665126 ] ] } },
{ "type": "Feature", "properties": { "id": "11631035-126", "name": "West 22nd Street", "class": "residential", "is_priority": false }, "geometry": { "type": "LineString", "coordinates": [ [ -74.122868, 40.665126 ], [ -74.123522, 40.665447 ] ] } },
{ "type": "Feature", "properties": { "id": "11631041-127", "name": "Andrew Street", "class": "residential", "is_priority": false }, "geometry": { "type": "LineString", "coordinates": [ [ -74.121384, 40.660239 ], [ -74.123383, 40.661203 ] ] } },
{ "type": "Feature", "properties": { "id": "11631041-128", "name": "Andrew Street", "class": "residential", "is_priority": false }, "geometry": { "type": "LineString", "coordinates": [ [ -74.123383, 40.661203 ], [ -74.125366, 40.662186 ] ] } },
{ "type": "Feature", "properties": { "id": "11631041-129", "name": "Andrew Street", "class": "residential", "is_priority": false }, "geometry": { "type": "LineString", "coordinates": [ [ -74.125366, 40.662186 ], [ -74.126022, 40.662513 ] ] } },
{ "type": "Feature", "properties": { "id": "11631056-130", "name": "West 4th Street", "class": "residential", "is_priority": false }, "geometry": { "type": "LineString", "coordinates": [ [ -74.130314, 40.649965 ], [ -74.131638, 40.649945 ], [ -74.132183, 40.64996 ], [ -74.132679, 40.649956 ] ] } },
{ "type": "Feature", "properties": { "id": "11631056-131", "name": "West 4th Street", "class": "residential", "is_priority": false }, "geometry": { "type": "LineString", "coordinates": [ [ -74.132679, 40.649956 ], [ -74.134395, 40.649923 ], [ -74.135032, 40.650018 ] ] } },
{ "type": "Feature", "properties": { "id": "11631056-132", "name": "West 4th Street", "class": "residential", "is_priority": false }, "geometry": { "type": "LineString", "coordinates": [ [ -74.135032, 40.650018 ], [ -74.136274, 40.650212 ], [ -74.136417, 40.650248 ] ] } },
{ "type": "Feature", "properties": { "id": "11631058-133", "name": "Evergreen Street", "class": "residential", "is_priority": false }, "geometry": { "type": "LineString", "coordinates": [ [ -74.126703, 40.653894 ], [ -74.125833, 40.65399 ], [ -74.124614, 40.653342 ] ] } },
{ "type": "Feature", "properties": { "id": "11631058-134", "name": "Evergreen Street", "class": "residential", "is_priority": false }, "geometry": { "type": "LineString", "coordinates": [ [ -74.124614, 40.653342 ], [ -74.123118, 40.652584 ], [ -74.122654, 40.652333 ] ] } },
{ "type": "Feature", "properties": { "id": "11631058-135", "name": "Evergreen Street", "class": "residential", "is_priority": false }, "geometry": { "type": "LineString", "coordinates": [ [ -74.122654, 40.652333 ], [ -74.121479, 40.651697 ] ] } },
{ "type": "Feature", "properties": { "id": "11631090-136", "name": "Prospect Avenue", "class": "residential", "is_priority": false }, "geometry": { "type": "LineString", "coordinates": [ [ -74.116986, 40.659687 ], [ -74.11571, 40.661204 ] ] } },
{ "type": "Feature", "properties": { "id": "11631090-137", "name": "Prospect Avenue", "class": "residential", "is_priority": false }, "geometry": { "type": "LineString", "coordinates": [ [ -74.11571, 40.661204 ], [ -74.114417, 40.662713 ] ] } },
{ "type": "Feature", "properties": { "id": "11631090-138", "name": "Prospect Avenue", "class": "residential", "is_priority": false }, "geometry": { "type": "LineString", "coordinates": [ [ -74.114417, 40.662713 ], [ -74.113137, 40.664228 ] ] } },
{ "type": "Feature", "properties": { "id": "11631090-139", "name": "Prospect Avenue", "class": "residential", "is_priority": false }, "geometry": { "type": "LineString", "coordinates": [ [ -74.113137, 40.664228 ], [ -74.111863, 40.665746 ] ] } },
{ "type": "Feature", "properties": { "id": "11631090-140", "name": "Prospect Avenue", "class": "residential", "is_priority": false }, "geometry": { "type": "LineString", "coordinates": [ [ -74.111863, 40.665746 ], [ -74.11058, 40.66726 ] ] } },
{ "type": "Feature", "properties": { "id": "11631090-141", "name": "Prospect Avenue", "class": "residential", "is_priority": false }, "geometry": { "type": "LineString", "coordinates": [ [ -74.11058, 40.66726 ], [ -74.10961, 40.668367 ], [ -74.109287, 40.668768 ] ] } },
{ "type": "Feature", "properties": { "id": "11631090-142", "name": "Prospect Avenue", "class": "residential", "is_priority": false }, "geometry": { "type": "LineString", "coordinates": [ [ -74.109287, 40.668768 ], [ -74.108784, 40.669391 ] ] } },
{ "type": "Feature", "properties": { "id": "11631091-143", "name": "West 27th Street", "class": "residential", "is_priority": false }, "geometry": { "type": "LineString", "coordinates": [ [ -74.11548, 40.667221 ], [ -74.117468, 40.668198 ] ] } },
{ "type": "Feature", "properties": { "id": "11631091-144", "name": "West 27th Street", "class": "residential", "is_priority": false }, "geometry": { "type": "LineString", "coordinates": [ [ -74.117468, 40.668198 ], [ -74.119456, 40.669174 ] ] } },
{ "type": "Feature", "properties": { "id": "11631091-145", "name": "West 27th Street", "class": "residential", "is_priority": false }, "geometry": { "type": "LineString", "coordinates": [ [ -74.119456, 40.669174 ], [ -74.121445, 40.670151 ] ] } },
{ "type": "Feature", "properties": { "id": "11631091-146", "name": "West 27th Street", "class": "residential", "is_priority": false }, "geometry": { "type": "LineString", "coordinates": [ [ -74.121445, 40.670151 ], [ -74.122159, 40.670501 ] ] } },
{ "type": "Feature", "properties": { "id": "11631092-147", "name": "West 27th Street", "class": "residential", "is_priority": false }, "geometry": { "type": "LineString", "coordinates": [ [ -74.122414, 40.670202 ], [ -74.123864, 40.670934 ] ] } },
{ "type": "Feature", "properties": { "id": "11631109-148", "name": "East Grand Street", "class": "residential", "is_priority": false }, "geometry": { "type": "LineString", "coordinates": [ [ -74.102259, 40.681062 ], [ -74.101437, 40.679927 ] ] } },
{ "type": "Feature", "properties": { "id": "11631127-149", "name": "East 35th Street", "class": "residential", "is_priority": false }, "geometry": { "type": "LineString", "coordinates": [ [ -74.109932, 40.673784 ], [ -74.107944, 40.672807 ] ] } },
{ "type": "Feature", "properties": { "id": "11631127-150", "name": "East 35th Street", "class": "residential", "is_priority": false }, "geometry": { "type": "LineString", "coordinates": [ [ -74.107944, 40.672807 ], [ -74.107601, 40.672638 ] ] } },
{ "type": "Feature", "properties": { "id": "11631131-151", "name": "Isabella Avenue", "class": "residential", "is_priority": false }, "geometry": { "type": "LineString", "coordinates": [ [ -74.12065, 40.652155 ], [ -74.120516, 40.652285 ], [ -74.120216, 40.652126 ], [ -74.119851, 40.652546 ], [ -74.119771, 40.652672 ], [ -74.119722, 40.65281 ], [ -74.119706, 40.652961 ], [ -74.119718, 40.653381 ] ] } },
{ "type": "Feature", "properties": { "id": "11631131-152", "name": "Isabella Avenue", "class": "residential", "is_priority": false }, "geometry": { "type": "LineString", "coordinates": [ [ -74.119718, 40.653381 ], [ -74.119738, 40.654092 ] ] } },
{ "type": "Feature", "properties": { "id": "11631132-153", "name": "Isabella Avenue", "class": "residential", "is_priority": false }, "geometry": { "type": "LineString", "coordinates": [ [ -74.121623, 40.651541 ], [ -74.120913, 40.652289 ] ] } },
{ "type": "Feature", "properties": { "id": "11631142-154", "name": "Parkside Lane", "class": "residential", "is_priority": false }, "geometry": { "type": "LineString", "coordinates": [ [ -74.127876, 40.661773 ], [ -74.127312, 40.662453 ], [ -74.12718, 40.662635 ] ] } },
{ "type": "Feature", "properties": { "id": "11631167-155", "name": "Oak Street", "class": "residential", "is_priority": false }, "geometry": { "type": "LineString", "coordinates": [ [ -74.124275, 40.654011 ], [ -74.12191, 40.65405 ] ] } },
{ "type": "Feature", "properties": { "id": "11631167-156", "name": "Oak Street", "class": "residential", "is_priority": false }, "geometry": { "type": "LineString", "coordinates": [ [ -74.12191, 40.65405 ], [ -74.12002, 40.654104 ], [ -74.119546, 40.654097 ] ] } },
{ "type": "Feature", "properties": { "id": "11631167-157", "name": "Oak Street", "class": "residential", "is_priority": false }, "geometry": { "type": "LineString", "coordinates": [ [ -74.119546, 40.654097 ], [ -74.11911, 40.654102 ], [ -74.11902, 40.654072 ], [ -74.118939, 40.654022 ] ] } },
{ "type": "Feature", "properties": { "id": "11631177-158", "name": "Herrick Court", "class": "residential", "is_priority": false }, "geometry": { "type": "LineString", "coordinates": [ [ -74.123633, 40.656251 ], [ -74.122903, 40.657135 ] ] } },
{ "type": "Feature", "properties": { "id": "11631180-159", "name": "Howard Place", "class": "residential", "is_priority": false }, "geometry": { "type": "LineString", "coordinates": [ [ -74.133773, 40.656144 ], [ -74.133876, 40.656214 ], [ -74.134012, 40.656264 ], [ -74.134146, 40.656279 ] ] } },
{ "type": "Feature", "properties": { "id": "11631184-160", "name": "Pier Street", "class": "residential", "is_priority": false }, "geometry": { "type": "LineString", "coordinates": [ [ -74.12049, 40.648554 ], [ -74.119313, 40.648526 ] ] } },
{ "type": "Feature", "properties": { "id": "11631210-161", "name": "Schuyler Place", "class": "residential", "is_priority": false }, "geometry": { "type": "LineString", "coordinates": [ [ -74.134416, 40.655521 ], [ -74.135424, 40.656004 ] ] } },
{ "type": "Feature", "properties": { "id": "11631237-162", "name": "Humphrey Avenue", "class": "residential", "is_priority": false }, "geometry": { "type": "LineString", "coordinates": [ [ -74.135398, 40.646063 ], [ -74.134942, 40.64783 ] ] } },
{ "type": "Feature", "properties": { "id": "11631237-163", "name": "Humphrey Avenue", "class": "residential", "is_priority": false }, "geometry": { "type": "LineString", "coordinates": [ [ -74.134942, 40.64783 ], [ -74.13448, 40.649597 ] ] } },
{ "type": "Feature", "properties": { "id": "11631237-164", "name": "Humphrey Avenue", "class": "residential", "is_priority": false }, "geometry": { "type": "LineString", "coordinates": [ [ -74.13448, 40.649597 ], [ -74.134049, 40.651368 ] ] } },
{ "type": "Feature", "properties": { "id": "11631237-165", "name": "Humphrey Avenue", "class": "residential", "is_priority": false }, "geometry": { "type": "LineString", "coordinates": [ [ -74.134049, 40.651368 ], [ -74.133966, 40.653169 ] ] } },
{ "type": "Feature", "properties": { "id": "11631237-166", "name": "Humphrey Avenue", "class": "residential", "is_priority": false }, "geometry": { "type": "LineString", "coordinates": [ [ -74.133966, 40.653169 ], [ -74.133956, 40.653431 ] ] } },
{ "type": "Feature", "properties": { "id": "11631239-167", "name": "East 24th Street", "class": "residential", "is_priority": false }, "geometry": { "type": "LineString", "coordinates": [ [ -74.115203, 40.663638 ], [ -74.11719, 40.664617 ] ] } },
{ "type": "Feature", "properties": { "id": "11631239-168", "name": "East 24th Street", "class": "residential", "is_priority": false }, "geometry": { "type": "LineString", "coordinates": [ [ -74.11719, 40.664617 ], [ -74.117541, 40.66479 ] ] } },
{ "type": "Feature", "properties": { "id": "11631240-169", "name": "East 24th Street", "class": "residential", "is_priority": false }, "geometry": { "type": "LineString", "coordinates": [ [ -74.113936, 40.663274 ], [ -74.111968, 40.662274 ] ] } },
{ "type": "Feature", "properties": { "id": "11631240-170", "name": "East 24th Street", "class": "residential", "is_priority": false }, "geometry": { "type": "LineString", "coordinates": [ [ -74.111968, 40.662274 ], [ -74.11188, 40.662229 ] ] } },
{ "type": "Feature", "properties": { "id": "11631245-171", "name": "Country Village Court", "class": "residential", "is_priority": false }, "geometry": { "type": "LineString", "coordinates": [ [ -74.12912, 40.662385 ], [ -74.12858, 40.663107 ], [ -74.129693, 40.66358 ] ] } },
{ "type": "Feature", "properties": { "id": "11631245-172", "name": "Country Village Court", "class": "residential", "is_priority": false }, "geometry": { "type": "LineString", "coordinates": [ [ -74.129693, 40.66358 ], [ -74.129714, 40.663589 ] ] } },
{ "type": "Feature", "properties": { "id": "11631247-173", "name": "Juliette Street", "class": "residential", "is_priority": false }, "geometry": { "type": "LineString", "coordinates": [ [ -74.135538, 40.649245 ], [ -74.13692, 40.649453 ], [ -74.13704, 40.649486 ] ] } },
{ "type": "Feature", "properties": { "id": "11631259-174", "name": "East 53rd Street", "class": "tertiary", "is_priority": false }, "geometry": { "type": "LineString", "coordinates": [ [ -74.100063, 40.684225 ], [ -74.099311, 40.683858 ] ] } },
{ "type": "Feature", "properties": { "id": "11631275-175", "name": "East 29th Street", "class": "residential", "is_priority": false }, "geometry": { "type": "LineString", "coordinates": [ [ -74.110942, 40.666832 ], [ -74.109721, 40.666233 ] ] } },
{ "type": "Feature", "properties": { "id": "11631276-176", "name": "East 29th Street", "class": "residential", "is_priority": false }, "geometry": { "type": "LineString", "coordinates": [ [ -74.112043, 40.667394 ], [ -74.114018, 40.668386 ] ] } },
{ "type": "Feature", "properties": { "id": "11631276-177", "name": "East 29th Street", "class": "residential", "is_priority": false }, "geometry": { "type": "LineString", "coordinates": [ [ -74.114018, 40.668386 ], [ -74.11435, 40.668553 ] ] } },
{ "type": "Feature", "properties": { "id": "11631301-178", "name": "New Hook Road", "class": "residential", "is_priority": false }, "geometry": { "type": "LineString", "coordinates": [ [ -74.099185, 40.651994 ], [ -74.099128, 40.652005 ], [ -74.097411, 40.652029 ], [ -74.096826, 40.652081 ] ] } },
{ "type": "Feature", "properties": { "id": "11631301-179", "name": "New Hook Road", "class": "residential", "is_priority": false }, "geometry": { "type": "LineString", "coordinates": [ [ -74.096826, 40.652081 ], [ -74.09638, 40.652133 ], [ -74.0958, 40.652266 ], [ -74.095303, 40.652405 ], [ -74.095052, 40.652495 ], [ -74.094818, 40.652613 ], [ -74.094649, 40.652721 ] ] } },
{ "type": "Feature", "properties": { "id": "11631301-180", "name": "New Hook Road", "class": "residential", "is_priority": false }, "geometry": { "type": "LineString", "coordinates": [ [ -74.094649, 40.652721 ], [ -74.094341, 40.653004 ], [ -74.094224, 40.653156 ], [ -74.094132, 40.653325 ], [ -74.094017, 40.653682 ], [ -74.094001, 40.653843 ], [ -74.094014, 40.654002 ], [ -74.094125, 40.654253 ], [ -74.094215, 40.654353 ] ] } },
{ "type": "Feature", "properties": { "id": "11631301-181", "name": "New Hook Road", "class": "residential", "is_priority": false }, "geometry": { "type": "LineString", "coordinates": [ [ -74.094215, 40.654353 ], [ -74.094321, 40.654484 ], [ -74.094389, 40.654602 ], [ -74.094415, 40.654695 ], [ -74.094429, 40.65485 ], [ -74.094363, 40.655154 ], [ -74.094402, 40.655282 ], [ -74.094602, 40.655601 ], [ -74.094633, 40.655721 ], [ -74.094627, 40.656071 ] ] } },
{ "type": "Feature", "properties": { "id": "11631301-182", "name": "New Hook Road", "class": "residential", "is_priority": false }, "geometry": { "type": "LineString", "coordinates": [ [ -74.094627, 40.656071 ], [ -74.094629, 40.656117 ], [ -74.094451, 40.656481 ], [ -74.094431, 40.6566 ], [ -74.094445, 40.656825 ], [ -74.094488, 40.656939 ], [ -74.094565, 40.657056 ], [ -74.094686, 40.657176 ], [ -74.094805, 40.657249 ], [ -74.095383, 40.657496 ] ] } },
{ "type": "Feature", "properties": { "id": "11631301-183", "name": "New Hook Road", "class": "residential", "is_priority": false }, "geometry": { "type": "LineString", "coordinates": [ [ -74.095383, 40.657496 ], [ -74.096576, 40.65799 ], [ -74.097508, 40.658282 ] ] } },
{ "type": "Feature", "properties": { "id": "11631301-184", "name": "New Hook Road", "class": "residential", "is_priority": false }, "geometry": { "type": "LineString", "coordinates": [ [ -74.097508, 40.658282 ], [ -74.099729, 40.658903 ] ] } },
{ "type": "Feature", "properties": { "id": "11631301-185", "name": "New Hook Road", "class": "residential", "is_priority": false }, "geometry": { "type": "LineString", "coordinates": [ [ -74.099729, 40.658903 ], [ -74.100587, 40.659143 ], [ -74.100861, 40.659236 ], [ -74.101317, 40.659464 ], [ -74.101749, 40.659786 ] ] } },
{ "type": "Feature", "properties": { "id": "11631301-186", "name": "New Hook Road", "class": "residential", "is_priority": false }, "geometry": { "type": "LineString", "coordinates": [ [ -74.101749, 40.659786 ], [ -74.102288, 40.660211 ] ] } },
{ "type": "Feature", "properties": { "id": "11631331-187", "name": "Bayview Court", "class": "residential", "is_priority": false }, "geometry": { "type": "LineString", "coordinates": [ [ -74.137828, 40.651814 ], [ -74.137899, 40.651865 ], [ -74.138485, 40.652164 ] ] } },
{ "type": "Feature", "properties": { "id": "11631333-188", "name": "Zabriskie Avenue", "class": "residential", "is_priority": false }, "geometry": { "type": "LineString", "coordinates": [ [ -74.131368, 40.649949 ], [ -74.13157, 40.648154 ] ] } },
{ "type": "Feature", "properties": { "id": "11631333-189", "name": "Zabriskie Avenue", "class": "residential", "is_priority": false }, "geometry": { "type": "LineString", "coordinates": [ [ -74.13157, 40.648154 ], [ -74.131761, 40.646358 ] ] } },
{ "type": "Feature", "properties": { "id": "11631333-190", "name": "Zabriskie Avenue", "class": "residential", "is_priority": false }, "geometry": { "type": "LineString", "coordinates": [ [ -74.131761, 40.646358 ], [ -74.131866, 40.645568 ] ] } },
{ "type": "Feature", "properties": { "id": "11631376-191", "name": "Kelly Parkway", "class": "residential", "is_priority": false }, "geometry": { "type": "LineString", "coordinates": [ [ -74.129214, 40.64525 ], [ -74.129216, 40.647052 ] ] } },
{ "type": "Feature", "properties": { "id": "11631376-192", "name": "Kelly Parkway", "class": "residential", "is_priority": false }, "geometry": { "type": "LineString", "coordinates": [ [ -74.129216, 40.647052 ], [ -74.129216, 40.647063 ] ] } },
{ "type": "Feature", "properties": { "id": "11631379-193", "name": "East 18th Street", "class": "residential", "is_priority": false }, "geometry": { "type": "LineString", "coordinates": [ [ -74.118831, 40.659346 ], [ -74.119634, 40.659741 ], [ -74.119884, 40.659888 ], [ -74.120801, 40.660342 ] ] } },
{ "type": "Feature", "properties": { "id": "11631379-194", "name": "East 18th Street", "class": "residential", "is_priority": false }, "geometry": { "type": "LineString", "coordinates": [ [ -74.120801, 40.660342 ], [ -74.121145, 40.660517 ] ] } },
{ "type": "Feature", "properties": { "id": "11631396-195", "name": "East 3rd Street", "class": "residential", "is_priority": false }, "geometry": { "type": "LineString", "coordinates": [ [ -74.128255, 40.648462 ], [ -74.12589, 40.648485 ] ] } },
{ "type": "Feature", "properties": { "id": "11631396-196", "name": "East 3rd Street", "class": "residential", "is_priority": false }, "geometry": { "type": "LineString", "coordinates": [ [ -74.12589, 40.648485 ], [ -74.123949, 40.648523 ] ] } },
{ "type": "Feature", "properties": { "id": "11631397-197", "name": "West 42nd Street", "class": "residential", "is_priority": false }, "geometry": { "type": "LineString", "coordinates": [ [ -74.106383, 40.677974 ], [ -74.108366, 40.678958 ] ] } },
{ "type": "Feature", "properties": { "id": "11631397-198", "name": "West 42nd Street", "class": "residential", "is_priority": false }, "geometry": { "type": "LineString", "coordinates": [ [ -74.108366, 40.678958 ], [ -74.110349, 40.67994 ] ] } },
{ "type": "Feature", "properties": { "id": "11631397-199", "name": "West 42nd Street", "class": "residential", "is_priority": false }, "geometry": { "type": "LineString", "coordinates": [ [ -74.110349, 40.67994 ], [ -74.111045, 40.680283 ], [ -74.11231, 40.680867 ] ] } },
{ "type": "Feature", "properties": { "id": "11631401-200", "name": "Parkview Terrace", "class": "residential", "is_priority": false }, "geometry": { "type": "LineString", "coordinates": [ [ -74.12381, 40.669867 ], [ -74.123202, 40.6706 ] ] } },
{ "type": "Feature", "properties": { "id": "11631418-201", "name": "Pavonia Court", "class": "residential", "is_priority": false }, "geometry": { "type": "LineString", "coordinates": [ [ -74.13087, 40.659057 ], [ -74.131967, 40.659607 ] ] } },
{ "type": "Feature", "properties": { "id": "11631429-202", "name": "West 34th Street", "class": "residential", "is_priority": false }, "geometry": { "type": "LineString", "coordinates": [ [ -74.110456, 40.673179 ], [ -74.112441, 40.67416 ] ] } },
{ "type": "Feature", "properties": { "id": "11631429-203", "name": "West 34th Street", "class": "residential", "is_priority": false }, "geometry": { "type": "LineString", "coordinates": [ [ -74.112441, 40.67416 ], [ -74.114437, 40.675127 ] ] } },
{ "type": "Feature", "properties": { "id": "11631429-204", "name": "West 34th Street", "class": "residential", "is_priority": false }, "geometry": { "type": "LineString", "coordinates": [ [ -74.114437, 40.675127 ], [ -74.116306, 40.676045 ] ] } },
{ "type": "Feature", "properties": { "id": "11631430-205", "name": "West 30th Street", "class": "tertiary", "is_priority": false }, "geometry": { "type": "LineString", "coordinates": [ [ -74.118499, 40.671429 ], [ -74.116508, 40.670455 ] ] } },
{ "type": "Feature", "properties": { "id": "11631430-206", "name": "West 30th Street", "class": "tertiary", "is_priority": false }, "geometry": { "type": "LineString", "coordinates": [ [ -74.116508, 40.670455 ], [ -74.114518, 40.669481 ] ] } },
{ "type": "Feature", "properties": { "id": "11631430-207", "name": "West 30th Street", "class": "tertiary", "is_priority": false }, "geometry": { "type": "LineString", "coordinates": [ [ -74.114518, 40.669481 ], [ -74.113845, 40.669151 ] ] } },
{ "type": "Feature", "properties": { "id": "11631448-208", "name": "West 23rd Street", "class": "residential", "is_priority": false }, "geometry": { "type": "LineString", "coordinates": [ [ -74.124622, 40.66713 ], [ -74.123336, 40.666482 ], [ -74.122634, 40.666152 ] ] } },
{ "type": "Feature", "properties": { "id": "11631448-209", "name": "West 23rd Street", "class": "residential", "is_priority": false }, "geometry": { "type": "LineString", "coordinates": [ [ -74.122634, 40.666152 ], [ -74.120641, 40.665182 ] ] } },
{ "type": "Feature", "properties": { "id": "11631448-210", "name": "West 23rd Street", "class": "residential", "is_priority": false }, "geometry": { "type": "LineString", "coordinates": [ [ -74.120641, 40.665182 ], [ -74.118657, 40.664201 ] ] } },
{ "type": "Feature", "properties": { "id": "11631448-211", "name": "West 23rd Street", "class": "residential", "is_priority": false }, "geometry": { "type": "LineString", "coordinates": [ [ -74.118657, 40.664201 ], [ -74.118214, 40.663985 ] ] } },
{ "type": "Feature", "properties": { "id": "11631455-212", "name": "Broadway", "class": "tertiary", "is_priority": false }, "geometry": { "type": "LineString", "coordinates": [ [ -74.126358, 40.654324 ], [ -74.126211, 40.65453 ], [ -74.125099, 40.655849 ] ] } },
{ "type": "Feature", "properties": { "id": "11631455-213", "name": "Broadway", "class": "tertiary", "is_priority": false }, "geometry": { "type": "LineString", "coordinates": [ [ -74.125099, 40.655849 ], [ -74.123814, 40.657361 ] ] } },
{ "type": "Feature", "properties": { "id": "11631455-214", "name": "Broadway", "class": "tertiary", "is_priority": false }, "geometry": { "type": "LineString", "coordinates": [ [ -74.123814, 40.657361 ], [ -74.12254, 40.658879 ] ] } },
{ "type": "Feature", "properties": { "id": "11631455-215", "name": "Broadway", "class": "tertiary", "is_priority": false }, "geometry": { "type": "LineString", "coordinates": [ [ -74.12254, 40.658879 ], [ -74.121253, 40.660391 ] ] } },
{ "type": "Feature", "properties": { "id": "11631455-216", "name": "Broadway", "class": "tertiary", "is_priority": false }, "geometry": { "type": "LineString", "coordinates": [ [ -74.121253, 40.660391 ], [ -74.120399, 40.661399 ] ] } },
{ "type": "Feature", "properties": { "id": "11631460-217", "name": "West 8th Street", "class": "secondary", "is_priority": false }, "geometry": { "type": "LineString", "coordinates": [ [ -74.129062, 40.654846 ], [ -74.128906, 40.654849 ], [ -74.128692, 40.654808 ], [ -74.127713, 40.654344 ], [ -74.127445, 40.654283 ], [ -74.12689, 40.654281 ] ] } },
{ "type": "Feature", "properties": { "id": "11631460-218", "name": "West 8th Street", "class": "secondary", "is_priority": false }, "geometry": { "type": "LineString", "coordinates": [ [ -74.12689, 40.654281 ], [ -74.126358, 40.654324 ] ] } },
{ "type": "Feature", "properties": { "id": "11631461-219", "name": "West 8th Street", "class": "residential", "is_priority": false }, "geometry": { "type": "LineString", "coordinates": [ [ -74.132943, 40.656929 ], [ -74.130954, 40.655954 ] ] } },
{ "type": "Feature", "properties": { "id": "11631461-220", "name": "West 8th Street", "class": "residential", "is_priority": false }, "geometry": { "type": "LineString", "coordinates": [ [ -74.130954, 40.655954 ], [ -74.12906, 40.655046 ] ] } },
{ "type": "Feature", "properties": { "id": "11631462-221", "name": "West 8th Street", "class": "residential", "is_priority": false }, "geometry": { "type": "LineString", "coordinates": [ [ -74.132744, 40.65713 ], [ -74.134442, 40.658 ] ] } },
{ "type": "Feature", "properties": { "id": "11631476-222", "name": "Pamrapo Court", "class": "residential", "is_priority": false }, "geometry": { "type": "LineString", "coordinates": [ [ -74.109674, 40.685541 ], [ -74.109355, 40.685923 ] ] } },
{ "type": "Feature", "properties": { "id": "11631477-223", "name": "Lord Avenue", "class": "residential", "is_priority": false }, "geometry": { "type": "LineString", "coordinates": [ [ -74.126849, 40.645296 ], [ -74.126876, 40.647098 ] ] } },
{ "type": "Feature", "properties": { "id": "11631477-224", "name": "Lord Avenue", "class": "residential", "is_priority": false }, "geometry": { "type": "LineString", "coordinates": [ [ -74.126876, 40.647098 ], [ -74.126899, 40.648899 ] ] } },
{ "type": "Feature", "properties": { "id": "11631477-225", "name": "Lord Avenue", "class": "residential", "is_priority": false }, "geometry": { "type": "LineString", "coordinates": [ [ -74.126899, 40.648899 ], [ -74.126911, 40.6507 ] ] } },
{ "type": "Feature", "properties": { "id": "11631477-226", "name": "Lord Avenue", "class": "residential", "is_priority": false }, "geometry": { "type": "LineString", "coordinates": [ [ -74.126911, 40.6507 ], [ -74.12692, 40.65145 ] ] } },
{ "type": "Feature", "properties": { "id": "11631493-227", "name": "Pulaski Street", "class": "trunk", "is_priority": true }, "geometry": { "type": "LineString", "coordinates": [ [ -74.098697, 40.679859 ], [ -74.097749, 40.679178 ], [ -74.097398, 40.678944 ] ] } },
{ "type": "Feature", "properties": { "id": "11631526-228", "name": "West 28th Street", "class": "residential", "is_priority": false }, "geometry": { "type": "LineString", "coordinates": [ [ -74.121525, 40.671237 ], [ -74.119541, 40.670255 ] ] } },
{ "type": "Feature", "properties": { "id": "11631526-229", "name": "West 28th Street", "class": "residential", "is_priority": false }, "geometry": { "type": "LineString", "coordinates": [ [ -74.119541, 40.670255 ], [ -74.117552, 40.669279 ] ] } },
{ "type": "Feature", "properties": { "id": "11631526-230", "name": "West 28th Street", "class": "residential", "is_priority": false }, "geometry": { "type": "LineString", "coordinates": [ [ -74.117552, 40.669279 ], [ -74.115569, 40.668297 ] ] } },
{ "type": "Feature", "properties": { "id": "11631526-231", "name": "West 28th Street", "class": "residential", "is_priority": false }, "geometry": { "type": "LineString", "coordinates": [ [ -74.115569, 40.668297 ], [ -74.114851, 40.667945 ] ] } },
{ "type": "Feature", "properties": { "id": "11631537-232", "name": "East 49th Street", "class": "residential", "is_priority": false }, "geometry": { "type": "LineString", "coordinates": [ [ -74.102816, 40.682181 ], [ -74.100833, 40.681198 ] ] } },
{ "type": "Feature", "properties": { "id": "11631537-233", "name": "East 49th Street", "class": "residential", "is_priority": false }, "geometry": { "type": "LineString", "coordinates": [ [ -74.100833, 40.681198 ], [ -74.100501, 40.681033 ] ] } },
{ "type": "Feature", "properties": { "id": "11631561-234", "name": "Linden Street", "class": "residential", "is_priority": false }, "geometry": { "type": "LineString", "coordinates": [ [ -74.130385, 40.654868 ], [ -74.131755, 40.655539 ], [ -74.132386, 40.655829 ] ] } },
{ "type": "Feature", "properties": { "id": "11631561-235", "name": "Linden Street", "class": "residential", "is_priority": false }, "geometry": { "type": "LineString", "coordinates": [ [ -74.132386, 40.655829 ], [ -74.133522, 40.656384 ] ] } },
{ "type": "Feature", "properties": { "id": "11631574-236", "name": "West 12th Street", "class": "residential", "is_priority": false }, "geometry": { "type": "LineString", "coordinates": [ [ -74.124651, 40.656372 ], [ -74.126636, 40.657351 ] ] } },
{ "type": "Feature", "properties": { "id": "11631574-237", "name": "West 12th Street", "class": "residential", "is_priority": false }, "geometry": { "type": "LineString", "coordinates": [ [ -74.126636, 40.657351 ], [ -74.128617, 40.658337 ] ] } },
{ "type": "Feature", "properties": { "id": "11631574-238", "name": "West 12th Street", "class": "residential", "is_priority": false }, "geometry": { "type": "LineString", "coordinates": [ [ -74.128617, 40.658337 ], [ -74.130593, 40.659328 ] ] } },
{ "type": "Feature", "properties": { "id": "11631574-239", "name": "West 12th Street", "class": "residential", "is_priority": false }, "geometry": { "type": "LineString", "coordinates": [ [ -74.130593, 40.659328 ], [ -74.130618, 40.65934 ] ] } },
{ "type": "Feature", "properties": { "id": "11631593-240", "name": "West 17th Street", "class": "residential", "is_priority": false }, "geometry": { "type": "LineString", "coordinates": [ [ -74.12652, 40.661939 ], [ -74.124548, 40.660943 ] ] } },
{ "type": "Feature", "properties": { "id": "11631593-241", "name": "West 17th Street", "class": "residential", "is_priority": false }, "geometry": { "type": "LineString", "coordinates": [ [ -74.124548, 40.660943 ], [ -74.122556, 40.659971 ] ] } },
{ "type": "Feature", "properties": { "id": "11631593-242", "name": "West 17th Street", "class": "residential", "is_priority": false }, "geometry": { "type": "LineString", "coordinates": [ [ -74.122556, 40.659971 ], [ -74.12189, 40.659648 ] ] } },
{ "type": "Feature", "properties": { "id": "11631596-243", "name": "West 17th Street", "class": "residential", "is_priority": false }, "geometry": { "type": "LineString", "coordinates": [ [ -74.127367, 40.663262 ], [ -74.129332, 40.664225 ] ] } },
{ "type": "Feature", "properties": { "id": "11631597-244", "name": "West Oak Court", "class": "residential", "is_priority": false }, "geometry": { "type": "LineString", "coordinates": [ [ -74.122672, 40.654037 ], [ -74.122661, 40.654609 ], [ -74.122627, 40.654659 ], [ -74.122524, 40.654707 ], [ -74.122324, 40.654731 ], [ -74.122175, 40.654731 ], [ -74.122057, 40.654711 ] ] } },
{ "type": "Feature", "properties": { "id": "11631769-245", "name": "Tremley Court", "class": "residential", "is_priority": false }, "geometry": { "type": "LineString", "coordinates": [ [ -74.120818, 40.658252 ], [ -74.120435, 40.658735 ] ] } },
{ "type": "Feature", "properties": { "id": "11631784-246", "name": "West 50th Street", "class": "residential", "is_priority": false }, "geometry": { "type": "LineString", "coordinates": [ [ -74.102308, 40.682779 ], [ -74.104306, 40.683745 ] ] } },
{ "type": "Feature", "properties": { "id": "11631784-247", "name": "West 50th Street", "class": "residential", "is_priority": false }, "geometry": { "type": "LineString", "coordinates": [ [ -74.104306, 40.683745 ], [ -74.106297, 40.684719 ] ] } },
{ "type": "Feature", "properties": { "id": "11631784-248", "name": "West 50th Street", "class": "residential", "is_priority": false }, "geometry": { "type": "LineString", "coordinates": [ [ -74.106297, 40.684719 ], [ -74.108279, 40.685703 ] ] } },
{ "type": "Feature", "properties": { "id": "11631784-249", "name": "West 50th Street", "class": "residential", "is_priority": false }, "geometry": { "type": "LineString", "coordinates": [ [ -74.108279, 40.685703 ], [ -74.108626, 40.685875 ] ] } },
{ "type": "Feature", "properties": { "id": "11631793-250", "name": "East 22nd Street", "class": "tertiary", "is_priority": false }, "geometry": { "type": "LineString", "coordinates": [ [ -74.111222, 40.65946 ], [ -74.111803, 40.659622 ], [ -74.112314, 40.659867 ], [ -74.113258, 40.660357 ] ] } },
{ "type": "Feature", "properties": { "id": "11631793-251", "name": "East 22nd Street", "class": "tertiary", "is_priority": false }, "geometry": { "type": "LineString", "coordinates": [ [ -74.113258, 40.660357 ], [ -74.115241, 40.661339 ] ] } },
{ "type": "Feature", "properties": { "id": "11631793-252", "name": "East 22nd Street", "class": "tertiary", "is_priority": false }, "geometry": { "type": "LineString", "coordinates": [ [ -74.115241, 40.661339 ], [ -74.115947, 40.66169 ] ] } },
{ "type": "Feature", "properties": { "id": "11631809-253", "name": "East 51st Street", "class": "residential", "is_priority": false }, "geometry": { "type": "LineString", "coordinates": [ [ -74.101802, 40.683381 ], [ -74.099811, 40.682406 ] ] } },
{ "type": "Feature", "properties": { "id": "11631809-254", "name": "East 51st Street", "class": "residential", "is_priority": false }, "geometry": { "type": "LineString", "coordinates": [ [ -74.099811, 40.682406 ], [ -74.099605, 40.682297 ], [ -74.099561, 40.6822 ] ] } },
{ "type": "Feature", "properties": { "id": "11631826-255", "name": "West 3rd Street", "class": "residential", "is_priority": false }, "geometry": { "type": "LineString", "coordinates": [ [ -74.128255, 40.648462 ], [ -74.13062, 40.648431 ] ] } },
{ "type": "Feature", "properties": { "id": "11631826-256", "name": "West 3rd Street", "class": "residential", "is_priority": false }, "geometry": { "type": "LineString", "coordinates": [ [ -74.13062, 40.648431 ], [ -74.132985, 40.648389 ] ] } },
{ "type": "Feature", "properties": { "id": "11631826-257", "name": "West 3rd Street", "class": "residential", "is_priority": false }, "geometry": { "type": "LineString", "coordinates": [ [ -74.132985, 40.648389 ], [ -74.134803, 40.64836 ], [ -74.13534, 40.648437 ] ] } },
{ "type": "Feature", "properties": { "id": "11631826-258", "name": "West 3rd Street", "class": "residential", "is_priority": false }, "geometry": { "type": "LineString", "coordinates": [ [ -74.13534, 40.648437 ], [ -74.137625, 40.648785 ] ] } },
{ "type": "Feature", "properties": { "id": "11631840-259", "name": "East 14th Street", "class": "residential", "is_priority": false }, "geometry": { "type": "LineString", "coordinates": [ [ -74.121349, 40.656374 ], [ -74.123335, 40.657352 ] ] } },
{ "type": "Feature", "properties": { "id": "11631840-260", "name": "East 14th Street", "class": "residential", "is_priority": false }, "geometry": { "type": "LineString", "coordinates": [ [ -74.123335, 40.657352 ], [ -74.123676, 40.657522 ] ] } },
{ "type": "Feature", "properties": { "id": "11631869-261", "name": "West 55th Street", "class": "residential", "is_priority": false }, "geometry": { "type": "LineString", "coordinates": [ [ -74.099797, 40.685786 ], [ -74.101779, 40.68677 ] ] } },
{ "type": "Feature", "properties": { "id": "11631869-262", "name": "West 55th Street", "class": "residential", "is_priority": false }, "geometry": { "type": "LineString", "coordinates": [ [ -74.101779, 40.68677 ], [ -74.102084, 40.686924 ] ] } },
{ "type": "Feature", "properties": { "id": "11631906-263", "name": "John F Kennedy Boulevard", "class": "tertiary", "is_priority": false }, "geometry": { "type": "LineString", "coordinates": [ [ -74.139379, 40.64673 ], [ -74.138988, 40.647149 ], [ -74.138716, 40.647528 ] ] } },
{ "type": "Feature", "properties": { "id": "11631910-264", "name": "Benmore Terrace", "class": "residential", "is_priority": false }, "geometry": { "type": "LineString", "coordinates": [ [ -74.115426, 40.676738 ], [ -74.11585, 40.677001 ], [ -74.11733, 40.677733 ] ] } },
{ "type": "Feature", "properties": { "id": "11631935-265", "name": "North Court", "class": "residential", "is_priority": false }, "geometry": { "type": "LineString", "coordinates": [ [ -74.1377, 40.655514 ], [ -74.137432, 40.655853 ] ] } },
{ "type": "Feature", "properties": { "id": "11631993-266", "name": "East 1st Street", "class": "tertiary", "is_priority": false }, "geometry": { "type": "LineString", "coordinates": [ [ -74.128208, 40.645216 ], [ -74.126849, 40.645296 ], [ -74.12587, 40.645459 ] ] } },
{ "type": "Feature", "properties": { "id": "11631993-267", "name": "East 1st Street", "class": "tertiary", "is_priority": false }, "geometry": { "type": "LineString", "coordinates": [ [ -74.12587, 40.645459 ], [ -74.125622, 40.6455 ] ] } },
{ "type": "Feature", "properties": { "id": "11632009-268", "name": "West 48th Street", "class": "residential", "is_priority": false }, "geometry": { "type": "LineString", "coordinates": [ [ -74.103319, 40.68159 ], [ -74.105322, 40.682549 ] ] } },
{ "type": "Feature", "properties": { "id": "11632009-269", "name": "West 48th Street", "class": "residential", "is_priority": false }, "geometry": { "type": "LineString", "coordinates": [ [ -74.105322, 40.682549 ], [ -74.105675, 40.682717 ] ] } },
{ "type": "Feature", "properties": { "id": "11632013-270", "name": "West 44th Street", "class": "residential", "is_priority": false }, "geometry": { "type": "LineString", "coordinates": [ [ -74.10537, 40.679171 ], [ -74.107362, 40.680144 ] ] } },
{ "type": "Feature", "properties": { "id": "11632013-271", "name": "West 44th Street", "class": "residential", "is_priority": false }, "geometry": { "type": "LineString", "coordinates": [ [ -74.107362, 40.680144 ], [ -74.109349, 40.681122 ] ] } },
{ "type": "Feature", "properties": { "id": "11632013-272", "name": "West 44th Street", "class": "residential", "is_priority": false }, "geometry": { "type": "LineString", "coordinates": [ [ -74.109349, 40.681122 ], [ -74.111337, 40.6821 ] ] } },
{ "type": "Feature", "properties": { "id": "11632013-273", "name": "West 44th Street", "class": "residential", "is_priority": false }, "geometry": { "type": "LineString", "coordinates": [ [ -74.111337, 40.6821 ], [ -74.111393, 40.682127 ] ] } },
{ "type": "Feature", "properties": { "id": "11632023-274", "name": "West 21st Street", "class": "residential", "is_priority": false }, "geometry": { "type": "LineString", "coordinates": [ [ -74.127085, 40.666362 ], [ -74.125667, 40.665669 ] ] } },
{ "type": "Feature", "properties": { "id": "11632027-275", "name": "Silver Street", "class": "residential", "is_priority": false }, "geometry": { "type": "LineString", "coordinates": [ [ -74.127379, 40.65312 ], [ -74.125425, 40.652104 ] ] } },
{ "type": "Feature", "properties": { "id": "11632027-276", "name": "Silver Street", "class": "residential", "is_priority": false }, "geometry": { "type": "LineString", "coordinates": [ [ -74.125425, 40.652104 ], [ -74.124228, 40.651496 ] ] } },
{ "type": "Feature", "properties": { "id": "11632028-277", "name": "Harrington's Way", "class": "residential", "is_priority": false }, "geometry": { "type": "LineString", "coordinates": [ [ -74.135926, 40.65083 ], [ -74.136333, 40.651038 ] ] } },
{ "type": "Feature", "properties": { "id": "11632030-278", "name": "West 32nd Street", "class": "residential", "is_priority": false }, "geometry": { "type": "LineString", "coordinates": [ [ -74.112232, 40.671072 ], [ -74.112454, 40.671182 ] ] } },
{ "type": "Feature", "properties": { "id": "11632031-279", "name": "West 32nd Street", "class": "residential", "is_priority": false }, "geometry": { "type": "LineString", "coordinates": [ [ -74.120193, 40.675267 ], [ -74.118443, 40.674399 ] ] } },
{ "type": "Feature", "properties": { "id": "11632055-280", "name": "George Street", "class": "residential", "is_priority": false }, "geometry": { "type": "LineString", "coordinates": [ [ -74.125692, 40.65075 ], [ -74.124002, 40.650779 ] ] } },
{ "type": "Feature", "properties": { "id": "11632062-281", "name": "West 37th Street", "class": "residential", "is_priority": false }, "geometry": { "type": "LineString", "coordinates": [ [ -74.114579, 40.677732 ], [ -74.112589, 40.676758 ] ] } },
{ "type": "Feature", "properties": { "id": "11632062-282", "name": "West 37th Street", "class": "residential", "is_priority": false }, "geometry": { "type": "LineString", "coordinates": [ [ -74.112589, 40.676758 ], [ -74.110597, 40.675784 ] ] } },
{ "type": "Feature", "properties": { "id": "11632062-283", "name": "West 37th Street", "class": "residential", "is_priority": false }, "geometry": { "type": "LineString", "coordinates": [ [ -74.110597, 40.675784 ], [ -74.108928, 40.674971 ] ] } },
{ "type": "Feature", "properties": { "id": "11632084-284", "name": "East 45th Street", "class": "tertiary", "is_priority": false }, "geometry": { "type": "LineString", "coordinates": [ [ -74.104853, 40.679782 ], [ -74.102861, 40.678809 ] ] } },
{ "type": "Feature", "properties": { "id": "11632084-285", "name": "East 45th Street", "class": "tertiary", "is_priority": false }, "geometry": { "type": "LineString", "coordinates": [ [ -74.102861, 40.678809 ], [ -74.102523, 40.678643 ] ] } },
{ "type": "Feature", "properties": { "id": "11632097-286", "name": "Church Lane", "class": "residential", "is_priority": false }, "geometry": { "type": "LineString", "coordinates": [ [ -74.118421, 40.662931 ], [ -74.118145, 40.663249 ], [ -74.117993, 40.663342 ], [ -74.117725, 40.663663 ], [ -74.117064, 40.664396 ] ] } },
{ "type": "Feature", "properties": { "id": "11632097-287", "name": "Church Lane", "class": "residential", "is_priority": false }, "geometry": { "type": "LineString", "coordinates": [ [ -74.117064, 40.664396 ], [ -74.116949, 40.664498 ], [ -74.116243, 40.66532 ] ] } },
{ "type": "Feature", "properties": { "id": "11632233-288", "name": "West 26th Street", "class": "residential", "is_priority": false }, "geometry": { "type": "LineString", "coordinates": [ [ -74.122989, 40.669463 ], [ -74.124666, 40.670274 ] ] } },
{ "type": "Feature", "properties": { "id": "11632234-289", "name": "West 26th Street", "class": "residential", "is_priority": false }, "geometry": { "type": "LineString", "coordinates": [ [ -74.116099, 40.66648 ], [ -74.118089, 40.667455 ] ] } },
{ "type": "Feature", "properties": { "id": "11632234-290", "name": "West 26th Street", "class": "residential", "is_priority": false }, "geometry": { "type": "LineString", "coordinates": [ [ -74.118089, 40.667455 ], [ -74.118437, 40.667625 ] ] } },
{ "type": "Feature", "properties": { "id": "11632249-291", "name": "East 34th Street", "class": "residential", "is_priority": false }, "geometry": { "type": "LineString", "coordinates": [ [ -74.108128, 40.672034 ], [ -74.110115, 40.673013 ] ] } },
{ "type": "Feature", "properties": { "id": "11632249-292", "name": "East 34th Street", "class": "residential", "is_priority": false }, "geometry": { "type": "LineString", "coordinates": [ [ -74.110115, 40.673013 ], [ -74.110456, 40.673179 ] ] } },
{ "type": "Feature", "properties": { "id": "11632252-293", "name": "East 30th Street", "class": "tertiary", "is_priority": false }, "geometry": { "type": "LineString", "coordinates": [ [ -74.113845, 40.669151 ], [ -74.111854, 40.668177 ] ] } },
{ "type": "Feature", "properties": { "id": "11632252-294", "name": "East 30th Street", "class": "tertiary", "is_priority": false }, "geometry": { "type": "LineString", "coordinates": [ [ -74.111854, 40.668177 ], [ -74.111772, 40.668137 ] ] } },
{ "type": "Feature", "properties": { "id": "11632299-295", "name": "East 39th Street", "class": "residential", "is_priority": false }, "geometry": { "type": "LineString", "coordinates": [ [ -74.107909, 40.676173 ], [ -74.105917, 40.6752 ] ] } },
{ "type": "Feature", "properties": { "id": "11632299-296", "name": "East 39th Street", "class": "residential", "is_priority": false }, "geometry": { "type": "LineString", "coordinates": [ [ -74.105917, 40.6752 ], [ -74.105573, 40.675032 ] ] } },
{ "type": "Feature", "properties": { "id": "11632331-297", "name": "Sunset Avenue", "class": "residential", "is_priority": false }, "geometry": { "type": "LineString", "coordinates": [ [ -74.107906, 40.688932 ], [ -74.107536, 40.68935 ], [ -74.107202, 40.689966 ] ] } },
{ "type": "Feature", "properties": { "id": "11632349-298", "name": "West 15th Street", "class": "residential", "is_priority": false }, "geometry": { "type": "LineString", "coordinates": [ [ -74.129067, 40.66112 ], [ -74.127094, 40.660126 ] ] } },
{ "type": "Feature", "properties": { "id": "11632349-299", "name": "West 15th Street", "class": "residential", "is_priority": false }, "geometry": { "type": "LineString", "coordinates": [ [ -74.127094, 40.660126 ], [ -74.125118, 40.659135 ] ] } },
{ "type": "Feature", "properties": { "id": "11632349-300", "name": "West 15th Street", "class": "residential", "is_priority": false }, "geometry": { "type": "LineString", "coordinates": [ [ -74.125118, 40.659135 ], [ -74.123136, 40.658168 ] ] } },
{ "type": "Feature", "properties": { "id": "11632443-301", "name": "East 28th Street", "class": "residential", "is_priority": false }, "geometry": { "type": "LineString", "coordinates": [ [ -74.114851, 40.667945 ], [ -74.112866, 40.666965 ] ] } },
{ "type": "Feature", "properties": { "id": "11632443-302", "name": "East 28th Street", "class": "residential", "is_priority": false }, "geometry": { "type": "LineString", "coordinates": [ [ -74.112866, 40.666965 ], [ -74.112546, 40.666806 ] ] } },
{ "type": "Feature", "properties": { "id": "11632444-303", "name": "East 28th Street", "class": "residential", "is_priority": false }, "geometry": { "type": "LineString", "coordinates": [ [ -74.110218, 40.665633 ], [ -74.111451, 40.666227 ] ] } },
{ "type": "Feature", "properties": { "id": "11632454-304", "name": "West 52nd Street", "class": "residential", "is_priority": false }, "geometry": { "type": "LineString", "coordinates": [ [ -74.101296, 40.683983 ], [ -74.103295, 40.684947 ] ] } },
{ "type": "Feature", "properties": { "id": "11632454-305", "name": "West 52nd Street", "class": "residential", "is_priority": false }, "geometry": { "type": "LineString", "coordinates": [ [ -74.103295, 40.684947 ], [ -74.105285, 40.685923 ] ] } },
{ "type": "Feature", "properties": { "id": "11632454-306", "name": "West 52nd Street", "class": "residential", "is_priority": false }, "geometry": { "type": "LineString", "coordinates": [ [ -74.105285, 40.685923 ], [ -74.107273, 40.6869 ] ] } },
{ "type": "Feature", "properties": { "id": "11632454-307", "name": "West 52nd Street", "class": "residential", "is_priority": false }, "geometry": { "type": "LineString", "coordinates": [ [ -74.107273, 40.6869 ], [ -74.107661, 40.687091 ] ] } },
{ "type": "Feature", "properties": { "id": "11632508-308", "name": "West 40th Street", "class": "residential", "is_priority": false }, "geometry": { "type": "LineString", "coordinates": [ [ -74.107394, 40.676781 ], [ -74.109385, 40.677754 ] ] } },
{ "type": "Feature", "properties": { "id": "11632508-309", "name": "West 40th Street", "class": "residential", "is_priority": false }, "geometry": { "type": "LineString", "coordinates": [ [ -74.109385, 40.677754 ], [ -74.111376, 40.678729 ] ] } },
{ "type": "Feature", "properties": { "id": "11632508-310", "name": "West 40th Street", "class": "residential", "is_priority": false }, "geometry": { "type": "LineString", "coordinates": [ [ -74.111376, 40.678729 ], [ -74.112074, 40.679071 ] ] } },
{ "type": "Feature", "properties": { "id": "11632509-311", "name": "East 12th Street", "class": "residential", "is_priority": false }, "geometry": { "type": "LineString", "coordinates": [ [ -74.122273, 40.655562 ], [ -74.124244, 40.656558 ] ] } },
{ "type": "Feature", "properties": { "id": "11632509-312", "name": "East 12th Street", "class": "residential", "is_priority": false }, "geometry": { "type": "LineString", "coordinates": [ [ -74.124244, 40.656558 ], [ -74.124419, 40.656645 ] ] } },
{ "type": "Feature", "properties": { "id": "11632510-313", "name": "West Grand Street", "class": "residential", "is_priority": false }, "geometry": { "type": "LineString", "coordinates": [ [ -74.103315, 40.682426 ], [ -74.103008, 40.681955 ] ] } },
{ "type": "Feature", "properties": { "id": "11632530-314", "name": "West 33rd Street", "class": "residential", "is_priority": false }, "geometry": { "type": "LineString", "coordinates": [ [ -74.11134, 40.672139 ], [ -74.113339, 40.673103 ] ] } },
{ "type": "Feature", "properties": { "id": "11632530-315", "name": "West 33rd Street", "class": "residential", "is_priority": false }, "geometry": { "type": "LineString", "coordinates": [ [ -74.113339, 40.673103 ], [ -74.115328, 40.67408 ] ] } },
{ "type": "Feature", "properties": { "id": "11632530-316", "name": "West 33rd Street", "class": "residential", "is_priority": false }, "geometry": { "type": "LineString", "coordinates": [ [ -74.115328, 40.67408 ], [ -74.117315, 40.675058 ] ] } },
{ "type": "Feature", "properties": { "id": "11632530-317", "name": "West 33rd Street", "class": "residential", "is_priority": false }, "geometry": { "type": "LineString", "coordinates": [ [ -74.117315, 40.675058 ], [ -74.11748, 40.675141 ] ] } },
{ "type": "Feature", "properties": { "id": "11632532-318", "name": "West 33rd Street", "class": "residential", "is_priority": false }, "geometry": { "type": "LineString", "coordinates": [ [ -74.117316, 40.675267 ], [ -74.119103, 40.676105 ] ] } },
{ "type": "Feature", "properties": { "id": "11632546-319", "name": "Plank Road", "class": "residential", "is_priority": false }, "geometry": { "type": "LineString", "coordinates": [ [ -74.107009, 40.682536 ], [ -74.106492, 40.683132 ], [ -74.10625, 40.683504 ] ] } },
{ "type": "Feature", "properties": { "id": "11632548-320", "name": "East 17th Street", "class": "residential", "is_priority": false }, "geometry": { "type": "LineString", "coordinates": [ [ -74.121776, 40.659772 ], [ -74.119798, 40.658783 ] ] } },
{ "type": "Feature", "properties": { "id": "11632548-321", "name": "East 17th Street", "class": "residential", "is_priority": false }, "geometry": { "type": "LineString", "coordinates": [ [ -74.119798, 40.658783 ], [ -74.119461, 40.658614 ] ] } },
{ "type": "Feature", "properties": { "id": "11632558-322", "name": "Lexington Avenue", "class": "tertiary", "is_priority": false }, "geometry": { "type": "LineString", "coordinates": [ [ -74.125622, 40.6455 ], [ -74.12565, 40.647302 ] ] } },
{ "type": "Feature", "properties": { "id": "11632558-323", "name": "Lexington Avenue", "class": "tertiary", "is_priority": false }, "geometry": { "type": "LineString", "coordinates": [ [ -74.12565, 40.647302 ], [ -74.125666, 40.648488 ] ] } },
{ "type": "Feature", "properties": { "id": "11632598-324", "name": "Wesley Court", "class": "residential", "is_priority": false }, "geometry": { "type": "LineString", "coordinates": [ [ -74.115045, 40.677151 ], [ -74.116731, 40.677952 ] ] } },
{ "type": "Feature", "properties": { "id": "11632635-325", "name": "Court Place", "class": "residential", "is_priority": false }, "geometry": { "type": "LineString", "coordinates": [ [ -74.120947, 40.659364 ], [ -74.121581, 40.658622 ] ] } },
{ "type": "Feature", "properties": { "id": "11632642-326", "name": "Grove Place", "class": "residential", "is_priority": false }, "geometry": { "type": "LineString", "coordinates": [ [ -74.115982, 40.66793 ], [ -74.115637, 40.66833 ] ] } },
{ "type": "Feature", "properties": { "id": "11632673-327", "name": "West 7th Street", "class": "tertiary", "is_priority": false }, "geometry": { "type": "LineString", "coordinates": [ [ -74.127379, 40.65312 ], [ -74.127744, 40.653268 ], [ -74.129113, 40.65331 ] ] } },
{ "type": "Feature", "properties": { "id": "11632770-328", "name": "Park Drive", "class": "unclassified", "is_priority": false }, "geometry": { "type": "LineString", "coordinates": [ [ -74.109551, 40.684633 ], [ -74.109678, 40.684595 ], [ -74.11, 40.684558 ], [ -74.110364, 40.684567 ], [ -74.110697, 40.684636 ], [ -74.111052, 40.684741 ] ] } },
{ "type": "Feature", "properties": { "id": "11632774-329", "name": "Park Drive", "class": "unclassified", "is_priority": false }, "geometry": { "type": "LineString", "coordinates": [ [ -74.114976, 40.678518 ], [ -74.115236, 40.678437 ], [ -74.115343, 40.678418 ], [ -74.115451, 40.678412 ], [ -74.115641, 40.678461 ], [ -74.116614, 40.678964 ], [ -74.116769, 40.679083 ], [ -74.11681, 40.679143 ], [ -74.116825, 40.679224 ], [ -74.116897, 40.679225 ] ] } },
{ "type": "Feature", "properties": { "id": "11632774-330", "name": "Park Drive", "class": "unclassified", "is_priority": false }, "geometry": { "type": "LineString", "coordinates": [ [ -74.116897, 40.679225 ], [ -74.117053, 40.67927 ], [ -74.118599, 40.680021 ] ] } },
{ "type": "Feature", "properties": { "id": "11632808-331", "name": "East 23rd Street", "class": "residential", "is_priority": false }, "geometry": { "type": "LineString", "coordinates": [ [ -74.118214, 40.663985 ], [ -74.117584, 40.663679 ], [ -74.116248, 40.662983 ] ] } },
{ "type": "Feature", "properties": { "id": "11632808-332", "name": "East 23rd Street", "class": "residential", "is_priority": false }, "geometry": { "type": "LineString", "coordinates": [ [ -74.116248, 40.662983 ], [ -74.115909, 40.66281 ] ] } },
{ "type": "Feature", "properties": { "id": "11632810-333", "name": "East 23rd Street", "class": "residential", "is_priority": false }, "geometry": { "type": "LineString", "coordinates": [ [ -74.114438, 40.662689 ], [ -74.113224, 40.662089 ] ] } },
{ "type": "Feature", "properties": { "id": "11632826-334", "name": "", "class": "trunk", "is_priority": true }, "geometry": { "type": "LineString", "coordinates": [ [ -74.118557, 40.656943 ], [ -74.117383, 40.657751 ], [ -74.116784, 40.658135 ] ] } },
{ "type": "Feature", "properties": { "id": "11632826-335", "name": "", "class": "trunk", "is_priority": true }, "geometry": { "type": "LineString", "coordinates": [ [ -74.116784, 40.658135 ], [ -74.116477, 40.65832 ], [ -74.115978, 40.658589 ], [ -74.115447, 40.658846 ], [ -74.114804, 40.659115 ] ] } },
{ "type": "Feature", "properties": { "id": "11632826-336", "name": "", "class": "trunk", "is_priority": true }, "geometry": { "type": "LineString", "coordinates": [ [ -74.114804, 40.659115 ], [ -74.114767, 40.659129 ] ] } },
{ "type": "Feature", "properties": { "id": "11632877-337", "name": "East 48th Street", "class": "residential", "is_priority": false }, "geometry": { "type": "LineString", "coordinates": [ [ -74.102259, 40.681062 ], [ -74.103319, 40.68159 ] ] } },
{ "type": "Feature", "properties": { "id": "11632879-338", "name": "Del Monte Drive", "class": "residential", "is_priority": false }, "geometry": { "type": "LineString", "coordinates": [ [ -74.119582, 40.663513 ], [ -74.118893, 40.664316 ] ] } },
{ "type": "Feature", "properties": { "id": "11632908-339", "name": "West 11th Street", "class": "residential", "is_priority": false }, "geometry": { "type": "LineString", "coordinates": [ [ -74.1311, 40.658764 ], [ -74.129125, 40.657772 ] ] } },
{ "type": "Feature", "properties": { "id": "11632908-340", "name": "West 11th Street", "class": "residential", "is_priority": false }, "geometry": { "type": "LineString", "coordinates": [ [ -74.129125, 40.657772 ], [ -74.127143, 40.656788 ] ] } },
{ "type": "Feature", "properties": { "id": "11632908-341", "name": "West 11th Street", "class": "residential", "is_priority": false }, "geometry": { "type": "LineString", "coordinates": [ [ -74.127143, 40.656788 ], [ -74.125153, 40.655814 ] ] } },
{ "type": "Feature", "properties": { "id": "11632908-342", "name": "West 11th Street", "class": "residential", "is_priority": false }, "geometry": { "type": "LineString", "coordinates": [ [ -74.125153, 40.655814 ], [ -74.125135, 40.655805 ] ] } },
{ "type": "Feature", "properties": { "id": "11632942-343", "name": "Washington Parkway", "class": "residential", "is_priority": false }, "geometry": { "type": "LineString", "coordinates": [ [ -74.129873, 40.660229 ], [ -74.131844, 40.661224 ] ] } },
{ "type": "Feature", "properties": { "id": "11632942-344", "name": "Washington Parkway", "class": "residential", "is_priority": false }, "geometry": { "type": "LineString", "coordinates": [ [ -74.131844, 40.661224 ], [ -74.131884, 40.661244 ] ] } },
{ "type": "Feature", "properties": { "id": "11632955-345", "name": "East 32nd Street", "class": "residential", "is_priority": false }, "geometry": { "type": "LineString", "coordinates": [ [ -74.112232, 40.671072 ], [ -74.11024, 40.6701 ] ] } },
{ "type": "Feature", "properties": { "id": "11632955-346", "name": "East 32nd Street", "class": "residential", "is_priority": false }, "geometry": { "type": "LineString", "coordinates": [ [ -74.11024, 40.6701 ], [ -74.109894, 40.669931 ] ] } },
{ "type": "Feature", "properties": { "id": "11632973-347", "name": "West 16th Street", "class": "residential", "is_priority": false }, "geometry": { "type": "LineString", "coordinates": [ [ -74.122409, 40.659037 ], [ -74.124388, 40.660024 ] ] } },
{ "type": "Feature", "properties": { "id": "11632973-348", "name": "West 16th Street", "class": "residential", "is_priority": false }, "geometry": { "type": "LineString", "coordinates": [ [ -74.124388, 40.660024 ], [ -74.126371, 40.661006 ] ] } },
{ "type": "Feature", "properties": { "id": "11632973-349", "name": "West 16th Street", "class": "residential", "is_priority": false }, "geometry": { "type": "LineString", "coordinates": [ [ -74.126371, 40.661006 ], [ -74.127876, 40.661773 ], [ -74.128304, 40.661977 ] ] } },
{ "type": "Feature", "properties": { "id": "11633006-350", "name": "West 53rd Street", "class": "tertiary", "is_priority": false }, "geometry": { "type": "LineString", "coordinates": [ [ -74.107161, 40.687699 ], [ -74.105186, 40.686706 ] ] } },
{ "type": "Feature", "properties": { "id": "11633006-351", "name": "West 53rd Street", "class": "tertiary", "is_priority": false }, "geometry": { "type": "LineString", "coordinates": [ [ -74.105186, 40.686706 ], [ -74.103181, 40.685748 ] ] } },
{ "type": "Feature", "properties": { "id": "11633006-352", "name": "West 53rd Street", "class": "tertiary", "is_priority": false }, "geometry": { "type": "LineString", "coordinates": [ [ -74.103181, 40.685748 ], [ -74.103132, 40.685726 ] ] } },
{ "type": "Feature", "properties": { "id": "11633025-353", "name": "East 37th Street", "class": "residential", "is_priority": false }, "geometry": { "type": "LineString", "coordinates": [ [ -74.108928, 40.674971 ], [ -74.106933, 40.674002 ] ] } },
{ "type": "Feature", "properties": { "id": "11633025-354", "name": "East 37th Street", "class": "residential", "is_priority": false }, "geometry": { "type": "LineString", "coordinates": [ [ -74.106933, 40.674002 ], [ -74.106586, 40.673834 ] ] } },
{ "type": "Feature", "properties": { "id": "11633044-355", "name": "Newman Avenue", "class": "residential", "is_priority": false }, "geometry": { "type": "LineString", "coordinates": [ [ -74.132694, 40.647032 ], [ -74.132655, 40.647344 ], [ -74.132379, 40.648817 ] ] } },
{ "type": "Feature", "properties": { "id": "11633044-356", "name": "Newman Avenue", "class": "residential", "is_priority": false }, "geometry": { "type": "LineString", "coordinates": [ [ -74.132379, 40.648817 ], [ -74.132183, 40.64996 ], [ -74.132021, 40.650597 ] ] } },
{ "type": "Feature", "properties": { "id": "11633044-357", "name": "Newman Avenue", "class": "residential", "is_priority": false }, "geometry": { "type": "LineString", "coordinates": [ [ -74.132021, 40.650597 ], [ -74.131974, 40.650834 ], [ -74.131925, 40.651356 ], [ -74.131897, 40.652395 ] ] } },
{ "type": "Feature", "properties": { "id": "11633044-358", "name": "Newman Avenue", "class": "residential", "is_priority": false }, "geometry": { "type": "LineString", "coordinates": [ [ -74.131897, 40.652395 ], [ -74.131839, 40.653378 ] ] } },
{ "type": "Feature", "properties": { "id": "11633090-359", "name": "Hobart Avenue", "class": "residential", "is_priority": false }, "geometry": { "type": "LineString", "coordinates": [ [ -74.123949, 40.648523 ], [ -74.123991, 40.650324 ] ] } },
{ "type": "Feature", "properties": { "id": "11633090-360", "name": "Hobart Avenue", "class": "residential", "is_priority": false }, "geometry": { "type": "LineString", "coordinates": [ [ -74.123991, 40.650324 ], [ -74.124014, 40.651507 ], [ -74.123602, 40.652041 ] ] } },
{ "type": "Feature", "properties": { "id": "11633090-361", "name": "Hobart Avenue", "class": "residential", "is_priority": false }, "geometry": { "type": "LineString", "coordinates": [ [ -74.123602, 40.652041 ], [ -74.122616, 40.653155 ] ] } },
{ "type": "Feature", "properties": { "id": "11633100-362", "name": "North Way", "class": "residential", "is_priority": false }, "geometry": { "type": "LineString", "coordinates": [ [ -74.138305, 40.655808 ], [ -74.138018, 40.656152 ] ] } },
{ "type": "Feature", "properties": { "id": "11633108-363", "name": "West 58th Street", "class": "residential", "is_priority": false }, "geometry": { "type": "LineString", "coordinates": [ [ -74.104628, 40.690691 ], [ -74.10351, 40.690144 ] ] } },
{ "type": "Feature", "properties": { "id": "11633111-364", "name": "West 54th Street", "class": "residential", "is_priority": false }, "geometry": { "type": "LineString", "coordinates": [ [ -74.102616, 40.686321 ], [ -74.100631, 40.68534 ] ] } },
{ "type": "Feature", "properties": { "id": "11633111-365", "name": "West 54th Street", "class": "residential", "is_priority": false }, "geometry": { "type": "LineString", "coordinates": [ [ -74.100631, 40.68534 ], [ -74.10029, 40.685173 ] ] } },
{ "type": "Feature", "properties": { "id": "11633120-366", "name": "O'Brien Court", "class": "residential", "is_priority": false }, "geometry": { "type": "LineString", "coordinates": [ [ -74.129268, 40.6609 ], [ -74.130984, 40.661757 ], [ -74.131227, 40.661906 ] ] } },
{ "type": "Feature", "properties": { "id": "11633120-367", "name": "O'Brien Court", "class": "residential", "is_priority": false }, "geometry": { "type": "LineString", "coordinates": [ [ -74.131227, 40.661906 ], [ -74.13132, 40.661956 ] ] } },
{ "type": "Feature", "properties": { "id": "11633135-368", "name": "West 31st Street", "class": "residential", "is_priority": false }, "geometry": { "type": "LineString", "coordinates": [ [ -74.113075, 40.670066 ], [ -74.115066, 40.671039 ] ] } },
{ "type": "Feature", "properties": { "id": "11633135-369", "name": "West 31st Street", "class": "residential", "is_priority": false }, "geometry": { "type": "LineString", "coordinates": [ [ -74.115066, 40.671039 ], [ -74.117045, 40.672027 ] ] } },
{ "type": "Feature", "properties": { "id": "11633135-370", "name": "West 31st Street", "class": "residential", "is_priority": false }, "geometry": { "type": "LineString", "coordinates": [ [ -74.117045, 40.672027 ], [ -74.119032, 40.673005 ] ] } },
{ "type": "Feature", "properties": { "id": "11633135-371", "name": "West 31st Street", "class": "residential", "is_priority": false }, "geometry": { "type": "LineString", "coordinates": [ [ -74.119032, 40.673005 ], [ -74.119763, 40.67336 ] ] } },
{ "type": "Feature", "properties": { "id": "11633136-372", "name": "West 31st Street", "class": "residential", "is_priority": false }, "geometry": { "type": "LineString", "coordinates": [ [ -74.119859, 40.67326 ], [ -74.121315, 40.673992 ] ] } },
{ "type": "Feature", "properties": { "id": "11633191-373", "name": "West 47th Street", "class": "residential", "is_priority": false }, "geometry": { "type": "LineString", "coordinates": [ [ -74.110022, 40.684003 ], [ -74.108031, 40.683029 ] ] } },
{ "type": "Feature", "properties": { "id": "11633191-374", "name": "West 47th Street", "class": "residential", "is_priority": false }, "geometry": { "type": "LineString", "coordinates": [ [ -74.108031, 40.683029 ], [ -74.106044, 40.68205 ] ] } },
{ "type": "Feature", "properties": { "id": "11633191-375", "name": "West 47th Street", "class": "residential", "is_priority": false }, "geometry": { "type": "LineString", "coordinates": [ [ -74.106044, 40.68205 ], [ -74.104047, 40.681084 ] ] } },
{ "type": "Feature", "properties": { "id": "11633191-376", "name": "West 47th Street", "class": "residential", "is_priority": false }, "geometry": { "type": "LineString", "coordinates": [ [ -74.104047, 40.681084 ], [ -74.103839, 40.680975 ] ] } },
{ "type": "Feature", "properties": { "id": "11633216-377", "name": "Willow Street", "class": "residential", "is_priority": false }, "geometry": { "type": "LineString", "coordinates": [ [ -74.109449, 40.670456 ], [ -74.111441, 40.671427 ] ] } },
{ "type": "Feature", "properties": { "id": "11633216-378", "name": "Willow Street", "class": "residential", "is_priority": false }, "geometry": { "type": "LineString", "coordinates": [ [ -74.111441, 40.671427 ], [ -74.111786, 40.671595 ] ] } },
{ "type": "Feature", "properties": { "id": "11633242-379", "name": "Centre Lane", "class": "residential", "is_priority": false }, "geometry": { "type": "LineString", "coordinates": [ [ -74.120695, 40.674701 ], [ -74.119943, 40.674331 ], [ -74.11978, 40.674231 ], [ -74.119745, 40.674157 ] ] } },
{ "type": "Feature", "properties": { "id": "11633262-380", "name": "Agnes Street", "class": "residential", "is_priority": false }, "geometry": { "type": "LineString", "coordinates": [ [ -74.120366, 40.660123 ], [ -74.120998, 40.65939 ] ] } },
{ "type": "Feature", "properties": { "id": "11633284-381", "name": "West 36th Street", "class": "residential", "is_priority": false }, "geometry": { "type": "LineString", "coordinates": [ [ -74.109433, 40.674376 ], [ -74.111425, 40.675348 ] ] } },
{ "type": "Feature", "properties": { "id": "11633284-382", "name": "West 36th Street", "class": "residential", "is_priority": false }, "geometry": { "type": "LineString", "coordinates": [ [ -74.111425, 40.675348 ], [ -74.11342, 40.676318 ] ] } },
{ "type": "Feature", "properties": { "id": "11633284-383", "name": "West 36th Street", "class": "residential", "is_priority": false }, "geometry": { "type": "LineString", "coordinates": [ [ -74.11342, 40.676318 ], [ -74.114098, 40.676656 ] ] } },
{ "type": "Feature", "properties": { "id": "11633285-384", "name": "West 36th Street", "class": "residential", "is_priority": false }, "geometry": { "type": "LineString", "coordinates": [ [ -74.114098, 40.676656 ], [ -74.114457, 40.67659 ] ] } },
{ "type": "Feature", "properties": { "id": "11633292-385", "name": "East 44th Street", "class": "residential", "is_priority": false }, "geometry": { "type": "LineString", "coordinates": [ [ -74.103034, 40.678039 ], [ -74.105031, 40.679007 ] ] } },
{ "type": "Feature", "properties": { "id": "11633292-386", "name": "East 44th Street", "class": "residential", "is_priority": false }, "geometry": { "type": "LineString", "coordinates": [ [ -74.105031, 40.679007 ], [ -74.10537, 40.679171 ] ] } },
{ "type": "Feature", "properties": { "id": "11633298-387", "name": "East 40th Street", "class": "residential", "is_priority": false }, "geometry": { "type": "LineString", "coordinates": [ [ -74.105064, 40.67564 ], [ -74.107054, 40.676615 ] ] } },
{ "type": "Feature", "properties": { "id": "11633298-388", "name": "East 40th Street", "class": "residential", "is_priority": false }, "geometry": { "type": "LineString", "coordinates": [ [ -74.107054, 40.676615 ], [ -74.107394, 40.676781 ] ] } },
{ "type": "Feature", "properties": { "id": "11633325-389", "name": "East 33rd Street", "class": "residential", "is_priority": false }, "geometry": { "type": "LineString", "coordinates": [ [ -74.11134, 40.672139 ], [ -74.109356, 40.671158 ] ] } },
{ "type": "Feature", "properties": { "id": "11633325-390", "name": "East 33rd Street", "class": "residential", "is_priority": false }, "geometry": { "type": "LineString", "coordinates": [ [ -74.109356, 40.671158 ], [ -74.109003, 40.670984 ] ] } },
{ "type": "Feature", "properties": { "id": "11633337-391", "name": "East 21st Street", "class": "tertiary", "is_priority": false }, "geometry": { "type": "LineString", "coordinates": [ [ -74.119716, 40.66221 ], [ -74.119597, 40.662198 ], [ -74.117718, 40.661261 ] ] } },
{ "type": "Feature", "properties": { "id": "11633337-392", "name": "East 21st Street", "class": "tertiary", "is_priority": false }, "geometry": { "type": "LineString", "coordinates": [ [ -74.117718, 40.661261 ], [ -74.11737, 40.661084 ] ] } },
{ "type": "Feature", "properties": { "id": "11633338-393", "name": "Cooper Street", "class": "residential", "is_priority": false }, "geometry": { "type": "LineString", "coordinates": [ [ -74.120238, 40.659004 ], [ -74.119634, 40.659741 ] ] } },
{ "type": "Feature", "properties": { "id": "11633360-394", "name": "East 2nd Street", "class": "unclassified", "is_priority": false }, "geometry": { "type": "LineString", "coordinates": [ [ -74.126876, 40.64711 ], [ -74.124511, 40.647133 ] ] } },
{ "type": "Feature", "properties": { "id": "11633360-395", "name": "East 2nd Street", "class": "unclassified", "is_priority": false }, "geometry": { "type": "LineString", "coordinates": [ [ -74.124511, 40.647133 ], [ -74.122146, 40.647172 ] ] } },
{ "type": "Feature", "properties": { "id": "11633360-396", "name": "East 2nd Street", "class": "unclassified", "is_priority": false }, "geometry": { "type": "LineString", "coordinates": [ [ -74.122146, 40.647172 ], [ -74.12048, 40.647191 ] ] } },
{ "type": "Feature", "properties": { "id": "11633373-397", "name": "West 25th Street", "class": "residential", "is_priority": false }, "geometry": { "type": "LineString", "coordinates": [ [ -74.123406, 40.668835 ], [ -74.121416, 40.66786 ] ] } },
{ "type": "Feature", "properties": { "id": "11633373-398", "name": "West 25th Street", "class": "residential", "is_priority": false }, "geometry": { "type": "LineString", "coordinates": [ [ -74.121416, 40.66786 ], [ -74.119429, 40.666883 ] ] } },
{ "type": "Feature", "properties": { "id": "11633373-399", "name": "West 25th Street", "class": "residential", "is_priority": false }, "geometry": { "type": "LineString", "coordinates": [ [ -74.119429, 40.666883 ], [ -74.117437, 40.665911 ] ] } },
{ "type": "Feature", "properties": { "id": "11633373-400", "name": "West 25th Street", "class": "residential", "is_priority": false }, "geometry": { "type": "LineString", "coordinates": [ [ -74.117437, 40.665911 ], [ -74.116833, 40.665614 ] ] } },
{ "type": "Feature", "properties": { "id": "11633381-401", "name": "North Lane", "class": "residential", "is_priority": false }, "geometry": { "type": "LineString", "coordinates": [ [ -74.136941, 40.655142 ], [ -74.13623, 40.655988 ] ] } },
{ "type": "Feature", "properties": { "id": "11633412-402", "name": "New Street", "class": "residential", "is_priority": false }, "geometry": { "type": "LineString", "coordinates": [ [ -74.111471, 40.664153 ], [ -74.110614, 40.663725 ] ] } },
{ "type": "Feature", "properties": { "id": "11633413-403", "name": "New Street", "class": "residential", "is_priority": false }, "geometry": { "type": "LineString", "coordinates": [ [ -74.112897, 40.664508 ], [ -74.111678, 40.663909 ] ] } },
{ "type": "Feature", "properties": { "id": "11633428-404", "name": "East 38th Street", "class": "residential", "is_priority": false }, "geometry": { "type": "LineString", "coordinates": [ [ -74.106069, 40.674444 ], [ -74.108073, 40.675402 ] ] } },
{ "type": "Feature", "properties": { "id": "11633428-405", "name": "East 38th Street", "class": "residential", "is_priority": false }, "geometry": { "type": "LineString", "coordinates": [ [ -74.108073, 40.675402 ], [ -74.108421, 40.675569 ] ] } },
{ "type": "Feature", "properties": { "id": "11633429-406", "name": "West 51st Street", "class": "residential", "is_priority": false }, "geometry": { "type": "LineString", "coordinates": [ [ -74.109916, 40.687351 ], [ -74.108165, 40.686494 ] ] } },
{ "type": "Feature", "properties": { "id": "11633435-407", "name": "Centre Street", "class": "tertiary", "is_priority": false }, "geometry": { "type": "LineString", "coordinates": [ [ -74.100647, 40.677222 ], [ -74.101106, 40.677844 ], [ -74.101237, 40.677986 ], [ -74.101344, 40.678059 ] ] } },
{ "type": "Feature", "properties": { "id": "11633442-408", "name": "Pulaski Lane West", "class": "tertiary", "is_priority": false }, "geometry": { "type": "LineString", "coordinates": [ [ -74.094373, 40.677634 ], [ -74.094331, 40.677741 ], [ -74.0936, 40.678757 ] ] } },
{ "type": "Feature", "properties": { "id": "11633455-409", "name": "West 14th Street", "class": "residential", "is_priority": false }, "geometry": { "type": "LineString", "coordinates": [ [ -74.123676, 40.657522 ], [ -74.12565, 40.658515 ] ] } },
{ "type": "Feature", "properties": { "id": "11633455-410", "name": "West 14th Street", "class": "residential", "is_priority": false }, "geometry": { "type": "LineString", "coordinates": [ [ -74.12565, 40.658515 ], [ -74.127637, 40.659493 ] ] } },
{ "type": "Feature", "properties": { "id": "11633455-411", "name": "West 14th Street", "class": "residential", "is_priority": false }, "geometry": { "type": "LineString", "coordinates": [ [ -74.127637, 40.659493 ], [ -74.129617, 40.660479 ] ] } },
{ "type": "Feature", "properties": { "id": "11633455-412", "name": "West 14th Street", "class": "residential", "is_priority": false }, "geometry": { "type": "LineString", "coordinates": [ [ -74.129617, 40.660479 ], [ -74.129638, 40.660489 ] ] } },
{ "type": "Feature", "properties": { "id": "11633475-413", "name": "West 43rd Street", "class": "residential", "is_priority": false }, "geometry": { "type": "LineString", "coordinates": [ [ -74.111853, 40.681488 ], [ -74.109857, 40.68052 ] ] } },
{ "type": "Feature", "properties": { "id": "11633475-414", "name": "West 43rd Street", "class": "residential", "is_priority": false }, "geometry": { "type": "LineString", "coordinates": [ [ -74.109857, 40.68052 ], [ -74.107862, 40.67955 ] ] } },
{ "type": "Feature", "properties": { "id": "11633475-415", "name": "West 43rd Street", "class": "residential", "is_priority": false }, "geometry": { "type": "LineString", "coordinates": [ [ -74.107862, 40.67955 ], [ -74.105871, 40.678579 ] ] } },
{ "type": "Feature", "properties": { "id": "11633478-416", "name": "West 19th Street", "class": "residential", "is_priority": false }, "geometry": { "type": "LineString", "coordinates": [ [ -74.126533, 40.664427 ], [ -74.12455, 40.663444 ] ] } },
{ "type": "Feature", "properties": { "id": "11633478-417", "name": "West 19th Street", "class": "residential", "is_priority": false }, "geometry": { "type": "LineString", "coordinates": [ [ -74.12455, 40.663444 ], [ -74.122563, 40.662466 ] ] } },
{ "type": "Feature", "properties": { "id": "11633478-418", "name": "West 19th Street", "class": "residential", "is_priority": false }, "geometry": { "type": "LineString", "coordinates": [ [ -74.122563, 40.662466 ], [ -74.120578, 40.661487 ] ] } },
{ "type": "Feature", "properties": { "id": "11633478-419", "name": "West 19th Street", "class": "residential", "is_priority": false }, "geometry": { "type": "LineString", "coordinates": [ [ -74.120578, 40.661487 ], [ -74.120399, 40.661399 ] ] } },
{ "type": "Feature", "properties": { "id": "11633507-420", "name": "East 27th Street", "class": "residential", "is_priority": false }, "geometry": { "type": "LineString", "coordinates": [ [ -74.113164, 40.666078 ], [ -74.11515, 40.667058 ] ] } },
{ "type": "Feature", "properties": { "id": "11633507-421", "name": "East 27th Street", "class": "residential", "is_priority": false }, "geometry": { "type": "LineString", "coordinates": [ [ -74.11515, 40.667058 ], [ -74.11548, 40.667221 ] ] } },
{ "type": "Feature", "properties": { "id": "11633508-422", "name": "East 27th Street", "class": "residential", "is_priority": false }, "geometry": { "type": "LineString", "coordinates": [ [ -74.110645, 40.665136 ], [ -74.109973, 40.664804 ] ] } },
{ "type": "Feature", "properties": { "id": "11633509-423", "name": "East 27th Street", "class": "residential", "is_priority": false }, "geometry": { "type": "LineString", "coordinates": [ [ -74.111925, 40.665672 ], [ -74.110702, 40.665058 ] ] } },
{ "type": "Feature", "properties": { "id": "11633515-424", "name": "Cottage Street", "class": "residential", "is_priority": false }, "geometry": { "type": "LineString", "coordinates": [ [ -74.122702, 40.651525 ], [ -74.124653, 40.652544 ] ] } },
{ "type": "Feature", "properties": { "id": "11633515-425", "name": "Cottage Street", "class": "residential", "is_priority": false }, "geometry": { "type": "LineString", "coordinates": [ [ -74.124653, 40.652544 ], [ -74.126619, 40.653546 ] ] } },
{ "type": "Feature", "properties": { "id": "11633515-426", "name": "Cottage Street", "class": "residential", "is_priority": false }, "geometry": { "type": "LineString", "coordinates": [ [ -74.126619, 40.653546 ], [ -74.126888, 40.653682 ] ] } },
{ "type": "Feature", "properties": { "id": "11633537-427", "name": "East 11th Street", "class": "residential", "is_priority": false }, "geometry": { "type": "LineString", "coordinates": [ [ -74.124926, 40.656053 ], [ -74.12314, 40.655125 ] ] } },
{ "type": "Feature", "properties": { "id": "11633542-428", "name": "Avenue A", "class": "tertiary", "is_priority": false }, "geometry": { "type": "LineString", "coordinates": [ [ -74.141401, 40.647708 ], [ -74.140696, 40.64854 ], [ -74.140182, 40.649095 ] ] } },
{ "type": "Feature", "properties": { "id": "11633548-429", "name": "Avenue B", "class": "residential", "is_priority": false }, "geometry": { "type": "LineString", "coordinates": [ [ -74.10351, 40.690144 ], [ -74.102966, 40.689888 ], [ -74.102987, 40.689804 ], [ -74.103428, 40.689267 ] ] } },
{ "type": "Feature", "properties": { "id": "11633550-430", "name": "Avenue B", "class": "residential", "is_priority": false }, "geometry": { "type": "LineString", "coordinates": [ [ -74.114524, 40.676182 ], [ -74.114345, 40.676328 ], [ -74.114098, 40.676656 ] ] } },
{ "type": "Feature", "properties": { "id": "11633553-431", "name": "Story Court", "class": "residential", "is_priority": false }, "geometry": { "type": "LineString", "coordinates": [ [ -74.129171, 40.648446 ], [ -74.129174, 40.649981 ] ] } },
{ "type": "Feature", "properties": { "id": "11633557-432", "name": "Library Court", "class": "residential", "is_priority": false }, "geometry": { "type": "LineString", "coordinates": [ [ -74.118952, 40.661875 ], [ -74.118159, 40.662795 ] ] } },
{ "type": "Feature", "properties": { "id": "11633570-433", "name": "Avenue C", "class": "tertiary", "is_priority": false }, "geometry": { "type": "LineString", "coordinates": [ [ -74.130673, 40.645387 ], [ -74.130534, 40.647185 ] ] } },
{ "type": "Feature", "properties": { "id": "11633570-434", "name": "Avenue C", "class": "tertiary", "is_priority": false }, "geometry": { "type": "LineString", "coordinates": [ [ -74.130534, 40.647185 ], [ -74.130404, 40.648984 ] ] } },
{ "type": "Feature", "properties": { "id": "11633570-435", "name": "Avenue C", "class": "tertiary", "is_priority": false }, "geometry": { "type": "LineString", "coordinates": [ [ -74.130404, 40.648984 ], [ -74.130314, 40.649965 ] ] } },
{ "type": "Feature", "properties": { "id": "11633572-436", "name": "Avenue C", "class": "secondary", "is_priority": false }, "geometry": { "type": "LineString", "coordinates": [ [ -74.129093, 40.653905 ], [ -74.129069, 40.654529 ] ] } },
{ "type": "Feature", "properties": { "id": "11633589-437", "name": "East 16th Street", "class": "residential", "is_priority": false }, "geometry": { "type": "LineString", "coordinates": [ [ -74.12009, 40.65788 ], [ -74.122069, 40.658867 ] ] } },
{ "type": "Feature", "properties": { "id": "11633589-438", "name": "East 16th Street", "class": "residential", "is_priority": false }, "geometry": { "type": "LineString", "coordinates": [ [ -74.122069, 40.658867 ], [ -74.122409, 40.659037 ] ] } },
{ "type": "Feature", "properties": { "id": "11633591-439", "name": "Avenue E", "class": "secondary", "is_priority": false }, "geometry": { "type": "LineString", "coordinates": [ [ -74.126358, 40.654324 ], [ -74.125647, 40.654403 ], [ -74.125163, 40.654498 ], [ -74.124981, 40.654535 ], [ -74.12408, 40.654784 ] ] } },
{ "type": "Feature", "properties": { "id": "11633591-440", "name": "Avenue E", "class": "secondary", "is_priority": false }, "geometry": { "type": "LineString", "coordinates": [ [ -74.12408, 40.654784 ], [ -74.123395, 40.655016 ], [ -74.12314, 40.655125 ] ] } },
{ "type": "Feature", "properties": { "id": "11633599-441", "name": "West 57th Street", "class": "residential", "is_priority": false }, "geometry": { "type": "LineString", "coordinates": [ [ -74.101102, 40.688137 ], [ -74.103098, 40.689105 ] ] } },
{ "type": "Feature", "properties": { "id": "11633599-442", "name": "West 57th Street", "class": "residential", "is_priority": false }, "geometry": { "type": "LineString", "coordinates": [ [ -74.103098, 40.689105 ], [ -74.105081, 40.690088 ] ] } },
{ "type": "Feature", "properties": { "id": "11633599-443", "name": "West 57th Street", "class": "residential", "is_priority": false }, "geometry": { "type": "LineString", "coordinates": [ [ -74.105081, 40.690088 ], [ -74.105109, 40.690102 ] ] } },
{ "type": "Feature", "properties": { "id": "11633614-444", "name": "Avenue F", "class": "residential", "is_priority": false }, "geometry": { "type": "LineString", "coordinates": [ [ -74.115762, 40.659083 ], [ -74.11448, 40.660597 ] ] } },
{ "type": "Feature", "properties": { "id": "11633614-445", "name": "Avenue F", "class": "residential", "is_priority": false }, "geometry": { "type": "LineString", "coordinates": [ [ -74.11448, 40.660597 ], [ -74.113224, 40.662089 ] ] } },
{ "type": "Feature", "properties": { "id": "11633621-446", "name": "Roosevelt Terrace", "class": "residential", "is_priority": false }, "geometry": { "type": "LineString", "coordinates": [ [ -74.116001, 40.676285 ], [ -74.117737, 40.677136 ] ] } },
{ "type": "Feature", "properties": { "id": "11633689-447", "name": "Avenue J", "class": "residential", "is_priority": false }, "geometry": { "type": "LineString", "coordinates": [ [ -74.102792, 40.657678 ], [ -74.102653, 40.658711 ] ] } },
{ "type": "Feature", "properties": { "id": "11633690-448", "name": "Avenue J", "class": "residential", "is_priority": false }, "geometry": { "type": "LineString", "coordinates": [ [ -74.10246, 40.660351 ], [ -74.100742, 40.66159 ] ] } },
{ "type": "Feature", "properties": { "id": "11633690-449", "name": "Avenue J", "class": "residential", "is_priority": false }, "geometry": { "type": "LineString", "coordinates": [ [ -74.100742, 40.66159 ], [ -74.09982, 40.662256 ] ] } },
{ "type": "Feature", "properties": { "id": "11633707-450", "name": "Trask Avenue", "class": "residential", "is_priority": false }, "geometry": { "type": "LineString", "coordinates": [ [ -74.136324, 40.646109 ], [ -74.136086, 40.647132 ] ] } },
{ "type": "Feature", "properties": { "id": "11633708-451", "name": "West 6th Street", "class": "residential", "is_priority": false }, "geometry": { "type": "LineString", "coordinates": [ [ -74.130183, 40.652333 ], [ -74.128089, 40.652282 ] ] } },
{ "type": "Feature", "properties": { "id": "11633782-452", "name": "East 42nd Street", "class": "residential", "is_priority": false }, "geometry": { "type": "LineString", "coordinates": [ [ -74.104051, 40.676837 ], [ -74.106044, 40.677809 ] ] } },
{ "type": "Feature", "properties": { "id": "11633782-453", "name": "East 42nd Street", "class": "residential", "is_priority": false }, "geometry": { "type": "LineString", "coordinates": [ [ -74.106044, 40.677809 ], [ -74.106383, 40.677974 ] ] } },
{ "type": "Feature", "properties": { "id": "11633791-454", "name": "East 31st Street", "class": "residential", "is_priority": false }, "geometry": { "type": "LineString", "coordinates": [ [ -74.10961, 40.668367 ], [ -74.10872, 40.66792 ] ] } },
{ "type": "Feature", "properties": { "id": "11633792-455", "name": "East 31st Street", "class": "residential", "is_priority": false }, "geometry": { "type": "LineString", "coordinates": [ [ -74.110738, 40.668943 ], [ -74.112739, 40.669904 ] ] } },
{ "type": "Feature", "properties": { "id": "11633792-456", "name": "East 31st Street", "class": "residential", "is_priority": false }, "geometry": { "type": "LineString", "coordinates": [ [ -74.112739, 40.669904 ], [ -74.113075, 40.670066 ] ] } },
{ "type": "Feature", "properties": { "id": "11633815-457", "name": "West 39th Street", "class": "residential", "is_priority": false }, "geometry": { "type": "LineString", "coordinates": [ [ -74.113656, 40.679019 ], [ -74.111674, 40.678035 ] ] } },
{ "type": "Feature", "properties": { "id": "11633815-458", "name": "West 39th Street", "class": "residential", "is_priority": false }, "geometry": { "type": "LineString", "coordinates": [ [ -74.111674, 40.678035 ], [ -74.109692, 40.677051 ] ] } },
{ "type": "Feature", "properties": { "id": "11633815-459", "name": "West 39th Street", "class": "residential", "is_priority": false }, "geometry": { "type": "LineString", "coordinates": [ [ -74.109692, 40.677051 ], [ -74.107909, 40.676173 ] ] } },
{ "type": "Feature", "properties": { "id": "11633831-460", "name": "East 47th Street", "class": "residential", "is_priority": false }, "geometry": { "type": "LineString", "coordinates": [ [ -74.103839, 40.680975 ], [ -74.101846, 40.680004 ] ] } },
{ "type": "Feature", "properties": { "id": "11633831-461", "name": "East 47th Street", "class": "residential", "is_priority": false }, "geometry": { "type": "LineString", "coordinates": [ [ -74.101846, 40.680004 ], [ -74.101509, 40.67984 ] ] } },
{ "type": "Feature", "properties": { "id": "11633838-462", "name": "East 4th Street", "class": "residential", "is_priority": false }, "geometry": { "type": "LineString", "coordinates": [ [ -74.126899, 40.65003 ], [ -74.124534, 40.650058 ] ] } },
{ "type": "Feature", "properties": { "id": "11633838-463", "name": "East 4th Street", "class": "residential", "is_priority": false }, "geometry": { "type": "LineString", "coordinates": [ [ -74.124534, 40.650058 ], [ -74.123985, 40.650069 ] ] } },
{ "type": "Feature", "properties": { "id": "11633839-464", "name": "East 4th Street", "class": "residential", "is_priority": false }, "geometry": { "type": "LineString", "coordinates": [ [ -74.128247, 40.649897 ], [ -74.126912, 40.649906 ] ] } },
{ "type": "Feature", "properties": { "id": "11633841-465", "name": "West 10th Street", "class": "residential", "is_priority": false }, "geometry": { "type": "LineString", "coordinates": [ [ -74.125637, 40.65521 ], [ -74.127629, 40.656182 ] ] } },
{ "type": "Feature", "properties": { "id": "11633841-466", "name": "West 10th Street", "class": "residential", "is_priority": false }, "geometry": { "type": "LineString", "coordinates": [ [ -74.127629, 40.656182 ], [ -74.127941, 40.656335 ] ] } },
{ "type": "Feature", "properties": { "id": "11633842-467", "name": "West 10th Street", "class": "residential", "is_priority": false }, "geometry": { "type": "LineString", "coordinates": [ [ -74.131656, 40.658223 ], [ -74.131734, 40.65828 ], [ -74.13337, 40.659093 ] ] } },
{ "type": "Feature", "properties": { "id": "11633912-468", "name": "East 36th Street", "class": "residential", "is_priority": false }, "geometry": { "type": "LineString", "coordinates": [ [ -74.107095, 40.673235 ], [ -74.109087, 40.674207 ] ] } },
{ "type": "Feature", "properties": { "id": "11633912-469", "name": "East 36th Street", "class": "residential", "is_priority": false }, "geometry": { "type": "LineString", "coordinates": [ [ -74.109087, 40.674207 ], [ -74.109433, 40.674376 ] ] } },
{ "type": "Feature", "properties": { "id": "11633929-470", "name": "Packard Street", "class": "residential", "is_priority": false }, "geometry": { "type": "LineString", "coordinates": [ [ -74.111915, 40.663634 ], [ -74.110904, 40.663156 ] ] } },
{ "type": "Feature", "properties": { "id": "11633936-471", "name": "Lincoln Parkway", "class": "residential", "is_priority": false }, "geometry": { "type": "LineString", "coordinates": [ [ -74.116702, 40.67574 ], [ -74.118474, 40.676608 ] ] } },
{ "type": "Feature", "properties": { "id": "11633937-472", "name": "Schuyler Place West", "class": "residential", "is_priority": false }, "geometry": { "type": "LineString", "coordinates": [ [ -74.136661, 40.655466 ], [ -74.138018, 40.656152 ] ] } },
{ "type": "Feature", "properties": { "id": "11633938-473", "name": "Gregg Lane", "class": "residential", "is_priority": false }, "geometry": { "type": "LineString", "coordinates": [ [ -74.116009, 40.664038 ], [ -74.116723, 40.663238 ] ] } },
{ "type": "Feature", "properties": { "id": "11633944-474", "name": "West 41st Street", "class": "residential", "is_priority": false }, "geometry": { "type": "LineString", "coordinates": [ [ -74.111568, 40.679665 ], [ -74.109581, 40.678687 ] ] } },
{ "type": "Feature", "properties": { "id": "11633944-475", "name": "West 41st Street", "class": "residential", "is_priority": false }, "geometry": { "type": "LineString", "coordinates": [ [ -74.109581, 40.678687 ], [ -74.107588, 40.677715 ] ] } },
{ "type": "Feature", "properties": { "id": "11633944-476", "name": "West 41st Street", "class": "residential", "is_priority": false }, "geometry": { "type": "LineString", "coordinates": [ [ -74.107588, 40.677715 ], [ -74.106891, 40.677375 ] ] } },
{ "type": "Feature", "properties": { "id": "11634060-477", "name": "East 25th Street", "class": "residential", "is_priority": false }, "geometry": { "type": "LineString", "coordinates": [ [ -74.116833, 40.665614 ], [ -74.114854, 40.664626 ] ] } },
{ "type": "Feature", "properties": { "id": "11634060-478", "name": "East 25th Street", "class": "residential", "is_priority": false }, "geometry": { "type": "LineString", "coordinates": [ [ -74.114854, 40.664626 ], [ -74.114522, 40.664461 ] ] } },
{ "type": "Feature", "properties": { "id": "11634082-479", "name": "Garretson Avenue", "class": "residential", "is_priority": false }, "geometry": { "type": "LineString", "coordinates": [ [ -74.133936, 40.647021 ], [ -74.133591, 40.648803 ] ] } },
{ "type": "Feature", "properties": { "id": "11634082-480", "name": "Garretson Avenue", "class": "residential", "is_priority": false }, "geometry": { "type": "LineString", "coordinates": [ [ -74.133591, 40.648803 ], [ -74.133241, 40.650585 ] ] } },
{ "type": "Feature", "properties": { "id": "11634082-481", "name": "Garretson Avenue", "class": "residential", "is_priority": false }, "geometry": { "type": "LineString", "coordinates": [ [ -74.133241, 40.650585 ], [ -74.133091, 40.651335 ] ] } },
{ "type": "Feature", "properties": { "id": "11634092-482", "name": "Leo Slyvious Road", "class": "residential", "is_priority": false }, "geometry": { "type": "LineString", "coordinates": [ [ -74.105109, 40.690102 ], [ -74.105695, 40.690418 ] ] } },
{ "type": "Feature", "properties": { "id": "11634116-483", "name": "Chase Court", "class": "residential", "is_priority": false }, "geometry": { "type": "LineString", "coordinates": [ [ -74.122166, 40.657677 ], [ -74.121636, 40.658301 ] ] } },
{ "type": "Feature", "properties": { "id": "11634141-484", "name": "Orient Street", "class": "residential", "is_priority": false }, "geometry": { "type": "LineString", "coordinates": [ [ -74.126545, 40.651447 ], [ -74.125236, 40.652948 ] ] } },
{ "type": "Feature", "properties": { "id": "11634141-485", "name": "Orient Street", "class": "residential", "is_priority": false }, "geometry": { "type": "LineString", "coordinates": [ [ -74.125236, 40.652948 ], [ -74.124275, 40.654011 ] ] } },
{ "type": "Feature", "properties": { "id": "11634143-486", "name": "West 46th Street", "class": "residential", "is_priority": false }, "geometry": { "type": "LineString", "coordinates": [ [ -74.10435, 40.680373 ], [ -74.106343, 40.681344 ] ] } },
{ "type": "Feature", "properties": { "id": "11634143-487", "name": "West 46th Street", "class": "residential", "is_priority": false }, "geometry": { "type": "LineString", "coordinates": [ [ -74.106343, 40.681344 ], [ -74.108317, 40.682338 ] ] } },
{ "type": "Feature", "properties": { "id": "11634143-488", "name": "West 46th Street", "class": "residential", "is_priority": false }, "geometry": { "type": "LineString", "coordinates": [ [ -74.108317, 40.682338 ], [ -74.109012, 40.682685 ], [ -74.110315, 40.683304 ] ] } },
{ "type": "Feature", "properties": { "id": "11634143-489", "name": "West 46th Street", "class": "residential", "is_priority": false }, "geometry": { "type": "LineString", "coordinates": [ [ -74.110315, 40.683304 ], [ -74.110484, 40.683384 ] ] } },
{ "type": "Feature", "properties": { "id": "11634154-490", "name": "East 50th Street", "class": "residential", "is_priority": false }, "geometry": { "type": "LineString", "coordinates": [ [ -74.099987, 40.681641 ], [ -74.101976, 40.682617 ] ] } },
{ "type": "Feature", "properties": { "id": "11634154-491", "name": "East 50th Street", "class": "residential", "is_priority": false }, "geometry": { "type": "LineString", "coordinates": [ [ -74.101976, 40.682617 ], [ -74.102308, 40.682779 ] ] } },
{ "type": "Feature", "properties": { "id": "11634162-492", "name": "Ayres Court", "class": "residential", "is_priority": false }, "geometry": { "type": "LineString", "coordinates": [ [ -74.122899, 40.655886 ], [ -74.122152, 40.656764 ] ] } },
{ "type": "Feature", "properties": { "id": "11634175-493", "name": "East 43rd Street", "class": "residential", "is_priority": false }, "geometry": { "type": "LineString", "coordinates": [ [ -74.105871, 40.678579 ], [ -74.103879, 40.677607 ] ] } },
{ "type": "Feature", "properties": { "id": "11634175-494", "name": "East 43rd Street", "class": "residential", "is_priority": false }, "geometry": { "type": "LineString", "coordinates": [ [ -74.103879, 40.677607 ], [ -74.10354, 40.677441 ] ] } },
{ "type": "Feature", "properties": { "id": "11634178-495", "name": "Edwards Court", "class": "residential", "is_priority": false }, "geometry": { "type": "LineString", "coordinates": [ [ -74.130358, 40.659664 ], [ -74.132212, 40.660632 ] ] } },
{ "type": "Feature", "properties": { "id": "11634191-496", "name": "East 19th Street", "class": "residential", "is_priority": false }, "geometry": { "type": "LineString", "coordinates": [ [ -74.115762, 40.659083 ], [ -74.116986, 40.659687 ] ] } },
{ "type": "Feature", "properties": { "id": "11634192-497", "name": "East 19th Street", "class": "residential", "is_priority": false }, "geometry": { "type": "LineString", "coordinates": [ [ -74.120399, 40.661399 ], [ -74.118427, 40.660404 ] ] } },
{ "type": "Feature", "properties": { "id": "11634192-498", "name": "East 19th Street", "class": "residential", "is_priority": false }, "geometry": { "type": "LineString", "coordinates": [ [ -74.118427, 40.660404 ], [ -74.118094, 40.66024 ] ] } },
{ "type": "Feature", "properties": { "id": "11634193-499", "name": "Newark Bay Court", "class": "residential", "is_priority": false }, "geometry": { "type": "LineString", "coordinates": [ [ -74.117862, 40.674853 ], [ -74.119617, 40.675712 ] ] } },
{ "type": "Feature", "properties": { "id": "11634205-500", "name": "Meadow Street", "class": "residential", "is_priority": false }, "geometry": { "type": "LineString", "coordinates": [ [ -74.115515, 40.660159 ], [ -74.116238, 40.659318 ] ] } },
{ "type": "Feature", "properties": { "id": "11634257-501", "name": "West 35th Street", "class": "residential", "is_priority": false }, "geometry": { "type": "LineString", "coordinates": [ [ -74.115617, 40.676586 ], [ -74.114725, 40.676126 ], [ -74.113641, 40.675596 ] ] } },
{ "type": "Feature", "properties": { "id": "11634257-502", "name": "West 35th Street", "class": "residential", "is_priority": false }, "geometry": { "type": "LineString", "coordinates": [ [ -74.113641, 40.675596 ], [ -74.111646, 40.674627 ] ] } },
{ "type": "Feature", "properties": { "id": "11634257-503", "name": "West 35th Street", "class": "residential", "is_priority": false }, "geometry": { "type": "LineString", "coordinates": [ [ -74.111646, 40.674627 ], [ -74.109932, 40.673784 ] ] } },
{ "type": "Feature", "properties": { "id": "19810975-504", "name": "New Jersey Turnpike Newark Bay Extension", "class": "motorway", "is_priority": true }, "geometry": { "type": "LineString", "coordinates": [ [ -74.119233, 40.695541 ], [ -74.117036, 40.694869 ] ] } },
{ "type": "Feature", "properties": { "id": "19810975-505", "name": "New Jersey Turnpike Newark Bay Extension", "class": "motorway", "is_priority": true }, "geometry": { "type": "LineString", "coordinates": [ [ -74.117036, 40.694869 ], [ -74.11484, 40.694197 ] ] } },
{ "type": "Feature", "properties": { "id": "19810975-506", "name": "New Jersey Turnpike Newark Bay Extension", "class": "motorway", "is_priority": true }, "geometry": { "type": "LineString", "coordinates": [ [ -74.11484, 40.694197 ], [ -74.112644, 40.693526 ] ] } },
{ "type": "Feature", "properties": { "id": "19810975-507", "name": "New Jersey Turnpike Newark Bay Extension", "class": "motorway", "is_priority": true }, "geometry": { "type": "LineString", "coordinates": [ [ -74.112644, 40.693526 ], [ -74.110447, 40.692854 ] ] } },
{ "type": "Feature", "properties": { "id": "19810975-508", "name": "New Jersey Turnpike Newark Bay Extension", "class": "motorway", "is_priority": true }, "geometry": { "type": "LineString", "coordinates": [ [ -74.110447, 40.692854 ], [ -74.108251, 40.692182 ] ] } },
{ "type": "Feature", "properties": { "id": "19810975-509", "name": "New Jersey Turnpike Newark Bay Extension", "class": "motorway", "is_priority": true }, "geometry": { "type": "LineString", "coordinates": [ [ -74.108251, 40.692182 ], [ -74.106055, 40.69151 ] ] } },
{ "type": "Feature", "properties": { "id": "19810975-510", "name": "New Jersey Turnpike Newark Bay Extension", "class": "motorway", "is_priority": true }, "geometry": { "type": "LineString", "coordinates": [ [ -74.106055, 40.69151 ], [ -74.105471, 40.691331 ] ] } },
{ "type": "Feature", "properties": { "id": "23198656-511", "name": "", "class": "trunk_link", "is_priority": false }, "geometry": { "type": "LineString", "coordinates": [ [ -74.103909, 40.694603 ], [ -74.104586, 40.694969 ], [ -74.105879, 40.695602 ] ] } },
{ "type": "Feature", "properties": { "id": "23198656-512", "name": "", "class": "trunk_link", "is_priority": false }, "geometry": { "type": "LineString", "coordinates": [ [ -74.105879, 40.695602 ], [ -74.106781, 40.696056 ] ] } },
{ "type": "Feature", "properties": { "id": "23198660-513", "name": "", "class": "trunk_link", "is_priority": false }, "geometry": { "type": "LineString", "coordinates": [ [ -74.104586, 40.694969 ], [ -74.104926, 40.695238 ], [ -74.105097, 40.695418 ], [ -74.105233, 40.695595 ], [ -74.105484, 40.696039 ], [ -74.105585, 40.696296 ], [ -74.10565, 40.69654 ] ] } },
{ "type": "Feature", "properties": { "id": "23198660-514", "name": "", "class": "trunk_link", "is_priority": false }, "geometry": { "type": "LineString", "coordinates": [ [ -74.10565, 40.69654 ], [ -74.105685, 40.696799 ] ] } },
{ "type": "Feature", "properties": { "id": "23198669-515", "name": "", "class": "trunk_link", "is_priority": false }, "geometry": { "type": "LineString", "coordinates": [ [ -74.107649, 40.697751 ], [ -74.107769, 40.6976 ], [ -74.107828, 40.697477 ], [ -74.107858, 40.697353 ], [ -74.107862, 40.69723 ], [ -74.107789, 40.696935 ], [ -74.107701, 40.696763 ], [ -74.107614, 40.696641 ] ] } },
{ "type": "Feature", "properties": { "id": "23198680-516", "name": "", "class": "trunk_link", "is_priority": false }, "geometry": { "type": "LineString", "coordinates": [ [ -74.106838, 40.695994 ], [ -74.106675, 40.695781 ], [ -74.106621, 40.695611 ], [ -74.106651, 40.695464 ], [ -74.106699, 40.695364 ], [ -74.106786, 40.695244 ], [ -74.106892, 40.695136 ], [ -74.107011, 40.695051 ], [ -74.107129, 40.694992 ], [ -74.107321, 40.694939 ], [ -74.107461, 40.694926 ], [ -74.107572, 40.694933 ], [ -74.107667, 40.694958 ], [ -74.107767, 40.695013 ], [ -74.107844, 40.695093 ] ] } },
{ "type": "Feature", "properties": { "id": "23198680-517", "name": "", "class": "trunk_link", "is_priority": false }, "geometry": { "type": "LineString", "coordinates": [ [ -74.107844, 40.695093 ], [ -74.107887, 40.695226 ], [ -74.107869, 40.695306 ], [ -74.10783, 40.695376 ], [ -74.106723, 40.696623 ] ] } },
{ "type": "Feature", "properties": { "id": "23198680-518", "name": "", "class": "trunk_link", "is_priority": false }, "geometry": { "type": "LineString", "coordinates": [ [ -74.106723, 40.696623 ], [ -74.106346, 40.697072 ] ] } },
{ "type": "Feature", "properties": { "id": "26831855-519", "name": "", "class": "trunk", "is_priority": true }, "geometry": { "type": "LineString", "coordinates": [ [ -74.106498, 40.697193 ], [ -74.107904, 40.695743 ] ] } },
{ "type": "Feature", "properties": { "id": "26831855-520", "name": "", "class": "trunk", "is_priority": true }, "geometry": { "type": "LineString", "coordinates": [ [ -74.107904, 40.695743 ], [ -74.108548, 40.695065 ], [ -74.109218, 40.694246 ] ] } },
{ "type": "Feature", "properties": { "id": "26831855-521", "name": "", "class": "trunk", "is_priority": true }, "geometry": { "type": "LineString", "coordinates": [ [ -74.109218, 40.694246 ], [ -74.109466, 40.693898 ], [ -74.109702, 40.693524 ], [ -74.110188, 40.692605 ] ] } },
{ "type": "Feature", "properties": { "id": "26831855-522", "name": "", "class": "trunk", "is_priority": true }, "geometry": { "type": "LineString", "coordinates": [ [ -74.110188, 40.692605 ], [ -74.110647, 40.691707 ], [ -74.110734, 40.691471 ], [ -74.110741, 40.691308 ], [ -74.110705, 40.691144 ], [ -74.110655, 40.691034 ], [ -74.110564, 40.690906 ] ] } },
{ "type": "Feature", "properties": { "id": "26831855-523", "name": "", "class": "trunk", "is_priority": true }, "geometry": { "type": "LineString", "coordinates": [ [ -74.110564, 40.690906 ], [ -74.11036, 40.690726 ], [ -74.110108, 40.690599 ], [ -74.109838, 40.690527 ], [ -74.109551, 40.690509 ], [ -74.109335, 40.690533 ], [ -74.109067, 40.690612 ], [ -74.108829, 40.690735 ], [ -74.108558, 40.690937 ] ] } },
{ "type": "Feature", "properties": { "id": "26831855-524", "name": "", "class": "trunk", "is_priority": true }, "geometry": { "type": "LineString", "coordinates": [ [ -74.108558, 40.690937 ], [ -74.107532, 40.692007 ], [ -74.107315, 40.69215 ], [ -74.107185, 40.692205 ], [ -74.107006, 40.692252 ] ] } },
{ "type": "Feature", "properties": { "id": "26831855-525", "name": "", "class": "trunk", "is_priority": true }, "geometry": { "type": "LineString", "coordinates": [ [ -74.107006, 40.692252 ], [ -74.106828, 40.692271 ], [ -74.10668, 40.692267 ], [ -74.106548, 40.692249 ], [ -74.106342, 40.692193 ], [ -74.106142, 40.692117 ], [ -74.105232, 40.691706 ], [ -74.104871, 40.691568 ] ] } },
{ "type": "Feature", "properties": { "id": "26831855-526", "name": "", "class": "trunk", "is_priority": true }, "geometry": { "type": "LineString", "coordinates": [ [ -74.104871, 40.691568 ], [ -74.104544, 40.691447 ] ] } },
{ "type": "Feature", "properties": { "id": "27257914-527", "name": "New Jersey Turnpike Newark Bay Extension", "class": "motorway", "is_priority": true }, "geometry": { "type": "LineString", "coordinates": [ [ -74.104676, 40.691151 ], [ -74.10542, 40.69141 ] ] } },
{ "type": "Feature", "properties": { "id": "27257915-528", "name": "New Jersey Turnpike Newark Bay Extension", "class": "motorway", "is_priority": true }, "geometry": { "type": "LineString", "coordinates": [ [ -74.105471, 40.691331 ], [ -74.104732, 40.691082 ] ] } },
{ "type": "Feature", "properties": { "id": "27257985-529", "name": "New Jersey Turnpike Newark Bay Extension", "class": "motorway", "is_priority": true }, "geometry": { "type": "LineString", "coordinates": [ [ -74.104732, 40.691082 ], [ -74.104067, 40.6908 ] ] } },
{ "type": "Feature", "properties": { "id": "27257986-530", "name": "New Jersey Turnpike Newark Bay Extension", "class": "motorway", "is_priority": true }, "geometry": { "type": "LineString", "coordinates": [ [ -74.104067, 40.6908 ], [ -74.10346, 40.690506 ], [ -74.103027, 40.690254 ], [ -74.102579, 40.689961 ], [ -74.102216, 40.689687 ] ] } },
{ "type": "Feature", "properties": { "id": "27257986-531", "name": "New Jersey Turnpike Newark Bay Extension", "class": "motorway", "is_priority": true }, "geometry": { "type": "LineString", "coordinates": [ [ -74.102216, 40.689687 ], [ -74.102097, 40.689588 ] ] } },
{ "type": "Feature", "properties": { "id": "27257987-532", "name": "New Jersey Turnpike Newark Bay Extension", "class": "motorway", "is_priority": true }, "geometry": { "type": "LineString", "coordinates": [ [ -74.10401, 40.690869 ], [ -74.104676, 40.691151 ] ] } },
{ "type": "Feature", "properties": { "id": "27257988-533", "name": "New Jersey Turnpike Newark Bay Extension", "class": "motorway", "is_priority": true }, "geometry": { "type": "LineString", "coordinates": [ [ -74.101472, 40.689212 ], [ -74.102085, 40.689713 ], [ -74.102416, 40.68996 ], [ -74.102654, 40.690128 ], [ -74.103185, 40.690449 ] ] } },
{ "type": "Feature", "properties": { "id": "27257988-534", "name": "New Jersey Turnpike Newark Bay Extension", "class": "motorway", "is_priority": true }, "geometry": { "type": "LineString", "coordinates": [ [ -74.103185, 40.690449 ], [ -74.103493, 40.690618 ], [ -74.10401, 40.690869 ] ] } },
{ "type": "Feature", "properties": { "id": "27257992-535", "name": "", "class": "trunk", "is_priority": true }, "geometry": { "type": "LineString", "coordinates": [ [ -74.101988, 40.69021 ], [ -74.102017, 40.690222 ] ] } },
{ "type": "Feature", "properties": { "id": "27258025-536", "name": "New Jersey Turnpike Newark Bay Extension", "class": "motorway", "is_priority": true }, "geometry": { "type": "LineString", "coordinates": [ [ -74.10542, 40.69141 ], [ -74.107617, 40.69208 ] ] } },
{ "type": "Feature", "properties": { "id": "27258025-537", "name": "New Jersey Turnpike Newark Bay Extension", "class": "motorway", "is_priority": true }, "geometry": { "type": "LineString", "coordinates": [ [ -74.107617, 40.69208 ], [ -74.109814, 40.692751 ] ] } },
{ "type": "Feature", "properties": { "id": "27258025-538", "name": "New Jersey Turnpike Newark Bay Extension", "class": "motorway", "is_priority": true }, "geometry": { "type": "LineString", "coordinates": [ [ -74.109814, 40.692751 ], [ -74.11201, 40.693422 ] ] } },
{ "type": "Feature", "properties": { "id": "27258025-539", "name": "New Jersey Turnpike Newark Bay Extension", "class": "motorway", "is_priority": true }, "geometry": { "type": "LineString", "coordinates": [ [ -74.11201, 40.693422 ], [ -74.114207, 40.694092 ] ] } },
{ "type": "Feature", "properties": { "id": "27258025-540", "name": "New Jersey Turnpike Newark Bay Extension", "class": "motorway", "is_priority": true }, "geometry": { "type": "LineString", "coordinates": [ [ -74.114207, 40.694092 ], [ -74.116404, 40.694763 ] ] } },
{ "type": "Feature", "properties": { "id": "27258025-541", "name": "New Jersey Turnpike Newark Bay Extension", "class": "motorway", "is_priority": true }, "geometry": { "type": "LineString", "coordinates": [ [ -74.116404, 40.694763 ], [ -74.118601, 40.695433 ] ] } },
{ "type": "Feature", "properties": { "id": "27258025-542", "name": "New Jersey Turnpike Newark Bay Extension", "class": "motorway", "is_priority": true }, "geometry": { "type": "LineString", "coordinates": [ [ -74.118601, 40.695433 ], [ -74.119174, 40.695608 ] ] } },
{ "type": "Feature", "properties": { "id": "27258029-543", "name": "", "class": "motorway_link", "is_priority": false }, "geometry": { "type": "LineString", "coordinates": [ [ -74.101566, 40.689407 ], [ -74.102054, 40.689759 ], [ -74.102654, 40.690128 ] ] } },
{ "type": "Feature", "properties": { "id": "27500954-544", "name": "John F. Kennedy Boulevard", "class": "primary", "is_priority": true }, "geometry": { "type": "LineString", "coordinates": [ [ -74.1349, 40.653322 ], [ -74.134536, 40.653629 ] ] } },
{ "type": "Feature", "properties": { "id": "27500962-545", "name": "West 1st Street", "class": "tertiary", "is_priority": false }, "geometry": { "type": "LineString", "coordinates": [ [ -74.141401, 40.647708 ], [ -74.139404, 40.646742 ] ] } },
{ "type": "Feature", "properties": { "id": "27500962-546", "name": "West 1st Street", "class": "tertiary", "is_priority": false }, "geometry": { "type": "LineString", "coordinates": [ [ -74.139404, 40.646742 ], [ -74.139379, 40.64673 ] ] } },
{ "type": "Feature", "properties": { "id": "27500963-547", "name": "Trask Avenue", "class": "residential", "is_priority": false }, "geometry": { "type": "LineString", "coordinates": [ [ -74.136086, 40.647132 ], [ -74.135627, 40.648899 ] ] } },
{ "type": "Feature", "properties": { "id": "27500963-548", "name": "Trask Avenue", "class": "residential", "is_priority": false }, "geometry": { "type": "LineString", "coordinates": [ [ -74.135627, 40.648899 ], [ -74.135158, 40.650665 ] ] } },
{ "type": "Feature", "properties": { "id": "27500963-549", "name": "Trask Avenue", "class": "residential", "is_priority": false }, "geometry": { "type": "LineString", "coordinates": [ [ -74.135158, 40.650665 ], [ -74.134999, 40.651301 ] ] } },
{ "type": "Feature", "properties": { "id": "27500965-550", "name": "West 3rd Street", "class": "unclassified", "is_priority": false }, "geometry": { "type": "LineString", "coordinates": [ [ -74.137625, 40.648785 ], [ -74.139588, 40.649758 ] ] } },
{ "type": "Feature", "properties": { "id": "27500971-551", "name": "North Street", "class": "secondary", "is_priority": false }, "geometry": { "type": "LineString", "coordinates": [ [ -74.134896, 40.654999 ], [ -74.132532, 40.654932 ] ] } },
{ "type": "Feature", "properties": { "id": "27500971-552", "name": "North Street", "class": "secondary", "is_priority": false }, "geometry": { "type": "LineString", "coordinates": [ [ -74.132532, 40.654932 ], [ -74.132478, 40.65493 ] ] } },
{ "type": "Feature", "properties": { "id": "27501013-553", "name": "", "class": "motorway_link", "is_priority": false }, "geometry": { "type": "LineString", "coordinates": [ [ -74.09513, 40.679199 ], [ -74.095275, 40.679045 ], [ -74.095491, 40.678874 ], [ -74.095739, 40.678725 ], [ -74.096015, 40.678608 ], [ -74.096226, 40.678544 ], [ -74.096389, 40.678529 ], [ -74.096581, 40.678548 ], [ -74.096846, 40.678606 ] ] } },
{ "type": "Feature", "properties": { "id": "27501016-554", "name": "", "class": "trunk_link", "is_priority": false }, "geometry": { "type": "LineString", "coordinates": [ [ -74.099708, 40.680394 ], [ -74.099485, 40.680409 ], [ -74.099343, 40.680366 ], [ -74.09897, 40.680035 ], [ -74.098697, 40.679859 ] ] } },
{ "type": "Feature", "properties": { "id": "33994543-555", "name": "Bayview Drive", "class": "unclassified", "is_priority": false }, "geometry": { "type": "LineString", "coordinates": [ [ -74.111052, 40.684741 ], [ -74.111246, 40.684876 ], [ -74.111494, 40.685207 ], [ -74.11164, 40.685263 ], [ -74.111768, 40.68526 ] ] } },
{ "type": "Feature", "properties": { "id": "33994575-556", "name": "Bergen Court", "class": "residential", "is_priority": false }, "geometry": { "type": "LineString", "coordinates": [ [ -74.110364, 40.685879 ], [ -74.110024, 40.686286 ] ] } },
{ "type": "Feature", "properties": { "id": "38078625-557", "name": "West 5th Street", "class": "unclassified", "is_priority": false }, "geometry": { "type": "LineString", "coordinates": [ [ -74.137298, 40.652413 ], [ -74.138125, 40.652814 ], [ -74.138945, 40.653235 ] ] } },
{ "type": "Feature", "properties": { "id": "38078635-558", "name": "Margaret Street", "class": "residential", "is_priority": false }, "geometry": { "type": "LineString", "coordinates": [ [ -74.137731, 40.650894 ], [ -74.137279, 40.651506 ], [ -74.137309, 40.651547 ], [ -74.13772, 40.651739 ], [ -74.137828, 40.651814 ] ] } },
{ "type": "Feature", "properties": { "id": "38078790-559", "name": "Juliette Street", "class": "residential", "is_priority": false }, "geometry": { "type": "LineString", "coordinates": [ [ -74.13704, 40.649486 ], [ -74.13895, 40.65049 ] ] } },
{ "type": "Feature", "properties": { "id": "38078909-560", "name": "Bayonne Bridge", "class": "motorway", "is_priority": true }, "geometry": { "type": "LineString", "coordinates": [ [ -74.142036, 40.642168 ], [ -74.141998, 40.642262 ] ] } },
{ "type": "Feature", "properties": { "id": "38079797-561", "name": "", "class": "motorway", "is_priority": true }, "geometry": { "type": "LineString", "coordinates": [ [ -74.120553, 40.655898 ], [ -74.121294, 40.65554 ], [ -74.121788, 40.655325 ], [ -74.122605, 40.655003 ] ] } },
{ "type": "Feature", "properties": { "id": "38079797-562", "name": "", "class": "motorway", "is_priority": true }, "geometry": { "type": "LineString", "coordinates": [ [ -74.122605, 40.655003 ], [ -74.123594, 40.654666 ], [ -74.124128, 40.654515 ], [ -74.124676, 40.654381 ] ] } },
{ "type": "Feature", "properties": { "id": "39015456-563", "name": "Garfield Avenue", "class": "tertiary", "is_priority": false }, "geometry": { "type": "LineString", "coordinates": [ [ -74.09999, 40.685539 ], [ -74.099793, 40.685768 ] ] } },
{ "type": "Feature", "properties": { "id": "40420860-564", "name": "West 7th Street", "class": "secondary", "is_priority": false }, "geometry": { "type": "LineString", "coordinates": [ [ -74.134134, 40.653421 ], [ -74.134419, 40.653458 ], [ -74.134506, 40.653543 ], [ -74.134536, 40.653629 ] ] } },
{ "type": "Feature", "properties": { "id": "46906951-565", "name": "East 40th Street", "class": "tertiary_link", "is_priority": false }, "geometry": { "type": "LineString", "coordinates": [ [ -74.104649, 40.675448 ], [ -74.104014, 40.675137 ] ] } },
{ "type": "Feature", "properties": { "id": "46906952-566", "name": "East 40th Street", "class": "tertiary_link", "is_priority": false }, "geometry": { "type": "LineString", "coordinates": [ [ -74.103849, 40.675058 ], [ -74.10205, 40.674202 ] ] } },
{ "type": "Feature", "properties": { "id": "46906953-567", "name": "Centre Street", "class": "tertiary", "is_priority": false }, "geometry": { "type": "LineString", "coordinates": [ [ -74.102068, 40.678511 ], [ -74.102232, 40.678615 ] ] } },
{ "type": "Feature", "properties": { "id": "46906954-568", "name": "Centre Street", "class": "tertiary", "is_priority": false }, "geometry": { "type": "LineString", "coordinates": [ [ -74.101498, 40.678155 ], [ -74.102068, 40.678511 ] ] } },
{ "type": "Feature", "properties": { "id": "46906955-569", "name": "Port Jersey Boulevard", "class": "motorway", "is_priority": true }, "geometry": { "type": "LineString", "coordinates": [ [ -74.098821, 40.680546 ], [ -74.098421, 40.680176 ], [ -74.098276, 40.680061 ], [ -74.097936, 40.679839 ], [ -74.097747, 40.679743 ], [ -74.097476, 40.679635 ], [ -74.097183, 40.679557 ], [ -74.096954, 40.679516 ] ] } },
{ "type": "Feature", "properties": { "id": "46906955-570", "name": "Port Jersey Boulevard", "class": "motorway", "is_priority": true }, "geometry": { "type": "LineString", "coordinates": [ [ -74.096954, 40.679516 ], [ -74.096719, 40.679501 ] ] } },
{ "type": "Feature", "properties": { "id": "46906956-571", "name": "East 32nd Street", "class": "tertiary", "is_priority": false }, "geometry": { "type": "LineString", "coordinates": [ [ -74.109174, 40.66962 ], [ -74.109421, 40.669736 ] ] } },
{ "type": "Feature", "properties": { "id": "46906959-572", "name": "East 30th Street", "class": "tertiary", "is_priority": false }, "geometry": { "type": "LineString", "coordinates": [ [ -74.110807, 40.667682 ], [ -74.109535, 40.667063 ] ] } },
{ "type": "Feature", "properties": { "id": "46906960-573", "name": "East 30th Street", "class": "tertiary", "is_priority": false }, "geometry": { "type": "LineString", "coordinates": [ [ -74.111045, 40.667796 ], [ -74.110807, 40.667682 ] ] } },
{ "type": "Feature", "properties": { "id": "46906961-574", "name": "East 32nd Street", "class": "tertiary", "is_priority": false }, "geometry": { "type": "LineString", "coordinates": [ [ -74.108784, 40.669391 ], [ -74.109174, 40.66962 ] ] } },
{ "type": "Feature", "properties": { "id": "46906964-575", "name": "East 25th Street", "class": "residential", "is_priority": false }, "geometry": { "type": "LineString", "coordinates": [ [ -74.113422, 40.663897 ], [ -74.11188, 40.663125 ], [ -74.11185, 40.662988 ], [ -74.111769, 40.66292 ], [ -74.111589, 40.662828 ] ] } },
{ "type": "Feature", "properties": { "id": "46906964-576", "name": "East 25th Street", "class": "residential", "is_priority": false }, "geometry": { "type": "LineString", "coordinates": [ [ -74.111589, 40.662828 ], [ -74.111228, 40.662646 ] ] } },
{ "type": "Feature", "properties": { "id": "51775159-577", "name": "", "class": "trunk_link", "is_priority": false }, "geometry": { "type": "LineString", "coordinates": [ [ -74.102028, 40.690418 ], [ -74.103239, 40.690833 ] ] } },
{ "type": "Feature", "properties": { "id": "51775740-578", "name": "Avenue E", "class": "secondary", "is_priority": false }, "geometry": { "type": "LineString", "coordinates": [ [ -74.099847, 40.681806 ], [ -74.099673, 40.681914 ], [ -74.099225, 40.682305 ], [ -74.098974, 40.682382 ] ] } },
{ "type": "Feature", "properties": { "id": "51775757-579", "name": "Avenue E", "class": "secondary", "is_priority": false }, "geometry": { "type": "LineString", "coordinates": [ [ -74.099032, 40.683107 ], [ -74.099125, 40.682991 ], [ -74.099159, 40.682865 ], [ -74.099214, 40.682762 ] ] } },
{ "type": "Feature", "properties": { "id": "51775836-580", "name": "Port Jersey Boulevard", "class": "motorway", "is_priority": true }, "geometry": { "type": "LineString", "coordinates": [ [ -74.098982, 40.68297 ], [ -74.099117, 40.682771 ], [ -74.099243, 40.682538 ], [ -74.09934, 40.682286 ], [ -74.0994, 40.682046 ], [ -74.099426, 40.681808 ], [ -74.099416, 40.681592 ], [ -74.099369, 40.68138 ], [ -74.099311, 40.681239 ] ] } },
{ "type": "Feature", "properties": { "id": "51775836-581", "name": "Port Jersey Boulevard", "class": "motorway", "is_priority": true }, "geometry": { "type": "LineString", "coordinates": [ [ -74.099311, 40.681239 ], [ -74.099162, 40.680969 ], [ -74.099052, 40.680815 ], [ -74.098821, 40.680546 ] ] } },
{ "type": "Feature", "properties": { "id": "51775941-582", "name": "", "class": "trunk_link", "is_priority": false }, "geometry": { "type": "LineString", "coordinates": [ [ -74.107203, 40.670403 ], [ -74.107074, 40.670545 ], [ -74.106993, 40.670589 ] ] } },
{ "type": "Feature", "properties": { "id": "51776158-583", "name": "East 32nd Street", "class": "tertiary", "is_priority": false }, "geometry": { "type": "LineString", "coordinates": [ [ -74.109421, 40.669736 ], [ -74.109894, 40.669931 ] ] } },
{ "type": "Feature", "properties": { "id": "51776181-584", "name": "East 32nd Street", "class": "tertiary", "is_priority": false }, "geometry": { "type": "LineString", "coordinates": [ [ -74.109216, 40.669563 ], [ -74.108784, 40.669391 ] ] } },
{ "type": "Feature", "properties": { "id": "51776182-585", "name": "East 32nd Street", "class": "tertiary", "is_priority": false }, "geometry": { "type": "LineString", "coordinates": [ [ -74.10945, 40.669679 ], [ -74.109216, 40.669563 ] ] } },
{ "type": "Feature", "properties": { "id": "51776183-586", "name": "East 32nd Street", "class": "tertiary", "is_priority": false }, "geometry": { "type": "LineString", "coordinates": [ [ -74.109894, 40.669931 ], [ -74.10945, 40.669679 ] ] } },
{ "type": "Feature", "properties": { "id": "51776189-587", "name": "East 32nd Street", "class": "tertiary", "is_priority": false }, "geometry": { "type": "LineString", "coordinates": [ [ -74.108784, 40.669391 ], [ -74.108199, 40.669206 ], [ -74.107903, 40.669083 ] ] } },
{ "type": "Feature", "properties": { "id": "51776220-588", "name": "", "class": "trunk_link", "is_priority": false }, "geometry": { "type": "LineString", "coordinates": [ [ -74.108021, 40.668529 ], [ -74.107918, 40.668627 ], [ -74.107842, 40.668665 ], [ -74.107692, 40.668689 ], [ -74.107621, 40.668682 ], [ -74.107542, 40.668652 ], [ -74.107384, 40.668538 ] ] } },
{ "type": "Feature", "properties": { "id": "55873528-589", "name": "", "class": "trunk_link", "is_priority": false }, "geometry": { "type": "LineString", "coordinates": [ [ -74.106781, 40.696056 ], [ -74.107185, 40.696344 ], [ -74.107431, 40.696565 ] ] } },
{ "type": "Feature", "properties": { "id": "55873555-590", "name": "", "class": "trunk", "is_priority": true }, "geometry": { "type": "LineString", "coordinates": [ [ -74.103732, 40.691067 ], [ -74.104544, 40.691447 ] ] } },
{ "type": "Feature", "properties": { "id": "55873563-591", "name": "", "class": "trunk", "is_priority": true }, "geometry": { "type": "LineString", "coordinates": [ [ -74.102017, 40.690222 ], [ -74.101984, 40.690195 ] ] } },
{ "type": "Feature", "properties": { "id": "55873863-592", "name": "", "class": "trunk_link", "is_priority": false }, "geometry": { "type": "LineString", "coordinates": [ [ -74.099003, 40.681085 ], [ -74.099003, 40.680981 ], [ -74.098941, 40.680884 ] ] } },
{ "type": "Feature", "properties": { "id": "55873892-593", "name": "New Hook Road", "class": "tertiary", "is_priority": false }, "geometry": { "type": "LineString", "coordinates": [ [ -74.107231, 40.6642 ], [ -74.107527, 40.664432 ], [ -74.107717, 40.664559 ], [ -74.108103, 40.664754 ] ] } },
{ "type": "Feature", "properties": { "id": "55873920-594", "name": "New Hook Road", "class": "tertiary", "is_priority": false }, "geometry": { "type": "LineString", "coordinates": [ [ -74.108253, 40.664726 ], [ -74.108055, 40.66464 ] ] } },
{ "type": "Feature", "properties": { "id": "55873923-595", "name": "", "class": "trunk_link", "is_priority": false }, "geometry": { "type": "LineString", "coordinates": [ [ -74.107722, 40.663749 ], [ -74.107695, 40.664038 ], [ -74.107631, 40.664142 ], [ -74.107525, 40.664193 ], [ -74.107389, 40.664206 ], [ -74.107275, 40.664168 ], [ -74.107003, 40.664022 ] ] } },
{ "type": "Feature", "properties": { "id": "55873924-596", "name": "", "class": "trunk_link", "is_priority": false }, "geometry": { "type": "LineString", "coordinates": [ [ -74.107231, 40.6642 ], [ -74.107685, 40.66462 ], [ -74.107979, 40.664857 ] ] } },
{ "type": "Feature", "properties": { "id": "55873931-597", "name": "", "class": "trunk_link", "is_priority": false }, "geometry": { "type": "LineString", "coordinates": [ [ -74.10829, 40.664838 ], [ -74.109033, 40.665183 ], [ -74.109232, 40.665311 ], [ -74.109306, 40.665395 ], [ -74.109333, 40.665492 ], [ -74.109288, 40.665669 ], [ -74.109192, 40.665731 ], [ -74.109077, 40.665767 ], [ -74.108905, 40.66575 ], [ -74.108799, 40.665678 ], [ -74.108703, 40.665575 ] ] } },
{ "type": "Feature", "properties": { "id": "55873931-598", "name": "", "class": "trunk_link", "is_priority": false }, "geometry": { "type": "LineString", "coordinates": [ [ -74.108703, 40.665575 ], [ -74.10837, 40.66502 ] ] } },
{ "type": "Feature", "properties": { "id": "55873946-599", "name": "", "class": "trunk_link", "is_priority": false }, "geometry": { "type": "LineString", "coordinates": [ [ -74.108806, 40.666732 ], [ -74.108891, 40.666378 ], [ -74.108999, 40.666158 ], [ -74.109401, 40.665731 ], [ -74.109465, 40.665621 ], [ -74.109465, 40.665442 ], [ -74.109423, 40.66534 ], [ -74.109353, 40.665255 ], [ -74.109262, 40.665177 ], [ -74.109186, 40.665138 ] ] } },
{ "type": "Feature", "properties": { "id": "55873946-600", "name": "", "class": "trunk_link", "is_priority": false }, "geometry": { "type": "LineString", "coordinates": [ [ -74.109186, 40.665138 ], [ -74.109117, 40.665101 ] ] } },
{ "type": "Feature", "properties": { "id": "55873956-601", "name": "", "class": "trunk_link", "is_priority": false }, "geometry": { "type": "LineString", "coordinates": [ [ -74.114413, 40.659425 ], [ -74.114845, 40.659392 ], [ -74.114963, 40.659398 ], [ -74.115055, 40.659432 ], [ -74.115114, 40.659559 ], [ -74.115085, 40.659646 ], [ -74.11501, 40.659718 ], [ -74.1149, 40.65977 ], [ -74.114743, 40.659804 ], [ -74.114464, 40.659818 ] ] } },
{ "type": "Feature", "properties": { "id": "55873957-602", "name": "", "class": "trunk_link", "is_priority": false }, "geometry": { "type": "LineString", "coordinates": [ [ -74.110983, 40.660149 ], [ -74.110313, 40.660258 ], [ -74.109889, 40.660408 ], [ -74.10961, 40.660542 ] ] } },
{ "type": "Feature", "properties": { "id": "55874002-603", "name": "East 22nd Street", "class": "tertiary", "is_priority": false }, "geometry": { "type": "LineString", "coordinates": [ [ -74.109828, 40.659305 ], [ -74.107476, 40.659107 ] ] } },
{ "type": "Feature", "properties": { "id": "55874002-604", "name": "East 22nd Street", "class": "tertiary", "is_priority": false }, "geometry": { "type": "LineString", "coordinates": [ [ -74.107476, 40.659107 ], [ -74.105124, 40.658913 ] ] } },
{ "type": "Feature", "properties": { "id": "55874002-605", "name": "East 22nd Street", "class": "tertiary", "is_priority": false }, "geometry": { "type": "LineString", "coordinates": [ [ -74.105124, 40.658913 ], [ -74.103234, 40.658759 ] ] } },
{ "type": "Feature", "properties": { "id": "55874046-606", "name": "", "class": "motorway_link", "is_priority": false }, "geometry": { "type": "LineString", "coordinates": [ [ -74.119342, 40.655967 ], [ -74.119309, 40.655887 ], [ -74.119309, 40.655789 ], [ -74.119336, 40.655696 ], [ -74.119411, 40.655598 ], [ -74.119808, 40.655191 ], [ -74.119915, 40.655114 ], [ -74.120044, 40.655077 ], [ -74.120167, 40.655073 ], [ -74.120302, 40.655102 ], [ -74.120403, 40.65515 ], [ -74.1205, 40.655232 ], [ -74.120548, 40.655317 ], [ -74.120565, 40.655423 ], [ -74.120538, 40.655506 ] ] } },
{ "type": "Feature", "properties": { "id": "55874046-607", "name": "", "class": "motorway_link", "is_priority": false }, "geometry": { "type": "LineString", "coordinates": [ [ -74.120538, 40.655506 ], [ -74.120333, 40.655848 ] ] } },
{ "type": "Feature", "properties": { "id": "55874047-608", "name": "", "class": "motorway", "is_priority": true }, "geometry": { "type": "LineString", "coordinates": [ [ -74.124676, 40.654381 ], [ -74.125074, 40.654295 ] ] } },
{ "type": "Feature", "properties": { "id": "55874060-609", "name": "", "class": "motorway", "is_priority": true }, "geometry": { "type": "LineString", "coordinates": [ [ -74.125074, 40.654295 ], [ -74.125639, 40.654191 ], [ -74.12639, 40.654095 ] ] } },
{ "type": "Feature", "properties": { "id": "55874061-610", "name": "", "class": "motorway", "is_priority": true }, "geometry": { "type": "LineString", "coordinates": [ [ -74.12639, 40.654095 ], [ -74.126776, 40.654064 ] ] } },
{ "type": "Feature", "properties": { "id": "55874062-611", "name": "", "class": "motorway", "is_priority": true }, "geometry": { "type": "LineString", "coordinates": [ [ -74.126776, 40.654064 ], [ -74.127642, 40.654041 ], [ -74.128989, 40.654099 ] ] } },
{ "type": "Feature", "properties": { "id": "55874063-612", "name": "", "class": "motorway", "is_priority": true }, "geometry": { "type": "LineString", "coordinates": [ [ -74.126891, 40.65397 ], [ -74.126465, 40.654 ] ] } },
{ "type": "Feature", "properties": { "id": "55874064-613", "name": "", "class": "motorway", "is_priority": true }, "geometry": { "type": "LineString", "coordinates": [ [ -74.126465, 40.654 ], [ -74.125639, 40.654102 ], [ -74.124894, 40.65424 ] ] } },
{ "type": "Feature", "properties": { "id": "55874065-614", "name": "", "class": "motorway", "is_priority": true }, "geometry": { "type": "LineString", "coordinates": [ [ -74.124894, 40.65424 ], [ -74.124559, 40.654315 ] ] } },
{ "type": "Feature", "properties": { "id": "55874066-615", "name": "", "class": "motorway", "is_priority": true }, "geometry": { "type": "LineString", "coordinates": [ [ -74.124559, 40.654315 ], [ -74.123514, 40.654595 ], [ -74.122364, 40.654982 ] ] } },
{ "type": "Feature", "properties": { "id": "55874066-616", "name": "", "class": "motorway", "is_priority": true }, "geometry": { "type": "LineString", "coordinates": [ [ -74.122364, 40.654982 ], [ -74.121443, 40.65534 ], [ -74.120801, 40.655627 ] ] } },
{ "type": "Feature", "properties": { "id": "55874092-617", "name": "", "class": "motorway", "is_priority": true }, "geometry": { "type": "LineString", "coordinates": [ [ -74.128989, 40.654099 ], [ -74.1292, 40.654109 ] ] } },
{ "type": "Feature", "properties": { "id": "55874093-618", "name": "", "class": "motorway", "is_priority": true }, "geometry": { "type": "LineString", "coordinates": [ [ -74.128995, 40.654011 ], [ -74.127752, 40.653955 ], [ -74.126891, 40.65397 ] ] } },
{ "type": "Feature", "properties": { "id": "55874094-619", "name": "", "class": "motorway", "is_priority": true }, "geometry": { "type": "LineString", "coordinates": [ [ -74.129193, 40.654021 ], [ -74.128995, 40.654011 ] ] } },
{ "type": "Feature", "properties": { "id": "55874095-620", "name": "", "class": "motorway", "is_priority": true }, "geometry": { "type": "LineString", "coordinates": [ [ -74.1292, 40.654109 ], [ -74.131559, 40.65424 ] ] } },
{ "type": "Feature", "properties": { "id": "55874095-621", "name": "", "class": "motorway", "is_priority": true }, "geometry": { "type": "LineString", "coordinates": [ [ -74.131559, 40.65424 ], [ -74.13306, 40.654321 ], [ -74.133345, 40.654324 ], [ -74.133609, 40.65431 ] ] } },
{ "type": "Feature", "properties": { "id": "55874189-622", "name": "West 1st Street", "class": "tertiary", "is_priority": false }, "geometry": { "type": "LineString", "coordinates": [ [ -74.128208, 40.645216 ], [ -74.128669, 40.645208 ], [ -74.130353, 40.645357 ] ] } },
{ "type": "Feature", "properties": { "id": "55874247-623", "name": "West 1st Street", "class": "tertiary", "is_priority": false }, "geometry": { "type": "LineString", "coordinates": [ [ -74.135398, 40.646063 ], [ -74.136324, 40.646109 ], [ -74.137749, 40.646252 ] ] } },
{ "type": "Feature", "properties": { "id": "55874247-624", "name": "West 1st Street", "class": "tertiary", "is_priority": false }, "geometry": { "type": "LineString", "coordinates": [ [ -74.137749, 40.646252 ], [ -74.138227, 40.646327 ], [ -74.138681, 40.646447 ], [ -74.139088, 40.646597 ], [ -74.139379, 40.64673 ] ] } },
{ "type": "Feature", "properties": { "id": "55874496-625", "name": "", "class": "motorway", "is_priority": true }, "geometry": { "type": "LineString", "coordinates": [ [ -74.133585, 40.654135 ], [ -74.133139, 40.654185 ], [ -74.132694, 40.654197 ], [ -74.132301, 40.65419 ], [ -74.131228, 40.654133 ] ] } },
{ "type": "Feature", "properties": { "id": "55874496-626", "name": "", "class": "motorway", "is_priority": true }, "geometry": { "type": "LineString", "coordinates": [ [ -74.131228, 40.654133 ], [ -74.129798, 40.654058 ] ] } },
{ "type": "Feature", "properties": { "id": "55874497-627", "name": "West 7th Street", "class": "primary", "is_priority": true }, "geometry": { "type": "LineString", "coordinates": [ [ -74.135073, 40.653274 ], [ -74.1349, 40.653322 ] ] } },
{ "type": "Feature", "properties": { "id": "60194087-628", "name": "Avenue A", "class": "secondary", "is_priority": false }, "geometry": { "type": "LineString", "coordinates": [ [ -74.135343, 40.65459 ], [ -74.134896, 40.654999 ] ] } },
{ "type": "Feature", "properties": { "id": "60194089-629", "name": "West 7th Street", "class": "secondary", "is_priority": false }, "geometry": { "type": "LineString", "coordinates": [ [ -74.129113, 40.65331 ], [ -74.130159, 40.653327 ] ] } },
{ "type": "Feature", "properties": { "id": "60194098-630", "name": "Pulaski Street", "class": "tertiary", "is_priority": false }, "geometry": { "type": "LineString", "coordinates": [ [ -74.096846, 40.678606 ], [ -74.096364, 40.678397 ] ] } },
{ "type": "Feature", "properties": { "id": "60194106-631", "name": "Chosin Few Way", "class": "tertiary", "is_priority": false }, "geometry": { "type": "LineString", "coordinates": [ [ -74.097334, 40.678141 ], [ -74.096364, 40.678397 ] ] } },
{ "type": "Feature", "properties": { "id": "60194117-632", "name": "East 30th Street", "class": "tertiary", "is_priority": false }, "geometry": { "type": "LineString", "coordinates": [ [ -74.111519, 40.668013 ], [ -74.111045, 40.667796 ] ] } },
{ "type": "Feature", "properties": { "id": "60194118-633", "name": "Prospect Avenue", "class": "tertiary", "is_priority": false }, "geometry": { "type": "LineString", "coordinates": [ [ -74.108784, 40.669391 ], [ -74.107805, 40.670506 ] ] } },
{ "type": "Feature", "properties": { "id": "60194122-634", "name": "Avenue J", "class": "tertiary", "is_priority": false }, "geometry": { "type": "LineString", "coordinates": [ [ -74.102653, 40.658711 ], [ -74.102473, 40.659973 ], [ -74.102384, 40.660107 ], [ -74.102288, 40.660211 ] ] } },
{ "type": "Feature", "properties": { "id": "60194123-635", "name": "New Hook Road", "class": "tertiary", "is_priority": false }, "geometry": { "type": "LineString", "coordinates": [ [ -74.102288, 40.660211 ], [ -74.10391, 40.661523 ] ] } },
{ "type": "Feature", "properties": { "id": "60194123-636", "name": "New Hook Road", "class": "tertiary", "is_priority": false }, "geometry": { "type": "LineString", "coordinates": [ [ -74.10391, 40.661523 ], [ -74.105533, 40.662834 ] ] } },
{ "type": "Feature", "properties": { "id": "60194123-637", "name": "New Hook Road", "class": "tertiary", "is_priority": false }, "geometry": { "type": "LineString", "coordinates": [ [ -74.105533, 40.662834 ], [ -74.107158, 40.664143 ] ] } },
{ "type": "Feature", "properties": { "id": "60194123-638", "name": "New Hook Road", "class": "tertiary", "is_priority": false }, "geometry": { "type": "LineString", "coordinates": [ [ -74.107158, 40.664143 ], [ -74.107231, 40.6642 ] ] } },
{ "type": "Feature", "properties": { "id": "60194124-639", "name": "East 1st Street", "class": "residential", "is_priority": false }, "geometry": { "type": "LineString", "coordinates": [ [ -74.125622, 40.6455 ], [ -74.125283, 40.645542 ] ] } },
{ "type": "Feature", "properties": { "id": "60194129-640", "name": "West 4th Street", "class": "tertiary", "is_priority": false }, "geometry": { "type": "LineString", "coordinates": [ [ -74.136417, 40.650248 ], [ -74.136552, 40.650291 ], [ -74.138346, 40.651201 ] ] } },
{ "type": "Feature", "properties": { "id": "60194130-641", "name": "Avenue A", "class": "tertiary", "is_priority": false }, "geometry": { "type": "LineString", "coordinates": [ [ -74.140182, 40.649095 ], [ -74.138869, 40.650594 ] ] } },
{ "type": "Feature", "properties": { "id": "60194130-642", "name": "Avenue A", "class": "tertiary", "is_priority": false }, "geometry": { "type": "LineString", "coordinates": [ [ -74.138869, 40.650594 ], [ -74.138654, 40.650864 ], [ -74.137575, 40.652101 ] ] } },
{ "type": "Feature", "properties": { "id": "60194130-643", "name": "Avenue A", "class": "tertiary", "is_priority": false }, "geometry": { "type": "LineString", "coordinates": [ [ -74.137575, 40.652101 ], [ -74.136625, 40.65319 ], [ -74.136302, 40.653536 ] ] } },
{ "type": "Feature", "properties": { "id": "60195248-644", "name": "New Hook Road", "class": "tertiary", "is_priority": false }, "geometry": { "type": "LineString", "coordinates": [ [ -74.108055, 40.66464 ], [ -74.107534, 40.664384 ], [ -74.107231, 40.6642 ] ] } },
{ "type": "Feature", "properties": { "id": "60195249-645", "name": "", "class": "trunk", "is_priority": true }, "geometry": { "type": "LineString", "coordinates": [ [ -74.107903, 40.669083 ], [ -74.108628, 40.667419 ] ] } },
{ "type": "Feature", "properties": { "id": "60195251-646", "name": "", "class": "trunk", "is_priority": true }, "geometry": { "type": "LineString", "coordinates": [ [ -74.114413, 40.659425 ], [ -74.11503, 40.659186 ], [ -74.115563, 40.658956 ], [ -74.116071, 40.658714 ], [ -74.116448, 40.658512 ] ] } },
{ "type": "Feature", "properties": { "id": "60195251-647", "name": "", "class": "trunk", "is_priority": true }, "geometry": { "type": "LineString", "coordinates": [ [ -74.116448, 40.658512 ], [ -74.117098, 40.658135 ], [ -74.118179, 40.657392 ], [ -74.118236, 40.657337 ] ] } },
{ "type": "Feature", "properties": { "id": "60195251-648", "name": "", "class": "trunk", "is_priority": true }, "geometry": { "type": "LineString", "coordinates": [ [ -74.118236, 40.657337 ], [ -74.118325, 40.65725 ] ] } },
{ "type": "Feature", "properties": { "id": "60195255-649", "name": "East 32nd Street", "class": "tertiary", "is_priority": false }, "geometry": { "type": "LineString", "coordinates": [ [ -74.107903, 40.669083 ], [ -74.107801, 40.669038 ] ] } },
{ "type": "Feature", "properties": { "id": "60195262-650", "name": "", "class": "trunk", "is_priority": true }, "geometry": { "type": "LineString", "coordinates": [ [ -74.098941, 40.680884 ], [ -74.099188, 40.6808 ] ] } },
{ "type": "Feature", "properties": { "id": "60195263-651", "name": "", "class": "trunk", "is_priority": true }, "geometry": { "type": "LineString", "coordinates": [ [ -74.108486, 40.665718 ], [ -74.108613, 40.66619 ], [ -74.108653, 40.666711 ] ] } },
{ "type": "Feature", "properties": { "id": "60195266-652", "name": "", "class": "motorway_link", "is_priority": false }, "geometry": { "type": "LineString", "coordinates": [ [ -74.09835, 40.680873 ], [ -74.098205, 40.68089 ] ] } },
{ "type": "Feature", "properties": { "id": "60195266-653", "name": "", "class": "motorway_link", "is_priority": false }, "geometry": { "type": "LineString", "coordinates": [ [ -74.096179, 40.679858 ], [ -74.096365, 40.67975 ], [ -74.09658, 40.679683 ], [ -74.09701, 40.679643 ] ] } },
{ "type": "Feature", "properties": { "id": "60195271-654", "name": "", "class": "trunk", "is_priority": true }, "geometry": { "type": "LineString", "coordinates": [ [ -74.10829, 40.664838 ], [ -74.108253, 40.664726 ] ] } },
{ "type": "Feature", "properties": { "id": "60195273-655", "name": "", "class": "trunk", "is_priority": true }, "geometry": { "type": "LineString", "coordinates": [ [ -74.107801, 40.669038 ], [ -74.107368, 40.670036 ] ] } },
{ "type": "Feature", "properties": { "id": "60195276-656", "name": "East 5th Street", "class": "tertiary", "is_priority": false }, "geometry": { "type": "LineString", "coordinates": [ [ -74.119599, 40.656237 ], [ -74.119695, 40.656326 ] ] } },
{ "type": "Feature", "properties": { "id": "60195277-657", "name": "", "class": "trunk", "is_priority": true }, "geometry": { "type": "LineString", "coordinates": [ [ -74.107996, 40.661857 ], [ -74.107846, 40.662128 ], [ -74.107743, 40.662378 ], [ -74.107674, 40.662626 ], [ -74.107636, 40.662882 ], [ -74.107625, 40.663167 ], [ -74.107647, 40.663361 ] ] } },
{ "type": "Feature", "properties": { "id": "60195278-658", "name": "", "class": "trunk", "is_priority": true }, "geometry": { "type": "LineString", "coordinates": [ [ -74.099188, 40.6808 ], [ -74.099503, 40.680663 ], [ -74.099659, 40.68058 ], [ -74.099932, 40.6804 ], [ -74.100166, 40.680207 ] ] } },
{ "type": "Feature", "properties": { "id": "60195279-659", "name": "John F. Kennedy Boulevard", "class": "primary", "is_priority": true }, "geometry": { "type": "LineString", "coordinates": [ [ -74.134253, 40.653881 ], [ -74.133727, 40.654331 ], [ -74.133494, 40.6545 ], [ -74.133347, 40.654578 ] ] } },
{ "type": "Feature", "properties": { "id": "60356176-660", "name": "Lexington Avenue", "class": "tertiary", "is_priority": false }, "geometry": { "type": "LineString", "coordinates": [ [ -74.125666, 40.648488 ], [ -74.125692, 40.650289 ] ] } },
{ "type": "Feature", "properties": { "id": "60356176-661", "name": "Lexington Avenue", "class": "tertiary", "is_priority": false }, "geometry": { "type": "LineString", "coordinates": [ [ -74.125692, 40.650289 ], [ -74.125703, 40.65147 ] ] } },
{ "type": "Feature", "properties": { "id": "60419745-662", "name": "Avenue A", "class": "tertiary", "is_priority": false }, "geometry": { "type": "LineString", "coordinates": [ [ -74.115045, 40.677151 ], [ -74.114975, 40.677142 ], [ -74.11471, 40.677182 ] ] } },
{ "type": "Feature", "properties": { "id": "60419752-663", "name": "Broadway", "class": "tertiary", "is_priority": false }, "geometry": { "type": "LineString", "coordinates": [ [ -74.127379, 40.65312 ], [ -74.126671, 40.653933 ] ] } },
{ "type": "Feature", "properties": { "id": "60419755-664", "name": "East 21st Street", "class": "tertiary", "is_priority": false }, "geometry": { "type": "LineString", "coordinates": [ [ -74.116727, 40.66076 ], [ -74.11504, 40.65993 ] ] } },
{ "type": "Feature", "properties": { "id": "60419761-665", "name": "West 53rd Street", "class": "residential", "is_priority": false }, "geometry": { "type": "LineString", "coordinates": [ [ -74.107161, 40.687699 ], [ -74.108707, 40.688467 ] ] } },
{ "type": "Feature", "properties": { "id": "60419770-666", "name": "Avenue C", "class": "secondary", "is_priority": false }, "geometry": { "type": "LineString", "coordinates": [ [ -74.128587, 40.655623 ], [ -74.127941, 40.656335 ] ] } },
{ "type": "Feature", "properties": { "id": "60419771-667", "name": "West 22nd Street", "class": "residential", "is_priority": false }, "geometry": { "type": "LineString", "coordinates": [ [ -74.123522, 40.665447 ], [ -74.125213, 40.666273 ] ] } },
{ "type": "Feature", "properties": { "id": "60419783-668", "name": "Avenue A", "class": "tertiary", "is_priority": false }, "geometry": { "type": "LineString", "coordinates": [ [ -74.114579, 40.677732 ], [ -74.114729, 40.677611 ], [ -74.114934, 40.67738 ], [ -74.115045, 40.677151 ] ] } },
{ "type": "Feature", "properties": { "id": "60419785-669", "name": "West 30th Street", "class": "tertiary", "is_priority": false }, "geometry": { "type": "LineString", "coordinates": [ [ -74.120527, 40.672432 ], [ -74.118543, 40.671451 ] ] } },
{ "type": "Feature", "properties": { "id": "60419785-670", "name": "West 30th Street", "class": "tertiary", "is_priority": false }, "geometry": { "type": "LineString", "coordinates": [ [ -74.118543, 40.671451 ], [ -74.118499, 40.671429 ] ] } },
{ "type": "Feature", "properties": { "id": "60419788-671", "name": "West 30th Street", "class": "residential", "is_priority": false }, "geometry": { "type": "LineString", "coordinates": [ [ -74.120527, 40.672432 ], [ -74.121697, 40.672983 ], [ -74.122453, 40.673382 ] ] } },
{ "type": "Feature", "properties": { "id": "62151345-672", "name": "", "class": "trunk", "is_priority": true }, "geometry": { "type": "LineString", "coordinates": [ [ -74.099708, 40.680394 ], [ -74.099538, 40.680494 ], [ -74.099194, 40.680655 ] ] } },
{ "type": "Feature", "properties": { "id": "62151348-673", "name": "", "class": "trunk", "is_priority": true }, "geometry": { "type": "LineString", "coordinates": [ [ -74.107129, 40.670921 ], [ -74.107379, 40.670365 ] ] } },
{ "type": "Feature", "properties": { "id": "62151367-674", "name": "", "class": "trunk", "is_priority": true }, "geometry": { "type": "LineString", "coordinates": [ [ -74.106931, 40.671019 ], [ -74.106283, 40.672484 ] ] } },
{ "type": "Feature", "properties": { "id": "83889075-675", "name": "", "class": "trunk_link", "is_priority": false }, "geometry": { "type": "LineString", "coordinates": [ [ -74.107493, 40.696506 ], [ -74.107181, 40.696233 ], [ -74.106838, 40.695994 ] ] } },
{ "type": "Feature", "properties": { "id": "83889104-676", "name": "", "class": "trunk_link", "is_priority": false }, "geometry": { "type": "LineString", "coordinates": [ [ -74.106838, 40.695994 ], [ -74.104857, 40.695009 ] ] } },
{ "type": "Feature", "properties": { "id": "83889104-677", "name": "", "class": "trunk_link", "is_priority": false }, "geometry": { "type": "LineString", "coordinates": [ [ -74.104857, 40.695009 ], [ -74.104482, 40.694833 ], [ -74.103909, 40.694603 ] ] } },
{ "type": "Feature", "properties": { "id": "83889118-678", "name": "", "class": "trunk_link", "is_priority": false }, "geometry": { "type": "LineString", "coordinates": [ [ -74.109637, 40.693272 ], [ -74.108866, 40.694266 ], [ -74.108572, 40.694537 ], [ -74.108417, 40.694643 ], [ -74.108267, 40.694718 ] ] } },
{ "type": "Feature", "properties": { "id": "83889118-679", "name": "", "class": "trunk_link", "is_priority": false }, "geometry": { "type": "LineString", "coordinates": [ [ -74.108267, 40.694718 ], [ -74.108065, 40.694777 ], [ -74.107374, 40.694862 ], [ -74.107088, 40.694931 ], [ -74.106955, 40.694997 ], [ -74.106388, 40.695375 ], [ -74.106274, 40.695433 ], [ -74.106182, 40.695461 ] ] } },
{ "type": "Feature", "properties": { "id": "83889118-680", "name": "", "class": "trunk_link", "is_priority": false }, "geometry": { "type": "LineString", "coordinates": [ [ -74.106182, 40.695461 ], [ -74.106058, 40.695478 ], [ -74.105937, 40.695473 ], [ -74.105658, 40.695403 ] ] } },
{ "type": "Feature", "properties": { "id": "84814460-681", "name": "", "class": "trunk_link", "is_priority": false }, "geometry": { "type": "LineString", "coordinates": [ [ -74.108731, 40.667134 ], [ -74.108795, 40.667033 ], [ -74.108875, 40.666972 ], [ -74.108972, 40.666927 ], [ -74.109238, 40.666964 ] ] } },
{ "type": "Feature", "properties": { "id": "95998769-682", "name": "West 2nd Street", "class": "residential", "is_priority": false }, "geometry": { "type": "LineString", "coordinates": [ [ -74.130675, 40.64705 ], [ -74.13304, 40.647029 ] ] } },
{ "type": "Feature", "properties": { "id": "95998769-683", "name": "West 2nd Street", "class": "residential", "is_priority": false }, "geometry": { "type": "LineString", "coordinates": [ [ -74.13304, 40.647029 ], [ -74.134807, 40.646999 ], [ -74.135161, 40.647001 ], [ -74.135401, 40.647035 ] ] } },
{ "type": "Feature", "properties": { "id": "95998769-684", "name": "West 2nd Street", "class": "residential", "is_priority": false }, "geometry": { "type": "LineString", "coordinates": [ [ -74.135401, 40.647035 ], [ -74.137722, 40.647382 ] ] } },
{ "type": "Feature", "properties": { "id": "95998769-685", "name": "West 2nd Street", "class": "residential", "is_priority": false }, "geometry": { "type": "LineString", "coordinates": [ [ -74.137722, 40.647382 ], [ -74.138716, 40.647528 ], [ -74.13937, 40.647831 ] ] } },
{ "type": "Feature", "properties": { "id": "138516576-686", "name": "", "class": "motorway", "is_priority": true }, "geometry": { "type": "LineString", "coordinates": [ [ -74.129798, 40.654058 ], [ -74.129193, 40.654021 ] ] } },
{ "type": "Feature", "properties": { "id": "179574507-687", "name": "", "class": "trunk_link", "is_priority": false }, "geometry": { "type": "LineString", "coordinates": [ [ -74.098378, 40.681351 ], [ -74.098537, 40.681328 ], [ -74.098759, 40.681254 ], [ -74.098932, 40.681148 ], [ -74.099003, 40.681085 ] ] } },
{ "type": "Feature", "properties": { "id": "206312607-688", "name": "", "class": "trunk", "is_priority": true }, "geometry": { "type": "LineString", "coordinates": [ [ -74.108152, 40.664479 ], [ -74.107942, 40.663965 ], [ -74.107856, 40.663696 ], [ -74.107803, 40.663427 ], [ -74.10779, 40.663161 ], [ -74.107827, 40.662714 ] ] } },
{ "type": "Feature", "properties": { "id": "206312607-689", "name": "", "class": "trunk", "is_priority": true }, "geometry": { "type": "LineString", "coordinates": [ [ -74.107827, 40.662714 ], [ -74.107906, 40.662402 ], [ -74.108001, 40.662174 ], [ -74.108152, 40.661901 ], [ -74.108326, 40.661665 ], [ -74.108543, 40.661419 ], [ -74.108878, 40.661136 ] ] } },
{ "type": "Feature", "properties": { "id": "206312607-690", "name": "", "class": "trunk", "is_priority": true }, "geometry": { "type": "LineString", "coordinates": [ [ -74.108878, 40.661136 ], [ -74.109089, 40.660986 ], [ -74.109378, 40.660817 ], [ -74.109685, 40.660669 ], [ -74.110001, 40.660549 ], [ -74.110677, 40.660379 ] ] } },
{ "type": "Feature", "properties": { "id": "224446098-691", "name": "", "class": "trunk_link", "is_priority": false }, "geometry": { "type": "LineString", "coordinates": [ [ -74.105813, 40.672347 ], [ -74.106044, 40.672547 ], [ -74.106165, 40.672741 ] ] } },
{ "type": "Feature", "properties": { "id": "224446099-692", "name": "Harbor Place", "class": "residential", "is_priority": false }, "geometry": { "type": "LineString", "coordinates": [ [ -74.097099, 40.670285 ], [ -74.09708, 40.66949 ] ] } },
{ "type": "Feature", "properties": { "id": "224446100-693", "name": "Stanley Avenue", "class": "residential", "is_priority": false }, "geometry": { "type": "LineString", "coordinates": [ [ -74.098584, 40.670183 ], [ -74.099676, 40.670721 ], [ -74.099765, 40.670744 ] ] } },
{ "type": "Feature", "properties": { "id": "224446101-694", "name": "Flagship Street", "class": "residential", "is_priority": false }, "geometry": { "type": "LineString", "coordinates": [ [ -74.09829, 40.672505 ], [ -74.099562, 40.670986 ] ] } },
{ "type": "Feature", "properties": { "id": "224446101-695", "name": "Flagship Street", "class": "residential", "is_priority": false }, "geometry": { "type": "LineString", "coordinates": [ [ -74.099562, 40.670986 ], [ -74.099765, 40.670744 ] ] } },
{ "type": "Feature", "properties": { "id": "224446103-696", "name": "", "class": "trunk", "is_priority": true }, "geometry": { "type": "LineString", "coordinates": [ [ -74.108806, 40.666732 ], [ -74.108811, 40.66639 ], [ -74.10872, 40.665938 ], [ -74.108591, 40.665564 ], [ -74.10837, 40.66502 ] ] } },
{ "type": "Feature", "properties": { "id": "224446104-697", "name": "", "class": "unclassified", "is_priority": false }, "geometry": { "type": "LineString", "coordinates": [ [ -74.104269, 40.670274 ], [ -74.104171, 40.670305 ], [ -74.104125, 40.670335 ], [ -74.104102, 40.670378 ], [ -74.104034, 40.670577 ], [ -74.103831, 40.671366 ] ] } },
{ "type": "Feature", "properties": { "id": "224446105-698", "name": "Stanley Avenue", "class": "residential", "is_priority": false }, "geometry": { "type": "LineString", "coordinates": [ [ -74.098584, 40.670183 ], [ -74.097767, 40.670256 ], [ -74.097099, 40.670285 ] ] } },
{ "type": "Feature", "properties": { "id": "224446106-699", "name": "Liberty Way", "class": "residential", "is_priority": false }, "geometry": { "type": "LineString", "coordinates": [ [ -74.095478, 40.670501 ], [ -74.095322, 40.671497 ] ] } },
{ "type": "Feature", "properties": { "id": "224446108-700", "name": "", "class": "trunk", "is_priority": true }, "geometry": { "type": "LineString", "coordinates": [ [ -74.108653, 40.666711 ], [ -74.108602, 40.667053 ], [ -74.108532, 40.667309 ], [ -74.108334, 40.667834 ], [ -74.108057, 40.668449 ] ] } },
{ "type": "Feature", "properties": { "id": "224446108-701", "name": "", "class": "trunk", "is_priority": true }, "geometry": { "type": "LineString", "coordinates": [ [ -74.108057, 40.668449 ], [ -74.108021, 40.668529 ] ] } },
{ "type": "Feature", "properties": { "id": "224446111-702", "name": "Garven Street", "class": "residential", "is_priority": false }, "geometry": { "type": "LineString", "coordinates": [ [ -74.098405, 40.669337 ], [ -74.098381, 40.669476 ], [ -74.09853, 40.670109 ], [ -74.098584, 40.670183 ] ] } },
{ "type": "Feature", "properties": { "id": "224446912-703", "name": "", "class": "trunk", "is_priority": true }, "geometry": { "type": "LineString", "coordinates": [ [ -74.107379, 40.670365 ], [ -74.107601, 40.669831 ] ] } },
{ "type": "Feature", "properties": { "id": "224446916-704", "name": "Prospect Avenue", "class": "tertiary", "is_priority": false }, "geometry": { "type": "LineString", "coordinates": [ [ -74.107805, 40.670506 ], [ -74.107673, 40.67063 ] ] } },
{ "type": "Feature", "properties": { "id": "224446924-705", "name": "Prospect Avenue", "class": "trunk_link", "is_priority": false }, "geometry": { "type": "LineString", "coordinates": [ [ -74.107129, 40.670921 ], [ -74.107271, 40.670791 ], [ -74.107322, 40.670764 ], [ -74.107544, 40.670705 ], [ -74.107673, 40.67063 ] ] } },
{ "type": "Feature", "properties": { "id": "224446931-706", "name": "Port Terminal Boulevard", "class": "unclassified", "is_priority": false }, "geometry": { "type": "LineString", "coordinates": [ [ -74.074045, 40.664472 ], [ -74.07428, 40.664574 ], [ -74.074894, 40.664915 ], [ -74.076047, 40.665429 ] ] } },
{ "type": "Feature", "properties": { "id": "224446931-707", "name": "Port Terminal Boulevard", "class": "unclassified", "is_priority": false }, "geometry": { "type": "LineString", "coordinates": [ [ -74.076047, 40.665429 ], [ -74.077189, 40.665943 ] ] } },
{ "type": "Feature", "properties": { "id": "224446934-708", "name": "", "class": "trunk", "is_priority": true }, "geometry": { "type": "LineString", "coordinates": [ [ -74.106399, 40.672578 ], [ -74.10685, 40.671561 ] ] } },
{ "type": "Feature", "properties": { "id": "224446940-709", "name": "Prospect Avenue", "class": "trunk_link", "is_priority": false }, "geometry": { "type": "LineString", "coordinates": [ [ -74.107673, 40.67063 ], [ -74.107531, 40.67064 ], [ -74.107492, 40.670632 ], [ -74.107426, 40.67059 ], [ -74.107385, 40.670519 ], [ -74.107379, 40.670365 ] ] } },
{ "type": "Feature", "properties": { "id": "255867443-710", "name": "Park Drive", "class": "unclassified", "is_priority": false }, "geometry": { "type": "LineString", "coordinates": [ [ -74.112165, 40.684363 ], [ -74.112304, 40.684168 ] ] } },
{ "type": "Feature", "properties": { "id": "255867444-711", "name": "Park Drive", "class": "unclassified", "is_priority": false }, "geometry": { "type": "LineString", "coordinates": [ [ -74.112304, 40.684168 ], [ -74.113372, 40.68256 ] ] } },
{ "type": "Feature", "properties": { "id": "255867444-712", "name": "Park Drive", "class": "unclassified", "is_priority": false }, "geometry": { "type": "LineString", "coordinates": [ [ -74.113372, 40.68256 ], [ -74.11345, 40.68245 ] ] } },
{ "type": "Feature", "properties": { "id": "255867622-713", "name": "Park Drive", "class": "unclassified", "is_priority": false }, "geometry": { "type": "LineString", "coordinates": [ [ -74.113604, 40.682228 ], [ -74.113734, 40.682015 ], [ -74.113797, 40.681819 ], [ -74.113833, 40.681264 ], [ -74.113886, 40.681051 ], [ -74.113934, 40.680949 ], [ -74.114243, 40.680527 ] ] } },
{ "type": "Feature", "properties": { "id": "255867622-714", "name": "Park Drive", "class": "unclassified", "is_priority": false }, "geometry": { "type": "LineString", "coordinates": [ [ -74.114243, 40.680527 ], [ -74.114602, 40.680036 ] ] } },
{ "type": "Feature", "properties": { "id": "255867623-715", "name": "Park Drive", "class": "unclassified", "is_priority": false }, "geometry": { "type": "LineString", "coordinates": [ [ -74.11345, 40.68245 ], [ -74.113604, 40.682228 ] ] } },
{ "type": "Feature", "properties": { "id": "255867915-716", "name": "Devlin Drive", "class": "unclassified", "is_priority": false }, "geometry": { "type": "LineString", "coordinates": [ [ -74.109471, 40.678228 ], [ -74.111459, 40.679206 ] ] } },
{ "type": "Feature", "properties": { "id": "255867915-717", "name": "Devlin Drive", "class": "unclassified", "is_priority": false }, "geometry": { "type": "LineString", "coordinates": [ [ -74.111459, 40.679206 ], [ -74.111811, 40.67938 ] ] } },
{ "type": "Feature", "properties": { "id": "255868944-718", "name": "Park Drive", "class": "unclassified", "is_priority": false }, "geometry": { "type": "LineString", "coordinates": [ [ -74.118829, 40.680133 ], [ -74.118599, 40.680021 ] ] } },
{ "type": "Feature", "properties": { "id": "256388635-719", "name": "Abby Street", "class": "residential", "is_priority": false }, "geometry": { "type": "LineString", "coordinates": [ [ -74.1065, 40.683987 ], [ -74.10656, 40.683906 ], [ -74.10655, 40.683874 ], [ -74.10625, 40.683504 ] ] } },
{ "type": "Feature", "properties": { "id": "256399872-720", "name": "Park Drive", "class": "unclassified", "is_priority": false }, "geometry": { "type": "LineString", "coordinates": [ [ -74.114602, 40.680036 ], [ -74.114778, 40.679794 ] ] } },
{ "type": "Feature", "properties": { "id": "256399873-721", "name": "Park Drive", "class": "unclassified", "is_priority": false }, "geometry": { "type": "LineString", "coordinates": [ [ -74.114778, 40.679794 ], [ -74.115013, 40.679431 ], [ -74.11513, 40.679132 ], [ -74.115136, 40.678917 ], [ -74.115114, 40.678807 ], [ -74.114976, 40.678518 ] ] } },
{ "type": "Feature", "properties": { "id": "256661299-722", "name": "Avenue C", "class": "tertiary", "is_priority": false }, "geometry": { "type": "LineString", "coordinates": [ [ -74.130223, 40.651386 ], [ -74.130183, 40.652333 ] ] } },
{ "type": "Feature", "properties": { "id": "256661300-723", "name": "West 5th Street", "class": "tertiary", "is_priority": false }, "geometry": { "type": "LineString", "coordinates": [ [ -74.130223, 40.651386 ], [ -74.132588, 40.651344 ] ] } },
{ "type": "Feature", "properties": { "id": "256661300-724", "name": "West 5th Street", "class": "tertiary", "is_priority": false }, "geometry": { "type": "LineString", "coordinates": [ [ -74.132588, 40.651344 ], [ -74.134953, 40.651302 ] ] } },
{ "type": "Feature", "properties": { "id": "256661300-725", "name": "West 5th Street", "class": "tertiary", "is_priority": false }, "geometry": { "type": "LineString", "coordinates": [ [ -74.134953, 40.651302 ], [ -74.134999, 40.651301 ] ] } },
{ "type": "Feature", "properties": { "id": "256661301-726", "name": "Broadway", "class": "tertiary", "is_priority": false }, "geometry": { "type": "LineString", "coordinates": [ [ -74.128275, 40.65142 ], [ -74.128259, 40.651816 ], [ -74.128231, 40.65199 ], [ -74.128089, 40.652282 ], [ -74.127434, 40.653053 ] ] } },
{ "type": "Feature", "properties": { "id": "256661301-727", "name": "Broadway", "class": "tertiary", "is_priority": false }, "geometry": { "type": "LineString", "coordinates": [ [ -74.127434, 40.653053 ], [ -74.127379, 40.65312 ] ] } },
{ "type": "Feature", "properties": { "id": "256662787-728", "name": "West 7th Street", "class": "secondary", "is_priority": false }, "geometry": { "type": "LineString", "coordinates": [ [ -74.130159, 40.653327 ], [ -74.132522, 40.653395 ] ] } },
{ "type": "Feature", "properties": { "id": "256662787-729", "name": "West 7th Street", "class": "secondary", "is_priority": false }, "geometry": { "type": "LineString", "coordinates": [ [ -74.132522, 40.653395 ], [ -74.133956, 40.653431 ], [ -74.134134, 40.653421 ] ] } },
{ "type": "Feature", "properties": { "id": "256662788-730", "name": "West 1st Street", "class": "tertiary", "is_priority": false }, "geometry": { "type": "LineString", "coordinates": [ [ -74.130673, 40.645387 ], [ -74.13101, 40.645424 ], [ -74.131866, 40.645568 ], [ -74.132979, 40.645782 ] ] } },
{ "type": "Feature", "properties": { "id": "256662788-731", "name": "West 1st Street", "class": "tertiary", "is_priority": false }, "geometry": { "type": "LineString", "coordinates": [ [ -74.132979, 40.645782 ], [ -74.133677, 40.645932 ], [ -74.13417, 40.645988 ], [ -74.135308, 40.646057 ] ] } },
{ "type": "Feature", "properties": { "id": "256662788-732", "name": "West 1st Street", "class": "tertiary", "is_priority": false }, "geometry": { "type": "LineString", "coordinates": [ [ -74.135308, 40.646057 ], [ -74.135398, 40.646063 ] ] } },
{ "type": "Feature", "properties": { "id": "256663721-733", "name": "Avenue C", "class": "secondary", "is_priority": false }, "geometry": { "type": "LineString", "coordinates": [ [ -74.102616, 40.686321 ], [ -74.102084, 40.686924 ] ] } },
{ "type": "Feature", "properties": { "id": "256663722-734", "name": "West 54th Street", "class": "residential", "is_priority": false }, "geometry": { "type": "LineString", "coordinates": [ [ -74.10837, 40.689154 ], [ -74.10663, 40.688303 ] ] } },
{ "type": "Feature", "properties": { "id": "256663723-735", "name": "Broadway", "class": "tertiary", "is_priority": false }, "geometry": { "type": "LineString", "coordinates": [ [ -74.10029, 40.685173 ], [ -74.100032, 40.685488 ] ] } },
{ "type": "Feature", "properties": { "id": "256663724-736", "name": "Broadway", "class": "tertiary", "is_priority": false }, "geometry": { "type": "LineString", "coordinates": [ [ -74.100782, 40.684577 ], [ -74.100455, 40.684976 ] ] } },
{ "type": "Feature", "properties": { "id": "256664525-737", "name": "West 55th Street", "class": "residential", "is_priority": false }, "geometry": { "type": "LineString", "coordinates": [ [ -74.102084, 40.686924 ], [ -74.104076, 40.687896 ] ] } },
{ "type": "Feature", "properties": { "id": "256664525-738", "name": "West 55th Street", "class": "residential", "is_priority": false }, "geometry": { "type": "LineString", "coordinates": [ [ -74.104076, 40.687896 ], [ -74.104444, 40.688076 ] ] } },
{ "type": "Feature", "properties": { "id": "256664526-739", "name": "Avenue C", "class": "secondary", "is_priority": false }, "geometry": { "type": "LineString", "coordinates": [ [ -74.102084, 40.686924 ], [ -74.101592, 40.687516 ] ] } },
{ "type": "Feature", "properties": { "id": "258859082-740", "name": "West 37th Street", "class": "residential", "is_priority": false }, "geometry": { "type": "LineString", "coordinates": [ [ -74.114579, 40.677732 ], [ -74.116359, 40.678624 ] ] } },
{ "type": "Feature", "properties": { "id": "258859083-741", "name": "West 24th Street", "class": "residential", "is_priority": false }, "geometry": { "type": "LineString", "coordinates": [ [ -74.12402, 40.66797 ], [ -74.125739, 40.668832 ] ] } },
{ "type": "Feature", "properties": { "id": "258859084-742", "name": "East 40th Street", "class": "tertiary_link", "is_priority": false }, "geometry": { "type": "LineString", "coordinates": [ [ -74.105064, 40.67564 ], [ -74.104734, 40.675487 ] ] } },
{ "type": "Feature", "properties": { "id": "264025070-743", "name": "Park Road", "class": "residential", "is_priority": false }, "geometry": { "type": "LineString", "coordinates": [ [ -74.124103, 40.670951 ], [ -74.124103, 40.670997 ], [ -74.124248, 40.67136 ] ] } },
{ "type": "Feature", "properties": { "id": "273203482-744", "name": "West 19th Street", "class": "residential", "is_priority": false }, "geometry": { "type": "LineString", "coordinates": [ [ -74.126533, 40.664427 ], [ -74.12791, 40.665092 ] ] } },
{ "type": "Feature", "properties": { "id": "273895439-745", "name": "John F. Kennedy Boulevard", "class": "tertiary", "is_priority": false }, "geometry": { "type": "LineString", "coordinates": [ [ -74.135258, 40.652482 ], [ -74.13549, 40.651504 ], [ -74.135565, 40.651283 ], [ -74.135702, 40.65107 ], [ -74.135961, 40.65079 ] ] } },
{ "type": "Feature", "properties": { "id": "273895439-746", "name": "John F. Kennedy Boulevard", "class": "tertiary", "is_priority": false }, "geometry": { "type": "LineString", "coordinates": [ [ -74.135961, 40.65079 ], [ -74.137224, 40.649266 ] ] } },
{ "type": "Feature", "properties": { "id": "273895439-747", "name": "John F. Kennedy Boulevard", "class": "tertiary", "is_priority": false }, "geometry": { "type": "LineString", "coordinates": [ [ -74.137224, 40.649266 ], [ -74.137753, 40.648641 ] ] } },
{ "type": "Feature", "properties": { "id": "274892108-748", "name": "East 48th Street", "class": "residential", "is_priority": false }, "geometry": { "type": "LineString", "coordinates": [ [ -74.101003, 40.680439 ], [ -74.102259, 40.681062 ] ] } },
{ "type": "Feature", "properties": { "id": "274892109-749", "name": "West 48th Street", "class": "residential", "is_priority": false }, "geometry": { "type": "LineString", "coordinates": [ [ -74.106492, 40.683132 ], [ -74.108019, 40.683876 ] ] } },
{ "type": "Feature", "properties": { "id": "274892110-750", "name": "West 48th Street", "class": "residential", "is_priority": false }, "geometry": { "type": "LineString", "coordinates": [ [ -74.105675, 40.682717 ], [ -74.106492, 40.683132 ] ] } },
{ "type": "Feature", "properties": { "id": "274892111-751", "name": "West 48th Street", "class": "residential", "is_priority": false }, "geometry": { "type": "LineString", "coordinates": [ [ -74.109551, 40.684633 ], [ -74.111537, 40.685614 ] ] } },
{ "type": "Feature", "properties": { "id": "274892111-752", "name": "West 48th Street", "class": "residential", "is_priority": false }, "geometry": { "type": "LineString", "coordinates": [ [ -74.111537, 40.685614 ], [ -74.111848, 40.685768 ] ] } },
{ "type": "Feature", "properties": { "id": "274892112-753", "name": "West 48th Street", "class": "residential", "is_priority": false }, "geometry": { "type": "LineString", "coordinates": [ [ -74.108019, 40.683876 ], [ -74.109551, 40.684633 ] ] } },
{ "type": "Feature", "properties": { "id": "275342648-754", "name": "West 20th Street", "class": "residential", "is_priority": false }, "geometry": { "type": "LineString", "coordinates": [ [ -74.126093, 40.665044 ], [ -74.127316, 40.66567 ] ] } },
{ "type": "Feature", "properties": { "id": "275342650-755", "name": "Avenue A", "class": "tertiary", "is_priority": false }, "geometry": { "type": "LineString", "coordinates": [ [ -74.132943, 40.656929 ], [ -74.131511, 40.658363 ] ] } },
{ "type": "Feature", "properties": { "id": "275342650-756", "name": "Avenue A", "class": "tertiary", "is_priority": false }, "geometry": { "type": "LineString", "coordinates": [ [ -74.131511, 40.658363 ], [ -74.1311, 40.658764 ], [ -74.13087, 40.659057 ], [ -74.130187, 40.659853 ] ] } },
{ "type": "Feature", "properties": { "id": "275342650-757", "name": "Avenue A", "class": "tertiary", "is_priority": false }, "geometry": { "type": "LineString", "coordinates": [ [ -74.130187, 40.659853 ], [ -74.129873, 40.660229 ], [ -74.128865, 40.661347 ] ] } },
{ "type": "Feature", "properties": { "id": "275342650-758", "name": "Avenue A", "class": "tertiary", "is_priority": false }, "geometry": { "type": "LineString", "coordinates": [ [ -74.128865, 40.661347 ], [ -74.128304, 40.661977 ], [ -74.127633, 40.662883 ] ] } },
{ "type": "Feature", "properties": { "id": "275342650-759", "name": "Avenue A", "class": "tertiary", "is_priority": false }, "geometry": { "type": "LineString", "coordinates": [ [ -74.127633, 40.662883 ], [ -74.126955, 40.66384 ], [ -74.126789, 40.664048 ], [ -74.126505, 40.664466 ] ] } },
{ "type": "Feature", "properties": { "id": "275342650-760", "name": "Avenue A", "class": "tertiary", "is_priority": false }, "geometry": { "type": "LineString", "coordinates": [ [ -74.126505, 40.664466 ], [ -74.125667, 40.665669 ], [ -74.12538, 40.666051 ] ] } },
{ "type": "Feature", "properties": { "id": "275342650-761", "name": "Avenue A", "class": "tertiary", "is_priority": false }, "geometry": { "type": "LineString", "coordinates": [ [ -74.12538, 40.666051 ], [ -74.124267, 40.667641 ] ] } },
{ "type": "Feature", "properties": { "id": "275342650-762", "name": "Avenue A", "class": "tertiary", "is_priority": false }, "geometry": { "type": "LineString", "coordinates": [ [ -74.124267, 40.667641 ], [ -74.123406, 40.668835 ], [ -74.123146, 40.669227 ] ] } },
{ "type": "Feature", "properties": { "id": "275342650-763", "name": "Avenue A", "class": "tertiary", "is_priority": false }, "geometry": { "type": "LineString", "coordinates": [ [ -74.123146, 40.669227 ], [ -74.122989, 40.669463 ], [ -74.122414, 40.670202 ], [ -74.121928, 40.67077 ] ] } },
{ "type": "Feature", "properties": { "id": "275342650-764", "name": "Avenue A", "class": "tertiary", "is_priority": false }, "geometry": { "type": "LineString", "coordinates": [ [ -74.121928, 40.67077 ], [ -74.121525, 40.671237 ] ] } },
{ "type": "Feature", "properties": { "id": "275342652-765", "name": "West 21st Street", "class": "residential", "is_priority": false }, "geometry": { "type": "LineString", "coordinates": [ [ -74.125667, 40.665669 ], [ -74.123684, 40.664687 ] ] } },
{ "type": "Feature", "properties": { "id": "275342652-766", "name": "West 21st Street", "class": "residential", "is_priority": false }, "geometry": { "type": "LineString", "coordinates": [ [ -74.123684, 40.664687 ], [ -74.121691, 40.663715 ] ] } },
{ "type": "Feature", "properties": { "id": "275342652-767", "name": "West 21st Street", "class": "residential", "is_priority": false }, "geometry": { "type": "LineString", "coordinates": [ [ -74.121691, 40.663715 ], [ -74.119709, 40.662732 ] ] } },
{ "type": "Feature", "properties": { "id": "275342652-768", "name": "West 21st Street", "class": "residential", "is_priority": false }, "geometry": { "type": "LineString", "coordinates": [ [ -74.119709, 40.662732 ], [ -74.119402, 40.662579 ] ] } },
{ "type": "Feature", "properties": { "id": "275342654-769", "name": "West 22nd Street", "class": "residential", "is_priority": false }, "geometry": { "type": "LineString", "coordinates": [ [ -74.125213, 40.666273 ], [ -74.127182, 40.667272 ] ] } },
{ "type": "Feature", "properties": { "id": "275342654-770", "name": "West 22nd Street", "class": "residential", "is_priority": false }, "geometry": { "type": "LineString", "coordinates": [ [ -74.127182, 40.667272 ], [ -74.12736, 40.667362 ] ] } },
{ "type": "Feature", "properties": { "id": "275342657-771", "name": "West 16th Street", "class": "residential", "is_priority": false }, "geometry": { "type": "LineString", "coordinates": [ [ -74.128304, 40.661977 ], [ -74.130289, 40.662957 ] ] } },
{ "type": "Feature", "properties": { "id": "275342657-772", "name": "West 16th Street", "class": "residential", "is_priority": false }, "geometry": { "type": "LineString", "coordinates": [ [ -74.130289, 40.662957 ], [ -74.130377, 40.663001 ] ] } },
{ "type": "Feature", "properties": { "id": "275344181-773", "name": "West 25th Street", "class": "residential", "is_priority": false }, "geometry": { "type": "LineString", "coordinates": [ [ -74.123406, 40.668835 ], [ -74.125149, 40.669684 ] ] } },
{ "type": "Feature", "properties": { "id": "275350172-774", "name": "West 51st Street", "class": "residential", "is_priority": false }, "geometry": { "type": "LineString", "coordinates": [ [ -74.108165, 40.686494 ], [ -74.106174, 40.68552 ] ] } },
{ "type": "Feature", "properties": { "id": "275350172-775", "name": "West 51st Street", "class": "residential", "is_priority": false }, "geometry": { "type": "LineString", "coordinates": [ [ -74.106174, 40.68552 ], [ -74.104185, 40.684544 ] ] } },
{ "type": "Feature", "properties": { "id": "275350172-776", "name": "West 51st Street", "class": "residential", "is_priority": false }, "geometry": { "type": "LineString", "coordinates": [ [ -74.104185, 40.684544 ], [ -74.102195, 40.683568 ] ] } },
{ "type": "Feature", "properties": { "id": "275350172-777", "name": "West 51st Street", "class": "residential", "is_priority": false }, "geometry": { "type": "LineString", "coordinates": [ [ -74.102195, 40.683568 ], [ -74.101802, 40.683381 ] ] } },
{ "type": "Feature", "properties": { "id": "275350173-778", "name": "West 52nd Street", "class": "residential", "is_priority": false }, "geometry": { "type": "LineString", "coordinates": [ [ -74.107661, 40.687091 ], [ -74.109626, 40.688075 ] ] } },
{ "type": "Feature", "properties": { "id": "275350175-779", "name": "John F. Kennedy Boulevard", "class": "primary", "is_priority": true }, "geometry": { "type": "LineString", "coordinates": [ [ -74.133347, 40.654578 ], [ -74.133082, 40.654687 ], [ -74.132593, 40.654829 ], [ -74.132478, 40.65493 ] ] } },
{ "type": "Feature", "properties": { "id": "275350176-780", "name": "West 54th Street", "class": "residential", "is_priority": false }, "geometry": { "type": "LineString", "coordinates": [ [ -74.10663, 40.688303 ], [ -74.104649, 40.687318 ] ] } },
{ "type": "Feature", "properties": { "id": "275350176-781", "name": "West 54th Street", "class": "residential", "is_priority": false }, "geometry": { "type": "LineString", "coordinates": [ [ -74.104649, 40.687318 ], [ -74.102659, 40.686343 ] ] } },
{ "type": "Feature", "properties": { "id": "275350176-782", "name": "West 54th Street", "class": "residential", "is_priority": false }, "geometry": { "type": "LineString", "coordinates": [ [ -74.102659, 40.686343 ], [ -74.102616, 40.686321 ] ] } },
{ "type": "Feature", "properties": { "id": "275350178-783", "name": "West 56th Street", "class": "residential", "is_priority": false }, "geometry": { "type": "LineString", "coordinates": [ [ -74.101592, 40.687516 ], [ -74.100916, 40.687183 ], [ -74.100804, 40.687092 ], [ -74.100436, 40.686918 ] ] } },
{ "type": "Feature", "properties": { "id": "275350179-784", "name": "Avenue C", "class": "secondary", "is_priority": false }, "geometry": { "type": "LineString", "coordinates": [ [ -74.101592, 40.687516 ], [ -74.10101, 40.688239 ] ] } },
{ "type": "Feature", "properties": { "id": "275350180-785", "name": "West 58th Street", "class": "residential", "is_priority": false }, "geometry": { "type": "LineString", "coordinates": [ [ -74.104628, 40.690691 ], [ -74.105049, 40.690892 ] ] } },
{ "type": "Feature", "properties": { "id": "275355146-786", "name": "Sycamore Road", "class": "residential", "is_priority": false }, "geometry": { "type": "LineString", "coordinates": [ [ -74.103599, 40.694969 ], [ -74.103544, 40.695068 ], [ -74.103507, 40.695188 ], [ -74.103497, 40.695301 ], [ -74.103625, 40.695623 ], [ -74.103621, 40.695695 ], [ -74.103584, 40.695779 ] ] } },
{ "type": "Feature", "properties": { "id": "275403553-787", "name": "West 6th Street", "class": "residential", "is_priority": false }, "geometry": { "type": "LineString", "coordinates": [ [ -74.130183, 40.652333 ], [ -74.132546, 40.652411 ] ] } },
{ "type": "Feature", "properties": { "id": "275403553-788", "name": "West 6th Street", "class": "residential", "is_priority": false }, "geometry": { "type": "LineString", "coordinates": [ [ -74.132546, 40.652411 ], [ -74.13491, 40.65247 ] ] } },
{ "type": "Feature", "properties": { "id": "275403553-789", "name": "West 6th Street", "class": "residential", "is_priority": false }, "geometry": { "type": "LineString", "coordinates": [ [ -74.13491, 40.65247 ], [ -74.135258, 40.652482 ] ] } },
{ "type": "Feature", "properties": { "id": "275403554-790", "name": "Avenue C", "class": "tertiary", "is_priority": false }, "geometry": { "type": "LineString", "coordinates": [ [ -74.130183, 40.652333 ], [ -74.130159, 40.653327 ] ] } },
{ "type": "Feature", "properties": { "id": "275404457-791", "name": "Avenue F", "class": "residential", "is_priority": false }, "geometry": { "type": "LineString", "coordinates": [ [ -74.110218, 40.665633 ], [ -74.109205, 40.666857 ] ] } },
{ "type": "Feature", "properties": { "id": "275404458-792", "name": "East 28th Street", "class": "residential", "is_priority": false }, "geometry": { "type": "LineString", "coordinates": [ [ -74.110218, 40.665633 ], [ -74.10971, 40.665374 ] ] } },
{ "type": "Feature", "properties": { "id": "275404520-793", "name": "West 31st Street", "class": "residential", "is_priority": false }, "geometry": { "type": "LineString", "coordinates": [ [ -74.121315, 40.673992 ], [ -74.121583, 40.674123 ] ] } },
{ "type": "Feature", "properties": { "id": "275404661-794", "name": "West 49th Street", "class": "residential", "is_priority": false }, "geometry": { "type": "LineString", "coordinates": [ [ -74.109088, 40.685254 ], [ -74.107098, 40.684279 ] ] } },
{ "type": "Feature", "properties": { "id": "275404661-795", "name": "West 49th Street", "class": "residential", "is_priority": false }, "geometry": { "type": "LineString", "coordinates": [ [ -74.107098, 40.684279 ], [ -74.105108, 40.683304 ] ] } },
{ "type": "Feature", "properties": { "id": "275404661-796", "name": "West 49th Street", "class": "residential", "is_priority": false }, "geometry": { "type": "LineString", "coordinates": [ [ -74.105108, 40.683304 ], [ -74.103118, 40.682329 ] ] } },
{ "type": "Feature", "properties": { "id": "275404661-797", "name": "West 49th Street", "class": "residential", "is_priority": false }, "geometry": { "type": "LineString", "coordinates": [ [ -74.103118, 40.682329 ], [ -74.102816, 40.682181 ] ] } },
{ "type": "Feature", "properties": { "id": "283138225-798", "name": "West Shore Drive", "class": "residential", "is_priority": false }, "geometry": { "type": "LineString", "coordinates": [ [ -74.128789, 40.664735 ], [ -74.129332, 40.664225 ] ] } },
{ "type": "Feature", "properties": { "id": "342084399-799", "name": "Rose Court", "class": "residential", "is_priority": false }, "geometry": { "type": "LineString", "coordinates": [ [ -74.131307, 40.66152 ], [ -74.131169, 40.661549 ], [ -74.130984, 40.661757 ] ] } },
{ "type": "Feature", "properties": { "id": "352649591-800", "name": "Bay Drive", "class": "residential", "is_priority": false }, "geometry": { "type": "LineString", "coordinates": [ [ -74.110655, 40.689876 ], [ -74.110598, 40.689841 ], [ -74.110525, 40.689847 ], [ -74.110479, 40.68989 ], [ -74.110486, 40.689945 ], [ -74.110543, 40.68998 ], [ -74.110616, 40.689974 ], [ -74.110662, 40.689932 ], [ -74.110655, 40.689876 ] ] } },
{ "type": "Feature", "properties": { "id": "352649592-801", "name": "Bay Drive", "class": "residential", "is_priority": false }, "geometry": { "type": "LineString", "coordinates": [ [ -74.108165, 40.689056 ], [ -74.108707, 40.688467 ] ] } },
{ "type": "Feature", "properties": { "id": "352649593-802", "name": "Bay Drive", "class": "residential", "is_priority": false }, "geometry": { "type": "LineString", "coordinates": [ [ -74.108301, 40.688909 ], [ -74.110282, 40.689895 ] ] } },
{ "type": "Feature", "properties": { "id": "352649593-803", "name": "Bay Drive", "class": "residential", "is_priority": false }, "geometry": { "type": "LineString", "coordinates": [ [ -74.110282, 40.689895 ], [ -74.110363, 40.689932 ], [ -74.110486, 40.689945 ] ] } },
{ "type": "Feature", "properties": { "id": "354331699-804", "name": "Port Terminal Boulevard", "class": "unclassified", "is_priority": false }, "geometry": { "type": "LineString", "coordinates": [ [ -74.072968, 40.664108 ], [ -74.073132, 40.664214 ], [ -74.073203, 40.66424 ], [ -74.07364, 40.664334 ], [ -74.074045, 40.664472 ] ] } },
{ "type": "Feature", "properties": { "id": "354332473-805", "name": "12th Street", "class": "unclassified", "is_priority": false }, "geometry": { "type": "LineString", "coordinates": [ [ -74.077189, 40.665943 ], [ -74.078033, 40.664506 ] ] } },
{ "type": "Feature", "properties": { "id": "361083803-806", "name": "Saint Marcellin Champagnat Way", "class": "residential", "is_priority": false }, "geometry": { "type": "LineString", "coordinates": [ [ -74.105843, 40.689245 ], [ -74.107422, 40.690089 ], [ -74.107448, 40.690125 ], [ -74.107422, 40.69024 ], [ -74.10729, 40.690382 ] ] } },
{ "type": "Feature", "properties": { "id": "361083803-807", "name": "Saint Marcellin Champagnat Way", "class": "residential", "is_priority": false }, "geometry": { "type": "LineString", "coordinates": [ [ -74.10729, 40.690382 ], [ -74.107197, 40.690481 ], [ -74.107016, 40.690494 ], [ -74.106935, 40.690448 ] ] } },
{ "type": "Feature", "properties": { "id": "361437771-808", "name": "Bayside Drive", "class": "residential", "is_priority": false }, "geometry": { "type": "LineString", "coordinates": [ [ -74.136985, 40.657323 ], [ -74.135482, 40.656601 ] ] } },
{ "type": "Feature", "properties": { "id": "361437772-809", "name": "Boatworks Drive", "class": "residential", "is_priority": false }, "geometry": { "type": "LineString", "coordinates": [ [ -74.134757, 40.657464 ], [ -74.135541, 40.656531 ], [ -74.135696, 40.656371 ], [ -74.136014, 40.656226 ], [ -74.136177, 40.656054 ] ] } },
{ "type": "Feature", "properties": { "id": "361437772-810", "name": "Boatworks Drive", "class": "residential", "is_priority": false }, "geometry": { "type": "LineString", "coordinates": [ [ -74.136177, 40.656054 ], [ -74.13623, 40.655988 ] ] } },
{ "type": "Feature", "properties": { "id": "361437773-811", "name": "Elco Court", "class": "residential", "is_priority": false }, "geometry": { "type": "LineString", "coordinates": [ [ -74.13631, 40.656523 ], [ -74.136019, 40.656858 ] ] } },
{ "type": "Feature", "properties": { "id": "361437774-812", "name": "Marina Drive", "class": "residential", "is_priority": false }, "geometry": { "type": "LineString", "coordinates": [ [ -74.137614, 40.656659 ], [ -74.13623, 40.655988 ] ] } },
{ "type": "Feature", "properties": { "id": "361437775-813", "name": "Maritime Way", "class": "residential", "is_priority": false }, "geometry": { "type": "LineString", "coordinates": [ [ -74.13727, 40.656492 ], [ -74.136703, 40.657187 ] ] } },
{ "type": "Feature", "properties": { "id": "361437777-814", "name": "", "class": "residential", "is_priority": false }, "geometry": { "type": "LineString", "coordinates": [ [ -74.134757, 40.657464 ], [ -74.134687, 40.657436 ], [ -74.134608, 40.657431 ], [ -74.134533, 40.657449 ], [ -74.134473, 40.657488 ], [ -74.134438, 40.657542 ] ] } },
{ "type": "Feature", "properties": { "id": "389116925-815", "name": "Elm Court", "class": "residential", "is_priority": false }, "geometry": { "type": "LineString", "coordinates": [ [ -74.120834, 40.654719 ], [ -74.120513, 40.654764 ], [ -74.12033, 40.654744 ], [ -74.120221, 40.654711 ], [ -74.12011, 40.654613 ], [ -74.120066, 40.654531 ], [ -74.12003, 40.654389 ], [ -74.12002, 40.654104 ] ] } },
{ "type": "Feature", "properties": { "id": "389123364-816", "name": "East 5th Street", "class": "tertiary", "is_priority": false }, "geometry": { "type": "LineString", "coordinates": [ [ -74.120212, 40.651583 ], [ -74.120082, 40.651616 ], [ -74.119212, 40.651636 ], [ -74.119053, 40.651657 ], [ -74.118786, 40.651746 ], [ -74.118024, 40.652118 ] ] } },
{ "type": "Feature", "properties": { "id": "389123364-817", "name": "East 5th Street", "class": "tertiary", "is_priority": false }, "geometry": { "type": "LineString", "coordinates": [ [ -74.118024, 40.652118 ], [ -74.117732, 40.652281 ], [ -74.117625, 40.652387 ], [ -74.117534, 40.652517 ], [ -74.117448, 40.652684 ], [ -74.117405, 40.652855 ], [ -74.1174, 40.653038 ], [ -74.117426, 40.653217 ], [ -74.11748, 40.653376 ], [ -74.117566, 40.653551 ], [ -74.117673, 40.653708 ] ] } },
{ "type": "Feature", "properties": { "id": "389123364-818", "name": "East 5th Street", "class": "tertiary", "is_priority": false }, "geometry": { "type": "LineString", "coordinates": [ [ -74.117673, 40.653708 ], [ -74.117861, 40.653982 ], [ -74.117974, 40.654085 ], [ -74.11812, 40.654145 ], [ -74.118329, 40.654152 ], [ -74.118713, 40.654139 ], [ -74.118833, 40.654155 ], [ -74.118907, 40.654186 ], [ -74.118982, 40.654255 ], [ -74.119025, 40.654328 ], [ -74.119043, 40.654781 ] ] } },
{ "type": "Feature", "properties": { "id": "389123364-819", "name": "East 5th Street", "class": "tertiary", "is_priority": false }, "geometry": { "type": "LineString", "coordinates": [ [ -74.119043, 40.654781 ], [ -74.119068, 40.655517 ], [ -74.1191, 40.655639 ], [ -74.119193, 40.655821 ], [ -74.119342, 40.655967 ] ] } },
{ "type": "Feature", "properties": { "id": "420607018-820", "name": "John F. Kennedy Boulevard", "class": "primary", "is_priority": true }, "geometry": { "type": "LineString", "coordinates": [ [ -74.103339, 40.692116 ], [ -74.103184, 40.6923 ] ] } },
{ "type": "Feature", "properties": { "id": "420607021-821", "name": "John F. Kennedy Boulevard", "class": "primary", "is_priority": true }, "geometry": { "type": "LineString", "coordinates": [ [ -74.102336, 40.692774 ], [ -74.10191, 40.692928 ], [ -74.101588, 40.693132 ] ] } },
{ "type": "Feature", "properties": { "id": "420607023-822", "name": "John F. Kennedy Boulevard", "class": "primary", "is_priority": true }, "geometry": { "type": "LineString", "coordinates": [ [ -74.104628, 40.690691 ], [ -74.104538, 40.690719 ], [ -74.104492, 40.690759 ], [ -74.104199, 40.691115 ] ] } },
{ "type": "Feature", "properties": { "id": "420607024-823", "name": "John F. Kennedy Boulevard", "class": "primary", "is_priority": true }, "geometry": { "type": "LineString", "coordinates": [ [ -74.103184, 40.6923 ], [ -74.10299, 40.692521 ], [ -74.102837, 40.692636 ], [ -74.102638, 40.69271 ], [ -74.102336, 40.692774 ] ] } },
{ "type": "Feature", "properties": { "id": "420607025-824", "name": "West 63rd Street", "class": "primary", "is_priority": true }, "geometry": { "type": "LineString", "coordinates": [ [ -74.101588, 40.693132 ], [ -74.101683, 40.693211 ] ] } },
{ "type": "Feature", "properties": { "id": "420607026-825", "name": "West 63rd Street", "class": "primary", "is_priority": true }, "geometry": { "type": "LineString", "coordinates": [ [ -74.102054, 40.693557 ], [ -74.101905, 40.693445 ], [ -74.101807, 40.693271 ], [ -74.101757, 40.693236 ], [ -74.101683, 40.693211 ] ] } },
{ "type": "Feature", "properties": { "id": "420607027-826", "name": "", "class": "primary", "is_priority": true }, "geometry": { "type": "LineString", "coordinates": [ [ -74.103184, 40.6923 ], [ -74.103286, 40.692351 ] ] } },
{ "type": "Feature", "properties": { "id": "420625912-827", "name": "Avenue C", "class": "secondary", "is_priority": false }, "geometry": { "type": "LineString", "coordinates": [ [ -74.129069, 40.654529 ], [ -74.129062, 40.654846 ] ] } },
{ "type": "Feature", "properties": { "id": "420625913-828", "name": "", "class": "motorway", "is_priority": true }, "geometry": { "type": "LineString", "coordinates": [ [ -74.120333, 40.655848 ], [ -74.119599, 40.656237 ] ] } },
{ "type": "Feature", "properties": { "id": "420625914-829", "name": "", "class": "trunk", "is_priority": true }, "geometry": { "type": "LineString", "coordinates": [ [ -74.118325, 40.65725 ], [ -74.119288, 40.656583 ], [ -74.119695, 40.656326 ] ] } },
{ "type": "Feature", "properties": { "id": "420899966-830", "name": "", "class": "trunk", "is_priority": true }, "geometry": { "type": "LineString", "coordinates": [ [ -74.10685, 40.671561 ], [ -74.107129, 40.670921 ] ] } },
{ "type": "Feature", "properties": { "id": "420899967-831", "name": "", "class": "trunk", "is_priority": true }, "geometry": { "type": "LineString", "coordinates": [ [ -74.107368, 40.670036 ], [ -74.107203, 40.670403 ] ] } },
{ "type": "Feature", "properties": { "id": "420899968-832", "name": "", "class": "trunk", "is_priority": true }, "geometry": { "type": "LineString", "coordinates": [ [ -74.108103, 40.664754 ], [ -74.108355, 40.665364 ] ] } },
{ "type": "Feature", "properties": { "id": "420899969-833", "name": "", "class": "trunk", "is_priority": true }, "geometry": { "type": "LineString", "coordinates": [ [ -74.107601, 40.669831 ], [ -74.107903, 40.669083 ] ] } },
{ "type": "Feature", "properties": { "id": "420899970-834", "name": "", "class": "trunk", "is_priority": true }, "geometry": { "type": "LineString", "coordinates": [ [ -74.106053, 40.673178 ], [ -74.106399, 40.672578 ] ] } },
{ "type": "Feature", "properties": { "id": "420899971-835", "name": "Pulaski Street", "class": "trunk", "is_priority": true }, "geometry": { "type": "LineString", "coordinates": [ [ -74.099052, 40.680322 ], [ -74.098902, 40.680082 ], [ -74.098697, 40.679859 ] ] } },
{ "type": "Feature", "properties": { "id": "420900235-836", "name": "Avenue A", "class": "secondary", "is_priority": false }, "geometry": { "type": "LineString", "coordinates": [ [ -74.136302, 40.653536 ], [ -74.136175, 40.653681 ] ] } },
{ "type": "Feature", "properties": { "id": "420906799-837", "name": "", "class": "trunk", "is_priority": true }, "geometry": { "type": "LineString", "coordinates": [ [ -74.113908, 40.659598 ], [ -74.114413, 40.659425 ] ] } },
{ "type": "Feature", "properties": { "id": "420906800-838", "name": "", "class": "trunk", "is_priority": true }, "geometry": { "type": "LineString", "coordinates": [ [ -74.113679, 40.659661 ], [ -74.113908, 40.659598 ] ] } },
{ "type": "Feature", "properties": { "id": "420906801-839", "name": "", "class": "trunk", "is_priority": true }, "geometry": { "type": "LineString", "coordinates": [ [ -74.111347, 40.660231 ], [ -74.112519, 40.659983 ] ] } },
{ "type": "Feature", "properties": { "id": "420906802-840", "name": "", "class": "trunk", "is_priority": true }, "geometry": { "type": "LineString", "coordinates": [ [ -74.113392, 40.65959 ], [ -74.112314, 40.659867 ] ] } },
{ "type": "Feature", "properties": { "id": "420906803-841", "name": "", "class": "trunk", "is_priority": true }, "geometry": { "type": "LineString", "coordinates": [ [ -74.107647, 40.663361 ], [ -74.107722, 40.663749 ] ] } },
{ "type": "Feature", "properties": { "id": "420906804-842", "name": "", "class": "trunk", "is_priority": true }, "geometry": { "type": "LineString", "coordinates": [ [ -74.112519, 40.659983 ], [ -74.113109, 40.65983 ], [ -74.113679, 40.659661 ] ] } },
{ "type": "Feature", "properties": { "id": "420906805-843", "name": "", "class": "trunk", "is_priority": true }, "geometry": { "type": "LineString", "coordinates": [ [ -74.107722, 40.663749 ], [ -74.107808, 40.664014 ], [ -74.108055, 40.66464 ] ] } },
{ "type": "Feature", "properties": { "id": "420906806-844", "name": "", "class": "trunk", "is_priority": true }, "geometry": { "type": "LineString", "coordinates": [ [ -74.114767, 40.659129 ], [ -74.113945, 40.659427 ], [ -74.113392, 40.65959 ] ] } },
{ "type": "Feature", "properties": { "id": "421161397-845", "name": "", "class": "trunk", "is_priority": true }, "geometry": { "type": "LineString", "coordinates": [ [ -74.108743, 40.661047 ], [ -74.108403, 40.66134 ], [ -74.108173, 40.6616 ], [ -74.107996, 40.661857 ] ] } },
{ "type": "Feature", "properties": { "id": "421161398-846", "name": "", "class": "trunk", "is_priority": true }, "geometry": { "type": "LineString", "coordinates": [ [ -74.110983, 40.660149 ], [ -74.110308, 40.660306 ], [ -74.109938, 40.66042 ], [ -74.10961, 40.660542 ] ] } },
{ "type": "Feature", "properties": { "id": "430250326-847", "name": "Avenue C", "class": "secondary", "is_priority": false }, "geometry": { "type": "LineString", "coordinates": [ [ -74.129021, 40.655104 ], [ -74.128646, 40.655554 ] ] } },
{ "type": "Feature", "properties": { "id": "430250327-848", "name": "", "class": "secondary_link", "is_priority": false }, "geometry": { "type": "LineString", "coordinates": [ [ -74.12906, 40.655046 ], [ -74.129324, 40.654844 ] ] } },
{ "type": "Feature", "properties": { "id": "430250328-849", "name": "Avenue C", "class": "secondary", "is_priority": false }, "geometry": { "type": "LineString", "coordinates": [ [ -74.12906, 40.655046 ], [ -74.129021, 40.655104 ] ] } },
{ "type": "Feature", "properties": { "id": "430250329-850", "name": "Avenue C", "class": "secondary", "is_priority": false }, "geometry": { "type": "LineString", "coordinates": [ [ -74.128646, 40.655554 ], [ -74.128587, 40.655623 ] ] } },
{ "type": "Feature", "properties": { "id": "430250330-851", "name": "Avenue C", "class": "secondary", "is_priority": false }, "geometry": { "type": "LineString", "coordinates": [ [ -74.129062, 40.654846 ], [ -74.12906, 40.655046 ] ] } },
{ "type": "Feature", "properties": { "id": "430250332-852", "name": "North Street", "class": "secondary", "is_priority": false }, "geometry": { "type": "LineString", "coordinates": [ [ -74.129324, 40.654844 ], [ -74.129062, 40.654846 ] ] } },
{ "type": "Feature", "properties": { "id": "446397824-853", "name": "Pulaski Street", "class": "tertiary", "is_priority": false }, "geometry": { "type": "LineString", "coordinates": [ [ -74.094373, 40.677634 ], [ -74.092256, 40.676827 ] ] } },
{ "type": "Feature", "properties": { "id": "446397824-854", "name": "Pulaski Street", "class": "tertiary", "is_priority": false }, "geometry": { "type": "LineString", "coordinates": [ [ -74.092256, 40.676827 ], [ -74.090569, 40.676178 ], [ -74.090501, 40.676168 ], [ -74.090366, 40.676186 ], [ -74.090267, 40.676258 ] ] } },
{ "type": "Feature", "properties": { "id": "446397829-855", "name": "Port Lincoln Road", "class": "tertiary", "is_priority": false }, "geometry": { "type": "LineString", "coordinates": [ [ -74.088697, 40.668891 ], [ -74.088416, 40.669385 ], [ -74.088395, 40.669482 ], [ -74.088478, 40.669556 ], [ -74.089416, 40.669869 ] ] } },
{ "type": "Feature", "properties": { "id": "446397836-856", "name": "Port Terminal Boulevard", "class": "unclassified", "is_priority": false }, "geometry": { "type": "LineString", "coordinates": [ [ -74.083066, 40.666202 ], [ -74.080902, 40.665474 ] ] } },
{ "type": "Feature", "properties": { "id": "446397836-857", "name": "Port Terminal Boulevard", "class": "unclassified", "is_priority": false }, "geometry": { "type": "LineString", "coordinates": [ [ -74.080902, 40.665474 ], [ -74.078739, 40.664744 ] ] } },
{ "type": "Feature", "properties": { "id": "446397836-858", "name": "Port Terminal Boulevard", "class": "unclassified", "is_priority": false }, "geometry": { "type": "LineString", "coordinates": [ [ -74.078739, 40.664744 ], [ -74.077756, 40.6644 ], [ -74.07665, 40.663903 ] ] } },
{ "type": "Feature", "properties": { "id": "446397836-859", "name": "Port Terminal Boulevard", "class": "unclassified", "is_priority": false }, "geometry": { "type": "LineString", "coordinates": [ [ -74.07665, 40.663903 ], [ -74.075521, 40.663392 ], [ -74.075228, 40.663274 ], [ -74.075097, 40.66324 ], [ -74.074893, 40.663222 ], [ -74.074683, 40.663231 ], [ -74.074523, 40.663266 ] ] } },
{ "type": "Feature", "properties": { "id": "446397836-860", "name": "Port Terminal Boulevard", "class": "unclassified", "is_priority": false }, "geometry": { "type": "LineString", "coordinates": [ [ -74.074523, 40.663266 ], [ -74.074308, 40.663341 ], [ -74.074222, 40.663392 ] ] } },
{ "type": "Feature", "properties": { "id": "446401727-861", "name": "Chosin Few Way", "class": "tertiary", "is_priority": false }, "geometry": { "type": "LineString", "coordinates": [ [ -74.104243, 40.671553 ], [ -74.102981, 40.673077 ] ] } },
{ "type": "Feature", "properties": { "id": "446401727-862", "name": "Chosin Few Way", "class": "tertiary", "is_priority": false }, "geometry": { "type": "LineString", "coordinates": [ [ -74.102981, 40.673077 ], [ -74.101719, 40.674602 ] ] } },
{ "type": "Feature", "properties": { "id": "446401727-863", "name": "Chosin Few Way", "class": "tertiary", "is_priority": false }, "geometry": { "type": "LineString", "coordinates": [ [ -74.101719, 40.674602 ], [ -74.100455, 40.676125 ] ] } },
{ "type": "Feature", "properties": { "id": "446401727-864", "name": "Chosin Few Way", "class": "tertiary", "is_priority": false }, "geometry": { "type": "LineString", "coordinates": [ [ -74.100455, 40.676125 ], [ -74.100323, 40.676278 ] ] } },
{ "type": "Feature", "properties": { "id": "446401732-865", "name": "Harbor Place", "class": "residential", "is_priority": false }, "geometry": { "type": "LineString", "coordinates": [ [ -74.097017, 40.671025 ], [ -74.097035, 40.671992 ], [ -74.097017, 40.67207 ] ] } },
{ "type": "Feature", "properties": { "id": "446404560-866", "name": "", "class": "trunk_link", "is_priority": false }, "geometry": { "type": "LineString", "coordinates": [ [ -74.106993, 40.670589 ], [ -74.106794, 40.670605 ] ] } },
{ "type": "Feature", "properties": { "id": "446404561-867", "name": "Port Terminal Boulevard", "class": "trunk_link", "is_priority": false }, "geometry": { "type": "LineString", "coordinates": [ [ -74.106794, 40.670605 ], [ -74.106901, 40.670654 ], [ -74.106959, 40.67073 ], [ -74.106931, 40.671019 ] ] } },
{ "type": "Feature", "properties": { "id": "446404563-868", "name": "Port Terminal Boulevard", "class": "unclassified", "is_priority": false }, "geometry": { "type": "LineString", "coordinates": [ [ -74.106794, 40.670605 ], [ -74.106539, 40.670575 ] ] } },
{ "type": "Feature", "properties": { "id": "446404570-869", "name": "Port Terminal Boulevard", "class": "unclassified", "is_priority": false }, "geometry": { "type": "LineString", "coordinates": [ [ -74.106539, 40.670575 ], [ -74.105747, 40.670449 ], [ -74.105385, 40.670411 ] ] } },
{ "type": "Feature", "properties": { "id": "446404573-870", "name": "Goldsborough Drive", "class": "tertiary", "is_priority": false }, "geometry": { "type": "LineString", "coordinates": [ [ -74.103831, 40.671366 ], [ -74.103087, 40.671024 ], [ -74.101829, 40.670406 ] ] } },
{ "type": "Feature", "properties": { "id": "446404573-871", "name": "Goldsborough Drive", "class": "tertiary", "is_priority": false }, "geometry": { "type": "LineString", "coordinates": [ [ -74.101829, 40.670406 ], [ -74.10025, 40.669661 ], [ -74.100042, 40.66959 ], [ -74.099769, 40.669543 ] ] } },
{ "type": "Feature", "properties": { "id": "446404573-872", "name": "Goldsborough Drive", "class": "tertiary", "is_priority": false }, "geometry": { "type": "LineString", "coordinates": [ [ -74.099769, 40.669543 ], [ -74.099734, 40.669538 ] ] } },
{ "type": "Feature", "properties": { "id": "446407557-873", "name": "Goldsborough Drive", "class": "tertiary", "is_priority": false }, "geometry": { "type": "LineString", "coordinates": [ [ -74.106399, 40.672578 ], [ -74.106283, 40.672484 ] ] } },
{ "type": "Feature", "properties": { "id": "446407558-874", "name": "Goldsborough Drive", "class": "tertiary", "is_priority": false }, "geometry": { "type": "LineString", "coordinates": [ [ -74.105813, 40.672347 ], [ -74.106252, 40.672553 ] ] } },
{ "type": "Feature", "properties": { "id": "446407559-875", "name": "", "class": "trunk_link", "is_priority": false }, "geometry": { "type": "LineString", "coordinates": [ [ -74.106481, 40.672029 ], [ -74.106345, 40.672174 ], [ -74.106274, 40.672227 ], [ -74.106173, 40.672271 ], [ -74.105998, 40.672289 ], [ -74.105793, 40.67226 ] ] } },
{ "type": "Feature", "properties": { "id": "446407560-876", "name": "", "class": "tertiary_link", "is_priority": false }, "geometry": { "type": "LineString", "coordinates": [ [ -74.104734, 40.675487 ], [ -74.104806, 40.675577 ], [ -74.10484, 40.675648 ], [ -74.104853, 40.675703 ], [ -74.10484, 40.675905 ] ] } },
{ "type": "Feature", "properties": { "id": "446407561-877", "name": "", "class": "tertiary_link", "is_priority": false }, "geometry": { "type": "LineString", "coordinates": [ [ -74.105284, 40.675377 ], [ -74.105033, 40.67548 ], [ -74.104891, 40.675494 ], [ -74.104734, 40.675487 ] ] } },
{ "type": "Feature", "properties": { "id": "446407562-878", "name": "East 40th Street", "class": "tertiary_link", "is_priority": false }, "geometry": { "type": "LineString", "coordinates": [ [ -74.104734, 40.675487 ], [ -74.104649, 40.675448 ] ] } },
{ "type": "Feature", "properties": { "id": "446407563-879", "name": "Avenue E", "class": "secondary", "is_priority": false }, "geometry": { "type": "LineString", "coordinates": [ [ -74.105064, 40.67564 ], [ -74.103783, 40.677155 ] ] } },
{ "type": "Feature", "properties": { "id": "446407563-880", "name": "Avenue E", "class": "secondary", "is_priority": false }, "geometry": { "type": "LineString", "coordinates": [ [ -74.103783, 40.677155 ], [ -74.102501, 40.678669 ] ] } },
{ "type": "Feature", "properties": { "id": "446407563-881", "name": "Avenue E", "class": "secondary", "is_priority": false }, "geometry": { "type": "LineString", "coordinates": [ [ -74.102501, 40.678669 ], [ -74.10122, 40.680184 ] ] } },
{ "type": "Feature", "properties": { "id": "446407563-882", "name": "Avenue E", "class": "secondary", "is_priority": false }, "geometry": { "type": "LineString", "coordinates": [ [ -74.10122, 40.680184 ], [ -74.099938, 40.681698 ] ] } },
{ "type": "Feature", "properties": { "id": "446407563-883", "name": "Avenue E", "class": "secondary", "is_priority": false }, "geometry": { "type": "LineString", "coordinates": [ [ -74.099938, 40.681698 ], [ -74.099847, 40.681806 ] ] } },
{ "type": "Feature", "properties": { "id": "446407706-884", "name": "Pulaski Street", "class": "tertiary", "is_priority": false }, "geometry": { "type": "LineString", "coordinates": [ [ -74.095563, 40.67809 ], [ -74.094373, 40.677634 ] ] } },
{ "type": "Feature", "properties": { "id": "453314523-885", "name": "Port Jersey Boulevard", "class": "unclassified", "is_priority": false }, "geometry": { "type": "LineString", "coordinates": [ [ -74.066635, 40.666111 ], [ -74.065907, 40.667113 ] ] } },
{ "type": "Feature", "properties": { "id": "466076251-886", "name": "Columbus Circle", "class": "residential", "is_priority": false }, "geometry": { "type": "LineString", "coordinates": [ [ -74.120365, 40.652744 ], [ -74.120487, 40.652799 ], [ -74.120429, 40.652875 ], [ -74.120426, 40.653366 ], [ -74.12057, 40.653376 ] ] } },
{ "type": "Feature", "properties": { "id": "469581660-887", "name": "West 16th Street", "class": "unclassified", "is_priority": false }, "geometry": { "type": "LineString", "coordinates": [ [ -74.13153, 40.662485 ], [ -74.131185, 40.662324 ], [ -74.131087, 40.662322 ], [ -74.131005, 40.662345 ], [ -74.130377, 40.663001 ] ] } },
{ "type": "Feature", "properties": { "id": "511736769-888", "name": "", "class": "trunk", "is_priority": true }, "geometry": { "type": "LineString", "coordinates": [ [ -74.108021, 40.668529 ], [ -74.107801, 40.669038 ] ] } },
{ "type": "Feature", "properties": { "id": "511736775-889", "name": "", "class": "trunk", "is_priority": true }, "geometry": { "type": "LineString", "coordinates": [ [ -74.108355, 40.665364 ], [ -74.108413, 40.665522 ] ] } },
{ "type": "Feature", "properties": { "id": "511736781-890", "name": "New Hook Road", "class": "tertiary", "is_priority": false }, "geometry": { "type": "LineString", "coordinates": [ [ -74.108103, 40.664754 ], [ -74.10829, 40.664838 ] ] } },
{ "type": "Feature", "properties": { "id": "511736786-891", "name": "", "class": "trunk", "is_priority": true }, "geometry": { "type": "LineString", "coordinates": [ [ -74.108055, 40.66464 ], [ -74.108103, 40.664754 ] ] } },
{ "type": "Feature", "properties": { "id": "511752594-892", "name": "East 5th Street", "class": "tertiary", "is_priority": false }, "geometry": { "type": "LineString", "coordinates": [ [ -74.119342, 40.655967 ], [ -74.119599, 40.656237 ] ] } },
{ "type": "Feature", "properties": { "id": "515540658-893", "name": "Port Jersey Boulevard", "class": "motorway", "is_priority": true }, "geometry": { "type": "LineString", "coordinates": [ [ -74.098718, 40.680602 ], [ -74.098943, 40.680863 ], [ -74.099049, 40.681012 ], [ -74.099208, 40.681303 ], [ -74.099273, 40.6815 ], [ -74.0993, 40.681697 ], [ -74.099284, 40.681897 ], [ -74.099233, 40.682104 ], [ -74.099158, 40.682288 ] ] } },
{ "type": "Feature", "properties": { "id": "515540658-894", "name": "Port Jersey Boulevard", "class": "motorway", "is_priority": true }, "geometry": { "type": "LineString", "coordinates": [ [ -74.099158, 40.682288 ], [ -74.099025, 40.682521 ], [ -74.098881, 40.682699 ] ] } },
{ "type": "Feature", "properties": { "id": "515540659-895", "name": "", "class": "trunk", "is_priority": true }, "geometry": { "type": "LineString", "coordinates": [ [ -74.09835, 40.680873 ], [ -74.098209, 40.680901 ] ] } },
{ "type": "Feature", "properties": { "id": "516680859-896", "name": "", "class": "motorway", "is_priority": true }, "geometry": { "type": "LineString", "coordinates": [ [ -74.119695, 40.656326 ], [ -74.119872, 40.656258 ], [ -74.120553, 40.655898 ] ] } },
{ "type": "Feature", "properties": { "id": "524546350-897", "name": "John F. Kennedy Boulevard", "class": "primary", "is_priority": true }, "geometry": { "type": "LineString", "coordinates": [ [ -74.11471, 40.677182 ], [ -74.114663, 40.676992 ], [ -74.114457, 40.67659 ], [ -74.114457, 40.676357 ], [ -74.114524, 40.676182 ], [ -74.115057, 40.675539 ] ] } },
{ "type": "Feature", "properties": { "id": "524546350-898", "name": "John F. Kennedy Boulevard", "class": "primary", "is_priority": true }, "geometry": { "type": "LineString", "coordinates": [ [ -74.115057, 40.675539 ], [ -74.116334, 40.674022 ] ] } },
{ "type": "Feature", "properties": { "id": "524546350-899", "name": "John F. Kennedy Boulevard", "class": "primary", "is_priority": true }, "geometry": { "type": "LineString", "coordinates": [ [ -74.116334, 40.674022 ], [ -74.117609, 40.672504 ] ] } },
{ "type": "Feature", "properties": { "id": "524546350-900", "name": "John F. Kennedy Boulevard", "class": "primary", "is_priority": true }, "geometry": { "type": "LineString", "coordinates": [ [ -74.117609, 40.672504 ], [ -74.118499, 40.671429 ] ] } },
{ "type": "Feature", "properties": { "id": "531134478-901", "name": "East 52nd Street", "class": "residential", "is_priority": false }, "geometry": { "type": "LineString", "coordinates": [ [ -74.099107, 40.683017 ], [ -74.099241, 40.682993 ], [ -74.099329, 40.683017 ], [ -74.101122, 40.683898 ] ] } },
{ "type": "Feature", "properties": { "id": "531134478-902", "name": "East 52nd Street", "class": "residential", "is_priority": false }, "geometry": { "type": "LineString", "coordinates": [ [ -74.101122, 40.683898 ], [ -74.101296, 40.683983 ] ] } },
{ "type": "Feature", "properties": { "id": "533422575-903", "name": "", "class": "trunk_link", "is_priority": false }, "geometry": { "type": "LineString", "coordinates": [ [ -74.099003, 40.681085 ], [ -74.099129, 40.680947 ], [ -74.099188, 40.6808 ] ] } },
{ "type": "Feature", "properties": { "id": "548095004-904", "name": "", "class": "trunk_link", "is_priority": false }, "geometry": { "type": "LineString", "coordinates": [ [ -74.119193, 40.655821 ], [ -74.119288, 40.656029 ], [ -74.119344, 40.656213 ], [ -74.119315, 40.656307 ], [ -74.119248, 40.656392 ], [ -74.118718, 40.656764 ], [ -74.118557, 40.656943 ] ] } },
{ "type": "Feature", "properties": { "id": "554603371-905", "name": "Goldsborough Drive", "class": "tertiary", "is_priority": false }, "geometry": { "type": "LineString", "coordinates": [ [ -74.103831, 40.671366 ], [ -74.105064, 40.67195 ] ] } },
{ "type": "Feature", "properties": { "id": "571961889-906", "name": "Ruby Brown Terrace", "class": "residential", "is_priority": false }, "geometry": { "type": "LineString", "coordinates": [ [ -74.101329, 40.691594 ], [ -74.10174, 40.691135 ] ] } },
{ "type": "Feature", "properties": { "id": "571961890-907", "name": "Ruby Brown Terrace", "class": "residential", "is_priority": false }, "geometry": { "type": "LineString", "coordinates": [ [ -74.101047, 40.692183 ], [ -74.101065, 40.692087 ] ] } },
{ "type": "Feature", "properties": { "id": "571961890-908", "name": "Ruby Brown Terrace", "class": "residential", "is_priority": false }, "geometry": { "type": "LineString", "coordinates": [ [ -74.101228, 40.691717 ], [ -74.101329, 40.691594 ] ] } },
{ "type": "Feature", "properties": { "id": "571979186-909", "name": "Avenue E", "class": "secondary", "is_priority": false }, "geometry": { "type": "LineString", "coordinates": [ [ -74.105284, 40.675377 ], [ -74.105064, 40.67564 ] ] } },
{ "type": "Feature", "properties": { "id": "582399744-910", "name": "East 5th Street", "class": "tertiary", "is_priority": false }, "geometry": { "type": "LineString", "coordinates": [ [ -74.128275, 40.65142 ], [ -74.125911, 40.651468 ] ] } },
{ "type": "Feature", "properties": { "id": "582399744-911", "name": "East 5th Street", "class": "tertiary", "is_priority": false }, "geometry": { "type": "LineString", "coordinates": [ [ -74.125911, 40.651468 ], [ -74.124228, 40.651496 ] ] } },
{ "type": "Feature", "properties": { "id": "584850162-912", "name": "Broadway", "class": "tertiary", "is_priority": false }, "geometry": { "type": "LineString", "coordinates": [ [ -74.128275, 40.65142 ], [ -74.128248, 40.649994 ] ] } },
{ "type": "Feature", "properties": { "id": "584850166-913", "name": "Avenue C", "class": "tertiary", "is_priority": false }, "geometry": { "type": "LineString", "coordinates": [ [ -74.130314, 40.649965 ], [ -74.130223, 40.651386 ] ] } },
{ "type": "Feature", "properties": { "id": "584850170-914", "name": "West 4th Street", "class": "residential", "is_priority": false }, "geometry": { "type": "LineString", "coordinates": [ [ -74.130314, 40.649965 ], [ -74.128248, 40.649994 ] ] } },
{ "type": "Feature", "properties": { "id": "584850175-915", "name": "John F. Kennedy Boulevard", "class": "primary", "is_priority": true }, "geometry": { "type": "LineString", "coordinates": [ [ -74.106129, 40.688909 ], [ -74.10663, 40.688303 ] ] } },
{ "type": "Feature", "properties": { "id": "584850181-916", "name": "John F. Kennedy Boulevard", "class": "primary", "is_priority": true }, "geometry": { "type": "LineString", "coordinates": [ [ -74.104628, 40.690691 ], [ -74.105109, 40.690102 ] ] } },
{ "type": "Feature", "properties": { "id": "584850188-917", "name": "John F. Kennedy Boulevard", "class": "primary", "is_priority": true }, "geometry": { "type": "LineString", "coordinates": [ [ -74.103286, 40.692351 ], [ -74.10384, 40.691698 ] ] } },
{ "type": "Feature", "properties": { "id": "585010159-918", "name": "Avenue E", "class": "secondary", "is_priority": false }, "geometry": { "type": "LineString", "coordinates": [ [ -74.099304, 40.682559 ], [ -74.099319, 40.682459 ], [ -74.099355, 40.682382 ], [ -74.099625, 40.68213 ], [ -74.099768, 40.68196 ], [ -74.099847, 40.681806 ] ] } },
{ "type": "Feature", "properties": { "id": "606223356-919", "name": "West 10th Street", "class": "residential", "is_priority": false }, "geometry": { "type": "LineString", "coordinates": [ [ -74.127941, 40.656335 ], [ -74.129921, 40.657321 ] ] } },
{ "type": "Feature", "properties": { "id": "606223356-920", "name": "West 10th Street", "class": "residential", "is_priority": false }, "geometry": { "type": "LineString", "coordinates": [ [ -74.129921, 40.657321 ], [ -74.131583, 40.658165 ], [ -74.131656, 40.658223 ] ] } },
{ "type": "Feature", "properties": { "id": "606223357-921", "name": "Avenue C", "class": "secondary", "is_priority": false }, "geometry": { "type": "LineString", "coordinates": [ [ -74.127941, 40.656335 ], [ -74.126671, 40.657855 ] ] } },
{ "type": "Feature", "properties": { "id": "606223357-922", "name": "Avenue C", "class": "secondary", "is_priority": false }, "geometry": { "type": "LineString", "coordinates": [ [ -74.126671, 40.657855 ], [ -74.125394, 40.659372 ] ] } },
{ "type": "Feature", "properties": { "id": "606223357-923", "name": "Avenue C", "class": "secondary", "is_priority": false }, "geometry": { "type": "LineString", "coordinates": [ [ -74.125394, 40.659372 ], [ -74.124726, 40.660192 ], [ -74.124125, 40.660892 ] ] } },
{ "type": "Feature", "properties": { "id": "606223357-924", "name": "Avenue C", "class": "secondary", "is_priority": false }, "geometry": { "type": "LineString", "coordinates": [ [ -74.124125, 40.660892 ], [ -74.123381, 40.661746 ], [ -74.122842, 40.662406 ] ] } },
{ "type": "Feature", "properties": { "id": "606223357-925", "name": "Avenue C", "class": "secondary", "is_priority": false }, "geometry": { "type": "LineString", "coordinates": [ [ -74.122842, 40.662406 ], [ -74.121558, 40.663918 ] ] } },
{ "type": "Feature", "properties": { "id": "606223357-926", "name": "Avenue C", "class": "secondary", "is_priority": false }, "geometry": { "type": "LineString", "coordinates": [ [ -74.121558, 40.663918 ], [ -74.121219, 40.664306 ], [ -74.12029, 40.665439 ] ] } },
{ "type": "Feature", "properties": { "id": "606223357-927", "name": "Avenue C", "class": "secondary", "is_priority": false }, "geometry": { "type": "LineString", "coordinates": [ [ -74.12029, 40.665439 ], [ -74.119404, 40.666481 ] ] } },
{ "type": "Feature", "properties": { "id": "625570762-928", "name": "", "class": "tertiary_link", "is_priority": false }, "geometry": { "type": "LineString", "coordinates": [ [ -74.095563, 40.67809 ], [ -74.095712, 40.678208 ], [ -74.095769, 40.67832 ], [ -74.095763, 40.678443 ], [ -74.095663, 40.678638 ] ] } },
{ "type": "Feature", "properties": { "id": "625570763-929", "name": "Chosin Few Way", "class": "tertiary", "is_priority": false }, "geometry": { "type": "LineString", "coordinates": [ [ -74.100323, 40.676278 ], [ -74.100134, 40.676508 ] ] } },
{ "type": "Feature", "properties": { "id": "625574676-930", "name": "", "class": "motorway_link", "is_priority": false }, "geometry": { "type": "LineString", "coordinates": [ [ -74.098066, 40.679756 ], [ -74.097559, 40.679445 ], [ -74.097212, 40.679278 ], [ -74.096909, 40.679167 ], [ -74.096732, 40.679118 ], [ -74.096421, 40.679062 ], [ -74.09617, 40.679054 ], [ -74.095965, 40.679081 ] ] } },
{ "type": "Feature", "properties": { "id": "625574676-931", "name": "", "class": "motorway_link", "is_priority": false }, "geometry": { "type": "LineString", "coordinates": [ [ -74.095965, 40.679081 ], [ -74.095675, 40.679173 ], [ -74.095467, 40.679291 ], [ -74.095375, 40.67937 ] ] } },
{ "type": "Feature", "properties": { "id": "625574678-932", "name": "", "class": "motorway_link", "is_priority": false }, "geometry": { "type": "LineString", "coordinates": [ [ -74.095375, 40.67937 ], [ -74.095281, 40.679478 ] ] } },
{ "type": "Feature", "properties": { "id": "625574685-933", "name": "", "class": "trunk_link", "is_priority": false }, "geometry": { "type": "LineString", "coordinates": [ [ -74.098453, 40.681551 ], [ -74.098755, 40.681478 ], [ -74.098883, 40.681426 ], [ -74.099123, 40.681298 ], [ -74.099226, 40.681222 ], [ -74.099406, 40.681055 ], [ -74.100073, 40.680311 ] ] } },
{ "type": "Feature", "properties": { "id": "625574685-934", "name": "", "class": "trunk_link", "is_priority": false }, "geometry": { "type": "LineString", "coordinates": [ [ -74.100073, 40.680311 ], [ -74.100166, 40.680207 ] ] } },
{ "type": "Feature", "properties": { "id": "625574687-935", "name": "", "class": "motorway_link", "is_priority": false }, "geometry": { "type": "LineString", "coordinates": [ [ -74.098066, 40.679756 ], [ -74.097556, 40.679298 ], [ -74.097444, 40.679169 ] ] } },
{ "type": "Feature", "properties": { "id": "625574689-936", "name": "", "class": "motorway_link", "is_priority": false }, "geometry": { "type": "LineString", "coordinates": [ [ -74.097444, 40.679169 ], [ -74.09736, 40.679006 ], [ -74.097338, 40.67892 ], [ -74.097332, 40.678749 ] ] } },
{ "type": "Feature", "properties": { "id": "625574691-937", "name": "", "class": "motorway_link", "is_priority": false }, "geometry": { "type": "LineString", "coordinates": [ [ -74.097332, 40.678749 ], [ -74.097376, 40.678577 ], [ -74.097413, 40.678501 ], [ -74.097532, 40.678353 ], [ -74.097683, 40.678235 ], [ -74.098552, 40.67787 ], [ -74.09887, 40.677694 ] ] } },
{ "type": "Feature", "properties": { "id": "625574693-938", "name": "Chosin Few Way", "class": "tertiary", "is_priority": false }, "geometry": { "type": "LineString", "coordinates": [ [ -74.09887, 40.677694 ], [ -74.098523, 40.67781 ], [ -74.097334, 40.678141 ] ] } },
{ "type": "Feature", "properties": { "id": "625574697-939", "name": "Port Jersey Boulevard", "class": "motorway", "is_priority": true }, "geometry": { "type": "LineString", "coordinates": [ [ -74.09701, 40.679643 ], [ -74.097286, 40.679698 ], [ -74.09767, 40.67984 ], [ -74.097848, 40.67993 ], [ -74.098172, 40.680136 ] ] } },
{ "type": "Feature", "properties": { "id": "625574700-940", "name": "Port Jersey Boulevard", "class": "motorway", "is_priority": true }, "geometry": { "type": "LineString", "coordinates": [ [ -74.0957, 40.679655 ], [ -74.096582, 40.679619 ], [ -74.09701, 40.679643 ] ] } },
{ "type": "Feature", "properties": { "id": "629286639-941", "name": "Port Terminal Boulevard", "class": "unclassified", "is_priority": false }, "geometry": { "type": "LineString", "coordinates": [ [ -74.072021, 40.663705 ], [ -74.071855, 40.663703 ], [ -74.071723, 40.663752 ], [ -74.071595, 40.663869 ], [ -74.071345, 40.664202 ], [ -74.071223, 40.664276 ], [ -74.071138, 40.6643 ], [ -74.071007, 40.664287 ], [ -74.070443, 40.664056 ] ] } },
{ "type": "Feature", "properties": { "id": "632335922-942", "name": "Goldsborough Drive", "class": "tertiary", "is_priority": false }, "geometry": { "type": "LineString", "coordinates": [ [ -74.098405, 40.669337 ], [ -74.096987, 40.669119 ] ] } },
{ "type": "Feature", "properties": { "id": "639886912-943", "name": "John F. Kennedy Boulevard", "class": "primary", "is_priority": true }, "geometry": { "type": "LineString", "coordinates": [ [ -74.134536, 40.653629 ], [ -74.134253, 40.653881 ] ] } },
{ "type": "Feature", "properties": { "id": "642418467-944", "name": "", "class": "secondary", "is_priority": false }, "geometry": { "type": "LineString", "coordinates": [ [ -74.098974, 40.682382 ], [ -74.098859, 40.682427 ], [ -74.098801, 40.682485 ] ] } },
{ "type": "Feature", "properties": { "id": "642418482-945", "name": "East 53rd Street", "class": "tertiary", "is_priority": false }, "geometry": { "type": "LineString", "coordinates": [ [ -74.100782, 40.684577 ], [ -74.100063, 40.684225 ] ] } },
{ "type": "Feature", "properties": { "id": "642418483-946", "name": "", "class": "secondary", "is_priority": false }, "geometry": { "type": "LineString", "coordinates": [ [ -74.099214, 40.682762 ], [ -74.099301, 40.682653 ], [ -74.099304, 40.682559 ] ] } },
{ "type": "Feature", "properties": { "id": "642418484-947", "name": "", "class": "secondary", "is_priority": false }, "geometry": { "type": "LineString", "coordinates": [ [ -74.099074, 40.682811 ], [ -74.099214, 40.682762 ] ] } },
{ "type": "Feature", "properties": { "id": "642418486-948", "name": "", "class": "secondary", "is_priority": false }, "geometry": { "type": "LineString", "coordinates": [ [ -74.098891, 40.682727 ], [ -74.098967, 40.682774 ], [ -74.099074, 40.682811 ] ] } },
{ "type": "Feature", "properties": { "id": "642418491-949", "name": "", "class": "secondary", "is_priority": false }, "geometry": { "type": "LineString", "coordinates": [ [ -74.099304, 40.682559 ], [ -74.09926, 40.682467 ], [ -74.099164, 40.682401 ], [ -74.099039, 40.682377 ], [ -74.098974, 40.682382 ] ] } },
{ "type": "Feature", "properties": { "id": "642418492-950", "name": "", "class": "motorway_link", "is_priority": false }, "geometry": { "type": "LineString", "coordinates": [ [ -74.098944, 40.682869 ], [ -74.099074, 40.682811 ] ] } },
{ "type": "Feature", "properties": { "id": "642418493-951", "name": "Port Jersey Boulevard", "class": "motorway", "is_priority": true }, "geometry": { "type": "LineString", "coordinates": [ [ -74.096719, 40.679501 ], [ -74.095703, 40.679543 ], [ -74.095488, 40.679566 ] ] } },
{ "type": "Feature", "properties": { "id": "642418495-952", "name": "", "class": "trunk", "is_priority": true }, "geometry": { "type": "LineString", "coordinates": [ [ -74.100782, 40.679304 ], [ -74.100155, 40.680037 ], [ -74.099945, 40.680226 ], [ -74.099708, 40.680394 ] ] } },
{ "type": "Feature", "properties": { "id": "642418496-953", "name": "", "class": "trunk", "is_priority": true }, "geometry": { "type": "LineString", "coordinates": [ [ -74.099194, 40.680655 ], [ -74.098789, 40.680783 ], [ -74.09835, 40.680873 ] ] } },
{ "type": "Feature", "properties": { "id": "642418497-954", "name": "", "class": "trunk_link", "is_priority": false }, "geometry": { "type": "LineString", "coordinates": [ [ -74.098941, 40.680884 ], [ -74.098789, 40.680783 ] ] } },
{ "type": "Feature", "properties": { "id": "642418499-955", "name": "", "class": "motorway_link", "is_priority": false }, "geometry": { "type": "LineString", "coordinates": [ [ -74.098821, 40.680546 ], [ -74.098409, 40.680064 ], [ -74.098066, 40.679756 ] ] } },
{ "type": "Feature", "properties": { "id": "642418500-956", "name": "Port Jersey Boulevard", "class": "motorway", "is_priority": true }, "geometry": { "type": "LineString", "coordinates": [ [ -74.098172, 40.680136 ], [ -74.098463, 40.680357 ], [ -74.098718, 40.680602 ] ] } },
{ "type": "Feature", "properties": { "id": "642418501-957", "name": "Pulaski Street", "class": "trunk", "is_priority": true }, "geometry": { "type": "LineString", "coordinates": [ [ -74.099188, 40.6808 ], [ -74.099194, 40.680655 ] ] } },
{ "type": "Feature", "properties": { "id": "642418502-958", "name": "Pulaski Street", "class": "trunk", "is_priority": true }, "geometry": { "type": "LineString", "coordinates": [ [ -74.099194, 40.680655 ], [ -74.099147, 40.680476 ], [ -74.099052, 40.680322 ] ] } },
{ "type": "Feature", "properties": { "id": "642418503-959", "name": "", "class": "trunk", "is_priority": true }, "geometry": { "type": "LineString", "coordinates": [ [ -74.098258, 40.681033 ], [ -74.098941, 40.680884 ] ] } },
{ "type": "Feature", "properties": { "id": "642418509-960", "name": "", "class": "trunk", "is_priority": true }, "geometry": { "type": "LineString", "coordinates": [ [ -74.103239, 40.690833 ], [ -74.103732, 40.691067 ] ] } },
{ "type": "Feature", "properties": { "id": "642418510-961", "name": "", "class": "trunk", "is_priority": true }, "geometry": { "type": "LineString", "coordinates": [ [ -74.102882, 40.690664 ], [ -74.103239, 40.690833 ] ] } },
{ "type": "Feature", "properties": { "id": "642418511-962", "name": "", "class": "trunk", "is_priority": true }, "geometry": { "type": "LineString", "coordinates": [ [ -74.102017, 40.690222 ], [ -74.102882, 40.690664 ] ] } },
{ "type": "Feature", "properties": { "id": "642418512-963", "name": "", "class": "trunk_link", "is_priority": false }, "geometry": { "type": "LineString", "coordinates": [ [ -74.102882, 40.690664 ], [ -74.101828, 40.68988 ] ] } },
{ "type": "Feature", "properties": { "id": "642418513-964", "name": "", "class": "trunk_link", "is_priority": false }, "geometry": { "type": "LineString", "coordinates": [ [ -74.104296, 40.691157 ], [ -74.104199, 40.691115 ] ] } },
{ "type": "Feature", "properties": { "id": "642418521-965", "name": "Pulaski Street", "class": "trunk", "is_priority": true }, "geometry": { "type": "LineString", "coordinates": [ [ -74.097398, 40.678944 ], [ -74.097102, 40.678739 ], [ -74.096846, 40.678606 ] ] } },
{ "type": "Feature", "properties": { "id": "642418522-966", "name": "Chosin Few Way", "class": "tertiary", "is_priority": false }, "geometry": { "type": "LineString", "coordinates": [ [ -74.096364, 40.678397 ], [ -74.095957, 40.678513 ], [ -74.095663, 40.678638 ], [ -74.095527, 40.678714 ], [ -74.095278, 40.678884 ], [ -74.095169, 40.678979 ], [ -74.094879, 40.679311 ] ] } },
{ "type": "Feature", "properties": { "id": "642418523-967", "name": "East 40th Street", "class": "tertiary_link", "is_priority": false }, "geometry": { "type": "LineString", "coordinates": [ [ -74.104014, 40.675137 ], [ -74.103849, 40.675058 ] ] } },
{ "type": "Feature", "properties": { "id": "642418524-968", "name": "Centre Street", "class": "tertiary", "is_priority": false }, "geometry": { "type": "LineString", "coordinates": [ [ -74.101344, 40.678059 ], [ -74.101498, 40.678155 ] ] } },
{ "type": "Feature", "properties": { "id": "642418525-969", "name": "Centre Street", "class": "tertiary", "is_priority": false }, "geometry": { "type": "LineString", "coordinates": [ [ -74.100502, 40.676932 ], [ -74.100647, 40.677222 ] ] } },
{ "type": "Feature", "properties": { "id": "642418526-970", "name": "Centre Street", "class": "tertiary", "is_priority": false }, "geometry": { "type": "LineString", "coordinates": [ [ -74.100425, 40.67671 ], [ -74.100323, 40.676278 ] ] } },
{ "type": "Feature", "properties": { "id": "642418529-971", "name": "Pulaski Street", "class": "tertiary", "is_priority": false }, "geometry": { "type": "LineString", "coordinates": [ [ -74.090267, 40.676258 ], [ -74.089588, 40.677039 ] ] } },
{ "type": "Feature", "properties": { "id": "642418530-972", "name": "Pulaski Street", "class": "tertiary", "is_priority": false }, "geometry": { "type": "LineString", "coordinates": [ [ -74.096364, 40.678397 ], [ -74.095563, 40.67809 ] ] } },
{ "type": "Feature", "properties": { "id": "642418536-973", "name": "Pulaski Street", "class": "trunk", "is_priority": true }, "geometry": { "type": "LineString", "coordinates": [ [ -74.099052, 40.680322 ], [ -74.099058, 40.680484 ], [ -74.099013, 40.680605 ], [ -74.098904, 40.680718 ], [ -74.098789, 40.680783 ] ] } },
{ "type": "Feature", "properties": { "id": "644974432-974", "name": "Bayonne Bridge", "class": "motorway", "is_priority": true }, "geometry": { "type": "LineString", "coordinates": [ [ -74.141165, 40.644293 ], [ -74.140459, 40.646012 ] ] } },
{ "type": "Feature", "properties": { "id": "644974432-975", "name": "Bayonne Bridge", "class": "motorway", "is_priority": true }, "geometry": { "type": "LineString", "coordinates": [ [ -74.140459, 40.646012 ], [ -74.140087, 40.646883 ], [ -74.139895, 40.647283 ], [ -74.139662, 40.647707 ] ] } },
{ "type": "Feature", "properties": { "id": "644974432-976", "name": "Bayonne Bridge", "class": "motorway", "is_priority": true }, "geometry": { "type": "LineString", "coordinates": [ [ -74.139662, 40.647707 ], [ -74.139561, 40.647889 ], [ -74.139175, 40.648472 ], [ -74.138564, 40.649302 ] ] } },
{ "type": "Feature", "properties": { "id": "644974432-977", "name": "Bayonne Bridge", "class": "motorway", "is_priority": true }, "geometry": { "type": "LineString", "coordinates": [ [ -74.138564, 40.649302 ], [ -74.13741, 40.650875 ] ] } },
{ "type": "Feature", "properties": { "id": "644974432-978", "name": "Bayonne Bridge", "class": "motorway", "is_priority": true }, "geometry": { "type": "LineString", "coordinates": [ [ -74.13741, 40.650875 ], [ -74.137406, 40.650879 ] ] } },
{ "type": "Feature", "properties": { "id": "645332470-979", "name": "Bayonne Bridge", "class": "motorway", "is_priority": true }, "geometry": { "type": "LineString", "coordinates": [ [ -74.137062, 40.651614 ], [ -74.137484, 40.651009 ] ] } },
{ "type": "Feature", "properties": { "id": "645332472-980", "name": "", "class": "motorway", "is_priority": true }, "geometry": { "type": "LineString", "coordinates": [ [ -74.134308, 40.654178 ], [ -74.134759, 40.654024 ], [ -74.135019, 40.653903 ], [ -74.135244, 40.653772 ] ] } },
{ "type": "Feature", "properties": { "id": "645332474-981", "name": "", "class": "motorway_link", "is_priority": false }, "geometry": { "type": "LineString", "coordinates": [ [ -74.134308, 40.654178 ], [ -74.134681, 40.654111 ], [ -74.134958, 40.654012 ], [ -74.135225, 40.653894 ], [ -74.13583, 40.653573 ] ] } },
{ "type": "Feature", "properties": { "id": "645332475-982", "name": "", "class": "motorway_link", "is_priority": false }, "geometry": { "type": "LineString", "coordinates": [ [ -74.13565, 40.653295 ], [ -74.136029, 40.652887 ], [ -74.136876, 40.651757 ] ] } },
{ "type": "Feature", "properties": { "id": "645332475-983", "name": "", "class": "motorway_link", "is_priority": false }, "geometry": { "type": "LineString", "coordinates": [ [ -74.136876, 40.651757 ], [ -74.137002, 40.65159 ] ] } },
{ "type": "Feature", "properties": { "id": "656752057-984", "name": "", "class": "motorway_link", "is_priority": false }, "geometry": { "type": "LineString", "coordinates": [ [ -74.136833, 40.651522 ], [ -74.135979, 40.652592 ], [ -74.135701, 40.652846 ] ] } },
{ "type": "Feature", "properties": { "id": "656752058-985", "name": "", "class": "motorway_link", "is_priority": false }, "geometry": { "type": "LineString", "coordinates": [ [ -74.135701, 40.652846 ], [ -74.135476, 40.653027 ], [ -74.135073, 40.653274 ] ] } },
{ "type": "Feature", "properties": { "id": "656753961-986", "name": "", "class": "motorway", "is_priority": true }, "geometry": { "type": "LineString", "coordinates": [ [ -74.134539, 40.653869 ], [ -74.134127, 40.654016 ], [ -74.133585, 40.654135 ] ] } },
{ "type": "Feature", "properties": { "id": "656753966-987", "name": "", "class": "motorway", "is_priority": true }, "geometry": { "type": "LineString", "coordinates": [ [ -74.136918, 40.651554 ], [ -74.136011, 40.652765 ], [ -74.135706, 40.6531 ] ] } },
{ "type": "Feature", "properties": { "id": "656753966-988", "name": "", "class": "motorway", "is_priority": true }, "geometry": { "type": "LineString", "coordinates": [ [ -74.135706, 40.6531 ], [ -74.135502, 40.65329 ], [ -74.1352, 40.653522 ], [ -74.134862, 40.653721 ], [ -74.134539, 40.653869 ] ] } },
{ "type": "Feature", "properties": { "id": "660563350-989", "name": "", "class": "motorway_link", "is_priority": false }, "geometry": { "type": "LineString", "coordinates": [ [ -74.135701, 40.652846 ], [ -74.135521, 40.652942 ], [ -74.135437, 40.65297 ], [ -74.135371, 40.652972 ], [ -74.135229, 40.652914 ] ] } },
{ "type": "Feature", "properties": { "id": "660641449-990", "name": "", "class": "trunk", "is_priority": true }, "geometry": { "type": "LineString", "coordinates": [ [ -74.100166, 40.680207 ], [ -74.100363, 40.679998 ], [ -74.101461, 40.678699 ] ] } },
{ "type": "Feature", "properties": { "id": "660641449-991", "name": "", "class": "trunk", "is_priority": true }, "geometry": { "type": "LineString", "coordinates": [ [ -74.101461, 40.678699 ], [ -74.102741, 40.677184 ] ] } },
{ "type": "Feature", "properties": { "id": "660641449-992", "name": "", "class": "trunk", "is_priority": true }, "geometry": { "type": "LineString", "coordinates": [ [ -74.102741, 40.677184 ], [ -74.104016, 40.675666 ] ] } },
{ "type": "Feature", "properties": { "id": "660641449-993", "name": "", "class": "trunk", "is_priority": true }, "geometry": { "type": "LineString", "coordinates": [ [ -74.104016, 40.675666 ], [ -74.10529, 40.674148 ] ] } },
{ "type": "Feature", "properties": { "id": "660641449-994", "name": "", "class": "trunk", "is_priority": true }, "geometry": { "type": "LineString", "coordinates": [ [ -74.10529, 40.674148 ], [ -74.105817, 40.67351 ], [ -74.106053, 40.673178 ] ] } },
{ "type": "Feature", "properties": { "id": "661060721-995", "name": "East 30th Street", "class": "tertiary", "is_priority": false }, "geometry": { "type": "LineString", "coordinates": [ [ -74.109385, 40.66699 ], [ -74.109313, 40.666911 ], [ -74.109205, 40.666857 ] ] } },
{ "type": "Feature", "properties": { "id": "661060722-996", "name": "East 30th Street", "class": "tertiary", "is_priority": false }, "geometry": { "type": "LineString", "coordinates": [ [ -74.109205, 40.666857 ], [ -74.108999, 40.666764 ], [ -74.108806, 40.666732 ] ] } },
{ "type": "Feature", "properties": { "id": "661060723-997", "name": "East 30th Street", "class": "tertiary", "is_priority": false }, "geometry": { "type": "LineString", "coordinates": [ [ -74.108806, 40.666732 ], [ -74.108653, 40.666711 ] ] } },
{ "type": "Feature", "properties": { "id": "690290310-998", "name": "", "class": "motorway", "is_priority": true }, "geometry": { "type": "LineString", "coordinates": [ [ -74.134155, 40.654219 ], [ -74.134308, 40.654178 ] ] } },
{ "type": "Feature", "properties": { "id": "690290311-999", "name": "", "class": "motorway", "is_priority": true }, "geometry": { "type": "LineString", "coordinates": [ [ -74.133609, 40.65431 ], [ -74.134155, 40.654219 ] ] } },
{ "type": "Feature", "properties": { "id": "690748850-1000", "name": "", "class": "motorway_link", "is_priority": false }, "geometry": { "type": "LineString", "coordinates": [ [ -74.137002, 40.65159 ], [ -74.137484, 40.651009 ] ] } },
{ "type": "Feature", "properties": { "id": "690748851-1001", "name": "Bayonne Bridge", "class": "motorway", "is_priority": true }, "geometry": { "type": "LineString", "coordinates": [ [ -74.137484, 40.651009 ], [ -74.138623, 40.64943 ] ] } },
{ "type": "Feature", "properties": { "id": "690748851-1002", "name": "Bayonne Bridge", "class": "motorway", "is_priority": true }, "geometry": { "type": "LineString", "coordinates": [ [ -74.138623, 40.64943 ], [ -74.139337, 40.648449 ], [ -74.139728, 40.647838 ] ] } },
{ "type": "Feature", "properties": { "id": "690748851-1003", "name": "Bayonne Bridge", "class": "motorway", "is_priority": true }, "geometry": { "type": "LineString", "coordinates": [ [ -74.139728, 40.647838 ], [ -74.140145, 40.647064 ], [ -74.14054, 40.646147 ] ] } },
{ "type": "Feature", "properties": { "id": "690748851-1004", "name": "Bayonne Bridge", "class": "motorway", "is_priority": true }, "geometry": { "type": "LineString", "coordinates": [ [ -74.14054, 40.646147 ], [ -74.141245, 40.644427 ] ] } },
{ "type": "Feature", "properties": { "id": "690748851-1005", "name": "Bayonne Bridge", "class": "motorway", "is_priority": true }, "geometry": { "type": "LineString", "coordinates": [ [ -74.141245, 40.644427 ], [ -74.14129, 40.644316 ] ] } },
{ "type": "Feature", "properties": { "id": "702986410-1006", "name": "Plank Road", "class": "residential", "is_priority": false }, "geometry": { "type": "LineString", "coordinates": [ [ -74.10625, 40.683504 ], [ -74.10608, 40.68378 ] ] } },
{ "type": "Feature", "properties": { "id": "703310119-1007", "name": "East 22nd Street", "class": "tertiary", "is_priority": false }, "geometry": { "type": "LineString", "coordinates": [ [ -74.103234, 40.658759 ], [ -74.102653, 40.658711 ] ] } },
{ "type": "Feature", "properties": { "id": "734847409-1008", "name": "John F. Kennedy Boulevard", "class": "primary", "is_priority": true }, "geometry": { "type": "LineString", "coordinates": [ [ -74.132478, 40.65493 ], [ -74.133024, 40.654786 ], [ -74.133389, 40.654642 ] ] } },
{ "type": "Feature", "properties": { "id": "734847410-1009", "name": "John F. Kennedy Boulevard", "class": "primary", "is_priority": true }, "geometry": { "type": "LineString", "coordinates": [ [ -74.133389, 40.654642 ], [ -74.133552, 40.654555 ], [ -74.133762, 40.654414 ], [ -74.134, 40.654208 ] ] } },
{ "type": "Feature", "properties": { "id": "734847411-1010", "name": "John F. Kennedy Boulevard", "class": "secondary", "is_priority": false }, "geometry": { "type": "LineString", "coordinates": [ [ -74.13439, 40.65387 ], [ -74.134601, 40.653685 ] ] } },
{ "type": "Feature", "properties": { "id": "734847412-1011", "name": "John F. Kennedy Boulevard", "class": "secondary", "is_priority": false }, "geometry": { "type": "LineString", "coordinates": [ [ -74.134601, 40.653685 ], [ -74.135073, 40.653274 ] ] } },
{ "type": "Feature", "properties": { "id": "770115802-1012", "name": "East 23rd Street", "class": "residential", "is_priority": false }, "geometry": { "type": "LineString", "coordinates": [ [ -74.111881, 40.661424 ], [ -74.113224, 40.662089 ] ] } },
{ "type": "Feature", "properties": { "id": "770115803-1013", "name": "Avenue F", "class": "residential", "is_priority": false }, "geometry": { "type": "LineString", "coordinates": [ [ -74.113224, 40.662089 ], [ -74.111941, 40.663603 ] ] } },
{ "type": "Feature", "properties": { "id": "770115803-1014", "name": "Avenue F", "class": "residential", "is_priority": false }, "geometry": { "type": "LineString", "coordinates": [ [ -74.111941, 40.663603 ], [ -74.110659, 40.665117 ] ] } },
{ "type": "Feature", "properties": { "id": "770115803-1015", "name": "Avenue F", "class": "residential", "is_priority": false }, "geometry": { "type": "LineString", "coordinates": [ [ -74.110659, 40.665117 ], [ -74.110218, 40.665633 ] ] } },
{ "type": "Feature", "properties": { "id": "785762109-1016", "name": "East 30th Street", "class": "tertiary", "is_priority": false }, "geometry": { "type": "LineString", "coordinates": [ [ -74.108806, 40.666732 ], [ -74.108931, 40.666828 ], [ -74.109238, 40.666964 ] ] } },
{ "type": "Feature", "properties": { "id": "785762110-1017", "name": "East 30th Street", "class": "tertiary", "is_priority": false }, "geometry": { "type": "LineString", "coordinates": [ [ -74.109238, 40.666964 ], [ -74.109385, 40.66699 ] ] } },
{ "type": "Feature", "properties": { "id": "794647187-1018", "name": "Park Road", "class": "residential", "is_priority": false }, "geometry": { "type": "LineString", "coordinates": [ [ -74.124248, 40.67136 ], [ -74.124335, 40.671463 ], [ -74.125126, 40.671878 ], [ -74.125233, 40.671924 ], [ -74.125483, 40.671975 ], [ -74.125698, 40.671917 ], [ -74.125783, 40.671862 ], [ -74.126068, 40.671529 ] ] } },
{ "type": "Feature", "properties": { "id": "794647187-1019", "name": "Park Road", "class": "residential", "is_priority": false }, "geometry": { "type": "LineString", "coordinates": [ [ -74.126068, 40.671529 ], [ -74.126724, 40.670722 ], [ -74.12675, 40.670595 ], [ -74.126712, 40.670488 ], [ -74.126623, 40.670421 ] ] } },
{ "type": "Feature", "properties": { "id": "794647189-1020", "name": "Park Road", "class": "residential", "is_priority": false }, "geometry": { "type": "LineString", "coordinates": [ [ -74.125291, 40.669754 ], [ -74.125149, 40.669684 ] ] } },
{ "type": "Feature", "properties": { "id": "794673377-1021", "name": "Avenue A", "class": "tertiary", "is_priority": false }, "geometry": { "type": "LineString", "coordinates": [ [ -74.121525, 40.671237 ], [ -74.120262, 40.672761 ] ] } },
{ "type": "Feature", "properties": { "id": "794673377-1022", "name": "Avenue A", "class": "tertiary", "is_priority": false }, "geometry": { "type": "LineString", "coordinates": [ [ -74.120262, 40.672761 ], [ -74.119763, 40.67336 ], [ -74.118765, 40.674144 ] ] } },
{ "type": "Feature", "properties": { "id": "794673377-1023", "name": "Avenue A", "class": "tertiary", "is_priority": false }, "geometry": { "type": "LineString", "coordinates": [ [ -74.118765, 40.674144 ], [ -74.117106, 40.675428 ] ] } },
{ "type": "Feature", "properties": { "id": "794673377-1024", "name": "Avenue A", "class": "tertiary", "is_priority": false }, "geometry": { "type": "LineString", "coordinates": [ [ -74.117106, 40.675428 ], [ -74.115452, 40.676717 ] ] } },
{ "type": "Feature", "properties": { "id": "794673377-1025", "name": "Avenue A", "class": "tertiary", "is_priority": false }, "geometry": { "type": "LineString", "coordinates": [ [ -74.115452, 40.676717 ], [ -74.115045, 40.677151 ] ] } },
{ "type": "Feature", "properties": { "id": "794673378-1026", "name": "West 28th Street", "class": "residential", "is_priority": false }, "geometry": { "type": "LineString", "coordinates": [ [ -74.121525, 40.671237 ], [ -74.121645, 40.671319 ], [ -74.123257, 40.6721 ] ] } },
{ "type": "Feature", "properties": { "id": "795465039-1027", "name": "", "class": "trunk_link", "is_priority": false }, "geometry": { "type": "LineString", "coordinates": [ [ -74.10755, 40.696703 ], [ -74.107699, 40.696956 ], [ -74.107741, 40.697066 ], [ -74.107772, 40.697234 ], [ -74.107741, 40.697459 ], [ -74.107687, 40.697572 ], [ -74.107573, 40.697714 ] ] } },
{ "type": "Feature", "properties": { "id": "795465039-1028", "name": "", "class": "trunk_link", "is_priority": false }, "geometry": { "type": "LineString", "coordinates": [ [ -74.106591, 40.697237 ], [ -74.107923, 40.695748 ] ] } },
{ "type": "Feature", "properties": { "id": "795465039-1029", "name": "", "class": "trunk_link", "is_priority": false }, "geometry": { "type": "LineString", "coordinates": [ [ -74.107923, 40.695748 ], [ -74.108214, 40.695423 ] ] } },
{ "type": "Feature", "properties": { "id": "795507368-1030", "name": "West 63rd Street", "class": "primary", "is_priority": true }, "geometry": { "type": "LineString", "coordinates": [ [ -74.102547, 40.69393 ], [ -74.102187, 40.693678 ], [ -74.102054, 40.693557 ] ] } },
{ "type": "Feature", "properties": { "id": "795507369-1031", "name": "West 63rd Street", "class": "primary", "is_priority": true }, "geometry": { "type": "LineString", "coordinates": [ [ -74.102054, 40.693557 ], [ -74.101959, 40.693429 ], [ -74.101921, 40.693242 ], [ -74.101948, 40.693115 ], [ -74.101986, 40.693054 ], [ -74.102048, 40.693008 ] ] } },
{ "type": "Feature", "properties": { "id": "795507370-1032", "name": "West 63rd Street", "class": "primary", "is_priority": true }, "geometry": { "type": "LineString", "coordinates": [ [ -74.102547, 40.69393 ], [ -74.103909, 40.694603 ] ] } },
{ "type": "Feature", "properties": { "id": "795508611-1033", "name": "West 63rd Street", "class": "primary", "is_priority": true }, "geometry": { "type": "LineString", "coordinates": [ [ -74.101683, 40.693211 ], [ -74.101746, 40.693355 ], [ -74.101906, 40.693596 ], [ -74.102052, 40.693727 ], [ -74.1022, 40.693809 ] ] } },
{ "type": "Feature", "properties": { "id": "799531773-1034", "name": "Avenue B", "class": "residential", "is_priority": false }, "geometry": { "type": "LineString", "coordinates": [ [ -74.108019, 40.683876 ], [ -74.109293, 40.682358 ] ] } },
{ "type": "Feature", "properties": { "id": "799531773-1035", "name": "Avenue B", "class": "residential", "is_priority": false }, "geometry": { "type": "LineString", "coordinates": [ [ -74.109293, 40.682358 ], [ -74.110574, 40.680843 ] ] } },
{ "type": "Feature", "properties": { "id": "799531773-1036", "name": "Avenue B", "class": "residential", "is_priority": false }, "geometry": { "type": "LineString", "coordinates": [ [ -74.110574, 40.680843 ], [ -74.111855, 40.679328 ] ] } },
{ "type": "Feature", "properties": { "id": "799531773-1037", "name": "Avenue B", "class": "residential", "is_priority": false }, "geometry": { "type": "LineString", "coordinates": [ [ -74.111855, 40.679328 ], [ -74.113142, 40.677816 ] ] } },
{ "type": "Feature", "properties": { "id": "799531773-1038", "name": "Avenue B", "class": "residential", "is_priority": false }, "geometry": { "type": "LineString", "coordinates": [ [ -74.113142, 40.677816 ], [ -74.114047, 40.676752 ], [ -74.114098, 40.676656 ] ] } },
{ "type": "Feature", "properties": { "id": "800382731-1039", "name": "Arcuri Court", "class": "residential", "is_priority": false }, "geometry": { "type": "LineString", "coordinates": [ [ -74.095581, 40.669897 ], [ -74.096857, 40.669949 ] ] } },
{ "type": "Feature", "properties": { "id": "801462052-1040", "name": "Veterans Memorial Boulevard", "class": "residential", "is_priority": false }, "geometry": { "type": "LineString", "coordinates": [ [ -74.097017, 40.67207 ], [ -74.094855, 40.671338 ] ] } },
{ "type": "Feature", "properties": { "id": "801462052-1041", "name": "Veterans Memorial Boulevard", "class": "residential", "is_priority": false }, "geometry": { "type": "LineString", "coordinates": [ [ -74.094855, 40.671338 ], [ -74.092693, 40.670606 ] ] } },
{ "type": "Feature", "properties": { "id": "801462052-1042", "name": "Veterans Memorial Boulevard", "class": "residential", "is_priority": false }, "geometry": { "type": "LineString", "coordinates": [ [ -74.092693, 40.670606 ], [ -74.091792, 40.670301 ] ] } },
{ "type": "Feature", "properties": { "id": "801462053-1043", "name": "Lawton Court", "class": "residential", "is_priority": false }, "geometry": { "type": "LineString", "coordinates": [ [ -74.094361, 40.671171 ], [ -74.095326, 40.669526 ] ] } },
{ "type": "Feature", "properties": { "id": "801462053-1044", "name": "Lawton Court", "class": "residential", "is_priority": false }, "geometry": { "type": "LineString", "coordinates": [ [ -74.095326, 40.669526 ], [ -74.095388, 40.669403 ] ] } },
{ "type": "Feature", "properties": { "id": "801462054-1045", "name": "Matusowski Court", "class": "residential", "is_priority": false }, "geometry": { "type": "LineString", "coordinates": [ [ -74.095264, 40.670425 ], [ -74.094976, 40.67092 ], [ -74.094919, 40.671258 ], [ -74.094882, 40.671347 ] ] } },
{ "type": "Feature", "properties": { "id": "847030884-1046", "name": "Brandner Court", "class": "residential", "is_priority": false }, "geometry": { "type": "LineString", "coordinates": [ [ -74.096577, 40.671048 ], [ -74.096603, 40.67174 ], [ -74.096595, 40.671791 ], [ -74.096535, 40.671907 ] ] } },
{ "type": "Feature", "properties": { "id": "856050087-1047", "name": "", "class": "motorway_link", "is_priority": false }, "geometry": { "type": "LineString", "coordinates": [ [ -74.095091, 40.679399 ], [ -74.095083, 40.679288 ], [ -74.09513, 40.679199 ] ] } },
{ "type": "Feature", "properties": { "id": "871433551-1048", "name": "Harrington's Way", "class": "residential", "is_priority": false }, "geometry": { "type": "LineString", "coordinates": [ [ -74.136333, 40.651038 ], [ -74.13682, 40.651286 ], [ -74.136871, 40.65129 ], [ -74.136902, 40.651273 ], [ -74.137351, 40.650693 ] ] } },
{ "type": "Feature", "properties": { "id": "881874130-1049", "name": "Howard Place", "class": "residential", "is_priority": false }, "geometry": { "type": "LineString", "coordinates": [ [ -74.134146, 40.656279 ], [ -74.134486, 40.656445 ] ] } },
{ "type": "Feature", "properties": { "id": "881874131-1050", "name": "Howard Place", "class": "residential", "is_priority": false }, "geometry": { "type": "LineString", "coordinates": [ [ -74.134146, 40.656279 ], [ -74.134066, 40.656174 ], [ -74.133873, 40.656049 ] ] } },
{ "type": "Feature", "properties": { "id": "890702620-1051", "name": "Carl Brashear Drive", "class": "residential", "is_priority": false }, "geometry": { "type": "LineString", "coordinates": [ [ -74.096965, 40.669491 ], [ -74.09615, 40.669472 ], [ -74.095662, 40.669437 ], [ -74.094622, 40.669283 ] ] } },
{ "type": "Feature", "properties": { "id": "890702620-1052", "name": "Carl Brashear Drive", "class": "residential", "is_priority": false }, "geometry": { "type": "LineString", "coordinates": [ [ -74.094622, 40.669283 ], [ -74.094613, 40.669281 ] ] } },
{ "type": "Feature", "properties": { "id": "890702621-1053", "name": "Baker Company Street", "class": "residential", "is_priority": false }, "geometry": { "type": "LineString", "coordinates": [ [ -74.092681, 40.66876 ], [ -74.091792, 40.670301 ] ] } },
{ "type": "Feature", "properties": { "id": "890702623-1054", "name": "Sharpe Court", "class": "residential", "is_priority": false }, "geometry": { "type": "LineString", "coordinates": [ [ -74.093639, 40.670927 ], [ -74.094611, 40.669284 ] ] } },
{ "type": "Feature", "properties": { "id": "894278097-1055", "name": "West 5th Street", "class": "tertiary", "is_priority": false }, "geometry": { "type": "LineString", "coordinates": [ [ -74.134999, 40.651301 ], [ -74.135337, 40.651451 ], [ -74.13549, 40.651504 ] ] } },
{ "type": "Feature", "properties": { "id": "894278098-1056", "name": "West 5th Street", "class": "tertiary", "is_priority": false }, "geometry": { "type": "LineString", "coordinates": [ [ -74.135565, 40.651283 ], [ -74.134999, 40.651301 ] ] } },
{ "type": "Feature", "properties": { "id": "911083898-1057", "name": "Joachinson Court", "class": "residential", "is_priority": false }, "geometry": { "type": "LineString", "coordinates": [ [ -74.095727, 40.671633 ], [ -74.095871, 40.670744 ] ] } },
{ "type": "Feature", "properties": { "id": "911316576-1058", "name": "", "class": "trunk_link", "is_priority": false }, "geometry": { "type": "LineString", "coordinates": [ [ -74.111615, 40.659564 ], [ -74.111768, 40.659669 ], [ -74.111811, 40.659718 ], [ -74.111835, 40.659812 ], [ -74.111818, 40.65988 ], [ -74.111608, 40.660019 ] ] } },
{ "type": "Feature", "properties": { "id": "911316577-1059", "name": "", "class": "trunk", "is_priority": true }, "geometry": { "type": "LineString", "coordinates": [ [ -74.112314, 40.659867 ], [ -74.110983, 40.660149 ] ] } },
{ "type": "Feature", "properties": { "id": "918981164-1060", "name": "Park Drive", "class": "unclassified", "is_priority": false }, "geometry": { "type": "LineString", "coordinates": [ [ -74.112048, 40.684492 ], [ -74.111936, 40.684566 ], [ -74.111798, 40.684626 ], [ -74.111544, 40.684703 ], [ -74.111296, 40.684739 ], [ -74.111052, 40.684741 ] ] } },
{ "type": "Feature", "properties": { "id": "918981165-1061", "name": "Park Drive", "class": "unclassified", "is_priority": false }, "geometry": { "type": "LineString", "coordinates": [ [ -74.112048, 40.684492 ], [ -74.112165, 40.684363 ] ] } },
{ "type": "Feature", "properties": { "id": "933428369-1062", "name": "Parkside Lane", "class": "residential", "is_priority": false }, "geometry": { "type": "LineString", "coordinates": [ [ -74.126243, 40.663716 ], [ -74.126356, 40.663785 ] ] } },
{ "type": "Feature", "properties": { "id": "933428370-1063", "name": "Parkside Lane", "class": "residential", "is_priority": false }, "geometry": { "type": "LineString", "coordinates": [ [ -74.12718, 40.662635 ], [ -74.127099, 40.662679 ], [ -74.126243, 40.663716 ] ] } },
{ "type": "Feature", "properties": { "id": "933428371-1064", "name": "Parkside Lane", "class": "residential", "is_priority": false }, "geometry": { "type": "LineString", "coordinates": [ [ -74.126356, 40.663785 ], [ -74.127171, 40.662702 ], [ -74.12718, 40.662635 ] ] } },
{ "type": "Feature", "properties": { "id": "933428372-1065", "name": "Parkside Lane", "class": "residential", "is_priority": false }, "geometry": { "type": "LineString", "coordinates": [ [ -74.126243, 40.663716 ], [ -74.125378, 40.663279 ] ] } },
{ "type": "Feature", "properties": { "id": "954559155-1066", "name": "", "class": "motorway", "is_priority": true }, "geometry": { "type": "LineString", "coordinates": [ [ -74.135244, 40.653772 ], [ -74.135571, 40.653537 ], [ -74.135857, 40.653256 ], [ -74.136557, 40.652291 ] ] } },
{ "type": "Feature", "properties": { "id": "954559155-1067", "name": "", "class": "motorway", "is_priority": true }, "geometry": { "type": "LineString", "coordinates": [ [ -74.136557, 40.652291 ], [ -74.13688, 40.651838 ], [ -74.137062, 40.651614 ] ] } },
{ "type": "Feature", "properties": { "id": "957495454-1068", "name": "", "class": "trunk", "is_priority": true }, "geometry": { "type": "LineString", "coordinates": [ [ -74.106283, 40.672484 ], [ -74.106252, 40.672553 ] ] } },
{ "type": "Feature", "properties": { "id": "957495455-1069", "name": "Goldsborough Drive", "class": "tertiary", "is_priority": false }, "geometry": { "type": "LineString", "coordinates": [ [ -74.1056, 40.672172 ], [ -74.105407, 40.672083 ], [ -74.105262, 40.672045 ] ] } },
{ "type": "Feature", "properties": { "id": "957495456-1070", "name": "Goldsborough Drive", "class": "tertiary", "is_priority": false }, "geometry": { "type": "LineString", "coordinates": [ [ -74.106252, 40.672553 ], [ -74.106399, 40.672578 ] ] } },
{ "type": "Feature", "properties": { "id": "957495457-1071", "name": "", "class": "trunk", "is_priority": true }, "geometry": { "type": "LineString", "coordinates": [ [ -74.106252, 40.672553 ], [ -74.106165, 40.672741 ] ] } },
{ "type": "Feature", "properties": { "id": "957501643-1072", "name": "", "class": "trunk", "is_priority": true }, "geometry": { "type": "LineString", "coordinates": [ [ -74.106165, 40.672741 ], [ -74.105892, 40.673225 ], [ -74.10572, 40.673461 ], [ -74.105011, 40.674308 ] ] } },
{ "type": "Feature", "properties": { "id": "957501643-1073", "name": "", "class": "trunk", "is_priority": true }, "geometry": { "type": "LineString", "coordinates": [ [ -74.105011, 40.674308 ], [ -74.103738, 40.675827 ] ] } },
{ "type": "Feature", "properties": { "id": "957501643-1074", "name": "", "class": "trunk", "is_priority": true }, "geometry": { "type": "LineString", "coordinates": [ [ -74.103738, 40.675827 ], [ -74.102463, 40.677345 ] ] } },
{ "type": "Feature", "properties": { "id": "957501643-1075", "name": "", "class": "trunk", "is_priority": true }, "geometry": { "type": "LineString", "coordinates": [ [ -74.102463, 40.677345 ], [ -74.101183, 40.67886 ] ] } },
{ "type": "Feature", "properties": { "id": "957501643-1076", "name": "", "class": "trunk", "is_priority": true }, "geometry": { "type": "LineString", "coordinates": [ [ -74.101183, 40.67886 ], [ -74.100782, 40.679304 ] ] } },
{ "type": "Feature", "properties": { "id": "957843118-1077", "name": "West 26th Street", "class": "residential", "is_priority": false }, "geometry": { "type": "LineString", "coordinates": [ [ -74.118437, 40.667625 ], [ -74.120422, 40.668606 ] ] } },
{ "type": "Feature", "properties": { "id": "957843118-1078", "name": "West 26th Street", "class": "residential", "is_priority": false }, "geometry": { "type": "LineString", "coordinates": [ [ -74.120422, 40.668606 ], [ -74.122423, 40.669567 ] ] } },
{ "type": "Feature", "properties": { "id": "957843118-1079", "name": "West 26th Street", "class": "residential", "is_priority": false }, "geometry": { "type": "LineString", "coordinates": [ [ -74.122423, 40.669567 ], [ -74.122775, 40.669736 ] ] } },
{ "type": "Feature", "properties": { "id": "957843119-1080", "name": "Avenue C", "class": "secondary", "is_priority": false }, "geometry": { "type": "LineString", "coordinates": [ [ -74.118437, 40.667625 ], [ -74.117152, 40.669138 ] ] } },
{ "type": "Feature", "properties": { "id": "957843119-1081", "name": "Avenue C", "class": "secondary", "is_priority": false }, "geometry": { "type": "LineString", "coordinates": [ [ -74.117152, 40.669138 ], [ -74.116694, 40.669696 ], [ -74.115867, 40.670651 ] ] } },
{ "type": "Feature", "properties": { "id": "957843119-1082", "name": "Avenue C", "class": "secondary", "is_priority": false }, "geometry": { "type": "LineString", "coordinates": [ [ -74.115867, 40.670651 ], [ -74.114589, 40.672167 ] ] } },
{ "type": "Feature", "properties": { "id": "957843119-1083", "name": "Avenue C", "class": "secondary", "is_priority": false }, "geometry": { "type": "LineString", "coordinates": [ [ -74.114589, 40.672167 ], [ -74.113331, 40.673693 ] ] } },
{ "type": "Feature", "properties": { "id": "957843119-1084", "name": "Avenue C", "class": "secondary", "is_priority": false }, "geometry": { "type": "LineString", "coordinates": [ [ -74.113331, 40.673693 ], [ -74.112772, 40.674324 ], [ -74.112033, 40.675199 ] ] } },
{ "type": "Feature", "properties": { "id": "957843119-1085", "name": "Avenue C", "class": "secondary", "is_priority": false }, "geometry": { "type": "LineString", "coordinates": [ [ -74.112033, 40.675199 ], [ -74.110752, 40.676714 ] ] } },
{ "type": "Feature", "properties": { "id": "957843119-1086", "name": "Avenue C", "class": "secondary", "is_priority": false }, "geometry": { "type": "LineString", "coordinates": [ [ -74.110752, 40.676714 ], [ -74.109471, 40.678228 ] ] } },
{ "type": "Feature", "properties": { "id": "957843119-1087", "name": "Avenue C", "class": "secondary", "is_priority": false }, "geometry": { "type": "LineString", "coordinates": [ [ -74.109471, 40.678228 ], [ -74.10819, 40.679743 ] ] } },
{ "type": "Feature", "properties": { "id": "957843119-1088", "name": "Avenue C", "class": "secondary", "is_priority": false }, "geometry": { "type": "LineString", "coordinates": [ [ -74.10819, 40.679743 ], [ -74.106909, 40.681258 ] ] } },
{ "type": "Feature", "properties": { "id": "957843119-1089", "name": "Avenue C", "class": "secondary", "is_priority": false }, "geometry": { "type": "LineString", "coordinates": [ [ -74.106909, 40.681258 ], [ -74.105628, 40.682773 ] ] } },
{ "type": "Feature", "properties": { "id": "957843119-1090", "name": "Avenue C", "class": "secondary", "is_priority": false }, "geometry": { "type": "LineString", "coordinates": [ [ -74.105628, 40.682773 ], [ -74.10434, 40.684284 ] ] } },
{ "type": "Feature", "properties": { "id": "957843119-1091", "name": "Avenue C", "class": "secondary", "is_priority": false }, "geometry": { "type": "LineString", "coordinates": [ [ -74.10434, 40.684284 ], [ -74.10363, 40.685109 ], [ -74.103066, 40.685802 ] ] } },
{ "type": "Feature", "properties": { "id": "957843119-1092", "name": "Avenue C", "class": "secondary", "is_priority": false }, "geometry": { "type": "LineString", "coordinates": [ [ -74.103066, 40.685802 ], [ -74.102616, 40.686321 ] ] } },
{ "type": "Feature", "properties": { "id": "958751171-1093", "name": "John F. Kennedy Boulevard", "class": "primary", "is_priority": true }, "geometry": { "type": "LineString", "coordinates": [ [ -74.101583, 40.693277 ], [ -74.101923, 40.693067 ], [ -74.102048, 40.693008 ], [ -74.102305, 40.692914 ], [ -74.102719, 40.6928 ], [ -74.10291, 40.692711 ], [ -74.103072, 40.692597 ], [ -74.103286, 40.692351 ] ] } },
{ "type": "Feature", "properties": { "id": "960053626-1094", "name": "", "class": "trunk", "is_priority": true }, "geometry": { "type": "LineString", "coordinates": [ [ -74.108628, 40.667419 ], [ -74.108731, 40.667134 ] ] } },
{ "type": "Feature", "properties": { "id": "960053627-1095", "name": "", "class": "trunk", "is_priority": true }, "geometry": { "type": "LineString", "coordinates": [ [ -74.108731, 40.667134 ], [ -74.108806, 40.666732 ] ] } },
{ "type": "Feature", "properties": { "id": "965522254-1096", "name": "", "class": "trunk", "is_priority": true }, "geometry": { "type": "LineString", "coordinates": [ [ -74.108413, 40.665522 ], [ -74.108486, 40.665718 ] ] } },
{ "type": "Feature", "properties": { "id": "990433945-1097", "name": "", "class": "trunk_link", "is_priority": false }, "geometry": { "type": "LineString", "coordinates": [ [ -74.109117, 40.665101 ], [ -74.108253, 40.664726 ] ] } },
{ "type": "Feature", "properties": { "id": "994013487-1098", "name": "West 55th Street", "class": "residential", "is_priority": false }, "geometry": { "type": "LineString", "coordinates": [ [ -74.104444, 40.688076 ], [ -74.106129, 40.688909 ] ] } },
{ "type": "Feature", "properties": { "id": "994013488-1099", "name": "Avenue B", "class": "residential", "is_priority": false }, "geometry": { "type": "LineString", "coordinates": [ [ -74.103428, 40.689267 ], [ -74.104444, 40.688076 ] ] } },
{ "type": "Feature", "properties": { "id": "994013489-1100", "name": "Avenue B", "class": "residential", "is_priority": false }, "geometry": { "type": "LineString", "coordinates": [ [ -74.104444, 40.688076 ], [ -74.105719, 40.686558 ] ] } },
{ "type": "Feature", "properties": { "id": "994013489-1101", "name": "Avenue B", "class": "residential", "is_priority": false }, "geometry": { "type": "LineString", "coordinates": [ [ -74.105719, 40.686558 ], [ -74.107015, 40.68505 ] ] } },
{ "type": "Feature", "properties": { "id": "994013489-1102", "name": "Avenue B", "class": "residential", "is_priority": false }, "geometry": { "type": "LineString", "coordinates": [ [ -74.107015, 40.68505 ], [ -74.108019, 40.683876 ] ] } },
{ "type": "Feature", "properties": { "id": "994013491-1103", "name": "Park Drive", "class": "unclassified", "is_priority": false }, "geometry": { "type": "LineString", "coordinates": [ [ -74.114579, 40.677732 ], [ -74.114768, 40.67817 ], [ -74.114976, 40.678518 ] ] } },
{ "type": "Feature", "properties": { "id": "994013492-1104", "name": "John F. Kennedy Boulevard", "class": "primary", "is_priority": true }, "geometry": { "type": "LineString", "coordinates": [ [ -74.10663, 40.688303 ], [ -74.107161, 40.687699 ], [ -74.107915, 40.68679 ] ] } },
{ "type": "Feature", "properties": { "id": "994013492-1105", "name": "John F. Kennedy Boulevard", "class": "primary", "is_priority": true }, "geometry": { "type": "LineString", "coordinates": [ [ -74.107915, 40.68679 ], [ -74.108165, 40.686494 ], [ -74.109104, 40.685233 ] ] } },
{ "type": "Feature", "properties": { "id": "994013492-1106", "name": "John F. Kennedy Boulevard", "class": "primary", "is_priority": true }, "geometry": { "type": "LineString", "coordinates": [ [ -74.109104, 40.685233 ], [ -74.110273, 40.683667 ] ] } },
{ "type": "Feature", "properties": { "id": "994013492-1107", "name": "John F. Kennedy Boulevard", "class": "primary", "is_priority": true }, "geometry": { "type": "LineString", "coordinates": [ [ -74.110273, 40.683667 ], [ -74.111419, 40.68209 ] ] } },
{ "type": "Feature", "properties": { "id": "994013492-1108", "name": "John F. Kennedy Boulevard", "class": "primary", "is_priority": true }, "geometry": { "type": "LineString", "coordinates": [ [ -74.111419, 40.68209 ], [ -74.112571, 40.680516 ] ] } },
{ "type": "Feature", "properties": { "id": "994013492-1109", "name": "John F. Kennedy Boulevard", "class": "primary", "is_priority": true }, "geometry": { "type": "LineString", "coordinates": [ [ -74.112571, 40.680516 ], [ -74.113714, 40.678939 ] ] } },
{ "type": "Feature", "properties": { "id": "994013492-1110", "name": "John F. Kennedy Boulevard", "class": "primary", "is_priority": true }, "geometry": { "type": "LineString", "coordinates": [ [ -74.113714, 40.678939 ], [ -74.114579, 40.677732 ] ] } },
{ "type": "Feature", "properties": { "id": "994013493-1111", "name": "John F. Kennedy Boulevard", "class": "primary", "is_priority": true }, "geometry": { "type": "LineString", "coordinates": [ [ -74.114579, 40.677732 ], [ -74.11465, 40.677635 ], [ -74.114706, 40.677497 ], [ -74.11473, 40.677335 ], [ -74.11471, 40.677182 ] ] } },
{ "type": "Feature", "properties": { "id": "994013494-1112", "name": "Avenue A", "class": "tertiary", "is_priority": false }, "geometry": { "type": "LineString", "coordinates": [ [ -74.134896, 40.654999 ], [ -74.134416, 40.655521 ], [ -74.13347, 40.656435 ] ] } },
{ "type": "Feature", "properties": { "id": "994013494-1113", "name": "Avenue A", "class": "tertiary", "is_priority": false }, "geometry": { "type": "LineString", "coordinates": [ [ -74.13347, 40.656435 ], [ -74.133071, 40.656829 ], [ -74.132943, 40.656929 ] ] } },
{ "type": "Feature", "properties": { "id": "994013495-1114", "name": "West 6th Street", "class": "residential", "is_priority": false }, "geometry": { "type": "LineString", "coordinates": [ [ -74.135258, 40.652482 ], [ -74.135403, 40.652486 ], [ -74.135565, 40.652559 ] ] } },
{ "type": "Feature", "properties": { "id": "994013496-1115", "name": "John F. Kennedy Boulevard", "class": "tertiary", "is_priority": false }, "geometry": { "type": "LineString", "coordinates": [ [ -74.135073, 40.653274 ], [ -74.135137, 40.653184 ], [ -74.135229, 40.652914 ] ] } },
{ "type": "Feature", "properties": { "id": "994013497-1116", "name": "John F. Kennedy Boulevard", "class": "tertiary", "is_priority": false }, "geometry": { "type": "LineString", "coordinates": [ [ -74.135183, 40.65279 ], [ -74.135238, 40.652557 ] ] } },
{ "type": "Feature", "properties": { "id": "996124578-1117", "name": "", "class": "motorway_link", "is_priority": false }, "geometry": { "type": "LineString", "coordinates": [ [ -74.137406, 40.650879 ], [ -74.137036, 40.651269 ], [ -74.136833, 40.651522 ] ] } },
{ "type": "Feature", "properties": { "id": "996124580-1118", "name": "", "class": "motorway", "is_priority": true }, "geometry": { "type": "LineString", "coordinates": [ [ -74.137406, 40.650879 ], [ -74.136918, 40.651554 ] ] } },
{ "type": "Feature", "properties": { "id": "996124581-1119", "name": "John F. Kennedy Boulevard", "class": "tertiary", "is_priority": false }, "geometry": { "type": "LineString", "coordinates": [ [ -74.135238, 40.652557 ], [ -74.135258, 40.652482 ] ] } },
{ "type": "Feature", "properties": { "id": "996124582-1120", "name": "", "class": "motorway_link", "is_priority": false }, "geometry": { "type": "LineString", "coordinates": [ [ -74.13583, 40.653573 ], [ -74.135919, 40.653567 ], [ -74.135995, 40.65358 ], [ -74.136175, 40.653681 ] ] } },
{ "type": "Feature", "properties": { "id": "996124583-1121", "name": "Avenue A", "class": "secondary", "is_priority": false }, "geometry": { "type": "LineString", "coordinates": [ [ -74.136175, 40.653681 ], [ -74.135987, 40.6539 ] ] } },
{ "type": "Feature", "properties": { "id": "996124584-1122", "name": "", "class": "motorway_link", "is_priority": false }, "geometry": { "type": "LineString", "coordinates": [ [ -74.13583, 40.653573 ], [ -74.135933, 40.653518 ], [ -74.136021, 40.653499 ], [ -74.136124, 40.653502 ], [ -74.136302, 40.653536 ] ] } },
{ "type": "Feature", "properties": { "id": "1011631011-1123", "name": "", "class": "trunk_link", "is_priority": false }, "geometry": { "type": "LineString", "coordinates": [ [ -74.107979, 40.664857 ], [ -74.108146, 40.665014 ], [ -74.108242, 40.665137 ], [ -74.108355, 40.665364 ] ] } },
{ "type": "Feature", "properties": { "id": "1015400892-1124", "name": "John F. Kennedy Boulevard", "class": "primary", "is_priority": true }, "geometry": { "type": "LineString", "coordinates": [ [ -74.101588, 40.693132 ], [ -74.101526, 40.693176 ] ] } },
{ "type": "Feature", "properties": { "id": "1016888555-1125", "name": "Broadway", "class": "tertiary", "is_priority": false }, "geometry": { "type": "LineString", "coordinates": [ [ -74.120399, 40.661399 ], [ -74.119917, 40.661974 ] ] } },
{ "type": "Feature", "properties": { "id": "1020758293-1126", "name": "Broadway", "class": "tertiary", "is_priority": false }, "geometry": { "type": "LineString", "coordinates": [ [ -74.101, 40.684326 ], [ -74.100782, 40.684577 ] ] } },
{ "type": "Feature", "properties": { "id": "1030097076-1127", "name": "John F. Kennedy Boulevard", "class": "primary", "is_priority": true }, "geometry": { "type": "LineString", "coordinates": [ [ -74.10354, 40.691879 ], [ -74.103339, 40.692116 ] ] } },
{ "type": "Feature", "properties": { "id": "1030275997-1128", "name": "John F. Kennedy Boulevard", "class": "primary", "is_priority": true }, "geometry": { "type": "LineString", "coordinates": [ [ -74.104296, 40.691157 ], [ -74.104574, 40.690805 ], [ -74.104628, 40.690691 ] ] } },
{ "type": "Feature", "properties": { "id": "1030275998-1129", "name": "John F. Kennedy Boulevard", "class": "primary", "is_priority": true }, "geometry": { "type": "LineString", "coordinates": [ [ -74.104059, 40.691443 ], [ -74.104296, 40.691157 ] ] } },
{ "type": "Feature", "properties": { "id": "1032837921-1130", "name": "Broadway", "class": "tertiary", "is_priority": false }, "geometry": { "type": "LineString", "coordinates": [ [ -74.119917, 40.661974 ], [ -74.118631, 40.663486 ] ] } },
{ "type": "Feature", "properties": { "id": "1032837921-1131", "name": "Broadway", "class": "tertiary", "is_priority": false }, "geometry": { "type": "LineString", "coordinates": [ [ -74.118631, 40.663486 ], [ -74.117357, 40.665004 ] ] } },
{ "type": "Feature", "properties": { "id": "1032837921-1132", "name": "Broadway", "class": "tertiary", "is_priority": false }, "geometry": { "type": "LineString", "coordinates": [ [ -74.117357, 40.665004 ], [ -74.116099, 40.66648 ] ] } },
{ "type": "Feature", "properties": { "id": "1032875697-1133", "name": "John F. Kennedy Boulevard", "class": "secondary", "is_priority": false }, "geometry": { "type": "LineString", "coordinates": [ [ -74.134, 40.654208 ], [ -74.13439, 40.65387 ] ] } },
{ "type": "Feature", "properties": { "id": "1036807743-1134", "name": "", "class": "trunk_link", "is_priority": false }, "geometry": { "type": "LineString", "coordinates": [ [ -74.104199, 40.691115 ], [ -74.103479, 40.690798 ], [ -74.102878, 40.690502 ], [ -74.102245, 40.690107 ] ] } },
{ "type": "Feature", "properties": { "id": "1036807743-1135", "name": "", "class": "trunk_link", "is_priority": false }, "geometry": { "type": "LineString", "coordinates": [ [ -74.102245, 40.690107 ], [ -74.101751, 40.689747 ] ] } },
{ "type": "Feature", "properties": { "id": "1036807744-1136", "name": "John F. Kennedy Boulevard", "class": "primary", "is_priority": true }, "geometry": { "type": "LineString", "coordinates": [ [ -74.104199, 40.691115 ], [ -74.103864, 40.691514 ] ] } },
{ "type": "Feature", "properties": { "id": "1049351178-1137", "name": "Port Terminal Boulevard", "class": "unclassified", "is_priority": false }, "geometry": { "type": "LineString", "coordinates": [ [ -74.074222, 40.663392 ], [ -74.07404, 40.663552 ], [ -74.07385, 40.663765 ], [ -74.073692, 40.663989 ], [ -74.073582, 40.664084 ], [ -74.073454, 40.664145 ], [ -74.073308, 40.664168 ], [ -74.073158, 40.66416 ], [ -74.072968, 40.664108 ] ] } },
{ "type": "Feature", "properties": { "id": "1050176175-1138", "name": "Stanley Avenue", "class": "residential", "is_priority": false }, "geometry": { "type": "LineString", "coordinates": [ [ -74.095528, 40.670222 ], [ -74.096114, 40.670268 ], [ -74.096987, 40.670287 ] ] } },
{ "type": "Feature", "properties": { "id": "1050176176-1139", "name": "Harbor Place", "class": "residential", "is_priority": false }, "geometry": { "type": "LineString", "coordinates": [ [ -74.096965, 40.669491 ], [ -74.096987, 40.670287 ] ] } },
{ "type": "Feature", "properties": { "id": "1050235252-1140", "name": "New Jersey Turnpike Newark Bay Extension", "class": "motorway", "is_priority": true }, "geometry": { "type": "LineString", "coordinates": [ [ -74.102097, 40.689588 ], [ -74.101349, 40.688959 ] ] } },
{ "type": "Feature", "properties": { "id": "1051429947-1141", "name": "John F. Kennedy Boulevard", "class": "tertiary", "is_priority": false }, "geometry": { "type": "LineString", "coordinates": [ [ -74.135183, 40.65279 ], [ -74.135089, 40.652898 ], [ -74.135034, 40.653137 ], [ -74.1349, 40.653322 ] ] } },
{ "type": "Feature", "properties": { "id": "1051429948-1142", "name": "West 7th Street", "class": "secondary", "is_priority": false }, "geometry": { "type": "LineString", "coordinates": [ [ -74.1349, 40.653322 ], [ -74.134667, 40.653396 ], [ -74.134134, 40.653421 ] ] } },
{ "type": "Feature", "properties": { "id": "1053841704-1143", "name": "Goldsborough Drive", "class": "tertiary", "is_priority": false }, "geometry": { "type": "LineString", "coordinates": [ [ -74.106283, 40.672484 ], [ -74.105793, 40.67226 ] ] } },
{ "type": "Feature", "properties": { "id": "1053841705-1144", "name": "Goldsborough Drive", "class": "tertiary", "is_priority": false }, "geometry": { "type": "LineString", "coordinates": [ [ -74.105793, 40.67226 ], [ -74.1056, 40.672172 ] ] } },
{ "type": "Feature", "properties": { "id": "1054696741-1145", "name": "", "class": "trunk", "is_priority": true }, "geometry": { "type": "LineString", "coordinates": [ [ -74.107203, 40.670403 ], [ -74.106931, 40.671019 ] ] } },
{ "type": "Feature", "properties": { "id": "1055092686-1146", "name": "", "class": "trunk", "is_priority": true }, "geometry": { "type": "LineString", "coordinates": [ [ -74.108253, 40.664726 ], [ -74.108152, 40.664479 ] ] } },
{ "type": "Feature", "properties": { "id": "1055092687-1147", "name": "", "class": "trunk", "is_priority": true }, "geometry": { "type": "LineString", "coordinates": [ [ -74.110677, 40.660379 ], [ -74.111347, 40.660231 ] ] } },
{ "type": "Feature", "properties": { "id": "1055291499-1148", "name": "", "class": "trunk", "is_priority": true }, "geometry": { "type": "LineString", "coordinates": [ [ -74.10961, 40.660542 ], [ -74.109305, 40.660685 ], [ -74.108962, 40.660883 ], [ -74.108743, 40.661047 ] ] } },
{ "type": "Feature", "properties": { "id": "1055312040-1149", "name": "", "class": "motorway", "is_priority": true }, "geometry": { "type": "LineString", "coordinates": [ [ -74.120801, 40.655627 ], [ -74.120333, 40.655848 ] ] } },
{ "type": "Feature", "properties": { "id": "1055463015-1150", "name": "West 63rd Street", "class": "primary", "is_priority": true }, "geometry": { "type": "LineString", "coordinates": [ [ -74.1022, 40.693809 ], [ -74.102547, 40.69393 ] ] } },
{ "type": "Feature", "properties": { "id": "1061962311-1151", "name": "Goldsborough Drive", "class": "tertiary", "is_priority": false }, "geometry": { "type": "LineString", "coordinates": [ [ -74.105262, 40.672045 ], [ -74.105362, 40.672126 ], [ -74.105647, 40.672265 ] ] } },
{ "type": "Feature", "properties": { "id": "1061962312-1152", "name": "Goldsborough Drive", "class": "tertiary", "is_priority": false }, "geometry": { "type": "LineString", "coordinates": [ [ -74.105647, 40.672265 ], [ -74.105813, 40.672347 ] ] } },
{ "type": "Feature", "properties": { "id": "1064767186-1153", "name": "East 30th Street", "class": "tertiary", "is_priority": false }, "geometry": { "type": "LineString", "coordinates": [ [ -74.111772, 40.668137 ], [ -74.111519, 40.668013 ] ] } },
{ "type": "Feature", "properties": { "id": "1070914830-1154", "name": "Old Hook Road", "class": "tertiary", "is_priority": false }, "geometry": { "type": "LineString", "coordinates": [ [ -74.113679, 40.659661 ], [ -74.113392, 40.65959 ] ] } },
{ "type": "Feature", "properties": { "id": "1070914831-1155", "name": "Old Hook Road", "class": "tertiary", "is_priority": false }, "geometry": { "type": "LineString", "coordinates": [ [ -74.113392, 40.65959 ], [ -74.112198, 40.659462 ], [ -74.111433, 40.659422 ] ] } },
{ "type": "Feature", "properties": { "id": "1071950415-1156", "name": "Goldsborough Drive", "class": "tertiary", "is_priority": false }, "geometry": { "type": "LineString", "coordinates": [ [ -74.105064, 40.67195 ], [ -74.105262, 40.672045 ] ] } },
{ "type": "Feature", "properties": { "id": "1080688536-1157", "name": "Port Terminal Boulevard", "class": "unclassified", "is_priority": false }, "geometry": { "type": "LineString", "coordinates": [ [ -74.073762, 40.663894 ], [ -74.073732, 40.664121 ], [ -74.073754, 40.664212 ], [ -74.073844, 40.664347 ], [ -74.074045, 40.664472 ] ] } },
{ "type": "Feature", "properties": { "id": "1094540293-1158", "name": "Broadway", "class": "tertiary", "is_priority": false }, "geometry": { "type": "LineString", "coordinates": [ [ -74.116099, 40.66648 ], [ -74.114813, 40.667992 ] ] } },
{ "type": "Feature", "properties": { "id": "1094540293-1159", "name": "Broadway", "class": "tertiary", "is_priority": false }, "geometry": { "type": "LineString", "coordinates": [ [ -74.114813, 40.667992 ], [ -74.113541, 40.669512 ] ] } },
{ "type": "Feature", "properties": { "id": "1094540293-1160", "name": "Broadway", "class": "tertiary", "is_priority": false }, "geometry": { "type": "LineString", "coordinates": [ [ -74.113541, 40.669512 ], [ -74.112468, 40.670791 ] ] } },
{ "type": "Feature", "properties": { "id": "1098236638-1161", "name": "Constitution Avenue", "class": "residential", "is_priority": false }, "geometry": { "type": "LineString", "coordinates": [ [ -74.095478, 40.670501 ], [ -74.09332, 40.669763 ] ] } },
{ "type": "Feature", "properties": { "id": "1098236638-1162", "name": "Constitution Avenue", "class": "residential", "is_priority": false }, "geometry": { "type": "LineString", "coordinates": [ [ -74.09332, 40.669763 ], [ -74.092306, 40.669417 ] ] } },
{ "type": "Feature", "properties": { "id": "1098236639-1163", "name": "Wisneski Court", "class": "residential", "is_priority": false }, "geometry": { "type": "LineString", "coordinates": [ [ -74.092203, 40.670441 ], [ -74.093113, 40.668905 ] ] } },
{ "type": "Feature", "properties": { "id": "1098236640-1164", "name": "Stiller Court", "class": "residential", "is_priority": false }, "geometry": { "type": "LineString", "coordinates": [ [ -74.092929, 40.670687 ], [ -74.093853, 40.669112 ] ] } },
{ "type": "Feature", "properties": { "id": "1120936663-1165", "name": "Port Terminal Boulevard", "class": "unclassified", "is_priority": false }, "geometry": { "type": "LineString", "coordinates": [ [ -74.087047, 40.667591 ], [ -74.085558, 40.667088 ], [ -74.084894, 40.666845 ] ] } },
{ "type": "Feature", "properties": { "id": "1120936663-1166", "name": "Port Terminal Boulevard", "class": "unclassified", "is_priority": false }, "geometry": { "type": "LineString", "coordinates": [ [ -74.084894, 40.666845 ], [ -74.083066, 40.666202 ] ] } },
{ "type": "Feature", "properties": { "id": "1120936664-1167", "name": "Goldsborough Drive", "class": "tertiary", "is_priority": false }, "geometry": { "type": "LineString", "coordinates": [ [ -74.088071, 40.66784 ], [ -74.087429, 40.667708 ], [ -74.087047, 40.667591 ] ] } },
{ "type": "Feature", "properties": { "id": "1120936676-1168", "name": "Port Terminal Boulevard", "class": "unclassified", "is_priority": false }, "geometry": { "type": "LineString", "coordinates": [ [ -74.072968, 40.664108 ], [ -74.072021, 40.663705 ] ] } },
{ "type": "Feature", "properties": { "id": "1120936679-1169", "name": "Goldsborough Drive", "class": "tertiary", "is_priority": false }, "geometry": { "type": "LineString", "coordinates": [ [ -74.099276, 40.669469 ], [ -74.098405, 40.669337 ] ] } },
{ "type": "Feature", "properties": { "id": "1120936680-1170", "name": "Goldsborough Drive", "class": "tertiary", "is_priority": false }, "geometry": { "type": "LineString", "coordinates": [ [ -74.096987, 40.669119 ], [ -74.094667, 40.668765 ] ] } },
{ "type": "Feature", "properties": { "id": "1120936680-1171", "name": "Goldsborough Drive", "class": "tertiary", "is_priority": false }, "geometry": { "type": "LineString", "coordinates": [ [ -74.094667, 40.668765 ], [ -74.093377, 40.668568 ] ] } },
{ "type": "Feature", "properties": { "id": "1120936685-1172", "name": "Constitution Avenue", "class": "residential", "is_priority": false }, "geometry": { "type": "LineString", "coordinates": [ [ -74.097017, 40.671025 ], [ -74.095478, 40.670501 ] ] } },
{ "type": "Feature", "properties": { "id": "1120936686-1173", "name": "Harbor Place", "class": "residential", "is_priority": false }, "geometry": { "type": "LineString", "coordinates": [ [ -74.097113, 40.672103 ], [ -74.09713, 40.67202 ], [ -74.097125, 40.671211 ], [ -74.0971, 40.670303 ] ] } },
{ "type": "Feature", "properties": { "id": "1120936686-1174", "name": "Harbor Place", "class": "residential", "is_priority": false }, "geometry": { "type": "LineString", "coordinates": [ [ -74.0971, 40.670303 ], [ -74.097099, 40.670285 ] ] } },
{ "type": "Feature", "properties": { "id": "1120936687-1175", "name": "Flagship Street", "class": "residential", "is_priority": false }, "geometry": { "type": "LineString", "coordinates": [ [ -74.099765, 40.670744 ], [ -74.100149, 40.670266 ], [ -74.100173, 40.670208 ], [ -74.100182, 40.670022 ], [ -74.100207, 40.669932 ], [ -74.100245, 40.669853 ], [ -74.100358, 40.669708 ] ] } },
{ "type": "Feature", "properties": { "id": "1120936688-1176", "name": "Stanley Avenue", "class": "residential", "is_priority": false }, "geometry": { "type": "LineString", "coordinates": [ [ -74.097099, 40.670285 ], [ -74.096987, 40.670287 ] ] } },
{ "type": "Feature", "properties": { "id": "1120936689-1177", "name": "Veterans Memorial Boulevard", "class": "residential", "is_priority": false }, "geometry": { "type": "LineString", "coordinates": [ [ -74.098472, 40.672574 ], [ -74.09829, 40.672505 ] ] } },
{ "type": "Feature", "properties": { "id": "1120936693-1178", "name": "Carl Brashear Drive", "class": "residential", "is_priority": false }, "geometry": { "type": "LineString", "coordinates": [ [ -74.094613, 40.669281 ], [ -74.093853, 40.669112 ], [ -74.093457, 40.669006 ], [ -74.092681, 40.66876 ] ] } },
{ "type": "Feature", "properties": { "id": "1120936694-1179", "name": "Constitution Avenue", "class": "residential", "is_priority": false }, "geometry": { "type": "LineString", "coordinates": [ [ -74.097119, 40.671059 ], [ -74.097017, 40.671025 ] ] } },
{ "type": "Feature", "properties": { "id": "1120936696-1180", "name": "Harbor Place", "class": "residential", "is_priority": false }, "geometry": { "type": "LineString", "coordinates": [ [ -74.09708, 40.66949 ], [ -74.097086, 40.669135 ] ] } },
{ "type": "Feature", "properties": { "id": "1120936697-1181", "name": "Carl Brashear Drive", "class": "residential", "is_priority": false }, "geometry": { "type": "LineString", "coordinates": [ [ -74.09708, 40.66949 ], [ -74.096965, 40.669491 ] ] } },
{ "type": "Feature", "properties": { "id": "1120936698-1182", "name": "Harbor Place", "class": "residential", "is_priority": false }, "geometry": { "type": "LineString", "coordinates": [ [ -74.096987, 40.669119 ], [ -74.096961, 40.669256 ], [ -74.096965, 40.669491 ] ] } },
{ "type": "Feature", "properties": { "id": "1120936699-1183", "name": "Liberty Way", "class": "residential", "is_priority": false }, "geometry": { "type": "LineString", "coordinates": [ [ -74.095662, 40.669437 ], [ -74.095528, 40.670222 ] ] } },
{ "type": "Feature", "properties": { "id": "1120936700-1184", "name": "Liberty Way", "class": "residential", "is_priority": false }, "geometry": { "type": "LineString", "coordinates": [ [ -74.095528, 40.670222 ], [ -74.095478, 40.670501 ] ] } },
{ "type": "Feature", "properties": { "id": "1121028684-1185", "name": "Veterans Memorial Boulevard", "class": "residential", "is_priority": false }, "geometry": { "type": "LineString", "coordinates": [ [ -74.09829, 40.672505 ], [ -74.097113, 40.672103 ] ] } },
{ "type": "Feature", "properties": { "id": "1121230934-1186", "name": "Harbor Place", "class": "residential", "is_priority": false }, "geometry": { "type": "LineString", "coordinates": [ [ -74.096987, 40.670287 ], [ -74.097017, 40.671025 ] ] } },
{ "type": "Feature", "properties": { "id": "1121230935-1187", "name": "Veterans Memorial Boulevard", "class": "residential", "is_priority": false }, "geometry": { "type": "LineString", "coordinates": [ [ -74.097113, 40.672103 ], [ -74.097017, 40.67207 ] ] } },
{ "type": "Feature", "properties": { "id": "1124768900-1188", "name": "", "class": "trunk", "is_priority": true }, "geometry": { "type": "LineString", "coordinates": [ [ -74.10837, 40.66502 ], [ -74.10829, 40.664838 ] ] } },
{ "type": "Feature", "properties": { "id": "1131310599-1189", "name": "", "class": "trunk", "is_priority": true }, "geometry": { "type": "LineString", "coordinates": [ [ -74.119599, 40.656237 ], [ -74.118557, 40.656943 ] ] } },
{ "type": "Feature", "properties": { "id": "1138912355-1190", "name": "", "class": "trunk", "is_priority": true }, "geometry": { "type": "LineString", "coordinates": [ [ -74.104544, 40.691447 ], [ -74.105155, 40.691791 ], [ -74.106203, 40.692296 ], [ -74.106533, 40.692415 ] ] } },
{ "type": "Feature", "properties": { "id": "1138912355-1191", "name": "", "class": "trunk", "is_priority": true }, "geometry": { "type": "LineString", "coordinates": [ [ -74.106533, 40.692415 ], [ -74.106739, 40.692459 ], [ -74.106959, 40.69247 ], [ -74.107241, 40.692426 ], [ -74.10743, 40.692352 ], [ -74.107602, 40.692248 ], [ -74.107784, 40.692093 ], [ -74.108299, 40.691497 ] ] } },
{ "type": "Feature", "properties": { "id": "1138912355-1192", "name": "", "class": "trunk", "is_priority": true }, "geometry": { "type": "LineString", "coordinates": [ [ -74.108299, 40.691497 ], [ -74.108555, 40.691207 ], [ -74.108751, 40.691039 ], [ -74.108976, 40.690898 ], [ -74.109231, 40.690789 ], [ -74.109451, 40.690746 ], [ -74.109745, 40.690748 ], [ -74.109956, 40.690795 ], [ -74.110198, 40.690908 ] ] } },
{ "type": "Feature", "properties": { "id": "1138912355-1193", "name": "", "class": "trunk", "is_priority": true }, "geometry": { "type": "LineString", "coordinates": [ [ -74.110198, 40.690908 ], [ -74.110312, 40.690992 ], [ -74.110399, 40.691082 ], [ -74.110515, 40.691291 ], [ -74.110542, 40.691397 ], [ -74.11054, 40.691513 ], [ -74.110466, 40.691728 ] ] } },
{ "type": "Feature", "properties": { "id": "1138912356-1194", "name": "", "class": "trunk", "is_priority": true }, "geometry": { "type": "LineString", "coordinates": [ [ -74.110466, 40.691728 ], [ -74.109933, 40.692757 ], [ -74.109637, 40.693272 ] ] } },
{ "type": "Feature", "properties": { "id": "1152994705-1195", "name": "Centre Street", "class": "tertiary", "is_priority": false }, "geometry": { "type": "LineString", "coordinates": [ [ -74.100425, 40.67671 ], [ -74.10037, 40.676624 ], [ -74.100335, 40.676599 ], [ -74.100134, 40.676508 ] ] } },
{ "type": "Feature", "properties": { "id": "1152994706-1196", "name": "Centre Street", "class": "tertiary", "is_priority": false }, "geometry": { "type": "LineString", "coordinates": [ [ -74.100425, 40.67671 ], [ -74.100502, 40.676932 ] ] } },
{ "type": "Feature", "properties": { "id": "1152994707-1197", "name": "Chosin Few Way", "class": "tertiary", "is_priority": false }, "geometry": { "type": "LineString", "coordinates": [ [ -74.100134, 40.676508 ], [ -74.099609, 40.677145 ], [ -74.099491, 40.677264 ], [ -74.099209, 40.677492 ], [ -74.09887, 40.677694 ] ] } },
{ "type": "Feature", "properties": { "id": "1159078561-1198", "name": "East 22nd Street", "class": "tertiary", "is_priority": false }, "geometry": { "type": "LineString", "coordinates": [ [ -74.109828, 40.659305 ], [ -74.11025, 40.659365 ], [ -74.110979, 40.65944 ] ] } },
{ "type": "Feature", "properties": { "id": "1169097327-1199", "name": "Pulaski Lane West", "class": "tertiary", "is_priority": false }, "geometry": { "type": "LineString", "coordinates": [ [ -74.097206, 40.672954 ], [ -74.097653, 40.673119 ], [ -74.098048, 40.673285 ], [ -74.098157, 40.673376 ], [ -74.098216, 40.673461 ], [ -74.098256, 40.67363 ], [ -74.098245, 40.673726 ], [ -74.098181, 40.673869 ], [ -74.097922, 40.674264 ] ] } },
{ "type": "Feature", "properties": { "id": "1169097327-1200", "name": "Pulaski Lane West", "class": "tertiary", "is_priority": false }, "geometry": { "type": "LineString", "coordinates": [ [ -74.097922, 40.674264 ], [ -74.097113, 40.675479 ], [ -74.097027, 40.675555 ], [ -74.096814, 40.675667 ], [ -74.096634, 40.675701 ] ] } },
{ "type": "Feature", "properties": { "id": "1169097327-1201", "name": "Pulaski Lane West", "class": "tertiary", "is_priority": false }, "geometry": { "type": "LineString", "coordinates": [ [ -74.096634, 40.675701 ], [ -74.095956, 40.675689 ], [ -74.095783, 40.675717 ], [ -74.095639, 40.675786 ], [ -74.09556, 40.675834 ], [ -74.095415, 40.675986 ], [ -74.094972, 40.676662 ] ] } },
{ "type": "Feature", "properties": { "id": "1169097327-1202", "name": "Pulaski Lane West", "class": "tertiary", "is_priority": false }, "geometry": { "type": "LineString", "coordinates": [ [ -74.094972, 40.676662 ], [ -74.094411, 40.677516 ], [ -74.094373, 40.677634 ] ] } },
{ "type": "Feature", "properties": { "id": "1169097328-1203", "name": "Port Lincoln Road", "class": "tertiary", "is_priority": false }, "geometry": { "type": "LineString", "coordinates": [ [ -74.095613, 40.672342 ], [ -74.097206, 40.672954 ] ] } },
{ "type": "Feature", "properties": { "id": "1169097329-1204", "name": "Port Lincoln Road", "class": "tertiary", "is_priority": false }, "geometry": { "type": "LineString", "coordinates": [ [ -74.095216, 40.672189 ], [ -74.095613, 40.672342 ] ] } },
{ "type": "Feature", "properties": { "id": "1169097330-1205", "name": "Port Lincoln Road", "class": "tertiary", "is_priority": false }, "geometry": { "type": "LineString", "coordinates": [ [ -74.093865, 40.67167 ], [ -74.095216, 40.672189 ] ] } },
{ "type": "Feature", "properties": { "id": "1169097331-1206", "name": "Port Lincoln Road", "class": "tertiary", "is_priority": false }, "geometry": { "type": "LineString", "coordinates": [ [ -74.093198, 40.671414 ], [ -74.093865, 40.67167 ] ] } },
{ "type": "Feature", "properties": { "id": "1169097332-1207", "name": "Port Lincoln Road", "class": "tertiary", "is_priority": false }, "geometry": { "type": "LineString", "coordinates": [ [ -74.091249, 40.670658 ], [ -74.093198, 40.671414 ] ] } },
{ "type": "Feature", "properties": { "id": "1169097333-1208", "name": "Port Lincoln Road", "class": "tertiary", "is_priority": false }, "geometry": { "type": "LineString", "coordinates": [ [ -74.090822, 40.670456 ], [ -74.091249, 40.670658 ] ] } },
{ "type": "Feature", "properties": { "id": "1169097334-1209", "name": "Port Lincoln Road", "class": "tertiary", "is_priority": false }, "geometry": { "type": "LineString", "coordinates": [ [ -74.090265, 40.670174 ], [ -74.090822, 40.670456 ] ] } },
{ "type": "Feature", "properties": { "id": "1169097335-1210", "name": "Port Lincoln Road", "class": "tertiary", "is_priority": false }, "geometry": { "type": "LineString", "coordinates": [ [ -74.089416, 40.669869 ], [ -74.090265, 40.670174 ] ] } },
{ "type": "Feature", "properties": { "id": "1169097336-1211", "name": "Port Lincoln Road", "class": "tertiary", "is_priority": false }, "geometry": { "type": "LineString", "coordinates": [ [ -74.08917, 40.668049 ], [ -74.088697, 40.668891 ] ] } },
{ "type": "Feature", "properties": { "id": "1178148671-1212", "name": "Pier Street", "class": "residential", "is_priority": false }, "geometry": { "type": "LineString", "coordinates": [ [ -74.119313, 40.648526 ], [ -74.118779, 40.648513 ] ] } },
{ "type": "Feature", "properties": { "id": "1190803137-1213", "name": "Avenue G", "class": "residential", "is_priority": false }, "geometry": { "type": "LineString", "coordinates": [ [ -74.111369, 40.661969 ], [ -74.111734, 40.66153 ], [ -74.111881, 40.661424 ] ] } },
{ "type": "Feature", "properties": { "id": "1207104985-1214", "name": "Port Terminal Boulevard", "class": "unclassified", "is_priority": false }, "geometry": { "type": "LineString", "coordinates": [ [ -74.105385, 40.670411 ], [ -74.105065, 40.670396 ], [ -74.104269, 40.670274 ] ] } },
{ "type": "Feature", "properties": { "id": "1210965948-1215", "name": "Goldsborough Drive", "class": "tertiary", "is_priority": false }, "geometry": { "type": "LineString", "coordinates": [ [ -74.099734, 40.669538 ], [ -74.099276, 40.669469 ] ] } },
{ "type": "Feature", "properties": { "id": "1300840159-1216", "name": "Avenue G", "class": "residential", "is_priority": false }, "geometry": { "type": "LineString", "coordinates": [ [ -74.113373, 40.660413 ], [ -74.113082, 40.660731 ], [ -74.112844, 40.66088 ], [ -74.112003, 40.661327 ], [ -74.111881, 40.661424 ] ] } },
{ "type": "Feature", "properties": { "id": "1307141352-1217", "name": "", "class": "motorway_link", "is_priority": false }, "geometry": { "type": "LineString", "coordinates": [ [ -74.134, 40.654208 ], [ -74.134319, 40.654055 ], [ -74.134634, 40.653933 ], [ -74.135028, 40.653735 ], [ -74.13538, 40.653514 ], [ -74.13565, 40.653295 ] ] } },
{ "type": "Feature", "properties": { "id": "1307141354-1218", "name": "Avenue A", "class": "secondary", "is_priority": false }, "geometry": { "type": "LineString", "coordinates": [ [ -74.135987, 40.6539 ], [ -74.135554, 40.654376 ] ] } },
{ "type": "Feature", "properties": { "id": "1307141355-1219", "name": "Avenue A", "class": "secondary", "is_priority": false }, "geometry": { "type": "LineString", "coordinates": [ [ -74.135554, 40.654376 ], [ -74.135343, 40.65459 ] ] } },
{ "type": "Feature", "properties": { "id": "1307141367-1220", "name": "Bayonne Bridge", "class": "motorway", "is_priority": true }, "geometry": { "type": "LineString", "coordinates": [ [ -74.142127, 40.642248 ], [ -74.142169, 40.642146 ] ] } },
{ "type": "Feature", "properties": { "id": "1307141369-1221", "name": "Bayonne Bridge", "class": "motorway", "is_priority": true }, "geometry": { "type": "LineString", "coordinates": [ [ -74.141998, 40.642262 ], [ -74.141292, 40.643981 ] ] } },
{ "type": "Feature", "properties": { "id": "1307141369-1222", "name": "Bayonne Bridge", "class": "motorway", "is_priority": true }, "geometry": { "type": "LineString", "coordinates": [ [ -74.141292, 40.643981 ], [ -74.141165, 40.644293 ] ] } },
{ "type": "Feature", "properties": { "id": "1307141370-1223", "name": "Bayonne Bridge", "class": "motorway", "is_priority": true }, "geometry": { "type": "LineString", "coordinates": [ [ -74.14129, 40.644316 ], [ -74.141987, 40.642594 ] ] } },
{ "type": "Feature", "properties": { "id": "1307141370-1224", "name": "Bayonne Bridge", "class": "motorway", "is_priority": true }, "geometry": { "type": "LineString", "coordinates": [ [ -74.141987, 40.642594 ], [ -74.142127, 40.642248 ] ] } },
{ "type": "Feature", "properties": { "id": "1340375990-1225", "name": "East 21st Street", "class": "tertiary", "is_priority": false }, "geometry": { "type": "LineString", "coordinates": [ [ -74.11737, 40.661084 ], [ -74.116918, 40.660854 ] ] } },
{ "type": "Feature", "properties": { "id": "1340375991-1226", "name": "East 21st Street", "class": "tertiary", "is_priority": false }, "geometry": { "type": "LineString", "coordinates": [ [ -74.116918, 40.660854 ], [ -74.116727, 40.66076 ] ] } },
{ "type": "Feature", "properties": { "id": "1340376130-1227", "name": "East 22nd Street", "class": "tertiary", "is_priority": false }, "geometry": { "type": "LineString", "coordinates": [ [ -74.116126, 40.661781 ], [ -74.118105, 40.662768 ] ] } },
{ "type": "Feature", "properties": { "id": "1340376130-1228", "name": "East 22nd Street", "class": "tertiary", "is_priority": false }, "geometry": { "type": "LineString", "coordinates": [ [ -74.118105, 40.662768 ], [ -74.118896, 40.663168 ] ] } },
{ "type": "Feature", "properties": { "id": "1340376131-1229", "name": "East 22nd Street", "class": "tertiary", "is_priority": false }, "geometry": { "type": "LineString", "coordinates": [ [ -74.115947, 40.66169 ], [ -74.116126, 40.661781 ] ] } },
{ "type": "Feature", "properties": { "id": "1340376377-1230", "name": "Avenue E", "class": "secondary", "is_priority": false }, "geometry": { "type": "LineString", "coordinates": [ [ -74.111519, 40.668013 ], [ -74.110238, 40.669528 ] ] } },
{ "type": "Feature", "properties": { "id": "1340376377-1231", "name": "Avenue E", "class": "secondary", "is_priority": false }, "geometry": { "type": "LineString", "coordinates": [ [ -74.110238, 40.669528 ], [ -74.108955, 40.671042 ] ] } },
{ "type": "Feature", "properties": { "id": "1340376377-1232", "name": "Avenue E", "class": "secondary", "is_priority": false }, "geometry": { "type": "LineString", "coordinates": [ [ -74.108955, 40.671042 ], [ -74.108128, 40.672034 ] ] } },
{ "type": "Feature", "properties": { "id": "1345282447-1233", "name": "", "class": "trunk_link", "is_priority": false }, "geometry": { "type": "LineString", "coordinates": [ [ -74.107431, 40.696565 ], [ -74.10755, 40.696703 ] ] } },
{ "type": "Feature", "properties": { "id": "1345282448-1234", "name": "", "class": "trunk_link", "is_priority": false }, "geometry": { "type": "LineString", "coordinates": [ [ -74.107614, 40.696641 ], [ -74.107493, 40.696506 ] ] } },
{ "type": "Feature", "properties": { "id": "1347240231-1235", "name": "Baker Company Street", "class": "residential", "is_priority": false }, "geometry": { "type": "LineString", "coordinates": [ [ -74.092834, 40.668485 ], [ -74.092681, 40.66876 ] ] } },
{ "type": "Feature", "properties": { "id": "1366532224-1236", "name": "East 22nd Street", "class": "tertiary", "is_priority": false }, "geometry": { "type": "LineString", "coordinates": [ [ -74.111152, 40.659455 ], [ -74.111222, 40.65946 ] ] } },
{ "type": "Feature", "properties": { "id": "1366532225-1237", "name": "East 22nd Street", "class": "tertiary", "is_priority": false }, "geometry": { "type": "LineString", "coordinates": [ [ -74.110979, 40.65944 ], [ -74.111152, 40.659455 ] ] } },
{ "type": "Feature", "properties": { "id": "1366532226-1238", "name": "Old Hook Road", "class": "tertiary", "is_priority": false }, "geometry": { "type": "LineString", "coordinates": [ [ -74.111433, 40.659422 ], [ -74.111222, 40.65946 ] ] } },
{ "type": "Feature", "properties": { "id": "1368284322-1239", "name": "Avenue E", "class": "secondary", "is_priority": false }, "geometry": { "type": "LineString", "coordinates": [ [ -74.108128, 40.672034 ], [ -74.106834, 40.673542 ] ] } },
{ "type": "Feature", "properties": { "id": "1368284322-1240", "name": "Avenue E", "class": "secondary", "is_priority": false }, "geometry": { "type": "LineString", "coordinates": [ [ -74.106834, 40.673542 ], [ -74.105553, 40.675057 ] ] } },
{ "type": "Feature", "properties": { "id": "1368284322-1241", "name": "Avenue E", "class": "secondary", "is_priority": false }, "geometry": { "type": "LineString", "coordinates": [ [ -74.105553, 40.675057 ], [ -74.105284, 40.675377 ] ] } },
{ "type": "Feature", "properties": { "id": "1369887750-1242", "name": "Broadway", "class": "tertiary", "is_priority": false }, "geometry": { "type": "LineString", "coordinates": [ [ -74.106383, 40.677974 ], [ -74.105101, 40.679489 ] ] } },
{ "type": "Feature", "properties": { "id": "1369887750-1243", "name": "Broadway", "class": "tertiary", "is_priority": false }, "geometry": { "type": "LineString", "coordinates": [ [ -74.105101, 40.679489 ], [ -74.103817, 40.681002 ] ] } },
{ "type": "Feature", "properties": { "id": "1369887750-1244", "name": "Broadway", "class": "tertiary", "is_priority": false }, "geometry": { "type": "LineString", "coordinates": [ [ -74.103817, 40.681002 ], [ -74.103319, 40.68159 ] ] } },
{ "type": "Feature", "properties": { "id": "1369956495-1245", "name": "Broadway", "class": "tertiary", "is_priority": false }, "geometry": { "type": "LineString", "coordinates": [ [ -74.112232, 40.671072 ], [ -74.112056, 40.671279 ] ] } },
{ "type": "Feature", "properties": { "id": "1369956496-1246", "name": "Broadway", "class": "tertiary", "is_priority": false }, "geometry": { "type": "LineString", "coordinates": [ [ -74.112056, 40.671279 ], [ -74.110781, 40.672796 ] ] } },
{ "type": "Feature", "properties": { "id": "1369956496-1247", "name": "Broadway", "class": "tertiary", "is_priority": false }, "geometry": { "type": "LineString", "coordinates": [ [ -74.110781, 40.672796 ], [ -74.110456, 40.673179 ] ] } },
{ "type": "Feature", "properties": { "id": "1369956497-1248", "name": "Broadway", "class": "tertiary", "is_priority": false }, "geometry": { "type": "LineString", "coordinates": [ [ -74.112468, 40.670791 ], [ -74.112232, 40.671072 ] ] } },
{ "type": "Feature", "properties": { "id": "1369956499-1249", "name": "West 32nd Street", "class": "residential", "is_priority": false }, "geometry": { "type": "LineString", "coordinates": [ [ -74.112454, 40.671182 ], [ -74.11444, 40.672161 ] ] } },
{ "type": "Feature", "properties": { "id": "1369956499-1250", "name": "West 32nd Street", "class": "residential", "is_priority": false }, "geometry": { "type": "LineString", "coordinates": [ [ -74.11444, 40.672161 ], [ -74.116427, 40.673139 ] ] } },
{ "type": "Feature", "properties": { "id": "1369956499-1251", "name": "West 32nd Street", "class": "residential", "is_priority": false }, "geometry": { "type": "LineString", "coordinates": [ [ -74.116427, 40.673139 ], [ -74.11842, 40.67411 ] ] } },
{ "type": "Feature", "properties": { "id": "1369956499-1252", "name": "West 32nd Street", "class": "residential", "is_priority": false }, "geometry": { "type": "LineString", "coordinates": [ [ -74.11842, 40.67411 ], [ -74.118661, 40.674226 ] ] } },
{ "type": "Feature", "properties": { "id": "1370123513-1253", "name": "Broadway", "class": "tertiary", "is_priority": false }, "geometry": { "type": "LineString", "coordinates": [ [ -74.110456, 40.673179 ], [ -74.109167, 40.67469 ] ] } },
{ "type": "Feature", "properties": { "id": "1370123513-1254", "name": "Broadway", "class": "tertiary", "is_priority": false }, "geometry": { "type": "LineString", "coordinates": [ [ -74.109167, 40.67469 ], [ -74.107883, 40.676203 ] ] } },
{ "type": "Feature", "properties": { "id": "1370123513-1255", "name": "Broadway", "class": "tertiary", "is_priority": false }, "geometry": { "type": "LineString", "coordinates": [ [ -74.107883, 40.676203 ], [ -74.106601, 40.677717 ] ] } },
{ "type": "Feature", "properties": { "id": "1370123513-1256", "name": "Broadway", "class": "tertiary", "is_priority": false }, "geometry": { "type": "LineString", "coordinates": [ [ -74.106601, 40.677717 ], [ -74.106383, 40.677974 ] ] } },
{ "type": "Feature", "properties": { "id": "1371905386-1257", "name": "Centre Street", "class": "tertiary", "is_priority": false }, "geometry": { "type": "LineString", "coordinates": [ [ -74.102232, 40.678615 ], [ -74.10244, 40.678742 ] ] } },
{ "type": "Feature", "properties": { "id": "1371905387-1258", "name": "Bayview Drive", "class": "unclassified", "is_priority": false }, "geometry": { "type": "LineString", "coordinates": [ [ -74.111768, 40.68526 ], [ -74.111882, 40.685206 ], [ -74.111957, 40.685105 ], [ -74.111968, 40.685034 ], [ -74.111939, 40.684825 ], [ -74.111946, 40.684747 ], [ -74.11199, 40.684576 ], [ -74.112048, 40.684492 ] ] } },
{ "type": "Feature", "properties": { "id": "1373206915-1259", "name": "East 24th Street", "class": "residential", "is_priority": false }, "geometry": { "type": "LineString", "coordinates": [ [ -74.11188, 40.662229 ], [ -74.111369, 40.661969 ] ] } },
{ "type": "Feature", "properties": { "id": "1385097727-1260", "name": "John F. Kennedy Boulevard", "class": "primary", "is_priority": true }, "geometry": { "type": "LineString", "coordinates": [ [ -74.103742, 40.691654 ], [ -74.10354, 40.691879 ] ] } },
{ "type": "Feature", "properties": { "id": "1385097728-1261", "name": "John F. Kennedy Boulevard", "class": "primary", "is_priority": true }, "geometry": { "type": "LineString", "coordinates": [ [ -74.103864, 40.691514 ], [ -74.103742, 40.691654 ] ] } },
{ "type": "Feature", "properties": { "id": "1385097729-1262", "name": "John F. Kennedy Boulevard", "class": "primary", "is_priority": true }, "geometry": { "type": "LineString", "coordinates": [ [ -74.10396, 40.691559 ], [ -74.104059, 40.691443 ] ] } },
{ "type": "Feature", "properties": { "id": "1385097730-1263", "name": "John F. Kennedy Boulevard", "class": "primary", "is_priority": true }, "geometry": { "type": "LineString", "coordinates": [ [ -74.10384, 40.691698 ], [ -74.10396, 40.691559 ] ] } },
{ "type": "Feature", "properties": { "id": "1411342470-1264", "name": "Broadway", "class": "tertiary", "is_priority": false }, "geometry": { "type": "LineString", "coordinates": [ [ -74.103319, 40.68159 ], [ -74.102035, 40.683103 ] ] } },
{ "type": "Feature", "properties": { "id": "1411342470-1265", "name": "Broadway", "class": "tertiary", "is_priority": false }, "geometry": { "type": "LineString", "coordinates": [ [ -74.102035, 40.683103 ], [ -74.101, 40.684326 ] ] } },
{ "type": "Feature", "properties": { "id": "1416589759-1266", "name": "Linnet Street", "class": "residential", "is_priority": false }, "geometry": { "type": "LineString", "coordinates": [ [ -74.125919, 40.654875 ], [ -74.125117, 40.654473 ] ] } },
{ "type": "Feature", "properties": { "id": "1416589760-1267", "name": "Linnet Street", "class": "residential", "is_priority": false }, "geometry": { "type": "LineString", "coordinates": [ [ -74.125117, 40.654473 ], [ -74.124696, 40.654242 ] ] } },
{ "type": "Feature", "properties": { "id": "1416589761-1268", "name": "Broadway", "class": "tertiary", "is_priority": false }, "geometry": { "type": "LineString", "coordinates": [ [ -74.126394, 40.65428 ], [ -74.126358, 40.654324 ] ] } },
{ "type": "Feature", "properties": { "id": "1416589762-1269", "name": "Broadway", "class": "tertiary", "is_priority": false }, "geometry": { "type": "LineString", "coordinates": [ [ -74.126671, 40.653933 ], [ -74.126394, 40.65428 ] ] } },
{ "type": "Feature", "properties": { "id": "1416589904-1270", "name": "Avenue C", "class": "secondary", "is_priority": false }, "geometry": { "type": "LineString", "coordinates": [ [ -74.129113, 40.65331 ], [ -74.129093, 40.653905 ] ] } },
{ "type": "Feature", "properties": { "id": "1434003390-1271", "name": "East 30th Street", "class": "tertiary", "is_priority": false }, "geometry": { "type": "LineString", "coordinates": [ [ -74.109535, 40.667063 ], [ -74.109385, 40.66699 ] ] } },
{ "type": "Feature", "properties": { "id": "1441785001-1272", "name": "Broadway", "class": "tertiary", "is_priority": false }, "geometry": { "type": "LineString", "coordinates": [ [ -74.100455, 40.684976 ], [ -74.10029, 40.685173 ] ] } },
{ "type": "Feature", "properties": { "id": "1446202320-1273", "name": "Goldsborough Drive", "class": "tertiary", "is_priority": false }, "geometry": { "type": "LineString", "coordinates": [ [ -74.093377, 40.668568 ], [ -74.09292, 40.668498 ] ] } },
{ "type": "Feature", "properties": { "id": "1446202321-1274", "name": "Goldsborough Drive", "class": "tertiary", "is_priority": false }, "geometry": { "type": "LineString", "coordinates": [ [ -74.09292, 40.668498 ], [ -74.092834, 40.668485 ] ] } },
{ "type": "Feature", "properties": { "id": "1451397406-1275", "name": "East 5th Street", "class": "tertiary", "is_priority": false }, "geometry": { "type": "LineString", "coordinates": [ [ -74.124228, 40.651496 ], [ -74.121863, 40.651539 ] ] } },
{ "type": "Feature", "properties": { "id": "1451397406-1276", "name": "East 5th Street", "class": "tertiary", "is_priority": false }, "geometry": { "type": "LineString", "coordinates": [ [ -74.121863, 40.651539 ], [ -74.120212, 40.651583 ] ] } },
{ "type": "Feature", "properties": { "id": "1457822899-1277", "name": "Broadway", "class": "tertiary", "is_priority": false }, "geometry": { "type": "LineString", "coordinates": [ [ -74.100032, 40.685488 ], [ -74.09999, 40.685539 ] ] } },
{ "type": "Feature", "properties": { "id": "1458425668-1278", "name": "Avenue C", "class": "secondary", "is_priority": false }, "geometry": { "type": "LineString", "coordinates": [ [ -74.119404, 40.666481 ], [ -74.118437, 40.667625 ] ] } },
{ "type": "Feature", "properties": { "id": "1463268644-1279", "name": "Bayview Court", "class": "residential", "is_priority": false }, "geometry": { "type": "LineString", "coordinates": [ [ -74.138485, 40.652164 ], [ -74.139357, 40.652605 ] ] } },
{ "type": "Feature", "properties": { "id": "1463510501-1280", "name": "West 5th Street", "class": "residential", "is_priority": false }, "geometry": { "type": "LineString", "coordinates": [ [ -74.136945, 40.652236 ], [ -74.137298, 40.652413 ] ] } },
{ "type": "Feature", "properties": { "id": "1474386387-1281", "name": "West 53rd Street", "class": "tertiary", "is_priority": false }, "geometry": { "type": "LineString", "coordinates": [ [ -74.103132, 40.685726 ], [ -74.10114, 40.684753 ] ] } },
{ "type": "Feature", "properties": { "id": "1474386387-1282", "name": "West 53rd Street", "class": "tertiary", "is_priority": false }, "geometry": { "type": "LineString", "coordinates": [ [ -74.10114, 40.684753 ], [ -74.100782, 40.684577 ] ] } },
{ "type": "Feature", "properties": { "id": "1479221424-1283", "name": "John F. Kennedy Boulevard", "class": "tertiary", "is_priority": false }, "geometry": { "type": "LineString", "coordinates": [ [ -74.135229, 40.652914 ], [ -74.135183, 40.65279 ] ] } },
{ "type": "Feature", "properties": { "id": "1488354822-1284", "name": "John F. Kennedy Boulevard", "class": "tertiary", "is_priority": false }, "geometry": { "type": "LineString", "coordinates": [ [ -74.13862, 40.647641 ], [ -74.138716, 40.647528 ] ] } },
{ "type": "Feature", "properties": { "id": "1488354823-1285", "name": "John F. Kennedy Boulevard", "class": "tertiary", "is_priority": false }, "geometry": { "type": "LineString", "coordinates": [ [ -74.137753, 40.648641 ], [ -74.13862, 40.647641 ] ] } },
{ "type": "Feature", "properties": { "id": "1497216854-1286", "name": "Avenue E", "class": "secondary", "is_priority": false }, "geometry": { "type": "LineString", "coordinates": [ [ -74.12314, 40.655125 ], [ -74.122273, 40.655562 ], [ -74.122065, 40.655682 ], [ -74.121743, 40.655918 ], [ -74.121403, 40.656311 ] ] } },
{ "type": "Feature", "properties": { "id": "1497216854-1287", "name": "Avenue E", "class": "secondary", "is_priority": false }, "geometry": { "type": "LineString", "coordinates": [ [ -74.121403, 40.656311 ], [ -74.120131, 40.657829 ] ] } },
{ "type": "Feature", "properties": { "id": "1497216854-1288", "name": "Avenue E", "class": "secondary", "is_priority": false }, "geometry": { "type": "LineString", "coordinates": [ [ -74.120131, 40.657829 ], [ -74.118838, 40.659338 ] ] } },
{ "type": "Feature", "properties": { "id": "1497216854-1289", "name": "Avenue E", "class": "secondary", "is_priority": false }, "geometry": { "type": "LineString", "coordinates": [ [ -74.118838, 40.659338 ], [ -74.117565, 40.660857 ] ] } },
{ "type": "Feature", "properties": { "id": "1497216854-1290", "name": "Avenue E", "class": "secondary", "is_priority": false }, "geometry": { "type": "LineString", "coordinates": [ [ -74.117565, 40.660857 ], [ -74.116282, 40.66237 ] ] } },
{ "type": "Feature", "properties": { "id": "1497216854-1291", "name": "Avenue E", "class": "secondary", "is_priority": false }, "geometry": { "type": "LineString", "coordinates": [ [ -74.116282, 40.66237 ], [ -74.115, 40.663884 ] ] } },
{ "type": "Feature", "properties": { "id": "1497216854-1292", "name": "Avenue E", "class": "secondary", "is_priority": false }, "geometry": { "type": "LineString", "coordinates": [ [ -74.115, 40.663884 ], [ -74.113729, 40.665404 ] ] } },
{ "type": "Feature", "properties": { "id": "1497216854-1293", "name": "Avenue E", "class": "secondary", "is_priority": false }, "geometry": { "type": "LineString", "coordinates": [ [ -74.113729, 40.665404 ], [ -74.112449, 40.666919 ] ] } },
{ "type": "Feature", "properties": { "id": "1497216854-1294", "name": "Avenue E", "class": "secondary", "is_priority": false }, "geometry": { "type": "LineString", "coordinates": [ [ -74.112449, 40.666919 ], [ -74.111519, 40.668013 ] ] } },
{ "type": "Feature", "properties": { "id": "1500629178-1295", "name": "John F. Kennedy Boulevard", "class": "primary", "is_priority": true }, "geometry": { "type": "LineString", "coordinates": [ [ -74.131894, 40.655599 ], [ -74.132478, 40.65493 ] ] } },
{ "type": "Feature", "properties": { "id": "1500629179-1296", "name": "John F. Kennedy Boulevard", "class": "primary", "is_priority": true }, "geometry": { "type": "LineString", "coordinates": [ [ -74.131423, 40.656179 ], [ -74.131894, 40.655599 ] ] } },
{ "type": "Feature", "properties": { "id": "1500629180-1297", "name": "John F. Kennedy Boulevard", "class": "primary", "is_priority": true }, "geometry": { "type": "LineString", "coordinates": [ [ -74.130925, 40.656764 ], [ -74.131423, 40.656179 ] ] } },
{ "type": "Feature", "properties": { "id": "1500629181-1298", "name": "John F. Kennedy Boulevard", "class": "primary", "is_priority": true }, "geometry": { "type": "LineString", "coordinates": [ [ -74.130285, 40.657507 ], [ -74.130925, 40.656764 ] ] } },
{ "type": "Feature", "properties": { "id": "1500629182-1299", "name": "John F. Kennedy Boulevard", "class": "primary", "is_priority": true }, "geometry": { "type": "LineString", "coordinates": [ [ -74.129798, 40.658107 ], [ -74.130285, 40.657507 ] ] } },
{ "type": "Feature", "properties": { "id": "1500629183-1300", "name": "John F. Kennedy Boulevard", "class": "primary", "is_priority": true }, "geometry": { "type": "LineString", "coordinates": [ [ -74.129305, 40.658679 ], [ -74.129798, 40.658107 ] ] } },
{ "type": "Feature", "properties": { "id": "1500629184-1301", "name": "John F. Kennedy Boulevard", "class": "primary", "is_priority": true }, "geometry": { "type": "LineString", "coordinates": [ [ -74.128821, 40.65926 ], [ -74.129305, 40.658679 ] ] } },
{ "type": "Feature", "properties": { "id": "1500629185-1302", "name": "John F. Kennedy Boulevard", "class": "primary", "is_priority": true }, "geometry": { "type": "LineString", "coordinates": [ [ -74.128306, 40.659822 ], [ -74.128821, 40.65926 ] ] } },
{ "type": "Feature", "properties": { "id": "1500629186-1303", "name": "John F. Kennedy Boulevard", "class": "primary", "is_priority": true }, "geometry": { "type": "LineString", "coordinates": [ [ -74.127772, 40.660467 ], [ -74.128306, 40.659822 ] ] } },
{ "type": "Feature", "properties": { "id": "1500629187-1304", "name": "John F. Kennedy Boulevard", "class": "primary", "is_priority": true }, "geometry": { "type": "LineString", "coordinates": [ [ -74.127045, 40.661349 ], [ -74.127772, 40.660467 ] ] } },
{ "type": "Feature", "properties": { "id": "1500629188-1305", "name": "John F. Kennedy Boulevard", "class": "primary", "is_priority": true }, "geometry": { "type": "LineString", "coordinates": [ [ -74.12652, 40.661939 ], [ -74.127045, 40.661349 ] ] } },
{ "type": "Feature", "properties": { "id": "1500629189-1306", "name": "John F. Kennedy Boulevard", "class": "primary", "is_priority": true }, "geometry": { "type": "LineString", "coordinates": [ [ -74.126022, 40.662513 ], [ -74.12652, 40.661939 ] ] } },
{ "type": "Feature", "properties": { "id": "1500629190-1307", "name": "John F. Kennedy Boulevard", "class": "primary", "is_priority": true }, "geometry": { "type": "LineString", "coordinates": [ [ -74.125526, 40.663102 ], [ -74.126022, 40.662513 ] ] } },
{ "type": "Feature", "properties": { "id": "1500629191-1308", "name": "John F. Kennedy Boulevard", "class": "primary", "is_priority": true }, "geometry": { "type": "LineString", "coordinates": [ [ -74.125378, 40.663279 ], [ -74.125526, 40.663102 ] ] } },
{ "type": "Feature", "properties": { "id": "1500629192-1309", "name": "John F. Kennedy Boulevard", "class": "primary", "is_priority": true }, "geometry": { "type": "LineString", "coordinates": [ [ -74.12504, 40.663685 ], [ -74.125378, 40.663279 ] ] } },
{ "type": "Feature", "properties": { "id": "1500629193-1310", "name": "John F. Kennedy Boulevard", "class": "primary", "is_priority": true }, "geometry": { "type": "LineString", "coordinates": [ [ -74.124516, 40.664252 ], [ -74.12504, 40.663685 ] ] } },
{ "type": "Feature", "properties": { "id": "1500629194-1311", "name": "John F. Kennedy Boulevard", "class": "primary", "is_priority": true }, "geometry": { "type": "LineString", "coordinates": [ [ -74.124318, 40.664495 ], [ -74.124516, 40.664252 ] ] } },
{ "type": "Feature", "properties": { "id": "1500629195-1312", "name": "John F. Kennedy Boulevard", "class": "primary", "is_priority": true }, "geometry": { "type": "LineString", "coordinates": [ [ -74.124129, 40.664725 ], [ -74.124318, 40.664495 ] ] } },
{ "type": "Feature", "properties": { "id": "1500629196-1313", "name": "John F. Kennedy Boulevard", "class": "primary", "is_priority": true }, "geometry": { "type": "LineString", "coordinates": [ [ -74.124026, 40.664854 ], [ -74.124129, 40.664725 ] ] } },
{ "type": "Feature", "properties": { "id": "1500629197-1314", "name": "John F. Kennedy Boulevard", "class": "primary", "is_priority": true }, "geometry": { "type": "LineString", "coordinates": [ [ -74.123522, 40.665447 ], [ -74.124026, 40.664854 ] ] } },
{ "type": "Feature", "properties": { "id": "1500629198-1315", "name": "John F. Kennedy Boulevard", "class": "primary", "is_priority": true }, "geometry": { "type": "LineString", "coordinates": [ [ -74.122831, 40.66625 ], [ -74.123522, 40.665447 ] ] } },
{ "type": "Feature", "properties": { "id": "1500629199-1316", "name": "John F. Kennedy Boulevard", "class": "primary", "is_priority": true }, "geometry": { "type": "LineString", "coordinates": [ [ -74.122153, 40.667032 ], [ -74.122831, 40.66625 ] ] } },
{ "type": "Feature", "properties": { "id": "1500629200-1317", "name": "John F. Kennedy Boulevard", "class": "primary", "is_priority": true }, "geometry": { "type": "LineString", "coordinates": [ [ -74.12204, 40.667169 ], [ -74.122153, 40.667032 ] ] } },
{ "type": "Feature", "properties": { "id": "1500629201-1318", "name": "John F. Kennedy Boulevard", "class": "primary", "is_priority": true }, "geometry": { "type": "LineString", "coordinates": [ [ -74.121454, 40.667879 ], [ -74.12204, 40.667169 ] ] } },
{ "type": "Feature", "properties": { "id": "1500629202-1319", "name": "John F. Kennedy Boulevard", "class": "primary", "is_priority": true }, "geometry": { "type": "LineString", "coordinates": [ [ -74.120728, 40.668757 ], [ -74.121454, 40.667879 ] ] } },
{ "type": "Feature", "properties": { "id": "1500629203-1320", "name": "John F. Kennedy Boulevard", "class": "primary", "is_priority": true }, "geometry": { "type": "LineString", "coordinates": [ [ -74.120105, 40.669494 ], [ -74.120728, 40.668757 ] ] } },
{ "type": "Feature", "properties": { "id": "1500629204-1321", "name": "John F. Kennedy Boulevard", "class": "primary", "is_priority": true }, "geometry": { "type": "LineString", "coordinates": [ [ -74.119495, 40.670232 ], [ -74.120105, 40.669494 ] ] } },
{ "type": "Feature", "properties": { "id": "1500629205-1322", "name": "John F. Kennedy Boulevard", "class": "primary", "is_priority": true }, "geometry": { "type": "LineString", "coordinates": [ [ -74.118997, 40.670828 ], [ -74.119495, 40.670232 ] ] } },
{ "type": "Feature", "properties": { "id": "1500629206-1323", "name": "John F. Kennedy Boulevard", "class": "primary", "is_priority": true }, "geometry": { "type": "LineString", "coordinates": [ [ -74.118499, 40.671429 ], [ -74.118997, 40.670828 ] ] } },
{ "type": "Feature", "properties": { "id": "1501261136-1324", "name": "John F. Kennedy Boulevard", "class": "primary", "is_priority": true }, "geometry": { "type": "LineString", "coordinates": [ [ -74.105109, 40.690102 ], [ -74.105621, 40.689506 ] ] } },
{ "type": "Feature", "properties": { "id": "1501261137-1325", "name": "John F. Kennedy Boulevard", "class": "primary", "is_priority": true }, "geometry": { "type": "LineString", "coordinates": [ [ -74.105621, 40.689506 ], [ -74.105843, 40.689245 ] ] } },
{ "type": "Feature", "properties": { "id": "1501261138-1326", "name": "John F. Kennedy Boulevard", "class": "primary", "is_priority": true }, "geometry": { "type": "LineString", "coordinates": [ [ -74.105843, 40.689245 ], [ -74.105948, 40.689122 ] ] } },
{ "type": "Feature", "properties": { "id": "1501261139-1327", "name": "John F. Kennedy Boulevard", "class": "primary", "is_priority": true }, "geometry": { "type": "LineString", "coordinates": [ [ -74.105948, 40.689122 ], [ -74.106129, 40.688909 ] ] } },
{ "type": "Feature", "properties": { "id": "1536858741-1328", "name": "West 1st Street", "class": "tertiary", "is_priority": false }, "geometry": { "type": "LineString", "coordinates": [ [ -74.130353, 40.645357 ], [ -74.130673, 40.645387 ] ] } }
]
}
