{
"type": "FeatureCollection",
"name": "roads",
"crs": { "type": "name", "properties": { "name": "urn:ogc:def:crs:OGC:1.3:CRS84" } },
"features": [
{ "type": "Feature", "properties": { "id": "11629868-0", "name": "Babbio Drive", "class": "residential", "is_priority": false }, "geometry": { "type": "LineString", "coordinates": [ [ -74.024934, 40.746762 ], [ -74.024702, 40.746711 ], [ -74.024499, 40.746642 ], [ -74.024314, 40.746519 ], [ -74.024176, 40.746401 ], [ -74.024115, 40.746305 ], [ -74.023949, 40.745973 ], [ -74.023934, 40.745876 ], [ -74.024082, 40.745416 ], [ -74.024129, 40.745356 ] ] } },
{ "type": "Feature", "properties": { "id": "11629868-1", "name": "Babbio Drive", "class": "residential", "is_priority": false }, "geometry": { "type": "LineString", "coordinates": [ [ -74.024129, 40.745356 ], [ -74.02418, 40.745326 ] ] } },
{ "type": "Feature", "properties": { "id": "11630507-2", "name": "Adams Street", "class": "residential", "is_priority": false }, "geometry": { "type": "LineString", "coordinates": [ [ -74.032129, 40.755556 ], [ -74.031761, 40.756779 ] ] } },
{ "type": "Feature", "properties": { "id": "11630552-3", "name": "Jackson Street", "class": "tertiary", "is_priority": false }, "geometry": { "type": "LineString", "coordinates": [ [ -74.041847, 40.736432 ], [ -74.041867, 40.736546 ], [ -74.041588, 40.737429 ] ] } },
{ "type": "Feature", "properties": { "id": "11630841-4", "name": "Walter Barry Independence Court", "class": "residential", "is_priority": false }, "geometry": { "type": "LineString", "coordinates": [ [ -74.024804, 40.75168 ], [ -74.023649, 40.751484 ] ] } },
{ "type": "Feature", "properties": { "id": "11630908-5", "name": "Newark Street", "class": "unclassified", "is_priority": false }, "geometry": { "type": "LineString", "coordinates": [ [ -74.027974, 40.736365 ], [ -74.028994, 40.736556 ] ] } },
{ "type": "Feature", "properties": { "id": "11631054-6", "name": "4th Street", "class": "tertiary", "is_priority": false }, "geometry": { "type": "LineString", "coordinates": [ [ -74.027112, 40.74087 ], [ -74.027231, 40.740852 ], [ -74.027644, 40.740906 ] ] } },
{ "type": "Feature", "properties": { "id": "11631102-7", "name": "Newark Street", "class": "secondary", "is_priority": false }, "geometry": { "type": "LineString", "coordinates": [ [ -74.038137, 40.73703 ], [ -74.035814, 40.737379 ] ] } },
{ "type": "Feature", "properties": { "id": "11631102-8", "name": "Newark Street", "class": "secondary", "is_priority": false }, "geometry": { "type": "LineString", "coordinates": [ [ -74.035814, 40.737379 ], [ -74.035625, 40.737409 ] ] } },
{ "type": "Feature", "properties": { "id": "11631118-9", "name": "9th Street", "class": "residential", "is_priority": false }, "geometry": { "type": "LineString", "coordinates": [ [ -74.038024, 40.748989 ], [ -74.037212, 40.748863 ], [ -74.035712, 40.748602 ] ] } },
{ "type": "Feature", "properties": { "id": "11631118-10", "name": "9th Street", "class": "residential", "is_priority": false }, "geometry": { "type": "LineString", "coordinates": [ [ -74.035712, 40.748602 ], [ -74.03441, 40.748365 ], [ -74.034221, 40.748407 ], [ -74.03341, 40.748258 ] ] } },
{ "type": "Feature", "properties": { "id": "11631118-11", "name": "9th Street", "class": "residential", "is_priority": false }, "geometry": { "type": "LineString", "coordinates": [ [ -74.03341, 40.748258 ], [ -74.031101, 40.747856 ] ] } },
{ "type": "Feature", "properties": { "id": "11631118-12", "name": "9th Street", "class": "residential", "is_priority": false }, "geometry": { "type": "LineString", "coordinates": [ [ -74.031101, 40.747856 ], [ -74.028795, 40.747445 ] ] } },
{ "type": "Feature", "properties": { "id": "11631118-13", "name": "9th Street", "class": "residential", "is_priority": false }, "geometry": { "type": "LineString", "coordinates": [ [ -74.028795, 40.747445 ], [ -74.026797, 40.747087 ] ] } },
{ "type": "Feature", "properties": { "id": "11631405-14", "name": "14th Street", "class": "tertiary", "is_priority": false }, "geometry": { "type": "LineString", "coordinates": [ [ -74.023498, 40.752792 ], [ -74.02501, 40.753045 ] ] } },
{ "type": "Feature", "properties": { "id": "11631413-15", "name": "10th Street", "class": "residential", "is_priority": false }, "geometry": { "type": "LineString", "coordinates": [ [ -74.02643, 40.748367 ], [ -74.02752, 40.748565 ] ] } },
{ "type": "Feature", "properties": { "id": "11631416-16", "name": "10th Street", "class": "residential", "is_priority": false }, "geometry": { "type": "LineString", "coordinates": [ [ -74.034896, 40.74973 ], [ -74.03582, 40.749887 ] ] } },
{ "type": "Feature", "properties": { "id": "11631436-17", "name": "Madison Street", "class": "secondary", "is_priority": false }, "geometry": { "type": "LineString", "coordinates": [ [ -74.039748, 40.736853 ], [ -74.039774, 40.736896 ], [ -74.039729, 40.737086 ] ] } },
{ "type": "Feature", "properties": { "id": "11631768-18", "name": "Bernard McFeeley Shipyard Lane", "class": "residential", "is_priority": false }, "geometry": { "type": "LineString", "coordinates": [ [ -74.024153, 40.753816 ], [ -74.024699, 40.752063 ] ] } },
{ "type": "Feature", "properties": { "id": "11631768-19", "name": "Bernard McFeeley Shipyard Lane", "class": "residential", "is_priority": false }, "geometry": { "type": "LineString", "coordinates": [ [ -74.024699, 40.752063 ], [ -74.024816, 40.75164 ], [ -74.025083, 40.750813 ] ] } },
{ "type": "Feature", "properties": { "id": "11631815-20", "name": "Clinton Street", "class": "tertiary", "is_priority": false }, "geometry": { "type": "LineString", "coordinates": [ [ -74.035625, 40.737409 ], [ -74.035655, 40.737547 ], [ -74.035432, 40.738254 ] ] } },
{ "type": "Feature", "properties": { "id": "11631853-21", "name": "Bloomfield Street", "class": "tertiary", "is_priority": false }, "geometry": { "type": "LineString", "coordinates": [ [ -74.032268, 40.73574 ], [ -74.031869, 40.737062 ] ] } },
{ "type": "Feature", "properties": { "id": "11631924-22", "name": "Paterson Avenue", "class": "secondary", "is_priority": false }, "geometry": { "type": "LineString", "coordinates": [ [ -74.042629, 40.739146 ], [ -74.043283, 40.739796 ], [ -74.043544, 40.740104 ] ] } },
{ "type": "Feature", "properties": { "id": "11632042-23", "name": "Marshall Street", "class": "residential", "is_priority": false }, "geometry": { "type": "LineString", "coordinates": [ [ -74.042951, 40.739473 ], [ -74.042916, 40.739569 ] ] } },
{ "type": "Feature", "properties": { "id": "11632051-24", "name": "3rd Street", "class": "residential", "is_priority": false }, "geometry": { "type": "LineString", "coordinates": [ [ -74.035602, 40.740968 ], [ -74.033295, 40.74056 ] ] } },
{ "type": "Feature", "properties": { "id": "11632051-25", "name": "3rd Street", "class": "residential", "is_priority": false }, "geometry": { "type": "LineString", "coordinates": [ [ -74.033295, 40.74056 ], [ -74.030987, 40.740155 ] ] } },
{ "type": "Feature", "properties": { "id": "11632051-26", "name": "3rd Street", "class": "residential", "is_priority": false }, "geometry": { "type": "LineString", "coordinates": [ [ -74.030987, 40.740155 ], [ -74.030124, 40.739996 ] ] } },
{ "type": "Feature", "properties": { "id": "11632229-27", "name": "River Terrace", "class": "residential", "is_priority": false }, "geometry": { "type": "LineString", "coordinates": [ [ -74.027378, 40.741852 ], [ -74.026996, 40.743104 ] ] } },
{ "type": "Feature", "properties": { "id": "11632549-28", "name": "Louis DePascale Constitution Court", "class": "residential", "is_priority": false }, "geometry": { "type": "LineString", "coordinates": [ [ -74.023522, 40.751875 ], [ -74.024695, 40.752078 ] ] } },
{ "type": "Feature", "properties": { "id": "11632566-29", "name": "13th Street", "class": "residential", "is_priority": false }, "geometry": { "type": "LineString", "coordinates": [ [ -74.026361, 40.752372 ], [ -74.02867, 40.752776 ] ] } },
{ "type": "Feature", "properties": { "id": "11632566-30", "name": "13th Street", "class": "residential", "is_priority": false }, "geometry": { "type": "LineString", "coordinates": [ [ -74.02867, 40.752776 ], [ -74.029913, 40.753014 ] ] } },
{ "type": "Feature", "properties": { "id": "11632567-31", "name": "13th Street", "class": "residential", "is_priority": false }, "geometry": { "type": "LineString", "coordinates": [ [ -74.030025, 40.752668 ], [ -74.030988, 40.752841 ] ] } },
{ "type": "Feature", "properties": { "id": "11632624-32", "name": "18th Street", "class": "residential", "is_priority": false }, "geometry": { "type": "LineString", "coordinates": [ [ -74.031315, 40.75887 ], [ -74.031395, 40.758891 ] ] } },
{ "type": "Feature", "properties": { "id": "11632694-33", "name": "1st Street", "class": "tertiary", "is_priority": false }, "geometry": { "type": "LineString", "coordinates": [ [ -74.04306, 40.739585 ], [ -74.042916, 40.739569 ] ] } },
{ "type": "Feature", "properties": { "id": "11632708-34", "name": "Monroe Street", "class": "residential", "is_priority": false }, "geometry": { "type": "LineString", "coordinates": [ [ -74.036758, 40.750039 ], [ -74.037299, 40.748285 ] ] } },
{ "type": "Feature", "properties": { "id": "11632708-35", "name": "Monroe Street", "class": "residential", "is_priority": false }, "geometry": { "type": "LineString", "coordinates": [ [ -74.037299, 40.748285 ], [ -74.037506, 40.747647 ], [ -74.037834, 40.74653 ] ] } },
{ "type": "Feature", "properties": { "id": "11632708-36", "name": "Monroe Street", "class": "residential", "is_priority": false }, "geometry": { "type": "LineString", "coordinates": [ [ -74.037834, 40.74653 ], [ -74.038271, 40.745105 ] ] } },
{ "type": "Feature", "properties": { "id": "11632929-37", "name": "Willow Court North", "class": "residential", "is_priority": false }, "geometry": { "type": "LineString", "coordinates": [ [ -74.033327, 40.745164 ], [ -74.032405, 40.745009 ] ] } },
{ "type": "Feature", "properties": { "id": "11633030-38", "name": "Willow Court South", "class": "residential", "is_priority": false }, "geometry": { "type": "LineString", "coordinates": [ [ -74.032521, 40.744636 ], [ -74.03344, 40.744797 ] ] } },
{ "type": "Feature", "properties": { "id": "11633156-39", "name": "Grand Street", "class": "residential", "is_priority": false }, "geometry": { "type": "LineString", "coordinates": [ [ -74.032981, 40.749531 ], [ -74.032593, 40.750799 ] ] } },
{ "type": "Feature", "properties": { "id": "11633157-40", "name": "Grand Street", "class": "residential", "is_priority": false }, "geometry": { "type": "LineString", "coordinates": [ [ -74.033386, 40.748254 ], [ -74.033768, 40.746986 ] ] } },
{ "type": "Feature", "properties": { "id": "11633252-41", "name": "16th Street", "class": "residential", "is_priority": false }, "geometry": { "type": "LineString", "coordinates": [ [ -74.033666, 40.757102 ], [ -74.032709, 40.756938 ] ] } },
{ "type": "Feature", "properties": { "id": "11633304-42", "name": "Grove Street", "class": "tertiary", "is_priority": false }, "geometry": { "type": "LineString", "coordinates": [ [ -74.040475, 40.736652 ], [ -74.040416, 40.73638 ] ] } },
{ "type": "Feature", "properties": { "id": "11633447-43", "name": "Harrison Street", "class": "residential", "is_priority": false }, "geometry": { "type": "LineString", "coordinates": [ [ -74.040802, 40.743229 ], [ -74.04134, 40.741475 ] ] } },
{ "type": "Feature", "properties": { "id": "11633447-44", "name": "Harrison Street", "class": "residential", "is_priority": false }, "geometry": { "type": "LineString", "coordinates": [ [ -74.04134, 40.741475 ], [ -74.041582, 40.740681 ] ] } },
{ "type": "Feature", "properties": { "id": "11633491-45", "name": "Marshall Drive", "class": "residential", "is_priority": false }, "geometry": { "type": "LineString", "coordinates": [ [ -74.040802, 40.743229 ], [ -74.041292, 40.743327 ], [ -74.041352, 40.743365 ], [ -74.041091, 40.744312 ] ] } },
{ "type": "Feature", "properties": { "id": "11633522-46", "name": "Jefferson Street", "class": "residential", "is_priority": false }, "geometry": { "type": "LineString", "coordinates": [ [ -74.032709, 40.756938 ], [ -74.033079, 40.755708 ] ] } },
{ "type": "Feature", "properties": { "id": "11633695-47", "name": "Garden Street", "class": "residential", "is_priority": false }, "geometry": { "type": "LineString", "coordinates": [ [ -74.027459, 40.754736 ], [ -74.02772, 40.753935 ] ] } },
{ "type": "Feature", "properties": { "id": "11633843-48", "name": "River Terrace", "class": "residential", "is_priority": false }, "geometry": { "type": "LineString", "coordinates": [ [ -74.026996, 40.743104 ], [ -74.026812, 40.743721 ] ] } },
{ "type": "Feature", "properties": { "id": "11633844-49", "name": "River Street", "class": "tertiary", "is_priority": false }, "geometry": { "type": "LineString", "coordinates": [ [ -74.029185, 40.735903 ], [ -74.029095, 40.736218 ] ] } },
{ "type": "Feature", "properties": { "id": "11633868-50", "name": "5th Street", "class": "residential", "is_priority": false }, "geometry": { "type": "LineString", "coordinates": [ [ -74.041091, 40.744312 ], [ -74.040628, 40.744229 ], [ -74.040113, 40.74409 ], [ -74.038803, 40.743855 ] ] } },
{ "type": "Feature", "properties": { "id": "11633868-51", "name": "5th Street", "class": "residential", "is_priority": false }, "geometry": { "type": "LineString", "coordinates": [ [ -74.038803, 40.743855 ], [ -74.036494, 40.743454 ] ] } },
{ "type": "Feature", "properties": { "id": "11633868-52", "name": "5th Street", "class": "residential", "is_priority": false }, "geometry": { "type": "LineString", "coordinates": [ [ -74.036494, 40.743454 ], [ -74.034925, 40.743173 ] ] } },
{ "type": "Feature", "properties": { "id": "11633899-53", "name": "Sinatra Drive", "class": "residential", "is_priority": false }, "geometry": { "type": "LineString", "coordinates": [ [ -74.027974, 40.736365 ], [ -74.027449, 40.738122 ] ] } },
{ "type": "Feature", "properties": { "id": "11633899-54", "name": "Sinatra Drive", "class": "residential", "is_priority": false }, "geometry": { "type": "LineString", "coordinates": [ [ -74.027449, 40.738122 ], [ -74.027054, 40.739469 ] ] } },
{ "type": "Feature", "properties": { "id": "11633902-55", "name": "Sinatra Drive", "class": "tertiary", "is_priority": false }, "geometry": { "type": "LineString", "coordinates": [ [ -74.026456, 40.74149 ], [ -74.026171, 40.74213 ], [ -74.025964, 40.742526 ] ] } },
{ "type": "Feature", "properties": { "id": "11633947-56", "name": "Castle Point Terrace", "class": "residential", "is_priority": false }, "geometry": { "type": "LineString", "coordinates": [ [ -74.026189, 40.745592 ], [ -74.025789, 40.746915 ] ] } },
{ "type": "Feature", "properties": { "id": "11634067-57", "name": "Park Avenue", "class": "residential", "is_priority": false }, "geometry": { "type": "LineString", "coordinates": [ [ -74.034135, 40.736068 ], [ -74.033618, 40.737826 ] ] } },
{ "type": "Feature", "properties": { "id": "11634067-58", "name": "Park Avenue", "class": "residential", "is_priority": false }, "geometry": { "type": "LineString", "coordinates": [ [ -74.033618, 40.737826 ], [ -74.033075, 40.739579 ] ] } },
{ "type": "Feature", "properties": { "id": "11634067-59", "name": "Park Avenue", "class": "residential", "is_priority": false }, "geometry": { "type": "LineString", "coordinates": [ [ -74.033075, 40.739579 ], [ -74.032541, 40.741335 ] ] } },
{ "type": "Feature", "properties": { "id": "11634067-60", "name": "Park Avenue", "class": "residential", "is_priority": false }, "geometry": { "type": "LineString", "coordinates": [ [ -74.032541, 40.741335 ], [ -74.032418, 40.741745 ] ] } },
{ "type": "Feature", "properties": { "id": "11634112-61", "name": "Adams Street", "class": "residential", "is_priority": false }, "geometry": { "type": "LineString", "coordinates": [ [ -74.037744, 40.737089 ], [ -74.037732, 40.737178 ], [ -74.037305, 40.738591 ] ] } },
{ "type": "Feature", "properties": { "id": "11634197-62", "name": "15th Street", "class": "tertiary", "is_priority": false }, "geometry": { "type": "LineString", "coordinates": [ [ -74.028427, 40.754925 ], [ -74.028932, 40.755014 ] ] } },
{ "type": "Feature", "properties": { "id": "11634214-63", "name": "11th Street", "class": "tertiary", "is_priority": false }, "geometry": { "type": "LineString", "coordinates": [ [ -74.029816, 40.750307 ], [ -74.028008, 40.750011 ], [ -74.027865, 40.749963 ], [ -74.02751, 40.749904 ] ] } },
{ "type": "Feature", "properties": { "id": "11634214-64", "name": "11th Street", "class": "tertiary", "is_priority": false }, "geometry": { "type": "LineString", "coordinates": [ [ -74.02751, 40.749904 ], [ -74.027132, 40.749842 ] ] } },
{ "type": "Feature", "properties": { "id": "11634262-65", "name": "Washington Street", "class": "secondary", "is_priority": false }, "geometry": { "type": "LineString", "coordinates": [ [ -74.031364, 40.735911 ], [ -74.031163, 40.736574 ] ] } },
{ "type": "Feature", "properties": { "id": "26443818-66", "name": "12th Street", "class": "residential", "is_priority": false }, "geometry": { "type": "LineString", "coordinates": [ [ -74.035083, 40.7523 ], [ -74.036029, 40.75246 ] ] } },
{ "type": "Feature", "properties": { "id": "26443819-67", "name": "Hudson Street", "class": "tertiary", "is_priority": false }, "geometry": { "type": "LineString", "coordinates": [ [ -74.02501, 40.753045 ], [ -74.025256, 40.752165 ] ] } },
{ "type": "Feature", "properties": { "id": "26444696-68", "name": "Park Avenue", "class": "secondary", "is_priority": false }, "geometry": { "type": "LineString", "coordinates": [ [ -74.027809, 40.756798 ], [ -74.027713, 40.757113 ] ] } },
{ "type": "Feature", "properties": { "id": "26444698-69", "name": "Willow Avenue", "class": "secondary", "is_priority": false }, "geometry": { "type": "LineString", "coordinates": [ [ -74.031515, 40.74793 ], [ -74.032045, 40.746174 ] ] } },
{ "type": "Feature", "properties": { "id": "26444698-70", "name": "Willow Avenue", "class": "secondary", "is_priority": false }, "geometry": { "type": "LineString", "coordinates": [ [ -74.032045, 40.746174 ], [ -74.032587, 40.744421 ] ] } },
{ "type": "Feature", "properties": { "id": "26444698-71", "name": "Willow Avenue", "class": "secondary", "is_priority": false }, "geometry": { "type": "LineString", "coordinates": [ [ -74.032587, 40.744421 ], [ -74.033126, 40.742666 ] ] } },
{ "type": "Feature", "properties": { "id": "26444698-72", "name": "Willow Avenue", "class": "secondary", "is_priority": false }, "geometry": { "type": "LineString", "coordinates": [ [ -74.033126, 40.742666 ], [ -74.033655, 40.74091 ] ] } },
{ "type": "Feature", "properties": { "id": "26444698-73", "name": "Willow Avenue", "class": "secondary", "is_priority": false }, "geometry": { "type": "LineString", "coordinates": [ [ -74.033655, 40.74091 ], [ -74.034187, 40.739155 ] ] } },
{ "type": "Feature", "properties": { "id": "26444698-74", "name": "Willow Avenue", "class": "secondary", "is_priority": false }, "geometry": { "type": "LineString", "coordinates": [ [ -74.034187, 40.739155 ], [ -74.034515, 40.738086 ] ] } },
{ "type": "Feature", "properties": { "id": "26444699-75", "name": "11th Street", "class": "residential", "is_priority": false }, "geometry": { "type": "LineString", "coordinates": [ [ -74.030702, 40.750511 ], [ -74.030836, 40.750483 ], [ -74.032593, 40.750799 ] ] } },
{ "type": "Feature", "properties": { "id": "26444700-76", "name": "Hudson Street", "class": "tertiary", "is_priority": false }, "geometry": { "type": "LineString", "coordinates": [ [ -74.026129, 40.749305 ], [ -74.02643, 40.748367 ] ] } },
{ "type": "Feature", "properties": { "id": "26444701-77", "name": "4th Street", "class": "tertiary", "is_priority": false }, "geometry": { "type": "LineString", "coordinates": [ [ -74.027644, 40.740906 ], [ -74.028656, 40.741084 ] ] } },
{ "type": "Feature", "properties": { "id": "26444709-78", "name": "Newark Street", "class": "tertiary", "is_priority": false }, "geometry": { "type": "LineString", "coordinates": [ [ -74.028994, 40.736556 ], [ -74.029532, 40.73664 ] ] } },
{ "type": "Feature", "properties": { "id": "26444714-79", "name": "Hudson Place", "class": "tertiary", "is_priority": false }, "geometry": { "type": "LineString", "coordinates": [ [ -74.030171, 40.736038 ], [ -74.029329, 40.735897 ], [ -74.029185, 40.735903 ] ] } },
{ "type": "Feature", "properties": { "id": "26446380-80", "name": "Grand Street", "class": "residential", "is_priority": false }, "geometry": { "type": "LineString", "coordinates": [ [ -74.030491, 40.757658 ], [ -74.030817, 40.756614 ] ] } },
{ "type": "Feature", "properties": { "id": "26446601-81", "name": "Madison Street", "class": "tertiary", "is_priority": false }, "geometry": { "type": "LineString", "coordinates": [ [ -74.035454, 40.751096 ], [ -74.035083, 40.7523 ] ] } },
{ "type": "Feature", "properties": { "id": "26446602-82", "name": "Jefferson Street", "class": "tertiary", "is_priority": false }, "geometry": { "type": "LineString", "coordinates": [ [ -74.033079, 40.755708 ], [ -74.033607, 40.753952 ] ] } },
{ "type": "Feature", "properties": { "id": "26446602-83", "name": "Jefferson Street", "class": "tertiary", "is_priority": false }, "geometry": { "type": "LineString", "coordinates": [ [ -74.033607, 40.753952 ], [ -74.033778, 40.753341 ] ] } },
{ "type": "Feature", "properties": { "id": "26738579-84", "name": "Jackson Street", "class": "residential", "is_priority": false }, "geometry": { "type": "LineString", "coordinates": [ [ -74.03842, 40.747813 ], [ -74.038067, 40.748957 ], [ -74.038024, 40.748989 ] ] } },
{ "type": "Feature", "properties": { "id": "26738582-85", "name": "15th Street", "class": "residential", "is_priority": false }, "geometry": { "type": "LineString", "coordinates": [ [ -74.027459, 40.754736 ], [ -74.025874, 40.754431 ] ] } },
{ "type": "Feature", "properties": { "id": "26738583-86", "name": "Hudson Street", "class": "residential", "is_priority": false }, "geometry": { "type": "LineString", "coordinates": [ [ -74.02501, 40.753045 ], [ -74.024651, 40.754204 ] ] } },
{ "type": "Feature", "properties": { "id": "26740284-87", "name": "11th Street", "class": "unclassified", "is_priority": false }, "geometry": { "type": "LineString", "coordinates": [ [ -74.023967, 40.749391 ], [ -74.025749, 40.749707 ] ] } },
{ "type": "Feature", "properties": { "id": "26741404-88", "name": "", "class": "residential", "is_priority": false }, "geometry": { "type": "LineString", "coordinates": [ [ -74.042453, 40.741056 ], [ -74.042399, 40.741206 ] ] } },
{ "type": "Feature", "properties": { "id": "26741404-89", "name": "", "class": "residential", "is_priority": false }, "geometry": { "type": "LineString", "coordinates": [ [ -74.042311, 40.74147 ], [ -74.042265, 40.741655 ], [ -74.042292, 40.741717 ], [ -74.042338, 40.741749 ] ] } },
{ "type": "Feature", "properties": { "id": "26741407-90", "name": "Marshall Drive", "class": "residential", "is_priority": false }, "geometry": { "type": "LineString", "coordinates": [ [ -74.040526, 40.745504 ], [ -74.040588, 40.745501 ], [ -74.04066, 40.745458 ], [ -74.041009, 40.745077 ], [ -74.041291, 40.744686 ], [ -74.041336, 40.744356 ], [ -74.041091, 40.744312 ] ] } },
{ "type": "Feature", "properties": { "id": "26741484-91", "name": "Marin Boulevard", "class": "secondary", "is_priority": false }, "geometry": { "type": "LineString", "coordinates": [ [ -74.038652, 40.736564 ], [ -74.038714, 40.736262 ] ] } },
{ "type": "Feature", "properties": { "id": "26741485-92", "name": "Observer Highway", "class": "secondary", "is_priority": false }, "geometry": { "type": "LineString", "coordinates": [ [ -74.034135, 40.736068 ], [ -74.032868, 40.735845 ] ] } },
{ "type": "Feature", "properties": { "id": "26743473-93", "name": "8th Street", "class": "residential", "is_priority": false }, "geometry": { "type": "LineString", "coordinates": [ [ -74.038917, 40.74789 ], [ -74.038867, 40.747892 ], [ -74.03842, 40.747813 ] ] } },
{ "type": "Feature", "properties": { "id": "26743474-94", "name": "Harrison Street", "class": "residential", "is_priority": false }, "geometry": { "type": "LineString", "coordinates": [ [ -74.040129, 40.745433 ], [ -74.039886, 40.746248 ] ] } },
{ "type": "Feature", "properties": { "id": "26744890-95", "name": "Jefferson Street", "class": "tertiary", "is_priority": false }, "geometry": { "type": "LineString", "coordinates": [ [ -74.036007, 40.746038 ], [ -74.036551, 40.744285 ] ] } },
{ "type": "Feature", "properties": { "id": "26744890-96", "name": "Jefferson Street", "class": "tertiary", "is_priority": false }, "geometry": { "type": "LineString", "coordinates": [ [ -74.036551, 40.744285 ], [ -74.037075, 40.742528 ] ] } },
{ "type": "Feature", "properties": { "id": "26744890-97", "name": "Jefferson Street", "class": "tertiary", "is_priority": false }, "geometry": { "type": "LineString", "coordinates": [ [ -74.037075, 40.742528 ], [ -74.037625, 40.740775 ] ] } },
{ "type": "Feature", "properties": { "id": "26744890-98", "name": "Jefferson Street", "class": "tertiary", "is_priority": false }, "geometry": { "type": "LineString", "coordinates": [ [ -74.037625, 40.740775 ], [ -74.03815, 40.739019 ] ] } },
{ "type": "Feature", "properties": { "id": "26744890-99", "name": "Jefferson Street", "class": "tertiary", "is_priority": false }, "geometry": { "type": "LineString", "coordinates": [ [ -74.03815, 40.739019 ], [ -74.038685, 40.737264 ] ] } },
{ "type": "Feature", "properties": { "id": "26744890-100", "name": "Jefferson Street", "class": "tertiary", "is_priority": false }, "geometry": { "type": "LineString", "coordinates": [ [ -74.038685, 40.737264 ], [ -74.038787, 40.736938 ] ] } },
{ "type": "Feature", "properties": { "id": "26745009-101", "name": "Willow Avenue", "class": "secondary", "is_priority": false }, "geometry": { "type": "LineString", "coordinates": [ [ -74.028497, 40.757606 ], [ -74.028404, 40.757916 ] ] } },
{ "type": "Feature", "properties": { "id": "26745012-102", "name": "Park Avenue", "class": "secondary", "is_priority": false }, "geometry": { "type": "LineString", "coordinates": [ [ -74.027809, 40.756798 ], [ -74.027929, 40.756419 ], [ -74.028047, 40.756127 ] ] } },
{ "type": "Feature", "properties": { "id": "26770111-103", "name": "14th Street", "class": "secondary", "is_priority": false }, "geometry": { "type": "LineString", "coordinates": [ [ -74.029629, 40.753911 ], [ -74.030696, 40.754114 ] ] } },
{ "type": "Feature", "properties": { "id": "26783326-104", "name": "Sinatra Drive North", "class": "residential", "is_priority": false }, "geometry": { "type": "LineString", "coordinates": [ [ -74.024153, 40.753816 ], [ -74.02341, 40.753679 ], [ -74.023342, 40.753656 ], [ -74.023287, 40.753615 ], [ -74.023262, 40.753557 ], [ -74.023272, 40.753496 ], [ -74.023498, 40.752792 ] ] } },
{ "type": "Feature", "properties": { "id": "26783335-105", "name": "Bernard McFeeley Shipyard Lane", "class": "residential", "is_priority": false }, "geometry": { "type": "LineString", "coordinates": [ [ -74.024153, 40.753816 ], [ -74.024075, 40.754055 ], [ -74.024107, 40.754106 ] ] } },
{ "type": "Feature", "properties": { "id": "27030038-106", "name": "14th Street", "class": "tertiary", "is_priority": false }, "geometry": { "type": "LineString", "coordinates": [ [ -74.02501, 40.753045 ], [ -74.026083, 40.753234 ] ] } },
{ "type": "Feature", "properties": { "id": "27038574-107", "name": "7th Street", "class": "residential", "is_priority": false }, "geometry": { "type": "LineString", "coordinates": [ [ -74.033218, 40.745546 ], [ -74.03091, 40.74514 ] ] } },
{ "type": "Feature", "properties": { "id": "27038574-108", "name": "7th Street", "class": "residential", "is_priority": false }, "geometry": { "type": "LineString", "coordinates": [ [ -74.03091, 40.74514 ], [ -74.028685, 40.74476 ] ] } },
{ "type": "Feature", "properties": { "id": "27038575-109", "name": "Harrison Street", "class": "residential", "is_priority": false }, "geometry": { "type": "LineString", "coordinates": [ [ -74.039886, 40.746248 ], [ -74.039646, 40.74672 ] ] } },
{ "type": "Feature", "properties": { "id": "27038576-110", "name": "Harrison Street", "class": "residential", "is_priority": false }, "geometry": { "type": "LineString", "coordinates": [ [ -74.039646, 40.74672 ], [ -74.039645, 40.746758 ], [ -74.039336, 40.747248 ], [ -74.038991, 40.74785 ], [ -74.038917, 40.74789 ] ] } },
{ "type": "Feature", "properties": { "id": "27074988-111", "name": "Maxwell Lane", "class": "residential", "is_priority": false }, "geometry": { "type": "LineString", "coordinates": [ [ -74.025046, 40.74958 ], [ -74.024957, 40.749919 ], [ -74.024972, 40.749993 ], [ -74.025182, 40.750362 ], [ -74.025193, 40.750459 ], [ -74.025083, 40.750813 ] ] } },
{ "type": "Feature", "properties": { "id": "27074993-112", "name": "12th Street", "class": "residential", "is_priority": false }, "geometry": { "type": "LineString", "coordinates": [ [ -74.02564, 40.750913 ], [ -74.023916, 40.750598 ] ] } },
{ "type": "Feature", "properties": { "id": "27076137-113", "name": "5th Street", "class": "residential", "is_priority": false }, "geometry": { "type": "LineString", "coordinates": [ [ -74.03398, 40.743014 ], [ -74.03307, 40.74285 ] ] } },
{ "type": "Feature", "properties": { "id": "27479720-114", "name": "Clinton Street", "class": "residential", "is_priority": false }, "geometry": { "type": "LineString", "coordinates": [ [ -74.029883, 40.756454 ], [ -74.029577, 40.757497 ] ] } },
{ "type": "Feature", "properties": { "id": "27479721-115", "name": "Grand Street", "class": "residential", "is_priority": false }, "geometry": { "type": "LineString", "coordinates": [ [ -74.030817, 40.756614 ], [ -74.031186, 40.755393 ] ] } },
{ "type": "Feature", "properties": { "id": "27479722-116", "name": "16th Street", "class": "residential", "is_priority": false }, "geometry": { "type": "LineString", "coordinates": [ [ -74.032709, 40.756938 ], [ -74.030398, 40.756542 ] ] } },
{ "type": "Feature", "properties": { "id": "27479722-117", "name": "16th Street", "class": "residential", "is_priority": false }, "geometry": { "type": "LineString", "coordinates": [ [ -74.030398, 40.756542 ], [ -74.029883, 40.756454 ] ] } },
{ "type": "Feature", "properties": { "id": "27523411-118", "name": "Newark Street", "class": "secondary", "is_priority": false }, "geometry": { "type": "LineString", "coordinates": [ [ -74.042833, 40.736303 ], [ -74.04231, 40.736362 ] ] } },
{ "type": "Feature", "properties": { "id": "27523592-119", "name": "Willow Avenue", "class": "secondary", "is_priority": false }, "geometry": { "type": "LineString", "coordinates": [ [ -74.029442, 40.754496 ], [ -74.029629, 40.753911 ] ] } },
{ "type": "Feature", "properties": { "id": "27523621-120", "name": "Garden Street", "class": "residential", "is_priority": false }, "geometry": { "type": "LineString", "coordinates": [ [ -74.027838, 40.753549 ], [ -74.028378, 40.751795 ] ] } },
{ "type": "Feature", "properties": { "id": "27523621-121", "name": "Garden Street", "class": "residential", "is_priority": false }, "geometry": { "type": "LineString", "coordinates": [ [ -74.028378, 40.751795 ], [ -74.028917, 40.750041 ] ] } },
{ "type": "Feature", "properties": { "id": "27523621-122", "name": "Garden Street", "class": "residential", "is_priority": false }, "geometry": { "type": "LineString", "coordinates": [ [ -74.028917, 40.750041 ], [ -74.029442, 40.748284 ] ] } },
{ "type": "Feature", "properties": { "id": "27523621-123", "name": "Garden Street", "class": "residential", "is_priority": false }, "geometry": { "type": "LineString", "coordinates": [ [ -74.029442, 40.748284 ], [ -74.029535, 40.747969 ] ] } },
{ "type": "Feature", "properties": { "id": "27523629-124", "name": "15th Street", "class": "tertiary", "is_priority": false }, "geometry": { "type": "LineString", "coordinates": [ [ -74.032129, 40.755556 ], [ -74.029817, 40.755164 ] ] } },
{ "type": "Feature", "properties": { "id": "27523629-125", "name": "15th Street", "class": "tertiary", "is_priority": false }, "geometry": { "type": "LineString", "coordinates": [ [ -74.029817, 40.755164 ], [ -74.029272, 40.755076 ] ] } },
{ "type": "Feature", "properties": { "id": "27523630-126", "name": "16th Street", "class": "unclassified", "is_priority": false }, "geometry": { "type": "LineString", "coordinates": [ [ -74.028901, 40.756276 ], [ -74.028047, 40.756127 ] ] } },
{ "type": "Feature", "properties": { "id": "27552450-127", "name": "Adams Street", "class": "residential", "is_priority": false }, "geometry": { "type": "LineString", "coordinates": [ [ -74.033529, 40.750971 ], [ -74.033241, 40.751978 ] ] } },
{ "type": "Feature", "properties": { "id": "46690195-128", "name": "Observer Highway", "class": "tertiary", "is_priority": false }, "geometry": { "type": "LineString", "coordinates": [ [ -74.040863, 40.737283 ], [ -74.041588, 40.737429 ] ] } },
{ "type": "Feature", "properties": { "id": "46690196-129", "name": "Madison Street", "class": "tertiary", "is_priority": false }, "geometry": { "type": "LineString", "coordinates": [ [ -74.039729, 40.737086 ], [ -74.039189, 40.73884 ] ] } },
{ "type": "Feature", "properties": { "id": "46690196-130", "name": "Madison Street", "class": "tertiary", "is_priority": false }, "geometry": { "type": "LineString", "coordinates": [ [ -74.039189, 40.73884 ], [ -74.038785, 40.740184 ] ] } },
{ "type": "Feature", "properties": { "id": "47345095-131", "name": "5th Street", "class": "unclassified", "is_priority": false }, "geometry": { "type": "LineString", "coordinates": [ [ -74.03307, 40.74285 ], [ -74.030763, 40.74244 ] ] } },
{ "type": "Feature", "properties": { "id": "47345095-132", "name": "5th Street", "class": "unclassified", "is_priority": false }, "geometry": { "type": "LineString", "coordinates": [ [ -74.030763, 40.74244 ], [ -74.028458, 40.742027 ] ] } },
{ "type": "Feature", "properties": { "id": "47345095-133", "name": "5th Street", "class": "unclassified", "is_priority": false }, "geometry": { "type": "LineString", "coordinates": [ [ -74.028458, 40.742027 ], [ -74.028362, 40.74201 ] ] } },
{ "type": "Feature", "properties": { "id": "47345096-134", "name": "5th Street", "class": "residential", "is_priority": false }, "geometry": { "type": "LineString", "coordinates": [ [ -74.028362, 40.74201 ], [ -74.026601, 40.741725 ], [ -74.026536, 40.741754 ], [ -74.026415, 40.742115 ] ] } },
{ "type": "Feature", "properties": { "id": "47345096-135", "name": "5th Street", "class": "residential", "is_priority": false }, "geometry": { "type": "LineString", "coordinates": [ [ -74.026415, 40.742115 ], [ -74.026229, 40.742358 ], [ -74.026142, 40.742373 ], [ -74.026054, 40.742353 ] ] } },
{ "type": "Feature", "properties": { "id": "47345097-136", "name": "4th Street", "class": "tertiary", "is_priority": false }, "geometry": { "type": "LineString", "coordinates": [ [ -74.033351, 40.741911 ], [ -74.034189, 40.742055 ], [ -74.03428, 40.742084 ] ] } },
{ "type": "Feature", "properties": { "id": "47345098-137", "name": "4th Street", "class": "tertiary", "is_priority": false }, "geometry": { "type": "LineString", "coordinates": [ [ -74.028656, 40.741084 ], [ -74.030549, 40.741415 ] ] } },
{ "type": "Feature", "properties": { "id": "59582313-138", "name": "11th Street", "class": "residential", "is_priority": false }, "geometry": { "type": "LineString", "coordinates": [ [ -74.025075, 40.749484 ], [ -74.023991, 40.749296 ] ] } },
{ "type": "Feature", "properties": { "id": "60356195-139", "name": "1st Street", "class": "tertiary", "is_priority": false }, "geometry": { "type": "LineString", "coordinates": [ [ -74.029797, 40.737269 ], [ -74.028827, 40.737102 ] ] } },
{ "type": "Feature", "properties": { "id": "60419743-140", "name": "1st Street", "class": "unclassified", "is_priority": false }, "geometry": { "type": "LineString", "coordinates": [ [ -74.028827, 40.737102 ], [ -74.027811, 40.736924 ] ] } },
{ "type": "Feature", "properties": { "id": "60419748-141", "name": "16th Street", "class": "unclassified", "is_priority": false }, "geometry": { "type": "LineString", "coordinates": [ [ -74.029883, 40.756454 ], [ -74.028901, 40.756276 ] ] } },
{ "type": "Feature", "properties": { "id": "60419760-142", "name": "Jackson Street", "class": "residential", "is_priority": false }, "geometry": { "type": "LineString", "coordinates": [ [ -74.039865, 40.743058 ], [ -74.039336, 40.744814 ] ] } },
{ "type": "Feature", "properties": { "id": "60419760-143", "name": "Jackson Street", "class": "residential", "is_priority": false }, "geometry": { "type": "LineString", "coordinates": [ [ -74.039336, 40.744814 ], [ -74.039196, 40.745269 ] ] } },
{ "type": "Feature", "properties": { "id": "60419762-144", "name": "4th Street", "class": "residential", "is_priority": false }, "geometry": { "type": "LineString", "coordinates": [ [ -74.039865, 40.743058 ], [ -74.040802, 40.743229 ] ] } },
{ "type": "Feature", "properties": { "id": "60419777-145", "name": "Monroe Street", "class": "tertiary", "is_priority": false }, "geometry": { "type": "LineString", "coordinates": [ [ -74.038937, 40.7429 ], [ -74.039478, 40.741146 ] ] } },
{ "type": "Feature", "properties": { "id": "60419777-146", "name": "Monroe Street", "class": "tertiary", "is_priority": false }, "geometry": { "type": "LineString", "coordinates": [ [ -74.039478, 40.741146 ], [ -74.040011, 40.73939 ] ] } },
{ "type": "Feature", "properties": { "id": "60419777-147", "name": "Monroe Street", "class": "tertiary", "is_priority": false }, "geometry": { "type": "LineString", "coordinates": [ [ -74.040011, 40.73939 ], [ -74.040549, 40.737636 ] ] } },
{ "type": "Feature", "properties": { "id": "60419777-148", "name": "Monroe Street", "class": "tertiary", "is_priority": false }, "geometry": { "type": "LineString", "coordinates": [ [ -74.040549, 40.737636 ], [ -74.040663, 40.737252 ] ] } },
{ "type": "Feature", "properties": { "id": "60419778-149", "name": "12th Street", "class": "tertiary", "is_priority": false }, "geometry": { "type": "LineString", "coordinates": [ [ -74.034061, 40.752122 ], [ -74.033241, 40.751978 ] ] } },
{ "type": "Feature", "properties": { "id": "60419782-150", "name": "Bloomfield Street", "class": "residential", "is_priority": false }, "geometry": { "type": "LineString", "coordinates": [ [ -74.026898, 40.753381 ], [ -74.02653, 40.754557 ] ] } },
{ "type": "Feature", "properties": { "id": "60419793-151", "name": "Adams Street", "class": "tertiary", "is_priority": false }, "geometry": { "type": "LineString", "coordinates": [ [ -74.032865, 40.753174 ], [ -74.032455, 40.754527 ] ] } },
{ "type": "Feature", "properties": { "id": "60419794-152", "name": "Washington Street", "class": "residential", "is_priority": false }, "geometry": { "type": "LineString", "coordinates": [ [ -74.026083, 40.753234 ], [ -74.025732, 40.754404 ] ] } },
{ "type": "Feature", "properties": { "id": "60421283-153", "name": "Park Avenue", "class": "residential", "is_priority": false }, "geometry": { "type": "LineString", "coordinates": [ [ -74.030576, 40.747762 ], [ -74.030054, 40.749519 ] ] } },
{ "type": "Feature", "properties": { "id": "60421283-154", "name": "Park Avenue", "class": "residential", "is_priority": false }, "geometry": { "type": "LineString", "coordinates": [ [ -74.030054, 40.749519 ], [ -74.029816, 40.750307 ] ] } },
{ "type": "Feature", "properties": { "id": "60428207-155", "name": "14th Street", "class": "secondary", "is_priority": false }, "geometry": { "type": "LineString", "coordinates": [ [ -74.026413, 40.753294 ], [ -74.028187, 40.753612 ] ] } },
{ "type": "Feature", "properties": { "id": "60428208-156", "name": "Park Avenue", "class": "tertiary", "is_priority": false }, "geometry": { "type": "LineString", "coordinates": [ [ -74.029816, 40.750307 ], [ -74.029284, 40.752062 ] ] } },
{ "type": "Feature", "properties": { "id": "60428208-157", "name": "Park Avenue", "class": "tertiary", "is_priority": false }, "geometry": { "type": "LineString", "coordinates": [ [ -74.029284, 40.752062 ], [ -74.028882, 40.753372 ] ] } },
{ "type": "Feature", "properties": { "id": "60428619-158", "name": "Newark Street", "class": "secondary", "is_priority": false }, "geometry": { "type": "LineString", "coordinates": [ [ -74.031057, 40.736925 ], [ -74.031869, 40.737062 ] ] } },
{ "type": "Feature", "properties": { "id": "60428620-159", "name": "Observer Highway", "class": "tertiary", "is_priority": false }, "geometry": { "type": "LineString", "coordinates": [ [ -74.031145, 40.73555 ], [ -74.030458, 40.735451 ], [ -74.030367, 40.735461 ] ] } },
{ "type": "Feature", "properties": { "id": "96041496-160", "name": "Sinatra Drive North", "class": "residential", "is_priority": false }, "geometry": { "type": "LineString", "coordinates": [ [ -74.023498, 40.752792 ], [ -74.023572, 40.752505 ], [ -74.023554, 40.752447 ], [ -74.023427, 40.752282 ], [ -74.023414, 40.752234 ], [ -74.023429, 40.752148 ] ] } },
{ "type": "Feature", "properties": { "id": "96041504-161", "name": "Hudson Street", "class": "tertiary", "is_priority": false }, "geometry": { "type": "LineString", "coordinates": [ [ -74.025995, 40.749751 ], [ -74.026029, 40.749645 ] ] } },
{ "type": "Feature", "properties": { "id": "156898650-162", "name": "2nd Street", "class": "residential", "is_priority": false }, "geometry": { "type": "LineString", "coordinates": [ [ -74.027429, 40.738187 ], [ -74.028449, 40.738365 ] ] } },
{ "type": "Feature", "properties": { "id": "173623354-163", "name": "11th Street", "class": "tertiary", "is_priority": false }, "geometry": { "type": "LineString", "coordinates": [ [ -74.025995, 40.749751 ], [ -74.027099, 40.749946 ] ] } },
{ "type": "Feature", "properties": { "id": "222857228-164", "name": "Jackson Street", "class": "tertiary", "is_priority": false }, "geometry": { "type": "LineString", "coordinates": [ [ -74.041445, 40.737899 ], [ -74.041045, 40.739244 ] ] } },
{ "type": "Feature", "properties": { "id": "222857275-165", "name": "Newark Street", "class": "secondary", "is_priority": false }, "geometry": { "type": "LineString", "coordinates": [ [ -74.040475, 40.736652 ], [ -74.041847, 40.736432 ] ] } },
{ "type": "Feature", "properties": { "id": "222857276-166", "name": "Observer Highway", "class": "secondary", "is_priority": false }, "geometry": { "type": "LineString", "coordinates": [ [ -74.039729, 40.737086 ], [ -74.038948, 40.736945 ], [ -74.038787, 40.736938 ] ] } },
{ "type": "Feature", "properties": { "id": "222857301-167", "name": "Washington Street", "class": "secondary", "is_priority": false }, "geometry": { "type": "LineString", "coordinates": [ [ -74.031057, 40.736925 ], [ -74.030899, 40.737447 ] ] } },
{ "type": "Feature", "properties": { "id": "222857305-168", "name": "Willow Avenue", "class": "secondary", "is_priority": false }, "geometry": { "type": "LineString", "coordinates": [ [ -74.034684, 40.737548 ], [ -74.034944, 40.736694 ] ] } },
{ "type": "Feature", "properties": { "id": "222857308-169", "name": "14th Street", "class": "secondary", "is_priority": false }, "geometry": { "type": "LineString", "coordinates": [ [ -74.028782, 40.753725 ], [ -74.029629, 40.753911 ] ] } },
{ "type": "Feature", "properties": { "id": "232065119-170", "name": "7th Street", "class": "residential", "is_priority": false }, "geometry": { "type": "LineString", "coordinates": [ [ -74.038805, 40.746538 ], [ -74.039556, 40.746674 ], [ -74.039646, 40.74672 ] ] } },
{ "type": "Feature", "properties": { "id": "276657750-171", "name": "Willow Avenue", "class": "secondary", "is_priority": false }, "geometry": { "type": "LineString", "coordinates": [ [ -74.030025, 40.752668 ], [ -74.030306, 40.751741 ] ] } },
{ "type": "Feature", "properties": { "id": "333008797-172", "name": "Hudson Street", "class": "tertiary", "is_priority": false }, "geometry": { "type": "LineString", "coordinates": [ [ -74.030367, 40.735461 ], [ -74.030337, 40.735514 ], [ -74.030171, 40.736038 ] ] } },
{ "type": "Feature", "properties": { "id": "353232803-173", "name": "Marshall Drive", "class": "residential", "is_priority": false }, "geometry": { "type": "LineString", "coordinates": [ [ -74.040856, 40.744272 ], [ -74.040793, 40.744506 ] ] } },
{ "type": "Feature", "properties": { "id": "358396712-174", "name": "Marshall Drive", "class": "residential", "is_priority": false }, "geometry": { "type": "LineString", "coordinates": [ [ -74.040996, 40.742597 ], [ -74.041596, 40.742706 ], [ -74.041463, 40.74305 ] ] } },
{ "type": "Feature", "properties": { "id": "358396713-175", "name": "Marshall Drive", "class": "residential", "is_priority": false }, "geometry": { "type": "LineString", "coordinates": [ [ -74.041596, 40.742706 ], [ -74.0417, 40.742399 ], [ -74.041651, 40.74205 ], [ -74.041615, 40.742028 ], [ -74.04119, 40.74196 ] ] } },
{ "type": "Feature", "properties": { "id": "368774430-176", "name": "3rd Street", "class": "residential", "is_priority": false }, "geometry": { "type": "LineString", "coordinates": [ [ -74.027054, 40.739469 ], [ -74.028042, 40.739637 ] ] } },
{ "type": "Feature", "properties": { "id": "368774432-177", "name": "Hudson Street", "class": "tertiary", "is_priority": false }, "geometry": { "type": "LineString", "coordinates": [ [ -74.028656, 40.741084 ], [ -74.029173, 40.739326 ] ] } },
{ "type": "Feature", "properties": { "id": "368774432-178", "name": "Hudson Street", "class": "tertiary", "is_priority": false }, "geometry": { "type": "LineString", "coordinates": [ [ -74.029173, 40.739326 ], [ -74.02949, 40.738285 ] ] } },
{ "type": "Feature", "properties": { "id": "368777976-179", "name": "Sinatra Drive", "class": "residential", "is_priority": false }, "geometry": { "type": "LineString", "coordinates": [ [ -74.026881, 40.741023 ], [ -74.026702, 40.740885 ], [ -74.026668, 40.740821 ], [ -74.026664, 40.740754 ], [ -74.027054, 40.739469 ] ] } },
{ "type": "Feature", "properties": { "id": "368777977-180", "name": "River Street", "class": "tertiary", "is_priority": false }, "geometry": { "type": "LineString", "coordinates": [ [ -74.028994, 40.736556 ], [ -74.028465, 40.738312 ] ] } },
{ "type": "Feature", "properties": { "id": "368777977-181", "name": "River Street", "class": "tertiary", "is_priority": false }, "geometry": { "type": "LineString", "coordinates": [ [ -74.028465, 40.738312 ], [ -74.028449, 40.738365 ] ] } },
{ "type": "Feature", "properties": { "id": "404720476-182", "name": "Clinton Street", "class": "unclassified", "is_priority": false }, "geometry": { "type": "LineString", "coordinates": [ [ -74.0306, 40.754235 ], [ -74.030547, 40.754278 ], [ -74.030265, 40.755236 ] ] } },
{ "type": "Feature", "properties": { "id": "404721441-183", "name": "14th Street", "class": "residential", "is_priority": false }, "geometry": { "type": "LineString", "coordinates": [ [ -74.031506, 40.754371 ], [ -74.030644, 40.754228 ], [ -74.0306, 40.754235 ] ] } },
{ "type": "Feature", "properties": { "id": "417673267-184", "name": "Adams Street", "class": "residential", "is_priority": false }, "geometry": { "type": "LineString", "coordinates": [ [ -74.03432, 40.748386 ], [ -74.034151, 40.748899 ] ] } },
{ "type": "Feature", "properties": { "id": "420620242-185", "name": "14th Street", "class": "secondary", "is_priority": false }, "geometry": { "type": "LineString", "coordinates": [ [ -74.030696, 40.754114 ], [ -74.031367, 40.754243 ] ] } },
{ "type": "Feature", "properties": { "id": "420620243-186", "name": "14th Street", "class": "secondary", "is_priority": false }, "geometry": { "type": "LineString", "coordinates": [ [ -74.028187, 40.753612 ], [ -74.028782, 40.753725 ] ] } },
{ "type": "Feature", "properties": { "id": "420620252-187", "name": "Park Avenue", "class": "secondary", "is_priority": false }, "geometry": { "type": "LineString", "coordinates": [ [ -74.028672, 40.75408 ], [ -74.028782, 40.753725 ] ] } },
{ "type": "Feature", "properties": { "id": "420620253-188", "name": "Park Avenue", "class": "secondary", "is_priority": false }, "geometry": { "type": "LineString", "coordinates": [ [ -74.028427, 40.754925 ], [ -74.028524, 40.754617 ] ] } },
{ "type": "Feature", "properties": { "id": "420620254-189", "name": "Park Avenue", "class": "secondary", "is_priority": false }, "geometry": { "type": "LineString", "coordinates": [ [ -74.028302, 40.755334 ], [ -74.028427, 40.754925 ] ] } },
{ "type": "Feature", "properties": { "id": "420620255-190", "name": "Park Avenue", "class": "secondary", "is_priority": false }, "geometry": { "type": "LineString", "coordinates": [ [ -74.028107, 40.755937 ], [ -74.028146, 40.755843 ] ] } },
{ "type": "Feature", "properties": { "id": "420620256-191", "name": "Park Avenue", "class": "secondary", "is_priority": false }, "geometry": { "type": "LineString", "coordinates": [ [ -74.028146, 40.755843 ], [ -74.028302, 40.755334 ] ] } },
{ "type": "Feature", "properties": { "id": "420620257-192", "name": "Park Avenue", "class": "secondary", "is_priority": false }, "geometry": { "type": "LineString", "coordinates": [ [ -74.028524, 40.754617 ], [ -74.028672, 40.75408 ] ] } },
{ "type": "Feature", "properties": { "id": "420620263-193", "name": "Willow Avenue", "class": "secondary", "is_priority": false }, "geometry": { "type": "LineString", "coordinates": [ [ -74.029629, 40.753911 ], [ -74.029804, 40.753352 ] ] } },
{ "type": "Feature", "properties": { "id": "420620264-194", "name": "Willow Avenue", "class": "secondary", "is_priority": false }, "geometry": { "type": "LineString", "coordinates": [ [ -74.029272, 40.755076 ], [ -74.029442, 40.754496 ] ] } },
{ "type": "Feature", "properties": { "id": "420896646-195", "name": "Newark Street", "class": "secondary", "is_priority": false }, "geometry": { "type": "LineString", "coordinates": [ [ -74.04231, 40.736362 ], [ -74.041847, 40.736432 ] ] } },
{ "type": "Feature", "properties": { "id": "420896647-196", "name": "Newark Street", "class": "secondary", "is_priority": false }, "geometry": { "type": "LineString", "coordinates": [ [ -74.039885, 40.736737 ], [ -74.040475, 40.736652 ] ] } },
{ "type": "Feature", "properties": { "id": "420896648-197", "name": "Newark Street", "class": "secondary", "is_priority": false }, "geometry": { "type": "LineString", "coordinates": [ [ -74.039143, 40.736847 ], [ -74.039511, 40.736799 ] ] } },
{ "type": "Feature", "properties": { "id": "420896649-198", "name": "Observer Highway", "class": "secondary", "is_priority": false }, "geometry": { "type": "LineString", "coordinates": [ [ -74.040663, 40.737252 ], [ -74.040098, 40.737149 ] ] } },
{ "type": "Feature", "properties": { "id": "420896651-199", "name": "Observer Highway", "class": "secondary", "is_priority": false }, "geometry": { "type": "LineString", "coordinates": [ [ -74.040863, 40.737283 ], [ -74.040663, 40.737252 ] ] } },
{ "type": "Feature", "properties": { "id": "420896652-200", "name": "Paterson Avenue", "class": "secondary", "is_priority": false }, "geometry": { "type": "LineString", "coordinates": [ [ -74.042196, 40.73869 ], [ -74.042629, 40.739146 ] ] } },
{ "type": "Feature", "properties": { "id": "420896653-201", "name": "Paterson Avenue", "class": "secondary", "is_priority": false }, "geometry": { "type": "LineString", "coordinates": [ [ -74.040863, 40.737283 ], [ -74.041445, 40.737899 ] ] } },
{ "type": "Feature", "properties": { "id": "450255899-202", "name": "4th Street", "class": "tertiary", "is_priority": false }, "geometry": { "type": "LineString", "coordinates": [ [ -74.030549, 40.741415 ], [ -74.032856, 40.741824 ] ] } },
{ "type": "Feature", "properties": { "id": "450255899-203", "name": "4th Street", "class": "tertiary", "is_priority": false }, "geometry": { "type": "LineString", "coordinates": [ [ -74.032856, 40.741824 ], [ -74.033351, 40.741911 ] ] } },
{ "type": "Feature", "properties": { "id": "450255900-204", "name": "Bloomfield Street", "class": "tertiary", "is_priority": false }, "geometry": { "type": "LineString", "coordinates": [ [ -74.030549, 40.741415 ], [ -74.030354, 40.742009 ], [ -74.030018, 40.74317 ] ] } },
{ "type": "Feature", "properties": { "id": "450255900-205", "name": "Bloomfield Street", "class": "tertiary", "is_priority": false }, "geometry": { "type": "LineString", "coordinates": [ [ -74.030018, 40.74317 ], [ -74.0299, 40.743566 ], [ -74.029845, 40.743676 ], [ -74.02948, 40.744924 ] ] } },
{ "type": "Feature", "properties": { "id": "450255900-206", "name": "Bloomfield Street", "class": "tertiary", "is_priority": false }, "geometry": { "type": "LineString", "coordinates": [ [ -74.02948, 40.744924 ], [ -74.028948, 40.746679 ] ] } },
{ "type": "Feature", "properties": { "id": "450255900-207", "name": "Bloomfield Street", "class": "tertiary", "is_priority": false }, "geometry": { "type": "LineString", "coordinates": [ [ -74.028948, 40.746679 ], [ -74.028417, 40.748435 ] ] } },
{ "type": "Feature", "properties": { "id": "450255900-208", "name": "Bloomfield Street", "class": "tertiary", "is_priority": false }, "geometry": { "type": "LineString", "coordinates": [ [ -74.028417, 40.748435 ], [ -74.027877, 40.750189 ] ] } },
{ "type": "Feature", "properties": { "id": "450255900-209", "name": "Bloomfield Street", "class": "tertiary", "is_priority": false }, "geometry": { "type": "LineString", "coordinates": [ [ -74.027877, 40.750189 ], [ -74.027342, 40.751944 ] ] } },
{ "type": "Feature", "properties": { "id": "450255900-210", "name": "Bloomfield Street", "class": "tertiary", "is_priority": false }, "geometry": { "type": "LineString", "coordinates": [ [ -74.027342, 40.751944 ], [ -74.026898, 40.753381 ] ] } },
{ "type": "Feature", "properties": { "id": "450255901-211", "name": "Bloomfield Street", "class": "tertiary", "is_priority": false }, "geometry": { "type": "LineString", "coordinates": [ [ -74.031869, 40.737062 ], [ -74.03172, 40.737591 ] ] } },
{ "type": "Feature", "properties": { "id": "450255902-212", "name": "Newark Street", "class": "secondary", "is_priority": false }, "geometry": { "type": "LineString", "coordinates": [ [ -74.031869, 40.737062 ], [ -74.034173, 40.737477 ] ] } },
{ "type": "Feature", "properties": { "id": "450255902-213", "name": "Newark Street", "class": "secondary", "is_priority": false }, "geometry": { "type": "LineString", "coordinates": [ [ -74.034173, 40.737477 ], [ -74.034577, 40.737547 ], [ -74.034684, 40.737548 ] ] } },
{ "type": "Feature", "properties": { "id": "450255903-214", "name": "1st Street", "class": "tertiary", "is_priority": false }, "geometry": { "type": "LineString", "coordinates": [ [ -74.04197, 40.739406 ], [ -74.041045, 40.739244 ] ] } },
{ "type": "Feature", "properties": { "id": "450255904-215", "name": "Harrison Street", "class": "residential", "is_priority": false }, "geometry": { "type": "LineString", "coordinates": [ [ -74.04197, 40.739406 ], [ -74.042196, 40.73869 ] ] } },
{ "type": "Feature", "properties": { "id": "450255905-216", "name": "Hudson Street", "class": "tertiary", "is_priority": false }, "geometry": { "type": "LineString", "coordinates": [ [ -74.029797, 40.737269 ], [ -74.029891, 40.736991 ] ] } },
{ "type": "Feature", "properties": { "id": "450257298-217", "name": "2nd Street", "class": "residential", "is_priority": false }, "geometry": { "type": "LineString", "coordinates": [ [ -74.028449, 40.738365 ], [ -74.030755, 40.738777 ] ] } },
{ "type": "Feature", "properties": { "id": "450257298-218", "name": "2nd Street", "class": "residential", "is_priority": false }, "geometry": { "type": "LineString", "coordinates": [ [ -74.030755, 40.738777 ], [ -74.031322, 40.738876 ] ] } },
{ "type": "Feature", "properties": { "id": "450257300-219", "name": "Madison Street", "class": "tertiary", "is_priority": false }, "geometry": { "type": "LineString", "coordinates": [ [ -74.037322, 40.744935 ], [ -74.036798, 40.746692 ] ] } },
{ "type": "Feature", "properties": { "id": "450257300-220", "name": "Madison Street", "class": "tertiary", "is_priority": false }, "geometry": { "type": "LineString", "coordinates": [ [ -74.036798, 40.746692 ], [ -74.036259, 40.748446 ] ] } },
{ "type": "Feature", "properties": { "id": "450257300-221", "name": "Madison Street", "class": "tertiary", "is_priority": false }, "geometry": { "type": "LineString", "coordinates": [ [ -74.036259, 40.748446 ], [ -74.035979, 40.749319 ], [ -74.03582, 40.749887 ] ] } },
{ "type": "Feature", "properties": { "id": "450257301-222", "name": "2nd Street", "class": "residential", "is_priority": false }, "geometry": { "type": "LineString", "coordinates": [ [ -74.038785, 40.740184 ], [ -74.040648, 40.740519 ] ] } },
{ "type": "Feature", "properties": { "id": "450257302-223", "name": "Madison Street", "class": "tertiary", "is_priority": false }, "geometry": { "type": "LineString", "coordinates": [ [ -74.035083, 40.7523 ], [ -74.034564, 40.754057 ] ] } },
{ "type": "Feature", "properties": { "id": "450257302-224", "name": "Madison Street", "class": "tertiary", "is_priority": false }, "geometry": { "type": "LineString", "coordinates": [ [ -74.034564, 40.754057 ], [ -74.034516, 40.754141 ], [ -74.034304, 40.754856 ] ] } },
{ "type": "Feature", "properties": { "id": "450257303-225", "name": "15th Street", "class": "tertiary", "is_priority": false }, "geometry": { "type": "LineString", "coordinates": [ [ -74.032129, 40.755556 ], [ -74.033992, 40.755857 ] ] } },
{ "type": "Feature", "properties": { "id": "450257304-226", "name": "Willow Avenue", "class": "secondary", "is_priority": false }, "geometry": { "type": "LineString", "coordinates": [ [ -74.029201, 40.755304 ], [ -74.028968, 40.756052 ] ] } },
{ "type": "Feature", "properties": { "id": "450258110-227", "name": "Adams Street", "class": "residential", "is_priority": false }, "geometry": { "type": "LineString", "coordinates": [ [ -74.036918, 40.739855 ], [ -74.036377, 40.741609 ] ] } },
{ "type": "Feature", "properties": { "id": "450258110-228", "name": "Adams Street", "class": "residential", "is_priority": false }, "geometry": { "type": "LineString", "coordinates": [ [ -74.036377, 40.741609 ], [ -74.035855, 40.743366 ] ] } },
{ "type": "Feature", "properties": { "id": "450258110-229", "name": "Adams Street", "class": "residential", "is_priority": false }, "geometry": { "type": "LineString", "coordinates": [ [ -74.035855, 40.743366 ], [ -74.035311, 40.745119 ] ] } },
{ "type": "Feature", "properties": { "id": "450258110-230", "name": "Adams Street", "class": "residential", "is_priority": false }, "geometry": { "type": "LineString", "coordinates": [ [ -74.035311, 40.745119 ], [ -74.035073, 40.745872 ] ] } },
{ "type": "Feature", "properties": { "id": "450258111-231", "name": "2nd Street", "class": "residential", "is_priority": false }, "geometry": { "type": "LineString", "coordinates": [ [ -74.036918, 40.739855 ], [ -74.038785, 40.740184 ] ] } },
{ "type": "Feature", "properties": { "id": "450258112-232", "name": "Adams Street", "class": "residential", "is_priority": false }, "geometry": { "type": "LineString", "coordinates": [ [ -74.035073, 40.745872 ], [ -74.034547, 40.747629 ] ] } },
{ "type": "Feature", "properties": { "id": "450258112-233", "name": "Adams Street", "class": "residential", "is_priority": false }, "geometry": { "type": "LineString", "coordinates": [ [ -74.034547, 40.747629 ], [ -74.03432, 40.748386 ] ] } },
{ "type": "Feature", "properties": { "id": "450258116-234", "name": "12th Street", "class": "tertiary", "is_priority": false }, "geometry": { "type": "LineString", "coordinates": [ [ -74.033156, 40.752234 ], [ -74.031265, 40.751904 ] ] } },
{ "type": "Feature", "properties": { "id": "450258117-235", "name": "Clinton Street", "class": "unclassified", "is_priority": false }, "geometry": { "type": "LineString", "coordinates": [ [ -74.031265, 40.751904 ], [ -74.030988, 40.752841 ] ] } },
{ "type": "Feature", "properties": { "id": "450258118-236", "name": "Hudson Street", "class": "tertiary", "is_priority": false }, "geometry": { "type": "LineString", "coordinates": [ [ -74.02564, 40.750913 ], [ -74.025995, 40.749751 ] ] } },
{ "type": "Feature", "properties": { "id": "450259392-237", "name": "Bloomfield Street", "class": "tertiary", "is_priority": false }, "geometry": { "type": "LineString", "coordinates": [ [ -74.031322, 40.738876 ], [ -74.030948, 40.740085 ], [ -74.030927, 40.740207 ], [ -74.030798, 40.740633 ] ] } },
{ "type": "Feature", "properties": { "id": "450259392-238", "name": "Bloomfield Street", "class": "tertiary", "is_priority": false }, "geometry": { "type": "LineString", "coordinates": [ [ -74.030798, 40.740633 ], [ -74.030549, 40.741415 ] ] } },
{ "type": "Feature", "properties": { "id": "450259395-239", "name": "1st Street", "class": "tertiary", "is_priority": false }, "geometry": { "type": "LineString", "coordinates": [ [ -74.03172, 40.737591 ], [ -74.031242, 40.737507 ] ] } },
{ "type": "Feature", "properties": { "id": "450259399-240", "name": "Washington Street", "class": "secondary", "is_priority": false }, "geometry": { "type": "LineString", "coordinates": [ [ -74.030552, 40.738589 ], [ -74.030124, 40.739996 ] ] } },
{ "type": "Feature", "properties": { "id": "450259402-241", "name": "1st Street", "class": "tertiary", "is_priority": false }, "geometry": { "type": "LineString", "coordinates": [ [ -74.030899, 40.737447 ], [ -74.029797, 40.737269 ] ] } },
{ "type": "Feature", "properties": { "id": "450259404-242", "name": "Washington Street", "class": "secondary", "is_priority": false }, "geometry": { "type": "LineString", "coordinates": [ [ -74.029116, 40.743353 ], [ -74.028685, 40.74476 ] ] } },
{ "type": "Feature", "properties": { "id": "450259405-243", "name": "Clinton Street", "class": "tertiary", "is_priority": false }, "geometry": { "type": "LineString", "coordinates": [ [ -74.033218, 40.745546 ], [ -74.032677, 40.7473 ] ] } },
{ "type": "Feature", "properties": { "id": "450259405-244", "name": "Clinton Street", "class": "tertiary", "is_priority": false }, "geometry": { "type": "LineString", "coordinates": [ [ -74.032677, 40.7473 ], [ -74.03213, 40.749052 ] ] } },
{ "type": "Feature", "properties": { "id": "450259405-245", "name": "Clinton Street", "class": "tertiary", "is_priority": false }, "geometry": { "type": "LineString", "coordinates": [ [ -74.03213, 40.749052 ], [ -74.03161, 40.75081 ] ] } },
{ "type": "Feature", "properties": { "id": "450259405-246", "name": "Clinton Street", "class": "tertiary", "is_priority": false }, "geometry": { "type": "LineString", "coordinates": [ [ -74.03161, 40.75081 ], [ -74.031265, 40.751904 ] ] } },
{ "type": "Feature", "properties": { "id": "450259406-247", "name": "4th Street", "class": "tertiary", "is_priority": false }, "geometry": { "type": "LineString", "coordinates": [ [ -74.03428, 40.742084 ], [ -74.035211, 40.742254 ] ] } },
{ "type": "Feature", "properties": { "id": "450259407-248", "name": "Washington Street", "class": "secondary", "is_priority": false }, "geometry": { "type": "LineString", "coordinates": [ [ -74.028565, 40.745155 ], [ -74.028423, 40.74562 ] ] } },
{ "type": "Feature", "properties": { "id": "450259410-249", "name": "Washington Street", "class": "secondary", "is_priority": false }, "geometry": { "type": "LineString", "coordinates": [ [ -74.0283, 40.746023 ], [ -74.027862, 40.747421 ] ] } },
{ "type": "Feature", "properties": { "id": "450259412-250", "name": "8th Street", "class": "residential", "is_priority": false }, "geometry": { "type": "LineString", "coordinates": [ [ -74.0283, 40.746023 ], [ -74.030606, 40.746436 ] ] } },
{ "type": "Feature", "properties": { "id": "450259412-251", "name": "8th Street", "class": "residential", "is_priority": false }, "geometry": { "type": "LineString", "coordinates": [ [ -74.030606, 40.746436 ], [ -74.030958, 40.746502 ] ] } },
{ "type": "Feature", "properties": { "id": "450259414-252", "name": "Washington Street", "class": "secondary", "is_priority": false }, "geometry": { "type": "LineString", "coordinates": [ [ -74.027132, 40.749842 ], [ -74.027099, 40.749946 ] ] } },
{ "type": "Feature", "properties": { "id": "450259416-253", "name": "Washington Street", "class": "secondary", "is_priority": false }, "geometry": { "type": "LineString", "coordinates": [ [ -74.02625, 40.752718 ], [ -74.026083, 40.753234 ] ] } },
{ "type": "Feature", "properties": { "id": "450259417-254", "name": "Willow Avenue", "class": "secondary", "is_priority": false }, "geometry": { "type": "LineString", "coordinates": [ [ -74.029913, 40.753014 ], [ -74.030025, 40.752668 ] ] } },
{ "type": "Feature", "properties": { "id": "450259418-255", "name": "Willow Avenue", "class": "secondary", "is_priority": false }, "geometry": { "type": "LineString", "coordinates": [ [ -74.029804, 40.753352 ], [ -74.029913, 40.753014 ] ] } },
{ "type": "Feature", "properties": { "id": "450259419-256", "name": "Grand Street", "class": "residential", "is_priority": false }, "geometry": { "type": "LineString", "coordinates": [ [ -74.03193, 40.753012 ], [ -74.032454, 40.751255 ] ] } },
{ "type": "Feature", "properties": { "id": "450259419-257", "name": "Grand Street", "class": "residential", "is_priority": false }, "geometry": { "type": "LineString", "coordinates": [ [ -74.032454, 40.751255 ], [ -74.032593, 40.750799 ] ] } },
{ "type": "Feature", "properties": { "id": "450259420-258", "name": "13th Street", "class": "residential", "is_priority": false }, "geometry": { "type": "LineString", "coordinates": [ [ -74.032865, 40.753174 ], [ -74.034721, 40.753509 ] ] } },
{ "type": "Feature", "properties": { "id": "450259421-259", "name": "Adams Street", "class": "residential", "is_priority": false }, "geometry": { "type": "LineString", "coordinates": [ [ -74.033596, 40.750764 ], [ -74.033756, 40.750232 ] ] } },
{ "type": "Feature", "properties": { "id": "450259429-260", "name": "4th Street", "class": "tertiary", "is_priority": false }, "geometry": { "type": "LineString", "coordinates": [ [ -74.035211, 40.742254 ], [ -74.035293, 40.742252 ], [ -74.036237, 40.742413 ], [ -74.03752, 40.742647 ] ] } },
{ "type": "Feature", "properties": { "id": "450259429-261", "name": "4th Street", "class": "tertiary", "is_priority": false }, "geometry": { "type": "LineString", "coordinates": [ [ -74.03752, 40.742647 ], [ -74.038006, 40.742735 ] ] } },
{ "type": "Feature", "properties": { "id": "450259430-262", "name": "Grand Street", "class": "residential", "is_priority": false }, "geometry": { "type": "LineString", "coordinates": [ [ -74.035211, 40.742254 ], [ -74.035602, 40.740968 ] ] } },
{ "type": "Feature", "properties": { "id": "450259433-263", "name": "4th Street", "class": "tertiary", "is_priority": false }, "geometry": { "type": "LineString", "coordinates": [ [ -74.038006, 40.742735 ], [ -74.038937, 40.7429 ] ] } },
{ "type": "Feature", "properties": { "id": "450259437-264", "name": "6th Street", "class": "residential", "is_priority": false }, "geometry": { "type": "LineString", "coordinates": [ [ -74.026996, 40.743104 ], [ -74.027086, 40.743126 ] ] } },
{ "type": "Feature", "properties": { "id": "450259438-265", "name": "1st Street", "class": "tertiary", "is_priority": false }, "geometry": { "type": "LineString", "coordinates": [ [ -74.041045, 40.739244 ], [ -74.038738, 40.738834 ] ] } },
{ "type": "Feature", "properties": { "id": "450259438-266", "name": "1st Street", "class": "tertiary", "is_priority": false }, "geometry": { "type": "LineString", "coordinates": [ [ -74.038738, 40.738834 ], [ -74.037305, 40.738591 ] ] } },
{ "type": "Feature", "properties": { "id": "450259439-267", "name": "Jackson Street", "class": "tertiary", "is_priority": false }, "geometry": { "type": "LineString", "coordinates": [ [ -74.041045, 40.739244 ], [ -74.040648, 40.740519 ] ] } },
{ "type": "Feature", "properties": { "id": "450259442-268", "name": "Grand Street", "class": "residential", "is_priority": false }, "geometry": { "type": "LineString", "coordinates": [ [ -74.035602, 40.740968 ], [ -74.036135, 40.739212 ] ] } },
{ "type": "Feature", "properties": { "id": "450259442-269", "name": "Grand Street", "class": "residential", "is_priority": false }, "geometry": { "type": "LineString", "coordinates": [ [ -74.036135, 40.739212 ], [ -74.03638, 40.738422 ] ] } },
{ "type": "Feature", "properties": { "id": "450259443-270", "name": "1st Street", "class": "tertiary", "is_priority": false }, "geometry": { "type": "LineString", "coordinates": [ [ -74.03638, 40.738422 ], [ -74.034515, 40.738086 ] ] } },
{ "type": "Feature", "properties": { "id": "450259444-271", "name": "Grand Street", "class": "residential", "is_priority": false }, "geometry": { "type": "LineString", "coordinates": [ [ -74.03638, 40.738422 ], [ -74.036739, 40.737234 ] ] } },
{ "type": "Feature", "properties": { "id": "450259445-272", "name": "Willow Avenue", "class": "secondary", "is_priority": false }, "geometry": { "type": "LineString", "coordinates": [ [ -74.034515, 40.738086 ], [ -74.034684, 40.737548 ] ] } },
{ "type": "Feature", "properties": { "id": "450259446-273", "name": "1st Street", "class": "tertiary", "is_priority": false }, "geometry": { "type": "LineString", "coordinates": [ [ -74.034515, 40.738086 ], [ -74.032208, 40.737677 ] ] } },
{ "type": "Feature", "properties": { "id": "450259446-274", "name": "1st Street", "class": "tertiary", "is_priority": false }, "geometry": { "type": "LineString", "coordinates": [ [ -74.032208, 40.737677 ], [ -74.03172, 40.737591 ] ] } },
{ "type": "Feature", "properties": { "id": "509522181-275", "name": "Adams Street", "class": "residential", "is_priority": false }, "geometry": { "type": "LineString", "coordinates": [ [ -74.037305, 40.738591 ], [ -74.036918, 40.739855 ] ] } },
{ "type": "Feature", "properties": { "id": "509522182-276", "name": "1st Street", "class": "tertiary", "is_priority": false }, "geometry": { "type": "LineString", "coordinates": [ [ -74.037305, 40.738591 ], [ -74.03638, 40.738422 ] ] } },
{ "type": "Feature", "properties": { "id": "551933931-277", "name": "13th Street", "class": "residential", "is_priority": false }, "geometry": { "type": "LineString", "coordinates": [ [ -74.030988, 40.752841 ], [ -74.03193, 40.753012 ] ] } },
{ "type": "Feature", "properties": { "id": "551933932-278", "name": "Clinton Street", "class": "unclassified", "is_priority": false }, "geometry": { "type": "LineString", "coordinates": [ [ -74.030988, 40.752841 ], [ -74.03064, 40.753966 ] ] } },
{ "type": "Feature", "properties": { "id": "555580422-279", "name": "Sinatra Drive North", "class": "residential", "is_priority": false }, "geometry": { "type": "LineString", "coordinates": [ [ -74.023916, 40.750598 ], [ -74.023809, 40.749946 ], [ -74.024011, 40.749227 ] ] } },
{ "type": "Feature", "properties": { "id": "572095813-280", "name": "", "class": "residential", "is_priority": false }, "geometry": { "type": "LineString", "coordinates": [ [ -74.042519, 40.740855 ], [ -74.042453, 40.741056 ] ] } },
{ "type": "Feature", "properties": { "id": "579737258-281", "name": "Hudson Street", "class": "tertiary", "is_priority": false }, "geometry": { "type": "LineString", "coordinates": [ [ -74.029973, 40.736732 ], [ -74.030171, 40.736038 ] ] } },
{ "type": "Feature", "properties": { "id": "579737263-282", "name": "Newark Street", "class": "tertiary", "is_priority": false }, "geometry": { "type": "LineString", "coordinates": [ [ -74.029973, 40.736732 ], [ -74.030102, 40.736764 ] ] } },
{ "type": "Feature", "properties": { "id": "579737264-283", "name": "Paterson Avenue", "class": "secondary", "is_priority": false }, "geometry": { "type": "LineString", "coordinates": [ [ -74.041445, 40.737899 ], [ -74.041957, 40.738437 ] ] } },
{ "type": "Feature", "properties": { "id": "579737265-284", "name": "Observer Highway", "class": "secondary", "is_priority": false }, "geometry": { "type": "LineString", "coordinates": [ [ -74.035077, 40.736237 ], [ -74.037386, 40.736638 ] ] } },
{ "type": "Feature", "properties": { "id": "579737265-285", "name": "Observer Highway", "class": "secondary", "is_priority": false }, "geometry": { "type": "LineString", "coordinates": [ [ -74.037386, 40.736638 ], [ -74.037438, 40.736648 ] ] } },
{ "type": "Feature", "properties": { "id": "579899389-286", "name": "Observer Highway", "class": "secondary", "is_priority": false }, "geometry": { "type": "LineString", "coordinates": [ [ -74.038545, 40.736826 ], [ -74.038824, 40.736845 ], [ -74.039143, 40.736847 ] ] } },
{ "type": "Feature", "properties": { "id": "582399790-287", "name": "12th Street", "class": "tertiary", "is_priority": false }, "geometry": { "type": "LineString", "coordinates": [ [ -74.030306, 40.751741 ], [ -74.028574, 40.751418 ], [ -74.028408, 40.751405 ], [ -74.028002, 40.751334 ] ] } },
{ "type": "Feature", "properties": { "id": "582399790-288", "name": "12th Street", "class": "tertiary", "is_priority": false }, "geometry": { "type": "LineString", "coordinates": [ [ -74.028002, 40.751334 ], [ -74.025696, 40.750922 ] ] } },
{ "type": "Feature", "properties": { "id": "582399790-289", "name": "12th Street", "class": "tertiary", "is_priority": false }, "geometry": { "type": "LineString", "coordinates": [ [ -74.025696, 40.750922 ], [ -74.02564, 40.750913 ] ] } },
{ "type": "Feature", "properties": { "id": "582399804-290", "name": "Harrison Street", "class": "residential", "is_priority": false }, "geometry": { "type": "LineString", "coordinates": [ [ -74.042525, 40.737606 ], [ -74.042803, 40.736658 ] ] } },
{ "type": "Feature", "properties": { "id": "582399808-291", "name": "Monroe Street", "class": "secondary", "is_priority": false }, "geometry": { "type": "LineString", "coordinates": [ [ -74.040663, 40.737252 ], [ -74.040688, 40.737153 ] ] } },
{ "type": "Feature", "properties": { "id": "582410884-292", "name": "Clinton Street", "class": "unclassified", "is_priority": false }, "geometry": { "type": "LineString", "coordinates": [ [ -74.030265, 40.755236 ], [ -74.029883, 40.756454 ] ] } },
{ "type": "Feature", "properties": { "id": "582410887-293", "name": "2nd Street", "class": "residential", "is_priority": false }, "geometry": { "type": "LineString", "coordinates": [ [ -74.031322, 40.738876 ], [ -74.03363, 40.73928 ] ] } },
{ "type": "Feature", "properties": { "id": "582410887-294", "name": "2nd Street", "class": "residential", "is_priority": false }, "geometry": { "type": "LineString", "coordinates": [ [ -74.03363, 40.73928 ], [ -74.035937, 40.739686 ] ] } },
{ "type": "Feature", "properties": { "id": "582410887-295", "name": "2nd Street", "class": "residential", "is_priority": false }, "geometry": { "type": "LineString", "coordinates": [ [ -74.035937, 40.739686 ], [ -74.036918, 40.739855 ] ] } },
{ "type": "Feature", "properties": { "id": "582410890-296", "name": "11th Street", "class": "residential", "is_priority": false }, "geometry": { "type": "LineString", "coordinates": [ [ -74.033596, 40.750764 ], [ -74.034528, 40.750933 ] ] } },
{ "type": "Feature", "properties": { "id": "582410892-297", "name": "Grand Street", "class": "residential", "is_priority": false }, "geometry": { "type": "LineString", "coordinates": [ [ -74.03156, 40.754186 ], [ -74.03193, 40.753012 ] ] } },
{ "type": "Feature", "properties": { "id": "582410895-298", "name": "Madison Street", "class": "unclassified", "is_priority": false }, "geometry": { "type": "LineString", "coordinates": [ [ -74.033992, 40.755857 ], [ -74.033759, 40.756595 ] ] } },
{ "type": "Feature", "properties": { "id": "582410898-299", "name": "3rd Street", "class": "residential", "is_priority": false }, "geometry": { "type": "LineString", "coordinates": [ [ -74.040251, 40.741776 ], [ -74.037941, 40.741376 ] ] } },
{ "type": "Feature", "properties": { "id": "582410898-300", "name": "3rd Street", "class": "residential", "is_priority": false }, "geometry": { "type": "LineString", "coordinates": [ [ -74.037941, 40.741376 ], [ -74.036526, 40.741128 ] ] } },
{ "type": "Feature", "properties": { "id": "582796421-301", "name": "Willow Avenue", "class": "secondary", "is_priority": false }, "geometry": { "type": "LineString", "coordinates": [ [ -74.030306, 40.751741 ], [ -74.030615, 40.750727 ] ] } },
{ "type": "Feature", "properties": { "id": "582796426-302", "name": "12th Street", "class": "tertiary", "is_priority": false }, "geometry": { "type": "LineString", "coordinates": [ [ -74.031265, 40.751904 ], [ -74.030637, 40.751797 ] ] } },
{ "type": "Feature", "properties": { "id": "582796431-303", "name": "Newark Street", "class": "secondary", "is_priority": false }, "geometry": { "type": "LineString", "coordinates": [ [ -74.035625, 40.737409 ], [ -74.034684, 40.737548 ] ] } },
{ "type": "Feature", "properties": { "id": "583837409-304", "name": "8th Street", "class": "residential", "is_priority": false }, "geometry": { "type": "LineString", "coordinates": [ [ -74.033768, 40.746986 ], [ -74.036074, 40.747397 ] ] } },
{ "type": "Feature", "properties": { "id": "583837409-305", "name": "8th Street", "class": "residential", "is_priority": false }, "geometry": { "type": "LineString", "coordinates": [ [ -74.036074, 40.747397 ], [ -74.03838, 40.747806 ] ] } },
{ "type": "Feature", "properties": { "id": "583837409-306", "name": "8th Street", "class": "residential", "is_priority": false }, "geometry": { "type": "LineString", "coordinates": [ [ -74.03838, 40.747806 ], [ -74.03842, 40.747813 ] ] } },
{ "type": "Feature", "properties": { "id": "583837411-307", "name": "Grand Street", "class": "residential", "is_priority": false }, "geometry": { "type": "LineString", "coordinates": [ [ -74.034374, 40.745004 ], [ -74.034903, 40.743247 ] ] } },
{ "type": "Feature", "properties": { "id": "583837411-308", "name": "Grand Street", "class": "residential", "is_priority": false }, "geometry": { "type": "LineString", "coordinates": [ [ -74.034903, 40.743247 ], [ -74.035211, 40.742254 ] ] } },
{ "type": "Feature", "properties": { "id": "584850114-309", "name": "3rd Street", "class": "residential", "is_priority": false }, "geometry": { "type": "LineString", "coordinates": [ [ -74.036526, 40.741128 ], [ -74.035602, 40.740968 ] ] } },
{ "type": "Feature", "properties": { "id": "584850115-310", "name": "Madison Street", "class": "tertiary", "is_priority": false }, "geometry": { "type": "LineString", "coordinates": [ [ -74.038006, 40.742735 ], [ -74.037462, 40.744489 ] ] } },
{ "type": "Feature", "properties": { "id": "584850115-311", "name": "Madison Street", "class": "tertiary", "is_priority": false }, "geometry": { "type": "LineString", "coordinates": [ [ -74.037462, 40.744489 ], [ -74.037322, 40.744935 ] ] } },
{ "type": "Feature", "properties": { "id": "584850116-312", "name": "Jackson Street", "class": "tertiary", "is_priority": false }, "geometry": { "type": "LineString", "coordinates": [ [ -74.040251, 40.741776 ], [ -74.039865, 40.743058 ] ] } },
{ "type": "Feature", "properties": { "id": "584850117-313", "name": "Madison Street", "class": "tertiary", "is_priority": false }, "geometry": { "type": "LineString", "coordinates": [ [ -74.038785, 40.740184 ], [ -74.038251, 40.741939 ] ] } },
{ "type": "Feature", "properties": { "id": "584850117-314", "name": "Madison Street", "class": "tertiary", "is_priority": false }, "geometry": { "type": "LineString", "coordinates": [ [ -74.038251, 40.741939 ], [ -74.038006, 40.742735 ] ] } },
{ "type": "Feature", "properties": { "id": "584850119-315", "name": "6th Street", "class": "residential", "is_priority": false }, "geometry": { "type": "LineString", "coordinates": [ [ -74.038271, 40.745105 ], [ -74.040526, 40.745504 ] ] } },
{ "type": "Feature", "properties": { "id": "584850124-316", "name": "6th Street", "class": "residential", "is_priority": false }, "geometry": { "type": "LineString", "coordinates": [ [ -74.037322, 40.744935 ], [ -74.038271, 40.745105 ] ] } },
{ "type": "Feature", "properties": { "id": "584850127-317", "name": "Monroe Street", "class": "residential", "is_priority": false }, "geometry": { "type": "LineString", "coordinates": [ [ -74.038271, 40.745105 ], [ -74.038804, 40.74335 ] ] } },
{ "type": "Feature", "properties": { "id": "584850127-318", "name": "Monroe Street", "class": "residential", "is_priority": false }, "geometry": { "type": "LineString", "coordinates": [ [ -74.038804, 40.74335 ], [ -74.038937, 40.7429 ] ] } },
{ "type": "Feature", "properties": { "id": "584850128-319", "name": "4th Street", "class": "tertiary", "is_priority": false }, "geometry": { "type": "LineString", "coordinates": [ [ -74.038937, 40.7429 ], [ -74.039865, 40.743058 ] ] } },
{ "type": "Feature", "properties": { "id": "584850133-320", "name": "7th Street", "class": "residential", "is_priority": false }, "geometry": { "type": "LineString", "coordinates": [ [ -74.036007, 40.746038 ], [ -74.035073, 40.745872 ] ] } },
{ "type": "Feature", "properties": { "id": "584850134-321", "name": "Jefferson Street", "class": "tertiary", "is_priority": false }, "geometry": { "type": "LineString", "coordinates": [ [ -74.034896, 40.74973 ], [ -74.035429, 40.747974 ] ] } },
{ "type": "Feature", "properties": { "id": "584850134-322", "name": "Jefferson Street", "class": "tertiary", "is_priority": false }, "geometry": { "type": "LineString", "coordinates": [ [ -74.035429, 40.747974 ], [ -74.035953, 40.746217 ] ] } },
{ "type": "Feature", "properties": { "id": "584850134-323", "name": "Jefferson Street", "class": "tertiary", "is_priority": false }, "geometry": { "type": "LineString", "coordinates": [ [ -74.035953, 40.746217 ], [ -74.036007, 40.746038 ] ] } },
{ "type": "Feature", "properties": { "id": "584850135-324", "name": "Jefferson Street", "class": "tertiary", "is_priority": false }, "geometry": { "type": "LineString", "coordinates": [ [ -74.034528, 40.750933 ], [ -74.034896, 40.74973 ] ] } },
{ "type": "Feature", "properties": { "id": "584850136-325", "name": "Monroe Street", "class": "residential", "is_priority": false }, "geometry": { "type": "LineString", "coordinates": [ [ -74.036394, 40.751262 ], [ -74.036758, 40.750039 ] ] } },
{ "type": "Feature", "properties": { "id": "584850137-326", "name": "Monroe Street", "class": "residential", "is_priority": false }, "geometry": { "type": "LineString", "coordinates": [ [ -74.036029, 40.75246 ], [ -74.036394, 40.751262 ] ] } },
{ "type": "Feature", "properties": { "id": "584850138-327", "name": "Adams Street", "class": "residential", "is_priority": false }, "geometry": { "type": "LineString", "coordinates": [ [ -74.033529, 40.750971 ], [ -74.033596, 40.750764 ] ] } },
{ "type": "Feature", "properties": { "id": "584850139-328", "name": "11th Street", "class": "residential", "is_priority": false }, "geometry": { "type": "LineString", "coordinates": [ [ -74.032593, 40.750799 ], [ -74.033529, 40.750971 ] ] } },
{ "type": "Feature", "properties": { "id": "584850140-329", "name": "13th Street", "class": "residential", "is_priority": false }, "geometry": { "type": "LineString", "coordinates": [ [ -74.025256, 40.752165 ], [ -74.025364, 40.752201 ], [ -74.026361, 40.752372 ] ] } },
{ "type": "Feature", "properties": { "id": "584850141-330", "name": "11th Street", "class": "tertiary", "is_priority": false }, "geometry": { "type": "LineString", "coordinates": [ [ -74.027132, 40.749842 ], [ -74.026029, 40.749645 ] ] } },
{ "type": "Feature", "properties": { "id": "584850142-331", "name": "11th Street", "class": "tertiary", "is_priority": false }, "geometry": { "type": "LineString", "coordinates": [ [ -74.030702, 40.750511 ], [ -74.030567, 40.750448 ], [ -74.029816, 40.750307 ] ] } },
{ "type": "Feature", "properties": { "id": "584850143-332", "name": "Park Avenue", "class": "residential", "is_priority": false }, "geometry": { "type": "LineString", "coordinates": [ [ -74.032132, 40.742689 ], [ -74.031596, 40.744444 ] ] } },
{ "type": "Feature", "properties": { "id": "584850143-333", "name": "Park Avenue", "class": "residential", "is_priority": false }, "geometry": { "type": "LineString", "coordinates": [ [ -74.031596, 40.744444 ], [ -74.031052, 40.746198 ] ] } },
{ "type": "Feature", "properties": { "id": "584850143-334", "name": "Park Avenue", "class": "residential", "is_priority": false }, "geometry": { "type": "LineString", "coordinates": [ [ -74.031052, 40.746198 ], [ -74.030958, 40.746502 ] ] } },
{ "type": "Feature", "properties": { "id": "584850144-335", "name": "8th Street", "class": "residential", "is_priority": false }, "geometry": { "type": "LineString", "coordinates": [ [ -74.030958, 40.746502 ], [ -74.033268, 40.746901 ] ] } },
{ "type": "Feature", "properties": { "id": "584850144-336", "name": "8th Street", "class": "residential", "is_priority": false }, "geometry": { "type": "LineString", "coordinates": [ [ -74.033268, 40.746901 ], [ -74.033768, 40.746986 ] ] } },
{ "type": "Feature", "properties": { "id": "584850145-337", "name": "8th Street", "class": "residential", "is_priority": false }, "geometry": { "type": "LineString", "coordinates": [ [ -74.027206, 40.745803 ], [ -74.027274, 40.745842 ], [ -74.0283, 40.746023 ] ] } },
{ "type": "Feature", "properties": { "id": "584850146-338", "name": "7th Street", "class": "residential", "is_priority": false }, "geometry": { "type": "LineString", "coordinates": [ [ -74.028685, 40.74476 ], [ -74.027572, 40.744568 ] ] } },
{ "type": "Feature", "properties": { "id": "584850147-339", "name": "7th Street", "class": "residential", "is_priority": false }, "geometry": { "type": "LineString", "coordinates": [ [ -74.033438, 40.745589 ], [ -74.033218, 40.745546 ] ] } },
{ "type": "Feature", "properties": { "id": "584850148-340", "name": "River Street", "class": "tertiary", "is_priority": false }, "geometry": { "type": "LineString", "coordinates": [ [ -74.028042, 40.739637 ], [ -74.027644, 40.740906 ] ] } },
{ "type": "Feature", "properties": { "id": "584850149-341", "name": "3rd Street", "class": "residential", "is_priority": false }, "geometry": { "type": "LineString", "coordinates": [ [ -74.030124, 40.739996 ], [ -74.028042, 40.739637 ] ] } },
{ "type": "Feature", "properties": { "id": "584850150-342", "name": "Observer Highway", "class": "secondary", "is_priority": false }, "geometry": { "type": "LineString", "coordinates": [ [ -74.031839, 40.735663 ], [ -74.031456, 40.735605 ] ] } },
{ "type": "Feature", "properties": { "id": "584850151-343", "name": "Clinton Street", "class": "tertiary", "is_priority": false }, "geometry": { "type": "LineString", "coordinates": [ [ -74.03428, 40.742084 ], [ -74.03398, 40.743014 ] ] } },
{ "type": "Feature", "properties": { "id": "584850153-344", "name": "7th Street", "class": "residential", "is_priority": false }, "geometry": { "type": "LineString", "coordinates": [ [ -74.035073, 40.745872 ], [ -74.033438, 40.745589 ] ] } },
{ "type": "Feature", "properties": { "id": "584850154-345", "name": "7th Street", "class": "residential", "is_priority": false }, "geometry": { "type": "LineString", "coordinates": [ [ -74.03788, 40.746373 ], [ -74.036007, 40.746038 ] ] } },
{ "type": "Feature", "properties": { "id": "584850157-346", "name": "River Street", "class": "tertiary", "is_priority": false }, "geometry": { "type": "LineString", "coordinates": [ [ -74.028449, 40.738365 ], [ -74.028042, 40.739637 ] ] } },
{ "type": "Feature", "properties": { "id": "605544884-347", "name": "", "class": "residential", "is_priority": false }, "geometry": { "type": "LineString", "coordinates": [ [ -74.041336, 40.744356 ], [ -74.041615, 40.743655 ] ] } },
{ "type": "Feature", "properties": { "id": "605544885-348", "name": "", "class": "residential", "is_priority": false }, "geometry": { "type": "LineString", "coordinates": [ [ -74.041615, 40.743655 ], [ -74.041575, 40.743605 ], [ -74.041511, 40.743563 ], [ -74.041321, 40.743515 ] ] } },
{ "type": "Feature", "properties": { "id": "625974243-349", "name": "Park Avenue", "class": "secondary", "is_priority": false }, "geometry": { "type": "LineString", "coordinates": [ [ -74.028047, 40.756127 ], [ -74.028107, 40.755937 ] ] } },
{ "type": "Feature", "properties": { "id": "629227017-350", "name": "Sinatra Drive North", "class": "residential", "is_priority": false }, "geometry": { "type": "LineString", "coordinates": [ [ -74.024011, 40.749227 ], [ -74.024234, 40.748448 ], [ -74.024302, 40.748366 ], [ -74.024458, 40.748294 ] ] } },
{ "type": "Feature", "properties": { "id": "633770724-351", "name": "Sinatra Drive North", "class": "residential", "is_priority": false }, "geometry": { "type": "LineString", "coordinates": [ [ -74.024458, 40.748294 ], [ -74.02454, 40.748263 ] ] } },
{ "type": "Feature", "properties": { "id": "633770725-352", "name": "Sinatra Drive", "class": "tertiary", "is_priority": false }, "geometry": { "type": "LineString", "coordinates": [ [ -74.02454, 40.748263 ], [ -74.024762, 40.748495 ], [ -74.024984, 40.748651 ], [ -74.025635, 40.749057 ], [ -74.02589, 40.749238 ], [ -74.02607, 40.749487 ] ] } },
{ "type": "Feature", "properties": { "id": "633770727-353", "name": "Sinatra Drive", "class": "tertiary", "is_priority": false }, "geometry": { "type": "LineString", "coordinates": [ [ -74.026881, 40.741023 ], [ -74.026456, 40.74149 ] ] } },
{ "type": "Feature", "properties": { "id": "634471157-354", "name": "Hudson Place", "class": "residential", "is_priority": false }, "geometry": { "type": "LineString", "coordinates": [ [ -74.027983, 40.735689 ], [ -74.028265, 40.73574 ] ] } },
{ "type": "Feature", "properties": { "id": "638367795-355", "name": "Monroe Street", "class": "secondary", "is_priority": false }, "geometry": { "type": "LineString", "coordinates": [ [ -74.040688, 40.737153 ], [ -74.040807, 40.736683 ], [ -74.040783, 40.736602 ] ] } },
{ "type": "Feature", "properties": { "id": "638367796-356", "name": "Grove Street", "class": "tertiary", "is_priority": false }, "geometry": { "type": "LineString", "coordinates": [ [ -74.040416, 40.73638 ], [ -74.040401, 40.736294 ] ] } },
{ "type": "Feature", "properties": { "id": "638546378-357", "name": "Newark Street", "class": "secondary", "is_priority": false }, "geometry": { "type": "LineString", "coordinates": [ [ -74.039511, 40.736799 ], [ -74.039885, 40.736737 ] ] } },
{ "type": "Feature", "properties": { "id": "638546379-358", "name": "Jackson Street", "class": "tertiary", "is_priority": false }, "geometry": { "type": "LineString", "coordinates": [ [ -74.041588, 40.737429 ], [ -74.041445, 40.737899 ] ] } },
{ "type": "Feature", "properties": { "id": "656794913-359", "name": "Washington Street", "class": "secondary", "is_priority": false }, "geometry": { "type": "LineString", "coordinates": [ [ -74.02678, 40.750993 ], [ -74.026361, 40.752372 ] ] } },
{ "type": "Feature", "properties": { "id": "656794914-360", "name": "11th Street", "class": "tertiary", "is_priority": false }, "geometry": { "type": "LineString", "coordinates": [ [ -74.027099, 40.749946 ], [ -74.029406, 40.750354 ] ] } },
{ "type": "Feature", "properties": { "id": "656794914-361", "name": "11th Street", "class": "tertiary", "is_priority": false }, "geometry": { "type": "LineString", "coordinates": [ [ -74.029406, 40.750354 ], [ -74.030521, 40.750554 ], [ -74.030702, 40.750511 ] ] } },
{ "type": "Feature", "properties": { "id": "656813184-362", "name": "Sinatra Drive", "class": "tertiary", "is_priority": false }, "geometry": { "type": "LineString", "coordinates": [ [ -74.025964, 40.742526 ], [ -74.025669, 40.742862 ], [ -74.025364, 40.743112 ], [ -74.024839, 40.743409 ], [ -74.024228, 40.743719 ] ] } },
{ "type": "Feature", "properties": { "id": "656813184-363", "name": "Sinatra Drive", "class": "tertiary", "is_priority": false }, "geometry": { "type": "LineString", "coordinates": [ [ -74.024228, 40.743719 ], [ -74.023569, 40.744049 ], [ -74.023254, 40.74425 ], [ -74.023192, 40.744306 ], [ -74.023099, 40.74444 ], [ -74.022854, 40.745076 ] ] } },
{ "type": "Feature", "properties": { "id": "656813184-364", "name": "Sinatra Drive", "class": "tertiary", "is_priority": false }, "geometry": { "type": "LineString", "coordinates": [ [ -74.022854, 40.745076 ], [ -74.022763, 40.74535 ], [ -74.02276, 40.745491 ], [ -74.022796, 40.74564 ], [ -74.023522, 40.746734 ] ] } },
{ "type": "Feature", "properties": { "id": "656813184-365", "name": "Sinatra Drive", "class": "tertiary", "is_priority": false }, "geometry": { "type": "LineString", "coordinates": [ [ -74.023522, 40.746734 ], [ -74.024377, 40.747998 ], [ -74.02454, 40.748263 ] ] } },
{ "type": "Feature", "properties": { "id": "657035676-366", "name": "10th Street", "class": "residential", "is_priority": false }, "geometry": { "type": "LineString", "coordinates": [ [ -74.030201, 40.749038 ], [ -74.032508, 40.749447 ] ] } },
{ "type": "Feature", "properties": { "id": "657035676-367", "name": "10th Street", "class": "residential", "is_priority": false }, "geometry": { "type": "LineString", "coordinates": [ [ -74.032508, 40.749447 ], [ -74.032981, 40.749531 ] ] } },
{ "type": "Feature", "properties": { "id": "657035677-368", "name": "Washington Street", "class": "secondary", "is_priority": false }, "geometry": { "type": "LineString", "coordinates": [ [ -74.02752, 40.748565 ], [ -74.027132, 40.749842 ] ] } },
{ "type": "Feature", "properties": { "id": "671301758-369", "name": "Observer Highway", "class": "tertiary", "is_priority": false }, "geometry": { "type": "LineString", "coordinates": [ [ -74.042525, 40.737606 ], [ -74.04375, 40.737824 ] ] } },
{ "type": "Feature", "properties": { "id": "678484525-370", "name": "Jackson Street", "class": "residential", "is_priority": false }, "geometry": { "type": "LineString", "coordinates": [ [ -74.039196, 40.745269 ], [ -74.038805, 40.746538 ] ] } },
{ "type": "Feature", "properties": { "id": "679469806-371", "name": "Hudson Street", "class": "tertiary", "is_priority": false }, "geometry": { "type": "LineString", "coordinates": [ [ -74.027071, 40.746222 ], [ -74.027601, 40.744466 ] ] } },
{ "type": "Feature", "properties": { "id": "679469806-372", "name": "Hudson Street", "class": "tertiary", "is_priority": false }, "geometry": { "type": "LineString", "coordinates": [ [ -74.027601, 40.744466 ], [ -74.027971, 40.743287 ] ] } },
{ "type": "Feature", "properties": { "id": "679469813-373", "name": "Hudson Street", "class": "tertiary", "is_priority": false }, "geometry": { "type": "LineString", "coordinates": [ [ -74.026029, 40.749645 ], [ -74.02607, 40.749487 ] ] } },
{ "type": "Feature", "properties": { "id": "719009979-374", "name": "Hudson Street", "class": "tertiary", "is_priority": false }, "geometry": { "type": "LineString", "coordinates": [ [ -74.027971, 40.743287 ], [ -74.028362, 40.74201 ] ] } },
{ "type": "Feature", "properties": { "id": "719009980-375", "name": "6th Street", "class": "residential", "is_priority": false }, "geometry": { "type": "LineString", "coordinates": [ [ -74.029077, 40.743483 ], [ -74.031384, 40.743888 ] ] } },
{ "type": "Feature", "properties": { "id": "719009980-376", "name": "6th Street", "class": "residential", "is_priority": false }, "geometry": { "type": "LineString", "coordinates": [ [ -74.031384, 40.743888 ], [ -74.03369, 40.744299 ] ] } },
{ "type": "Feature", "properties": { "id": "719009980-377", "name": "6th Street", "class": "residential", "is_priority": false }, "geometry": { "type": "LineString", "coordinates": [ [ -74.03369, 40.744299 ], [ -74.035998, 40.744703 ] ] } },
{ "type": "Feature", "properties": { "id": "719009980-378", "name": "6th Street", "class": "residential", "is_priority": false }, "geometry": { "type": "LineString", "coordinates": [ [ -74.035998, 40.744703 ], [ -74.037322, 40.744935 ] ] } },
{ "type": "Feature", "properties": { "id": "719092503-379", "name": "Stanley Drive", "class": "residential", "is_priority": false }, "geometry": { "type": "LineString", "coordinates": [ [ -74.02418, 40.745326 ], [ -74.024859, 40.745563 ], [ -74.02504, 40.745576 ], [ -74.025236, 40.745565 ], [ -74.025337, 40.745533 ], [ -74.025452, 40.745457 ] ] } },
{ "type": "Feature", "properties": { "id": "720329126-380", "name": "6th Street", "class": "residential", "is_priority": false }, "geometry": { "type": "LineString", "coordinates": [ [ -74.027086, 40.743126 ], [ -74.027446, 40.743192 ] ] } },
{ "type": "Feature", "properties": { "id": "721061978-381", "name": "Sinatra Drive North", "class": "residential", "is_priority": false }, "geometry": { "type": "LineString", "coordinates": [ [ -74.023429, 40.752148 ], [ -74.023916, 40.750598 ] ] } },
{ "type": "Feature", "properties": { "id": "721957643-382", "name": "River Street", "class": "tertiary", "is_priority": false }, "geometry": { "type": "LineString", "coordinates": [ [ -74.029095, 40.736218 ], [ -74.028994, 40.736556 ] ] } },
{ "type": "Feature", "properties": { "id": "721957681-383", "name": "Newark Street", "class": "tertiary", "is_priority": false }, "geometry": { "type": "LineString", "coordinates": [ [ -74.030885, 40.736897 ], [ -74.031057, 40.736925 ] ] } },
{ "type": "Feature", "properties": { "id": "721957682-384", "name": "Newark Street", "class": "tertiary", "is_priority": false }, "geometry": { "type": "LineString", "coordinates": [ [ -74.030102, 40.736764 ], [ -74.030885, 40.736897 ] ] } },
{ "type": "Feature", "properties": { "id": "744680930-385", "name": "8th Street", "class": "residential", "is_priority": false }, "geometry": { "type": "LineString", "coordinates": [ [ -74.025452, 40.745457 ], [ -74.026189, 40.745592 ] ] } },
{ "type": "Feature", "properties": { "id": "755016652-386", "name": "6th Street", "class": "residential", "is_priority": false }, "geometry": { "type": "LineString", "coordinates": [ [ -74.02762, 40.743222 ], [ -74.027971, 40.743287 ] ] } },
{ "type": "Feature", "properties": { "id": "760178667-387", "name": "Jefferson Street", "class": "tertiary", "is_priority": false }, "geometry": { "type": "LineString", "coordinates": [ [ -74.034528, 40.750933 ], [ -74.034174, 40.752072 ], [ -74.034142, 40.75211 ] ] } },
{ "type": "Feature", "properties": { "id": "760178668-388", "name": "12th Street", "class": "tertiary", "is_priority": false }, "geometry": { "type": "LineString", "coordinates": [ [ -74.034142, 40.75211 ], [ -74.034061, 40.752122 ] ] } },
{ "type": "Feature", "properties": { "id": "767338834-389", "name": "Willow Avenue", "class": "secondary", "is_priority": false }, "geometry": { "type": "LineString", "coordinates": [ [ -74.028901, 40.756276 ], [ -74.028806, 40.756594 ] ] } },
{ "type": "Feature", "properties": { "id": "771190869-390", "name": "Grand Street", "class": "residential", "is_priority": false }, "geometry": { "type": "LineString", "coordinates": [ [ -74.033768, 40.746986 ], [ -74.034304, 40.745232 ] ] } },
{ "type": "Feature", "properties": { "id": "771190869-391", "name": "Grand Street", "class": "residential", "is_priority": false }, "geometry": { "type": "LineString", "coordinates": [ [ -74.034304, 40.745232 ], [ -74.034374, 40.745004 ] ] } },
{ "type": "Feature", "properties": { "id": "773611134-392", "name": "Hudson Street", "class": "tertiary", "is_priority": false }, "geometry": { "type": "LineString", "coordinates": [ [ -74.025256, 40.752165 ], [ -74.02564, 40.750913 ] ] } },
{ "type": "Feature", "properties": { "id": "800211284-393", "name": "Willow Avenue", "class": "secondary", "is_priority": false }, "geometry": { "type": "LineString", "coordinates": [ [ -74.028722, 40.756878 ], [ -74.028497, 40.757606 ] ] } },
{ "type": "Feature", "properties": { "id": "800211289-394", "name": "14th Street", "class": "secondary", "is_priority": false }, "geometry": { "type": "LineString", "coordinates": [ [ -74.031367, 40.754243 ], [ -74.033669, 40.75467 ] ] } },
{ "type": "Feature", "properties": { "id": "800211289-395", "name": "14th Street", "class": "secondary", "is_priority": false }, "geometry": { "type": "LineString", "coordinates": [ [ -74.033669, 40.75467 ], [ -74.034464, 40.754818 ], [ -74.035038, 40.754908 ] ] } },
{ "type": "Feature", "properties": { "id": "844172454-396", "name": "Hudson Street", "class": "tertiary", "is_priority": false }, "geometry": { "type": "LineString", "coordinates": [ [ -74.029563, 40.738049 ], [ -74.02961, 40.737893 ] ] } },
{ "type": "Feature", "properties": { "id": "844172455-397", "name": "Hudson Street", "class": "tertiary", "is_priority": false }, "geometry": { "type": "LineString", "coordinates": [ [ -74.029613, 40.737812 ], [ -74.029746, 40.73738 ], [ -74.029797, 40.737269 ] ] } },
{ "type": "Feature", "properties": { "id": "844172456-398", "name": "Hudson Street", "class": "tertiary", "is_priority": false }, "geometry": { "type": "LineString", "coordinates": [ [ -74.029507, 40.73823 ], [ -74.029563, 40.738049 ] ] } },
{ "type": "Feature", "properties": { "id": "844172457-399", "name": "Hudson Street", "class": "tertiary", "is_priority": false }, "geometry": { "type": "LineString", "coordinates": [ [ -74.02949, 40.738285 ], [ -74.029507, 40.73823 ] ] } },
{ "type": "Feature", "properties": { "id": "844172458-400", "name": "Hudson Street", "class": "tertiary", "is_priority": false }, "geometry": { "type": "LineString", "coordinates": [ [ -74.02961, 40.737893 ], [ -74.029613, 40.737812 ] ] } },
{ "type": "Feature", "properties": { "id": "846850508-401", "name": "Willow Avenue", "class": "secondary", "is_priority": false }, "geometry": { "type": "LineString", "coordinates": [ [ -74.030615, 40.750727 ], [ -74.030702, 40.750511 ] ] } },
{ "type": "Feature", "properties": { "id": "846850509-402", "name": "Clinton Street", "class": "tertiary", "is_priority": false }, "geometry": { "type": "LineString", "coordinates": [ [ -74.03353, 40.744516 ], [ -74.033218, 40.745546 ] ] } },
{ "type": "Feature", "properties": { "id": "846850514-403", "name": "Clinton Street", "class": "tertiary", "is_priority": false }, "geometry": { "type": "LineString", "coordinates": [ [ -74.035432, 40.738254 ], [ -74.034913, 40.740012 ] ] } },
{ "type": "Feature", "properties": { "id": "846850514-404", "name": "Clinton Street", "class": "tertiary", "is_priority": false }, "geometry": { "type": "LineString", "coordinates": [ [ -74.034913, 40.740012 ], [ -74.034383, 40.741767 ] ] } },
{ "type": "Feature", "properties": { "id": "846850514-405", "name": "Clinton Street", "class": "tertiary", "is_priority": false }, "geometry": { "type": "LineString", "coordinates": [ [ -74.034383, 40.741767 ], [ -74.03428, 40.742084 ] ] } },
{ "type": "Feature", "properties": { "id": "846850515-406", "name": "Hudson Place", "class": "residential", "is_priority": false }, "geometry": { "type": "LineString", "coordinates": [ [ -74.028265, 40.73574 ], [ -74.029185, 40.735903 ] ] } },
{ "type": "Feature", "properties": { "id": "846850524-407", "name": "Clinton Street", "class": "tertiary", "is_priority": false }, "geometry": { "type": "LineString", "coordinates": [ [ -74.03398, 40.743014 ], [ -74.033706, 40.74397 ], [ -74.03353, 40.744516 ] ] } },
{ "type": "Feature", "properties": { "id": "900664242-408", "name": "Marshall Street", "class": "residential", "is_priority": false }, "geometry": { "type": "LineString", "coordinates": [ [ -74.042916, 40.739569 ], [ -74.042519, 40.740855 ] ] } },
{ "type": "Feature", "properties": { "id": "900664243-409", "name": "1st Street", "class": "tertiary", "is_priority": false }, "geometry": { "type": "LineString", "coordinates": [ [ -74.042916, 40.739569 ], [ -74.04197, 40.739406 ] ] } },
{ "type": "Feature", "properties": { "id": "908894882-410", "name": "Washington Street", "class": "secondary", "is_priority": false }, "geometry": { "type": "LineString", "coordinates": [ [ -74.030124, 40.739996 ], [ -74.030081, 40.740136 ] ] } },
{ "type": "Feature", "properties": { "id": "908894883-411", "name": "Washington Street", "class": "secondary", "is_priority": false }, "geometry": { "type": "LineString", "coordinates": [ [ -74.030081, 40.740136 ], [ -74.030026, 40.74032 ] ] } },
{ "type": "Feature", "properties": { "id": "908894884-412", "name": "Washington Street", "class": "secondary", "is_priority": false }, "geometry": { "type": "LineString", "coordinates": [ [ -74.030026, 40.74032 ], [ -74.029877, 40.740822 ] ] } },
{ "type": "Feature", "properties": { "id": "908894885-413", "name": "Washington Street", "class": "secondary", "is_priority": false }, "geometry": { "type": "LineString", "coordinates": [ [ -74.029877, 40.740822 ], [ -74.029779, 40.741149 ] ] } },
{ "type": "Feature", "properties": { "id": "908894886-414", "name": "Washington Street", "class": "secondary", "is_priority": false }, "geometry": { "type": "LineString", "coordinates": [ [ -74.029779, 40.741149 ], [ -74.029414, 40.742341 ] ] } },
{ "type": "Feature", "properties": { "id": "908894887-415", "name": "Washington Street", "class": "secondary", "is_priority": false }, "geometry": { "type": "LineString", "coordinates": [ [ -74.029414, 40.742341 ], [ -74.029341, 40.742591 ] ] } },
{ "type": "Feature", "properties": { "id": "908894888-416", "name": "Washington Street", "class": "secondary", "is_priority": false }, "geometry": { "type": "LineString", "coordinates": [ [ -74.029341, 40.742591 ], [ -74.029186, 40.743113 ] ] } },
{ "type": "Feature", "properties": { "id": "908894889-417", "name": "Washington Street", "class": "secondary", "is_priority": false }, "geometry": { "type": "LineString", "coordinates": [ [ -74.029186, 40.743113 ], [ -74.029116, 40.743353 ] ] } },
{ "type": "Feature", "properties": { "id": "908894890-418", "name": "Washington Street", "class": "secondary", "is_priority": false }, "geometry": { "type": "LineString", "coordinates": [ [ -74.028642, 40.7449 ], [ -74.028565, 40.745155 ] ] } },
{ "type": "Feature", "properties": { "id": "908894891-419", "name": "Washington Street", "class": "secondary", "is_priority": false }, "geometry": { "type": "LineString", "coordinates": [ [ -74.028685, 40.74476 ], [ -74.028642, 40.7449 ] ] } },
{ "type": "Feature", "properties": { "id": "908894892-420", "name": "Washington Street", "class": "secondary", "is_priority": false }, "geometry": { "type": "LineString", "coordinates": [ [ -74.028423, 40.74562 ], [ -74.028347, 40.745871 ] ] } },
{ "type": "Feature", "properties": { "id": "908894893-421", "name": "Washington Street", "class": "secondary", "is_priority": false }, "geometry": { "type": "LineString", "coordinates": [ [ -74.028347, 40.745871 ], [ -74.0283, 40.746023 ] ] } },
{ "type": "Feature", "properties": { "id": "908894894-422", "name": "Washington Street", "class": "secondary", "is_priority": false }, "geometry": { "type": "LineString", "coordinates": [ [ -74.027785, 40.747681 ], [ -74.027645, 40.748148 ] ] } },
{ "type": "Feature", "properties": { "id": "908894895-423", "name": "Washington Street", "class": "secondary", "is_priority": false }, "geometry": { "type": "LineString", "coordinates": [ [ -74.027862, 40.747421 ], [ -74.027785, 40.747681 ] ] } },
{ "type": "Feature", "properties": { "id": "908894896-424", "name": "Washington Street", "class": "secondary", "is_priority": false }, "geometry": { "type": "LineString", "coordinates": [ [ -74.027556, 40.748446 ], [ -74.02752, 40.748565 ] ] } },
{ "type": "Feature", "properties": { "id": "908894897-425", "name": "Washington Street", "class": "secondary", "is_priority": false }, "geometry": { "type": "LineString", "coordinates": [ [ -74.027645, 40.748148 ], [ -74.027556, 40.748446 ] ] } },
{ "type": "Feature", "properties": { "id": "908894898-426", "name": "Washington Street", "class": "secondary", "is_priority": false }, "geometry": { "type": "LineString", "coordinates": [ [ -74.027099, 40.749946 ], [ -74.027059, 40.750068 ] ] } },
{ "type": "Feature", "properties": { "id": "908894899-427", "name": "Washington Street", "class": "secondary", "is_priority": false }, "geometry": { "type": "LineString", "coordinates": [ [ -74.027059, 40.750068 ], [ -74.026966, 40.750377 ] ] } },
{ "type": "Feature", "properties": { "id": "908894900-428", "name": "Washington Street", "class": "secondary", "is_priority": false }, "geometry": { "type": "LineString", "coordinates": [ [ -74.026966, 40.750377 ], [ -74.026867, 40.750703 ] ] } },
{ "type": "Feature", "properties": { "id": "908894901-429", "name": "Washington Street", "class": "secondary", "is_priority": false }, "geometry": { "type": "LineString", "coordinates": [ [ -74.026867, 40.750703 ], [ -74.02678, 40.750993 ] ] } },
{ "type": "Feature", "properties": { "id": "908894902-430", "name": "Washington Street", "class": "secondary", "is_priority": false }, "geometry": { "type": "LineString", "coordinates": [ [ -74.026361, 40.752372 ], [ -74.026324, 40.752488 ] ] } },
{ "type": "Feature", "properties": { "id": "908894903-431", "name": "Washington Street", "class": "secondary", "is_priority": false }, "geometry": { "type": "LineString", "coordinates": [ [ -74.026324, 40.752488 ], [ -74.02625, 40.752718 ] ] } },
{ "type": "Feature", "properties": { "id": "908894904-432", "name": "Washington Street", "class": "secondary", "is_priority": false }, "geometry": { "type": "LineString", "coordinates": [ [ -74.030778, 40.737847 ], [ -74.030631, 40.738332 ] ] } },
{ "type": "Feature", "properties": { "id": "908894905-433", "name": "Washington Street", "class": "secondary", "is_priority": false }, "geometry": { "type": "LineString", "coordinates": [ [ -74.030631, 40.738332 ], [ -74.030552, 40.738589 ] ] } },
{ "type": "Feature", "properties": { "id": "908894906-434", "name": "Washington Street", "class": "secondary", "is_priority": false }, "geometry": { "type": "LineString", "coordinates": [ [ -74.030899, 40.737447 ], [ -74.030856, 40.737592 ] ] } },
{ "type": "Feature", "properties": { "id": "908894907-435", "name": "Washington Street", "class": "secondary", "is_priority": false }, "geometry": { "type": "LineString", "coordinates": [ [ -74.030856, 40.737592 ], [ -74.030778, 40.737847 ] ] } },
{ "type": "Feature", "properties": { "id": "908894908-436", "name": "Washington Street", "class": "secondary", "is_priority": false }, "geometry": { "type": "LineString", "coordinates": [ [ -74.031106, 40.736763 ], [ -74.031057, 40.736925 ] ] } },
{ "type": "Feature", "properties": { "id": "908894909-437", "name": "Washington Street", "class": "secondary", "is_priority": false }, "geometry": { "type": "LineString", "coordinates": [ [ -74.031163, 40.736574 ], [ -74.031106, 40.736763 ] ] } },
{ "type": "Feature", "properties": { "id": "912170222-438", "name": "Observer Highway", "class": "secondary", "is_priority": false }, "geometry": { "type": "LineString", "coordinates": [ [ -74.037438, 40.736648 ], [ -74.037679, 40.73669 ] ] } },
{ "type": "Feature", "properties": { "id": "912170223-439", "name": "Observer Highway", "class": "secondary", "is_priority": false }, "geometry": { "type": "LineString", "coordinates": [ [ -74.034975, 40.736218 ], [ -74.034596, 40.736151 ] ] } },
{ "type": "Feature", "properties": { "id": "912170224-440", "name": "Observer Highway", "class": "secondary", "is_priority": false }, "geometry": { "type": "LineString", "coordinates": [ [ -74.032868, 40.735845 ], [ -74.032268, 40.73574 ] ] } },
{ "type": "Feature", "properties": { "id": "912170225-441", "name": "Washington Street", "class": "secondary", "is_priority": false }, "geometry": { "type": "LineString", "coordinates": [ [ -74.031456, 40.735605 ], [ -74.031364, 40.735911 ] ] } },
{ "type": "Feature", "properties": { "id": "912170226-442", "name": "Observer Highway", "class": "tertiary", "is_priority": false }, "geometry": { "type": "LineString", "coordinates": [ [ -74.031456, 40.735605 ], [ -74.031145, 40.73555 ] ] } },
{ "type": "Feature", "properties": { "id": "919069122-443", "name": "14th Street", "class": "residential", "is_priority": false }, "geometry": { "type": "LineString", "coordinates": [ [ -74.032455, 40.754527 ], [ -74.034304, 40.754856 ] ] } },
{ "type": "Feature", "properties": { "id": "944908423-444", "name": "Observer Highway", "class": "tertiary", "is_priority": false }, "geometry": { "type": "LineString", "coordinates": [ [ -74.041588, 40.737429 ], [ -74.042525, 40.737606 ] ] } },
{ "type": "Feature", "properties": { "id": "944908424-445", "name": "Observer Highway", "class": "secondary", "is_priority": false }, "geometry": { "type": "LineString", "coordinates": [ [ -74.040098, 40.737149 ], [ -74.039729, 40.737086 ] ] } },
{ "type": "Feature", "properties": { "id": "962843924-446", "name": "Willow Avenue", "class": "secondary", "is_priority": false }, "geometry": { "type": "LineString", "coordinates": [ [ -74.034944, 40.736694 ], [ -74.035077, 40.736237 ] ] } },
{ "type": "Feature", "properties": { "id": "988019894-447", "name": "2nd Street", "class": "residential", "is_priority": false }, "geometry": { "type": "LineString", "coordinates": [ [ -74.041582, 40.740681 ], [ -74.042519, 40.740855 ] ] } },
{ "type": "Feature", "properties": { "id": "988019895-448", "name": "Jackson Street", "class": "tertiary", "is_priority": false }, "geometry": { "type": "LineString", "coordinates": [ [ -74.040648, 40.740519 ], [ -74.040251, 40.741776 ] ] } },
{ "type": "Feature", "properties": { "id": "988300235-449", "name": "Harrison Street", "class": "residential", "is_priority": false }, "geometry": { "type": "LineString", "coordinates": [ [ -74.042196, 40.73869 ], [ -74.042525, 40.737606 ] ] } },
{ "type": "Feature", "properties": { "id": "1003355619-450", "name": "", "class": "residential", "is_priority": false }, "geometry": { "type": "LineString", "coordinates": [ [ -74.042519, 40.741133 ], [ -74.042453, 40.741056 ] ] } },
{ "type": "Feature", "properties": { "id": "1020576047-451", "name": "Castle Point Terrace", "class": "residential", "is_priority": false }, "geometry": { "type": "LineString", "coordinates": [ [ -74.025789, 40.746915 ], [ -74.025431, 40.748094 ] ] } },
{ "type": "Feature", "properties": { "id": "1024738231-452", "name": "Observer Highway", "class": "secondary", "is_priority": false }, "geometry": { "type": "LineString", "coordinates": [ [ -74.035077, 40.736237 ], [ -74.034975, 40.736218 ] ] } },
{ "type": "Feature", "properties": { "id": "1024738232-453", "name": "Observer Highway", "class": "secondary", "is_priority": false }, "geometry": { "type": "LineString", "coordinates": [ [ -74.034243, 40.736087 ], [ -74.034135, 40.736068 ] ] } },
{ "type": "Feature", "properties": { "id": "1026373602-454", "name": "Observer Highway", "class": "secondary", "is_priority": false }, "geometry": { "type": "LineString", "coordinates": [ [ -74.037679, 40.73669 ], [ -74.037963, 40.73674 ] ] } },
{ "type": "Feature", "properties": { "id": "1026373603-455", "name": "Observer Highway", "class": "secondary", "is_priority": false }, "geometry": { "type": "LineString", "coordinates": [ [ -74.037963, 40.73674 ], [ -74.038405, 40.736817 ], [ -74.038545, 40.736826 ] ] } },
{ "type": "Feature", "properties": { "id": "1030292714-456", "name": "12th Street", "class": "tertiary", "is_priority": false }, "geometry": { "type": "LineString", "coordinates": [ [ -74.030637, 40.751797 ], [ -74.030306, 40.751741 ] ] } },
{ "type": "Feature", "properties": { "id": "1032816253-457", "name": "Newark Street", "class": "tertiary", "is_priority": false }, "geometry": { "type": "LineString", "coordinates": [ [ -74.029532, 40.73664 ], [ -74.029889, 40.736697 ], [ -74.029973, 40.736732 ] ] } },
{ "type": "Feature", "properties": { "id": "1036506850-458", "name": "Park Avenue", "class": "tertiary", "is_priority": false }, "geometry": { "type": "LineString", "coordinates": [ [ -74.028882, 40.753372 ], [ -74.028782, 40.753725 ] ] } },
{ "type": "Feature", "properties": { "id": "1037056287-459", "name": "Hudson Street", "class": "tertiary", "is_priority": false }, "geometry": { "type": "LineString", "coordinates": [ [ -74.029891, 40.736991 ], [ -74.029973, 40.736732 ] ] } },
{ "type": "Feature", "properties": { "id": "1037062666-460", "name": "1st Street", "class": "tertiary", "is_priority": false }, "geometry": { "type": "LineString", "coordinates": [ [ -74.031242, 40.737507 ], [ -74.030899, 40.737447 ] ] } },
{ "type": "Feature", "properties": { "id": "1041365527-461", "name": "11th Street", "class": "unclassified", "is_priority": false }, "geometry": { "type": "LineString", "coordinates": [ [ -74.025749, 40.749707 ], [ -74.025995, 40.749751 ] ] } },
{ "type": "Feature", "properties": { "id": "1046871878-462", "name": "15th Street", "class": "tertiary", "is_priority": false }, "geometry": { "type": "LineString", "coordinates": [ [ -74.028932, 40.755014 ], [ -74.029272, 40.755076 ] ] } },
{ "type": "Feature", "properties": { "id": "1047069365-463", "name": "Maxwell Place", "class": "residential", "is_priority": false }, "geometry": { "type": "LineString", "coordinates": [ [ -74.025181, 40.749138 ], [ -74.025075, 40.749484 ] ] } },
{ "type": "Feature", "properties": { "id": "1047069366-464", "name": "11th Street", "class": "residential", "is_priority": false }, "geometry": { "type": "LineString", "coordinates": [ [ -74.026029, 40.749645 ], [ -74.025075, 40.749484 ] ] } },
{ "type": "Feature", "properties": { "id": "1047069808-465", "name": "Hudson Street", "class": "tertiary", "is_priority": false }, "geometry": { "type": "LineString", "coordinates": [ [ -74.028362, 40.74201 ], [ -74.028656, 40.741084 ] ] } },
{ "type": "Feature", "properties": { "id": "1047752031-466", "name": "Observer Highway", "class": "secondary", "is_priority": false }, "geometry": { "type": "LineString", "coordinates": [ [ -74.032268, 40.73574 ], [ -74.032057, 40.735701 ] ] } },
{ "type": "Feature", "properties": { "id": "1047752032-467", "name": "Observer Highway", "class": "secondary", "is_priority": false }, "geometry": { "type": "LineString", "coordinates": [ [ -74.032057, 40.735701 ], [ -74.031839, 40.735663 ] ] } },
{ "type": "Feature", "properties": { "id": "1047756149-468", "name": "", "class": "residential", "is_priority": false }, "geometry": { "type": "LineString", "coordinates": [ [ -74.025075, 40.749484 ], [ -74.025046, 40.74958 ] ] } },
{ "type": "Feature", "properties": { "id": "1057788574-469", "name": "Hudson Street", "class": "tertiary", "is_priority": false }, "geometry": { "type": "LineString", "coordinates": [ [ -74.02643, 40.748367 ], [ -74.026949, 40.74661 ] ] } },
{ "type": "Feature", "properties": { "id": "1057788574-470", "name": "Hudson Street", "class": "tertiary", "is_priority": false }, "geometry": { "type": "LineString", "coordinates": [ [ -74.026949, 40.74661 ], [ -74.027071, 40.746222 ] ] } },
{ "type": "Feature", "properties": { "id": "1057788575-471", "name": "Hudson Street", "class": "tertiary", "is_priority": false }, "geometry": { "type": "LineString", "coordinates": [ [ -74.02607, 40.749487 ], [ -74.026129, 40.749305 ] ] } },
{ "type": "Feature", "properties": { "id": "1057788576-472", "name": "15th Street", "class": "residential", "is_priority": false }, "geometry": { "type": "LineString", "coordinates": [ [ -74.025004, 40.754267 ], [ -74.024107, 40.754106 ] ] } },
{ "type": "Feature", "properties": { "id": "1057788579-473", "name": "15th Street", "class": "residential", "is_priority": false }, "geometry": { "type": "LineString", "coordinates": [ [ -74.028427, 40.754925 ], [ -74.028304, 40.754917 ], [ -74.027697, 40.754797 ] ] } },
{ "type": "Feature", "properties": { "id": "1057788580-474", "name": "Park Avenue", "class": "residential", "is_priority": false }, "geometry": { "type": "LineString", "coordinates": [ [ -74.030958, 40.746502 ], [ -74.030576, 40.747762 ] ] } },
{ "type": "Feature", "properties": { "id": "1057788581-475", "name": "Garden Street", "class": "residential", "is_priority": false }, "geometry": { "type": "LineString", "coordinates": [ [ -74.03119, 40.74252 ], [ -74.031494, 40.741585 ], [ -74.031734, 40.740767 ] ] } },
{ "type": "Feature", "properties": { "id": "1057788581-476", "name": "Garden Street", "class": "residential", "is_priority": false }, "geometry": { "type": "LineString", "coordinates": [ [ -74.031734, 40.740767 ], [ -74.032269, 40.739012 ] ] } },
{ "type": "Feature", "properties": { "id": "1057788581-477", "name": "Garden Street", "class": "residential", "is_priority": false }, "geometry": { "type": "LineString", "coordinates": [ [ -74.032269, 40.739012 ], [ -74.032809, 40.737258 ] ] } },
{ "type": "Feature", "properties": { "id": "1057788581-478", "name": "Garden Street", "class": "residential", "is_priority": false }, "geometry": { "type": "LineString", "coordinates": [ [ -74.032809, 40.737258 ], [ -74.033216, 40.735906 ] ] } },
{ "type": "Feature", "properties": { "id": "1057788582-479", "name": "Garden Street", "class": "residential", "is_priority": false }, "geometry": { "type": "LineString", "coordinates": [ [ -74.029535, 40.747969 ], [ -74.030063, 40.746213 ] ] } },
{ "type": "Feature", "properties": { "id": "1057788582-480", "name": "Garden Street", "class": "residential", "is_priority": false }, "geometry": { "type": "LineString", "coordinates": [ [ -74.030063, 40.746213 ], [ -74.030604, 40.744459 ] ] } },
{ "type": "Feature", "properties": { "id": "1057788582-481", "name": "Garden Street", "class": "residential", "is_priority": false }, "geometry": { "type": "LineString", "coordinates": [ [ -74.030604, 40.744459 ], [ -74.031135, 40.742703 ] ] } },
{ "type": "Feature", "properties": { "id": "1057788582-482", "name": "Garden Street", "class": "residential", "is_priority": false }, "geometry": { "type": "LineString", "coordinates": [ [ -74.031135, 40.742703 ], [ -74.03119, 40.74252 ] ] } },
{ "type": "Feature", "properties": { "id": "1057788583-483", "name": "4th Street", "class": "tertiary", "is_priority": false }, "geometry": { "type": "LineString", "coordinates": [ [ -74.026881, 40.741023 ], [ -74.027112, 40.74087 ] ] } },
{ "type": "Feature", "properties": { "id": "1104600857-484", "name": "6th Street", "class": "residential", "is_priority": false }, "geometry": { "type": "LineString", "coordinates": [ [ -74.027446, 40.743192 ], [ -74.027578, 40.743215 ] ] } },
{ "type": "Feature", "properties": { "id": "1104600858-485", "name": "6th Street", "class": "residential", "is_priority": false }, "geometry": { "type": "LineString", "coordinates": [ [ -74.027578, 40.743215 ], [ -74.02762, 40.743222 ] ] } },
{ "type": "Feature", "properties": { "id": "1120280021-486", "name": "Willow Avenue", "class": "secondary", "is_priority": false }, "geometry": { "type": "LineString", "coordinates": [ [ -74.028968, 40.756052 ], [ -74.028901, 40.756276 ] ] } },
{ "type": "Feature", "properties": { "id": "1120280022-487", "name": "Willow Avenue", "class": "secondary", "is_priority": false }, "geometry": { "type": "LineString", "coordinates": [ [ -74.029272, 40.755076 ], [ -74.029201, 40.755304 ] ] } },
{ "type": "Feature", "properties": { "id": "1120556251-488", "name": "Madison Street", "class": "secondary", "is_priority": false }, "geometry": { "type": "LineString", "coordinates": [ [ -74.039511, 40.736799 ], [ -74.039748, 40.736853 ] ] } },
{ "type": "Feature", "properties": { "id": "1121689629-489", "name": "Observer Highway", "class": "secondary", "is_priority": false }, "geometry": { "type": "LineString", "coordinates": [ [ -74.034596, 40.736151 ], [ -74.034243, 40.736087 ] ] } },
{ "type": "Feature", "properties": { "id": "1121988372-490", "name": "Paterson Avenue", "class": "secondary", "is_priority": false }, "geometry": { "type": "LineString", "coordinates": [ [ -74.041957, 40.738437 ], [ -74.042196, 40.73869 ] ] } },
{ "type": "Feature", "properties": { "id": "1135736188-491", "name": "Newark Street", "class": "secondary", "is_priority": false }, "geometry": { "type": "LineString", "coordinates": [ [ -74.038787, 40.736938 ], [ -74.038535, 40.736969 ] ] } },
{ "type": "Feature", "properties": { "id": "1135736189-492", "name": "Newark Street", "class": "secondary", "is_priority": false }, "geometry": { "type": "LineString", "coordinates": [ [ -74.038535, 40.736969 ], [ -74.038137, 40.73703 ] ] } },
{ "type": "Feature", "properties": { "id": "1136978170-493", "name": "Willow Avenue", "class": "secondary", "is_priority": false }, "geometry": { "type": "LineString", "coordinates": [ [ -74.028806, 40.756594 ], [ -74.028722, 40.756878 ] ] } },
{ "type": "Feature", "properties": { "id": "1204253420-494", "name": "Marin Boulevard", "class": "secondary", "is_priority": false }, "geometry": { "type": "LineString", "coordinates": [ [ -74.038545, 40.736826 ], [ -74.038582, 40.736734 ] ] } },
{ "type": "Feature", "properties": { "id": "1258439197-495", "name": "Willow Avenue", "class": "secondary", "is_priority": false }, "geometry": { "type": "LineString", "coordinates": [ [ -74.030702, 40.750511 ], [ -74.030756, 40.750416 ], [ -74.031265, 40.748763 ] ] } },
{ "type": "Feature", "properties": { "id": "1258439197-496", "name": "Willow Avenue", "class": "secondary", "is_priority": false }, "geometry": { "type": "LineString", "coordinates": [ [ -74.031265, 40.748763 ], [ -74.031515, 40.74793 ] ] } },
{ "type": "Feature", "properties": { "id": "1303625538-497", "name": "7th Street", "class": "residential", "is_priority": false }, "geometry": { "type": "LineString", "coordinates": [ [ -74.038805, 40.746538 ], [ -74.03788, 40.746373 ] ] } },
{ "type": "Feature", "properties": { "id": "1317487523-498", "name": "Grand Street", "class": "residential", "is_priority": false }, "geometry": { "type": "LineString", "coordinates": [ [ -74.031186, 40.755393 ], [ -74.03156, 40.754186 ] ] } },
{ "type": "Feature", "properties": { "id": "1317613752-499", "name": "15th Street", "class": "residential", "is_priority": false }, "geometry": { "type": "LineString", "coordinates": [ [ -74.025874, 40.754431 ], [ -74.025004, 40.754267 ] ] } },
{ "type": "Feature", "properties": { "id": "1317735329-500", "name": "8th Street", "class": "residential", "is_priority": false }, "geometry": { "type": "LineString", "coordinates": [ [ -74.026189, 40.745592 ], [ -74.027133, 40.745763 ], [ -74.027206, 40.745803 ] ] } },
{ "type": "Feature", "properties": { "id": "1318153241-501", "name": "Adams Street", "class": "tertiary", "is_priority": false }, "geometry": { "type": "LineString", "coordinates": [ [ -74.033241, 40.751978 ], [ -74.033156, 40.752234 ] ] } },
{ "type": "Feature", "properties": { "id": "1318153242-502", "name": "10th Street", "class": "residential", "is_priority": false }, "geometry": { "type": "LineString", "coordinates": [ [ -74.02752, 40.748565 ], [ -74.029828, 40.748971 ] ] } },
{ "type": "Feature", "properties": { "id": "1318153242-503", "name": "10th Street", "class": "residential", "is_priority": false }, "geometry": { "type": "LineString", "coordinates": [ [ -74.029828, 40.748971 ], [ -74.030201, 40.749038 ] ] } },
{ "type": "Feature", "properties": { "id": "1376950609-504", "name": "Marin Boulevard", "class": "secondary", "is_priority": false }, "geometry": { "type": "LineString", "coordinates": [ [ -74.038582, 40.736734 ], [ -74.038652, 40.736564 ] ] } },
{ "type": "Feature", "properties": { "id": "1422401909-505", "name": "11th Street", "class": "residential", "is_priority": false }, "geometry": { "type": "LineString", "coordinates": [ [ -74.036394, 40.751262 ], [ -74.035454, 40.751096 ] ] } },
{ "type": "Feature", "properties": { "id": "1426679048-506", "name": "15th Street", "class": "residential", "is_priority": false }, "geometry": { "type": "LineString", "coordinates": [ [ -74.027459, 40.754736 ], [ -74.027492, 40.754778 ], [ -74.027607, 40.754809 ], [ -74.027697, 40.754797 ] ] } },
{ "type": "Feature", "properties": { "id": "1426679049-507", "name": "15th Street", "class": "residential", "is_priority": false }, "geometry": { "type": "LineString", "coordinates": [ [ -74.027697, 40.754797 ], [ -74.027636, 40.754751 ], [ -74.027525, 40.754724 ], [ -74.027459, 40.754736 ] ] } },
{ "type": "Feature", "properties": { "id": "1451159051-508", "name": "6th Street", "class": "residential", "is_priority": false }, "geometry": { "type": "LineString", "coordinates": [ [ -74.027971, 40.743287 ], [ -74.029077, 40.743483 ] ] } },
{ "type": "Feature", "properties": { "id": "1452435363-509", "name": "9th Street", "class": "residential", "is_priority": false }, "geometry": { "type": "LineString", "coordinates": [ [ -74.026797, 40.747087 ], [ -74.024934, 40.746762 ] ] } },
{ "type": "Feature", "properties": { "id": "1466029804-510", "name": "11th Street", "class": "residential", "is_priority": false }, "geometry": { "type": "LineString", "coordinates": [ [ -74.035454, 40.751096 ], [ -74.034528, 40.750933 ] ] } },
{ "type": "Feature", "properties": { "id": "1466044812-511", "name": "Bloomfield Street", "class": "tertiary", "is_priority": false }, "geometry": { "type": "LineString", "coordinates": [ [ -74.03172, 40.737591 ], [ -74.031322, 40.738876 ] ] } },
{ "type": "Feature", "properties": { "id": "1466052410-512", "name": "13th Street", "class": "residential", "is_priority": false }, "geometry": { "type": "LineString", "coordinates": [ [ -74.03193, 40.753012 ], [ -74.032865, 40.753174 ] ] } },
{ "type": "Feature", "properties": { "id": "1466052411-513", "name": "Adams Street", "class": "tertiary", "is_priority": false }, "geometry": { "type": "LineString", "coordinates": [ [ -74.033156, 40.752234 ], [ -74.032865, 40.753174 ] ] } },
{ "type": "Feature", "properties": { "id": "1466052412-514", "name": "Adams Street", "class": "tertiary", "is_priority": false }, "geometry": { "type": "LineString", "coordinates": [ [ -74.032455, 40.754527 ], [ -74.032129, 40.755556 ] ] } },
{ "type": "Feature", "properties": { "id": "1466052413-515", "name": "14th Street", "class": "residential", "is_priority": false }, "geometry": { "type": "LineString", "coordinates": [ [ -74.031506, 40.754371 ], [ -74.032455, 40.754527 ] ] } },
{ "type": "Feature", "properties": { "id": "1466052414-516", "name": "Madison Street", "class": "tertiary", "is_priority": false }, "geometry": { "type": "LineString", "coordinates": [ [ -74.034304, 40.754856 ], [ -74.033992, 40.755857 ] ] } },
{ "type": "Feature", "properties": { "id": "1466052415-517", "name": "Madison Street", "class": "tertiary", "is_priority": false }, "geometry": { "type": "LineString", "coordinates": [ [ -74.03582, 40.749887 ], [ -74.035454, 40.751096 ] ] } },
{ "type": "Feature", "properties": { "id": "1466052416-518", "name": "Harrison Street", "class": "residential", "is_priority": false }, "geometry": { "type": "LineString", "coordinates": [ [ -74.041582, 40.740681 ], [ -74.04197, 40.739406 ] ] } },
{ "type": "Feature", "properties": { "id": "1466052417-519", "name": "2nd Street", "class": "residential", "is_priority": false }, "geometry": { "type": "LineString", "coordinates": [ [ -74.040648, 40.740519 ], [ -74.041582, 40.740681 ] ] } },
{ "type": "Feature", "properties": { "id": "1482627848-520", "name": "14th Street", "class": "secondary", "is_priority": false }, "geometry": { "type": "LineString", "coordinates": [ [ -74.026083, 40.753234 ], [ -74.026413, 40.753294 ] ] } }
]
}
