{
"type": "FeatureCollection",
"name": "roads",
"crs": { "type": "name", "properties": { "name": "urn:ogc:def:crs:OGC:1.3:CRS84" } },
"features": [
{ "type": "Feature", "properties": { "id": "11648485-0", "osm_way": 11648485, "name": "", "class": "tertiary", "is_priority": false, "length_m": 42.0 }, "geometry": { "type": "LineString", "coordinates": [ [ -74.4515126, 40.5053361 ], [ -74.4517482, 40.505530899999989 ], [ -74.451832, 40.505624 ] ] } },
{ "type": "Feature", "properties": { "id": "11648905-1", "osm_way": 11648905, "name": "", "class": "residential", "is_priority": false, "length_m": 15.6 }, "geometry": { "type": "LineString", "coordinates": [ [ -74.4514567, 40.480374 ], [ -74.4514447, 40.4803156 ], [ -74.4514373, 40.4802652 ], [ -74.4514376, 40.4802348 ] ] } },
{ "type": "Feature", "properties": { "id": "11649436-2", "osm_way": 11649436, "name": "Drift Street", "class": "residential", "is_priority": false, "length_m": 82.0 }, "geometry": { "type": "LineString", "coordinates": [ [ -74.4511747, 40.4894213 ], [ -74.451098200000018, 40.489464500000011 ], [ -74.4507599, 40.4896556 ], [ -74.4504089, 40.4898723 ] ] } },
{ "type": "Feature", "properties": { "id": "11649440-3", "osm_way": 11649440, "name": "Cooper Drive", "class": "residential", "is_priority": false, "length_m": 76.7 }, "geometry": { "type": "LineString", "coordinates": [ [ -74.438182, 40.485225 ], [ -74.4378356, 40.4850306 ], [ -74.4375779, 40.4848635 ], [ -74.4374745, 40.4847953 ] ] } },
{ "type": "Feature", "properties": { "id": "11649528-4", "osm_way": 11649528, "name": "", "class": "tertiary_link", "is_priority": false, "length_m": 33.8 }, "geometry": { "type": "LineString", "coordinates": [ [ -74.4666164, 40.5054316 ], [ -74.4666171, 40.5055193 ], [ -74.46664, 40.505589 ], [ -74.4666865, 40.5056469 ], [ -74.4667427, 40.5057111 ] ] } },
{ "type": "Feature", "properties": { "id": "11650336-5", "osm_way": 11650336, "name": "Bridge Street", "class": "residential", "is_priority": false, "length_m": 200.0 }, "geometry": { "type": "LineString", "coordinates": [ [ -74.4581057, 40.4961252 ], [ -74.458102, 40.4960534 ], [ -74.4580767, 40.4955616 ], [ -74.4581551, 40.4953391 ], [ -74.4583114, 40.4951027 ], [ -74.458902477722731, 40.494513043513081 ] ] } },
{ "type": "Feature", "properties": { "id": "11650336-6", "osm_way": 11650336, "name": "Bridge Street", "class": "residential", "is_priority": false, "length_m": 52.8 }, "geometry": { "type": "LineString", "coordinates": [ [ -74.458902477722731, 40.494513043513081 ], [ -74.4589354, 40.4944802 ], [ -74.4589741, 40.494401199999984 ], [ -74.4590635, 40.4942184 ], [ -74.459134500000019, 40.4940734 ] ] } },
{ "type": "Feature", "properties": { "id": "11650379-7", "osm_way": 11650379, "name": "Landing Lane", "class": "primary", "is_priority": true, "length_m": 2.8 }, "geometry": { "type": "LineString", "coordinates": [ [ -74.4671762, 40.5057164 ], [ -74.467208349222645, 40.505710192237295 ] ] } },
{ "type": "Feature", "properties": { "id": "11650661-8", "osm_way": 11650661, "name": "Vorhees Street", "class": "unclassified", "is_priority": false, "length_m": 200.0 }, "geometry": { "type": "LineString", "coordinates": [ [ -74.4349016, 40.4883592 ], [ -74.4348714, 40.4883626 ], [ -74.4348412, 40.4883614 ], [ -74.4348089, 40.4883581 ], [ -74.4347732, 40.488348399999985 ], [ -74.434742, 40.488337 ], [ -74.434702, 40.4883175 ], [ -74.4346668, 40.4882978 ], [ -74.4336715, 40.4877317 ], [ -74.4335263, 40.4876584 ], [ -74.4333356, 40.4875829 ], [ -74.4331495, 40.4875232 ], [ -74.4330282, 40.4874798 ], [ -74.4329537, 40.4874523 ], [ -74.432927, 40.48744330000001 ], [ -74.432904001239066, 40.487435527678663 ] ] } },
{ "type": "Feature", "properties": { "id": "11650661-9", "osm_way": 11650661, "name": "Vorhees Street", "class": "unclassified", "is_priority": false, "length_m": 135.2 }, "geometry": { "type": "LineString", "coordinates": [ [ -74.432904001239066, 40.487435527678663 ], [ -74.432703, 40.4873676 ], [ -74.4319794, 40.4871835 ], [ -74.431587, 40.4871081 ], [ -74.4313853, 40.4870693 ] ] } },
{ "type": "Feature", "properties": { "id": "11650753-10", "osm_way": 11650753, "name": "", "class": "motorway_link", "is_priority": false, "length_m": 17.0 }, "geometry": { "type": "LineString", "coordinates": [ [ -74.451832, 40.505624 ], [ -74.45186, 40.5057194 ], [ -74.4518536, 40.5057743 ] ] } },
{ "type": "Feature", "properties": { "id": "11650800-11", "osm_way": 11650800, "name": "", "class": "residential", "is_priority": false, "length_m": 200.0 }, "geometry": { "type": "LineString", "coordinates": [ [ -74.4416127, 40.4808522 ], [ -74.4415479, 40.4808145 ], [ -74.440928, 40.480454 ], [ -74.4408079, 40.480366899999986 ], [ -74.4406856, 40.4802548 ], [ -74.440635, 40.48021 ], [ -74.440566, 40.480164 ], [ -74.4406219, 40.48010810000001 ], [ -74.4406923, 40.480019 ], [ -74.4407551, 40.4799411 ], [ -74.4407991, 40.47982660000001 ], [ -74.440825, 40.479683 ], [ -74.4409149, 40.4795868 ], [ -74.440985289655401, 40.479508786238448 ] ] } },
{ "type": "Feature", "properties": { "id": "11650800-12", "osm_way": 11650800, "name": "", "class": "residential", "is_priority": false, "length_m": 82.6 }, "geometry": { "type": "LineString", "coordinates": [ [ -74.440985289655401, 40.479508786238448 ], [ -74.441046, 40.4794415 ], [ -74.4410905, 40.4793593 ], [ -74.4410811, 40.479308 ], [ -74.4410565, 40.4792589 ], [ -74.4409659, 40.4791719 ], [ -74.4406096, 40.4789387 ] ] } },
{ "type": "Feature", "properties": { "id": "11650838-13", "osm_way": 11650838, "name": "Paulus Boulevard West", "class": "residential", "is_priority": false, "length_m": 56.7 }, "geometry": { "type": "LineString", "coordinates": [ [ -74.4229846, 40.4847617 ], [ -74.422879, 40.4851529 ], [ -74.4228452, 40.4852615 ] ] } },
{ "type": "Feature", "properties": { "id": "11651028-14", "osm_way": 11651028, "name": "", "class": "residential", "is_priority": false, "length_m": 152.9 }, "geometry": { "type": "LineString", "coordinates": [ [ -74.465638, 40.485651 ], [ -74.466185, 40.485098 ], [ -74.466726, 40.484552 ] ] } },
{ "type": "Feature", "properties": { "id": "11651052-15", "osm_way": 11651052, "name": "", "class": "residential", "is_priority": false, "length_m": 41.0 }, "geometry": { "type": "LineString", "coordinates": [ [ -74.4321819, 40.4784327 ], [ -74.432168, 40.4783602 ], [ -74.4321278, 40.4781544 ], [ -74.4321148, 40.4780671 ] ] } },
{ "type": "Feature", "properties": { "id": "11652194-16", "osm_way": 11652194, "name": "", "class": "residential", "is_priority": false, "length_m": 70.7 }, "geometry": { "type": "LineString", "coordinates": [ [ -74.4278989, 40.478699 ], [ -74.4281481, 40.4786734 ], [ -74.4282082, 40.4786679 ], [ -74.4287268, 40.47862 ] ] } },
{ "type": "Feature", "properties": { "id": "11653564-17", "osm_way": 11653564, "name": "", "class": "residential", "is_priority": false, "length_m": 29.7 }, "geometry": { "type": "LineString", "coordinates": [ [ -74.4414981, 40.477285 ], [ -74.441237, 40.477107 ] ] } },
{ "type": "Feature", "properties": { "id": "11654066-18", "osm_way": 11654066, "name": "", "class": "motorway_link", "is_priority": false, "length_m": 55.9 }, "geometry": { "type": "LineString", "coordinates": [ [ -74.4521662, 40.5065478 ], [ -74.4523231, 40.5065826 ], [ -74.452499, 40.5066022 ], [ -74.4528145, 40.5066355 ] ] } },
{ "type": "Feature", "properties": { "id": "11654755-19", "osm_way": 11654755, "name": "", "class": "residential", "is_priority": false, "length_m": 12.4 }, "geometry": { "type": "LineString", "coordinates": [ [ -74.4588434, 40.4935551 ], [ -74.4588752, 40.4936642 ] ] } },
{ "type": "Feature", "properties": { "id": "11654953-20", "osm_way": 11654953, "name": "", "class": "residential", "is_priority": false, "length_m": 24.9 }, "geometry": { "type": "LineString", "coordinates": [ [ -74.4368023, 40.4808106 ], [ -74.4367038, 40.4808021 ], [ -74.4366492, 40.4807881 ], [ -74.4366187, 40.4807633 ], [ -74.4366, 40.480748 ], [ -74.4365601, 40.480709 ] ] } },
{ "type": "Feature", "properties": { "id": "11655244-21", "osm_way": 11655244, "name": "", "class": "unclassified", "is_priority": false, "length_m": 27.8 }, "geometry": { "type": "LineString", "coordinates": [ [ -74.4548156, 40.4916556 ], [ -74.454565, 40.4914945 ] ] } },
{ "type": "Feature", "properties": { "id": "11655295-22", "osm_way": 11655295, "name": "", "class": "residential", "is_priority": false, "length_m": 40.9 }, "geometry": { "type": "LineString", "coordinates": [ [ -74.448813, 40.4827157 ], [ -74.4484297, 40.4824915 ] ] } },
{ "type": "Feature", "properties": { "id": "11655688-23", "osm_way": 11655688, "name": "", "class": "residential", "is_priority": false, "length_m": 11.7 }, "geometry": { "type": "LineString", "coordinates": [ [ -74.4426882, 40.4778046 ], [ -74.4425898, 40.4777306 ] ] } },
{ "type": "Feature", "properties": { "id": "11655690-24", "osm_way": 11655690, "name": "Brookside Avenue", "class": "residential", "is_priority": false, "length_m": 58.0 }, "geometry": { "type": "LineString", "coordinates": [ [ -74.4588752, 40.4936642 ], [ -74.4590755, 40.4936355 ], [ -74.4595432, 40.493551 ] ] } },
{ "type": "Feature", "properties": { "id": "11655800-25", "osm_way": 11655800, "name": "Lincoln Place", "class": "residential", "is_priority": false, "length_m": 162.6 }, "geometry": { "type": "LineString", "coordinates": [ [ -74.4648568, 40.5040819 ], [ -74.4649018, 40.504014499999982 ], [ -74.4652874, 40.503437799999986 ], [ -74.465318, 40.5033919 ], [ -74.4653556, 40.5033358 ], [ -74.4657292, 40.5027771 ] ] } },
{ "type": "Feature", "properties": { "id": "11655855-26", "osm_way": 11655855, "name": "Edgebrook Road", "class": "residential", "is_priority": false, "length_m": 36.8 }, "geometry": { "type": "LineString", "coordinates": [ [ -74.4129158, 40.4837118 ], [ -74.4129009, 40.4837667 ], [ -74.4128921, 40.4838081 ], [ -74.4128798, 40.4839878 ], [ -74.4128746, 40.4840125 ], [ -74.4128599, 40.4840387 ] ] } },
{ "type": "Feature", "properties": { "id": "11655974-27", "osm_way": 11655974, "name": "Cogswell Place", "class": "residential", "is_priority": false, "length_m": 123.3 }, "geometry": { "type": "LineString", "coordinates": [ [ -74.4577652, 40.4907637 ], [ -74.4578127, 40.4908348 ], [ -74.4578185, 40.4908435 ], [ -74.458522, 40.4917122 ] ] } },
{ "type": "Feature", "properties": { "id": "11655977-28", "osm_way": 11655977, "name": "Alexander Street", "class": "residential", "is_priority": false, "length_m": 180.9 }, "geometry": { "type": "LineString", "coordinates": [ [ -74.4548156, 40.4916556 ], [ -74.4555155, 40.4924463 ], [ -74.455932, 40.4929169 ], [ -74.4559555, 40.492931 ], [ -74.4560427, 40.4929835 ] ] } },
{ "type": "Feature", "properties": { "id": "11656187-29", "osm_way": 11656187, "name": "Stone Street", "class": "residential", "is_priority": false, "length_m": 200.0 }, "geometry": { "type": "LineString", "coordinates": [ [ -74.4503975, 40.5017548 ], [ -74.4505191, 40.5016817 ], [ -74.4505781, 40.5016462 ], [ -74.451997, 40.500792 ], [ -74.452051, 40.50076 ], [ -74.452073, 40.500747 ], [ -74.4521519, 40.5007017 ], [ -74.452254489494649, 40.500642707014009 ] ] } },
{ "type": "Feature", "properties": { "id": "11656187-30", "osm_way": 11656187, "name": "Stone Street", "class": "residential", "is_priority": false, "length_m": 164.0 }, "geometry": { "type": "LineString", "coordinates": [ [ -74.452254489494649, 40.500642707014009 ], [ -74.452567, 40.500463 ], [ -74.4531047, 40.5001632 ], [ -74.4535919, 40.4998917 ], [ -74.4536512, 40.4998586 ], [ -74.4536493, 40.4998309 ], [ -74.4536406, 40.4997052 ] ] } },
{ "type": "Feature", "properties": { "id": "11656284-31", "osm_way": 11656284, "name": "Ray Street", "class": "residential", "is_priority": false, "length_m": 200.0 }, "geometry": { "type": "LineString", "coordinates": [ [ -74.453789, 40.50247 ], [ -74.4538525, 40.5024331 ], [ -74.4553024, 40.501562 ], [ -74.4553637, 40.5015252 ], [ -74.4554377, 40.5014794 ], [ -74.455645868139101, 40.501357754685266 ] ] } },
{ "type": "Feature", "properties": { "id": "11656284-32", "osm_way": 11656284, "name": "Ray Street", "class": "residential", "is_priority": false, "length_m": 94.3 }, "geometry": { "type": "LineString", "coordinates": [ [ -74.455645868139101, 40.501357754685266 ], [ -74.45646, 40.500882 ], [ -74.4564985, 40.5008222 ] ] } },
{ "type": "Feature", "properties": { "id": "11656417-33", "osm_way": 11656417, "name": "Hassart Street", "class": "residential", "is_priority": false, "length_m": 53.9 }, "geometry": { "type": "LineString", "coordinates": [ [ -74.4400698, 40.4900129 ], [ -74.4401534, 40.4899808 ], [ -74.4405665, 40.4898234 ], [ -74.4406358, 40.4897912 ] ] } },
{ "type": "Feature", "properties": { "id": "11656513-34", "osm_way": 11656513, "name": "New York Avenue", "class": "residential", "is_priority": false, "length_m": 200.0 }, "geometry": { "type": "LineString", "coordinates": [ [ -74.4605338, 40.5015218 ], [ -74.462634708897269, 40.502343021382366 ] ] } },
{ "type": "Feature", "properties": { "id": "11656513-35", "osm_way": 11656513, "name": "New York Avenue", "class": "residential", "is_priority": false, "length_m": 200.0 }, "geometry": { "type": "LineString", "coordinates": [ [ -74.462634708897269, 40.502343021382366 ], [ -74.4629281, 40.5024577 ], [ -74.4629896, 40.5024817 ], [ -74.464735647549361, 40.503164237249244 ] ] } },
{ "type": "Feature", "properties": { "id": "11656513-36", "osm_way": 11656513, "name": "New York Avenue", "class": "residential", "is_priority": false, "length_m": 55.4 }, "geometry": { "type": "LineString", "coordinates": [ [ -74.464735647549361, 40.503164237249244 ], [ -74.4652623, 40.5033701 ], [ -74.465318, 40.5033919 ] ] } },
{ "type": "Feature", "properties": { "id": "11656548-37", "osm_way": 11656548, "name": "State Route 18", "class": "trunk", "is_priority": true, "length_m": 170.6 }, "geometry": { "type": "LineString", "coordinates": [ [ -74.4193769, 40.4845024 ], [ -74.419470200000021, 40.484564699999986 ], [ -74.4195746, 40.4846273 ], [ -74.4196839, 40.4846843 ], [ -74.419811, 40.4847465 ], [ -74.4199282, 40.4847979 ], [ -74.420038, 40.4848417 ], [ -74.4201719, 40.4848906 ], [ -74.4203007, 40.484932 ], [ -74.4204226, 40.484968 ], [ -74.4205385, 40.484999 ], [ -74.4206754, 40.4850299 ], [ -74.4208046, 40.485055599999988 ], [ -74.420949, 40.4850798 ], [ -74.421193, 40.4851152 ] ] } },
{ "type": "Feature", "properties": { "id": "11656790-38", "osm_way": 11656790, "name": "Oliver Avenue", "class": "residential", "is_priority": false, "length_m": 200.0 }, "geometry": { "type": "LineString", "coordinates": [ [ -74.4784018, 40.4823419 ], [ -74.4783543, 40.4822978 ], [ -74.4782388, 40.4821843 ], [ -74.4776444, 40.4815795 ], [ -74.4774781, 40.481657 ], [ -74.4771831, 40.4818528 ], [ -74.4769792, 40.4820854 ], [ -74.476882205901944, 40.482176808527711 ] ] } },
{ "type": "Feature", "properties": { "id": "11656790-39", "osm_way": 11656790, "name": "Oliver Avenue", "class": "residential", "is_priority": false, "length_m": 200.0 }, "geometry": { "type": "LineString", "coordinates": [ [ -74.476882205901944, 40.482176808527711 ], [ -74.476717, 40.4823325 ], [ -74.4764982, 40.4824039 ], [ -74.4760944, 40.4825152 ], [ -74.4759149, 40.482574499999984 ], [ -74.4757354, 40.482641300000012 ], [ -74.4754826, 40.4827608 ], [ -74.4751768, 40.4829708 ], [ -74.4750786, 40.4830371 ], [ -74.4749439, 40.4831362 ], [ -74.474938868785188, 40.48314093866032 ] ] } },
{ "type": "Feature", "properties": { "id": "11656790-40", "osm_way": 11656790, "name": "Oliver Avenue", "class": "residential", "is_priority": false, "length_m": 81.5 }, "geometry": { "type": "LineString", "coordinates": [ [ -74.474938868785188, 40.48314093866032 ], [ -74.4743335, 40.4837111 ] ] } },
{ "type": "Feature", "properties": { "id": "11656852-41", "osm_way": 11656852, "name": "Louis Street", "class": "residential", "is_priority": false, "length_m": 45.3 }, "geometry": { "type": "LineString", "coordinates": [ [ -74.4577518, 40.4989078 ], [ -74.4576248, 40.4987874 ], [ -74.4574855, 40.49855740000001 ] ] } },
{ "type": "Feature", "properties": { "id": "11656853-42", "osm_way": 11656853, "name": "Courtlandt Street", "class": "residential", "is_priority": false, "length_m": 40.9 }, "geometry": { "type": "LineString", "coordinates": [ [ -74.4579559, 40.4985742 ], [ -74.4579138, 40.4986431 ], [ -74.4578058, 40.4988196 ], [ -74.4577518, 40.4989078 ] ] } },
{ "type": "Feature", "properties": { "id": "11656888-43", "osm_way": 11656888, "name": "Hedges Street", "class": "residential", "is_priority": false, "length_m": 4.1 }, "geometry": { "type": "LineString", "coordinates": [ [ -74.463297952040691, 40.474841038389172 ], [ -74.4633365, 40.47486390000001 ] ] } },
{ "type": "Feature", "properties": { "id": "11657171-44", "osm_way": 11657171, "name": "Carman Street", "class": "residential", "is_priority": false, "length_m": 52.8 }, "geometry": { "type": "LineString", "coordinates": [ [ -74.440257, 40.4892294 ], [ -74.440205, 40.4892482 ], [ -74.4397858, 40.4893998 ], [ -74.439694, 40.489433 ] ] } },
{ "type": "Feature", "properties": { "id": "11657220-45", "osm_way": 11657220, "name": "Louis Street", "class": "residential", "is_priority": false, "length_m": 200.0 }, "geometry": { "type": "LineString", "coordinates": [ [ -74.4531942, 40.4923727 ], [ -74.4535507, 40.4927798 ], [ -74.4539996, 40.4932923 ], [ -74.4543854, 40.4937327 ], [ -74.4544399, 40.493795 ], [ -74.4544949, 40.4938568 ], [ -74.454506731472094, 40.493870105703337 ] ] } },
{ "type": "Feature", "properties": { "id": "11657220-46", "osm_way": 11657220, "name": "Louis Street", "class": "residential", "is_priority": false, "length_m": 200.0 }, "geometry": { "type": "LineString", "coordinates": [ [ -74.454506731472094, 40.493870105703337 ], [ -74.4552197, 40.4946719 ], [ -74.4557064, 40.4952285 ], [ -74.4557673, 40.4952982 ], [ -74.455806346171812, 40.495372070809275 ] ] } },
{ "type": "Feature", "properties": { "id": "11657220-47", "osm_way": 11657220, "name": "Louis Street", "class": "residential", "is_priority": false, "length_m": 200.0 }, "geometry": { "type": "LineString", "coordinates": [ [ -74.455806346171812, 40.495372070809275 ], [ -74.4562916, 40.4962901 ], [ -74.456338, 40.496378 ], [ -74.4563793, 40.4964564 ], [ -74.456688300677328, 40.497043299649405 ] ] } },
{ "type": "Feature", "properties": { "id": "11657220-48", "osm_way": 11657220, "name": "Louis Street", "class": "residential", "is_priority": false, "length_m": 181.1 }, "geometry": { "type": "LineString", "coordinates": [ [ -74.456688300677328, 40.497043299649405 ], [ -74.4572414, 40.4980938 ], [ -74.4574855, 40.49855740000001 ] ] } },
{ "type": "Feature", "properties": { "id": "11657244-49", "osm_way": 11657244, "name": "Cook Road", "class": "residential", "is_priority": false, "length_m": 49.7 }, "geometry": { "type": "LineString", "coordinates": [ [ -74.406814, 40.4845477 ], [ -74.4062706, 40.4847167 ] ] } },
{ "type": "Feature", "properties": { "id": "11657336-50", "osm_way": 11657336, "name": "Elizabeth Street", "class": "residential", "is_priority": false, "length_m": 200.0 }, "geometry": { "type": "LineString", "coordinates": [ [ -74.4599326, 40.478119 ], [ -74.4600258, 40.4781781 ], [ -74.46056990000001, 40.4785183 ], [ -74.4606261, 40.478553399999988 ], [ -74.4611824, 40.4789013 ], [ -74.4613734, 40.4790208 ], [ -74.46162, 40.479175 ], [ -74.461757306821468, 40.479261307148697 ] ] } },
{ "type": "Feature", "properties": { "id": "11657374-51", "osm_way": 11657374, "name": "Columbus Place", "class": "residential", "is_priority": false, "length_m": 180.4 }, "geometry": { "type": "LineString", "coordinates": [ [ -74.4558855, 40.4849217 ], [ -74.4559507, 40.4849614 ], [ -74.4564413, 40.4852597 ], [ -74.45686120000002, 40.4855175 ], [ -74.4570084, 40.4856079 ], [ -74.4575461, 40.485938 ] ] } },
{ "type": "Feature", "properties": { "id": "11657404-52", "osm_way": 11657404, "name": "Paul Robeson Boulevard", "class": "tertiary", "is_priority": false, "length_m": 7.9 }, "geometry": { "type": "LineString", "coordinates": [ [ -74.4370377, 40.4897611 ], [ -74.4371134, 40.4897194 ] ] } },
{ "type": "Feature", "properties": { "id": "11657406-53", "osm_way": 11657406, "name": "Paul Robeson Boulevard", "class": "residential", "is_priority": false, "length_m": 149.6 }, "geometry": { "type": "LineString", "coordinates": [ [ -74.4488027, 40.4787637 ], [ -74.449235, 40.478335 ], [ -74.4494289, 40.4781595 ], [ -74.4498889, 40.4777012 ] ] } },
{ "type": "Feature", "properties": { "id": "11657516-54", "osm_way": 11657516, "name": "Hale Street", "class": "residential", "is_priority": false, "length_m": 200.0 }, "geometry": { "type": "LineString", "coordinates": [ [ -74.441028500000016, 40.481413 ], [ -74.442595, 40.482354 ], [ -74.442879078852812, 40.48253080228384 ] ] } },
{ "type": "Feature", "properties": { "id": "11657516-55", "osm_way": 11657516, "name": "Hale Street", "class": "residential", "is_priority": false, "length_m": 129.3 }, "geometry": { "type": "LineString", "coordinates": [ [ -74.442879078852812, 40.48253080228384 ], [ -74.444062, 40.483267 ] ] } },
{ "type": "Feature", "properties": { "id": "11657518-56", "osm_way": 11657518, "name": "Hale Street", "class": "residential", "is_priority": false, "length_m": 200.0 }, "geometry": { "type": "LineString", "coordinates": [ [ -74.4456348, 40.4842362 ], [ -74.4457212, 40.4842881 ], [ -74.4471724, 40.4851596 ], [ -74.4472634, 40.4852143 ], [ -74.447342, 40.4852625 ], [ -74.447487732014409, 40.485351844301512 ] ] } },
{ "type": "Feature", "properties": { "id": "11657518-57", "osm_way": 11657518, "name": "Hale Street", "class": "residential", "is_priority": false, "length_m": 200.0 }, "geometry": { "type": "LineString", "coordinates": [ [ -74.447487732014409, 40.485351844301512 ], [ -74.4487846, 40.4861469 ], [ -74.4488511, 40.4861877 ], [ -74.4489281, 40.4862345 ], [ -74.449329184786933, 40.486478556131878 ] ] } },
{ "type": "Feature", "properties": { "id": "11657518-58", "osm_way": 11657518, "name": "Hale Street", "class": "residential", "is_priority": false, "length_m": 200.0 }, "geometry": { "type": "LineString", "coordinates": [ [ -74.449329184786933, 40.486478556131878 ], [ -74.4503786, 40.4871171 ], [ -74.4504898, 40.4871848 ], [ -74.450609, 40.4872573 ], [ -74.451174664999144, 40.487601453578442 ] ] } },
{ "type": "Feature", "properties": { "id": "11657518-59", "osm_way": 11657518, "name": "Hale Street", "class": "residential", "is_priority": false, "length_m": 125.5 }, "geometry": { "type": "LineString", "coordinates": [ [ -74.451174664999144, 40.487601453578442 ], [ -74.4522696, 40.4882676 ], [ -74.452333100000018, 40.4883062 ] ] } },
{ "type": "Feature", "properties": { "id": "11657520-60", "osm_way": 11657520, "name": "Hale Street", "class": "residential", "is_priority": false, "length_m": 117.3 }, "geometry": { "type": "LineString", "coordinates": [ [ -74.4557366, 40.4903753 ], [ -74.4567282, 40.4909929 ], [ -74.4568093, 40.4910434 ] ] } },
{ "type": "Feature", "properties": { "id": "11657781-61", "osm_way": 11657781, "name": "Dennis Street", "class": "residential", "is_priority": false, "length_m": 131.1 }, "geometry": { "type": "LineString", "coordinates": [ [ -74.4407922, 40.4940065 ], [ -74.4408101, 40.4940727 ], [ -74.4410455, 40.4949447 ], [ -74.4411025, 40.4951235 ], [ -74.4411093, 40.4951379 ], [ -74.4411223, 40.49516 ] ] } },
{ "type": "Feature", "properties": { "id": "11657852-62", "osm_way": 11657852, "name": "Henry Avenue", "class": "residential", "is_priority": false, "length_m": 182.9 }, "geometry": { "type": "LineString", "coordinates": [ [ -74.48016475617041, 40.482979265392267 ], [ -74.4801504, 40.4829643 ], [ -74.4796501, 40.4824427 ], [ -74.479612, 40.482403 ], [ -74.4794707, 40.4822568 ], [ -74.4791605, 40.4819777 ], [ -74.4791035, 40.4819264 ], [ -74.4790489, 40.4818718 ], [ -74.4788505, 40.4816729 ] ] } },
{ "type": "Feature", "properties": { "id": "11658006-63", "osm_way": 11658006, "name": "Iris Street", "class": "residential", "is_priority": false, "length_m": 1.4 }, "geometry": { "type": "LineString", "coordinates": [ [ -74.4871601, 40.4730783 ], [ -74.487170697683737, 40.473068236268702 ] ] } },
{ "type": "Feature", "properties": { "id": "11658043-64", "osm_way": 11658043, "name": "Industrial Drive", "class": "residential", "is_priority": false, "length_m": 200.0 }, "geometry": { "type": "LineString", "coordinates": [ [ -74.48561016650747, 40.478831683272759 ], [ -74.4852826, 40.4786679 ], [ -74.4849624, 40.4785004 ], [ -74.484806, 40.478418599999983 ], [ -74.4843517, 40.478181 ], [ -74.483658971591112, 40.477818680343276 ] ] } },
{ "type": "Feature", "properties": { "id": "11658043-65", "osm_way": 11658043, "name": "Industrial Drive", "class": "residential", "is_priority": false, "length_m": 200.0 }, "geometry": { "type": "LineString", "coordinates": [ [ -74.483658971591112, 40.477818680343276 ], [ -74.4833988, 40.47768259999998 ], [ -74.4832477, 40.4776056 ], [ -74.4830708, 40.4775111 ], [ -74.4824098, 40.47716530000001 ], [ -74.48171599167155, 40.476796501971613 ] ] } },
{ "type": "Feature", "properties": { "id": "11658043-66", "osm_way": 11658043, "name": "Industrial Drive", "class": "residential", "is_priority": false, "length_m": 33.9 }, "geometry": { "type": "LineString", "coordinates": [ [ -74.48171599167155, 40.476796501971613 ], [ -74.4813879, 40.476622099999986 ] ] } },
{ "type": "Feature", "properties": { "id": "11658149-67", "osm_way": 11658149, "name": "Edgebrook Road", "class": "residential", "is_priority": false, "length_m": 200.0 }, "geometry": { "type": "LineString", "coordinates": [ [ -74.4128599, 40.4840387 ], [ -74.4128351, 40.4840569 ], [ -74.4128036, 40.4840705 ], [ -74.4127698, 40.4840785 ], [ -74.4122981, 40.4841939 ], [ -74.4120602, 40.484267599999988 ], [ -74.411827700000018, 40.4843583 ], [ -74.4112822, 40.4846335 ], [ -74.4111581, 40.48465190000001 ], [ -74.4110526, 40.4846534 ], [ -74.4109236, 40.4846428 ], [ -74.4107834, 40.4845898 ], [ -74.410740744175243, 40.484548721711114 ] ] } },
{ "type": "Feature", "properties": { "id": "11658149-68", "osm_way": 11658149, "name": "Edgebrook Road", "class": "residential", "is_priority": false, "length_m": 199.7 }, "geometry": { "type": "LineString", "coordinates": [ [ -74.410740744175243, 40.484548721711114 ], [ -74.4104697, 40.484287699999989 ], [ -74.4103417, 40.4842031 ], [ -74.4102341, 40.48417 ], [ -74.4101306, 40.4841559 ], [ -74.4100099, 40.4841661 ], [ -74.409855800000017, 40.4841988 ], [ -74.408857, 40.484771 ] ] } },
{ "type": "Feature", "properties": { "id": "11658166-69", "osm_way": 11658166, "name": "Goodale Circle", "class": "residential", "is_priority": false, "length_m": 200.0 }, "geometry": { "type": "LineString", "coordinates": [ [ -74.4076949, 40.483274199999983 ], [ -74.4077855, 40.4831991 ], [ -74.4078983, 40.4830978 ], [ -74.407995, 40.4829785 ], [ -74.4080483, 40.482887599999984 ], [ -74.4080905, 40.4827814 ], [ -74.4081169, 40.4826592 ], [ -74.4081137, 40.4825622 ], [ -74.4080917, 40.4824423 ], [ -74.4080413, 40.4823033 ], [ -74.4079791, 40.4821843 ], [ -74.4078791, 40.482062 ], [ -74.4077525, 40.4819682 ], [ -74.4076059, 40.481889599999988 ], [ -74.4073997, 40.481811499999985 ], [ -74.407386908189025, 40.481808995509127 ] ] } },
{ "type": "Feature", "properties": { "id": "11658166-70", "osm_way": 11658166, "name": "Goodale Circle", "class": "residential", "is_priority": false, "length_m": 184.8 }, "geometry": { "type": "LineString", "coordinates": [ [ -74.407386908189025, 40.481808995509127 ], [ -74.4072097, 40.4817743 ], [ -74.4070051, 40.4817612 ], [ -74.4068338, 40.4817791 ], [ -74.4066393, 40.481824500000016 ], [ -74.406478, 40.4818902 ], [ -74.4063092, 40.4819788 ], [ -74.4062059, 40.4820624 ], [ -74.4061217, 40.4821575 ], [ -74.4060397, 40.4822805 ], [ -74.40598, 40.4824021 ], [ -74.4059476, 40.4825381 ], [ -74.4059484, 40.4826877 ] ] } },
{ "type": "Feature", "properties": { "id": "11658351-71", "osm_way": 11658351, "name": "Maple Street", "class": "residential", "is_priority": false, "length_m": 166.4 }, "geometry": { "type": "LineString", "coordinates": [ [ -74.4568196, 40.4925862 ], [ -74.4569003, 40.492635 ], [ -74.4569184, 40.4926459 ], [ -74.4579391, 40.4938122 ] ] } },
{ "type": "Feature", "properties": { "id": "11658531-72", "osm_way": 11658531, "name": "Hampton Road", "class": "residential", "is_priority": false, "length_m": 200.0 }, "geometry": { "type": "LineString", "coordinates": [ [ -74.4872419999068, 40.476989999950085 ], [ -74.486803, 40.4767548 ], [ -74.4855876, 40.4761036 ], [ -74.4854849, 40.4760486 ], [ -74.485310529763069, 40.475955152607618 ] ] } },
{ "type": "Feature", "properties": { "id": "11658531-73", "osm_way": 11658531, "name": "Hampton Road", "class": "residential", "is_priority": false, "length_m": 24.2 }, "geometry": { "type": "LineString", "coordinates": [ [ -74.485310529763069, 40.475955152607618 ], [ -74.485077, 40.47583 ] ] } },
{ "type": "Feature", "properties": { "id": "11658539-74", "osm_way": 11658539, "name": "Tabernacle Way", "class": "residential", "is_priority": false, "length_m": 177.5 }, "geometry": { "type": "LineString", "coordinates": [ [ -74.4404715, 40.490613 ], [ -74.4403761, 40.490637200000016 ], [ -74.4403326, 40.4906482 ], [ -74.4401043, 40.4907328 ], [ -74.4397883, 40.4908498 ], [ -74.4397294, 40.4908716 ], [ -74.4395036, 40.4909552 ], [ -74.4391238, 40.4910959 ], [ -74.4387754, 40.4912249 ], [ -74.4386818, 40.4912595 ], [ -74.4386548, 40.4912695 ], [ -74.4385799, 40.4912973 ] ] } },
{ "type": "Feature", "properties": { "id": "11658577-75", "osm_way": 11658577, "name": "South Ward Street", "class": "residential", "is_priority": false, "length_m": 90.8 }, "geometry": { "type": "LineString", "coordinates": [ [ -74.443395981206891, 40.476477390148553 ], [ -74.443842, 40.476715 ], [ -74.4442555, 40.4769653 ] ] } },
{ "type": "Feature", "properties": { "id": "11658588-76", "osm_way": 11658588, "name": "South Pennington Road", "class": "residential", "is_priority": false, "length_m": 200.0 }, "geometry": { "type": "LineString", "coordinates": [ [ -74.4033472, 40.4836429 ], [ -74.4034752, 40.483601 ], [ -74.4036685, 40.4835347 ], [ -74.4038212, 40.483471 ], [ -74.4038625, 40.4834396 ], [ -74.403881, 40.4833875 ], [ -74.403874200000018, 40.4833216 ], [ -74.403857, 40.4832442 ], [ -74.403611, 40.4826555 ], [ -74.4035804, 40.4825367 ], [ -74.4035814, 40.4824464 ], [ -74.4036112, 40.482354 ], [ -74.403676, 40.482271 ], [ -74.4037407, 40.4821978 ], [ -74.403783111156073, 40.482162050574416 ] ] } },
{ "type": "Feature", "properties": { "id": "11658588-77", "osm_way": 11658588, "name": "South Pennington Road", "class": "residential", "is_priority": false, "length_m": 163.3 }, "geometry": { "type": "LineString", "coordinates": [ [ -74.403783111156073, 40.482162050574416 ], [ -74.4038241, 40.4821275 ], [ -74.4039601, 40.4820462 ], [ -74.4047197, 40.4818324 ], [ -74.4048636, 40.4817689 ], [ -74.4049619, 40.4816953 ], [ -74.4050482, 40.4816108 ], [ -74.4051134, 40.4815058 ], [ -74.4051428, 40.481408 ], [ -74.4051514, 40.4812891 ] ] } },
{ "type": "Feature", "properties": { "id": "11658590-78", "osm_way": 11658590, "name": "South Pennington Road", "class": "residential", "is_priority": false, "length_m": 200.0 }, "geometry": { "type": "LineString", "coordinates": [ [ -74.4005755, 40.4862886 ], [ -74.400535, 40.486203 ], [ -74.4005271, 40.4861236 ], [ -74.4005479, 40.486040599999988 ], [ -74.4005976, 40.4859688 ], [ -74.4010424, 40.4855285 ], [ -74.401802060176564, 40.484828182085195 ] ] } },
{ "type": "Feature", "properties": { "id": "11658590-79", "osm_way": 11658590, "name": "South Pennington Road", "class": "residential", "is_priority": false, "length_m": 196.8 }, "geometry": { "type": "LineString", "coordinates": [ [ -74.401802060176564, 40.484828182085195 ], [ -74.4018745, 40.4847614 ], [ -74.4023309, 40.4842908 ], [ -74.4028232, 40.483741099999989 ], [ -74.4028882, 40.483685 ], [ -74.4029737, 40.4836521 ], [ -74.4030808, 40.4836404 ], [ -74.4032217, 40.4836519 ], [ -74.4033472, 40.4836429 ] ] } },
{ "type": "Feature", "properties": { "id": "11658640-80", "osm_way": 11658640, "name": "Charles Street", "class": "residential", "is_priority": false, "length_m": 200.0 }, "geometry": { "type": "LineString", "coordinates": [ [ -74.4593786, 40.4786516 ], [ -74.4594857, 40.4787167 ], [ -74.45989920000001, 40.4789672 ], [ -74.460145, 40.4791192 ], [ -74.4604265, 40.4792934 ], [ -74.460833, 40.4795449 ], [ -74.4611636, 40.4797494 ], [ -74.4611748, 40.4797595 ], [ -74.461207275956426, 40.479788762800403 ] ] } },
{ "type": "Feature", "properties": { "id": "11658640-81", "osm_way": 11658640, "name": "Charles Street", "class": "residential", "is_priority": false, "length_m": 3.2 }, "geometry": { "type": "LineString", "coordinates": [ [ -74.461207275956426, 40.479788762800403 ], [ -74.4612314, 40.4798105 ] ] } },
{ "type": "Feature", "properties": { "id": "11658757-82", "osm_way": 11658757, "name": "Manor Court", "class": "residential", "is_priority": false, "length_m": 74.0 }, "geometry": { "type": "LineString", "coordinates": [ [ -74.413162, 40.486896 ], [ -74.4131347, 40.48693440000001 ], [ -74.4130234, 40.4870909 ], [ -74.412932400000017, 40.4871871 ], [ -74.4128332, 40.4872697 ], [ -74.4126462, 40.4874289 ] ] } },
{ "type": "Feature", "properties": { "id": "11658779-83", "osm_way": 11658779, "name": "Wilcox Road", "class": "residential", "is_priority": false, "length_m": 200.0 }, "geometry": { "type": "LineString", "coordinates": [ [ -74.4121714, 40.486543 ], [ -74.412215500000016, 40.4867441 ], [ -74.4122237, 40.4868418 ], [ -74.4122131, 40.486922 ], [ -74.4121854, 40.487013500000018 ], [ -74.412133, 40.4871085 ], [ -74.4120662, 40.4871999 ], [ -74.4115608, 40.4877129 ], [ -74.4114194, 40.487864299999984 ], [ -74.4112312, 40.4879985 ], [ -74.411131277041562, 40.488052021302146 ] ] } },
{ "type": "Feature", "properties": { "id": "11658779-84", "osm_way": 11658779, "name": "Wilcox Road", "class": "residential", "is_priority": false, "length_m": 200.0 }, "geometry": { "type": "LineString", "coordinates": [ [ -74.411131277041562, 40.488052021302146 ], [ -74.4109926, 40.4881263 ], [ -74.4106889, 40.4882429 ], [ -74.4104732, 40.4882854 ], [ -74.4102196, 40.4883171 ], [ -74.4089991, 40.4883339 ], [ -74.408849992646282, 40.488320924506318 ] ] } },
{ "type": "Feature", "properties": { "id": "11658779-85", "osm_way": 11658779, "name": "Wilcox Road", "class": "residential", "is_priority": false, "length_m": 166.6 }, "geometry": { "type": "LineString", "coordinates": [ [ -74.408849992646282, 40.488320924506318 ], [ -74.408798, 40.4883164 ], [ -74.4086198, 40.4882614 ], [ -74.408455, 40.4881789 ], [ -74.4083339, 40.4880891 ], [ -74.4082446, 40.487956799999985 ], [ -74.4081868, 40.487822 ], [ -74.407899, 40.4871106 ] ] } },
{ "type": "Feature", "properties": { "id": "11658948-86", "osm_way": 11658948, "name": "Joyce Kilmer Avenue", "class": "residential", "is_priority": false, "length_m": 200.0 }, "geometry": { "type": "LineString", "coordinates": [ [ -74.464652, 40.47655 ], [ -74.4648899, 40.4763186 ], [ -74.465232, 40.475986 ], [ -74.46525, 40.475969 ], [ -74.465355, 40.475864 ], [ -74.4658141, 40.4754575 ], [ -74.466137346032539, 40.47515058782578 ] ] } },
{ "type": "Feature", "properties": { "id": "11658948-87", "osm_way": 11658948, "name": "Joyce Kilmer Avenue", "class": "residential", "is_priority": false, "length_m": 200.0 }, "geometry": { "type": "LineString", "coordinates": [ [ -74.466137346032539, 40.47515058782578 ], [ -74.4663841, 40.4749163 ], [ -74.4669465, 40.4743782 ], [ -74.4669895, 40.474337 ], [ -74.4675481, 40.473806299999985 ], [ -74.467612516263031, 40.47374443021166 ] ] } },
{ "type": "Feature", "properties": { "id": "11658948-88", "osm_way": 11658948, "name": "Joyce Kilmer Avenue", "class": "residential", "is_priority": false, "length_m": 200.0 }, "geometry": { "type": "LineString", "coordinates": [ [ -74.467612516263031, 40.47374443021166 ], [ -74.4676164, 40.4737407 ], [ -74.4677392, 40.4736229 ], [ -74.4679014, 40.4734717 ], [ -74.4679927, 40.473386699999985 ], [ -74.4685811, 40.4728384 ], [ -74.4687206, 40.4727082 ], [ -74.469105264533937, 40.472349165241774 ] ] } },
{ "type": "Feature", "properties": { "id": "11658948-89", "osm_way": 11658948, "name": "Joyce Kilmer Avenue", "class": "residential", "is_priority": false, "length_m": 33.3 }, "geometry": { "type": "LineString", "coordinates": [ [ -74.469105264533937, 40.472349165241774 ], [ -74.469353999886266, 40.472117000106159 ] ] } },
{ "type": "Feature", "properties": { "id": "11658951-90", "osm_way": 11658951, "name": "Joyce Kilmer Avenue", "class": "residential", "is_priority": false, "length_m": 200.0 }, "geometry": { "type": "LineString", "coordinates": [ [ -74.447645, 40.4928174 ], [ -74.4477204, 40.4927267 ], [ -74.4479494, 40.4925067 ], [ -74.4482069, 40.492263499999986 ], [ -74.4487334, 40.4917581 ], [ -74.448792, 40.49170130000001 ], [ -74.4488447, 40.4916506 ], [ -74.449097278622887, 40.491397967435148 ] ] } },
{ "type": "Feature", "properties": { "id": "11658951-91", "osm_way": 11658951, "name": "Joyce Kilmer Avenue", "class": "residential", "is_priority": false, "length_m": 200.0 }, "geometry": { "type": "LineString", "coordinates": [ [ -74.449097278622887, 40.491397967435148 ], [ -74.4493043, 40.4911909 ], [ -74.449358, 40.491141 ], [ -74.449432500000015, 40.4910719 ], [ -74.4498961, 40.4906413 ], [ -74.449975, 40.490568 ], [ -74.45005620000002, 40.4904896 ], [ -74.4505241, 40.4900382 ], [ -74.450572272956521, 40.489991679640987 ] ] } },
{ "type": "Feature", "properties": { "id": "11658951-92", "osm_way": 11658951, "name": "Joyce Kilmer Avenue", "class": "residential", "is_priority": false, "length_m": 81.3 }, "geometry": { "type": "LineString", "coordinates": [ [ -74.450572272956521, 40.489991679640987 ], [ -74.4505824, 40.4899819 ], [ -74.4511163, 40.4894766 ], [ -74.4511747, 40.4894213 ] ] } },
{ "type": "Feature", "properties": { "id": "11658954-93", "osm_way": 11658954, "name": "Joyce Kilmer Avenue", "class": "residential", "is_priority": false, "length_m": 200.0 }, "geometry": { "type": "LineString", "coordinates": [ [ -74.464652, 40.47655 ], [ -74.4642096, 40.47695490000001 ], [ -74.4641288, 40.4770248 ], [ -74.4636325, 40.4775167 ], [ -74.4636009, 40.4775448 ], [ -74.463154697317137, 40.47794183440304 ] ] } },
{ "type": "Feature", "properties": { "id": "11658954-94", "osm_way": 11658954, "name": "Joyce Kilmer Avenue", "class": "residential", "is_priority": false, "length_m": 200.0 }, "geometry": { "type": "LineString", "coordinates": [ [ -74.463154697317137, 40.47794183440304 ], [ -74.462982, 40.4780955 ], [ -74.4627185, 40.4783474 ], [ -74.4625867, 40.4784734 ], [ -74.462385900000015, 40.4786653 ], [ -74.4621896, 40.4788529 ], [ -74.461863, 40.479165 ], [ -74.4618068, 40.4792194 ], [ -74.46176, 40.479263 ], [ -74.461678638287879, 40.479347242644693 ] ] } },
{ "type": "Feature", "properties": { "id": "11658954-95", "osm_way": 11658954, "name": "Joyce Kilmer Avenue", "class": "residential", "is_priority": false, "length_m": 200.0 }, "geometry": { "type": "LineString", "coordinates": [ [ -74.461678638287879, 40.479347242644693 ], [ -74.4615284, 40.4795028 ], [ -74.4612876, 40.4797523 ], [ -74.4612314, 40.4798105 ], [ -74.4611684, 40.4798716 ], [ -74.4606814, 40.4803436 ], [ -74.4603957, 40.4806153 ], [ -74.4602911, 40.480714799999987 ], [ -74.460232471344284, 40.4807705952853 ] ] } },
{ "type": "Feature", "properties": { "id": "11658954-96", "osm_way": 11658954, "name": "Joyce Kilmer Avenue", "class": "residential", "is_priority": false, "length_m": 200.0 }, "geometry": { "type": "LineString", "coordinates": [ [ -74.460232471344284, 40.4807705952853 ], [ -74.4601235, 40.4808743 ], [ -74.4595523, 40.4814061 ], [ -74.4594005, 40.4815591 ], [ -74.4590014, 40.4819441 ], [ -74.458760786537454, 40.482178796595818 ] ] } },
{ "type": "Feature", "properties": { "id": "11658954-97", "osm_way": 11658954, "name": "Joyce Kilmer Avenue", "class": "residential", "is_priority": false, "length_m": 200.0 }, "geometry": { "type": "LineString", "coordinates": [ [ -74.458760786537454, 40.482178796595818 ], [ -74.4585826, 40.4823526 ], [ -74.4584433, 40.4824793 ], [ -74.4582667, 40.4826545 ], [ -74.4576544, 40.4832302 ], [ -74.4576043, 40.4832698 ], [ -74.457273163249042, 40.483576953591061 ] ] } },
{ "type": "Feature", "properties": { "id": "11658954-98", "osm_way": 11658954, "name": "Joyce Kilmer Avenue", "class": "residential", "is_priority": false, "length_m": 200.0 }, "geometry": { "type": "LineString", "coordinates": [ [ -74.457273163249042, 40.483576953591061 ], [ -74.4570907, 40.4837462 ], [ -74.4570402, 40.4838048 ], [ -74.4569882, 40.48384690000001 ], [ -74.4565155, 40.4843134 ], [ -74.456468, 40.4843603 ], [ -74.4564183, 40.48441 ], [ -74.4559381, 40.4848713 ], [ -74.4558855, 40.4849217 ], [ -74.455835, 40.4849721 ], [ -74.455813941749668, 40.484992172624807 ] ] } },
{ "type": "Feature", "properties": { "id": "11658954-99", "osm_way": 11658954, "name": "Joyce Kilmer Avenue", "class": "residential", "is_priority": false, "length_m": 67.9 }, "geometry": { "type": "LineString", "coordinates": [ [ -74.455813941749668, 40.484992172624807 ], [ -74.4553565, 40.4854282 ], [ -74.4553133, 40.4854694 ] ] } },
{ "type": "Feature", "properties": { "id": "11658974-100", "osm_way": 11658974, "name": "Huntington Street", "class": "residential", "is_priority": false, "length_m": 140.2 }, "geometry": { "type": "LineString", "coordinates": [ [ -74.4525615, 40.50592120000001 ], [ -74.4526619, 40.5058476 ], [ -74.4526756, 40.5058376 ], [ -74.452965600000013, 40.5056639 ], [ -74.453745200000014, 40.5052119 ], [ -74.453861, 40.5051407 ] ] } },
{ "type": "Feature", "properties": { "id": "11659283-101", "osm_way": 11659283, "name": "Palmetto Court", "class": "residential", "is_priority": false, "length_m": 42.5 }, "geometry": { "type": "LineString", "coordinates": [ [ -74.4487964, 40.482139900000014 ], [ -74.449188, 40.4823791 ] ] } },
{ "type": "Feature", "properties": { "id": "11659301-102", "osm_way": 11659301, "name": "Albany Street", "class": "secondary", "is_priority": false, "length_m": 161.1 }, "geometry": { "type": "LineString", "coordinates": [ [ -74.4442796, 40.4966587 ], [ -74.4441479, 40.496677 ], [ -74.442598, 40.4968922 ], [ -74.4425674, 40.4968947 ], [ -74.4424069, 40.4969077 ] ] } },
{ "type": "Feature", "properties": { "id": "11659313-103", "osm_way": 11659313, "name": "Prentiss Road", "class": "residential", "is_priority": false, "length_m": 200.0 }, "geometry": { "type": "LineString", "coordinates": [ [ -74.4040291, 40.485337099999988 ], [ -74.4038092, 40.4850962 ], [ -74.4037184, 40.48502580000001 ], [ -74.4036156, 40.48497 ], [ -74.40349040000001, 40.484927 ], [ -74.4033558, 40.484907 ], [ -74.4032037, 40.4848988 ], [ -74.4030791, 40.4849097 ], [ -74.4026056, 40.4850024 ], [ -74.4024883, 40.4850124 ], [ -74.4023914, 40.4850083 ], [ -74.4022682, 40.4849869 ], [ -74.4021678, 40.4849461 ], [ -74.401995498897747, 40.484837596927107 ] ] } },
{ "type": "Feature", "properties": { "id": "11659313-104", "osm_way": 11659313, "name": "Prentiss Road", "class": "residential", "is_priority": false, "length_m": 13.3 }, "geometry": { "type": "LineString", "coordinates": [ [ -74.401995498897747, 40.484837596927107 ], [ -74.4018745, 40.4847614 ] ] } },
{ "type": "Feature", "properties": { "id": "11659573-105", "osm_way": 11659573, "name": "Hay Street", "class": "residential", "is_priority": false, "length_m": 90.8 }, "geometry": { "type": "LineString", "coordinates": [ [ -74.4615834, 40.4852899 ], [ -74.462272, 40.485916 ] ] } },
{ "type": "Feature", "properties": { "id": "11659717-106", "osm_way": 11659717, "name": "Ball Street", "class": "residential", "is_priority": false, "length_m": 130.7 }, "geometry": { "type": "LineString", "coordinates": [ [ -74.4573838, 40.4908763 ], [ -74.4574393, 40.4909432 ], [ -74.4582085, 40.4918716 ] ] } },
{ "type": "Feature", "properties": { "id": "11659936-107", "osm_way": 11659936, "name": "Red Oak Lane", "class": "residential", "is_priority": false, "length_m": 176.0 }, "geometry": { "type": "LineString", "coordinates": [ [ -74.4391245, 40.4812844 ], [ -74.4391408, 40.4813912 ], [ -74.4391248, 40.4814902 ], [ -74.4387477, 40.4818486 ], [ -74.4380014, 40.4825687 ] ] } },
{ "type": "Feature", "properties": { "id": "11660016-108", "osm_way": 11660016, "name": "9th Street", "class": "residential", "is_priority": false, "length_m": 182.0 }, "geometry": { "type": "LineString", "coordinates": [ [ -74.4658725, 40.4727809 ], [ -74.4659883, 40.4728564 ], [ -74.4660332, 40.4728837 ], [ -74.4662663, 40.4730252 ], [ -74.4670023, 40.4734721 ], [ -74.4671415, 40.4735552 ], [ -74.4673029, 40.4736587 ], [ -74.4674827, 40.4737681 ], [ -74.4675481, 40.473806299999985 ] ] } },
{ "type": "Feature", "properties": { "id": "11660038-109", "osm_way": 11660038, "name": "Bergen Court", "class": "residential", "is_priority": false, "length_m": 160.4 }, "geometry": { "type": "LineString", "coordinates": [ [ -74.4754826, 40.4827608 ], [ -74.4755632, 40.4828568 ], [ -74.4758486, 40.4834526 ], [ -74.4758922, 40.4835096 ], [ -74.4759237, 40.48356 ], [ -74.47618, 40.4841007 ] ] } },
{ "type": "Feature", "properties": { "id": "11660244-110", "osm_way": 11660244, "name": "Cotter Drive", "class": "residential", "is_priority": false, "length_m": 168.5 }, "geometry": { "type": "LineString", "coordinates": [ [ -74.4217569, 40.481882799999987 ], [ -74.4227806, 40.4830736 ], [ -74.4228793, 40.4831284 ] ] } },
{ "type": "Feature", "properties": { "id": "11660282-111", "osm_way": 11660282, "name": "Lufberry Avenue", "class": "residential", "is_priority": false, "length_m": 200.0 }, "geometry": { "type": "LineString", "coordinates": [ [ -74.4678489, 40.4870125 ], [ -74.4677745, 40.4869672 ], [ -74.467, 40.486496 ], [ -74.4662991, 40.4860549 ], [ -74.466013305233062, 40.485880294330926 ] ] } },
{ "type": "Feature", "properties": { "id": "11660282-112", "osm_way": 11660282, "name": "Lufberry Avenue", "class": "residential", "is_priority": false, "length_m": 104.2 }, "geometry": { "type": "LineString", "coordinates": [ [ -74.466013305233062, 40.485880294330926 ], [ -74.465638, 40.485651 ], [ -74.465045, 40.485302 ] ] } },
{ "type": "Feature", "properties": { "id": "11660287-113", "osm_way": 11660287, "name": "Rutgers Street", "class": "residential", "is_priority": false, "length_m": 200.0 }, "geometry": { "type": "LineString", "coordinates": [ [ -74.4532308, 40.4794775 ], [ -74.4533172, 40.4795295 ], [ -74.4547774, 40.4804081 ], [ -74.4548439, 40.4804481 ], [ -74.4549116, 40.480489099999986 ], [ -74.455083457845006, 40.480593299896874 ] ] } },
{ "type": "Feature", "properties": { "id": "11660287-114", "osm_way": 11660287, "name": "Rutgers Street", "class": "residential", "is_priority": false, "length_m": 151.1 }, "geometry": { "type": "LineString", "coordinates": [ [ -74.455083457845006, 40.480593299896874 ], [ -74.4563683, 40.4813723 ], [ -74.4564821, 40.4814367 ] ] } },
{ "type": "Feature", "properties": { "id": "11660290-115", "osm_way": 11660290, "name": "Rutgers Street", "class": "residential", "is_priority": false, "length_m": 200.0 }, "geometry": { "type": "LineString", "coordinates": [ [ -74.456561400000012, 40.4813605 ], [ -74.4566759, 40.481423099999986 ], [ -74.4574984, 40.48191460000001 ], [ -74.4583719, 40.4824366 ], [ -74.458423210046732, 40.482467285430026 ] ] } },
{ "type": "Feature", "properties": { "id": "11660290-116", "osm_way": 11660290, "name": "Rutgers Street", "class": "residential", "is_priority": false, "length_m": 2.2 }, "geometry": { "type": "LineString", "coordinates": [ [ -74.458423210046732, 40.482467285430026 ], [ -74.4584433, 40.4824793 ] ] } },
{ "type": "Feature", "properties": { "id": "11660350-117", "osm_way": 11660350, "name": "Llewellyn Place", "class": "residential", "is_priority": false, "length_m": 200.0 }, "geometry": { "type": "LineString", "coordinates": [ [ -74.45404, 40.4837872 ], [ -74.4541488, 40.483854 ], [ -74.4558137, 40.4848776 ], [ -74.455878042134742, 40.484917119338213 ] ] } },
{ "type": "Feature", "properties": { "id": "11660350-118", "osm_way": 11660350, "name": "Llewellyn Place", "class": "residential", "is_priority": false, "length_m": 0.8 }, "geometry": { "type": "LineString", "coordinates": [ [ -74.455878042134742, 40.484917119338213 ], [ -74.4558855, 40.4849217 ] ] } },
{ "type": "Feature", "properties": { "id": "11660390-119", "osm_way": 11660390, "name": "Tailer Square", "class": "residential", "is_priority": false, "length_m": 83.8 }, "geometry": { "type": "LineString", "coordinates": [ [ -74.463613, 40.483855 ], [ -74.46366, 40.483875 ], [ -74.463693, 40.483886 ], [ -74.463728, 40.483894 ], [ -74.463763, 40.4839 ], [ -74.463799, 40.483902 ], [ -74.463835, 40.483902 ], [ -74.463871, 40.483899 ], [ -74.463907, 40.483893 ], [ -74.463941, 40.483884 ], [ -74.463974, 40.483873 ], [ -74.464005, 40.483858 ], [ -74.464034, 40.483842 ], [ -74.464071, 40.483814 ], [ -74.464084, 40.483803 ], [ -74.464105, 40.48378 ], [ -74.464123, 40.483756 ], [ -74.464137, 40.483731 ], [ -74.464148, 40.483704 ], [ -74.464155, 40.483677 ], [ -74.464159, 40.48365 ], [ -74.464158, 40.483622 ], [ -74.464041, 40.483487 ] ] } },
{ "type": "Feature", "properties": { "id": "11660435-120", "osm_way": 11660435, "name": "Cliffe Street", "class": "residential", "is_priority": false, "length_m": 53.5 }, "geometry": { "type": "LineString", "coordinates": [ [ -74.4446571, 40.476602199999988 ], [ -74.4446301, 40.4766065 ], [ -74.4446019, 40.4766208 ], [ -74.4445697, 40.4766453 ], [ -74.4442555, 40.4769653 ] ] } },
{ "type": "Feature", "properties": { "id": "11660454-121", "osm_way": 11660454, "name": "Adams Place", "class": "residential", "is_priority": false, "length_m": 54.6 }, "geometry": { "type": "LineString", "coordinates": [ [ -74.480395, 40.482044 ], [ -74.4804345, 40.4820207 ], [ -74.480905, 40.4817428 ] ] } },
{ "type": "Feature", "properties": { "id": "11660561-122", "osm_way": 11660561, "name": "Church Street", "class": "residential", "is_priority": false, "length_m": 159.0 }, "geometry": { "type": "LineString", "coordinates": [ [ -74.442264, 40.4962084 ], [ -74.4423697, 40.4961963 ], [ -74.444033200000021, 40.4959623 ], [ -74.4441101, 40.4959525 ] ] } },
{ "type": "Feature", "properties": { "id": "11660649-123", "osm_way": 11660649, "name": "Roberts Road", "class": "residential", "is_priority": false, "length_m": 200.0 }, "geometry": { "type": "LineString", "coordinates": [ [ -74.401462, 40.4865776 ], [ -74.4014453, 40.4867945 ], [ -74.4014202, 40.4869075 ], [ -74.4013743, 40.4870024 ], [ -74.401298, 40.4870801 ], [ -74.4011937, 40.4871419 ], [ -74.4010703, 40.4871845 ], [ -74.4009339, 40.4872005 ], [ -74.4007713, 40.4871845 ], [ -74.4004608, 40.4871015 ], [ -74.4002856, 40.4870353 ], [ -74.4000702, 40.4869344 ], [ -74.3999109, 40.4868526 ], [ -74.399809441932334, 40.486794412560236 ] ] } },
{ "type": "Feature", "properties": { "id": "11660649-124", "osm_way": 11660649, "name": "Roberts Road", "class": "residential", "is_priority": false, "length_m": 8.1 }, "geometry": { "type": "LineString", "coordinates": [ [ -74.399809441932334, 40.486794412560236 ], [ -74.3997327, 40.4867504 ] ] } },
{ "type": "Feature", "properties": { "id": "11660662-125", "osm_way": 11660662, "name": "Antile Road", "class": "residential", "is_priority": false, "length_m": 42.4 }, "geometry": { "type": "LineString", "coordinates": [ [ -74.4133278, 40.485884 ], [ -74.413678, 40.486157 ] ] } },
{ "type": "Feature", "properties": { "id": "11660684-126", "osm_way": 11660684, "name": "Division Street", "class": "residential", "is_priority": false, "length_m": 200.0 }, "geometry": { "type": "LineString", "coordinates": [ [ -74.4507851, 40.495696299999985 ], [ -74.4508471, 40.4957655 ], [ -74.4512608, 40.4962265 ], [ -74.4512837, 40.496252 ], [ -74.4513312, 40.4963052 ], [ -74.452118712397777, 40.497182845086058 ] ] } },
{ "type": "Feature", "properties": { "id": "11660684-127", "osm_way": 11660684, "name": "Division Street", "class": "residential", "is_priority": false, "length_m": 53.6 }, "geometry": { "type": "LineString", "coordinates": [ [ -74.452118712397777, 40.497182845086058 ], [ -74.4524007, 40.4974971 ], [ -74.452476, 40.497581 ] ] } },
{ "type": "Feature", "properties": { "id": "11660724-128", "osm_way": 11660724, "name": "Janine Place", "class": "residential", "is_priority": false, "length_m": 116.2 }, "geometry": { "type": "LineString", "coordinates": [ [ -74.4786955, 40.4743518 ], [ -74.4778753, 40.4738753 ], [ -74.4777539, 40.4738047 ], [ -74.4776041, 40.4737177 ] ] } },
{ "type": "Feature", "properties": { "id": "11660896-129", "osm_way": 11660896, "name": "Elmer Place", "class": "residential", "is_priority": false, "length_m": 2.8 }, "geometry": { "type": "LineString", "coordinates": [ [ -74.4651791, 40.47334870000001 ], [ -74.465147506620525, 40.473341580688306 ] ] } },
{ "type": "Feature", "properties": { "id": "11660960-130", "osm_way": 11660960, "name": "Livingston Avenue", "class": "tertiary", "is_priority": false, "length_m": 180.8 }, "geometry": { "type": "LineString", "coordinates": [ [ -74.4435771, 40.4936583 ], [ -74.4436854, 40.493645899999983 ], [ -74.4437524, 40.4936048 ], [ -74.4438556, 40.49350780000001 ], [ -74.4441174, 40.4932486 ], [ -74.4441774, 40.4931885 ], [ -74.4444294, 40.4929571 ], [ -74.4448347, 40.492578400000014 ], [ -74.4449679, 40.4924531 ] ] } },
{ "type": "Feature", "properties": { "id": "11661037-131", "osm_way": 11661037, "name": "Ward Street", "class": "residential", "is_priority": false, "length_m": 200.0 }, "geometry": { "type": "LineString", "coordinates": [ [ -74.4513927, 40.4812649 ], [ -74.4514813, 40.4813195 ], [ -74.4529178, 40.482204 ], [ -74.452982, 40.4822435 ], [ -74.4530546, 40.482287899999989 ], [ -74.453230263765818, 40.482395205142218 ] ] } },
{ "type": "Feature", "properties": { "id": "11661037-132", "osm_way": 11661037, "name": "Ward Street", "class": "residential", "is_priority": false, "length_m": 200.0 }, "geometry": { "type": "LineString", "coordinates": [ [ -74.453230263765818, 40.482395205142218 ], [ -74.4544841, 40.4831611 ], [ -74.4546102, 40.4832382 ], [ -74.454723, 40.4833034 ], [ -74.45507631307224, 40.483517392979444 ] ] } },
{ "type": "Feature", "properties": { "id": "11661037-133", "osm_way": 11661037, "name": "Ward Street", "class": "residential", "is_priority": false, "length_m": 150.6 }, "geometry": { "type": "LineString", "coordinates": [ [ -74.45507631307224, 40.483517392979444 ], [ -74.4564043, 40.4843217 ], [ -74.456468, 40.4843603 ] ] } },
{ "type": "Feature", "properties": { "id": "11661085-134", "osm_way": 11661085, "name": "Phelps Avenue", "class": "residential", "is_priority": false, "length_m": 200.0 }, "geometry": { "type": "LineString", "coordinates": [ [ -74.4260549, 40.4854137 ], [ -74.4259405, 40.4853972 ], [ -74.4258261, 40.4853806 ], [ -74.4254969, 40.4853525 ], [ -74.4254623, 40.4853437 ], [ -74.4254344, 40.4853254 ], [ -74.4254194, 40.4852993 ], [ -74.4254175, 40.4852779 ], [ -74.4254164, 40.4852661 ], [ -74.4256233, 40.4844779 ], [ -74.4257357, 40.4840497 ], [ -74.425735801114456, 40.484036973180864 ] ] } },
{ "type": "Feature", "properties": { "id": "11661085-135", "osm_way": 11661085, "name": "Phelps Avenue", "class": "residential", "is_priority": false, "length_m": 200.0 }, "geometry": { "type": "LineString", "coordinates": [ [ -74.425735801114456, 40.484036973180864 ], [ -74.425738700000011, 40.4836721 ], [ -74.4257213, 40.4833832 ], [ -74.425711800000016, 40.483224 ], [ -74.4257265, 40.4830836 ], [ -74.4258102, 40.482708 ], [ -74.4258264, 40.4826375 ], [ -74.425910249964943, 40.482247841756603 ] ] } },
{ "type": "Feature", "properties": { "id": "11661085-136", "osm_way": 11661085, "name": "Phelps Avenue", "class": "residential", "is_priority": false, "length_m": 181.1 }, "geometry": { "type": "LineString", "coordinates": [ [ -74.425910249964943, 40.482247841756603 ], [ -74.4259559, 40.4820357 ], [ -74.4259728, 40.4819225 ], [ -74.4260066, 40.4817442 ], [ -74.4259825, 40.4815976 ], [ -74.4259663, 40.4814755 ], [ -74.4259794, 40.481334 ], [ -74.4261358, 40.4806338 ] ] } },
{ "type": "Feature", "properties": { "id": "11661247-137", "osm_way": 11661247, "name": "Spring Street", "class": "residential", "is_priority": false, "length_m": 62.9 }, "geometry": { "type": "LineString", "coordinates": [ [ -74.4453982, 40.4957869 ], [ -74.4453763, 40.4957075 ], [ -74.4453365, 40.495633299999987 ], [ -74.445245, 40.4952341 ] ] } },
{ "type": "Feature", "properties": { "id": "11661506-138", "osm_way": 11661506, "name": "Laurel Place", "class": "residential", "is_priority": false, "length_m": 200.0 }, "geometry": { "type": "LineString", "coordinates": [ [ -74.4584075, 40.4917731 ], [ -74.4589363, 40.4923738 ], [ -74.4589492, 40.4924123 ], [ -74.4589532, 40.4924543 ], [ -74.458854125443153, 40.493447573747673 ] ] } },
{ "type": "Feature", "properties": { "id": "11661506-139", "osm_way": 11661506, "name": "Laurel Place", "class": "residential", "is_priority": false, "length_m": 12.0 }, "geometry": { "type": "LineString", "coordinates": [ [ -74.458854125443153, 40.493447573747673 ], [ -74.4588434, 40.4935551 ] ] } },
{ "type": "Feature", "properties": { "id": "11661641-140", "osm_way": 11661641, "name": "Oak Street", "class": "residential", "is_priority": false, "length_m": 184.4 }, "geometry": { "type": "LineString", "coordinates": [ [ -74.4576314, 40.4921755 ], [ -74.4588434, 40.4935551 ] ] } },
{ "type": "Feature", "properties": { "id": "11661682-141", "osm_way": 11661682, "name": "Ryders Lane", "class": "secondary", "is_priority": false, "length_m": 200.0 }, "geometry": { "type": "LineString", "coordinates": [ [ -74.4285972, 40.4807493 ], [ -74.428549, 40.480695 ], [ -74.4284287, 40.4805428 ], [ -74.4282541, 40.4802384 ], [ -74.4281854, 40.4800421 ], [ -74.42814340000001, 40.4798451 ], [ -74.427970050187028, 40.479032522305509 ] ] } },
{ "type": "Feature", "properties": { "id": "11661682-142", "osm_way": 11661682, "name": "Ryders Lane", "class": "secondary", "is_priority": false, "length_m": 89.0 }, "geometry": { "type": "LineString", "coordinates": [ [ -74.427970050187028, 40.479032522305509 ], [ -74.4278989, 40.478699 ], [ -74.4278825, 40.4785927 ], [ -74.4278853, 40.478461 ], [ -74.4278439, 40.478238199999986 ] ] } },
{ "type": "Feature", "properties": { "id": "11661756-143", "osm_way": 11661756, "name": "Hazelhurst Street", "class": "residential", "is_priority": false, "length_m": 200.0 }, "geometry": { "type": "LineString", "coordinates": [ [ -74.4471514, 40.478065199999989 ], [ -74.446274, 40.477526 ], [ -74.445298349620771, 40.47694998541553 ] ] } },
{ "type": "Feature", "properties": { "id": "11661756-144", "osm_way": 11661756, "name": "Hazelhurst Street", "class": "residential", "is_priority": false, "length_m": 67.3 }, "geometry": { "type": "LineString", "coordinates": [ [ -74.445298349620771, 40.47694998541553 ], [ -74.4447789, 40.4766433 ], [ -74.444726, 40.4766147 ], [ -74.4446924, 40.4766029 ], [ -74.4446571, 40.476602199999988 ] ] } },
{ "type": "Feature", "properties": { "id": "11661763-145", "osm_way": 11661763, "name": "Richmond Street", "class": "residential", "is_priority": false, "length_m": 125.0 }, "geometry": { "type": "LineString", "coordinates": [ [ -74.440203100000019, 40.4941245 ], [ -74.440357, 40.4940937 ], [ -74.4407013, 40.4940247 ], [ -74.4407922, 40.4940065 ], [ -74.440815, 40.4940009 ], [ -74.4411723, 40.4939134 ], [ -74.4415059, 40.493832500000011 ], [ -74.4416164, 40.4938047 ] ] } },
{ "type": "Feature", "properties": { "id": "11661816-146", "osm_way": 11661816, "name": "George Street", "class": "tertiary", "is_priority": false, "length_m": 200.0 }, "geometry": { "type": "LineString", "coordinates": [ [ -74.4348561, 40.4841127 ], [ -74.4348798, 40.4841263 ], [ -74.4357139, 40.484639 ], [ -74.4358237, 40.4847087 ], [ -74.435969, 40.484801 ], [ -74.4361969, 40.4849227 ], [ -74.4364508, 40.4850582 ], [ -74.436723793432691, 40.485212447452163 ] ] } },
{ "type": "Feature", "properties": { "id": "11661816-147", "osm_way": 11661816, "name": "George Street", "class": "tertiary", "is_priority": false, "length_m": 20.6 }, "geometry": { "type": "LineString", "coordinates": [ [ -74.436723793432691, 40.485212447452163 ], [ -74.436740700000016, 40.485222 ], [ -74.4367731, 40.4852417 ], [ -74.4368333, 40.4852759 ], [ -74.436921, 40.485321399999982 ] ] } },
{ "type": "Feature", "properties": { "id": "11661979-148", "osm_way": 11661979, "name": "Mitchell Avenue", "class": "residential", "is_priority": false, "length_m": 148.8 }, "geometry": { "type": "LineString", "coordinates": [ [ -74.464071, 40.483814 ], [ -74.465445, 40.484648 ] ] } },
{ "type": "Feature", "properties": { "id": "11662002-149", "osm_way": 11662002, "name": "Quentin Avenue", "class": "residential", "is_priority": false, "length_m": 200.0 }, "geometry": { "type": "LineString", "coordinates": [ [ -74.464158, 40.483622 ], [ -74.464258, 40.483632 ], [ -74.464444, 40.483632 ], [ -74.464871, 40.483668 ], [ -74.465227, 40.483731 ], [ -74.465426, 40.4837933 ], [ -74.465444, 40.483799 ], [ -74.465678, 40.483927 ], [ -74.466004, 40.48412 ], [ -74.4661329, 40.4841962 ], [ -74.466275102986202, 40.484280306944875 ] ] } },
{ "type": "Feature", "properties": { "id": "11662002-150", "osm_way": 11662002, "name": "Quentin Avenue", "class": "residential", "is_priority": false, "length_m": 200.0 }, "geometry": { "type": "LineString", "coordinates": [ [ -74.466275102986202, 40.484280306944875 ], [ -74.466491, 40.484408 ], [ -74.466726, 40.484552 ], [ -74.467415, 40.484974 ], [ -74.467481, 40.485015 ], [ -74.467836, 40.4852283 ], [ -74.468123020781718, 40.485400752565553 ] ] } },
{ "type": "Feature", "properties": { "id": "11662002-151", "osm_way": 11662002, "name": "Quentin Avenue", "class": "residential", "is_priority": false, "length_m": 2.6 }, "geometry": { "type": "LineString", "coordinates": [ [ -74.468123020781718, 40.485400752565553 ], [ -74.4681469, 40.4854151 ] ] } },
{ "type": "Feature", "properties": { "id": "11662036-152", "osm_way": 11662036, "name": "Remsen Avenue", "class": "residential", "is_priority": false, "length_m": 200.0 }, "geometry": { "type": "LineString", "coordinates": [ [ -74.4422595, 40.489878699999984 ], [ -74.4424488, 40.4897742 ], [ -74.4427652, 40.4895346 ], [ -74.4430836, 40.4892156 ], [ -74.4431382, 40.4891609 ], [ -74.4431947, 40.489107 ], [ -74.4436618, 40.4886611 ], [ -74.4437216, 40.4886041 ], [ -74.4437755, 40.4885546 ], [ -74.443805550178269, 40.488526972863781 ] ] } },
{ "type": "Feature", "properties": { "id": "11662036-153", "osm_way": 11662036, "name": "Remsen Avenue", "class": "residential", "is_priority": false, "length_m": 200.0 }, "geometry": { "type": "LineString", "coordinates": [ [ -74.443805550178269, 40.488526972863781 ], [ -74.44432, 40.488054 ], [ -74.444367500000013, 40.4880062 ], [ -74.4448303, 40.4875409 ], [ -74.4449003, 40.4874705 ], [ -74.44498, 40.4873946 ], [ -74.445272419357082, 40.487116001711136 ] ] } },
{ "type": "Feature", "properties": { "id": "11662036-154", "osm_way": 11662036, "name": "Remsen Avenue", "class": "residential", "is_priority": false, "length_m": 200.0 }, "geometry": { "type": "LineString", "coordinates": [ [ -74.445272419357082, 40.487116001711136 ], [ -74.4455238, 40.4868765 ], [ -74.445568, 40.4868338 ], [ -74.4460329, 40.4863839 ], [ -74.4460882, 40.4863304 ], [ -74.4461398, 40.486281 ], [ -74.4464215, 40.4860118 ], [ -74.4466718, 40.4857725 ], [ -74.4467315, 40.4857162 ], [ -74.446741998388433, 40.485706293834326 ] ] } },
{ "type": "Feature", "properties": { "id": "11662036-155", "osm_way": 11662036, "name": "Remsen Avenue", "class": "residential", "is_priority": false, "length_m": 200.0 }, "geometry": { "type": "LineString", "coordinates": [ [ -74.446741998388433, 40.485706293834326 ], [ -74.4472634, 40.4852143 ], [ -74.4473142, 40.4851657 ], [ -74.4478428, 40.4846606 ], [ -74.4479044, 40.484601499999989 ], [ -74.448218322938402, 40.484300716151182 ] ] } },
{ "type": "Feature", "properties": { "id": "11662036-156", "osm_way": 11662036, "name": "Remsen Avenue", "class": "residential", "is_priority": false, "length_m": 31.3 }, "geometry": { "type": "LineString", "coordinates": [ [ -74.448218322938402, 40.484300716151182 ], [ -74.4483775, 40.4841482 ], [ -74.4484481, 40.4840805 ] ] } },
{ "type": "Feature", "properties": { "id": "11662092-157", "osm_way": 11662092, "name": "5th Street", "class": "residential", "is_priority": false, "length_m": 200.0 }, "geometry": { "type": "LineString", "coordinates": [ [ -74.4633365, 40.47486390000001 ], [ -74.4651736, 40.4759514 ], [ -74.465201244026517, 40.475967778147094 ] ] } },
{ "type": "Feature", "properties": { "id": "11662092-158", "osm_way": 11662092, "name": "5th Street", "class": "residential", "is_priority": false, "length_m": 3.3 }, "geometry": { "type": "LineString", "coordinates": [ [ -74.465201244026517, 40.475967778147094 ], [ -74.465232, 40.475986 ] ] } },
{ "type": "Feature", "properties": { "id": "11662118-159", "osm_way": 11662118, "name": "Bishop Street", "class": "residential", "is_priority": false, "length_m": 152.0 }, "geometry": { "type": "LineString", "coordinates": [ [ -74.4390179, 40.4864753 ], [ -74.4388626, 40.4866602 ], [ -74.4380699, 40.487637699999986 ] ] } },
{ "type": "Feature", "properties": { "id": "11662223-160", "osm_way": 11662223, "name": "Stockton Road", "class": "residential", "is_priority": false, "length_m": 200.0 }, "geometry": { "type": "LineString", "coordinates": [ [ -74.4050191, 40.4848284 ], [ -74.4040291, 40.485337099999988 ], [ -74.4037303, 40.4854823 ], [ -74.4036316, 40.485512 ], [ -74.402944534328682, 40.485636560740318 ] ] } },
{ "type": "Feature", "properties": { "id": "11662223-161", "osm_way": 11662223, "name": "Stockton Road", "class": "residential", "is_priority": false, "length_m": 173.5 }, "geometry": { "type": "LineString", "coordinates": [ [ -74.402944534328682, 40.485636560740318 ], [ -74.4019481, 40.4858172 ], [ -74.4018088, 40.4858287 ], [ -74.4016817, 40.4858188 ], [ -74.401545, 40.4857953 ], [ -74.4014109, 40.4857465 ], [ -74.4010424, 40.4855285 ] ] } },
{ "type": "Feature", "properties": { "id": "11662281-162", "osm_way": 11662281, "name": "Wright Place", "class": "residential", "is_priority": false, "length_m": 200.0 }, "geometry": { "type": "LineString", "coordinates": [ [ -74.4681469, 40.4854151 ], [ -74.4690164, 40.4845886 ], [ -74.469294, 40.4843006 ], [ -74.469360100000017, 40.484238500000011 ], [ -74.4694217, 40.4841996 ], [ -74.4695055, 40.4841692 ], [ -74.4695888, 40.4841544 ], [ -74.469675, 40.484151 ], [ -74.469727860406977, 40.484157857285332 ] ] } },
{ "type": "Feature", "properties": { "id": "11662281-163", "osm_way": 11662281, "name": "Wright Place", "class": "residential", "is_priority": false, "length_m": 200.0 }, "geometry": { "type": "LineString", "coordinates": [ [ -74.469727860406977, 40.484157857285332 ], [ -74.4697729, 40.484163700000011 ], [ -74.4698464, 40.484184799999987 ], [ -74.470321, 40.484333 ], [ -74.470477, 40.484371 ], [ -74.470599, 40.484375 ], [ -74.4707, 40.484358 ], [ -74.4709473, 40.4843086 ], [ -74.471075200000016, 40.4842517 ], [ -74.471900465698525, 40.48392460882237 ] ] } },
{ "type": "Feature", "properties": { "id": "11662281-164", "osm_way": 11662281, "name": "Wright Place", "class": "residential", "is_priority": false, "length_m": 137.2 }, "geometry": { "type": "LineString", "coordinates": [ [ -74.471900465698525, 40.48392460882237 ], [ -74.4723188, 40.483758799999983 ], [ -74.4724255, 40.4837386 ], [ -74.472655, 40.483733 ], [ -74.47285, 40.483801 ], [ -74.472978, 40.483869 ], [ -74.4731899, 40.4841617 ] ] } },
{ "type": "Feature", "properties": { "id": "11662283-165", "osm_way": 11662283, "name": "Wright Place", "class": "residential", "is_priority": false, "length_m": 81.7 }, "geometry": { "type": "LineString", "coordinates": [ [ -74.472978, 40.483869 ], [ -74.473327, 40.483575 ], [ -74.4735931, 40.4833036 ] ] } },
{ "type": "Feature", "properties": { "id": "11662291-166", "osm_way": 11662291, "name": "Chester Circle", "class": "residential", "is_priority": false, "length_m": 200.0 }, "geometry": { "type": "LineString", "coordinates": [ [ -74.419822200000013, 40.4863088 ], [ -74.4194569, 40.486116 ], [ -74.4194131, 40.4860956 ], [ -74.4192905, 40.4860294 ], [ -74.4192541, 40.4860123 ], [ -74.4189208, 40.4858347 ], [ -74.418792, 40.48577 ], [ -74.418645, 40.485723 ], [ -74.418594, 40.485719 ], [ -74.418549, 40.485727 ], [ -74.418513, 40.485746 ], [ -74.4182446, 40.486048199999985 ], [ -74.418053131929668, 40.486255338272827 ] ] } },
{ "type": "Feature", "properties": { "id": "11662291-167", "osm_way": 11662291, "name": "Chester Circle", "class": "residential", "is_priority": false, "length_m": 200.0 }, "geometry": { "type": "LineString", "coordinates": [ [ -74.418053131929668, 40.486255338272827 ], [ -74.41801, 40.486302 ], [ -74.418017, 40.48642 ], [ -74.418082, 40.4866478 ], [ -74.4181104, 40.4867377 ], [ -74.4181873, 40.486989799999989 ], [ -74.4182088, 40.4870271 ], [ -74.41824290000001, 40.4870507 ], [ -74.418854, 40.487223 ], [ -74.418906, 40.487227 ], [ -74.418953, 40.487219 ], [ -74.4192448, 40.4870501 ], [ -74.41936295174817, 40.486982834448121 ] ] } },
{ "type": "Feature", "properties": { "id": "11662291-168", "osm_way": 11662291, "name": "Chester Circle", "class": "residential", "is_priority": false, "length_m": 93.3 }, "geometry": { "type": "LineString", "coordinates": [ [ -74.41936295174817, 40.486982834448121 ], [ -74.4197865, 40.4867417 ], [ -74.4198124, 40.4866966 ], [ -74.4198185, 40.4866576 ], [ -74.419822200000013, 40.4863088 ] ] } },
{ "type": "Feature", "properties": { "id": "11662381-169", "osm_way": 11662381, "name": "Taylor Drive", "class": "residential", "is_priority": false, "length_m": 58.0 }, "geometry": { "type": "LineString", "coordinates": [ [ -74.4233394, 40.484770699999984 ], [ -74.423415, 40.4847752 ], [ -74.4234847, 40.4847836 ], [ -74.4235843, 40.484799799999983 ], [ -74.4236616, 40.484816 ], [ -74.4237402, 40.4848351 ], [ -74.4238197, 40.4848592 ], [ -74.4238816, 40.4848814 ], [ -74.4239259, 40.4848959 ], [ -74.4239519, 40.4849021 ], [ -74.4239747, 40.4849026 ], [ -74.4239958, 40.4849001 ] ] } },
{ "type": "Feature", "properties": { "id": "11662410-170", "osm_way": 11662410, "name": "Sicard Street", "class": "residential", "is_priority": false, "length_m": 200.0 }, "geometry": { "type": "LineString", "coordinates": [ [ -74.452051, 40.50076 ], [ -74.4521216, 40.5008314 ], [ -74.452564, 40.5012798 ], [ -74.4526277, 40.5013444 ], [ -74.4526888, 40.5014035 ], [ -74.4531576, 40.5018572 ], [ -74.45320790000001, 40.5019059 ], [ -74.4532645, 40.5019608 ], [ -74.45349533943579, 40.502184906941324 ] ] } },
{ "type": "Feature", "properties": { "id": "11662410-171", "osm_way": 11662410, "name": "Sicard Street", "class": "residential", "is_priority": false, "length_m": 198.6 }, "geometry": { "type": "LineString", "coordinates": [ [ -74.45349533943579, 40.502184906941324 ], [ -74.453789, 40.50247 ], [ -74.4543107, 40.5029877 ], [ -74.4543579, 40.5030346 ], [ -74.4544148, 40.5030919 ], [ -74.4548726, 40.5035528 ], [ -74.4549233, 40.5036039 ] ] } },
{ "type": "Feature", "properties": { "id": "11662510-172", "osm_way": 11662510, "name": "Seaman Street", "class": "residential", "is_priority": false, "length_m": 200.0 }, "geometry": { "type": "LineString", "coordinates": [ [ -74.4392838, 40.4830852 ], [ -74.4393663, 40.4831369 ], [ -74.4408268, 40.4840523 ], [ -74.441114842406179, 40.484221519233998 ] ] } },
{ "type": "Feature", "properties": { "id": "11662510-173", "osm_way": 11662510, "name": "Seaman Street", "class": "residential", "is_priority": false, "length_m": 200.0 }, "geometry": { "type": "LineString", "coordinates": [ [ -74.441114842406179, 40.484221519233998 ], [ -74.4420209, 40.4847538 ], [ -74.4423151, 40.4849266 ], [ -74.4427972, 40.4852196 ], [ -74.442976524980097, 40.48532856053788 ] ] } },
{ "type": "Feature", "properties": { "id": "11662510-174", "osm_way": 11662510, "name": "Seaman Street", "class": "residential", "is_priority": false, "length_m": 200.0 }, "geometry": { "type": "LineString", "coordinates": [ [ -74.442976524980097, 40.48532856053788 ], [ -74.4432307, 40.485483 ], [ -74.4438433, 40.4858553 ], [ -74.4439114, 40.4858967 ], [ -74.4439873, 40.4859428 ], [ -74.444822871973614, 40.486450595210741 ] ] } },
{ "type": "Feature", "properties": { "id": "11662510-175", "osm_way": 11662510, "name": "Seaman Street", "class": "residential", "is_priority": false, "length_m": 200.0 }, "geometry": { "type": "LineString", "coordinates": [ [ -74.444822871973614, 40.486450595210741 ], [ -74.4454337, 40.4868218 ], [ -74.4455238, 40.4868765 ], [ -74.4456153, 40.4869332 ], [ -74.446661021815231, 40.487580450376207 ] ] } },
{ "type": "Feature", "properties": { "id": "11662510-176", "osm_way": 11662510, "name": "Seaman Street", "class": "residential", "is_priority": false, "length_m": 200.0 }, "geometry": { "type": "LineString", "coordinates": [ [ -74.446661021815231, 40.487580450376207 ], [ -74.4470361, 40.4878126 ], [ -74.4471149, 40.4878636 ], [ -74.4471913, 40.4879081 ], [ -74.4484862, 40.4887006 ], [ -74.448500288565214, 40.488709215534357 ] ] } },
{ "type": "Feature", "properties": { "id": "11662510-177", "osm_way": 11662510, "name": "Seaman Street", "class": "residential", "is_priority": false, "length_m": 25.6 }, "geometry": { "type": "LineString", "coordinates": [ [ -74.448500288565214, 40.488709215534357 ], [ -74.4486337, 40.488790799999983 ], [ -74.4487363, 40.488853599999985 ] ] } },
{ "type": "Feature", "properties": { "id": "11662511-178", "osm_way": 11662511, "name": "Seaman Street", "class": "residential", "is_priority": false, "length_m": 156.7 }, "geometry": { "type": "LineString", "coordinates": [ [ -74.4524586, 40.4911202 ], [ -74.4526791, 40.4912548 ], [ -74.4539025, 40.4920018 ] ] } },
{ "type": "Feature", "properties": { "id": "11662630-179", "osm_way": 11662630, "name": "Jersey Avenue", "class": "tertiary", "is_priority": false, "length_m": 165.1 }, "geometry": { "type": "LineString", "coordinates": [ [ -74.4563374, 40.4898303 ], [ -74.4569492, 40.4892558 ], [ -74.457558, 40.4886709 ] ] } },
{ "type": "Feature", "properties": { "id": "11662730-180", "osm_way": 11662730, "name": "Powers Street", "class": "residential", "is_priority": false, "length_m": 200.0 }, "geometry": { "type": "LineString", "coordinates": [ [ -74.449619, 40.482943 ], [ -74.4497182, 40.483003 ], [ -74.4498371, 40.483075 ], [ -74.450009, 40.483179 ], [ -74.4501805, 40.4832827 ], [ -74.4502099, 40.4833005 ], [ -74.4503037, 40.4833573 ], [ -74.4511696, 40.4838812 ], [ -74.4512413, 40.483924599999987 ], [ -74.451303, 40.4839619 ], [ -74.451468452925042, 40.484061987797816 ] ] } },
{ "type": "Feature", "properties": { "id": "11662730-181", "osm_way": 11662730, "name": "Powers Street", "class": "residential", "is_priority": false, "length_m": 200.0 }, "geometry": { "type": "LineString", "coordinates": [ [ -74.451468452925042, 40.484061987797816 ], [ -74.4527584, 40.4848423 ], [ -74.4528754, 40.4849087 ], [ -74.4529828, 40.4849735 ], [ -74.453320853622074, 40.485178079347165 ] ] } },
{ "type": "Feature", "properties": { "id": "11662730-182", "osm_way": 11662730, "name": "Powers Street", "class": "residential", "is_priority": false, "length_m": 200.0 }, "geometry": { "type": "LineString", "coordinates": [ [ -74.453320853622074, 40.485178079347165 ], [ -74.4539475, 40.4855573 ], [ -74.4546398, 40.4859876 ], [ -74.454722100000012, 40.4860388 ], [ -74.4547996, 40.4860852 ], [ -74.455163693420431, 40.486303384397168 ] ] } },
{ "type": "Feature", "properties": { "id": "11662730-183", "osm_way": 11662730, "name": "Powers Street", "class": "residential", "is_priority": false, "length_m": 130.6 }, "geometry": { "type": "LineString", "coordinates": [ [ -74.455163693420431, 40.486303384397168 ], [ -74.455652, 40.486596 ], [ -74.4563634, 40.4870411 ] ] } },
{ "type": "Feature", "properties": { "id": "11662732-184", "osm_way": 11662732, "name": "Powers Street", "class": "residential", "is_priority": false, "length_m": 200.0 }, "geometry": { "type": "LineString", "coordinates": [ [ -74.445167, 40.480165 ], [ -74.4457695, 40.4805571 ], [ -74.4463736, 40.4809501 ], [ -74.4464491, 40.4809993 ], [ -74.4465305, 40.4810489 ], [ -74.446976901792326, 40.481320705387297 ] ] } },
{ "type": "Feature", "properties": { "id": "11662732-185", "osm_way": 11662732, "name": "Powers Street", "class": "residential", "is_priority": false, "length_m": 84.5 }, "geometry": { "type": "LineString", "coordinates": [ [ -74.446976901792326, 40.481320705387297 ], [ -74.4477567, 40.4817955 ] ] } },
{ "type": "Feature", "properties": { "id": "11662798-186", "osm_way": 11662798, "name": "Crest Road", "class": "residential", "is_priority": false, "length_m": 159.5 }, "geometry": { "type": "LineString", "coordinates": [ [ -74.4208137, 40.4846219 ], [ -74.4208381, 40.4845386 ], [ -74.420868, 40.4844425 ], [ -74.420909, 40.484371 ], [ -74.4214167, 40.4836421 ], [ -74.4215582, 40.4834994 ], [ -74.4217311, 40.4833921 ] ] } },
{ "type": "Feature", "properties": { "id": "11663150-187", "osm_way": 11663150, "name": "Comstock Street", "class": "residential", "is_priority": false, "length_m": 200.0 }, "geometry": { "type": "LineString", "coordinates": [ [ -74.4416127, 40.4808522 ], [ -74.4416923, 40.4809008 ], [ -74.4417187, 40.480916899999983 ], [ -74.4431788, 40.4818089 ], [ -74.443454216708716, 40.481978732922983 ] ] } },
{ "type": "Feature", "properties": { "id": "11663150-188", "osm_way": 11663150, "name": "Comstock Street", "class": "residential", "is_priority": false, "length_m": 200.0 }, "geometry": { "type": "LineString", "coordinates": [ [ -74.443454216708716, 40.481978732922983 ], [ -74.444645, 40.482713 ], [ -74.445294318222196, 40.483106624268729 ] ] } },
{ "type": "Feature", "properties": { "id": "11663150-189", "osm_way": 11663150, "name": "Comstock Street", "class": "residential", "is_priority": false, "length_m": 200.0 }, "geometry": { "type": "LineString", "coordinates": [ [ -74.445294318222196, 40.483106624268729 ], [ -74.4455856, 40.4832832 ], [ -74.445694, 40.483349 ], [ -74.4457632, 40.483392299999984 ], [ -74.4461777, 40.4836521 ], [ -74.4462265, 40.4836827 ], [ -74.4463045, 40.4837299 ], [ -74.447135991334036, 40.484232986852824 ] ] } },
{ "type": "Feature", "properties": { "id": "11663150-190", "osm_way": 11663150, "name": "Comstock Street", "class": "residential", "is_priority": false, "length_m": 200.0 }, "geometry": { "type": "LineString", "coordinates": [ [ -74.447135991334036, 40.484232986852824 ], [ -74.4477502, 40.4846046 ], [ -74.4478428, 40.4846606 ], [ -74.4479465, 40.4847236 ], [ -74.448983564188296, 40.485353815432667 ] ] } },
{ "type": "Feature", "properties": { "id": "11663150-191", "osm_way": 11663150, "name": "Comstock Street", "class": "residential", "is_priority": false, "length_m": 200.0 }, "geometry": { "type": "LineString", "coordinates": [ [ -74.448983564188296, 40.485353815432667 ], [ -74.4493747, 40.4855915 ], [ -74.4494489, 40.4856366 ], [ -74.4495314, 40.4856872 ], [ -74.450825190106244, 40.486480361598986 ] ] } },
{ "type": "Feature", "properties": { "id": "11663150-192", "osm_way": 11663150, "name": "Comstock Street", "class": "residential", "is_priority": false, "length_m": 200.0 }, "geometry": { "type": "LineString", "coordinates": [ [ -74.450825190106244, 40.486480361598986 ], [ -74.4509688, 40.4865684 ], [ -74.4510736, 40.4866327 ], [ -74.4511932, 40.4867049 ], [ -74.452675167596183, 40.487598926334044 ] ] } },
{ "type": "Feature", "properties": { "id": "11663150-193", "osm_way": 11663150, "name": "Comstock Street", "class": "residential", "is_priority": false, "length_m": 74.1 }, "geometry": { "type": "LineString", "coordinates": [ [ -74.452675167596183, 40.487598926334044 ], [ -74.4528578, 40.4877091 ], [ -74.4529205, 40.4877469 ], [ -74.4529894, 40.4877896 ], [ -74.4533568, 40.4880167 ] ] } },
{ "type": "Feature", "properties": { "id": "11663222-194", "osm_way": 11663222, "name": "Triangle Road", "class": "residential", "is_priority": false, "length_m": 200.0 }, "geometry": { "type": "LineString", "coordinates": [ [ -74.4742576, 40.4746137 ], [ -74.474974, 40.475073 ], [ -74.4750926, 40.47516 ], [ -74.4759032, 40.4757112 ], [ -74.476032702207647, 40.475800137816755 ] ] } },
{ "type": "Feature", "properties": { "id": "11663222-195", "osm_way": 11663222, "name": "Triangle Road", "class": "residential", "is_priority": false, "length_m": 200.0 }, "geometry": { "type": "LineString", "coordinates": [ [ -74.476032702207647, 40.475800137816755 ], [ -74.476663, 40.476233 ], [ -74.4768875, 40.4763868 ], [ -74.477788530390683, 40.477003702642776 ] ] } },
{ "type": "Feature", "properties": { "id": "11663222-196", "osm_way": 11663222, "name": "Triangle Road", "class": "residential", "is_priority": false, "length_m": 108.2 }, "geometry": { "type": "LineString", "coordinates": [ [ -74.477788530390683, 40.477003702642776 ], [ -74.477973, 40.47713 ], [ -74.4783162, 40.4773648 ], [ -74.478739, 40.477654 ] ] } },
{ "type": "Feature", "properties": { "id": "11663445-197", "osm_way": 11663445, "name": "Duke Street", "class": "residential", "is_priority": false, "length_m": 200.0 }, "geometry": { "type": "LineString", "coordinates": [ [ -74.4577518, 40.4989078 ], [ -74.4578341, 40.4989395 ], [ -74.459851872604801, 40.499730141325514 ] ] } },
{ "type": "Feature", "properties": { "id": "11663445-198", "osm_way": 11663445, "name": "Duke Street", "class": "residential", "is_priority": false, "length_m": 19.9 }, "geometry": { "type": "LineString", "coordinates": [ [ -74.459851872604801, 40.499730141325514 ], [ -74.4600613, 40.4998122 ] ] } },
{ "type": "Feature", "properties": { "id": "11663628-199", "osm_way": 11663628, "name": "Haverford Street", "class": "residential", "is_priority": false, "length_m": 2.8 }, "geometry": { "type": "LineString", "coordinates": [ [ -74.462722106690777, 40.475388781917928 ], [ -74.4627483, 40.475404399999988 ] ] } },
{ "type": "Feature", "properties": { "id": "11663716-200", "osm_way": 11663716, "name": "Paulus Boulevard", "class": "residential", "is_priority": false, "length_m": 160.7 }, "geometry": { "type": "LineString", "coordinates": [ [ -74.4207641, 40.485246499999988 ], [ -74.4206142, 40.4858026 ], [ -74.4205307, 40.4860936 ], [ -74.419886100000014, 40.4862896 ], [ -74.419822200000013, 40.4863088 ] ] } },
{ "type": "Feature", "properties": { "id": "11663717-201", "osm_way": 11663717, "name": "Paulus Boulevard West", "class": "residential", "is_priority": false, "length_m": 50.2 }, "geometry": { "type": "LineString", "coordinates": [ [ -74.4224213, 40.4857118 ], [ -74.4227256, 40.4854988 ], [ -74.4227603, 40.4854661 ], [ -74.4227865, 40.4854291 ], [ -74.422811200000012, 40.4853798 ] ] } },
{ "type": "Feature", "properties": { "id": "11664079-202", "osm_way": 11664079, "name": "Lawrence Street", "class": "residential", "is_priority": false, "length_m": 200.0 }, "geometry": { "type": "LineString", "coordinates": [ [ -74.4488027, 40.4787637 ], [ -74.4489034, 40.478828 ], [ -74.4492473, 40.479034200000015 ], [ -74.4497216, 40.479320399999985 ], [ -74.4497293, 40.479326 ], [ -74.450056, 40.47956090000001 ], [ -74.4501309, 40.4796382 ], [ -74.4501714, 40.4797408 ], [ -74.4501714, 40.4798731 ], [ -74.4501437, 40.479995700000011 ], [ -74.450090886422799, 40.480081962200067 ] ] } },
{ "type": "Feature", "properties": { "id": "11664079-203", "osm_way": 11664079, "name": "Lawrence Street", "class": "residential", "is_priority": false, "length_m": 91.8 }, "geometry": { "type": "LineString", "coordinates": [ [ -74.450090886422799, 40.480081962200067 ], [ -74.4500807, 40.4800986 ], [ -74.4498602, 40.4803011 ], [ -74.449792, 40.4803745 ], [ -74.4497636, 40.4804812 ], [ -74.449779, 40.4805549 ], [ -74.449831, 40.4806211 ], [ -74.4500253, 40.4807472 ] ] } },
{ "type": "Feature", "properties": { "id": "11664087-204", "osm_way": 11664087, "name": "Lawrence Street", "class": "residential", "is_priority": false, "length_m": 200.0 }, "geometry": { "type": "LineString", "coordinates": [ [ -74.4570402, 40.4838048 ], [ -74.4569875, 40.4837674 ], [ -74.4553002, 40.4827375 ], [ -74.455200719634036, 40.482676509635603 ] ] } },
{ "type": "Feature", "properties": { "id": "11664087-205", "osm_way": 11664087, "name": "Lawrence Street", "class": "residential", "is_priority": false, "length_m": 200.0 }, "geometry": { "type": "LineString", "coordinates": [ [ -74.455200719634036, 40.482676509635603 ], [ -74.455196300000011, 40.4826738 ], [ -74.455079, 40.4826024 ], [ -74.4536613, 40.4817293 ], [ -74.4535809, 40.4816798 ], [ -74.4535035, 40.4816334 ], [ -74.453361253005511, 40.481548026074186 ] ] } },
{ "type": "Feature", "properties": { "id": "11664087-206", "osm_way": 11664087, "name": "Lawrence Street", "class": "residential", "is_priority": false, "length_m": 150.5 }, "geometry": { "type": "LineString", "coordinates": [ [ -74.453361253005511, 40.481548026074186 ], [ -74.4520563, 40.48076480000001 ], [ -74.45196540000002, 40.4807099 ] ] } },
{ "type": "Feature", "properties": { "id": "11664088-207", "osm_way": 11664088, "name": "Lawrence Street", "class": "residential", "is_priority": false, "length_m": 158.7 }, "geometry": { "type": "LineString", "coordinates": [ [ -74.4473321, 40.4778785 ], [ -74.4487059, 40.478708899999987 ], [ -74.4488027, 40.4787637 ] ] } },
{ "type": "Feature", "properties": { "id": "11664141-208", "osm_way": 11664141, "name": "Langley Place", "class": "residential", "is_priority": false, "length_m": 152.9 }, "geometry": { "type": "LineString", "coordinates": [ [ -74.4662991, 40.4860549 ], [ -74.466783800000016, 40.4856015 ], [ -74.466884, 40.485523 ], [ -74.467166, 40.4852315 ], [ -74.467415, 40.484974 ] ] } },
{ "type": "Feature", "properties": { "id": "11664507-209", "osm_way": 11664507, "name": "College Farm Road", "class": "residential", "is_priority": false, "length_m": 188.5 }, "geometry": { "type": "LineString", "coordinates": [ [ -74.4365265, 40.4809795 ], [ -74.4365579, 40.4807796 ], [ -74.4365601, 40.480709 ], [ -74.436583, 40.480494 ], [ -74.4366284, 40.4800916 ], [ -74.4366471, 40.4798549 ], [ -74.4366571, 40.479738500000011 ], [ -74.4366975, 40.479287 ] ] } },
{ "type": "Feature", "properties": { "id": "11664537-210", "osm_way": 11664537, "name": "Curtis Place", "class": "residential", "is_priority": false, "length_m": 95.8 }, "geometry": { "type": "LineString", "coordinates": [ [ -74.465045, 40.485302 ], [ -74.464905, 40.48522 ], [ -74.464889, 40.48519 ], [ -74.464889, 40.485156 ], [ -74.465445, 40.484648 ] ] } },
{ "type": "Feature", "properties": { "id": "11664552-211", "osm_way": 11664552, "name": "Ryders Lane", "class": "secondary", "is_priority": false, "length_m": 142.8 }, "geometry": { "type": "LineString", "coordinates": [ [ -74.432503, 40.4835719 ], [ -74.4324387, 40.483126 ], [ -74.4324278, 40.4830899 ], [ -74.4324109, 40.4830563 ], [ -74.432391, 40.4830319 ], [ -74.4323632, 40.4830087 ], [ -74.4323275, 40.482991 ], [ -74.4322876, 40.4829799 ], [ -74.4322243, 40.4829717 ], [ -74.4321461, 40.4829752 ], [ -74.4320678, 40.4829818 ], [ -74.4318461, 40.483002 ], [ -74.4314556, 40.4830372 ] ] } },
{ "type": "Feature", "properties": { "id": "11664851-212", "osm_way": 11664851, "name": "North Pennington Road", "class": "residential", "is_priority": false, "length_m": 200.0 }, "geometry": { "type": "LineString", "coordinates": [ [ -74.404953, 40.4860026 ], [ -74.402653688789826, 40.486407846658658 ] ] } },
{ "type": "Feature", "properties": { "id": "11664851-213", "osm_way": 11664851, "name": "North Pennington Road", "class": "residential", "is_priority": false, "length_m": 187.5 }, "geometry": { "type": "LineString", "coordinates": [ [ -74.402653688789826, 40.486407846658658 ], [ -74.4018255, 40.4865538 ], [ -74.4016599, 40.4865679 ], [ -74.401462, 40.4865776 ], [ -74.4012152, 40.486555400000015 ], [ -74.401007, 40.4865119 ], [ -74.400849, 40.486462 ], [ -74.4007317, 40.4864188 ], [ -74.4006478, 40.4863619 ], [ -74.4005755, 40.4862886 ] ] } },
{ "type": "Feature", "properties": { "id": "11665101-214", "osm_way": 11665101, "name": "Baldwin Street", "class": "residential", "is_priority": false, "length_m": 200.0 }, "geometry": { "type": "LineString", "coordinates": [ [ -74.4466718, 40.4857725 ], [ -74.4467594, 40.4858259 ], [ -74.4482143, 40.4867123 ], [ -74.4482735, 40.48674840000001 ], [ -74.4483428, 40.4867908 ], [ -74.448515930000497, 40.486896670206384 ] ] } },
{ "type": "Feature", "properties": { "id": "11665101-215", "osm_way": 11665101, "name": "Baldwin Street", "class": "residential", "is_priority": false, "length_m": 150.3 }, "geometry": { "type": "LineString", "coordinates": [ [ -74.448515930000497, 40.486896670206384 ], [ -74.4497922, 40.4876771 ], [ -74.4498997, 40.4877429 ] ] } },
{ "type": "Feature", "properties": { "id": "11665104-216", "osm_way": 11665104, "name": "Baldwin Street", "class": "residential", "is_priority": false, "length_m": 200.0 }, "geometry": { "type": "LineString", "coordinates": [ [ -74.4404458, 40.481968199999983 ], [ -74.4420168, 40.4829082 ], [ -74.44229861391463, 40.483083837979834 ] ] } },
{ "type": "Feature", "properties": { "id": "11665104-217", "osm_way": 11665104, "name": "Baldwin Street", "class": "residential", "is_priority": false, "length_m": 130.3 }, "geometry": { "type": "LineString", "coordinates": [ [ -74.44229861391463, 40.483083837979834 ], [ -74.4434219, 40.4837839 ], [ -74.44349, 40.483826299999983 ] ] } },
{ "type": "Feature", "properties": { "id": "11665273-218", "osm_way": 11665273, "name": "Roosevelt Avenue", "class": "residential", "is_priority": false, "length_m": 200.0 }, "geometry": { "type": "LineString", "coordinates": [ [ -74.4784018, 40.4823419 ], [ -74.4784601, 40.4823044 ], [ -74.4790401, 40.4819637 ], [ -74.4791035, 40.4819264 ], [ -74.479182, 40.48188 ], [ -74.4792913, 40.481815299999987 ], [ -74.4796414, 40.48161910000001 ], [ -74.4797717, 40.481546 ], [ -74.4798327, 40.4815118 ], [ -74.4798868, 40.4814797 ], [ -74.480276729400558, 40.481248249771355 ] ] } },
{ "type": "Feature", "properties": { "id": "11665273-219", "osm_way": 11665273, "name": "Roosevelt Avenue", "class": "residential", "is_priority": false, "length_m": 16.3 }, "geometry": { "type": "LineString", "coordinates": [ [ -74.480276729400558, 40.481248249771355 ], [ -74.4804281, 40.4811584 ] ] } },
{ "type": "Feature", "properties": { "id": "11665408-220", "osm_way": 11665408, "name": "Bishop Place", "class": "residential", "is_priority": false, "length_m": 200.0 }, "geometry": { "type": "LineString", "coordinates": [ [ -74.4503975, 40.5017548 ], [ -74.4502861, 40.5018125 ], [ -74.4499314, 40.5020211 ], [ -74.4499038, 40.5020368 ], [ -74.4497401, 40.5021353 ], [ -74.449585, 40.5022008 ], [ -74.4493889, 40.5022784 ], [ -74.4492333, 40.5023444 ], [ -74.4491273, 40.5024078 ], [ -74.4490646, 40.5024453 ], [ -74.448996, 40.5024984 ], [ -74.448677800000013, 40.5027625 ], [ -74.448653, 40.5027797 ], [ -74.4486075, 40.5028102 ], [ -74.4485619, 40.5028414 ], [ -74.448544753461718, 40.5028514100553 ] ] } },
{ "type": "Feature", "properties": { "id": "11665408-221", "osm_way": 11665408, "name": "Bishop Place", "class": "residential", "is_priority": false, "length_m": 25.3 }, "geometry": { "type": "LineString", "coordinates": [ [ -74.448544753461718, 40.5028514100553 ], [ -74.448307700000015, 40.502989799999987 ] ] } },
{ "type": "Feature", "properties": { "id": "11665536-222", "osm_way": 11665536, "name": "Hobart Road", "class": "residential", "is_priority": false, "length_m": 36.1 }, "geometry": { "type": "LineString", "coordinates": [ [ -74.4106889, 40.4882429 ], [ -74.4108403, 40.4885464 ] ] } },
{ "type": "Feature", "properties": { "id": "11665569-223", "osm_way": 11665569, "name": "Simplex Avenue", "class": "residential", "is_priority": false, "length_m": 200.0 }, "geometry": { "type": "LineString", "coordinates": [ [ -74.4618651, 40.4861161 ], [ -74.462272, 40.485916 ], [ -74.4627758, 40.4856633 ], [ -74.4631206, 40.4854903 ], [ -74.463846849700232, 40.485138028221407 ] ] } },
{ "type": "Feature", "properties": { "id": "11665569-224", "osm_way": 11665569, "name": "Simplex Avenue", "class": "residential", "is_priority": false, "length_m": 69.7 }, "geometry": { "type": "LineString", "coordinates": [ [ -74.463846849700232, 40.485138028221407 ], [ -74.4639638, 40.4850813 ], [ -74.464247, 40.484863 ], [ -74.464433, 40.484702 ] ] } },
{ "type": "Feature", "properties": { "id": "11665849-225", "osm_way": 11665849, "name": "Hardenbergh Street", "class": "residential", "is_priority": false, "length_m": 200.0 }, "geometry": { "type": "LineString", "coordinates": [ [ -74.451259, 40.497947 ], [ -74.4511871, 40.4978749 ], [ -74.450461, 40.497147 ], [ -74.4504451, 40.4971307 ], [ -74.4501729, 40.4968504 ], [ -74.4501455, 40.4968222 ], [ -74.449839803125229, 40.496507414327333 ] ] } },
{ "type": "Feature", "properties": { "id": "11665849-226", "osm_way": 11665849, "name": "Hardenbergh Street", "class": "residential", "is_priority": false, "length_m": 25.4 }, "geometry": { "type": "LineString", "coordinates": [ [ -74.449839803125229, 40.496507414327333 ], [ -74.449752, 40.496417 ], [ -74.4497385, 40.496398499999984 ], [ -74.4497152, 40.4963665 ], [ -74.449682, 40.496314 ] ] } },
{ "type": "Feature", "properties": { "id": "11665867-227", "osm_way": 11665867, "name": "Edpas Road", "class": "residential", "is_priority": false, "length_m": 50.6 }, "geometry": { "type": "LineString", "coordinates": [ [ -74.4738786, 40.4831463 ], [ -74.4738891, 40.4831284 ], [ -74.473890200000014, 40.4831053 ], [ -74.4738804, 40.4830797 ], [ -74.4738581, 40.4830611 ], [ -74.4738386, 40.4830524 ], [ -74.4738076, 40.4830479 ], [ -74.4737859, 40.4830471 ], [ -74.4737582, 40.4830512 ], [ -74.4735931, 40.4833036 ] ] } },
{ "type": "Feature", "properties": { "id": "11665936-228", "osm_way": 11665936, "name": "Morrell Street", "class": "residential", "is_priority": false, "length_m": 66.4 }, "geometry": { "type": "LineString", "coordinates": [ [ -74.4520702, 40.50257950000001 ], [ -74.4526946, 40.5022184 ] ] } },
{ "type": "Feature", "properties": { "id": "11665965-229", "osm_way": 11665965, "name": "Handy Street", "class": "residential", "is_priority": false, "length_m": 200.0 }, "geometry": { "type": "LineString", "coordinates": [ [ -74.439857, 40.482511 ], [ -74.441422, 40.4834833 ], [ -74.441689058252138, 40.483646523415693 ] ] } },
{ "type": "Feature", "properties": { "id": "11665965-230", "osm_way": 11665965, "name": "Handy Street", "class": "residential", "is_priority": false, "length_m": 200.0 }, "geometry": { "type": "LineString", "coordinates": [ [ -74.441689058252138, 40.483646523415693 ], [ -74.4422517, 40.4839904 ], [ -74.4428361, 40.4843476 ], [ -74.4429013, 40.4843874 ], [ -74.442982300000011, 40.4844368 ], [ -74.4433859, 40.484682699999986 ], [ -74.443532024165847, 40.484771749368399 ] ] } },
{ "type": "Feature", "properties": { "id": "11665965-231", "osm_way": 11665965, "name": "Handy Street", "class": "residential", "is_priority": false, "length_m": 200.0 }, "geometry": { "type": "LineString", "coordinates": [ [ -74.443532024165847, 40.484771749368399 ], [ -74.4437835, 40.484925 ], [ -74.4444273, 40.4853174 ], [ -74.444488, 40.4853544 ], [ -74.4445624, 40.4853998 ], [ -74.445376000324501, 40.485896040328889 ] ] } },
{ "type": "Feature", "properties": { "id": "11665965-232", "osm_way": 11665965, "name": "Handy Street", "class": "residential", "is_priority": false, "length_m": 200.0 }, "geometry": { "type": "LineString", "coordinates": [ [ -74.445376000324501, 40.485896040328889 ], [ -74.4460052, 40.4862798 ], [ -74.4460882, 40.4863304 ], [ -74.44618, 40.4863862 ], [ -74.447221360226777, 40.487019035737127 ] ] } },
{ "type": "Feature", "properties": { "id": "11665965-233", "osm_way": 11665965, "name": "Handy Street", "class": "residential", "is_priority": false, "length_m": 200.0 }, "geometry": { "type": "LineString", "coordinates": [ [ -74.447221360226777, 40.487019035737127 ], [ -74.4476299, 40.4872673 ], [ -74.4476872, 40.4873022 ], [ -74.4477609, 40.4873469 ], [ -74.449068259783871, 40.488140585320814 ] ] } },
{ "type": "Feature", "properties": { "id": "11665965-234", "osm_way": 11665965, "name": "Handy Street", "class": "residential", "is_priority": false, "length_m": 27.1 }, "geometry": { "type": "LineString", "coordinates": [ [ -74.449068259783871, 40.488140585320814 ], [ -74.449213900000018, 40.488229 ], [ -74.4493185, 40.4882925 ] ] } },
{ "type": "Feature", "properties": { "id": "11665980-235", "osm_way": 11665980, "name": "Jones Avenue", "class": "residential", "is_priority": false, "length_m": 200.0 }, "geometry": { "type": "LineString", "coordinates": [ [ -74.4386332, 40.486157899999988 ], [ -74.4386756, 40.4861162 ], [ -74.438839, 40.4859556 ], [ -74.4390391, 40.4857739 ], [ -74.439116, 40.4856937 ], [ -74.4394068, 40.4854217 ], [ -74.4394815, 40.4853423 ], [ -74.4395558, 40.4852659 ], [ -74.4396264, 40.4852026 ], [ -74.4397749, 40.4850615 ], [ -74.4398589, 40.4849748 ], [ -74.44010089929489, 40.484747707876942 ] ] } },
{ "type": "Feature", "properties": { "id": "11665980-236", "osm_way": 11665980, "name": "Jones Avenue", "class": "residential", "is_priority": false, "length_m": 200.0 }, "geometry": { "type": "LineString", "coordinates": [ [ -74.44010089929489, 40.484747707876942 ], [ -74.4401641, 40.4846884 ], [ -74.4402335, 40.4846232 ], [ -74.4403051, 40.4845538 ], [ -74.4408268, 40.4840523 ], [ -74.441422, 40.4834833 ], [ -74.441571562751605, 40.483338692048662 ] ] } },
{ "type": "Feature", "properties": { "id": "11665980-237", "osm_way": 11665980, "name": "Jones Avenue", "class": "residential", "is_priority": false, "length_m": 200.0 }, "geometry": { "type": "LineString", "coordinates": [ [ -74.441571562751605, 40.483338692048662 ], [ -74.4420168, 40.4829082 ], [ -74.442595, 40.482354 ], [ -74.443046557847524, 40.481932376885574 ] ] } },
{ "type": "Feature", "properties": { "id": "11665980-238", "osm_way": 11665980, "name": "Jones Avenue", "class": "residential", "is_priority": false, "length_m": 200.0 }, "geometry": { "type": "LineString", "coordinates": [ [ -74.443046557847524, 40.481932376885574 ], [ -74.4431788, 40.4818089 ], [ -74.4437344, 40.4812593 ], [ -74.4438017, 40.4811927 ], [ -74.4443799, 40.4806485 ], [ -74.44451218534553, 40.480520489410743 ] ] } },
{ "type": "Feature", "properties": { "id": "11665980-239", "osm_way": 11665980, "name": "Jones Avenue", "class": "residential", "is_priority": false, "length_m": 74.9 }, "geometry": { "type": "LineString", "coordinates": [ [ -74.44451218534553, 40.480520489410743 ], [ -74.4445532, 40.4804808 ], [ -74.4446581, 40.4803792 ], [ -74.444859, 40.480185 ], [ -74.4449392, 40.4801478 ], [ -74.4450422, 40.4801467 ], [ -74.445167, 40.480165 ] ] } },
{ "type": "Feature", "properties": { "id": "11666374-240", "osm_way": 11666374, "name": "Lee Avenue", "class": "residential", "is_priority": false, "length_m": 200.0 }, "geometry": { "type": "LineString", "coordinates": [ [ -74.4447306, 40.4901378 ], [ -74.4447849, 40.4900851 ], [ -74.4452508, 40.4896335 ], [ -74.4453084, 40.4895776 ], [ -74.4453763, 40.4895128 ], [ -74.4458936, 40.4890196 ], [ -74.446199733248619, 40.488727785466445 ] ] } },
{ "type": "Feature", "properties": { "id": "11666374-241", "osm_way": 11666374, "name": "Lee Avenue", "class": "residential", "is_priority": false, "length_m": 200.0 }, "geometry": { "type": "LineString", "coordinates": [ [ -74.446199733248619, 40.488727785466445 ], [ -74.4464367, 40.48850190000001 ], [ -74.4464993, 40.4884422 ], [ -74.4465692, 40.488374 ], [ -74.4470512, 40.4879232 ], [ -74.4471149, 40.4878636 ], [ -74.4471648, 40.4878144 ], [ -74.447628, 40.4873579 ], [ -74.447669858126275, 40.487318516606855 ] ] } },
{ "type": "Feature", "properties": { "id": "11666374-242", "osm_way": 11666374, "name": "Lee Avenue", "class": "residential", "is_priority": false, "length_m": 200.0 }, "geometry": { "type": "LineString", "coordinates": [ [ -74.447669858126275, 40.487318516606855 ], [ -74.4476872, 40.4873022 ], [ -74.4477512, 40.4872417 ], [ -74.4482735, 40.48674840000001 ], [ -74.4488032, 40.4862342 ], [ -74.4488511, 40.4861877 ], [ -74.4489084, 40.4861349 ], [ -74.449147913863072, 40.485914070096051 ] ] } },
{ "type": "Feature", "properties": { "id": "11666374-243", "osm_way": 11666374, "name": "Lee Avenue", "class": "residential", "is_priority": false, "length_m": 128.4 }, "geometry": { "type": "LineString", "coordinates": [ [ -74.449147913863072, 40.485914070096051 ], [ -74.4493853, 40.485695199999988 ], [ -74.4494489, 40.4856366 ], [ -74.4495027, 40.4855847 ], [ -74.4497524, 40.4853438 ], [ -74.4500475, 40.4850606 ], [ -74.4500973, 40.4850128 ] ] } },
{ "type": "Feature", "properties": { "id": "11666404-244", "osm_way": 11666404, "name": "Squibb Drive", "class": "residential", "is_priority": false, "length_m": 92.0 }, "geometry": { "type": "LineString", "coordinates": [ [ -74.447576, 40.4771119 ], [ -74.447057, 40.4770002 ], [ -74.4469401, 40.4769763 ], [ -74.4468221, 40.4769702 ], [ -74.4465177, 40.4769416 ] ] } },
{ "type": "Feature", "properties": { "id": "11667257-245", "osm_way": 11667257, "name": "College Avenue", "class": "residential", "is_priority": false, "length_m": 85.4 }, "geometry": { "type": "LineString", "coordinates": [ [ -74.4472647, 40.4983173 ], [ -74.4474014, 40.4985644 ], [ -74.4474711, 40.4986903 ], [ -74.4476262, 40.4989705 ], [ -74.447657, 40.499026 ] ] } },
{ "type": "Feature", "properties": { "id": "11667265-246", "osm_way": 11667265, "name": "Kempton Avenue", "class": "residential", "is_priority": false, "length_m": 102.3 }, "geometry": { "type": "LineString", "coordinates": [ [ -74.444701, 40.47914 ], [ -74.4448305, 40.479023299999987 ], [ -74.445481, 40.478437 ] ] } },
{ "type": "Feature", "properties": { "id": "11667291-247", "osm_way": 11667291, "name": "Biel Road", "class": "residential", "is_priority": false, "length_m": 184.0 }, "geometry": { "type": "LineString", "coordinates": [ [ -74.4322413, 40.4800537 ], [ -74.4322255, 40.4800021 ], [ -74.432128, 40.479764 ], [ -74.432107, 40.479626 ], [ -74.432107, 40.479471 ], [ -74.432142, 40.4792472 ], [ -74.4321846, 40.4791202 ], [ -74.4322272, 40.47903 ], [ -74.4322747, 40.4788851 ], [ -74.432268, 40.478747 ], [ -74.4321945, 40.4784788 ], [ -74.4321819, 40.4784327 ] ] } },
{ "type": "Feature", "properties": { "id": "11667312-248", "osm_way": 11667312, "name": "Class Place", "class": "residential", "is_priority": false, "length_m": 124.5 }, "geometry": { "type": "LineString", "coordinates": [ [ -74.4778004, 40.4835538 ], [ -74.4780569, 40.4833993 ], [ -74.4784131, 40.483184799999989 ], [ -74.478828, 40.482935 ], [ -74.478953, 40.482858 ] ] } },
{ "type": "Feature", "properties": { "id": "11667375-249", "osm_way": 11667375, "name": "Beverly Avenue", "class": "residential", "is_priority": false, "length_m": 1.8 }, "geometry": { "type": "LineString", "coordinates": [ [ -74.4663953, 40.4723528 ], [ -74.466378025416972, 40.472342643743168 ] ] } },
{ "type": "Feature", "properties": { "id": "11668078-250", "osm_way": 11668078, "name": "Brush Avenue", "class": "residential", "is_priority": false, "length_m": 54.5 }, "geometry": { "type": "LineString", "coordinates": [ [ -74.4414981, 40.477285 ], [ -74.441906, 40.477527 ], [ -74.441943, 40.477533 ], [ -74.442032, 40.477535 ] ] } },
{ "type": "Feature", "properties": { "id": "11668118-251", "osm_way": 11668118, "name": "Howard Street", "class": "residential", "is_priority": false, "length_m": 200.0 }, "geometry": { "type": "LineString", "coordinates": [ [ -74.4455544, 40.479536 ], [ -74.4463406, 40.4800185 ], [ -74.4470307, 40.4804421 ], [ -74.447396172956203, 40.480662240560974 ] ] } },
{ "type": "Feature", "properties": { "id": "11668118-252", "osm_way": 11668118, "name": "Howard Street", "class": "residential", "is_priority": false, "length_m": 102.0 }, "geometry": { "type": "LineString", "coordinates": [ [ -74.447396172956203, 40.480662240560974 ], [ -74.4483411, 40.4812314 ] ] } },
{ "type": "Feature", "properties": { "id": "11668120-253", "osm_way": 11668120, "name": "Howard Street", "class": "residential", "is_priority": false, "length_m": 200.0 }, "geometry": { "type": "LineString", "coordinates": [ [ -74.450221, 40.482389299999987 ], [ -74.4503086, 40.4824421 ], [ -74.4517693, 40.483323 ], [ -74.4518205, 40.4833539 ], [ -74.4518965, 40.4834006 ], [ -74.452071025549699, 40.48350770841386 ] ] } },
{ "type": "Feature", "properties": { "id": "11668120-254", "osm_way": 11668120, "name": "Howard Street", "class": "residential", "is_priority": false, "length_m": 150.0 }, "geometry": { "type": "LineString", "coordinates": [ [ -74.452071025549699, 40.48350770841386 ], [ -74.4533389, 40.4842858 ], [ -74.453451, 40.484354399999987 ] ] } },
{ "type": "Feature", "properties": { "id": "11668268-255", "osm_way": 11668268, "name": "Prosper Street", "class": "residential", "is_priority": false, "length_m": 171.3 }, "geometry": { "type": "LineString", "coordinates": [ [ -74.452864, 40.4994006 ], [ -74.4528189, 40.499463 ], [ -74.452591, 40.499778 ], [ -74.452185, 40.500406 ], [ -74.452082, 40.500618 ], [ -74.4520708, 40.500641 ], [ -74.451997, 40.500792 ] ] } },
{ "type": "Feature", "properties": { "id": "11668449-256", "osm_way": 11668449, "name": "Newell Avenue", "class": "residential", "is_priority": false, "length_m": 200.0 }, "geometry": { "type": "LineString", "coordinates": [ [ -74.4260549, 40.4854137 ], [ -74.4261742, 40.485432 ], [ -74.4265914, 40.4854961 ], [ -74.4266557, 40.4854722 ], [ -74.4266962, 40.4854392 ], [ -74.4269782, 40.4843305 ], [ -74.427016815564585, 40.484178664946157 ] ] } },
{ "type": "Feature", "properties": { "id": "11668449-257", "osm_way": 11668449, "name": "Newell Avenue", "class": "residential", "is_priority": false, "length_m": 58.4 }, "geometry": { "type": "LineString", "coordinates": [ [ -74.427016815564585, 40.484178664946157 ], [ -74.427112, 40.4838044 ], [ -74.4271481, 40.4836623 ] ] } },
{ "type": "Feature", "properties": { "id": "11668491-258", "osm_way": 11668491, "name": "Lafayette Street", "class": "residential", "is_priority": false, "length_m": 174.8 }, "geometry": { "type": "LineString", "coordinates": [ [ -74.454451, 40.5057153 ], [ -74.4545531, 40.5056408 ], [ -74.4549197, 40.5054217 ], [ -74.4560596, 40.504730199999983 ] ] } },
{ "type": "Feature", "properties": { "id": "11668708-259", "osm_way": 11668708, "name": "Union Street", "class": "residential", "is_priority": false, "length_m": 200.0 }, "geometry": { "type": "LineString", "coordinates": [ [ -74.4487619, 40.4986975 ], [ -74.4488158, 40.4987518 ], [ -74.4490587, 40.4989968 ], [ -74.4491192, 40.4990494 ], [ -74.4492333, 40.4991021 ], [ -74.4493151, 40.4991352 ], [ -74.4493668, 40.4991562 ], [ -74.4494811, 40.49920250000001 ], [ -74.4497153, 40.4992975 ], [ -74.4497267, 40.4993021 ], [ -74.4502185, 40.4995015 ], [ -74.4502719, 40.4995231 ], [ -74.4504842, 40.499603 ], [ -74.450691246749116, 40.499680859330596 ] ] } },
{ "type": "Feature", "properties": { "id": "11668708-260", "osm_way": 11668708, "name": "Union Street", "class": "residential", "is_priority": false, "length_m": 48.6 }, "geometry": { "type": "LineString", "coordinates": [ [ -74.450691246749116, 40.499680859330596 ], [ -74.450723, 40.4996928 ], [ -74.4511473, 40.499852499999989 ], [ -74.4512056, 40.4998744 ] ] } },
{ "type": "Feature", "properties": { "id": "11668809-261", "osm_way": 11668809, "name": "Cornell Street", "class": "residential", "is_priority": false, "length_m": 3.3 }, "geometry": { "type": "LineString", "coordinates": [ [ -74.4639298, 40.4743721 ], [ -74.463899672438345, 40.474353076462783 ] ] } },
{ "type": "Feature", "properties": { "id": "11668821-262", "osm_way": 11668821, "name": "7th Street", "class": "residential", "is_priority": false, "length_m": 193.9 }, "geometry": { "type": "LineString", "coordinates": [ [ -74.4646014, 40.473821799999989 ], [ -74.4647163, 40.4738946 ], [ -74.466306, 40.4748679 ], [ -74.4663841, 40.4749163 ] ] } },
{ "type": "Feature", "properties": { "id": "11668835-263", "osm_way": 11668835, "name": "Jefferson Avenue", "class": "residential", "is_priority": false, "length_m": 200.0 }, "geometry": { "type": "LineString", "coordinates": [ [ -74.4610274, 40.5009435 ], [ -74.463129988163288, 40.501762186452879 ] ] } },
{ "type": "Feature", "properties": { "id": "11668835-264", "osm_way": 11668835, "name": "Jefferson Avenue", "class": "residential", "is_priority": false, "length_m": 200.0 }, "geometry": { "type": "LineString", "coordinates": [ [ -74.463129988163288, 40.501762186452879 ], [ -74.4633396, 40.5018438 ], [ -74.465231393511871, 40.502582679183313 ] ] } },
{ "type": "Feature", "properties": { "id": "11668835-265", "osm_way": 11668835, "name": "Jefferson Avenue", "class": "residential", "is_priority": false, "length_m": 47.4 }, "geometry": { "type": "LineString", "coordinates": [ [ -74.465231393511871, 40.502582679183313 ], [ -74.4657292, 40.5027771 ] ] } },
{ "type": "Feature", "properties": { "id": "11669021-266", "osm_way": 11669021, "name": "Player Avenue", "class": "residential", "is_priority": false, "length_m": 2.9 }, "geometry": { "type": "LineString", "coordinates": [ [ -74.409943826976985, 40.493468058290006 ], [ -74.409977480168905, 40.49347299995943 ] ] } },
{ "type": "Feature", "properties": { "id": "11669021-267", "osm_way": 11669021, "name": "Player Avenue", "class": "residential", "is_priority": false, "length_m": 40.2 }, "geometry": { "type": "LineString", "coordinates": [ [ -74.409993496837274, 40.493475351859857 ], [ -74.4103786, 40.4935319 ], [ -74.4104591, 40.4935437 ] ] } },
{ "type": "Feature", "properties": { "id": "11669084-268", "osm_way": 11669084, "name": "Delavan Street", "class": "residential", "is_priority": false, "length_m": 200.0 }, "geometry": { "type": "LineString", "coordinates": [ [ -74.4540142, 40.4874822 ], [ -74.4539482, 40.487437 ], [ -74.4536001, 40.4872048 ], [ -74.453554, 40.487174 ], [ -74.4534617, 40.4871186 ], [ -74.452179815198889, 40.486349567728546 ] ] } },
{ "type": "Feature", "properties": { "id": "11669084-269", "osm_way": 11669084, "name": "Delavan Street", "class": "residential", "is_priority": false, "length_m": 53.5 }, "geometry": { "type": "LineString", "coordinates": [ [ -74.452179815198889, 40.486349567728546 ], [ -74.4521582, 40.4863366 ], [ -74.4518144, 40.4861304 ], [ -74.4517947, 40.4861123 ], [ -74.4517081, 40.4860326 ] ] } },
{ "type": "Feature", "properties": { "id": "11669086-270", "osm_way": 11669086, "name": "Delavan Street", "class": "residential", "is_priority": false, "length_m": 124.3 }, "geometry": { "type": "LineString", "coordinates": [ [ -74.455806700000011, 40.4885536 ], [ -74.4564744, 40.4889703 ], [ -74.4569492, 40.4892558 ] ] } },
{ "type": "Feature", "properties": { "id": "11669159-271", "osm_way": 11669159, "name": "Dewey Drive", "class": "residential", "is_priority": false, "length_m": 200.0 }, "geometry": { "type": "LineString", "coordinates": [ [ -74.4207266, 40.4825971 ], [ -74.4212949, 40.4829435 ], [ -74.4214576, 40.4830863 ], [ -74.4215975, 40.4832315 ], [ -74.4217311, 40.4833921 ], [ -74.421849, 40.483479 ], [ -74.422347953221603, 40.48389160679482 ] ] } },
{ "type": "Feature", "properties": { "id": "11669159-272", "osm_way": 11669159, "name": "Dewey Drive", "class": "residential", "is_priority": false, "length_m": 200.0 }, "geometry": { "type": "LineString", "coordinates": [ [ -74.422347953221603, 40.48389160679482 ], [ -74.4223968, 40.483932 ], [ -74.422538, 40.4840112 ], [ -74.4226855, 40.4840483 ], [ -74.4228652, 40.4840513 ], [ -74.4230337, 40.484019 ], [ -74.4232296, 40.4839086 ], [ -74.4235108, 40.4837676 ], [ -74.4236426, 40.483738 ], [ -74.4237866, 40.4837308 ], [ -74.4239861, 40.4837534 ], [ -74.4241235, 40.4838065 ], [ -74.424259, 40.4838879 ], [ -74.4243601, 40.4840172 ], [ -74.424364754682742, 40.484029543884269 ] ] } },
{ "type": "Feature", "properties": { "id": "11669159-273", "osm_way": 11669159, "name": "Dewey Drive", "class": "residential", "is_priority": false, "length_m": 106.3 }, "geometry": { "type": "LineString", "coordinates": [ [ -74.424364754682742, 40.484029543884269 ], [ -74.4244121, 40.4841551 ], [ -74.4244056, 40.484261 ], [ -74.4243764, 40.4843762 ], [ -74.4243211, 40.484488399999989 ], [ -74.4240519, 40.4848571 ], [ -74.4240372, 40.4848756 ], [ -74.4240166, 40.4848913 ], [ -74.4239958, 40.4849001 ] ] } },
{ "type": "Feature", "properties": { "id": "11669252-274", "osm_way": 11669252, "name": "Delafield Street", "class": "residential", "is_priority": false, "length_m": 200.0 }, "geometry": { "type": "LineString", "coordinates": [ [ -74.4546152, 40.4984553 ], [ -74.4553251, 40.4987422 ], [ -74.4554323, 40.4987852 ], [ -74.4554951, 40.4988104 ], [ -74.4555812, 40.4988441 ], [ -74.456709878796715, 40.499285521751318 ] ] } },
{ "type": "Feature", "properties": { "id": "11669252-275", "osm_way": 11669252, "name": "Delafield Street", "class": "residential", "is_priority": false, "length_m": 59.7 }, "geometry": { "type": "LineString", "coordinates": [ [ -74.456709878796715, 40.499285521751318 ], [ -74.4572629, 40.4995018 ], [ -74.4572695, 40.4995042 ], [ -74.4573374, 40.4995293 ] ] } },
{ "type": "Feature", "properties": { "id": "11669306-276", "osm_way": 11669306, "name": "Scott Street", "class": "residential", "is_priority": false, "length_m": 56.9 }, "geometry": { "type": "LineString", "coordinates": [ [ -74.4504636, 40.494205 ], [ -74.4505279, 40.4942859 ], [ -74.450580200000019, 40.4943518 ], [ -74.4506309, 40.4944188 ], [ -74.4508037, 40.494647299999983 ] ] } },
{ "type": "Feature", "properties": { "id": "11669617-277", "osm_way": 11669617, "name": "Townsend Street", "class": "residential", "is_priority": false, "length_m": 200.0 }, "geometry": { "type": "LineString", "coordinates": [ [ -74.4396264, 40.4852026 ], [ -74.4407442, 40.4858678 ], [ -74.4410496, 40.4860495 ], [ -74.441114, 40.486089 ], [ -74.4411964, 40.4861395 ], [ -74.4414807945424, 40.486316758065605 ] ] } },
{ "type": "Feature", "properties": { "id": "11669617-278", "osm_way": 11669617, "name": "Townsend Street", "class": "residential", "is_priority": false, "length_m": 200.0 }, "geometry": { "type": "LineString", "coordinates": [ [ -74.4414807945424, 40.486316758065605 ], [ -74.4417703, 40.4864972 ], [ -74.4417911, 40.4865101 ], [ -74.4422058, 40.4867676 ], [ -74.442645, 40.4870424 ], [ -74.4426866, 40.4870684 ], [ -74.4427464, 40.4871028 ], [ -74.4429602, 40.4872335 ], [ -74.443316719256146, 40.487448629454043 ] ] } },
{ "type": "Feature", "properties": { "id": "11669617-279", "osm_way": 11669617, "name": "Townsend Street", "class": "residential", "is_priority": false, "length_m": 200.0 }, "geometry": { "type": "LineString", "coordinates": [ [ -74.443316719256146, 40.487448629454043 ], [ -74.4442222, 40.487995 ], [ -74.44432, 40.488054 ], [ -74.4443965, 40.488100899999985 ], [ -74.445162674637785, 40.48857107095651 ] ] } },
{ "type": "Feature", "properties": { "id": "11669617-280", "osm_way": 11669617, "name": "Townsend Street", "class": "residential", "is_priority": false, "length_m": 200.0 }, "geometry": { "type": "LineString", "coordinates": [ [ -74.445162674637785, 40.48857107095651 ], [ -74.4458936, 40.4890196 ], [ -74.4469905, 40.4896923 ], [ -74.44700234423297, 40.489699565838798 ] ] } },
{ "type": "Feature", "properties": { "id": "11669617-281", "osm_way": 11669617, "name": "Townsend Street", "class": "residential", "is_priority": false, "length_m": 200.0 }, "geometry": { "type": "LineString", "coordinates": [ [ -74.44700234423297, 40.489699565838798 ], [ -74.4474189, 40.48995510000001 ], [ -74.4475216, 40.490018 ], [ -74.4476363, 40.4900875 ], [ -74.4480158, 40.490317 ], [ -74.448849312879588, 40.490821106015609 ] ] } },
{ "type": "Feature", "properties": { "id": "11669617-282", "osm_way": 11669617, "name": "Townsend Street", "class": "residential", "is_priority": false, "length_m": 200.0 }, "geometry": { "type": "LineString", "coordinates": [ [ -74.448849312879588, 40.490821106015609 ], [ -74.4488622, 40.4908289 ], [ -74.4489131, 40.4908597 ], [ -74.4489643, 40.4908921 ], [ -74.4493062, 40.4911082 ], [ -74.449358, 40.491141 ], [ -74.4494436, 40.4911935 ], [ -74.450684322442825, 40.491954008292197 ] ] } },
{ "type": "Feature", "properties": { "id": "11669617-283", "osm_way": 11669617, "name": "Townsend Street", "class": "residential", "is_priority": false, "length_m": 34.6 }, "geometry": { "type": "LineString", "coordinates": [ [ -74.450684322442825, 40.491954008292197 ], [ -74.4510031, 40.4921494 ] ] } },
{ "type": "Feature", "properties": { "id": "11669648-284", "osm_way": 11669648, "name": "Redmond Street", "class": "residential", "is_priority": false, "length_m": 200.0 }, "geometry": { "type": "LineString", "coordinates": [ [ -74.4390391, 40.4857739 ], [ -74.4391053, 40.4858128 ], [ -74.4398547, 40.4862525 ], [ -74.44028710000002, 40.4865062 ], [ -74.4404649, 40.4866105 ], [ -74.440538, 40.486655 ], [ -74.4406074, 40.4866977 ], [ -74.4408874, 40.48687 ], [ -74.440902477917604, 40.486879276953836 ] ] } },
{ "type": "Feature", "properties": { "id": "11669648-285", "osm_way": 11669648, "name": "Redmond Street", "class": "residential", "is_priority": false, "length_m": 200.0 }, "geometry": { "type": "LineString", "coordinates": [ [ -74.440902477917604, 40.486879276953836 ], [ -74.44186, 40.4874684 ], [ -74.441897, 40.4874912 ], [ -74.4420663, 40.4875954 ], [ -74.4421083, 40.4876212 ], [ -74.442155700000015, 40.4876497 ], [ -74.442742509063294, 40.488007373498718 ] ] } },
{ "type": "Feature", "properties": { "id": "11669648-286", "osm_way": 11669648, "name": "Redmond Street", "class": "residential", "is_priority": false, "length_m": 200.0 }, "geometry": { "type": "LineString", "coordinates": [ [ -74.442742509063294, 40.488007373498718 ], [ -74.4436272, 40.4885466 ], [ -74.4437216, 40.4886041 ], [ -74.4438164, 40.4886623 ], [ -74.444584605984986, 40.489133538852329 ] ] } },
{ "type": "Feature", "properties": { "id": "11669648-287", "osm_way": 11669648, "name": "Redmond Street", "class": "residential", "is_priority": false, "length_m": 200.0 }, "geometry": { "type": "LineString", "coordinates": [ [ -74.444584605984986, 40.489133538852329 ], [ -74.4452425, 40.4895371 ], [ -74.4453084, 40.4895776 ], [ -74.4453828, 40.4896229 ], [ -74.4464074, 40.4902466 ], [ -74.446427700610514, 40.490258779525099 ] ] } },
{ "type": "Feature", "properties": { "id": "11669648-288", "osm_way": 11669648, "name": "Redmond Street", "class": "residential", "is_priority": false, "length_m": 200.0 }, "geometry": { "type": "LineString", "coordinates": [ [ -74.446427700610514, 40.490258779525099 ], [ -74.4468471, 40.4905104 ], [ -74.4469427, 40.4905699 ], [ -74.4470586, 40.49063850000001 ], [ -74.448144, 40.4913111 ], [ -74.4481883, 40.4913386 ], [ -74.4482462, 40.4913707 ], [ -74.448269756665184, 40.49138485393911 ] ] } },
{ "type": "Feature", "properties": { "id": "11669648-289", "osm_way": 11669648, "name": "Redmond Street", "class": "residential", "is_priority": false, "length_m": 200.0 }, "geometry": { "type": "LineString", "coordinates": [ [ -74.448269756665184, 40.49138485393911 ], [ -74.4487212, 40.4916561 ], [ -74.448792, 40.49170130000001 ], [ -74.4488657, 40.4917471 ], [ -74.4500636, 40.4924453 ], [ -74.450134914201513, 40.492488576834234 ] ] } },
{ "type": "Feature", "properties": { "id": "11669648-290", "osm_way": 11669648, "name": "Redmond Street", "class": "residential", "is_priority": false, "length_m": 33.7 }, "geometry": { "type": "LineString", "coordinates": [ [ -74.450134914201513, 40.492488576834234 ], [ -74.4504464, 40.4926776 ] ] } },
{ "type": "Feature", "properties": { "id": "11669655-291", "osm_way": 11669655, "name": "Connector Way", "class": "residential", "is_priority": false, "length_m": 63.0 }, "geometry": { "type": "LineString", "coordinates": [ [ -74.4494977, 40.4935906 ], [ -74.4494861, 40.4935345 ], [ -74.4494831, 40.4935199 ], [ -74.4494904, 40.4934881 ], [ -74.4495074, 40.493454799999988 ], [ -74.4496907, 40.4932843 ], [ -74.4497184, 40.4932529 ], [ -74.4497328, 40.493218 ], [ -74.4497431, 40.4931632 ], [ -74.4497576, 40.4930864 ] ] } },
{ "type": "Feature", "properties": { "id": "11669657-292", "osm_way": 11669657, "name": "Railroad Avenue", "class": "residential", "is_priority": false, "length_m": 82.5 }, "geometry": { "type": "LineString", "coordinates": [ [ -74.4519826, 40.4908307 ], [ -74.4518214, 40.4909832 ], [ -74.4514388, 40.4913453 ], [ -74.4513714, 40.4914091 ] ] } },
{ "type": "Feature", "properties": { "id": "11669668-293", "osm_way": 11669668, "name": "Railroad Avenue", "class": "residential", "is_priority": false, "length_m": 79.6 }, "geometry": { "type": "LineString", "coordinates": [ [ -74.4533978, 40.4898634 ], [ -74.4528635, 40.490388 ], [ -74.4528209, 40.4904298 ] ] } },
{ "type": "Feature", "properties": { "id": "11670000-294", "osm_way": 11670000, "name": "Oxford Street", "class": "residential", "is_priority": false, "length_m": 147.8 }, "geometry": { "type": "LineString", "coordinates": [ [ -74.457526, 40.49223 ], [ -74.456629, 40.4911893 ], [ -74.456567, 40.491117399999986 ] ] } },
{ "type": "Feature", "properties": { "id": "11670038-295", "osm_way": 11670038, "name": "Lorain Street", "class": "residential", "is_priority": false, "length_m": 141.8 }, "geometry": { "type": "LineString", "coordinates": [ [ -74.4591419, 40.4986163 ], [ -74.460608, 40.499233 ] ] } },
{ "type": "Feature", "properties": { "id": "11670156-296", "osm_way": 11670156, "name": "Richardson Street", "class": "residential", "is_priority": false, "length_m": 175.9 }, "geometry": { "type": "LineString", "coordinates": [ [ -74.453277, 40.5045698 ], [ -74.453366, 40.5045175 ], [ -74.4538822, 40.5042147 ], [ -74.4548565, 40.5036431 ], [ -74.4549233, 40.5036039 ] ] } },
{ "type": "Feature", "properties": { "id": "11670176-297", "osm_way": 11670176, "name": "Renaissance Lane", "class": "residential", "is_priority": false, "length_m": 200.0 }, "geometry": { "type": "LineString", "coordinates": [ [ -74.448211, 40.4827134 ], [ -74.4484297, 40.4824915 ], [ -74.4487964, 40.482139900000014 ], [ -74.4491779, 40.4817884 ], [ -74.44949440000002, 40.4814666 ], [ -74.449567, 40.4813324 ], [ -74.449596827550309, 40.481265772804811 ] ] } },
{ "type": "Feature", "properties": { "id": "11670176-298", "osm_way": 11670176, "name": "Renaissance Lane", "class": "residential", "is_priority": false, "length_m": 200.0 }, "geometry": { "type": "LineString", "coordinates": [ [ -74.449596827550309, 40.481265772804811 ], [ -74.449654700000011, 40.481136499999984 ], [ -74.4497383, 40.4810228 ], [ -74.4500253, 40.4807472 ], [ -74.4509099, 40.4799155 ], [ -74.450998416048193, 40.479827205134917 ] ] } },
{ "type": "Feature", "properties": { "id": "11670176-299", "osm_way": 11670176, "name": "Renaissance Lane", "class": "residential", "is_priority": false, "length_m": 60.4 }, "geometry": { "type": "LineString", "coordinates": [ [ -74.450998416048193, 40.479827205134917 ], [ -74.4514319, 40.4793948 ] ] } },
{ "type": "Feature", "properties": { "id": "11670501-300", "osm_way": 11670501, "name": "Bowser Road", "class": "residential", "is_priority": false, "length_m": 111.8 }, "geometry": { "type": "LineString", "coordinates": [ [ -74.4060823, 40.4872167 ], [ -74.4060328, 40.4872902 ], [ -74.4057974, 40.4875196 ], [ -74.405719, 40.487571799999984 ], [ -74.4055917, 40.4876146 ], [ -74.4054652, 40.4876428 ], [ -74.405358, 40.4876552 ], [ -74.4052213, 40.4876506 ], [ -74.4050202, 40.4876054 ] ] } },
{ "type": "Feature", "properties": { "id": "11670555-301", "osm_way": 11670555, "name": "Bethany Street", "class": "residential", "is_priority": false, "length_m": 164.1 }, "geometry": { "type": "LineString", "coordinates": [ [ -74.4557503, 40.4913652 ], [ -74.4557792, 40.49144 ], [ -74.4557891, 40.4914655 ], [ -74.4559216, 40.491617 ], [ -74.4563035, 40.4920537 ], [ -74.4563858, 40.4921478 ], [ -74.4566149, 40.4924097 ], [ -74.4567165, 40.4925259 ], [ -74.4567413, 40.4925404 ], [ -74.4568196, 40.4925862 ] ] } },
{ "type": "Feature", "properties": { "id": "11670799-302", "osm_way": 11670799, "name": "Pine Street", "class": "residential", "is_priority": false, "length_m": 200.0 }, "geometry": { "type": "LineString", "coordinates": [ [ -74.4426882, 40.4778046 ], [ -74.443371, 40.47825 ], [ -74.443595, 40.4783995 ], [ -74.444019, 40.478683 ], [ -74.4443497, 40.4789046 ], [ -74.444470304740022, 40.478985415436995 ] ] } },
{ "type": "Feature", "properties": { "id": "11670799-303", "osm_way": 11670799, "name": "Pine Street", "class": "residential", "is_priority": false, "length_m": 108.5 }, "geometry": { "type": "LineString", "coordinates": [ [ -74.444470304740022, 40.478985415436995 ], [ -74.444701, 40.47914 ], [ -74.4447199, 40.4791528 ], [ -74.44543, 40.479632 ] ] } },
{ "type": "Feature", "properties": { "id": "11670811-304", "osm_way": 11670811, "name": "Pine Street", "class": "residential", "is_priority": false, "length_m": 102.3 }, "geometry": { "type": "LineString", "coordinates": [ [ -74.4623287, 40.4847953 ], [ -74.4631206, 40.4854903 ] ] } },
{ "type": "Feature", "properties": { "id": "11670863-305", "osm_way": 11670863, "name": "6th Street", "class": "residential", "is_priority": false, "length_m": 199.6 }, "geometry": { "type": "LineString", "coordinates": [ [ -74.4639745, 40.4743352 ], [ -74.4657392, 40.475412 ], [ -74.4658141, 40.4754575 ] ] } },
{ "type": "Feature", "properties": { "id": "11670947-306", "osm_way": 11670947, "name": "Welton Street", "class": "residential", "is_priority": false, "length_m": 200.0 }, "geometry": { "type": "LineString", "coordinates": [ [ -74.4415233, 40.4881946 ], [ -74.4415878, 40.4882344 ], [ -74.4419139, 40.4884356 ], [ -74.4425071, 40.4887752 ], [ -74.4430467, 40.4891032 ], [ -74.4431382, 40.4891609 ], [ -74.443227, 40.4892154 ], [ -74.443378151267325, 40.489308127434562 ] ] } },
{ "type": "Feature", "properties": { "id": "11670947-307", "osm_way": 11670947, "name": "Welton Street", "class": "residential", "is_priority": false, "length_m": 200.0 }, "geometry": { "type": "LineString", "coordinates": [ [ -74.443378151267325, 40.489308127434562 ], [ -74.4447306, 40.4901378 ], [ -74.445217748638839, 40.490436709446712 ] ] } },
{ "type": "Feature", "properties": { "id": "11670947-308", "osm_way": 11670947, "name": "Welton Street", "class": "residential", "is_priority": false, "length_m": 200.0 }, "geometry": { "type": "LineString", "coordinates": [ [ -74.445217748638839, 40.490436709446712 ], [ -74.4455903, 40.4906653 ], [ -74.446251, 40.4910706 ], [ -74.4463524, 40.4911329 ], [ -74.4464646, 40.491201 ], [ -74.4468455, 40.4914366 ], [ -74.4469573, 40.4915057 ], [ -74.447055915357126, 40.491566670840854 ] ] } },
{ "type": "Feature", "properties": { "id": "11670947-309", "osm_way": 11670947, "name": "Welton Street", "class": "residential", "is_priority": false, "length_m": 124.5 }, "geometry": { "type": "LineString", "coordinates": [ [ -74.447055915357126, 40.491566670840854 ], [ -74.4473898, 40.4917731 ], [ -74.4474798, 40.4918288 ], [ -74.4475198, 40.4918528 ], [ -74.4481329, 40.4922196 ], [ -74.4482069, 40.492263499999986 ] ] } },
{ "type": "Feature", "properties": { "id": "11671185-310", "osm_way": 11671185, "name": "Neilson Street", "class": "residential", "is_priority": false, "length_m": 94.5 }, "geometry": { "type": "LineString", "coordinates": [ [ -74.4380159, 40.487704199999989 ], [ -74.4380737, 40.4877323 ], [ -74.4386044, 40.487995399999988 ], [ -74.4387264, 40.4880593 ], [ -74.438767, 40.4880805 ], [ -74.4388023, 40.4881017 ], [ -74.4388339, 40.4881251 ], [ -74.438859300000018, 40.4881494 ], [ -74.4388821, 40.488179100000011 ], [ -74.4389017, 40.4882072 ] ] } },
{ "type": "Feature", "properties": { "id": "11671190-311", "osm_way": 11671190, "name": "Neilson Street", "class": "residential", "is_priority": false, "length_m": 12.6 }, "geometry": { "type": "LineString", "coordinates": [ [ -74.4424303, 40.49702 ], [ -74.4424069, 40.4969077 ] ] } },
{ "type": "Feature", "properties": { "id": "11671380-312", "osm_way": 11671380, "name": "Central Avenue", "class": "residential", "is_priority": false, "length_m": 200.0 }, "geometry": { "type": "LineString", "coordinates": [ [ -74.4523337, 40.4983742 ], [ -74.4525302, 40.4983812 ], [ -74.4535158, 40.4984162 ], [ -74.4544169, 40.4984483 ], [ -74.4546152, 40.4984553 ], [ -74.454691358956765, 40.498458010262205 ] ] } },
{ "type": "Feature", "properties": { "id": "11671380-313", "osm_way": 11671380, "name": "Central Avenue", "class": "residential", "is_priority": false, "length_m": 200.0 }, "geometry": { "type": "LineString", "coordinates": [ [ -74.454691358956765, 40.498458010262205 ], [ -74.4551941, 40.49847590000001 ], [ -74.4557073, 40.4984942 ], [ -74.4562798, 40.4985146 ], [ -74.4567987, 40.498533 ], [ -74.457049015828332, 40.49854191170288 ] ] } },
{ "type": "Feature", "properties": { "id": "11671380-314", "osm_way": 11671380, "name": "Central Avenue", "class": "residential", "is_priority": false, "length_m": 76.9 }, "geometry": { "type": "LineString", "coordinates": [ [ -74.457049015828332, 40.49854191170288 ], [ -74.4573942, 40.4985542 ], [ -74.4574855, 40.49855740000001 ], [ -74.4576017, 40.4985616 ], [ -74.4579559, 40.4985742 ] ] } },
{ "type": "Feature", "properties": { "id": "11671459-315", "osm_way": 11671459, "name": "Tuthill Road", "class": "residential", "is_priority": false, "length_m": 146.0 }, "geometry": { "type": "LineString", "coordinates": [ [ -74.4103807, 40.4854457 ], [ -74.410266100000015, 40.485608 ], [ -74.4101307, 40.485764 ], [ -74.410005, 40.4858908 ], [ -74.409920900000017, 40.4859871 ], [ -74.4098614, 40.4860889 ], [ -74.4098281, 40.486204699999988 ], [ -74.409815200000011, 40.4863132 ], [ -74.409819, 40.4864258 ], [ -74.4098364, 40.486523 ], [ -74.4098593, 40.4866413 ] ] } },
{ "type": "Feature", "properties": { "id": "11671524-316", "osm_way": 11671524, "name": "Reservoir Avenue", "class": "residential", "is_priority": false, "length_m": 200.0 }, "geometry": { "type": "LineString", "coordinates": [ [ -74.443092535994566, 40.47649433965249 ], [ -74.442942, 40.476653 ], [ -74.442758, 40.47684 ], [ -74.442166, 40.477445 ], [ -74.442086, 40.477527 ], [ -74.442032, 40.477535 ], [ -74.441657302844206, 40.477910921971549 ] ] } },
{ "type": "Feature", "properties": { "id": "11671524-317", "osm_way": 11671524, "name": "Reservoir Avenue", "class": "residential", "is_priority": false, "length_m": 117.6 }, "geometry": { "type": "LineString", "coordinates": [ [ -74.441657302844206, 40.477910921971549 ], [ -74.4409877, 40.4785827 ], [ -74.440852, 40.478695 ], [ -74.440807, 40.478747 ] ] } },
{ "type": "Feature", "properties": { "id": "11671694-318", "osm_way": 11671694, "name": "Brookside Avenue", "class": "residential", "is_priority": false, "length_m": 165.7 }, "geometry": { "type": "LineString", "coordinates": [ [ -74.4569641, 40.4939782 ], [ -74.457057, 40.4939624 ], [ -74.4579391, 40.4938122 ], [ -74.4588752, 40.4936642 ] ] } },
{ "type": "Feature", "properties": { "id": "11671697-319", "osm_way": 11671697, "name": "Brookside Avenue", "class": "residential", "is_priority": false, "length_m": 165.8 }, "geometry": { "type": "LineString", "coordinates": [ [ -74.4552197, 40.4946719 ], [ -74.4567779, 40.493882 ], [ -74.4568495, 40.4938457 ] ] } },
{ "type": "Feature", "properties": { "id": "11671724-320", "osm_way": 11671724, "name": "Edgeworth Place", "class": "residential", "is_priority": false, "length_m": 180.5 }, "geometry": { "type": "LineString", "coordinates": [ [ -74.456468, 40.4843603 ], [ -74.4565376, 40.4844015 ], [ -74.4575005, 40.4849715 ], [ -74.4579405, 40.485253 ], [ -74.4581315, 40.4853752 ] ] } },
{ "type": "Feature", "properties": { "id": "11671728-321", "osm_way": 11671728, "name": "Hildebrand Way", "class": "residential", "is_priority": false, "length_m": 61.6 }, "geometry": { "type": "LineString", "coordinates": [ [ -74.440337, 40.4917136 ], [ -74.4405038, 40.4916958 ], [ -74.44093890000002, 40.4916495 ], [ -74.4409838, 40.4916447 ], [ -74.4410569, 40.4916369 ] ] } },
{ "type": "Feature", "properties": { "id": "11671955-322", "osm_way": 11671955, "name": "Somerset Street", "class": "residential", "is_priority": false, "length_m": 138.3 }, "geometry": { "type": "LineString", "coordinates": [ [ -74.4453978, 40.4981442 ], [ -74.4455273, 40.4981045 ], [ -74.4457923, 40.4980232 ], [ -74.4466915, 40.4977475 ], [ -74.4467859, 40.4977189 ], [ -74.4469118, 40.4976799 ] ] } },
{ "type": "Feature", "properties": { "id": "11671962-323", "osm_way": 11671962, "name": "Pennington Road", "class": "residential", "is_priority": false, "length_m": 200.0 }, "geometry": { "type": "LineString", "coordinates": [ [ -74.4137177, 40.4854692 ], [ -74.4135399, 40.4853798 ], [ -74.4133617, 40.4853063 ], [ -74.4131886, 40.485274 ], [ -74.4130225, 40.4852628 ], [ -74.4128763, 40.4852802 ], [ -74.412735, 40.4853144 ], [ -74.4122551, 40.4854923 ], [ -74.4120489, 40.4855504 ], [ -74.4118474, 40.48557490000001 ], [ -74.4116452, 40.4855866 ], [ -74.411502267711683, 40.485581251512542 ] ] } },
{ "type": "Feature", "properties": { "id": "11671962-324", "osm_way": 11671962, "name": "Pennington Road", "class": "residential", "is_priority": false, "length_m": 200.0 }, "geometry": { "type": "LineString", "coordinates": [ [ -74.411502267711683, 40.485581251512542 ], [ -74.4114421, 40.485579 ], [ -74.4109263, 40.4855478 ], [ -74.4107245, 40.485528 ], [ -74.4105473, 40.48549520000001 ], [ -74.4103807, 40.4854457 ], [ -74.4096928, 40.4851572 ], [ -74.409322618788394, 40.484986150818074 ] ] } },
{ "type": "Feature", "properties": { "id": "11671962-325", "osm_way": 11671962, "name": "Pennington Road", "class": "residential", "is_priority": false, "length_m": 200.0 }, "geometry": { "type": "LineString", "coordinates": [ [ -74.409322618788394, 40.484986150818074 ], [ -74.408857, 40.484771 ], [ -74.4086681, 40.4846604 ], [ -74.4084387, 40.4844984 ], [ -74.408241, 40.4842876 ], [ -74.4081484, 40.4841657 ], [ -74.4080686, 40.4840291 ], [ -74.4080103, 40.4839001 ], [ -74.4079278, 40.4836311 ], [ -74.407926133318171, 40.483628007516494 ] ] } },
{ "type": "Feature", "properties": { "id": "11671962-326", "osm_way": 11671962, "name": "Pennington Road", "class": "residential", "is_priority": false, "length_m": 200.0 }, "geometry": { "type": "LineString", "coordinates": [ [ -74.407926133318171, 40.483628007516494 ], [ -74.407842, 40.4834719 ], [ -74.4076949, 40.483274199999983 ], [ -74.407506, 40.4830969 ], [ -74.4073304, 40.4829878 ], [ -74.4071144, 40.4828725 ], [ -74.4069262, 40.482805 ], [ -74.4067316, 40.4827484 ], [ -74.4065356, 40.482713 ], [ -74.4063252, 40.482696 ], [ -74.406102917901293, 40.48269110380744 ] ] } },
{ "type": "Feature", "properties": { "id": "11671962-327", "osm_way": 11671962, "name": "Pennington Road", "class": "residential", "is_priority": false, "length_m": 171.5 }, "geometry": { "type": "LineString", "coordinates": [ [ -74.406102917901293, 40.48269110380744 ], [ -74.4059484, 40.4826877 ], [ -74.4051566, 40.4826913 ], [ -74.405025, 40.482707600000012 ], [ -74.404856, 40.482754 ], [ -74.404745, 40.4828095 ], [ -74.404634, 40.482900899999983 ], [ -74.4045535, 40.4830109 ], [ -74.4045038, 40.4831146 ], [ -74.404486, 40.4832351 ] ] } },
{ "type": "Feature", "properties": { "id": "11671993-328", "osm_way": 11671993, "name": "Jennings Court", "class": "residential", "is_priority": false, "length_m": 168.7 }, "geometry": { "type": "LineString", "coordinates": [ [ -74.4773737, 40.4837675 ], [ -74.4771085, 40.4831741 ], [ -74.476717, 40.4823325 ] ] } },
{ "type": "Feature", "properties": { "id": "11672136-329", "osm_way": 11672136, "name": "Throop Avenue", "class": "residential", "is_priority": false, "length_m": 200.0 }, "geometry": { "type": "LineString", "coordinates": [ [ -74.4426866, 40.4870684 ], [ -74.4426382, 40.4871146 ], [ -74.4422671, 40.487468899999989 ], [ -74.4421512, 40.48757950000001 ], [ -74.4421083, 40.4876212 ], [ -74.4420523, 40.4876761 ], [ -74.4415233, 40.4881946 ], [ -74.441333, 40.4883664 ], [ -74.4412059, 40.4884276 ], [ -74.441172774982618, 40.488438903830186 ] ] } },
{ "type": "Feature", "properties": { "id": "11672136-330", "osm_way": 11672136, "name": "Throop Avenue", "class": "residential", "is_priority": false, "length_m": 29.8 }, "geometry": { "type": "LineString", "coordinates": [ [ -74.441172774982618, 40.488438903830186 ], [ -74.44097, 40.4885081 ], [ -74.4409303, 40.4885209 ], [ -74.4408523, 40.488549399999989 ] ] } },
{ "type": "Feature", "properties": { "id": "11672171-331", "osm_way": 11672171, "name": "Home News Row", "class": "residential", "is_priority": false, "length_m": 200.0 }, "geometry": { "type": "LineString", "coordinates": [ [ -74.482659973282935, 40.470427839979692 ], [ -74.4819115, 40.4711591 ], [ -74.48120692322594, 40.471847331357083 ] ] } },
{ "type": "Feature", "properties": { "id": "11672171-332", "osm_way": 11672171, "name": "Home News Row", "class": "residential", "is_priority": false, "length_m": 200.0 }, "geometry": { "type": "LineString", "coordinates": [ [ -74.48120692322594, 40.471847331357083 ], [ -74.4810495, 40.4720011 ], [ -74.4808882, 40.4721668 ], [ -74.4807876, 40.4722657 ], [ -74.4803342, 40.47272370000001 ], [ -74.4801591, 40.4729006 ], [ -74.47977638317272, 40.473280053258947 ] ] } },
{ "type": "Feature", "properties": { "id": "11672171-333", "osm_way": 11672171, "name": "Home News Row", "class": "residential", "is_priority": false, "length_m": 200.0 }, "geometry": { "type": "LineString", "coordinates": [ [ -74.47977638317272, 40.473280053258947 ], [ -74.4795262, 40.4735281 ], [ -74.4794007, 40.4736526 ], [ -74.4790166, 40.4740334 ], [ -74.4786955, 40.4743518 ], [ -74.4785095, 40.4745353 ], [ -74.4783671, 40.4746758 ], [ -74.478335621212992, 40.474706864646272 ] ] } },
{ "type": "Feature", "properties": { "id": "11672171-334", "osm_way": 11672171, "name": "Home News Row", "class": "residential", "is_priority": false, "length_m": 200.0 }, "geometry": { "type": "LineString", "coordinates": [ [ -74.478335621212992, 40.474706864646272 ], [ -74.478245500000014, 40.4747958 ], [ -74.478149, 40.474891 ], [ -74.4776703, 40.4753234 ], [ -74.4770921, 40.4758455 ], [ -74.476822425909077, 40.476089030683788 ] ] } },
{ "type": "Feature", "properties": { "id": "11672171-335", "osm_way": 11672171, "name": "Home News Row", "class": "residential", "is_priority": false, "length_m": 20.9 }, "geometry": { "type": "LineString", "coordinates": [ [ -74.476822425909077, 40.476089030683788 ], [ -74.476663, 40.476233 ] ] } },
{ "type": "Feature", "properties": { "id": "11672279-336", "osm_way": 11672279, "name": "Kirkpatrick Street", "class": "residential", "is_priority": false, "length_m": 200.0 }, "geometry": { "type": "LineString", "coordinates": [ [ -74.446264, 40.4926308 ], [ -74.4462718, 40.4927045 ], [ -74.4462774, 40.4927581 ], [ -74.4463158, 40.4929396 ], [ -74.446399700000015, 40.4933365 ], [ -74.4464273, 40.493467 ], [ -74.4464316, 40.4934869 ], [ -74.446527, 40.4939244 ], [ -74.4465353, 40.4939701 ], [ -74.4465419, 40.494006 ], [ -74.44656, 40.4940896 ], [ -74.446629288687461, 40.49441042439738 ] ] } },
{ "type": "Feature", "properties": { "id": "11672279-337", "osm_way": 11672279, "name": "Kirkpatrick Street", "class": "residential", "is_priority": false, "length_m": 39.7 }, "geometry": { "type": "LineString", "coordinates": [ [ -74.446629288687461, 40.49441042439738 ], [ -74.4466433, 40.4944753 ], [ -74.4466921, 40.4947011 ], [ -74.4467056, 40.4947636 ] ] } },
{ "type": "Feature", "properties": { "id": "11672294-338", "osm_way": 11672294, "name": "Jerome Place", "class": "residential", "is_priority": false, "length_m": 4.1 }, "geometry": { "type": "LineString", "coordinates": [ [ -74.4641348, 40.4742039 ], [ -74.464127496354109, 40.474167409075172 ] ] } },
{ "type": "Feature", "properties": { "id": "11672426-339", "osm_way": 11672426, "name": "James Street", "class": "residential", "is_priority": false, "length_m": 190.0 }, "geometry": { "type": "LineString", "coordinates": [ [ -74.4539802, 40.4919702 ], [ -74.4543394, 40.492383 ], [ -74.4551712, 40.4933388 ], [ -74.4552211, 40.4933962 ] ] } },
{ "type": "Feature", "properties": { "id": "11672509-340", "osm_way": 11672509, "name": "Regency Manor Drive", "class": "residential", "is_priority": false, "length_m": 200.0 }, "geometry": { "type": "LineString", "coordinates": [ [ -74.4146371, 40.4864986 ], [ -74.4144793, 40.4866822 ], [ -74.4144514, 40.4867354 ], [ -74.4144292, 40.4867805 ], [ -74.4144092, 40.4868601 ], [ -74.4144068, 40.4868699 ], [ -74.4143736, 40.4870162 ], [ -74.4143463, 40.4870887 ], [ -74.4143166, 40.487148 ], [ -74.4139401, 40.4877121 ], [ -74.413673308072859, 40.488130239437744 ] ] } },
{ "type": "Feature", "properties": { "id": "11672509-341", "osm_way": 11672509, "name": "Regency Manor Drive", "class": "residential", "is_priority": false, "length_m": 124.0 }, "geometry": { "type": "LineString", "coordinates": [ [ -74.413673308072859, 40.488130239437744 ], [ -74.4134206, 40.4885263 ], [ -74.4131901, 40.489179299999989 ] ] } },
{ "type": "Feature", "properties": { "id": "11672608-342", "osm_way": 11672608, "name": "North Talmadge Street", "class": "residential", "is_priority": false, "length_m": 200.0 }, "geometry": { "type": "LineString", "coordinates": [ [ -74.4461319, 40.4789808 ], [ -74.4468299, 40.4794039 ], [ -74.4476204, 40.4798831 ], [ -74.447975696522718, 40.480105063977355 ] ] } },
{ "type": "Feature", "properties": { "id": "11672608-343", "osm_way": 11672608, "name": "North Talmadge Street", "class": "residential", "is_priority": false, "length_m": 107.2 }, "geometry": { "type": "LineString", "coordinates": [ [ -74.447975696522718, 40.480105063977355 ], [ -74.4489546, 40.4807166 ] ] } },
{ "type": "Feature", "properties": { "id": "11672670-344", "osm_way": 11672670, "name": "Florence Street", "class": "residential", "is_priority": false, "length_m": 107.8 }, "geometry": { "type": "LineString", "coordinates": [ [ -74.4585241, 40.490540299999985 ], [ -74.4585943, 40.4906187 ], [ -74.459242, 40.4913421 ] ] } },
{ "type": "Feature", "properties": { "id": "11672804-345", "osm_way": 11672804, "name": "Bayard Street", "class": "residential", "is_priority": false, "length_m": 162.7 }, "geometry": { "type": "LineString", "coordinates": [ [ -74.4418634, 40.4946904 ], [ -74.4419858, 40.494662 ], [ -74.4429336, 40.494526 ], [ -74.4436578, 40.494422 ], [ -74.4437466, 40.4944096 ] ] } },
{ "type": "Feature", "properties": { "id": "11672865-346", "osm_way": 11672865, "name": "Tunison Road", "class": "residential", "is_priority": false, "length_m": 136.3 }, "geometry": { "type": "LineString", "coordinates": [ [ -74.404953, 40.4860026 ], [ -74.4049628, 40.485935499999989 ], [ -74.4049774, 40.4858829 ], [ -74.4050651, 40.4856923 ], [ -74.4051192, 40.485573700000018 ], [ -74.4051616, 40.4854476 ], [ -74.4051852, 40.4853369 ], [ -74.4051932, 40.485230799999989 ], [ -74.4051889, 40.4851398 ], [ -74.405152900000019, 40.4850295 ], [ -74.405093, 40.48493 ], [ -74.4050191, 40.4848284 ] ] } },
{ "type": "Feature", "properties": { "id": "11672867-347", "osm_way": 11672867, "name": "Tunison Road", "class": "residential", "is_priority": false, "length_m": 200.0 }, "geometry": { "type": "LineString", "coordinates": [ [ -74.4137177, 40.4854692 ], [ -74.4133278, 40.485884 ], [ -74.4131102, 40.4860823 ], [ -74.4129626, 40.4861989 ], [ -74.4127868, 40.4863083 ], [ -74.4126242, 40.486385 ], [ -74.4124076, 40.4864708 ], [ -74.4121714, 40.486543 ], [ -74.411952724706694, 40.486578285029978 ] ] } },
{ "type": "Feature", "properties": { "id": "11672867-348", "osm_way": 11672867, "name": "Tunison Road", "class": "residential", "is_priority": false, "length_m": 200.0 }, "geometry": { "type": "LineString", "coordinates": [ [ -74.411952724706694, 40.486578285029978 ], [ -74.4118355, 40.4865972 ], [ -74.4116118, 40.4866156 ], [ -74.4113739, 40.486617 ], [ -74.4108422, 40.4865902 ], [ -74.4105648, 40.4865808 ], [ -74.4103331, 40.486593 ], [ -74.4100778, 40.4866157 ], [ -74.4098593, 40.4866413 ], [ -74.409614825408582, 40.486699829917974 ] ] } },
{ "type": "Feature", "properties": { "id": "11672867-349", "osm_way": 11672867, "name": "Tunison Road", "class": "residential", "is_priority": false, "length_m": 200.0 }, "geometry": { "type": "LineString", "coordinates": [ [ -74.409614825408582, 40.486699829917974 ], [ -74.407899, 40.4871106 ], [ -74.407363501564959, 40.487239827784435 ] ] } },
{ "type": "Feature", "properties": { "id": "11672867-350", "osm_way": 11672867, "name": "Tunison Road", "class": "residential", "is_priority": false, "length_m": 200.0 }, "geometry": { "type": "LineString", "coordinates": [ [ -74.407363501564959, 40.487239827784435 ], [ -74.4070723, 40.4873101 ], [ -74.4069602, 40.487331 ], [ -74.4068421, 40.4873459 ], [ -74.4067247, 40.4873504 ], [ -74.4066022, 40.48734910000001 ], [ -74.4064836, 40.4873387 ], [ -74.4063219, 40.4873059 ], [ -74.406235, 40.4872802 ], [ -74.4061411, 40.487247699999983 ], [ -74.4060823, 40.4872167 ], [ -74.4060089, 40.487166 ], [ -74.4059039, 40.4870687 ], [ -74.405454680784842, 40.486599962345672 ] ] } },
{ "type": "Feature", "properties": { "id": "11672867-351", "osm_way": 11672867, "name": "Tunison Road", "class": "residential", "is_priority": false, "length_m": 79.4 }, "geometry": { "type": "LineString", "coordinates": [ [ -74.405454680784842, 40.486599962345672 ], [ -74.4050249, 40.4861515 ], [ -74.4049794, 40.4860862 ], [ -74.404953, 40.4860026 ] ] } },
{ "type": "Feature", "properties": { "id": "11672879-352", "osm_way": 11672879, "name": "Terminal Road", "class": "residential", "is_priority": false, "length_m": 200.0 }, "geometry": { "type": "LineString", "coordinates": [ [ -74.4868529, 40.4728975 ], [ -74.4863307, 40.473484 ], [ -74.4862466, 40.4735776 ], [ -74.4861838, 40.4736476 ], [ -74.4858672, 40.473970699999988 ], [ -74.4857933, 40.4740472 ], [ -74.4856014, 40.474246 ], [ -74.485473788385534, 40.474358152628156 ] ] } },
{ "type": "Feature", "properties": { "id": "11672879-353", "osm_way": 11672879, "name": "Terminal Road", "class": "residential", "is_priority": false, "length_m": 200.0 }, "geometry": { "type": "LineString", "coordinates": [ [ -74.485473788385534, 40.474358152628156 ], [ -74.4853843, 40.4744368 ], [ -74.4851652, 40.4746037 ], [ -74.4850762, 40.4746715 ], [ -74.4847914, 40.4748162 ], [ -74.4845697, 40.474921 ], [ -74.484466, 40.47497 ], [ -74.4843163, 40.4751006 ], [ -74.4842076, 40.4751955 ], [ -74.483955, 40.4754159 ], [ -74.483925, 40.475442 ], [ -74.48379276457095, 40.475596429615223 ] ] } },
{ "type": "Feature", "properties": { "id": "11672879-354", "osm_way": 11672879, "name": "Terminal Road", "class": "residential", "is_priority": false, "length_m": 200.0 }, "geometry": { "type": "LineString", "coordinates": [ [ -74.48379276457095, 40.475596429615223 ], [ -74.4836396, 40.4757753 ], [ -74.4834425, 40.4760054 ], [ -74.48337, 40.47609 ], [ -74.4831553, 40.4763298 ], [ -74.4829609, 40.47654690000001 ], [ -74.4827955, 40.4767333 ], [ -74.482475835580928, 40.477091337899942 ] ] } },
{ "type": "Feature", "properties": { "id": "11672879-355", "osm_way": 11672879, "name": "Terminal Road", "class": "residential", "is_priority": false, "length_m": 9.9 }, "geometry": { "type": "LineString", "coordinates": [ [ -74.482475835580928, 40.477091337899942 ], [ -74.4824098, 40.47716530000001 ] ] } },
{ "type": "Feature", "properties": { "id": "11672995-356", "osm_way": 11672995, "name": "Starlight Court", "class": "residential", "is_priority": false, "length_m": 37.2 }, "geometry": { "type": "LineString", "coordinates": [ [ -74.4491779, 40.4817884 ], [ -74.4495229, 40.481995 ] ] } },
{ "type": "Feature", "properties": { "id": "11673077-357", "osm_way": 11673077, "name": "Wellington Place", "class": "residential", "is_priority": false, "length_m": 182.3 }, "geometry": { "type": "LineString", "coordinates": [ [ -74.4570402, 40.4838048 ], [ -74.4571189, 40.4838479 ], [ -74.457816, 40.4842755 ], [ -74.4580727, 40.484433 ], [ -74.4587202, 40.4848303 ] ] } },
{ "type": "Feature", "properties": { "id": "11673107-358", "osm_way": 11673107, "name": "Loretta Street", "class": "residential", "is_priority": false, "length_m": 200.0 }, "geometry": { "type": "LineString", "coordinates": [ [ -74.4555593, 40.477249799999989 ], [ -74.4556378, 40.4772962 ], [ -74.4562165, 40.4776381 ], [ -74.4571537, 40.478192 ], [ -74.457423125707621, 40.478354625109027 ] ] } },
{ "type": "Feature", "properties": { "id": "11673107-359", "osm_way": 11673107, "name": "Loretta Street", "class": "residential", "is_priority": false, "length_m": 200.0 }, "geometry": { "type": "LineString", "coordinates": [ [ -74.457423125707621, 40.478354625109027 ], [ -74.4586983, 40.4791243 ], [ -74.4588143, 40.47919430000001 ], [ -74.4589211, 40.47926 ], [ -74.459270751005633, 40.479475229438137 ] ] } },
{ "type": "Feature", "properties": { "id": "11673107-360", "osm_way": 11673107, "name": "Loretta Street", "class": "residential", "is_priority": false, "length_m": 153.6 }, "geometry": { "type": "LineString", "coordinates": [ [ -74.459270751005633, 40.479475229438137 ], [ -74.4601587, 40.4800218 ], [ -74.4606132, 40.4803016 ], [ -74.4606814, 40.4803436 ] ] } },
{ "type": "Feature", "properties": { "id": "11673184-361", "osm_way": 11673184, "name": "Sandford Street", "class": "residential", "is_priority": false, "length_m": 200.0 }, "geometry": { "type": "LineString", "coordinates": [ [ -74.4458619, 40.4815492 ], [ -74.4459515, 40.481603 ], [ -74.446355100000019, 40.4818454 ], [ -74.4466877, 40.482045299999989 ], [ -74.4470195, 40.4822445 ], [ -74.4472226, 40.4823666 ], [ -74.4472515, 40.482384 ], [ -74.447438, 40.482496 ], [ -74.4474809, 40.4825221 ], [ -74.447715435898971, 40.482664200193284 ] ] } },
{ "type": "Feature", "properties": { "id": "11673184-362", "osm_way": 11673184, "name": "Sandford Street", "class": "residential", "is_priority": false, "length_m": 146.4 }, "geometry": { "type": "LineString", "coordinates": [ [ -74.447715435898971, 40.482664200193284 ], [ -74.4477463, 40.4826829 ], [ -74.448056, 40.4828706 ], [ -74.4485153, 40.4831603 ], [ -74.4489696, 40.483445 ], [ -74.4490542, 40.483498 ] ] } },
{ "type": "Feature", "properties": { "id": "11673186-363", "osm_way": 11673186, "name": "Sandford Street", "class": "residential", "is_priority": false, "length_m": 142.0 }, "geometry": { "type": "LineString", "coordinates": [ [ -74.4562468, 40.4878739 ], [ -74.457558, 40.4886709 ] ] } },
{ "type": "Feature", "properties": { "id": "11673187-364", "osm_way": 11673187, "name": "Sandford Street", "class": "residential", "is_priority": false, "length_m": 170.9 }, "geometry": { "type": "LineString", "coordinates": [ [ -74.4428061, 40.4796866 ], [ -74.4443799, 40.4806485 ] ] } },
{ "type": "Feature", "properties": { "id": "11673211-365", "osm_way": 11673211, "name": "Fulton Court", "class": "residential", "is_priority": false, "length_m": 81.1 }, "geometry": { "type": "LineString", "coordinates": [ [ -74.4509099, 40.4799155 ], [ -74.4508535, 40.4798652 ], [ -74.450821, 40.479823199999984 ], [ -74.450797, 40.479774599999985 ], [ -74.4507099, 40.47945 ], [ -74.4506582, 40.4792206 ] ] } },
{ "type": "Feature", "properties": { "id": "11673271-366", "osm_way": 11673271, "name": "Ellen Street", "class": "residential", "is_priority": false, "length_m": 200.0 }, "geometry": { "type": "LineString", "coordinates": [ [ -74.4538822, 40.4788454 ], [ -74.4539731, 40.4789003 ], [ -74.455419, 40.4797743 ], [ -74.4554948, 40.4798219 ], [ -74.4555658, 40.4798645 ], [ -74.455731814999069, 40.479964101927401 ] ] } },
{ "type": "Feature", "properties": { "id": "11673271-367", "osm_way": 11673271, "name": "Ellen Street", "class": "residential", "is_priority": false, "length_m": 200.0 }, "geometry": { "type": "LineString", "coordinates": [ [ -74.455731814999069, 40.479964101927401 ], [ -74.4570196, 40.4807367 ], [ -74.4571342, 40.4808097 ], [ -74.4572458, 40.480875 ], [ -74.457583565083667, 40.481080698730779 ] ] } },
{ "type": "Feature", "properties": { "id": "11673271-368", "osm_way": 11673271, "name": "Ellen Street", "class": "residential", "is_priority": false, "length_m": 153.7 }, "geometry": { "type": "LineString", "coordinates": [ [ -74.457583565083667, 40.481080698730779 ], [ -74.4589373, 40.481905099999985 ], [ -74.4590014, 40.4819441 ] ] } },
{ "type": "Feature", "properties": { "id": "11673743-369", "osm_way": 11673743, "name": "Talmadge Street", "class": "residential", "is_priority": false, "length_m": 200.0 }, "geometry": { "type": "LineString", "coordinates": [ [ -74.450812, 40.481829 ], [ -74.4508991, 40.4818819 ], [ -74.452336, 40.4827553 ], [ -74.4524144, 40.4828029 ], [ -74.4524809, 40.4828432 ], [ -74.452658539060323, 40.482950760746427 ] ] } },
{ "type": "Feature", "properties": { "id": "11673743-370", "osm_way": 11673743, "name": "Talmadge Street", "class": "residential", "is_priority": false, "length_m": 149.4 }, "geometry": { "type": "LineString", "coordinates": [ [ -74.452658539060323, 40.482950760746427 ], [ -74.4539237, 40.4837168 ], [ -74.45404, 40.4837872 ] ] } },
{ "type": "Feature", "properties": { "id": "11673760-371", "osm_way": 11673760, "name": "Stratford Place", "class": "residential", "is_priority": false, "length_m": 200.0 }, "geometry": { "type": "LineString", "coordinates": [ [ -74.453451, 40.484354399999987 ], [ -74.4535585, 40.4844152 ], [ -74.4552383, 40.4854243 ], [ -74.455307895994565, 40.485466150395048 ] ] } },
{ "type": "Feature", "properties": { "id": "11673760-372", "osm_way": 11673760, "name": "Stratford Place", "class": "residential", "is_priority": false, "length_m": 0.6 }, "geometry": { "type": "LineString", "coordinates": [ [ -74.455307895994565, 40.485466150395048 ], [ -74.4553133, 40.4854694 ] ] } },
{ "type": "Feature", "properties": { "id": "11673847-373", "osm_way": 11673847, "name": "Johnson Drive", "class": "tertiary", "is_priority": false, "length_m": 130.8 }, "geometry": { "type": "LineString", "coordinates": [ [ -74.4447, 40.4999226 ], [ -74.4446113, 40.4999488 ], [ -74.4441951, 40.5000718 ], [ -74.4439324, 40.5001397 ], [ -74.443784, 40.500178 ], [ -74.4437418, 40.5001885 ], [ -74.443339, 40.5002948 ], [ -74.4432462, 40.5003193 ] ] } },
{ "type": "Feature", "properties": { "id": "11673869-374", "osm_way": 11673869, "name": "Gibbons Court", "class": "residential", "is_priority": false, "length_m": 67.4 }, "geometry": { "type": "LineString", "coordinates": [ [ -74.432816200000019, 40.4852225 ], [ -74.432912, 40.4852221 ], [ -74.4331321, 40.4852083 ], [ -74.4332233, 40.485211299999989 ], [ -74.4333135, 40.4852233 ], [ -74.4335418, 40.4852731 ], [ -74.4335659, 40.4852781 ], [ -74.4335976, 40.4852846 ] ] } },
{ "type": "Feature", "properties": { "id": "11673921-375", "osm_way": 11673921, "name": "Suydam Street", "class": "residential", "is_priority": false, "length_m": 200.0 }, "geometry": { "type": "LineString", "coordinates": [ [ -74.4386632, 40.4836666 ], [ -74.4390138, 40.4838802 ], [ -74.4391284, 40.48395 ], [ -74.4394094, 40.4841212 ], [ -74.4396504, 40.484268 ], [ -74.4397975, 40.4843576 ], [ -74.440162, 40.4845797 ], [ -74.4402335, 40.4846232 ], [ -74.4402992, 40.484663199999986 ], [ -74.440507775847422, 40.48479028720319 ] ] } },
{ "type": "Feature", "properties": { "id": "11673921-376", "osm_way": 11673921, "name": "Suydam Street", "class": "residential", "is_priority": false, "length_m": 129.3 }, "geometry": { "type": "LineString", "coordinates": [ [ -74.440507775847422, 40.48479028720319 ], [ -74.4416414, 40.485481 ], [ -74.4417006, 40.485517 ] ] } },
{ "type": "Feature", "properties": { "id": "11673968-377", "osm_way": 11673968, "name": "Voorhees Road", "class": "residential", "is_priority": false, "length_m": 200.0 }, "geometry": { "type": "LineString", "coordinates": [ [ -74.4084387, 40.4844984 ], [ -74.4080147, 40.4847187 ], [ -74.4078697, 40.4847745 ], [ -74.4077423, 40.484806199999987 ], [ -74.4076082, 40.4848193 ], [ -74.407481, 40.4848093 ], [ -74.4073359, 40.4847849 ], [ -74.4072053, 40.4847503 ], [ -74.4070169, 40.4846623 ], [ -74.406861, 40.4845814 ], [ -74.406814, 40.4845477 ], [ -74.4067758, 40.4844513 ], [ -74.4066964, 40.4841853 ], [ -74.406682904508486, 40.484158525217261 ] ] } },
{ "type": "Feature", "properties": { "id": "11673968-378", "osm_way": 11673968, "name": "Voorhees Road", "class": "residential", "is_priority": false, "length_m": 200.0 }, "geometry": { "type": "LineString", "coordinates": [ [ -74.406682904508486, 40.484158525217261 ], [ -74.4066527, 40.48409860000001 ], [ -74.4065779, 40.4840103 ], [ -74.4064649, 40.4839262 ], [ -74.406348, 40.4838628 ], [ -74.4061588, 40.4838185 ], [ -74.405141, 40.4837736 ], [ -74.4050096, 40.4837504 ], [ -74.4048894, 40.4837151 ], [ -74.4047563, 40.4836602 ], [ -74.4046471, 40.4835852 ], [ -74.404613184232872, 40.48354976078523 ] ] } },
{ "type": "Feature", "properties": { "id": "11673968-379", "osm_way": 11673968, "name": "Voorhees Road", "class": "residential", "is_priority": false, "length_m": 37.4 }, "geometry": { "type": "LineString", "coordinates": [ [ -74.404613184232872, 40.48354976078523 ], [ -74.4045536, 40.48348750000001 ], [ -74.4045089, 40.4834029 ], [ -74.4044898, 40.483305 ], [ -74.404486, 40.4832351 ] ] } },
{ "type": "Feature", "properties": { "id": "11674027-380", "osm_way": 11674027, "name": "Elm Row", "class": "residential", "is_priority": false, "length_m": 85.6 }, "geometry": { "type": "LineString", "coordinates": [ [ -74.4451834, 40.494986099999984 ], [ -74.4451716, 40.494926799999988 ], [ -74.4450465, 40.4942978 ], [ -74.4450317, 40.4942234 ] ] } },
{ "type": "Feature", "properties": { "id": "11674280-381", "osm_way": 11674280, "name": "Seminary Place", "class": "residential", "is_priority": false, "length_m": 200.0 }, "geometry": { "type": "LineString", "coordinates": [ [ -74.4464195, 40.5021944 ], [ -74.4464598, 40.5021809 ], [ -74.4464995, 40.502163399999986 ], [ -74.4472716, 40.5017643 ], [ -74.4473384, 40.5017325 ], [ -74.4475946, 40.5016103 ], [ -74.4476646, 40.501576900000011 ], [ -74.447788, 40.501518 ], [ -74.4478504, 40.501486899999989 ], [ -74.4481005, 40.5013621 ], [ -74.4481999, 40.501312499999983 ], [ -74.448398301592505, 40.50121350615899 ] ] } },
{ "type": "Feature", "properties": { "id": "11674280-382", "osm_way": 11674280, "name": "Seminary Place", "class": "residential", "is_priority": false, "length_m": 45.1 }, "geometry": { "type": "LineString", "coordinates": [ [ -74.448398301592505, 40.50121350615899 ], [ -74.4484877, 40.5011689 ], [ -74.4486123, 40.5011067 ], [ -74.4486266, 40.5010995 ], [ -74.4488436, 40.5009912 ] ] } },
{ "type": "Feature", "properties": { "id": "11674503-383", "osm_way": 11674503, "name": "Harvey Street", "class": "residential", "is_priority": false, "length_m": 200.0 }, "geometry": { "type": "LineString", "coordinates": [ [ -74.4551804, 40.4967232 ], [ -74.4551457, 40.49665610000001 ], [ -74.454752, 40.4958952 ], [ -74.4547459, 40.4958601 ], [ -74.4547472, 40.4958315 ], [ -74.4547593, 40.495801099999987 ], [ -74.4548795, 40.495654 ], [ -74.4548934, 40.4956162 ], [ -74.4548916, 40.4955723 ], [ -74.454471556643455, 40.495114233934444 ] ] } },
{ "type": "Feature", "properties": { "id": "11674503-384", "osm_way": 11674503, "name": "Harvey Street", "class": "residential", "is_priority": false, "length_m": 121.5 }, "geometry": { "type": "LineString", "coordinates": [ [ -74.454471556643455, 40.495114233934444 ], [ -74.4543735, 40.4950073 ], [ -74.4537267, 40.4942509 ], [ -74.453683, 40.4941998 ] ] } },
{ "type": "Feature", "properties": { "id": "11674612-385", "osm_way": 11674612, "name": "Mason Avenue", "class": "residential", "is_priority": false, "length_m": 92.4 }, "geometry": { "type": "LineString", "coordinates": [ [ -74.443371, 40.47825 ], [ -74.444032, 40.477588 ] ] } },
{ "type": "Feature", "properties": { "id": "11674775-386", "osm_way": 11674775, "name": "Van Dyke Avenue", "class": "residential", "is_priority": false, "length_m": 200.0 }, "geometry": { "type": "LineString", "coordinates": [ [ -74.468161, 40.479969 ], [ -74.4688081, 40.4803783 ], [ -74.4694093, 40.4807459 ], [ -74.4695254, 40.4808171 ], [ -74.4697208, 40.480937 ], [ -74.469993298459144, 40.481104169781936 ] ] } },
{ "type": "Feature", "properties": { "id": "11674775-387", "osm_way": 11674775, "name": "Van Dyke Avenue", "class": "residential", "is_priority": false, "length_m": 200.0 }, "geometry": { "type": "LineString", "coordinates": [ [ -74.469993298459144, 40.481104169781936 ], [ -74.4703386, 40.481316 ], [ -74.4705032, 40.481417 ], [ -74.4706924, 40.481533399999989 ], [ -74.4708941, 40.4816555 ], [ -74.4710675, 40.4817584 ], [ -74.4714684, 40.482003 ], [ -74.4716643, 40.4821215 ], [ -74.471837529917508, 40.482228091983522 ] ] } },
{ "type": "Feature", "properties": { "id": "11674775-388", "osm_way": 11674775, "name": "Van Dyke Avenue", "class": "residential", "is_priority": false, "length_m": 200.0 }, "geometry": { "type": "LineString", "coordinates": [ [ -74.471837529917508, 40.482228091983522 ], [ -74.4719032, 40.482268500000011 ], [ -74.472886, 40.4828731 ], [ -74.4730189, 40.4829543 ], [ -74.4733103, 40.4831322 ], [ -74.4735931, 40.4833036 ], [ -74.473681431823607, 40.48335221641517 ] ] } },
{ "type": "Feature", "properties": { "id": "11674775-389", "osm_way": 11674775, "name": "Van Dyke Avenue", "class": "residential", "is_priority": false, "length_m": 200.0 }, "geometry": { "type": "LineString", "coordinates": [ [ -74.473681431823607, 40.48335221641517 ], [ -74.4743335, 40.4837111 ], [ -74.4746314, 40.4838954 ], [ -74.4750442, 40.4841456 ], [ -74.475548143317482, 40.48445352916557 ] ] } },
{ "type": "Feature", "properties": { "id": "11674775-390", "osm_way": 11674775, "name": "Van Dyke Avenue", "class": "residential", "is_priority": false, "length_m": 34.1 }, "geometry": { "type": "LineString", "coordinates": [ [ -74.475548143317482, 40.48445352916557 ], [ -74.47579260000002, 40.4846029 ], [ -74.4758012, 40.4846199 ], [ -74.475824663703648, 40.484666635625409 ] ] } },
{ "type": "Feature", "properties": { "id": "11674825-391", "osm_way": 11674825, "name": "Halstead Road", "class": "residential", "is_priority": false, "length_m": 200.0 }, "geometry": { "type": "LineString", "coordinates": [ [ -74.4115608, 40.4877129 ], [ -74.4110856, 40.4874437 ], [ -74.410927, 40.4873798 ], [ -74.4107761, 40.4873448 ], [ -74.410573, 40.487321 ], [ -74.4103944, 40.487321 ], [ -74.4102323, 40.4873436 ], [ -74.409388781975593, 40.487540886588505 ] ] } },
{ "type": "Feature", "properties": { "id": "11674825-392", "osm_way": 11674825, "name": "Halstead Road", "class": "residential", "is_priority": false, "length_m": 106.5 }, "geometry": { "type": "LineString", "coordinates": [ [ -74.409388781975593, 40.487540886588505 ], [ -74.4081868, 40.487822 ] ] } },
{ "type": "Feature", "properties": { "id": "11674929-393", "osm_way": 11674929, "name": "May Street", "class": "residential", "is_priority": false, "length_m": 173.9 }, "geometry": { "type": "LineString", "coordinates": [ [ -74.4549981, 40.4777731 ], [ -74.4550915, 40.4778293 ], [ -74.4565448, 40.4787038 ], [ -74.4566079, 40.4787443 ] ] } },
{ "type": "Feature", "properties": { "id": "11674970-394", "osm_way": 11674970, "name": "Bristol Street", "class": "residential", "is_priority": false, "length_m": 200.0 }, "geometry": { "type": "LineString", "coordinates": [ [ -74.4546398, 40.5001023 ], [ -74.4546848, 40.5000336 ], [ -74.455031, 40.4995051 ], [ -74.455071, 40.499444 ], [ -74.4551021, 40.4993975 ], [ -74.4554537, 40.4988723 ], [ -74.4554951, 40.4988104 ], [ -74.4555306, 40.498757500000011 ], [ -74.4556607, 40.4985637 ], [ -74.455706672151209, 40.498495136385024 ] ] } },
{ "type": "Feature", "properties": { "id": "11674997-395", "osm_way": 11674997, "name": "Plum Street", "class": "residential", "is_priority": false, "length_m": 90.9 }, "geometry": { "type": "LineString", "coordinates": [ [ -74.4514099, 40.4937444 ], [ -74.4514993, 40.4938415 ], [ -74.4517881, 40.4941551 ], [ -74.4520268, 40.4944142 ] ] } },
{ "type": "Feature", "properties": { "id": "11675045-396", "osm_way": 11675045, "name": "Freeman Street", "class": "residential", "is_priority": false, "length_m": 176.5 }, "geometry": { "type": "LineString", "coordinates": [ [ -74.4560427, 40.4929835 ], [ -74.45612, 40.4930286 ], [ -74.4561488, 40.493045499999987 ], [ -74.4568495, 40.4938457 ], [ -74.4569641, 40.4939782 ], [ -74.4572365, 40.4942808 ] ] } },
{ "type": "Feature", "properties": { "id": "11675274-397", "osm_way": 11675274, "name": "Camner Avenue", "class": "residential", "is_priority": false, "length_m": 185.9 }, "geometry": { "type": "LineString", "coordinates": [ [ -74.480891341990201, 40.482569752501945 ], [ -74.4808691, 40.4825462 ], [ -74.480395, 40.482044 ], [ -74.4798736, 40.4815505 ], [ -74.4798327, 40.4815118 ], [ -74.479784, 40.4814635 ], [ -74.4795588, 40.4812399 ] ] } },
{ "type": "Feature", "properties": { "id": "11675312-398", "osm_way": 11675312, "name": "Robinson Street", "class": "residential", "is_priority": false, "length_m": 200.0 }, "geometry": { "type": "LineString", "coordinates": [ [ -74.4562798, 40.4985146 ], [ -74.4562481, 40.4984522 ], [ -74.455426130664634, 40.496834827678519 ] ] } },
{ "type": "Feature", "properties": { "id": "11675312-399", "osm_way": 11675312, "name": "Robinson Street", "class": "residential", "is_priority": false, "length_m": 18.6 }, "geometry": { "type": "LineString", "coordinates": [ [ -74.455426130664634, 40.496834827678519 ], [ -74.4553817, 40.4967474 ], [ -74.4553465, 40.4966782 ] ] } },
{ "type": "Feature", "properties": { "id": "11675482-400", "osm_way": 11675482, "name": "North Ward Street", "class": "residential", "is_priority": false, "length_m": 200.0 }, "geometry": { "type": "LineString", "coordinates": [ [ -74.446752, 40.4784473 ], [ -74.4482084, 40.479319099999984 ], [ -74.448605990384436, 40.479561759540296 ] ] } },
{ "type": "Feature", "properties": { "id": "11675482-401", "osm_way": 11675482, "name": "North Ward Street", "class": "residential", "is_priority": false, "length_m": 134.5 }, "geometry": { "type": "LineString", "coordinates": [ [ -74.448605990384436, 40.479561759540296 ], [ -74.4497286, 40.4802469 ], [ -74.4498602, 40.4803011 ] ] } },
{ "type": "Feature", "properties": { "id": "11675578-402", "osm_way": 11675578, "name": "Hartwell Street", "class": "residential", "is_priority": false, "length_m": 178.4 }, "geometry": { "type": "LineString", "coordinates": [ [ -74.454381, 40.496993 ], [ -74.4544066, 40.4970397 ], [ -74.4551553, 40.4984051 ], [ -74.4551941, 40.49847590000001 ] ] } },
{ "type": "Feature", "properties": { "id": "11675703-403", "osm_way": 11675703, "name": "Morris Street", "class": "residential", "is_priority": false, "length_m": 145.8 }, "geometry": { "type": "LineString", "coordinates": [ [ -74.442760100000015, 40.4914552 ], [ -74.4426496, 40.4914623 ], [ -74.4421293, 40.4915131 ], [ -74.4420317, 40.4915244 ], [ -74.44153080000001, 40.4915822 ], [ -74.4412543, 40.4916141 ], [ -74.4410569, 40.4916369 ] ] } },
{ "type": "Feature", "properties": { "id": "11675711-404", "osm_way": 11675711, "name": "Longfield Road", "class": "residential", "is_priority": false, "length_m": 200.0 }, "geometry": { "type": "LineString", "coordinates": [ [ -74.4098614, 40.4860889 ], [ -74.4096363, 40.4860491 ], [ -74.4094902, 40.4860373 ], [ -74.4093876, 40.4860365 ], [ -74.4092591, 40.4860533 ], [ -74.407590654265221, 40.48645346953014 ] ] } },
{ "type": "Feature", "properties": { "id": "11675711-405", "osm_way": 11675711, "name": "Longfield Road", "class": "residential", "is_priority": false, "length_m": 160.3 }, "geometry": { "type": "LineString", "coordinates": [ [ -74.407590654265221, 40.48645346953014 ], [ -74.4067391, 40.4866577 ], [ -74.4065785, 40.4867096 ], [ -74.4064324, 40.486768499999982 ], [ -74.4059039, 40.4870687 ] ] } },
{ "type": "Feature", "properties": { "id": "11675735-406", "osm_way": 11675735, "name": "Hamilton Street", "class": "tertiary", "is_priority": false, "length_m": 200.0 }, "geometry": { "type": "LineString", "coordinates": [ [ -74.4451718, 40.4997835 ], [ -74.4452898, 40.499742 ], [ -74.44622, 40.499456 ], [ -74.446598, 40.4993429 ], [ -74.447363941043363, 40.499116162097927 ] ] } },
{ "type": "Feature", "properties": { "id": "11675735-407", "osm_way": 11675735, "name": "Hamilton Street", "class": "tertiary", "is_priority": false, "length_m": 26.8 }, "geometry": { "type": "LineString", "coordinates": [ [ -74.447363941043363, 40.499116162097927 ], [ -74.4475165, 40.499071 ], [ -74.447657, 40.499026 ] ] } },
{ "type": "Feature", "properties": { "id": "11675763-408", "osm_way": 11675763, "name": "Hiram Square", "class": "residential", "is_priority": false, "length_m": 63.5 }, "geometry": { "type": "LineString", "coordinates": [ [ -74.4412619, 40.4953073 ], [ -74.44183, 40.4951973 ], [ -74.4419893, 40.4951707 ] ] } },
{ "type": "Feature", "properties": { "id": "11675764-409", "osm_way": 11675764, "name": "Hiram Square", "class": "residential", "is_priority": false, "length_m": 39.0 }, "geometry": { "type": "LineString", "coordinates": [ [ -74.4410349, 40.495249 ], [ -74.440943, 40.495242 ], [ -74.4406542, 40.49529540000001 ], [ -74.4405851, 40.49530810000001 ] ] } },
{ "type": "Feature", "properties": { "id": "11675797-410", "osm_way": 11675797, "name": "Senior Street", "class": "residential", "is_priority": false, "length_m": 200.0 }, "geometry": { "type": "LineString", "coordinates": [ [ -74.4527019, 40.5040076 ], [ -74.4528093, 40.5039445 ], [ -74.454284500000014, 40.5030777 ], [ -74.4543579, 40.5030346 ], [ -74.4544208, 40.502997 ], [ -74.454571027769006, 40.502907301041198 ] ] } },
{ "type": "Feature", "properties": { "id": "11675797-411", "osm_way": 11675797, "name": "Senior Street", "class": "residential", "is_priority": false, "length_m": 200.0 }, "geometry": { "type": "LineString", "coordinates": [ [ -74.454571027769006, 40.502907301041198 ], [ -74.4558755, 40.502128399999989 ], [ -74.4559414, 40.5020891 ], [ -74.45601, 40.5020482 ], [ -74.456430225784544, 40.501797262601954 ] ] } },
{ "type": "Feature", "properties": { "id": "11675797-412", "osm_way": 11675797, "name": "Senior Street", "class": "residential", "is_priority": false, "length_m": 109.9 }, "geometry": { "type": "LineString", "coordinates": [ [ -74.456430225784544, 40.501797262601954 ], [ -74.4566981, 40.5016373 ], [ -74.4568547, 40.5015438 ], [ -74.4573639, 40.5012397 ], [ -74.4574608, 40.5011978 ] ] } },
{ "type": "Feature", "properties": { "id": "11675821-413", "osm_way": 11675821, "name": "Paterson Street", "class": "residential", "is_priority": false, "length_m": 47.2 }, "geometry": { "type": "LineString", "coordinates": [ [ -74.4509901, 40.4940721 ], [ -74.4508711, 40.4941126 ], [ -74.4507661, 40.494137099999989 ], [ -74.4506512, 40.4941579 ], [ -74.4505407, 40.4941754 ], [ -74.4504636, 40.494205 ] ] } },
{ "type": "Feature", "properties": { "id": "11676163-414", "osm_way": 11676163, "name": "Delaware Drive", "class": "residential", "is_priority": false, "length_m": 0.6 }, "geometry": { "type": "LineString", "coordinates": [ [ -74.4879148, 40.47352260000001 ], [ -74.48791876190333, 40.473518651014459 ] ] } },
{ "type": "Feature", "properties": { "id": "11676177-415", "osm_way": 11676177, "name": "Hoffman Boulevard", "class": "residential", "is_priority": false, "length_m": 70.3 }, "geometry": { "type": "LineString", "coordinates": [ [ -74.41801, 40.486302 ], [ -74.417638, 40.4861335 ], [ -74.4175388, 40.4860885 ], [ -74.417467, 40.486056 ], [ -74.4173775, 40.4860141 ], [ -74.417301, 40.485974 ] ] } },
{ "type": "Feature", "properties": { "id": "11676212-416", "osm_way": 11676212, "name": "High Street", "class": "residential", "is_priority": false, "length_m": 200.0 }, "geometry": { "type": "LineString", "coordinates": [ [ -74.451652, 40.4952314 ], [ -74.4517101, 40.4952952 ], [ -74.4517907, 40.4953839 ], [ -74.451912, 40.4955173 ], [ -74.4524295, 40.4961197 ], [ -74.4525158, 40.4962202 ], [ -74.452956271188583, 40.496732918747163 ] ] } },
{ "type": "Feature", "properties": { "id": "11676212-417", "osm_way": 11676212, "name": "High Street", "class": "residential", "is_priority": false, "length_m": 72.7 }, "geometry": { "type": "LineString", "coordinates": [ [ -74.452956271188583, 40.496732918747163 ], [ -74.4530011, 40.4967851 ], [ -74.453314, 40.4972247 ], [ -74.45338, 40.497302 ] ] } },
{ "type": "Feature", "properties": { "id": "11676231-418", "osm_way": 11676231, "name": "Reed Street", "class": "residential", "is_priority": false, "length_m": 200.0 }, "geometry": { "type": "LineString", "coordinates": [ [ -74.4617763, 40.476337499999985 ], [ -74.4621878, 40.4766029 ], [ -74.462289, 40.476667 ], [ -74.4630508, 40.4771501 ], [ -74.4632474, 40.4772748 ], [ -74.4635791, 40.4774832 ], [ -74.463589921995506, 40.477489989084255 ] ] } },
{ "type": "Feature", "properties": { "id": "11676231-419", "osm_way": 11676231, "name": "Reed Street", "class": "residential", "is_priority": false, "length_m": 4.7 }, "geometry": { "type": "LineString", "coordinates": [ [ -74.463589921995506, 40.477489989084255 ], [ -74.4636325, 40.4775167 ] ] } },
{ "type": "Feature", "properties": { "id": "11676342-420", "osm_way": 11676342, "name": "Buccleuch Place", "class": "residential", "is_priority": false, "length_m": 163.0 }, "geometry": { "type": "LineString", "coordinates": [ [ -74.4624642, 40.5031515 ], [ -74.4625105, 40.5030824 ], [ -74.4628962, 40.5025061 ], [ -74.4629281, 40.5024577 ], [ -74.4629636, 40.5024054 ], [ -74.4633396, 40.5018438 ] ] } },
{ "type": "Feature", "properties": { "id": "11676347-421", "osm_way": 11676347, "name": "Wyckoff Street", "class": "residential", "is_priority": false, "length_m": 77.2 }, "geometry": { "type": "LineString", "coordinates": [ [ -74.4536512, 40.4998586 ], [ -74.4536972, 40.4999029 ], [ -74.4541629, 40.5003512 ], [ -74.4542172, 40.5004035 ] ] } },
{ "type": "Feature", "properties": { "id": "11676407-422", "osm_way": 11676407, "name": "8th Street", "class": "residential", "is_priority": false, "length_m": 189.1 }, "geometry": { "type": "LineString", "coordinates": [ [ -74.4651791, 40.47334870000001 ], [ -74.4653229, 40.4733864 ], [ -74.4653417, 40.4733979 ], [ -74.4668679, 40.4743317 ], [ -74.4669465, 40.4743782 ] ] } },
{ "type": "Feature", "properties": { "id": "11676586-423", "osm_way": 11676586, "name": "Wall Street", "class": "residential", "is_priority": false, "length_m": 30.0 }, "geometry": { "type": "LineString", "coordinates": [ [ -74.4453978, 40.4981442 ], [ -74.4453892, 40.4980767 ], [ -74.4453844, 40.4980449 ], [ -74.4453763, 40.4979596 ], [ -74.4453783, 40.4978744 ] ] } },
{ "type": "Feature", "properties": { "id": "11676710-424", "osm_way": 11676710, "name": "John Street", "class": "residential", "is_priority": false, "length_m": 195.9 }, "geometry": { "type": "LineString", "coordinates": [ [ -74.4403742, 40.4925071 ], [ -74.4403722, 40.4924536 ], [ -74.4403422, 40.491901 ], [ -74.440337, 40.4917136 ], [ -74.4403022, 40.4916352 ], [ -74.4402353, 40.4915569 ], [ -74.4401406, 40.4915004 ], [ -74.4400928, 40.4914185 ], [ -74.4397966, 40.4909728 ], [ -74.4397294, 40.4908716 ] ] } },
{ "type": "Feature", "properties": { "id": "11676721-425", "osm_way": 11676721, "name": "Lipman Drive", "class": "residential", "is_priority": false, "length_m": 122.1 }, "geometry": { "type": "LineString", "coordinates": [ [ -74.4383739, 40.4839403 ], [ -74.4382947, 40.4838937 ], [ -74.4378497, 40.4836328 ], [ -74.4372437, 40.4832578 ] ] } },
{ "type": "Feature", "properties": { "id": "11676902-426", "osm_way": 11676902, "name": "Dudley Road", "class": "residential", "is_priority": false, "length_m": 167.6 }, "geometry": { "type": "LineString", "coordinates": [ [ -74.4305593, 40.48063530000001 ], [ -74.4302711, 40.4806689 ], [ -74.4298162, 40.4806819 ], [ -74.4292949, 40.4806641 ], [ -74.4292411, 40.4806623 ], [ -74.4289117, 40.4806969 ], [ -74.4287451, 40.4807226 ], [ -74.4285972, 40.4807493 ] ] } },
{ "type": "Feature", "properties": { "id": "11676951-427", "osm_way": 11676951, "name": "John A. Lynch Memorial Bridge", "class": "motorway", "is_priority": true, "length_m": 200.0 }, "geometry": { "type": "LineString", "coordinates": [ [ -74.4568538, 40.5072034 ], [ -74.4571512, 40.507322599999988 ], [ -74.4574401, 40.5074835 ], [ -74.4577314, 40.507674399999985 ], [ -74.45800610000002, 40.507895 ], [ -74.4582071, 40.5080928 ], [ -74.4583869, 40.5082943 ], [ -74.458499610407983, 40.508453397987708 ] ] } },
{ "type": "Feature", "properties": { "id": "11676951-428", "osm_way": 11676951, "name": "John A. Lynch Memorial Bridge", "class": "motorway", "is_priority": true, "length_m": 52.5 }, "geometry": { "type": "LineString", "coordinates": [ [ -74.458499610407983, 40.508453397987708 ], [ -74.4585893, 40.50858 ], [ -74.4587493, 40.508866 ], [ -74.45875661999743, 40.508883538920145 ] ] } },
{ "type": "Feature", "properties": { "id": "11677019-429", "osm_way": 11677019, "name": "Dix Street", "class": "residential", "is_priority": false, "length_m": 200.0 }, "geometry": { "type": "LineString", "coordinates": [ [ -74.4575228, 40.4961539 ], [ -74.4575495, 40.4962293 ], [ -74.4575521, 40.4962367 ], [ -74.4575981, 40.4966827 ], [ -74.4576199, 40.4967512 ], [ -74.4576321, 40.4967745 ], [ -74.4580002, 40.497476499999983 ], [ -74.458203110406529, 40.497863522726711 ] ] } },
{ "type": "Feature", "properties": { "id": "11677019-430", "osm_way": 11677019, "name": "Dix Street", "class": "residential", "is_priority": false, "length_m": 87.3 }, "geometry": { "type": "LineString", "coordinates": [ [ -74.458203110406529, 40.497863522726711 ], [ -74.4585549, 40.4985345 ], [ -74.4585861, 40.4985939 ] ] } },
{ "type": "Feature", "properties": { "id": "11677069-431", "osm_way": 11677069, "name": "Larch Avenue", "class": "residential", "is_priority": false, "length_m": 118.0 }, "geometry": { "type": "LineString", "coordinates": [ [ -74.4426882, 40.4778046 ], [ -74.4433126, 40.4771722 ], [ -74.4435461, 40.4769679 ] ] } },
{ "type": "Feature", "properties": { "id": "11677105-432", "osm_way": 11677105, "name": "Lansing Place", "class": "residential", "is_priority": false, "length_m": 67.3 }, "geometry": { "type": "LineString", "coordinates": [ [ -74.4102341, 40.48417 ], [ -74.4102148, 40.484114699999985 ], [ -74.4101843, 40.4840623 ], [ -74.4098113, 40.4836616 ] ] } },
{ "type": "Feature", "properties": { "id": "11677218-433", "osm_way": 11677218, "name": "Bergen Avenue", "class": "residential", "is_priority": false, "length_m": 1.1 }, "geometry": { "type": "LineString", "coordinates": [ [ -74.467682265803745, 40.471285057564394 ], [ -74.4676945, 40.4712888 ] ] } },
{ "type": "Feature", "properties": { "id": "11677224-434", "osm_way": 11677224, "name": "Lake Street", "class": "residential", "is_priority": false, "length_m": 115.1 }, "geometry": { "type": "LineString", "coordinates": [ [ -74.4630721, 40.484299 ], [ -74.4639638, 40.4850813 ] ] } },
{ "type": "Feature", "properties": { "id": "11677259-435", "osm_way": 11677259, "name": "Fulton Street", "class": "residential", "is_priority": false, "length_m": 128.8 }, "geometry": { "type": "LineString", "coordinates": [ [ -74.4514376, 40.4802348 ], [ -74.4514542, 40.4801858 ], [ -74.4514877, 40.4801372 ], [ -74.4517927, 40.4798489 ], [ -74.4518301, 40.4798343 ], [ -74.45187, 40.47982660000001 ], [ -74.451914, 40.4798253 ], [ -74.451962, 40.4798317 ], [ -74.4520105, 40.479848 ], [ -74.4524669, 40.4801138 ], [ -74.4525448, 40.4801521 ] ] } },
{ "type": "Feature", "properties": { "id": "11677265-436", "osm_way": 11677265, "name": "Fulton Street", "class": "residential", "is_priority": false, "length_m": 24.3 }, "geometry": { "type": "LineString", "coordinates": [ [ -74.4509099, 40.4799155 ], [ -74.4511355, 40.4800512 ] ] } },
{ "type": "Feature", "properties": { "id": "11677282-437", "osm_way": 11677282, "name": "Old Gibbons Drive", "class": "residential", "is_priority": false, "length_m": 110.1 }, "geometry": { "type": "LineString", "coordinates": [ [ -74.4319642, 40.485305399999987 ], [ -74.4319791, 40.4855005 ], [ -74.4319992, 40.4856485 ], [ -74.4320891, 40.4862922 ] ] } },
{ "type": "Feature", "properties": { "id": "11677284-438", "osm_way": 11677284, "name": "Old Gibbons Drive", "class": "residential", "is_priority": false, "length_m": 200.0 }, "geometry": { "type": "LineString", "coordinates": [ [ -74.4297212, 40.4861448 ], [ -74.429686, 40.4860643 ], [ -74.429375900000011, 40.4860193 ], [ -74.429323, 40.4859692 ], [ -74.4293174, 40.485869 ], [ -74.4293573, 40.4857444 ], [ -74.4294469, 40.4856241 ], [ -74.4295163, 40.485585 ], [ -74.4296262, 40.4855231 ], [ -74.4297755, 40.485493 ], [ -74.4302829, 40.4854347 ], [ -74.430556, 40.4854188 ], [ -74.4307291, 40.4854065 ], [ -74.430753308839968, 40.485392987072423 ] ] } },
{ "type": "Feature", "properties": { "id": "11677284-439", "osm_way": 11677284, "name": "Old Gibbons Drive", "class": "residential", "is_priority": false, "length_m": 149.1 }, "geometry": { "type": "LineString", "coordinates": [ [ -74.430753308839968, 40.485392987072423 ], [ -74.4307841, 40.4853758 ], [ -74.4308171, 40.4853085 ], [ -74.4309134, 40.4851123 ], [ -74.4311834, 40.4849624 ], [ -74.4312791, 40.4849143 ], [ -74.4313497, 40.4848789 ], [ -74.431516200000019, 40.4848389 ], [ -74.4316509, 40.4848654 ], [ -74.4317206, 40.4848862 ], [ -74.4317521, 40.484911499999988 ], [ -74.4317689, 40.4849431 ], [ -74.4317745, 40.4849864 ], [ -74.431787, 40.4850155 ], [ -74.4318084, 40.4850415 ], [ -74.4319528, 40.4851515 ] ] } },
{ "type": "Feature", "properties": { "id": "11677297-440", "osm_way": 11677297, "name": "Park Boulevard", "class": "residential", "is_priority": false, "length_m": 86.7 }, "geometry": { "type": "LineString", "coordinates": [ [ -74.4599763, 40.5021766 ], [ -74.4600246, 40.5021135 ], [ -74.4601407, 40.5019701 ], [ -74.4602903, 40.5018 ], [ -74.4605338, 40.5015218 ] ] } },
{ "type": "Feature", "properties": { "id": "11677352-441", "osm_way": 11677352, "name": "Nichol Avenue", "class": "residential", "is_priority": false, "length_m": 196.6 }, "geometry": { "type": "LineString", "coordinates": [ [ -74.436921, 40.485321399999982 ], [ -74.4369838, 40.4852617 ], [ -74.4373764, 40.4848885 ], [ -74.4374299, 40.4848377 ], [ -74.4374745, 40.4847953 ], [ -74.4375484, 40.484725 ], [ -74.4378558, 40.4844328 ], [ -74.4379718, 40.4843209 ], [ -74.4380394, 40.4842556 ], [ -74.438296300000019, 40.4840134 ], [ -74.4383739, 40.4839403 ] ] } },
{ "type": "Feature", "properties": { "id": "11677353-442", "osm_way": 11677353, "name": "Nichol Avenue", "class": "residential", "is_priority": false, "length_m": 97.3 }, "geometry": { "type": "LineString", "coordinates": [ [ -74.444019, 40.478683 ], [ -74.444763, 40.478016 ] ] } },
{ "type": "Feature", "properties": { "id": "11677387-443", "osm_way": 11677387, "name": "Little Albany Street", "class": "residential", "is_priority": false, "length_m": 200.0 }, "geometry": { "type": "LineString", "coordinates": [ [ -74.446691, 40.4966732 ], [ -74.4467517, 40.4966164 ], [ -74.4470505, 40.4963372 ], [ -74.4470952, 40.4962996 ], [ -74.4471328, 40.4962695 ], [ -74.447165, 40.4962514 ], [ -74.4474153, 40.4962177 ], [ -74.4477827, 40.496167700000015 ], [ -74.4482155, 40.4961088 ], [ -74.448770639789672, 40.496033283428623 ] ] } },
{ "type": "Feature", "properties": { "id": "11677387-444", "osm_way": 11677387, "name": "Little Albany Street", "class": "residential", "is_priority": false, "length_m": 80.4 }, "geometry": { "type": "LineString", "coordinates": [ [ -74.448770639789672, 40.496033283428623 ], [ -74.4488183, 40.4960268 ], [ -74.448915, 40.4960136 ], [ -74.4493312, 40.495957 ], [ -74.4494118, 40.4959624 ], [ -74.4494575, 40.4959706 ], [ -74.4495004, 40.495991 ], [ -74.4495574, 40.4960369 ], [ -74.4496046, 40.4961196 ] ] } },
{ "type": "Feature", "properties": { "id": "11677423-445", "osm_way": 11677423, "name": "Wirt Street", "class": "residential", "is_priority": false, "length_m": 63.0 }, "geometry": { "type": "LineString", "coordinates": [ [ -74.4576457, 40.5012701 ], [ -74.4578074, 40.5014083 ], [ -74.4578646, 40.5014742 ], [ -74.458084, 40.501727 ] ] } },
{ "type": "Feature", "properties": { "id": "11677490-446", "osm_way": 11677490, "name": "New Street", "class": "secondary", "is_priority": false, "length_m": 20.2 }, "geometry": { "type": "LineString", "coordinates": [ [ -74.4419449, 40.4924449 ], [ -74.4420619, 40.4924256 ], [ -74.442179, 40.4924102 ] ] } },
{ "type": "Feature", "properties": { "id": "11677493-447", "osm_way": 11677493, "name": "", "class": "secondary_link", "is_priority": false, "length_m": 152.8 }, "geometry": { "type": "LineString", "coordinates": [ [ -74.441359, 40.4925431 ], [ -74.4411741, 40.4925424 ], [ -74.4411233, 40.4925394 ], [ -74.4409688, 40.4925584 ], [ -74.4407913, 40.4925792 ], [ -74.4406179, 40.4925947 ], [ -74.440447400000011, 40.492607 ], [ -74.4402558, 40.4926199 ], [ -74.4400509, 40.4926286 ], [ -74.4398855, 40.4926342 ], [ -74.4395631, 40.49264010000001 ] ] } },
{ "type": "Feature", "properties": { "id": "11677495-448", "osm_way": 11677495, "name": "Georges Road", "class": "tertiary", "is_priority": false, "length_m": 200.0 }, "geometry": { "type": "LineString", "coordinates": [ [ -74.445249, 40.4807517 ], [ -74.4452379, 40.4807119 ], [ -74.445179, 40.4805 ], [ -74.445171, 40.480314 ], [ -74.445167, 40.480165 ], [ -74.445202, 40.479966 ], [ -74.4452622, 40.4798434 ], [ -74.445313, 40.47974 ], [ -74.44543, 40.479632 ], [ -74.4455544, 40.479536 ], [ -74.4458708, 40.4792319 ], [ -74.4458917, 40.4792117 ], [ -74.445955075677858, 40.479150778289259 ] ] } },
{ "type": "Feature", "properties": { "id": "11677495-449", "osm_way": 11677495, "name": "Georges Road", "class": "tertiary", "is_priority": false, "length_m": 103.3 }, "geometry": { "type": "LineString", "coordinates": [ [ -74.445955075677858, 40.479150778289259 ], [ -74.4461319, 40.4789808 ], [ -74.4462373, 40.4788862 ], [ -74.446752, 40.4784473 ] ] } },
{ "type": "Feature", "properties": { "id": "11677551-450", "osm_way": 11677551, "name": "Drift Street", "class": "residential", "is_priority": false, "length_m": 200.0 }, "geometry": { "type": "LineString", "coordinates": [ [ -74.4504089, 40.4898723 ], [ -74.4503304, 40.4899224 ], [ -74.44963, 40.490369 ], [ -74.4489766, 40.4908162 ], [ -74.4489131, 40.4908597 ], [ -74.448841, 40.4909073 ], [ -74.448624051765904, 40.49105067533214 ] ] } },
{ "type": "Feature", "properties": { "id": "11677551-451", "osm_way": 11677551, "name": "Drift Street", "class": "residential", "is_priority": false, "length_m": 200.0 }, "geometry": { "type": "LineString", "coordinates": [ [ -74.448624051765904, 40.49105067533214 ], [ -74.448266, 40.4912873 ], [ -74.4481883, 40.4913386 ], [ -74.4481307, 40.4913785 ], [ -74.4474798, 40.4918288 ], [ -74.4469281, 40.492191799999979 ], [ -74.446852938002891, 40.492241254217511 ] ] } },
{ "type": "Feature", "properties": { "id": "11677551-452", "osm_way": 11677551, "name": "Drift Street", "class": "residential", "is_priority": false, "length_m": 66.0 }, "geometry": { "type": "LineString", "coordinates": [ [ -74.446852938002891, 40.492241254217511 ], [ -74.4465144, 40.492464 ], [ -74.4463433, 40.4925766 ], [ -74.446264, 40.4926308 ] ] } },
{ "type": "Feature", "properties": { "id": "11677584-453", "osm_way": 11677584, "name": "Condict Street", "class": "residential", "is_priority": false, "length_m": 144.4 }, "geometry": { "type": "LineString", "coordinates": [ [ -74.450461, 40.497147 ], [ -74.449162, 40.497873 ], [ -74.4490845, 40.4979143 ] ] } },
{ "type": "Feature", "properties": { "id": "11677608-454", "osm_way": 11677608, "name": "Woodbridge Street", "class": "residential", "is_priority": false, "length_m": 200.0 }, "geometry": { "type": "LineString", "coordinates": [ [ -74.4586758, 40.4960968 ], [ -74.458745, 40.4969813 ], [ -74.4587641, 40.4970506 ], [ -74.459171955457478, 40.497836000815411 ] ] } },
{ "type": "Feature", "properties": { "id": "11677608-455", "osm_way": 11677608, "name": "Woodbridge Street", "class": "residential", "is_priority": false, "length_m": 95.1 }, "geometry": { "type": "LineString", "coordinates": [ [ -74.459171955457478, 40.497836000815411 ], [ -74.4595497, 40.4985634 ], [ -74.4595854, 40.4986321 ] ] } },
{ "type": "Feature", "properties": { "id": "11677720-456", "osm_way": 11677720, "name": "Jules Lane", "class": "residential", "is_priority": false, "length_m": 200.0 }, "geometry": { "type": "LineString", "coordinates": [ [ -74.4769619, 40.4709925 ], [ -74.4771432, 40.4711006 ], [ -74.4773482, 40.4712229 ], [ -74.4774207, 40.4712661 ], [ -74.4778717, 40.471535 ], [ -74.4783544, 40.4718229 ], [ -74.478755, 40.472061799999985 ], [ -74.478821484721891, 40.472101342008521 ] ] } },
{ "type": "Feature", "properties": { "id": "11677720-457", "osm_way": 11677720, "name": "Jules Lane", "class": "residential", "is_priority": false, "length_m": 200.0 }, "geometry": { "type": "LineString", "coordinates": [ [ -74.478821484721891, 40.472101342008521 ], [ -74.4792083, 40.4723314 ], [ -74.47967, 40.4726019 ], [ -74.4801591, 40.4729006 ], [ -74.4803847, 40.4730293 ], [ -74.480685953112925, 40.473205255342805 ] ] } },
{ "type": "Feature", "properties": { "id": "11677720-458", "osm_way": 11677720, "name": "Jules Lane", "class": "residential", "is_priority": false, "length_m": 133.1 }, "geometry": { "type": "LineString", "coordinates": [ [ -74.480685953112925, 40.473205255342805 ], [ -74.4810139, 40.4733968 ], [ -74.4810438, 40.4734143 ], [ -74.4811705, 40.4734878 ], [ -74.4815294, 40.4736962 ], [ -74.48175, 40.4738243 ], [ -74.4818182, 40.4738975 ], [ -74.4818645, 40.4739779 ] ] } },
{ "type": "Feature", "properties": { "id": "11677738-459", "osm_way": 11677738, "name": "Bartlett Street", "class": "residential", "is_priority": false, "length_m": 200.0 }, "geometry": { "type": "LineString", "coordinates": [ [ -74.4509823, 40.5023265 ], [ -74.4511005, 40.5022541 ], [ -74.4513919, 40.502075 ], [ -74.4516039, 40.5019447 ], [ -74.4521479, 40.5016332 ], [ -74.4525671, 40.5013807 ], [ -74.4526277, 40.5013444 ], [ -74.4527011, 40.5013009 ], [ -74.452842167943288, 40.50121740680018 ] ] } },
{ "type": "Feature", "properties": { "id": "11677738-460", "osm_way": 11677738, "name": "Bartlett Street", "class": "residential", "is_priority": false, "length_m": 147.4 }, "geometry": { "type": "LineString", "coordinates": [ [ -74.452842167943288, 40.50121740680018 ], [ -74.4541465, 40.5004454 ], [ -74.4542172, 40.5004035 ] ] } },
{ "type": "Feature", "properties": { "id": "11677805-461", "osm_way": 11677805, "name": "Guilden Street", "class": "residential", "is_priority": false, "length_m": 200.0 }, "geometry": { "type": "LineString", "coordinates": [ [ -74.451259, 40.497947 ], [ -74.4513342, 40.4979769 ], [ -74.452255, 40.4983429 ], [ -74.4523337, 40.4983742 ], [ -74.4530114, 40.4986368 ], [ -74.4532303, 40.49872160000001 ], [ -74.453301, 40.498749 ], [ -74.453357707136689, 40.498771275613109 ] ] } },
{ "type": "Feature", "properties": { "id": "11677805-462", "osm_way": 11677805, "name": "Guilden Street", "class": "residential", "is_priority": false, "length_m": 163.3 }, "geometry": { "type": "LineString", "coordinates": [ [ -74.453357707136689, 40.498771275613109 ], [ -74.4533929, 40.4987851 ], [ -74.4549951, 40.4994142 ], [ -74.455071, 40.499444 ] ] } },
{ "type": "Feature", "properties": { "id": "11677819-463", "osm_way": 11677819, "name": "Carpender Road", "class": "residential", "is_priority": false, "length_m": 200.0 }, "geometry": { "type": "LineString", "coordinates": [ [ -74.4247517, 40.4860256 ], [ -74.4247532, 40.4860643 ], [ -74.4247611, 40.4860988 ], [ -74.4247739, 40.4861255 ], [ -74.4247941, 40.486155 ], [ -74.4248243, 40.4861841 ], [ -74.4248609, 40.4862079 ], [ -74.4249051, 40.486228 ], [ -74.4249493, 40.4862419 ], [ -74.4250011, 40.486253399999988 ], [ -74.4263451, 40.486471 ], [ -74.4264052, 40.4864802 ], [ -74.4264595, 40.4864847 ], [ -74.4265202, 40.486484 ], [ -74.4265762, 40.4864785 ], [ -74.4266348, 40.4864665 ], [ -74.4266905, 40.4864504 ], [ -74.4267391, 40.4864297 ], [ -74.4267823, 40.4864041 ], [ -74.426821, 40.4863756 ], [ -74.426847680112473, 40.486351654418428 ] ] } },
{ "type": "Feature", "properties": { "id": "11677819-464", "osm_way": 11677819, "name": "Carpender Road", "class": "residential", "is_priority": false, "length_m": 38.9 }, "geometry": { "type": "LineString", "coordinates": [ [ -74.426847680112473, 40.486351654418428 ], [ -74.426857100000021, 40.4863432 ], [ -74.4268869, 40.4863083 ], [ -74.4269063, 40.4862739 ], [ -74.4269206, 40.4862402 ], [ -74.426952300000011, 40.4861474 ], [ -74.4269633, 40.4861155 ], [ -74.4269948, 40.4860228 ] ] } },
{ "type": "Feature", "properties": { "id": "11677829-465", "osm_way": 11677829, "name": "Prospect Street", "class": "residential", "is_priority": false, "length_m": 161.9 }, "geometry": { "type": "LineString", "coordinates": [ [ -74.4529202, 40.4945818 ], [ -74.4528728, 40.4945263 ], [ -74.4528136, 40.494457 ], [ -74.4527067, 40.4943342 ], [ -74.4519468, 40.4934612 ], [ -74.4519302, 40.4934471 ], [ -74.4518951, 40.4934171 ], [ -74.4518367, 40.4933856 ] ] } },
{ "type": "Feature", "properties": { "id": "11677895-466", "osm_way": 11677895, "name": "4th Street", "class": "residential", "is_priority": false, "length_m": 200.0 }, "geometry": { "type": "LineString", "coordinates": [ [ -74.4627483, 40.475404399999988 ], [ -74.4635742, 40.4758976 ], [ -74.4640035, 40.4761608 ], [ -74.4645885, 40.4765119 ], [ -74.464601394203754, 40.47651963652855 ] ] } },
{ "type": "Feature", "properties": { "id": "11677895-467", "osm_way": 11677895, "name": "4th Street", "class": "residential", "is_priority": false, "length_m": 5.5 }, "geometry": { "type": "LineString", "coordinates": [ [ -74.464601394203754, 40.47651963652855 ], [ -74.464652, 40.47655 ] ] } },
{ "type": "Feature", "properties": { "id": "11677960-468", "osm_way": 11677960, "name": "Juliet Street", "class": "residential", "is_priority": false, "length_m": 172.9 }, "geometry": { "type": "LineString", "coordinates": [ [ -74.4544735, 40.4782881 ], [ -74.4545634, 40.4783392 ], [ -74.4560522, 40.4792749 ] ] } },
{ "type": "Feature", "properties": { "id": "11677961-469", "osm_way": 11677961, "name": "Manor Crescent", "class": "residential", "is_priority": false, "length_m": 138.1 }, "geometry": { "type": "LineString", "coordinates": [ [ -74.4116564, 40.488417499999983 ], [ -74.4125362, 40.4875388 ], [ -74.4126462, 40.4874289 ] ] } },
{ "type": "Feature", "properties": { "id": "11677962-470", "osm_way": 11677962, "name": "Manor Crescent", "class": "residential", "is_priority": false, "length_m": 168.0 }, "geometry": { "type": "LineString", "coordinates": [ [ -74.4131901, 40.489179299999989 ], [ -74.4131367, 40.4891691 ], [ -74.412861, 40.4891162 ], [ -74.412800200000021, 40.4891045 ], [ -74.4127889, 40.4891023 ], [ -74.4123689, 40.488977099999985 ], [ -74.4122905, 40.4889537 ], [ -74.4122833, 40.4889516 ], [ -74.4122486, 40.4889412 ], [ -74.4120339, 40.4888772 ], [ -74.4118729, 40.4888186 ], [ -74.4118126, 40.4887701 ], [ -74.4117576, 40.4886885 ], [ -74.4117039, 40.4885875 ], [ -74.4116651, 40.4884886 ], [ -74.4116614, 40.4884582 ], [ -74.4116564, 40.488417499999983 ] ] } },
{ "type": "Feature", "properties": { "id": "11677980-471", "osm_way": 11677980, "name": "Hart Avenue", "class": "residential", "is_priority": false, "length_m": 35.4 }, "geometry": { "type": "LineString", "coordinates": [ [ -74.4405677, 40.4784695 ], [ -74.44074, 40.478563 ], [ -74.440852, 40.478695 ] ] } },
{ "type": "Feature", "properties": { "id": "11678061-472", "osm_way": 11678061, "name": "South Talmadge Street", "class": "residential", "is_priority": false, "length_m": 200.0 }, "geometry": { "type": "LineString", "coordinates": [ [ -74.4462373, 40.4788862 ], [ -74.445481, 40.478437 ], [ -74.444763, 40.478016 ], [ -74.444369292138958, 40.477785485564475 ] ] } },
{ "type": "Feature", "properties": { "id": "11678061-473", "osm_way": 11678061, "name": "South Talmadge Street", "class": "residential", "is_priority": false, "length_m": 112.5 }, "geometry": { "type": "LineString", "coordinates": [ [ -74.444369292138958, 40.477785485564475 ], [ -74.444032, 40.477588 ], [ -74.4433126, 40.4771722 ] ] } },
{ "type": "Feature", "properties": { "id": "11772956-474", "osm_way": 11772956, "name": "Ambrose Street", "class": "residential", "is_priority": false, "length_m": 0.5 }, "geometry": { "type": "LineString", "coordinates": [ [ -74.461109825797578, 40.490405011166047 ], [ -74.4611062, 40.490401099999985 ] ] } },
{ "type": "Feature", "properties": { "id": "11774300-475", "osm_way": 11774300, "name": "Main Street", "class": "residential", "is_priority": false, "length_m": 7.9 }, "geometry": { "type": "LineString", "coordinates": [ [ -74.4631214, 40.489200299999986 ], [ -74.4631734, 40.489259 ] ] } },
{ "type": "Feature", "properties": { "id": "11775994-476", "osm_way": 11775994, "name": "South Dover Avenue", "class": "residential", "is_priority": false, "length_m": 1.7 }, "geometry": { "type": "LineString", "coordinates": [ [ -74.4677129, 40.487071899999989 ], [ -74.467724492159164, 40.487084287889722 ] ] } },
{ "type": "Feature", "properties": { "id": "11776884-477", "osm_way": 11776884, "name": "Douglas Avenue", "class": "residential", "is_priority": false, "length_m": 2.9 }, "geometry": { "type": "LineString", "coordinates": [ [ -74.4669147, 40.4874506 ], [ -74.466935211436422, 40.487471352412101 ] ] } },
{ "type": "Feature", "properties": { "id": "11778200-478", "osm_way": 11778200, "name": "Home Street", "class": "residential", "is_priority": false, "length_m": 1.2 }, "geometry": { "type": "LineString", "coordinates": [ [ -74.4603909, 40.4907608 ], [ -74.460398774954939, 40.490769631035633 ] ] } },
{ "type": "Feature", "properties": { "id": "11779400-479", "osm_way": 11779400, "name": "Kossuth Street", "class": "residential", "is_priority": false, "length_m": 1.7 }, "geometry": { "type": "LineString", "coordinates": [ [ -74.462474700000016, 40.4896897 ], [ -74.462486558036986, 40.489702175829095 ] ] } },
{ "type": "Feature", "properties": { "id": "23578637-480", "osm_way": 23578637, "name": "", "class": "trunk_link", "is_priority": false, "length_m": 20.8 }, "geometry": { "type": "LineString", "coordinates": [ [ -74.427641931280903, 40.477656360695114 ], [ -74.4277147, 40.47783530000001 ] ] } },
{ "type": "Feature", "properties": { "id": "23578705-481", "osm_way": 23578705, "name": "", "class": "motorway_link", "is_priority": false, "length_m": 200.0 }, "geometry": { "type": "LineString", "coordinates": [ [ -74.3999496, 40.4849272 ], [ -74.400773, 40.4841622 ], [ -74.4009823, 40.4839602 ], [ -74.401143200000021, 40.4837909 ], [ -74.4013041, 40.4836012 ], [ -74.401386267309945, 40.483500326371789 ] ] } },
{ "type": "Feature", "properties": { "id": "23578705-482", "osm_way": 23578705, "name": "", "class": "motorway_link", "is_priority": false, "length_m": 114.9 }, "geometry": { "type": "LineString", "coordinates": [ [ -74.401386267309945, 40.483500326371789 ], [ -74.4018808, 40.4828932 ], [ -74.4020149, 40.4827545 ], [ -74.4021437, 40.4826444 ] ] } },
{ "type": "Feature", "properties": { "id": "23578912-483", "osm_way": 23578912, "name": "", "class": "trunk_link", "is_priority": false, "length_m": 103.7 }, "geometry": { "type": "LineString", "coordinates": [ [ -74.4156906, 40.486107199999985 ], [ -74.4154665, 40.4862261 ], [ -74.4153516, 40.4862668 ], [ -74.4152389, 40.4862856 ], [ -74.4151077, 40.4862909 ], [ -74.4149568, 40.4863045 ], [ -74.4148451, 40.486336799999989 ], [ -74.4147314, 40.4863884 ], [ -74.4146842, 40.4864301 ], [ -74.4146371, 40.4864986 ] ] } },
{ "type": "Feature", "properties": { "id": "23578916-484", "osm_way": 23578916, "name": "", "class": "trunk_link", "is_priority": false, "length_m": 48.6 }, "geometry": { "type": "LineString", "coordinates": [ [ -74.424117, 40.4853721 ], [ -74.4239807, 40.4853383 ], [ -74.4239267, 40.4853204 ], [ -74.4238716, 40.4853007 ], [ -74.423812, 40.4852741 ], [ -74.4237554, 40.4852437 ], [ -74.4236199, 40.4851628 ] ] } },
{ "type": "Feature", "properties": { "id": "23578917-485", "osm_way": 23578917, "name": "", "class": "trunk_link", "is_priority": false, "length_m": 43.8 }, "geometry": { "type": "LineString", "coordinates": [ [ -74.4222311, 40.4852821 ], [ -74.4223248, 40.4853806 ], [ -74.4223506, 40.485402 ], [ -74.422372, 40.4854244 ], [ -74.4223905, 40.4854482 ], [ -74.4224057, 40.485473399999989 ], [ -74.4224136, 40.4854944 ], [ -74.4224195, 40.485517 ], [ -74.4224216, 40.4855379 ], [ -74.4224216, 40.4855564 ], [ -74.4224168, 40.4855974 ], [ -74.4224057, 40.4856318 ] ] } },
{ "type": "Feature", "properties": { "id": "23578955-486", "osm_way": 23578955, "name": "Labor Center Way", "class": "residential", "is_priority": false, "length_m": 200.0 }, "geometry": { "type": "LineString", "coordinates": [ [ -74.4285972, 40.4807493 ], [ -74.4284578, 40.4807782 ], [ -74.4283509, 40.480803200000011 ], [ -74.4281566, 40.4808503 ], [ -74.4281162, 40.4808601 ], [ -74.4279145, 40.480867 ], [ -74.4277498, 40.4808531 ], [ -74.4272979, 40.4807867 ], [ -74.426641, 40.480702 ], [ -74.4264368, 40.48067 ], [ -74.426283844692747, 40.480652588047228 ] ] } },
{ "type": "Feature", "properties": { "id": "23578955-487", "osm_way": 23578955, "name": "Labor Center Way", "class": "residential", "is_priority": false, "length_m": 12.7 }, "geometry": { "type": "LineString", "coordinates": [ [ -74.426283844692747, 40.480652588047228 ], [ -74.426233, 40.4806468 ], [ -74.4261358, 40.4806338 ] ] } },
{ "type": "Feature", "properties": { "id": "23578972-488", "osm_way": 23578972, "name": "", "class": "secondary_link", "is_priority": false, "length_m": 156.8 }, "geometry": { "type": "LineString", "coordinates": [ [ -74.4388463, 40.4932212 ], [ -74.438815500000018, 40.49327730000001 ], [ -74.4387956, 40.4933117 ], [ -74.4387635, 40.4933527 ], [ -74.4387361, 40.4933813 ], [ -74.438699, 40.4934126 ], [ -74.4386602, 40.4934368 ], [ -74.4386221, 40.4934571 ], [ -74.4385765, 40.4934738 ], [ -74.4385275, 40.4934847 ], [ -74.4384791, 40.493491299999988 ], [ -74.4384264, 40.4934922 ], [ -74.4383767, 40.493489 ], [ -74.4383229, 40.4934807 ], [ -74.4382746, 40.4934698 ], [ -74.4382241, 40.4934497 ], [ -74.4381876, 40.4934283 ], [ -74.4381435, 40.4933999 ], [ -74.4381169, 40.4933734 ], [ -74.4380915, 40.4933443 ], [ -74.4380694, 40.4933137 ], [ -74.4380558, 40.493286500000011 ], [ -74.438041500000011, 40.493250199999984 ], [ -74.438035900000017, 40.4932178 ], [ -74.4380351, 40.4931902 ], [ -74.438039500000016, 40.4931597 ], [ -74.438048, 40.4931263 ], [ -74.438057200000017, 40.493098099999983 ], [ -74.4380728, 40.493065700000017 ], [ -74.4380919, 40.4930377 ], [ -74.4381133, 40.493012 ], [ -74.4381391, 40.4929882 ], [ -74.4381684, 40.4929667 ], [ -74.4382038, 40.492942 ], [ -74.438238, 40.4929227 ], [ -74.4382703, 40.4929046 ], [ -74.4383092, 40.4928867 ], [ -74.4383477, 40.492869499999983 ], [ -74.4383874, 40.49285410000001 ], [ -74.4384258, 40.4928391 ] ] } },
{ "type": "Feature", "properties": { "id": "23578983-489", "osm_way": 23578983, "name": "", "class": "secondary_link", "is_priority": false, "length_m": 200.0 }, "geometry": { "type": "LineString", "coordinates": [ [ -74.4413448, 40.4924289 ], [ -74.441137, 40.4924468 ], [ -74.4405442, 40.4924949 ], [ -74.440449, 40.4925022 ], [ -74.4403742, 40.4925071 ], [ -74.4402916, 40.4925116 ], [ -74.440209, 40.4925162 ], [ -74.440093, 40.4925219 ], [ -74.4396913, 40.4925348 ], [ -74.4396197, 40.4925362 ], [ -74.4395415, 40.4925377 ], [ -74.4394812, 40.492537 ], [ -74.4394466, 40.4925358 ], [ -74.4393988, 40.4925282 ], [ -74.4393613, 40.4925189 ], [ -74.4393263, 40.4925072 ], [ -74.439293300000017, 40.492492799999987 ], [ -74.4392617, 40.4924744 ], [ -74.4392318, 40.492452 ], [ -74.439209, 40.4924321 ], [ -74.4391852, 40.4924126 ], [ -74.439164300000016, 40.492386 ], [ -74.4391425, 40.492353499999986 ], [ -74.4391208, 40.4923186 ], [ -74.439120594550289, 40.492318193504317 ] ] } },
{ "type": "Feature", "properties": { "id": "23578983-490", "osm_way": 23578983, "name": "", "class": "secondary_link", "is_priority": false, "length_m": 23.0 }, "geometry": { "type": "LineString", "coordinates": [ [ -74.439120594550289, 40.492318193504317 ], [ -74.4390228, 40.492124699999984 ] ] } },
{ "type": "Feature", "properties": { "id": "23579007-491", "osm_way": 23579007, "name": "", "class": "secondary_link", "is_priority": false, "length_m": 200.0 }, "geometry": { "type": "LineString", "coordinates": [ [ -74.4393601, 40.4953946 ], [ -74.4394294, 40.4958629 ], [ -74.4394401, 40.495932 ], [ -74.4394481, 40.4960032 ], [ -74.4394547, 40.4960822 ], [ -74.4394829, 40.4968563 ], [ -74.4394819, 40.4969002 ], [ -74.439479, 40.4969493 ], [ -74.4394702, 40.4969959 ], [ -74.4394594, 40.4970352 ], [ -74.4394401, 40.4970738 ], [ -74.4394109, 40.4971152 ], [ -74.4393782, 40.4971542 ], [ -74.43936018787808, 40.497169991454655 ] ] } },
{ "type": "Feature", "properties": { "id": "23579007-492", "osm_way": 23579007, "name": "", "class": "secondary_link", "is_priority": false, "length_m": 46.0 }, "geometry": { "type": "LineString", "coordinates": [ [ -74.43936018787808, 40.497169991454655 ], [ -74.4393417, 40.4971862 ], [ -74.4393064, 40.4972133 ], [ -74.4392571, 40.497241899999985 ], [ -74.4392045, 40.4972667 ], [ -74.4391484, 40.4972909 ], [ -74.4390926, 40.4973115 ], [ -74.4388989, 40.4973812 ] ] } },
{ "type": "Feature", "properties": { "id": "23579013-493", "osm_way": 23579013, "name": "", "class": "motorway_link", "is_priority": false, "length_m": 48.4 }, "geometry": { "type": "LineString", "coordinates": [ [ -74.4411625, 40.4979601 ], [ -74.4411558, 40.4979947 ], [ -74.4411485, 40.4980231 ], [ -74.4411395, 40.4980567 ], [ -74.4411259, 40.4980889 ], [ -74.4411051, 40.4981261 ], [ -74.4410779, 40.4981594 ], [ -74.4410452, 40.4981895 ], [ -74.4410022, 40.4982209 ], [ -74.4409518, 40.49824730000001 ], [ -74.4409044, 40.498269 ], [ -74.4408454, 40.4982927 ] ] } },
{ "type": "Feature", "properties": { "id": "23579016-494", "osm_way": 23579016, "name": "", "class": "secondary_link", "is_priority": false, "length_m": 200.0 }, "geometry": { "type": "LineString", "coordinates": [ [ -74.4398977, 40.497553 ], [ -74.4399071, 40.4976147 ], [ -74.4399111, 40.4976407 ], [ -74.4399116, 40.4976875 ], [ -74.4399064, 40.4977343 ], [ -74.4398992, 40.4977762 ], [ -74.4398871, 40.4978159 ], [ -74.4398658, 40.4978559 ], [ -74.4398371, 40.4978924 ], [ -74.4398013, 40.4979228 ], [ -74.4397595, 40.4979551 ], [ -74.4397066, 40.4979803 ], [ -74.4396492, 40.497998599999988 ], [ -74.4395866, 40.4980119 ], [ -74.4395205, 40.4980163 ], [ -74.4394562, 40.4980129 ], [ -74.4393885, 40.4980022 ], [ -74.4393332, 40.4979839 ], [ -74.4392722, 40.4979579 ], [ -74.4392234, 40.4979253 ], [ -74.4391742, 40.4978796 ], [ -74.4391415, 40.497838 ], [ -74.4391195, 40.4977948 ], [ -74.4391089, 40.4977528 ], [ -74.4391066, 40.4977075 ], [ -74.439113, 40.497664 ], [ -74.4391227, 40.4976224 ], [ -74.439142, 40.4975819 ], [ -74.4391695, 40.497541899999987 ], [ -74.4391981, 40.4975099 ], [ -74.4392406, 40.49747940000001 ], [ -74.4392929, 40.4974489 ], [ -74.4393612, 40.4974232 ], [ -74.4394553, 40.497388 ], [ -74.439726233662469, 40.497286474114688 ] ] } },
{ "type": "Feature", "properties": { "id": "23579016-495", "osm_way": 23579016, "name": "", "class": "secondary_link", "is_priority": false, "length_m": 4.6 }, "geometry": { "type": "LineString", "coordinates": [ [ -74.439726233662469, 40.497286474114688 ], [ -74.439775, 40.4972682 ] ] } },
{ "type": "Feature", "properties": { "id": "23579027-496", "osm_way": 23579027, "name": "Livingston Avenue", "class": "secondary", "is_priority": false, "length_m": 200.0 }, "geometry": { "type": "LineString", "coordinates": [ [ -74.4608367, 40.4772395 ], [ -74.4608882, 40.47719 ], [ -74.4610777, 40.4770081 ], [ -74.4612702, 40.4768233 ], [ -74.4614055, 40.4766934 ], [ -74.4614269, 40.4766729 ], [ -74.4616734, 40.47643630000001 ], [ -74.4617763, 40.476337499999985 ], [ -74.4621301, 40.4759979 ], [ -74.4622064, 40.4759246 ], [ -74.4623047, 40.4758303 ], [ -74.462305565843209, 40.47582946871163 ] ] } },
{ "type": "Feature", "properties": { "id": "23579027-497", "osm_way": 23579027, "name": "Livingston Avenue", "class": "secondary", "is_priority": false, "length_m": 200.0 }, "geometry": { "type": "LineString", "coordinates": [ [ -74.462305565843209, 40.47582946871163 ], [ -74.4627483, 40.475404399999988 ], [ -74.4631277, 40.4750432 ], [ -74.4633365, 40.47486390000001 ], [ -74.4634891, 40.4747321 ], [ -74.463828666280691, 40.474454714831829 ] ] } },
{ "type": "Feature", "properties": { "id": "23579027-498", "osm_way": 23579027, "name": "Livingston Avenue", "class": "secondary", "is_priority": false, "length_m": 200.0 }, "geometry": { "type": "LineString", "coordinates": [ [ -74.463828666280691, 40.474454714831829 ], [ -74.4639298, 40.4743721 ], [ -74.4639745, 40.4743352 ], [ -74.4641348, 40.4742039 ], [ -74.4646014, 40.473821799999989 ], [ -74.4647056, 40.473736399999986 ], [ -74.4651791, 40.47334870000001 ], [ -74.4653617, 40.4731992 ], [ -74.465437696986839, 40.473136954672135 ] ] } },
{ "type": "Feature", "properties": { "id": "23579027-499", "osm_way": 23579027, "name": "Livingston Avenue", "class": "secondary", "is_priority": false, "length_m": 200.0 }, "geometry": { "type": "LineString", "coordinates": [ [ -74.465437696986839, 40.473136954672135 ], [ -74.465685, 40.4729344 ], [ -74.4658725, 40.4727809 ], [ -74.4659476, 40.4727194 ], [ -74.4660224, 40.4726581 ], [ -74.4663953, 40.4723528 ], [ -74.4664684, 40.4722928 ], [ -74.467046742288645, 40.471819226036111 ] ] } },
{ "type": "Feature", "properties": { "id": "23579027-500", "osm_way": 23579027, "name": "Livingston Avenue", "class": "secondary", "is_priority": false, "length_m": 96.1 }, "geometry": { "type": "LineString", "coordinates": [ [ -74.467046742288645, 40.471819226036111 ], [ -74.4676945, 40.4712888 ], [ -74.4677553, 40.471239 ], [ -74.46781969068536, 40.471186272164495 ] ] } },
{ "type": "Feature", "properties": { "id": "23579029-501", "osm_way": 23579029, "name": "Paul Robeson Boulevard", "class": "residential", "is_priority": false, "length_m": 200.0 }, "geometry": { "type": "LineString", "coordinates": [ [ -74.4458619, 40.4815492 ], [ -74.4459168, 40.4814978 ], [ -74.4463974, 40.4810477 ], [ -74.4464491, 40.4809993 ], [ -74.4465033, 40.4809474 ], [ -74.4470307, 40.4804421 ], [ -74.447342638206379, 40.480146402959043 ] ] } },
{ "type": "Feature", "properties": { "id": "23579029-502", "osm_way": 23579029, "name": "Paul Robeson Boulevard", "class": "residential", "is_priority": false, "length_m": 197.2 }, "geometry": { "type": "LineString", "coordinates": [ [ -74.447342638206379, 40.480146402959043 ], [ -74.4476204, 40.4798831 ], [ -74.4482084, 40.479319099999984 ], [ -74.4488027, 40.4787637 ] ] } },
{ "type": "Feature", "properties": { "id": "23579032-503", "osm_way": 23579032, "name": "Suydam Street", "class": "tertiary", "is_priority": false, "length_m": 200.0 }, "geometry": { "type": "LineString", "coordinates": [ [ -74.4417006, 40.485517 ], [ -74.4417905, 40.4855718 ], [ -74.4432327, 40.4864504 ], [ -74.4432948, 40.4864882 ], [ -74.4433734, 40.4865363 ], [ -74.443544755147499, 40.486641137910411 ] ] } },
{ "type": "Feature", "properties": { "id": "23579032-504", "osm_way": 23579032, "name": "Suydam Street", "class": "tertiary", "is_priority": false, "length_m": 200.0 }, "geometry": { "type": "LineString", "coordinates": [ [ -74.443544755147499, 40.486641137910411 ], [ -74.4448085, 40.4874143 ], [ -74.4449003, 40.4874705 ], [ -74.4449976, 40.4875296 ], [ -74.445387564466714, 40.487766589084359 ] ] } },
{ "type": "Feature", "properties": { "id": "23579032-505", "osm_way": 23579032, "name": "Suydam Street", "class": "tertiary", "is_priority": false, "length_m": 200.0 }, "geometry": { "type": "LineString", "coordinates": [ [ -74.445387564466714, 40.487766589084359 ], [ -74.4464348, 40.488403 ], [ -74.4464993, 40.4884422 ], [ -74.446577, 40.4884893 ], [ -74.447234660198873, 40.48888796900092 ] ] } },
{ "type": "Feature", "properties": { "id": "23579032-506", "osm_way": 23579032, "name": "Suydam Street", "class": "tertiary", "is_priority": false, "length_m": 97.6 }, "geometry": { "type": "LineString", "coordinates": [ [ -74.447234660198873, 40.48888796900092 ], [ -74.4480094, 40.4893576 ], [ -74.4481366, 40.4894349 ] ] } },
{ "type": "Feature", "properties": { "id": "23579033-507", "osm_way": 23579033, "name": "Paul Robeson Boulevard", "class": "tertiary", "is_priority": false, "length_m": 200.0 }, "geometry": { "type": "LineString", "coordinates": [ [ -74.4417006, 40.485517 ], [ -74.4417671, 40.4854531 ], [ -74.4423151, 40.4849266 ], [ -74.4425442, 40.4847159 ], [ -74.442843300000021, 40.4844408 ], [ -74.4429013, 40.4843874 ], [ -74.4429569, 40.4843342 ], [ -74.443184746207208, 40.484116341825853 ] ] } },
{ "type": "Feature", "properties": { "id": "23579033-508", "osm_way": 23579033, "name": "Paul Robeson Boulevard", "class": "tertiary", "is_priority": false, "length_m": 200.0 }, "geometry": { "type": "LineString", "coordinates": [ [ -74.443184746207208, 40.484116341825853 ], [ -74.443436, 40.48387610000001 ], [ -74.44349, 40.483826299999983 ], [ -74.4435369, 40.483781 ], [ -74.443838, 40.48348 ], [ -74.444062, 40.483267 ], [ -74.444645, 40.482713 ], [ -74.444652623094399, 40.482705749895672 ] ] } },
{ "type": "Feature", "properties": { "id": "23579033-509", "osm_way": 23579033, "name": "Paul Robeson Boulevard", "class": "tertiary", "is_priority": false, "length_m": 164.3 }, "geometry": { "type": "LineString", "coordinates": [ [ -74.444652623094399, 40.482705749895672 ], [ -74.4452276, 40.4821589 ], [ -74.4452968, 40.4820967 ], [ -74.4455534, 40.4818481 ], [ -74.4457888, 40.4816201 ], [ -74.4458619, 40.4815492 ] ] } },
{ "type": "Feature", "properties": { "id": "23579034-510", "osm_way": 23579034, "name": "Suydam Street", "class": "residential", "is_priority": false, "length_m": 200.0 }, "geometry": { "type": "LineString", "coordinates": [ [ -74.4481366, 40.4894349 ], [ -74.4482804, 40.4895232 ], [ -74.4486843, 40.489773599999985 ], [ -74.44963, 40.490369 ], [ -74.4498794, 40.4905129 ], [ -74.449972551564727, 40.490566588822368 ] ] } },
{ "type": "Feature", "properties": { "id": "23579034-511", "osm_way": 23579034, "name": "Suydam Street", "class": "residential", "is_priority": false, "length_m": 177.8 }, "geometry": { "type": "LineString", "coordinates": [ [ -74.449972551564727, 40.490566588822368 ], [ -74.449975, 40.490568 ], [ -74.4500517, 40.4906142 ], [ -74.4513175, 40.4913766 ], [ -74.4513714, 40.4914091 ], [ -74.4516163, 40.4915622 ] ] } },
{ "type": "Feature", "properties": { "id": "23579037-512", "osm_way": 23579037, "name": "Livingston Avenue", "class": "secondary", "is_priority": false, "length_m": 200.0 }, "geometry": { "type": "LineString", "coordinates": [ [ -74.4481366, 40.4894349 ], [ -74.4482306, 40.4893461 ], [ -74.4485772, 40.4890069 ], [ -74.448679, 40.4889088 ], [ -74.4487363, 40.488853599999985 ], [ -74.4487898, 40.488802 ], [ -74.4492582, 40.4883506 ], [ -74.4493185, 40.4882925 ], [ -74.4493751, 40.488239 ], [ -74.449603126517886, 40.488023335079319 ] ] } },
{ "type": "Feature", "properties": { "id": "23579037-513", "osm_way": 23579037, "name": "Livingston Avenue", "class": "secondary", "is_priority": false, "length_m": 200.0 }, "geometry": { "type": "LineString", "coordinates": [ [ -74.449603126517886, 40.488023335079319 ], [ -74.4498529, 40.4877871 ], [ -74.4498997, 40.4877429 ], [ -74.4499604, 40.487685399999982 ], [ -74.4504341, 40.4872375 ], [ -74.4504898, 40.4871848 ], [ -74.4505446, 40.4871329 ], [ -74.4510189, 40.4866844 ], [ -74.4510736, 40.4866327 ], [ -74.451085514592918, 40.486621439137551 ] ] } },
{ "type": "Feature", "properties": { "id": "23579037-514", "osm_way": 23579037, "name": "Livingston Avenue", "class": "secondary", "is_priority": false, "length_m": 200.0 }, "geometry": { "type": "LineString", "coordinates": [ [ -74.451085514592918, 40.486621439137551 ], [ -74.4511301, 40.48657930000001 ], [ -74.4516131, 40.4861225 ], [ -74.4517081, 40.4860326 ], [ -74.4517642, 40.48597860000001 ], [ -74.4522341, 40.4855262 ], [ -74.4522983, 40.4854643 ], [ -74.452344, 40.4854203 ], [ -74.4525257, 40.4852454 ], [ -74.452558485842431, 40.485213808047185 ] ] } },
{ "type": "Feature", "properties": { "id": "23579037-515", "osm_way": 23579037, "name": "Livingston Avenue", "class": "secondary", "is_priority": false, "length_m": 200.0 }, "geometry": { "type": "LineString", "coordinates": [ [ -74.452558485842431, 40.485213808047185 ], [ -74.452674, 40.4851025 ], [ -74.4528174, 40.4849645 ], [ -74.4528754, 40.4849087 ], [ -74.4529229, 40.4848629 ], [ -74.453401, 40.4844025 ], [ -74.453451, 40.484354399999987 ], [ -74.4535106, 40.484297 ], [ -74.4539776, 40.4838474 ], [ -74.454024632204053, 40.483802025995885 ] ] } },
{ "type": "Feature", "properties": { "id": "23579037-516", "osm_way": 23579037, "name": "Livingston Avenue", "class": "secondary", "is_priority": false, "length_m": 200.0 }, "geometry": { "type": "LineString", "coordinates": [ [ -74.454024632204053, 40.483802025995885 ], [ -74.45404, 40.4837872 ], [ -74.4540894, 40.4837397 ], [ -74.4545605, 40.4832861 ], [ -74.4546102, 40.4832382 ], [ -74.454665, 40.4831854 ], [ -74.4551393, 40.4827287 ], [ -74.455196300000011, 40.4826738 ], [ -74.4552502, 40.4826219 ], [ -74.455490774426693, 40.482390259321463 ] ] } },
{ "type": "Feature", "properties": { "id": "23579037-517", "osm_way": 23579037, "name": "Livingston Avenue", "class": "secondary", "is_priority": false, "length_m": 200.0 }, "geometry": { "type": "LineString", "coordinates": [ [ -74.455490774426693, 40.482390259321463 ], [ -74.4557242, 40.4821655 ], [ -74.4557961, 40.4820963 ], [ -74.455838, 40.4820561 ], [ -74.4564132, 40.481503 ], [ -74.4564821, 40.4814367 ], [ -74.4565301, 40.4813905 ], [ -74.456561400000012, 40.4813605 ], [ -74.4566235, 40.4813008 ], [ -74.456957963680026, 40.480979145092455 ] ] } },
{ "type": "Feature", "properties": { "id": "23579037-518", "osm_way": 23579037, "name": "Livingston Avenue", "class": "secondary", "is_priority": false, "length_m": 200.0 }, "geometry": { "type": "LineString", "coordinates": [ [ -74.456957963680026, 40.480979145092455 ], [ -74.4570831, 40.4808588 ], [ -74.4571342, 40.4808097 ], [ -74.4571738, 40.4807716 ], [ -74.4576432, 40.4803203 ], [ -74.4576914, 40.480274 ], [ -74.4577358, 40.4802312 ], [ -74.4579242, 40.4800502 ], [ -74.4582075, 40.4797777 ], [ -74.4582531, 40.479733899999985 ], [ -74.4582933, 40.479695200000016 ], [ -74.458425393333968, 40.479568194508722 ] ] } },
{ "type": "Feature", "properties": { "id": "23579037-519", "osm_way": 23579037, "name": "Livingston Avenue", "class": "secondary", "is_priority": false, "length_m": 200.0 }, "geometry": { "type": "LineString", "coordinates": [ [ -74.458425393333968, 40.479568194508722 ], [ -74.4587607, 40.4792458 ], [ -74.4588143, 40.47919430000001 ], [ -74.4588548, 40.4791554 ], [ -74.4593197, 40.4787083 ], [ -74.4593786, 40.4786516 ], [ -74.4594293, 40.4786029 ], [ -74.4594804, 40.4785538 ], [ -74.4596711, 40.4783705 ], [ -74.4597891, 40.478257 ], [ -74.4598689, 40.4781802 ], [ -74.459892793691679, 40.478157244068655 ] ] } },
{ "type": "Feature", "properties": { "id": "23579037-520", "osm_way": 23579037, "name": "Livingston Avenue", "class": "secondary", "is_priority": false, "length_m": 63.5 }, "geometry": { "type": "LineString", "coordinates": [ [ -74.459892793691679, 40.478157244068655 ], [ -74.4599326, 40.478119 ], [ -74.4599808, 40.4780726 ], [ -74.4600631, 40.4779935 ], [ -74.4601956, 40.4778661 ], [ -74.4603589, 40.4777091 ] ] } },
{ "type": "Feature", "properties": { "id": "23579039-521", "osm_way": 23579039, "name": "Paul Robeson Boulevard", "class": "tertiary", "is_priority": false, "length_m": 26.6 }, "geometry": { "type": "LineString", "coordinates": [ [ -74.4399595, 40.4872194 ], [ -74.4400563, 40.4871276 ], [ -74.4401559, 40.4870323 ] ] } },
{ "type": "Feature", "properties": { "id": "23579040-522", "osm_way": 23579040, "name": "George Street", "class": "tertiary", "is_priority": false, "length_m": 17.8 }, "geometry": { "type": "LineString", "coordinates": [ [ -74.4399595, 40.4872194 ], [ -74.4400237, 40.487313099999987 ], [ -74.4400571, 40.487361 ] ] } },
{ "type": "Feature", "properties": { "id": "23579041-523", "osm_way": 23579041, "name": "George Street", "class": "tertiary", "is_priority": false, "length_m": 84.6 }, "geometry": { "type": "LineString", "coordinates": [ [ -74.4435771, 40.4936583 ], [ -74.4436001, 40.4937601 ], [ -74.4437306, 40.4943389 ], [ -74.4437466, 40.4944096 ] ] } },
{ "type": "Feature", "properties": { "id": "23579044-524", "osm_way": 23579044, "name": "George Street", "class": "tertiary", "is_priority": false, "length_m": 78.6 }, "geometry": { "type": "LineString", "coordinates": [ [ -74.4444714, 40.4973614 ], [ -74.4446213, 40.4978798 ], [ -74.4446375, 40.497936 ], [ -74.4446712, 40.4980528 ] ] } },
{ "type": "Feature", "properties": { "id": "23579050-525", "osm_way": 23579050, "name": "Hamilton Street", "class": "tertiary", "is_priority": false, "length_m": 200.0 }, "geometry": { "type": "LineString", "coordinates": [ [ -74.4500438, 40.4982938 ], [ -74.4501622, 40.4982602 ], [ -74.450883, 40.498056 ], [ -74.4511354, 40.4979828 ], [ -74.451259, 40.497947 ], [ -74.4514006, 40.4979061 ], [ -74.451598, 40.497849 ], [ -74.452072, 40.497706 ], [ -74.452248728991506, 40.497651332567727 ] ] } },
{ "type": "Feature", "properties": { "id": "23579050-526", "osm_way": 23579050, "name": "Hamilton Street", "class": "tertiary", "is_priority": false, "length_m": 200.0 }, "geometry": { "type": "LineString", "coordinates": [ [ -74.452248728991506, 40.497651332567727 ], [ -74.4523914, 40.4976072 ], [ -74.452476, 40.497581 ], [ -74.4532935, 40.4973289 ], [ -74.45338, 40.497302 ], [ -74.453434, 40.4972853 ], [ -74.4535982, 40.4972347 ], [ -74.4537891, 40.4971759 ], [ -74.4539944, 40.4971126 ], [ -74.4542449, 40.4970354 ], [ -74.454311, 40.497015 ], [ -74.454381, 40.496993 ], [ -74.45443597344574, 40.496974427128919 ] ] } },
{ "type": "Feature", "properties": { "id": "23579050-527", "osm_way": 23579050, "name": "Hamilton Street", "class": "tertiary", "is_priority": false, "length_m": 200.0 }, "geometry": { "type": "LineString", "coordinates": [ [ -74.45443597344574, 40.496974427128919 ], [ -74.4544769, 40.496960599999987 ], [ -74.4551804, 40.4967232 ], [ -74.4552753, 40.4966975 ], [ -74.4553465, 40.4966782 ], [ -74.4562485, 40.4964051 ], [ -74.456338, 40.496378 ], [ -74.4564308, 40.4963489 ], [ -74.456618561802117, 40.496289945629691 ] ] } },
{ "type": "Feature", "properties": { "id": "23579050-528", "osm_way": 23579050, "name": "Hamilton Street", "class": "tertiary", "is_priority": false, "length_m": 176.8 }, "geometry": { "type": "LineString", "coordinates": [ [ -74.456618561802117, 40.496289945629691 ], [ -74.4568891, 40.496205 ], [ -74.4569601, 40.4961926 ], [ -74.4570356, 40.4961835 ], [ -74.4574327, 40.496159400000018 ], [ -74.4575228, 40.4961539 ], [ -74.4576112, 40.4961497 ], [ -74.4579124, 40.4961352 ], [ -74.4581057, 40.4961252 ], [ -74.4586758, 40.4960968 ] ] } },
{ "type": "Feature", "properties": { "id": "23579052-529", "osm_way": 23579052, "name": "Easton Avenue", "class": "tertiary", "is_priority": false, "length_m": 200.0 }, "geometry": { "type": "LineString", "coordinates": [ [ -74.4500438, 40.4982938 ], [ -74.4501756, 40.4983475 ], [ -74.4506222, 40.4985296 ], [ -74.4517442, 40.498946599999989 ], [ -74.4518299, 40.4989785 ], [ -74.4519029, 40.4990083 ], [ -74.452148490601346, 40.499108515944265 ] ] } },
{ "type": "Feature", "properties": { "id": "23579052-530", "osm_way": 23579052, "name": "Easton Avenue", "class": "tertiary", "is_priority": false, "length_m": 200.0 }, "geometry": { "type": "LineString", "coordinates": [ [ -74.452148490601346, 40.499108515944265 ], [ -74.4523173, 40.4991774 ], [ -74.4527961, 40.499372899999983 ], [ -74.452864, 40.4994006 ], [ -74.4529432, 40.4994317 ], [ -74.4536406, 40.4997052 ], [ -74.454240007398496, 40.499943381990228 ] ] } },
{ "type": "Feature", "properties": { "id": "23579052-531", "osm_way": 23579052, "name": "Easton Avenue", "class": "tertiary", "is_priority": false, "length_m": 200.0 }, "geometry": { "type": "LineString", "coordinates": [ [ -74.454240007398496, 40.499943381990228 ], [ -74.4545725, 40.5000755 ], [ -74.4546398, 40.5001023 ], [ -74.4547257, 40.5001355 ], [ -74.4552415, 40.5003351 ], [ -74.4552711, 40.500346599999986 ], [ -74.4555007, 40.5004354 ], [ -74.4555843, 40.5004677 ], [ -74.4556713, 40.500501899999989 ], [ -74.456343612991233, 40.500760446580124 ] ] } },
{ "type": "Feature", "properties": { "id": "23579052-532", "osm_way": 23579052, "name": "Easton Avenue", "class": "tertiary", "is_priority": false, "length_m": 193.4 }, "geometry": { "type": "LineString", "coordinates": [ [ -74.456343612991233, 40.500760446580124 ], [ -74.4563981, 40.5007814 ], [ -74.4564985, 40.5008222 ], [ -74.4565757, 40.5008516 ], [ -74.4571299, 40.5010684 ], [ -74.4574608, 40.5011978 ], [ -74.4576457, 40.5012701 ], [ -74.4580848, 40.50144190000001 ], [ -74.4582433, 40.50150390000001 ], [ -74.4582847, 40.5015201 ], [ -74.4583749, 40.5015554 ] ] } },
{ "type": "Feature", "properties": { "id": "23579166-533", "osm_way": 23579166, "name": "George Street", "class": "primary", "is_priority": true, "length_m": 29.1 }, "geometry": { "type": "LineString", "coordinates": [ [ -74.4552373, 40.5064948 ], [ -74.4552929, 40.506527099999985 ], [ -74.4553565, 40.5065543 ], [ -74.4554495, 40.5065868 ], [ -74.4555421, 40.506611 ] ] } },
{ "type": "Feature", "properties": { "id": "23579168-534", "osm_way": 23579168, "name": "College Avenue", "class": "residential", "is_priority": false, "length_m": 85.0 }, "geometry": { "type": "LineString", "coordinates": [ [ -74.4546295, 40.505885699999986 ], [ -74.4546746, 40.5059309 ], [ -74.4547756, 40.5060429 ], [ -74.4552373, 40.5064948 ] ] } },
{ "type": "Feature", "properties": { "id": "23579172-535", "osm_way": 23579172, "name": "", "class": "motorway_link", "is_priority": false, "length_m": 92.5 }, "geometry": { "type": "LineString", "coordinates": [ [ -74.4552373, 40.5064948 ], [ -74.4551086, 40.5064602 ], [ -74.4547739, 40.5063636 ], [ -74.4546256, 40.5063252 ], [ -74.454437200000015, 40.5062939 ], [ -74.4541895, 40.506288599999984 ] ] } },
{ "type": "Feature", "properties": { "id": "23579173-536", "osm_way": 23579173, "name": "", "class": "motorway_link", "is_priority": false, "length_m": 174.2 }, "geometry": { "type": "LineString", "coordinates": [ [ -74.4550601, 40.5066579 ], [ -74.4545695, 40.5065251 ], [ -74.4544347, 40.5064752 ], [ -74.4543169, 40.5064263 ], [ -74.4538472, 40.5062214 ], [ -74.4537343, 40.5061784 ], [ -74.4536271, 40.5061444 ], [ -74.4535179, 40.5061207 ], [ -74.4531696, 40.5060675 ] ] } },
{ "type": "Feature", "properties": { "id": "23579174-537", "osm_way": 23579174, "name": "", "class": "motorway_link", "is_priority": false, "length_m": 49.6 }, "geometry": { "type": "LineString", "coordinates": [ [ -74.4547756, 40.5060429 ], [ -74.4547927, 40.5061136 ], [ -74.4547841, 40.506182 ], [ -74.4547566, 40.5062265 ], [ -74.4547157, 40.5062507 ], [ -74.4546348, 40.50627320000001 ], [ -74.454437200000015, 40.5062939 ] ] } },
{ "type": "Feature", "properties": { "id": "23579175-538", "osm_way": 23579175, "name": "", "class": "motorway_link", "is_priority": false, "length_m": 200.0 }, "geometry": { "type": "LineString", "coordinates": [ [ -74.4437253, 40.5016017 ], [ -74.4440835, 40.501872599999984 ], [ -74.4448375, 40.502436199999984 ], [ -74.445188, 40.5027002 ], [ -74.445408503720969, 40.502864801742213 ] ] } },
{ "type": "Feature", "properties": { "id": "23579175-539", "osm_way": 23579175, "name": "", "class": "motorway_link", "is_priority": false, "length_m": 134.3 }, "geometry": { "type": "LineString", "coordinates": [ [ -74.445408503720969, 40.502864801742213 ], [ -74.445543, 40.5029652 ], [ -74.4458944, 40.5032304 ], [ -74.4462405, 40.5034931 ], [ -74.4462829, 40.5035247 ], [ -74.4463319, 40.5035567 ], [ -74.4463773, 40.5035835 ], [ -74.4464272, 40.5036061 ], [ -74.4464773, 40.5036261 ], [ -74.44653430000001, 40.5036432 ], [ -74.4465899, 40.503655 ] ] } },
{ "type": "Feature", "properties": { "id": "23579176-540", "osm_way": 23579176, "name": "", "class": "motorway_link", "is_priority": false, "length_m": 19.8 }, "geometry": { "type": "LineString", "coordinates": [ [ -74.4474702, 40.5036126 ], [ -74.4475258, 40.5035943 ], [ -74.4475815, 40.503576 ], [ -74.4476296, 40.5035523 ], [ -74.4476711, 40.5035249 ] ] } },
{ "type": "Feature", "properties": { "id": "23579177-541", "osm_way": 23579177, "name": "", "class": "motorway_link", "is_priority": false, "length_m": 200.0 }, "geometry": { "type": "LineString", "coordinates": [ [ -74.4477579, 40.503301799999988 ], [ -74.4477051, 40.5033202 ], [ -74.4476691, 40.503334 ], [ -74.447641, 40.5033473 ], [ -74.4476127, 40.5033643 ], [ -74.4475351, 40.5034152 ], [ -74.4475072, 40.5034329 ], [ -74.4474724, 40.5034476 ], [ -74.4474401, 40.5034573 ], [ -74.4474085, 40.5034622 ], [ -74.447376, 40.5034604 ], [ -74.4473444, 40.5034548 ], [ -74.4473119, 40.5034458 ], [ -74.447276, 40.5034331 ], [ -74.44724, 40.5034172 ], [ -74.447203800000011, 40.5033971 ], [ -74.4471642, 40.5033726 ], [ -74.4464292, 40.5029077 ], [ -74.4462411, 40.502789 ], [ -74.4460732, 40.502685 ], [ -74.44594, 40.5026049 ], [ -74.445871253678021, 40.50256448914859 ] ] } },
{ "type": "Feature", "properties": { "id": "23579177-542", "osm_way": 23579177, "name": "", "class": "motorway_link", "is_priority": false, "length_m": 200.0 }, "geometry": { "type": "LineString", "coordinates": [ [ -74.445871253678021, 40.50256448914859 ], [ -74.445825, 40.5025373 ], [ -74.4457013, 40.5024683 ], [ -74.4454643, 40.5023374 ], [ -74.445208, 40.5021956 ], [ -74.4449512, 40.5020545 ], [ -74.4446898, 40.5019134 ], [ -74.444423, 40.5017721 ], [ -74.4441209, 40.5016096 ], [ -74.44395068790989, 40.5015172480554 ] ] } },
{ "type": "Feature", "properties": { "id": "23579177-543", "osm_way": 23579177, "name": "", "class": "motorway_link", "is_priority": false, "length_m": 109.4 }, "geometry": { "type": "LineString", "coordinates": [ [ -74.44395068790989, 40.5015172480554 ], [ -74.443821400000019, 40.5014471 ], [ -74.4435179, 40.5012817 ], [ -74.4432179, 40.501116199999984 ], [ -74.4428817, 40.5009653 ] ] } },
{ "type": "Feature", "properties": { "id": "27719240-544", "osm_way": 27719240, "name": "Jersey Avenue", "class": "tertiary", "is_priority": false, "length_m": 200.0 }, "geometry": { "type": "LineString", "coordinates": [ [ -74.468161, 40.479969 ], [ -74.468831, 40.4793621 ], [ -74.4694942, 40.4787885 ], [ -74.4695807, 40.4787137 ], [ -74.4697036, 40.4786074 ], [ -74.469704669785415, 40.478606474914919 ] ] } },
{ "type": "Feature", "properties": { "id": "27719240-545", "osm_way": 27719240, "name": "Jersey Avenue", "class": "tertiary", "is_priority": false, "length_m": 200.0 }, "geometry": { "type": "LineString", "coordinates": [ [ -74.469704669785415, 40.478606474914919 ], [ -74.4701583, 40.4782142 ], [ -74.470315, 40.4780787 ], [ -74.4705593, 40.4778674 ], [ -74.470732, 40.477718 ], [ -74.4711818, 40.47735680000001 ], [ -74.4712616, 40.4772884 ], [ -74.471284788484155, 40.477268724112513 ] ] } },
{ "type": "Feature", "properties": { "id": "27719240-546", "osm_way": 27719240, "name": "Jersey Avenue", "class": "tertiary", "is_priority": false, "length_m": 200.0 }, "geometry": { "type": "LineString", "coordinates": [ [ -74.471284788484155, 40.477268724112513 ], [ -74.4713461, 40.4772167 ], [ -74.4717273, 40.4768987 ], [ -74.4720851, 40.4765866 ], [ -74.4724826, 40.4762368 ], [ -74.4727222, 40.4760307 ], [ -74.472850891550934, 40.475921219588308 ] ] } },
{ "type": "Feature", "properties": { "id": "27719240-547", "osm_way": 27719240, "name": "Jersey Avenue", "class": "tertiary", "is_priority": false, "length_m": 200.0 }, "geometry": { "type": "LineString", "coordinates": [ [ -74.472850891550934, 40.475921219588308 ], [ -74.4731161, 40.4756956 ], [ -74.4734246, 40.4754332 ], [ -74.4736494, 40.4752181 ], [ -74.4736836, 40.4751867 ], [ -74.4738316, 40.475051199999989 ], [ -74.4740094, 40.4748806 ], [ -74.4742576, 40.4746137 ], [ -74.474331872930222, 40.474521725830527 ] ] } },
{ "type": "Feature", "properties": { "id": "27719240-548", "osm_way": 27719240, "name": "Jersey Avenue", "class": "tertiary", "is_priority": false, "length_m": 200.0 }, "geometry": { "type": "LineString", "coordinates": [ [ -74.474331872930222, 40.474521725830527 ], [ -74.474519, 40.47429 ], [ -74.4746224, 40.4741569 ], [ -74.4747098, 40.4740444 ], [ -74.474954, 40.47373 ], [ -74.4750033, 40.4736629 ], [ -74.4751786, 40.4734238 ], [ -74.475516114199152, 40.472963630993128 ] ] } },
{ "type": "Feature", "properties": { "id": "27719240-549", "osm_way": 27719240, "name": "Jersey Avenue", "class": "tertiary", "is_priority": false, "length_m": 200.0 }, "geometry": { "type": "LineString", "coordinates": [ [ -74.475516114199152, 40.472963630993128 ], [ -74.4756629, 40.4727635 ], [ -74.4760438, 40.4722442 ], [ -74.4761498, 40.4720995 ], [ -74.4762141, 40.47201170000001 ], [ -74.4763389, 40.4718415 ], [ -74.4764175, 40.4717343 ], [ -74.4765436, 40.4715624 ], [ -74.476668964393895, 40.471391614222171 ] ] } },
{ "type": "Feature", "properties": { "id": "27719240-550", "osm_way": 27719240, "name": "Jersey Avenue", "class": "tertiary", "is_priority": false, "length_m": 200.0 }, "geometry": { "type": "LineString", "coordinates": [ [ -74.476668964393895, 40.471391614222171 ], [ -74.476792, 40.471224 ], [ -74.4769619, 40.4709925 ], [ -74.4771106, 40.470783 ], [ -74.4772925, 40.4705329 ], [ -74.4773948, 40.4703891 ], [ -74.4774241, 40.4703487 ], [ -74.4775292, 40.470199 ], [ -74.4776655, 40.47001130000001 ], [ -74.477809223595315, 40.469814302555335 ] ] } },
{ "type": "Feature", "properties": { "id": "27719240-551", "osm_way": 27719240, "name": "Jersey Avenue", "class": "tertiary", "is_priority": false, "length_m": 17.7 }, "geometry": { "type": "LineString", "coordinates": [ [ -74.477809223595315, 40.469814302555335 ], [ -74.477911, 40.469674799999986 ] ] } },
{ "type": "Feature", "properties": { "id": "28885338-552", "osm_way": 28885338, "name": "Somerset Street", "class": "secondary", "is_priority": false, "length_m": 153.9 }, "geometry": { "type": "LineString", "coordinates": [ [ -74.466405096451055, 40.487720247724312 ], [ -74.4668556, 40.4874819 ], [ -74.4669147, 40.4874506 ], [ -74.4673244, 40.48724210000001 ], [ -74.4675224, 40.4871516 ], [ -74.4677129, 40.487071899999989 ], [ -74.4678489, 40.4870125 ], [ -74.467937393601304, 40.486979356982793 ] ] } },
{ "type": "Feature", "properties": { "id": "37966624-553", "osm_way": 37966624, "name": "", "class": "secondary", "is_priority": false, "length_m": 32.8 }, "geometry": { "type": "LineString", "coordinates": [ [ -74.4325, 40.4871031 ], [ -74.4325126, 40.4870678 ], [ -74.432601, 40.486818199999988 ] ] } },
{ "type": "Feature", "properties": { "id": "37966625-554", "osm_way": 37966625, "name": "", "class": "motorway_link", "is_priority": false, "length_m": 200.0 }, "geometry": { "type": "LineString", "coordinates": [ [ -74.4277542, 40.4861684 ], [ -74.4284065, 40.486331 ], [ -74.4287725, 40.4864172 ], [ -74.4294528, 40.4865775 ], [ -74.4297947, 40.4866535 ], [ -74.430009308208398, 40.486698444265194 ] ] } },
{ "type": "Feature", "properties": { "id": "37966625-555", "osm_way": 37966625, "name": "", "class": "motorway_link", "is_priority": false, "length_m": 67.4 }, "geometry": { "type": "LineString", "coordinates": [ [ -74.430009308208398, 40.486698444265194 ], [ -74.4301385, 40.4867255 ], [ -74.4304525, 40.4867893 ], [ -74.4307788, 40.4868508 ] ] } },
{ "type": "Feature", "properties": { "id": "37966626-556", "osm_way": 37966626, "name": "Burnet Street", "class": "secondary", "is_priority": false, "length_m": 200.0 }, "geometry": { "type": "LineString", "coordinates": [ [ -74.440854500000015, 40.4971338 ], [ -74.4407987, 40.4970331 ], [ -74.44028710000002, 40.4961969 ], [ -74.4402129, 40.4960787 ], [ -74.4401363, 40.4959514 ], [ -74.4400633, 40.4958259 ], [ -74.4399981, 40.4957072 ], [ -74.4399384, 40.4955955 ], [ -74.439885257163496, 40.49549145855422 ] ] } },
{ "type": "Feature", "properties": { "id": "37966626-557", "osm_way": 37966626, "name": "Burnet Street", "class": "secondary", "is_priority": false, "length_m": 137.9 }, "geometry": { "type": "LineString", "coordinates": [ [ -74.439885257163496, 40.49549145855422 ], [ -74.4398792, 40.4954796 ], [ -74.4398164, 40.4953464 ], [ -74.4397642, 40.495225099999985 ], [ -74.439715, 40.4950947 ], [ -74.439645, 40.4949 ], [ -74.4395836, 40.4947076 ], [ -74.4395266, 40.494533 ], [ -74.4394452, 40.4942963 ] ] } },
{ "type": "Feature", "properties": { "id": "37966627-558", "osm_way": 37966627, "name": "Paul Robeson Boulevard", "class": "tertiary", "is_priority": false, "length_m": 136.8 }, "geometry": { "type": "LineString", "coordinates": [ [ -74.437686, 40.4893723 ], [ -74.4377325, 40.4893358 ], [ -74.4377825, 40.4892915 ], [ -74.4378264, 40.4892515 ], [ -74.4378864, 40.4891956 ], [ -74.4386977, 40.4884119 ] ] } },
{ "type": "Feature", "properties": { "id": "37966628-559", "osm_way": 37966628, "name": "", "class": "secondary_link", "is_priority": false, "length_m": 200.0 }, "geometry": { "type": "LineString", "coordinates": [ [ -74.4377869, 40.490037399999984 ], [ -74.4376651, 40.4898175 ], [ -74.4376548, 40.4897893 ], [ -74.4376453, 40.489759 ], [ -74.4376424, 40.489733 ], [ -74.4376416, 40.4897057 ], [ -74.4376476, 40.4896712 ], [ -74.4376578, 40.489638 ], [ -74.437671, 40.4896022 ], [ -74.4376858, 40.489567 ], [ -74.4377081, 40.4895281 ], [ -74.4377362, 40.4894883 ], [ -74.4377642, 40.4894508 ], [ -74.437799200000015, 40.489411099999984 ], [ -74.4378401, 40.4893696 ], [ -74.4379167, 40.4892954 ], [ -74.438155, 40.4890694 ], [ -74.4382523, 40.4889751 ], [ -74.4383463, 40.4888822 ], [ -74.4384471, 40.4887814 ], [ -74.4385449, 40.4886828 ], [ -74.438577, 40.4886258 ], [ -74.438650003215685, 40.488496426627407 ] ] } },
{ "type": "Feature", "properties": { "id": "37966628-560", "osm_way": 37966628, "name": "", "class": "secondary_link", "is_priority": false, "length_m": 10.2 }, "geometry": { "type": "LineString", "coordinates": [ [ -74.438650003215685, 40.488496426627407 ], [ -74.4386977, 40.4884119 ] ] } },
{ "type": "Feature", "properties": { "id": "37966629-561", "osm_way": 37966629, "name": "", "class": "motorway_link", "is_priority": false, "length_m": 200.0 }, "geometry": { "type": "LineString", "coordinates": [ [ -74.4389017, 40.4882072 ], [ -74.4388515, 40.4882141 ], [ -74.4388107, 40.4882218 ], [ -74.4387683, 40.488236 ], [ -74.4387342, 40.4882499 ], [ -74.4386993, 40.4882679 ], [ -74.4386759, 40.488284299999989 ], [ -74.4386505, 40.4883044 ], [ -74.4384411, 40.488489199999989 ], [ -74.438334, 40.4885799 ], [ -74.4382329, 40.4886715 ], [ -74.438145, 40.488759 ], [ -74.4378666, 40.4890263 ], [ -74.437678, 40.4892079 ], [ -74.4376383, 40.4892415 ], [ -74.437606, 40.4892673 ], [ -74.4375745, 40.4892907 ], [ -74.4375476, 40.4893089 ], [ -74.4375147, 40.4893247 ], [ -74.4374814, 40.4893352 ], [ -74.4374449, 40.4893426 ], [ -74.4374021, 40.4893464 ], [ -74.4373725, 40.4893469 ], [ -74.4373392, 40.4893426 ], [ -74.4373068, 40.489335800000013 ], [ -74.4372651, 40.4893247 ], [ -74.4372335, 40.4893085 ], [ -74.43721893121122, 40.489299936269354 ] ] } },
{ "type": "Feature", "properties": { "id": "37966629-562", "osm_way": 37966629, "name": "", "class": "motorway_link", "is_priority": false, "length_m": 27.0 }, "geometry": { "type": "LineString", "coordinates": [ [ -74.43721893121122, 40.489299936269354 ], [ -74.4372056, 40.4892921 ], [ -74.4371738, 40.4892691 ], [ -74.4370039, 40.4891208 ] ] } },
{ "type": "Feature", "properties": { "id": "37966630-563", "osm_way": 37966630, "name": "", "class": "secondary_link", "is_priority": false, "length_m": 99.1 }, "geometry": { "type": "LineString", "coordinates": [ [ -74.4395631, 40.49264010000001 ], [ -74.4394154, 40.4926425 ], [ -74.439309, 40.4926457 ], [ -74.4392056, 40.492651099999989 ], [ -74.4391013, 40.492658899999988 ], [ -74.4389943, 40.4926681 ], [ -74.4388993, 40.4926772 ], [ -74.4387863, 40.4926902 ], [ -74.4386833, 40.492705 ], [ -74.4385943, 40.4927187 ], [ -74.4385366, 40.4927295 ], [ -74.4384689, 40.4927467 ], [ -74.4384102, 40.4927639 ] ] } },
{ "type": "Feature", "properties": { "id": "37966631-564", "osm_way": 37966631, "name": "", "class": "secondary_link", "is_priority": false, "length_m": 200.0 }, "geometry": { "type": "LineString", "coordinates": [ [ -74.4384102, 40.4927639 ], [ -74.4383563, 40.4927833 ], [ -74.438303, 40.4928059 ], [ -74.4382456, 40.492833 ], [ -74.438193, 40.492859899999985 ], [ -74.4381444, 40.4928872 ], [ -74.4380977, 40.49291860000001 ], [ -74.4380631, 40.4929473 ], [ -74.4380289, 40.4929798 ], [ -74.438004, 40.4930127 ], [ -74.4379809, 40.4930507 ], [ -74.4379642, 40.4930852 ], [ -74.437950700000016, 40.4931182 ], [ -74.4379426, 40.4931534 ], [ -74.43794, 40.4931861 ], [ -74.4379428, 40.4932213 ], [ -74.437947500000021, 40.4932569 ], [ -74.4379562, 40.4932875 ], [ -74.4379689, 40.4933161 ], [ -74.4379866, 40.4933487 ], [ -74.4380083, 40.4933793 ], [ -74.438036, 40.4934109 ], [ -74.4380675, 40.4934397 ], [ -74.4381029, 40.4934667 ], [ -74.4381383, 40.4934914 ], [ -74.4381781, 40.4935159 ], [ -74.4382256, 40.4935421 ], [ -74.4384299, 40.493652299999987 ], [ -74.4385016, 40.4936933 ], [ -74.4385581, 40.4937291 ], [ -74.4386133, 40.493768200000012 ], [ -74.4386707, 40.4938119 ], [ -74.4387174, 40.4938539 ], [ -74.4387603, 40.4938953 ], [ -74.4387972, 40.4939398 ], [ -74.4388352, 40.4939917 ], [ -74.438859300000018, 40.494032599999983 ], [ -74.4388861, 40.4940834 ], [ -74.438896550166461, 40.494106734519953 ] ] } },
{ "type": "Feature", "properties": { "id": "37966631-565", "osm_way": 37966631, "name": "", "class": "secondary_link", "is_priority": false, "length_m": 59.8 }, "geometry": { "type": "LineString", "coordinates": [ [ -74.438896550166461, 40.494106734519953 ], [ -74.438911, 40.494139 ], [ -74.4389326, 40.4941978 ], [ -74.4389452, 40.4942423 ], [ -74.4389721, 40.4943438 ], [ -74.4391153, 40.4946176 ] ] } },
{ "type": "Feature", "properties": { "id": "37966632-566", "osm_way": 37966632, "name": "", "class": "secondary_link", "is_priority": false, "length_m": 99.2 }, "geometry": { "type": "LineString", "coordinates": [ [ -74.4384258, 40.4928391 ], [ -74.4384674, 40.4928244 ], [ -74.4385096, 40.4928108 ], [ -74.4385519, 40.492799 ], [ -74.4385916, 40.4927898 ], [ -74.4386297, 40.4927828 ], [ -74.4386741, 40.4927754 ], [ -74.4387371, 40.4927662 ], [ -74.4388053, 40.4927573 ], [ -74.4388715, 40.4927494 ], [ -74.4389344, 40.49274230000001 ], [ -74.4390063, 40.4927364 ], [ -74.4390815, 40.4927298 ], [ -74.4391649, 40.492724 ], [ -74.4392412, 40.4927201 ], [ -74.4393453, 40.492716 ], [ -74.4395766, 40.492710099999989 ] ] } },
{ "type": "Feature", "properties": { "id": "37966633-567", "osm_way": 37966633, "name": "", "class": "secondary_link", "is_priority": false, "length_m": 101.3 }, "geometry": { "type": "LineString", "coordinates": [ [ -74.4395766, 40.492710099999989 ], [ -74.4398475, 40.4927033 ], [ -74.4400318, 40.492697200000016 ], [ -74.4402313, 40.4926888 ], [ -74.4404396, 40.4926786 ], [ -74.4407704, 40.4926646 ] ] } },
{ "type": "Feature", "properties": { "id": "37966634-568", "osm_way": 37966634, "name": "", "class": "secondary_link", "is_priority": false, "length_m": 161.6 }, "geometry": { "type": "LineString", "coordinates": [ [ -74.4392888, 40.4933048 ], [ -74.4392992, 40.4932296 ], [ -74.4393108, 40.493173499999983 ], [ -74.4393266, 40.4931229 ], [ -74.4393463, 40.49308 ], [ -74.4393733, 40.49303290000001 ], [ -74.4394097, 40.4929842 ], [ -74.4394424, 40.4929508 ], [ -74.4394755, 40.4929201 ], [ -74.4395199, 40.492889 ], [ -74.4395679, 40.4928616 ], [ -74.439621, 40.4928361 ], [ -74.4396712, 40.492818 ], [ -74.4397191, 40.4928064 ], [ -74.4397787, 40.4927954 ], [ -74.4398439, 40.492788800000014 ], [ -74.4399702, 40.4927777 ], [ -74.4401214, 40.492765 ], [ -74.4402906, 40.492749099999983 ], [ -74.4404515, 40.4927304 ], [ -74.4407704, 40.4926646 ] ] } },
{ "type": "Feature", "properties": { "id": "37966639-569", "osm_way": 37966639, "name": "Albany Street Bridge", "class": "secondary", "is_priority": false, "length_m": 73.9 }, "geometry": { "type": "LineString", "coordinates": [ [ -74.4370088, 40.49764 ], [ -74.4378666, 40.4975214 ] ] } },
{ "type": "Feature", "properties": { "id": "37966640-570", "osm_way": 37966640, "name": "Albany Street", "class": "secondary", "is_priority": false, "length_m": 75.3 }, "geometry": { "type": "LineString", "coordinates": [ [ -74.4388989, 40.4973812 ], [ -74.439775, 40.4972682 ] ] } },
{ "type": "Feature", "properties": { "id": "37966641-571", "osm_way": 37966641, "name": "Hiram Square", "class": "residential", "is_priority": false, "length_m": 66.5 }, "geometry": { "type": "LineString", "coordinates": [ [ -74.4412555, 40.4951885 ], [ -74.4412231, 40.4951682 ], [ -74.4411909, 40.4951583 ], [ -74.4411565, 40.4951555 ], [ -74.4411223, 40.49516 ], [ -74.4410876, 40.4951732 ], [ -74.4410598, 40.4951938 ], [ -74.4410417, 40.4952199 ], [ -74.4410349, 40.495249 ], [ -74.4410411, 40.49528080000001 ], [ -74.441061, 40.4953093 ], [ -74.4410921, 40.4953311 ], [ -74.441131, 40.4953438 ], [ -74.4411733, 40.495346 ], [ -74.4412072, 40.4953396 ], [ -74.4412376, 40.4953264 ], [ -74.4412619, 40.4953073 ], [ -74.4412806, 40.4952787 ], [ -74.441286, 40.4952471 ], [ -74.4412772, 40.4952158 ], [ -74.4412555, 40.4951885 ] ] } },
{ "type": "Feature", "properties": { "id": "37966643-572", "osm_way": 37966643, "name": "Route 18 Service Road", "class": "secondary", "is_priority": false, "length_m": 25.2 }, "geometry": { "type": "LineString", "coordinates": [ [ -74.4397918, 40.4969914 ], [ -74.4398466, 40.4972148 ] ] } },
{ "type": "Feature", "properties": { "id": "37966644-573", "osm_way": 37966644, "name": "", "class": "motorway_link", "is_priority": false, "length_m": 200.0 }, "geometry": { "type": "LineString", "coordinates": [ [ -74.4399419, 40.4975493 ], [ -74.4400126, 40.497885599999982 ], [ -74.4400372, 40.497992899999986 ], [ -74.4400622, 40.4980836 ], [ -74.4400969, 40.4981881 ], [ -74.4401293, 40.498287499999989 ], [ -74.4401732, 40.4984112 ], [ -74.4402159, 40.4985255 ], [ -74.440258, 40.4986338 ], [ -74.440303, 40.4987341 ], [ -74.4403471, 40.4988277 ], [ -74.4403945, 40.4989164 ], [ -74.4404598, 40.4990343 ], [ -74.4405221, 40.4991389 ], [ -74.4405856, 40.4992416 ], [ -74.440603910425494, 40.499269887830188 ] ] } },
{ "type": "Feature", "properties": { "id": "37966644-574", "osm_way": 37966644, "name": "", "class": "motorway_link", "is_priority": false, "length_m": 90.0 }, "geometry": { "type": "LineString", "coordinates": [ [ -74.440603910425494, 40.499269887830188 ], [ -74.4406513, 40.4993431 ], [ -74.4407167, 40.4994382 ], [ -74.4407717, 40.4995085 ], [ -74.4408315, 40.499583299999983 ], [ -74.440895, 40.4996581 ], [ -74.4412296, 40.4999162 ] ] } },
{ "type": "Feature", "properties": { "id": "37966645-575", "osm_way": 37966645, "name": "Memorial Parkway", "class": "motorway", "is_priority": true, "length_m": 63.3 }, "geometry": { "type": "LineString", "coordinates": [ [ -74.4399324, 40.4969745 ], [ -74.4400601, 40.497536399999987 ] ] } },
{ "type": "Feature", "properties": { "id": "37966646-576", "osm_way": 37966646, "name": "Memorial Parkway", "class": "motorway", "is_priority": true, "length_m": 200.0 }, "geometry": { "type": "LineString", "coordinates": [ [ -74.4400601, 40.497536399999987 ], [ -74.4401681, 40.4980148 ], [ -74.4401958, 40.4981284 ], [ -74.440226400000014, 40.4982331 ], [ -74.4402615, 40.4983473 ], [ -74.4402953, 40.4984528 ], [ -74.4403337, 40.4985711 ], [ -74.4403686, 40.49866870000001 ], [ -74.4404063, 40.4987674 ], [ -74.4404539, 40.498881 ], [ -74.4405023, 40.4989776 ], [ -74.4405595, 40.499085 ], [ -74.4406169, 40.4991777 ], [ -74.440673671729343, 40.499268420659931 ] ] } },
{ "type": "Feature", "properties": { "id": "37966646-577", "osm_way": 37966646, "name": "Memorial Parkway", "class": "motorway", "is_priority": true, "length_m": 86.2 }, "geometry": { "type": "LineString", "coordinates": [ [ -74.440673671729343, 40.499268420659931 ], [ -74.4406766, 40.4992731 ], [ -74.4407438, 40.49937 ], [ -74.4408152, 40.4994672 ], [ -74.4408993, 40.499571400000015 ], [ -74.4409684, 40.4996544 ], [ -74.4410512, 40.4997407 ], [ -74.4411365, 40.4998273 ], [ -74.4412296, 40.4999162 ] ] } },
{ "type": "Feature", "properties": { "id": "37966647-578", "osm_way": 37966647, "name": "Memorial Parkway", "class": "motorway", "is_priority": true, "length_m": 63.3 }, "geometry": { "type": "LineString", "coordinates": [ [ -74.4401936, 40.4975187 ], [ -74.440054800000013, 40.4969588 ] ] } },
{ "type": "Feature", "properties": { "id": "37966653-579", "osm_way": 37966653, "name": "Johnson Drive", "class": "tertiary", "is_priority": false, "length_m": 200.0 }, "geometry": { "type": "LineString", "coordinates": [ [ -74.4432462, 40.5003193 ], [ -74.4428131, 40.5003353 ], [ -74.442699, 40.5003128 ], [ -74.4425891, 40.5002807 ], [ -74.4424243, 40.5001811 ], [ -74.4421792, 40.4999979 ], [ -74.4418453, 40.4997247 ], [ -74.4416382, 40.4995351 ], [ -74.4415602, 40.4994504 ], [ -74.4415218, 40.499405 ], [ -74.4414861, 40.4993554 ], [ -74.441466482775212, 40.499324896928137 ] ] } },
{ "type": "Feature", "properties": { "id": "37966653-580", "osm_way": 37966653, "name": "Johnson Drive", "class": "tertiary", "is_priority": false, "length_m": 37.2 }, "geometry": { "type": "LineString", "coordinates": [ [ -74.441466482775212, 40.499324896928137 ], [ -74.4414515, 40.4993016 ], [ -74.4414169, 40.4992441 ], [ -74.4413922, 40.4991978 ], [ -74.4413683, 40.4991463 ], [ -74.4413517, 40.4991065 ], [ -74.4413376, 40.4990649 ], [ -74.4413239, 40.499009 ] ] } },
{ "type": "Feature", "properties": { "id": "37966654-581", "osm_way": 37966654, "name": "Johnson Drive", "class": "tertiary", "is_priority": false, "length_m": 122.5 }, "geometry": { "type": "LineString", "coordinates": [ [ -74.4402616, 40.4972086 ], [ -74.4405356, 40.4972657 ], [ -74.4405917, 40.497278 ], [ -74.440637, 40.4972917 ], [ -74.4406833, 40.4973083 ], [ -74.4407293, 40.4973279 ], [ -74.4407728, 40.4973521 ], [ -74.4408136, 40.4973798 ], [ -74.4408502, 40.4974093 ], [ -74.4408835, 40.4974437 ], [ -74.4409138, 40.4974824 ], [ -74.440936, 40.4975165 ], [ -74.4409616, 40.4975641 ], [ -74.4409922, 40.4976213 ], [ -74.441114, 40.4978524 ], [ -74.4411397, 40.4979064 ], [ -74.4411625, 40.4979601 ] ] } },
{ "type": "Feature", "properties": { "id": "37966776-582", "osm_way": 37966776, "name": "Morris Street", "class": "residential", "is_priority": false, "length_m": 200.0 }, "geometry": { "type": "LineString", "coordinates": [ [ -74.4455123, 40.4919347 ], [ -74.4452675, 40.4917926 ], [ -74.4451226, 40.4917073 ], [ -74.4449565, 40.491609 ], [ -74.4449234, 40.4915875 ], [ -74.44489, 40.4915673 ], [ -74.4448194, 40.4915246 ], [ -74.4447243, 40.4914843 ], [ -74.4446101, 40.4914566 ], [ -74.44408, 40.491376 ], [ -74.4437722, 40.4913579 ], [ -74.443624900000017, 40.491361899999987 ], [ -74.4434413, 40.4913768 ], [ -74.443368537061914, 40.491383789122146 ] ] } },
{ "type": "Feature", "properties": { "id": "37966776-583", "osm_way": 37966776, "name": "Morris Street", "class": "residential", "is_priority": false, "length_m": 52.2 }, "geometry": { "type": "LineString", "coordinates": [ [ -74.443368537061914, 40.491383789122146 ], [ -74.4432133, 40.4913987 ], [ -74.4428451, 40.491445 ], [ -74.442760100000015, 40.4914552 ] ] } },
{ "type": "Feature", "properties": { "id": "38209476-584", "osm_way": 38209476, "name": "", "class": "motorway", "is_priority": true, "length_m": 200.0 }, "geometry": { "type": "LineString", "coordinates": [ [ -74.4471283, 40.503605 ], [ -74.4456204, 40.5026259 ], [ -74.4453958, 40.5024812 ], [ -74.445329031955723, 40.502438829262346 ] ] } },
{ "type": "Feature", "properties": { "id": "38209476-585", "osm_way": 38209476, "name": "", "class": "motorway", "is_priority": true, "length_m": 200.0 }, "geometry": { "type": "LineString", "coordinates": [ [ -74.445329031955723, 40.502438829262346 ], [ -74.4451796, 40.502344 ], [ -74.4449566, 40.5022082 ], [ -74.4447408, 40.5020755 ], [ -74.4445117, 40.5019395 ], [ -74.4442744, 40.501800099999983 ], [ -74.4440523, 40.50167 ], [ -74.4438284, 40.5015425 ], [ -74.4435869, 40.50140110000001 ], [ -74.443467715970669, 40.501331173752469 ] ] } },
{ "type": "Feature", "properties": { "id": "38209476-586", "osm_way": 38209476, "name": "", "class": "motorway", "is_priority": true, "length_m": 64.2 }, "geometry": { "type": "LineString", "coordinates": [ [ -74.443467715970669, 40.501331173752469 ], [ -74.4433672, 40.501272199999988 ], [ -74.4431389, 40.5011301 ], [ -74.4428817, 40.5009653 ] ] } },
{ "type": "Feature", "properties": { "id": "38209479-587", "osm_way": 38209479, "name": "", "class": "motorway", "is_priority": true, "length_m": 200.0 }, "geometry": { "type": "LineString", "coordinates": [ [ -74.4517245, 40.50614490000001 ], [ -74.4511446, 40.505955 ], [ -74.4507123, 40.505797599999987 ], [ -74.4503021, 40.5056111 ], [ -74.4499016, 40.505399 ], [ -74.44967827835768, 40.505263128331293 ] ] } },
{ "type": "Feature", "properties": { "id": "38209479-588", "osm_way": 38209479, "name": "", "class": "motorway", "is_priority": true, "length_m": 200.0 }, "geometry": { "type": "LineString", "coordinates": [ [ -74.44967827835768, 40.505263128331293 ], [ -74.4496092, 40.5052211 ], [ -74.4492779, 40.5050127 ], [ -74.447879278367481, 40.504096801430748 ] ] } },
{ "type": "Feature", "properties": { "id": "38209479-589", "osm_way": 38209479, "name": "", "class": "motorway", "is_priority": true, "length_m": 83.8 }, "geometry": { "type": "LineString", "coordinates": [ [ -74.447879278367481, 40.504096801430748 ], [ -74.4471283, 40.503605 ] ] } },
{ "type": "Feature", "properties": { "id": "38209481-590", "osm_way": 38209481, "name": "John A. Lynch Memorial Bridge", "class": "motorway", "is_priority": true, "length_m": 200.0 }, "geometry": { "type": "LineString", "coordinates": [ [ -74.45890336086326, 40.508898764224341 ], [ -74.4588921, 40.5088702 ], [ -74.4586872, 40.5085141 ], [ -74.4584093, 40.5081458 ], [ -74.4581958, 40.5079215 ], [ -74.4579389, 40.5076898 ], [ -74.457664, 40.5074892 ], [ -74.457574368786723, 40.507435603450588 ] ] } },
{ "type": "Feature", "properties": { "id": "38209481-591", "osm_way": 38209481, "name": "John A. Lynch Memorial Bridge", "class": "motorway", "is_priority": true, "length_m": 49.5 }, "geometry": { "type": "LineString", "coordinates": [ [ -74.457574368786723, 40.507435603450588 ], [ -74.4573981, 40.5073302 ], [ -74.4571025, 40.5071723 ] ] } },
{ "type": "Feature", "properties": { "id": "38209482-592", "osm_way": 38209482, "name": "", "class": "motorway", "is_priority": true, "length_m": 183.4 }, "geometry": { "type": "LineString", "coordinates": [ [ -74.4571025, 40.5071723 ], [ -74.4568548, 40.507069799999989 ], [ -74.4565968, 40.5069725 ], [ -74.4562855, 40.5068776 ], [ -74.4558622, 40.5067842 ], [ -74.4554387, 40.5067123 ], [ -74.4550601, 40.5066579 ] ] } },
{ "type": "Feature", "properties": { "id": "38606655-593", "osm_way": 38606655, "name": "Landing Lane", "class": "tertiary", "is_priority": false, "length_m": 21.5 }, "geometry": { "type": "LineString", "coordinates": [ [ -74.4639815, 40.5080336 ], [ -74.4640226, 40.5078429 ] ] } },
{ "type": "Feature", "properties": { "id": "38606656-594", "osm_way": 38606656, "name": "Landing Lane", "class": "tertiary", "is_priority": false, "length_m": 18.4 }, "geometry": { "type": "LineString", "coordinates": [ [ -74.4640226, 40.5078429 ], [ -74.4640251, 40.5077662 ], [ -74.4640076, 40.5076779 ] ] } },
{ "type": "Feature", "properties": { "id": "38606657-595", "osm_way": 38606657, "name": "Landing Lane", "class": "tertiary", "is_priority": false, "length_m": 110.5 }, "geometry": { "type": "LineString", "coordinates": [ [ -74.4637039, 40.5091236 ], [ -74.4639577, 40.5081472 ] ] } },
{ "type": "Feature", "properties": { "id": "38606658-596", "osm_way": 38606658, "name": "Landing Lane", "class": "tertiary", "is_priority": false, "length_m": 10.3 }, "geometry": { "type": "LineString", "coordinates": [ [ -74.4639577, 40.5081472 ], [ -74.4639771, 40.508055599999985 ] ] } },
{ "type": "Feature", "properties": { "id": "42677052-597", "osm_way": 42677052, "name": "New Jersey Turnpike", "class": "motorway", "is_priority": true, "length_m": 200.0 }, "geometry": { "type": "LineString", "coordinates": [ [ -74.4026238, 40.4808327 ], [ -74.4022483, 40.4814203 ], [ -74.4019344, 40.4818875 ], [ -74.4015482, 40.4824057 ], [ -74.401530130142163, 40.482428442873001 ] ] } },
{ "type": "Feature", "properties": { "id": "42677052-598", "osm_way": 42677052, "name": "New Jersey Turnpike", "class": "motorway", "is_priority": true, "length_m": 200.0 }, "geometry": { "type": "LineString", "coordinates": [ [ -74.401530130142163, 40.482428442873001 ], [ -74.4011673, 40.4828851 ], [ -74.4007784, 40.4833686 ], [ -74.4003841, 40.4838358 ], [ -74.400279068512319, 40.483955899725196 ] ] } },
{ "type": "Feature", "properties": { "id": "42677052-599", "osm_way": 42677052, "name": "New Jersey Turnpike", "class": "motorway", "is_priority": true, "length_m": 165.1 }, "geometry": { "type": "LineString", "coordinates": [ [ -74.400279068512319, 40.483955899725196 ], [ -74.3999791, 40.4842989 ], [ -74.3995929, 40.4847252 ], [ -74.3991691, 40.4851781 ] ] } },
{ "type": "Feature", "properties": { "id": "42677055-600", "osm_way": 42677055, "name": "New Jersey Turnpike", "class": "motorway", "is_priority": true, "length_m": 23.3 }, "geometry": { "type": "LineString", "coordinates": [ [ -74.403114523879239, 40.480043420043479 ], [ -74.4029966, 40.4802329 ] ] } },
{ "type": "Feature", "properties": { "id": "42677348-601", "osm_way": 42677348, "name": "New Jersey Turnpike", "class": "motorway", "is_priority": true, "length_m": 200.0 }, "geometry": { "type": "LineString", "coordinates": [ [ -74.395670374610603, 40.488971665608119 ], [ -74.397203231988215, 40.487601774047548 ] ] } },
{ "type": "Feature", "properties": { "id": "42677348-602", "osm_way": 42677348, "name": "New Jersey Turnpike", "class": "motorway", "is_priority": true, "length_m": 3.7 }, "geometry": { "type": "LineString", "coordinates": [ [ -74.397203231988215, 40.487601774047548 ], [ -74.3972314, 40.4875766 ] ] } },
{ "type": "Feature", "properties": { "id": "42677351-603", "osm_way": 42677351, "name": "New Jersey Turnpike", "class": "motorway", "is_priority": true, "length_m": 200.0 }, "geometry": { "type": "LineString", "coordinates": [ [ -74.3972314, 40.4875766 ], [ -74.3976605, 40.4871824 ], [ -74.3980413, 40.4868315 ], [ -74.398528, 40.4863756 ], [ -74.398723874432676, 40.486181149522594 ] ] } },
{ "type": "Feature", "properties": { "id": "42677351-604", "osm_way": 42677351, "name": "New Jersey Turnpike", "class": "motorway", "is_priority": true, "length_m": 22.5 }, "geometry": { "type": "LineString", "coordinates": [ [ -74.398723874432676, 40.486181149522594 ], [ -74.3988858, 40.486020399999987 ] ] } },
{ "type": "Feature", "properties": { "id": "42677355-605", "osm_way": 42677355, "name": "New Jersey Turnpike", "class": "motorway", "is_priority": true, "length_m": 200.0 }, "geometry": { "type": "LineString", "coordinates": [ [ -74.395787491561038, 40.489135862740206 ], [ -74.397319117499976, 40.487765166071767 ] ] } },
{ "type": "Feature", "properties": { "id": "42677355-606", "osm_way": 42677355, "name": "New Jersey Turnpike", "class": "motorway", "is_priority": true, "length_m": 11.1 }, "geometry": { "type": "LineString", "coordinates": [ [ -74.397319117499976, 40.487765166071767 ], [ -74.397404, 40.4876892 ] ] } },
{ "type": "Feature", "properties": { "id": "42677358-607", "osm_way": 42677358, "name": "New Jersey Turnpike", "class": "motorway", "is_priority": true, "length_m": 200.0 }, "geometry": { "type": "LineString", "coordinates": [ [ -74.3992281, 40.4860512 ], [ -74.3997645, 40.4855494 ], [ -74.4002715, 40.4850618 ], [ -74.400686830806407, 40.48463533832745 ] ] } },
{ "type": "Feature", "properties": { "id": "42677358-608", "osm_way": 42677358, "name": "New Jersey Turnpike", "class": "motorway", "is_priority": true, "length_m": 200.0 }, "geometry": { "type": "LineString", "coordinates": [ [ -74.400686830806407, 40.48463533832745 ], [ -74.4007006, 40.4846212 ], [ -74.4011351, 40.4841601 ], [ -74.4015321, 40.4837154 ], [ -74.4019264, 40.4832523 ], [ -74.402011868940207, 40.483145063320634 ] ] } },
{ "type": "Feature", "properties": { "id": "42677358-609", "osm_way": 42677358, "name": "New Jersey Turnpike", "class": "motorway", "is_priority": true, "length_m": 57.4 }, "geometry": { "type": "LineString", "coordinates": [ [ -74.402011868940207, 40.483145063320634 ], [ -74.4022939, 40.4827912 ], [ -74.402362, 40.4827026 ] ] } },
{ "type": "Feature", "properties": { "id": "42677360-610", "osm_way": 42677360, "name": "", "class": "motorway_link", "is_priority": false, "length_m": 116.5 }, "geometry": { "type": "LineString", "coordinates": [ [ -74.403187, 40.4820384 ], [ -74.4033399, 40.4819364 ], [ -74.4034821, 40.4818181 ], [ -74.4036108, 40.4816937 ], [ -74.4040319, 40.4812163 ] ] } },
{ "type": "Feature", "properties": { "id": "42677362-611", "osm_way": 42677362, "name": "", "class": "motorway_link", "is_priority": false, "length_m": 111.2 }, "geometry": { "type": "LineString", "coordinates": [ [ -74.4021437, 40.4826444 ], [ -74.4022965, 40.4825444 ], [ -74.4030502, 40.4821241 ], [ -74.403187, 40.4820384 ] ] } },
{ "type": "Feature", "properties": { "id": "42677373-612", "osm_way": 42677373, "name": "New Jersey Turnpike", "class": "motorway", "is_priority": true, "length_m": 200.0 }, "geometry": { "type": "LineString", "coordinates": [ [ -74.396967500000017, 40.4872845 ], [ -74.395437207286477, 40.488656057375984 ] ] } },
{ "type": "Feature", "properties": { "id": "42677373-613", "osm_way": 42677373, "name": "New Jersey Turnpike", "class": "motorway", "is_priority": true, "length_m": 2.1 }, "geometry": { "type": "LineString", "coordinates": [ [ -74.395437207286477, 40.488656057375984 ], [ -74.395421272395751, 40.488670338955643 ] ] } },
{ "type": "Feature", "properties": { "id": "42677374-614", "osm_way": 42677374, "name": "New Jersey Turnpike", "class": "motorway", "is_priority": true, "length_m": 200.0 }, "geometry": { "type": "LineString", "coordinates": [ [ -74.3970897, 40.4874405 ], [ -74.395558738455222, 40.488811624496037 ] ] } },
{ "type": "Feature", "properties": { "id": "42677374-615", "osm_way": 42677374, "name": "New Jersey Turnpike", "class": "motorway", "is_priority": true, "length_m": 1.6 }, "geometry": { "type": "LineString", "coordinates": [ [ -74.395558738455222, 40.488811624496037 ], [ -74.395546309631129, 40.488822755398132 ] ] } },
{ "type": "Feature", "properties": { "id": "42677375-616", "osm_way": 42677375, "name": "New Jersey Turnpike", "class": "motorway", "is_priority": true, "length_m": 21.8 }, "geometry": { "type": "LineString", "coordinates": [ [ -74.403429797767828, 40.480150463474111 ], [ -74.4033051, 40.4803227 ] ] } },
{ "type": "Feature", "properties": { "id": "42677376-617", "osm_way": 42677376, "name": "New Jersey Turnpike", "class": "motorway", "is_priority": true, "length_m": 20.7 }, "geometry": { "type": "LineString", "coordinates": [ [ -74.4035169, 40.4803839 ], [ -74.403634533361682, 40.48022016889675 ] ] } },
{ "type": "Feature", "properties": { "id": "42677380-618", "osm_way": 42677380, "name": "New Jersey Turnpike", "class": "motorway", "is_priority": true, "length_m": 22.4 }, "geometry": { "type": "LineString", "coordinates": [ [ -74.4039595, 40.4805124 ], [ -74.404084559151627, 40.480335024126958 ] ] } },
{ "type": "Feature", "properties": { "id": "42677391-619", "osm_way": 42677391, "name": "New Jersey Turnpike", "class": "motorway", "is_priority": true, "length_m": 200.0 }, "geometry": { "type": "LineString", "coordinates": [ [ -74.4033051, 40.4803227 ], [ -74.4029791, 40.480793 ], [ -74.402179211240409, 40.481906068815256 ] ] } },
{ "type": "Feature", "properties": { "id": "42677391-620", "osm_way": 42677391, "name": "New Jersey Turnpike", "class": "motorway", "is_priority": true, "length_m": 200.0 }, "geometry": { "type": "LineString", "coordinates": [ [ -74.402179211240409, 40.481906068815256 ], [ -74.4021222, 40.4819854 ], [ -74.4017252, 40.4825056 ], [ -74.4013604, 40.4829708 ], [ -74.400969594824048, 40.483452881733292 ] ] } },
{ "type": "Feature", "properties": { "id": "42677391-621", "osm_way": 42677391, "name": "New Jersey Turnpike", "class": "motorway", "is_priority": true, "length_m": 200.0 }, "geometry": { "type": "LineString", "coordinates": [ [ -74.400969594824048, 40.483452881733292 ], [ -74.4009635, 40.4834604 ], [ -74.400566500000011, 40.483929599999989 ], [ -74.4001508, 40.4844049 ], [ -74.3997672, 40.4848313 ], [ -74.399655455338049, 40.484949109878492 ] ] } },
{ "type": "Feature", "properties": { "id": "42677391-622", "osm_way": 42677391, "name": "New Jersey Turnpike", "class": "motorway", "is_priority": true, "length_m": 200.0 }, "geometry": { "type": "LineString", "coordinates": [ [ -74.399655455338049, 40.484949109878492 ], [ -74.3993434, 40.4852781 ], [ -74.3988258, 40.4858003 ], [ -74.3983537, 40.4862695 ], [ -74.398231421343112, 40.486385591465691 ] ] } },
{ "type": "Feature", "properties": { "id": "42677391-623", "osm_way": 42677391, "name": "New Jersey Turnpike", "class": "motorway", "is_priority": true, "length_m": 151.9 }, "geometry": { "type": "LineString", "coordinates": [ [ -74.398231421343112, 40.486385591465691 ], [ -74.3978992, 40.486701 ], [ -74.397521, 40.4870477 ], [ -74.3970897, 40.4874405 ] ] } },
{ "type": "Feature", "properties": { "id": "42716069-624", "osm_way": 42716069, "name": "", "class": "motorway_link", "is_priority": false, "length_m": 200.0 }, "geometry": { "type": "LineString", "coordinates": [ [ -74.3992281, 40.4860512 ], [ -74.4006684, 40.4847885 ], [ -74.400774877644338, 40.48469054715757 ] ] } },
{ "type": "Feature", "properties": { "id": "42716069-625", "osm_way": 42716069, "name": "", "class": "motorway_link", "is_priority": false, "length_m": 189.6 }, "geometry": { "type": "LineString", "coordinates": [ [ -74.400774877644338, 40.48469054715757 ], [ -74.4010144, 40.4844702 ], [ -74.4013122, 40.4841724 ], [ -74.4021411, 40.4833387 ] ] } },
{ "type": "Feature", "properties": { "id": "42716070-626", "osm_way": 42716070, "name": "", "class": "motorway_link", "is_priority": false, "length_m": 37.5 }, "geometry": { "type": "LineString", "coordinates": [ [ -74.4044092, 40.48076480000001 ], [ -74.404640795801953, 40.480477198920504 ] ] } },
{ "type": "Feature", "properties": { "id": "47286589-627", "osm_way": 47286589, "name": "Tunison Road", "class": "residential", "is_priority": false, "length_m": 197.7 }, "geometry": { "type": "LineString", "coordinates": [ [ -74.4137177, 40.4854692 ], [ -74.4139218, 40.4853322 ], [ -74.4145625, 40.4846606 ], [ -74.4149025, 40.4843042 ], [ -74.4149742, 40.4842259 ], [ -74.4150501, 40.48413810000001 ], [ -74.4151228, 40.4840541 ] ] } },
{ "type": "Feature", "properties": { "id": "47286590-628", "osm_way": 47286590, "name": "Tunison Road", "class": "tertiary", "is_priority": false, "length_m": 30.0 }, "geometry": { "type": "LineString", "coordinates": [ [ -74.4152191, 40.4838168 ], [ -74.4151637, 40.4838704 ], [ -74.4150971, 40.483938200000011 ], [ -74.4150067, 40.4840328 ] ] } },
{ "type": "Feature", "properties": { "id": "47286598-629", "osm_way": 47286598, "name": "State Route 18", "class": "trunk", "is_priority": true, "length_m": 46.1 }, "geometry": { "type": "LineString", "coordinates": [ [ -74.412916838359465, 40.482546851716812 ], [ -74.4129705, 40.4825909 ], [ -74.4130757, 40.4826775 ], [ -74.4131893, 40.4827626 ], [ -74.4133034, 40.4828387 ] ] } },
{ "type": "Feature", "properties": { "id": "47286637-630", "osm_way": 47286637, "name": "State Route 18", "class": "trunk", "is_priority": true, "length_m": 56.8 }, "geometry": { "type": "LineString", "coordinates": [ [ -74.4138403, 40.4823163 ], [ -74.4137268, 40.4822904 ], [ -74.4135996, 40.4822572 ], [ -74.4134732, 40.482218899999985 ], [ -74.4133513, 40.4821796 ], [ -74.4132393, 40.4821392 ], [ -74.413217281653857, 40.482130370955687 ] ] } },
{ "type": "Feature", "properties": { "id": "47286644-631", "osm_way": 47286644, "name": "State Route 18", "class": "trunk", "is_priority": true, "length_m": 102.3 }, "geometry": { "type": "LineString", "coordinates": [ [ -74.4150302, 40.4824651 ], [ -74.4142868, 40.4823863 ], [ -74.4141395, 40.4823685 ], [ -74.4139956, 40.4823462 ], [ -74.4138403, 40.4823163 ] ] } },
{ "type": "Feature", "properties": { "id": "47286645-632", "osm_way": 47286645, "name": "State Route 18", "class": "trunk", "is_priority": true, "length_m": 188.2 }, "geometry": { "type": "LineString", "coordinates": [ [ -74.4181504, 40.4830856 ], [ -74.4180471, 40.4830333 ], [ -74.417937900000013, 40.482982699999987 ], [ -74.4178119, 40.4829259 ], [ -74.4176837, 40.482875 ], [ -74.4175428, 40.4828232 ], [ -74.4174093, 40.4827806 ], [ -74.4172818, 40.4827446 ], [ -74.4171448, 40.4827116 ], [ -74.4170011, 40.4826815 ], [ -74.4168591, 40.4826585 ], [ -74.4167132, 40.4826389 ], [ -74.4165279, 40.4826196 ], [ -74.4160647, 40.4825715 ] ] } },
{ "type": "Feature", "properties": { "id": "47286647-633", "osm_way": 47286647, "name": "State Route 18", "class": "trunk", "is_priority": true, "length_m": 68.3 }, "geometry": { "type": "LineString", "coordinates": [ [ -74.4179835, 40.4831393 ], [ -74.4180629, 40.4831821 ], [ -74.4181359, 40.4832236 ], [ -74.418211, 40.4832717 ], [ -74.4183008, 40.4833357 ], [ -74.4183677, 40.4833918 ], [ -74.4184351, 40.4834524 ], [ -74.4184893, 40.4835098 ], [ -74.4185436, 40.4835742 ] ] } },
{ "type": "Feature", "properties": { "id": "47286648-634", "osm_way": 47286648, "name": "State Route 18", "class": "trunk", "is_priority": true, "length_m": 40.6 }, "geometry": { "type": "LineString", "coordinates": [ [ -74.4190746, 40.48422 ], [ -74.4191589, 40.4843137 ], [ -74.4192236, 40.4843768 ], [ -74.4192973, 40.48444 ], [ -74.4193769, 40.4845024 ] ] } },
{ "type": "Feature", "properties": { "id": "47286649-635", "osm_way": 47286649, "name": "State Route 18", "class": "trunk", "is_priority": true, "length_m": 84.6 }, "geometry": { "type": "LineString", "coordinates": [ [ -74.4185436, 40.4835742 ], [ -74.4190746, 40.48422 ] ] } },
{ "type": "Feature", "properties": { "id": "47286652-636", "osm_way": 47286652, "name": "", "class": "trunk_link", "is_priority": false, "length_m": 195.9 }, "geometry": { "type": "LineString", "coordinates": [ [ -74.4164652, 40.485457 ], [ -74.4165881, 40.4853692 ], [ -74.4166767, 40.485306 ], [ -74.4167588, 40.485247 ], [ -74.4168316, 40.48519850000001 ], [ -74.4169072, 40.485155399999989 ], [ -74.4169913, 40.4851125 ], [ -74.4171043, 40.485065 ], [ -74.4172195, 40.485022 ], [ -74.4173233, 40.48499 ], [ -74.4174142, 40.4849664 ], [ -74.4175254, 40.4849441 ], [ -74.4176486, 40.4849221 ], [ -74.4183503, 40.4848112 ], [ -74.4184768, 40.4847941 ], [ -74.4185407, 40.4847837 ] ] } },
{ "type": "Feature", "properties": { "id": "47286653-637", "osm_way": 47286653, "name": "", "class": "trunk_link", "is_priority": false, "length_m": 200.0 }, "geometry": { "type": "LineString", "coordinates": [ [ -74.4196398, 40.4841206 ], [ -74.4195509, 40.4840264 ], [ -74.41947660000001, 40.4839433 ], [ -74.4194351, 40.4838924 ], [ -74.4193941, 40.4838336 ], [ -74.41936130000002, 40.4837797 ], [ -74.4193301, 40.483711399999983 ], [ -74.4193023, 40.4836467 ], [ -74.4192799, 40.4835803 ], [ -74.4192607, 40.483514 ], [ -74.4192411, 40.4834317 ], [ -74.4192258, 40.4833473 ], [ -74.419216, 40.4832763 ], [ -74.4192093, 40.4831896 ], [ -74.4192052, 40.4831165 ], [ -74.4192066, 40.4830398 ], [ -74.4192115, 40.4829642 ], [ -74.4192196, 40.4828845 ], [ -74.4192313, 40.4828108 ], [ -74.4192472, 40.4827392 ], [ -74.4192697, 40.4826641 ], [ -74.4192945, 40.4825953 ], [ -74.4193265, 40.482522 ], [ -74.4193608, 40.482455399999985 ], [ -74.4193852063799, 40.482413969020698 ] ] } },
{ "type": "Feature", "properties": { "id": "47286653-638", "osm_way": 47286653, "name": "", "class": "trunk_link", "is_priority": false, "length_m": 197.9 }, "geometry": { "type": "LineString", "coordinates": [ [ -74.4193852063799, 40.482413969020698 ], [ -74.4193975, 40.4823931 ], [ -74.4194386, 40.482331199999983 ], [ -74.4194796, 40.4822741 ], [ -74.4200901, 40.4814456 ], [ -74.4201656, 40.4813479 ], [ -74.4202399, 40.4812529 ], [ -74.4203155, 40.4811573 ], [ -74.4204892, 40.4808449 ] ] } },
{ "type": "Feature", "properties": { "id": "47286654-639", "osm_way": 47286654, "name": "", "class": "trunk_link", "is_priority": false, "length_m": 200.0 }, "geometry": { "type": "LineString", "coordinates": [ [ -74.4196747, 40.4814419 ], [ -74.4195973, 40.481497600000012 ], [ -74.41952040000001, 40.4815497 ], [ -74.4194418, 40.4815976 ], [ -74.4193542, 40.481641699999983 ], [ -74.4192576, 40.4816838 ], [ -74.4191644, 40.4817193 ], [ -74.4190597, 40.4817527 ], [ -74.418949, 40.4817822 ], [ -74.418846500000015, 40.4818059 ], [ -74.4187391, 40.4818244 ], [ -74.4186294, 40.4818371 ], [ -74.4185108, 40.4818461 ], [ -74.4184143, 40.481849 ], [ -74.4181901, 40.4818465 ], [ -74.4181092, 40.4818465 ], [ -74.4180361, 40.4818495 ], [ -74.4179594, 40.4818578 ], [ -74.4178937, 40.4818707 ], [ -74.4178182, 40.4818914 ], [ -74.4177507, 40.4819163 ], [ -74.4176889, 40.481945 ], [ -74.41763, 40.4819781 ], [ -74.4175769, 40.4820139 ], [ -74.417534558013543, 40.48204619599391 ] ] } },
{ "type": "Feature", "properties": { "id": "47286654-640", "osm_way": 47286654, "name": "", "class": "trunk_link", "is_priority": false, "length_m": 141.2 }, "geometry": { "type": "LineString", "coordinates": [ [ -74.417534558013543, 40.48204619599391 ], [ -74.4172511, 40.4822624 ], [ -74.4171838, 40.4823077 ], [ -74.4171146, 40.4823461 ], [ -74.417037, 40.4823849 ], [ -74.4169478, 40.4824227 ], [ -74.4168572, 40.4824544 ], [ -74.4167595, 40.482480300000013 ], [ -74.4166633, 40.4825008 ], [ -74.416565, 40.4825169 ], [ -74.416467, 40.4825265 ], [ -74.4163744, 40.4825307 ], [ -74.4163094, 40.4825285 ], [ -74.4162348, 40.4825246 ], [ -74.416076, 40.482509900000011 ] ] } },
{ "type": "Feature", "properties": { "id": "47286655-641", "osm_way": 47286655, "name": "", "class": "trunk_link", "is_priority": false, "length_m": 200.0 }, "geometry": { "type": "LineString", "coordinates": [ [ -74.4180188, 40.4829422 ], [ -74.4178165, 40.4828125 ], [ -74.4177525, 40.4827676 ], [ -74.4177018, 40.482724399999988 ], [ -74.4176508, 40.4826723 ], [ -74.4176078, 40.4826209 ], [ -74.4175759, 40.482572 ], [ -74.4175515, 40.4825238 ], [ -74.4175366, 40.4824796 ], [ -74.4175288, 40.4824328 ], [ -74.4175274, 40.4823879 ], [ -74.4175332, 40.4823386 ], [ -74.4175444, 40.482294 ], [ -74.41756460000002, 40.4822434 ], [ -74.4175919, 40.4821963 ], [ -74.4176278, 40.482151199999983 ], [ -74.4176703, 40.4821088 ], [ -74.4177232, 40.4820693 ], [ -74.41778, 40.4820353 ], [ -74.417845, 40.4820096 ], [ -74.417913, 40.4819878 ], [ -74.4179784, 40.481975 ], [ -74.4180496, 40.4819663 ], [ -74.4181106, 40.4819644 ], [ -74.4181716, 40.481968 ], [ -74.4182247, 40.4819752 ], [ -74.418286, 40.4819885 ], [ -74.4183435, 40.4820075 ], [ -74.4184025, 40.482033 ], [ -74.4184573, 40.482063799999985 ], [ -74.4185037, 40.4820955 ], [ -74.4185477, 40.4821339 ], [ -74.418574746086961, 40.482163872129945 ] ] } },
{ "type": "Feature", "properties": { "id": "47286655-642", "osm_way": 47286655, "name": "", "class": "trunk_link", "is_priority": false, "length_m": 56.7 }, "geometry": { "type": "LineString", "coordinates": [ [ -74.418574746086961, 40.482163872129945 ], [ -74.4185819, 40.48217180000001 ], [ -74.4186092, 40.4822137 ], [ -74.41863, 40.4822559 ], [ -74.4186482, 40.4823026 ], [ -74.4186594, 40.4823461 ], [ -74.4186633, 40.4823864 ], [ -74.4186632, 40.4824237 ], [ -74.4186576, 40.4824658 ], [ -74.4186472, 40.4825053 ], [ -74.4186301, 40.4825455 ], [ -74.4186092, 40.4825869 ], [ -74.4185697, 40.482648800000014 ] ] } },
{ "type": "Feature", "properties": { "id": "47286664-643", "osm_way": 47286664, "name": "", "class": "trunk_link", "is_priority": false, "length_m": 82.3 }, "geometry": { "type": "LineString", "coordinates": [ [ -74.4177413, 40.48377 ], [ -74.417479400000019, 40.483938 ], [ -74.4174457, 40.483959699999986 ], [ -74.4173844, 40.4839903 ], [ -74.4173162, 40.4840152 ], [ -74.4172386, 40.4840373 ], [ -74.4171624, 40.4840519 ], [ -74.4171135, 40.4840595 ], [ -74.4170123, 40.4840673 ], [ -74.4169386, 40.4840685 ], [ -74.4168898, 40.4840682 ] ] } },
{ "type": "Feature", "properties": { "id": "47286665-644", "osm_way": 47286665, "name": "", "class": "trunk_link", "is_priority": false, "length_m": 197.3 }, "geometry": { "type": "LineString", "coordinates": [ [ -74.4133034, 40.4828387 ], [ -74.4136896, 40.4831444 ], [ -74.4138, 40.4832074 ], [ -74.4139384, 40.4832856 ], [ -74.4140868, 40.4833636 ], [ -74.4142206, 40.4834306 ], [ -74.4143635, 40.4834978 ], [ -74.4145101, 40.4835625 ], [ -74.4146414, 40.4836161 ], [ -74.414778, 40.4836691 ], [ -74.4149057, 40.4837158 ], [ -74.4150513, 40.4837651 ], [ -74.4152191, 40.4838168 ] ] } },
{ "type": "Feature", "properties": { "id": "47286666-645", "osm_way": 47286666, "name": "", "class": "trunk_link", "is_priority": false, "length_m": 61.3 }, "geometry": { "type": "LineString", "coordinates": [ [ -74.416724, 40.4843615 ], [ -74.416769, 40.484372199999989 ], [ -74.416807, 40.4843798 ], [ -74.4168401, 40.4843829 ], [ -74.4168736, 40.4843829 ], [ -74.4169087, 40.4843775 ], [ -74.4169426, 40.484365 ], [ -74.4169691, 40.484352199999989 ], [ -74.4169922, 40.4843356 ], [ -74.4170112, 40.4843178 ], [ -74.4170257, 40.484299 ], [ -74.4170387, 40.4842776 ], [ -74.4170471, 40.4842511 ], [ -74.4170496, 40.484226 ], [ -74.4170457, 40.4842013 ], [ -74.4170364, 40.4841753 ], [ -74.4170191, 40.4841497 ], [ -74.417001, 40.484129 ], [ -74.4169775, 40.4841112 ], [ -74.4169516, 40.4840959 ], [ -74.4169233, 40.484082 ], [ -74.4168898, 40.4840682 ] ] } },
{ "type": "Feature", "properties": { "id": "47286667-646", "osm_way": 47286667, "name": "", "class": "trunk_link", "is_priority": false, "length_m": 54.0 }, "geometry": { "type": "LineString", "coordinates": [ [ -74.4157429, 40.4837062 ], [ -74.4156994, 40.483682 ], [ -74.4156609, 40.4836617 ], [ -74.4156272, 40.483649 ], [ -74.4155915, 40.4836406 ], [ -74.4155543, 40.4836366 ], [ -74.4155183, 40.483638 ], [ -74.415486, 40.4836438 ], [ -74.4154491, 40.4836537 ], [ -74.4154112, 40.4836696 ], [ -74.4153744, 40.4836908 ], [ -74.4153423, 40.4837152 ], [ -74.4152191, 40.4838168 ] ] } },
{ "type": "Feature", "properties": { "id": "47286669-647", "osm_way": 47286669, "name": "", "class": "trunk_link", "is_priority": false, "length_m": 200.0 }, "geometry": { "type": "LineString", "coordinates": [ [ -74.4186697, 40.4838522 ], [ -74.4186985, 40.4839072 ], [ -74.41873, 40.4839657 ], [ -74.41875690000002, 40.4840183 ], [ -74.4187735, 40.4840715 ], [ -74.4187879, 40.4841259 ], [ -74.4187958, 40.48418 ], [ -74.4187976, 40.4842356 ], [ -74.4187938, 40.4842897 ], [ -74.4187818, 40.4843482 ], [ -74.4187631, 40.484403 ], [ -74.4187393, 40.4844472 ], [ -74.4187045, 40.4844946 ], [ -74.4186691, 40.4845351 ], [ -74.4186292, 40.4845692 ], [ -74.418579, 40.4846054 ], [ -74.4185232, 40.4846379 ], [ -74.418463, 40.4846605 ], [ -74.418407, 40.4846773 ], [ -74.4183412, 40.4846901 ], [ -74.418277, 40.4846969 ], [ -74.4182109, 40.484697499999989 ], [ -74.4181484, 40.4846927 ], [ -74.4180834, 40.4846785 ], [ -74.4180307, 40.4846621 ], [ -74.4179781, 40.4846406 ], [ -74.41793, 40.484616 ], [ -74.4178842, 40.4845848 ], [ -74.4178426, 40.4845482 ], [ -74.4178107, 40.4845142 ], [ -74.4177828, 40.484476 ], [ -74.4177634, 40.4844383 ], [ -74.4177493, 40.4844001 ], [ -74.4177397, 40.4843555 ], [ -74.4177356, 40.4843092 ], [ -74.4177381, 40.4842672 ], [ -74.417745, 40.48423 ], [ -74.417749896792984, 40.484214838084327 ] ] } },
{ "type": "Feature", "properties": { "id": "47286669-648", "osm_way": 47286669, "name": "", "class": "trunk_link", "is_priority": false, "length_m": 200.0 }, "geometry": { "type": "LineString", "coordinates": [ [ -74.417749896792984, 40.484214838084327 ], [ -74.4177585, 40.484188199999984 ], [ -74.4177821, 40.4841463 ], [ -74.4178079, 40.4841106 ], [ -74.4178401, 40.4840696 ], [ -74.4182944, 40.4835508 ], [ -74.4184726, 40.4833417 ], [ -74.4186496, 40.4831247 ], [ -74.4187642, 40.4829795 ], [ -74.418999308484459, 40.482689115090665 ] ] } },
{ "type": "Feature", "properties": { "id": "47286669-649", "osm_way": 47286669, "name": "", "class": "trunk_link", "is_priority": false, "length_m": 99.6 }, "geometry": { "type": "LineString", "coordinates": [ [ -74.418999308484459, 40.482689115090665 ], [ -74.4191925, 40.4824505 ], [ -74.4196086, 40.4819222 ] ] } },
{ "type": "Feature", "properties": { "id": "47286683-650", "osm_way": 47286683, "name": "", "class": "trunk_link", "is_priority": false, "length_m": 200.0 }, "geometry": { "type": "LineString", "coordinates": [ [ -74.4185407, 40.4847837 ], [ -74.41873320000002, 40.4847745 ], [ -74.4187964, 40.4847723 ], [ -74.4188591, 40.4847718 ], [ -74.4189106, 40.4847753 ], [ -74.418965, 40.4847829 ], [ -74.4190152, 40.4847915 ], [ -74.4190689, 40.4848015 ], [ -74.4193495, 40.4848601 ], [ -74.4196402, 40.48491880000001 ], [ -74.4198673, 40.4849635 ], [ -74.420069, 40.4850024 ], [ -74.4202126, 40.4850283 ], [ -74.4203624, 40.4850544 ], [ -74.420843785783845, 40.485131255720454 ] ] } },
{ "type": "Feature", "properties": { "id": "47286683-651", "osm_way": 47286683, "name": "", "class": "trunk_link", "is_priority": false, "length_m": 6.5 }, "geometry": { "type": "LineString", "coordinates": [ [ -74.420843785783845, 40.485131255720454 ], [ -74.4209186, 40.4851432 ] ] } },
{ "type": "Feature", "properties": { "id": "47286686-652", "osm_way": 47286686, "name": "", "class": "trunk_link", "is_priority": false, "length_m": 88.8 }, "geometry": { "type": "LineString", "coordinates": [ [ -74.4146371, 40.4864986 ], [ -74.414745, 40.4864371 ], [ -74.4148363, 40.4864016 ], [ -74.414926, 40.4863857 ], [ -74.4150079, 40.4863868 ], [ -74.4150734, 40.4863984 ], [ -74.4151223, 40.4864245 ], [ -74.4151594, 40.4864573 ], [ -74.4151792, 40.4865043 ], [ -74.4151881, 40.4865529 ], [ -74.4151682, 40.4866524 ], [ -74.415097200000019, 40.486789199999983 ] ] } },
{ "type": "Feature", "properties": { "id": "47286688-653", "osm_way": 47286688, "name": "Donald Goodkind Bridge", "class": "trunk", "is_priority": true, "length_m": 200.0 }, "geometry": { "type": "LineString", "coordinates": [ [ -74.4130969, 40.4933277 ], [ -74.413229, 40.4927401 ], [ -74.413477076228318, 40.491549510197743 ] ] } },
{ "type": "Feature", "properties": { "id": "47286688-654", "osm_way": 47286688, "name": "Donald Goodkind Bridge", "class": "trunk", "is_priority": true, "length_m": 200.0 }, "geometry": { "type": "LineString", "coordinates": [ [ -74.413477076228318, 40.491549510197743 ], [ -74.413847818112771, 40.48977013010645 ] ] } },
{ "type": "Feature", "properties": { "id": "47286688-655", "osm_way": 47286688, "name": "Donald Goodkind Bridge", "class": "trunk", "is_priority": true, "length_m": 4.5 }, "geometry": { "type": "LineString", "coordinates": [ [ -74.413847818112771, 40.48977013010645 ], [ -74.4138562, 40.4897299 ] ] } },
{ "type": "Feature", "properties": { "id": "47286690-656", "osm_way": 47286690, "name": "Morris Goodkind Bridge", "class": "trunk", "is_priority": true, "length_m": 200.0 }, "geometry": { "type": "LineString", "coordinates": [ [ -74.4134342, 40.4897308 ], [ -74.413066819220106, 40.491510586305829 ] ] } },
{ "type": "Feature", "properties": { "id": "47286690-657", "osm_way": 47286690, "name": "Morris Goodkind Bridge", "class": "trunk", "is_priority": true, "length_m": 200.0 }, "geometry": { "type": "LineString", "coordinates": [ [ -74.413066819220106, 40.491510586305829 ], [ -74.412699418476336, 40.493290370760988 ] ] } },
{ "type": "Feature", "properties": { "id": "47286690-658", "osm_way": 47286690, "name": "Morris Goodkind Bridge", "class": "trunk", "is_priority": true, "length_m": 7.9 }, "geometry": { "type": "LineString", "coordinates": [ [ -74.412699418476336, 40.493290370760988 ], [ -74.4126849, 40.4933607 ] ] } },
{ "type": "Feature", "properties": { "id": "47286692-659", "osm_way": 47286692, "name": "", "class": "trunk", "is_priority": true, "length_m": 200.0 }, "geometry": { "type": "LineString", "coordinates": [ [ -74.4138562, 40.4897299 ], [ -74.41395510000001, 40.48933 ], [ -74.4140311, 40.4890513 ], [ -74.4141088, 40.488817 ], [ -74.4141978, 40.4885677 ], [ -74.4143038, 40.4883375 ], [ -74.4144324, 40.4880825 ], [ -74.414480839021024, 40.487997431710149 ] ] } },
{ "type": "Feature", "properties": { "id": "47286692-660", "osm_way": 47286692, "name": "", "class": "trunk", "is_priority": true, "length_m": 122.1 }, "geometry": { "type": "LineString", "coordinates": [ [ -74.414480839021024, 40.487997431710149 ], [ -74.414577600000015, 40.4878275 ], [ -74.4146648, 40.4876766 ], [ -74.4147481, 40.4875333 ], [ -74.4148825, 40.48734120000001 ], [ -74.4150259, 40.4871421 ], [ -74.4151252, 40.4870149 ] ] } },
{ "type": "Feature", "properties": { "id": "51252768-661", "osm_way": 51252768, "name": "George Street", "class": "secondary", "is_priority": false, "length_m": 44.6 }, "geometry": { "type": "LineString", "coordinates": [ [ -74.4325956, 40.4841669 ], [ -74.4326105, 40.4842465 ], [ -74.4326109, 40.4843461 ], [ -74.4326242, 40.4845673 ] ] } },
{ "type": "Feature", "properties": { "id": "51252769-662", "osm_way": 51252769, "name": "", "class": "secondary_link", "is_priority": false, "length_m": 91.5 }, "geometry": { "type": "LineString", "coordinates": [ [ -74.4327165, 40.4845463 ], [ -74.4328046, 40.4842707 ], [ -74.4329053, 40.4841395 ], [ -74.4330126, 40.4840783 ], [ -74.4330884, 40.4840454 ], [ -74.4331689, 40.4840192 ], [ -74.4333608, 40.4839766 ] ] } },
{ "type": "Feature", "properties": { "id": "51252771-663", "osm_way": 51252771, "name": "", "class": "secondary", "is_priority": false, "length_m": 39.8 }, "geometry": { "type": "LineString", "coordinates": [ [ -74.4325956, 40.4841669 ], [ -74.432626500000012, 40.4841877 ], [ -74.432654, 40.4841976 ], [ -74.4326838, 40.4842021 ], [ -74.4327212, 40.484200199999989 ], [ -74.4327489, 40.4841928 ], [ -74.4327737, 40.484180799999983 ], [ -74.4327895, 40.4841691 ], [ -74.4328025, 40.4841555 ], [ -74.4328137, 40.484137 ], [ -74.4328195, 40.4841172 ], [ -74.4328198, 40.4840969 ], [ -74.4328145, 40.4840771 ], [ -74.4328036, 40.4840582 ], [ -74.4327877, 40.484041499999989 ], [ -74.4327631, 40.4840267 ], [ -74.4327331, 40.4840119 ] ] } },
{ "type": "Feature", "properties": { "id": "51252772-664", "osm_way": 51252772, "name": "", "class": "secondary_link", "is_priority": false, "length_m": 72.9 }, "geometry": { "type": "LineString", "coordinates": [ [ -74.4326242, 40.4845673 ], [ -74.4326055, 40.4846674 ], [ -74.4325721, 40.484747199999987 ], [ -74.432539, 40.4848043 ], [ -74.4325037, 40.484848 ], [ -74.4323764, 40.484956199999985 ], [ -74.4322367, 40.4850482 ], [ -74.4321705, 40.4850987 ] ] } },
{ "type": "Feature", "properties": { "id": "51252773-665", "osm_way": 51252773, "name": "", "class": "secondary_link", "is_priority": false, "length_m": 38.1 }, "geometry": { "type": "LineString", "coordinates": [ [ -74.4331495, 40.4854075 ], [ -74.4331751, 40.4853847 ], [ -74.4332256, 40.485343 ], [ -74.4332878, 40.4853094 ], [ -74.4333889, 40.4852866 ], [ -74.4335418, 40.4852731 ] ] } },
{ "type": "Feature", "properties": { "id": "51252774-666", "osm_way": 51252774, "name": "", "class": "motorway_link", "is_priority": false, "length_m": 200.0 }, "geometry": { "type": "LineString", "coordinates": [ [ -74.4328112, 40.486074 ], [ -74.4327127, 40.4862045 ], [ -74.4326772, 40.48625650000001 ], [ -74.4326372, 40.4863048 ], [ -74.4325961, 40.4863484 ], [ -74.4325486, 40.4863939 ], [ -74.4325175, 40.4864201 ], [ -74.4324681, 40.4864568 ], [ -74.432405, 40.4864951 ], [ -74.432337, 40.4865297 ], [ -74.4322666, 40.4865593 ], [ -74.4321931, 40.4865835 ], [ -74.4321249, 40.4866002 ], [ -74.4320458, 40.4866122 ], [ -74.4319763, 40.4866192 ], [ -74.4319095, 40.48662 ], [ -74.4318442, 40.4866172 ], [ -74.43178060000001, 40.486612 ], [ -74.4317116, 40.4866039 ], [ -74.4316399, 40.4865938 ], [ -74.430791439961965, 40.486464974449639 ] ] } },
{ "type": "Feature", "properties": { "id": "51252774-667", "osm_way": 51252774, "name": "", "class": "motorway_link", "is_priority": false, "length_m": 200.0 }, "geometry": { "type": "LineString", "coordinates": [ [ -74.430791439961965, 40.486464974449639 ], [ -74.4306645, 40.4864457 ], [ -74.4304773, 40.4864185 ], [ -74.4302907, 40.486392 ], [ -74.4301062, 40.4863653 ], [ -74.4299064, 40.4863363 ], [ -74.4297216, 40.4863092 ], [ -74.4295199, 40.4862789 ], [ -74.4293291, 40.4862481 ], [ -74.4291217, 40.4862129 ], [ -74.4288773, 40.486171 ], [ -74.428471561672751, 40.486145358827407 ] ] } },
{ "type": "Feature", "properties": { "id": "51252774-668", "osm_way": 51252774, "name": "", "class": "motorway_link", "is_priority": false, "length_m": 13.5 }, "geometry": { "type": "LineString", "coordinates": [ [ -74.428471561672751, 40.486145358827407 ], [ -74.4283124, 40.4861353 ] ] } },
{ "type": "Feature", "properties": { "id": "51252775-669", "osm_way": 51252775, "name": "George Street", "class": "tertiary", "is_priority": false, "length_m": 192.8 }, "geometry": { "type": "LineString", "coordinates": [ [ -74.4348561, 40.4841127 ], [ -74.4348209, 40.4840553 ], [ -74.4347101, 40.4839787 ], [ -74.4345858, 40.4839103 ], [ -74.4344717, 40.4838825 ], [ -74.4343477, 40.483860300000011 ], [ -74.4342893, 40.4838498 ], [ -74.4341948, 40.4838435 ], [ -74.4340989, 40.4838442 ], [ -74.433884, 40.4838579 ], [ -74.4331246, 40.4839236 ], [ -74.4330248, 40.4839336 ], [ -74.4328881, 40.4839791 ], [ -74.432808, 40.4839991 ], [ -74.4327331, 40.4840119 ] ] } },
{ "type": "Feature", "properties": { "id": "51252776-670", "osm_way": 51252776, "name": "George Street", "class": "tertiary", "is_priority": false, "length_m": 50.9 }, "geometry": { "type": "LineString", "coordinates": [ [ -74.4328195, 40.4841172 ], [ -74.4328618, 40.4840764 ], [ -74.4329082, 40.4840458 ], [ -74.4329692, 40.4840158 ], [ -74.4330217, 40.4839997 ], [ -74.4330756, 40.483988600000011 ], [ -74.4332501, 40.4839747 ], [ -74.4333608, 40.4839766 ] ] } },
{ "type": "Feature", "properties": { "id": "51252780-671", "osm_way": 51252780, "name": "", "class": "secondary", "is_priority": false, "length_m": 84.5 }, "geometry": { "type": "LineString", "coordinates": [ [ -74.432601, 40.486818199999988 ], [ -74.4327243, 40.4864354 ], [ -74.4327566, 40.4863059 ], [ -74.4328112, 40.486074 ] ] } },
{ "type": "Feature", "properties": { "id": "51252781-672", "osm_way": 51252781, "name": "", "class": "secondary_link", "is_priority": false, "length_m": 82.5 }, "geometry": { "type": "LineString", "coordinates": [ [ -74.432853, 40.4858919 ], [ -74.4329047, 40.4858276 ], [ -74.4330048, 40.485649 ], [ -74.4331495, 40.4854075 ], [ -74.43316, 40.4853782 ], [ -74.4331703, 40.4853449 ], [ -74.4331747, 40.4852968 ], [ -74.433163, 40.4852532 ], [ -74.4331321, 40.4852083 ] ] } },
{ "type": "Feature", "properties": { "id": "51252963-673", "osm_way": 51252963, "name": "", "class": "motorway_link", "is_priority": false, "length_m": 56.1 }, "geometry": { "type": "LineString", "coordinates": [ [ -74.4541895, 40.506288599999984 ], [ -74.4535271, 40.5062734 ] ] } },
{ "type": "Feature", "properties": { "id": "51252964-674", "osm_way": 51252964, "name": "", "class": "motorway_link", "is_priority": false, "length_m": 154.7 }, "geometry": { "type": "LineString", "coordinates": [ [ -74.4535271, 40.5062734 ], [ -74.4529713, 40.506254599999984 ], [ -74.4527415, 40.5062361 ], [ -74.4524349, 40.5061827 ], [ -74.4521772, 40.5061351 ], [ -74.4519324, 40.5060828 ], [ -74.4517393, 40.506032 ] ] } },
{ "type": "Feature", "properties": { "id": "55857753-675", "osm_way": 55857753, "name": "How Lane", "class": "secondary", "is_priority": false, "length_m": 14.3 }, "geometry": { "type": "LineString", "coordinates": [ [ -74.477425088912256, 40.467292447020363 ], [ -74.4775575, 40.46737190000001 ] ] } },
{ "type": "Feature", "properties": { "id": "55858548-676", "osm_way": 55858548, "name": "French Street", "class": "secondary", "is_priority": false, "length_m": 200.0 }, "geometry": { "type": "LineString", "coordinates": [ [ -74.4595377, 40.4899299 ], [ -74.4597271, 40.4898473 ], [ -74.4599059, 40.4897865 ], [ -74.460028200000011, 40.4897546 ], [ -74.4600879, 40.4897391 ], [ -74.4602332, 40.4897125 ], [ -74.4602848, 40.489703 ], [ -74.4607465, 40.489644 ], [ -74.4608287, 40.489633499999989 ], [ -74.461814767417323, 40.489507441628668 ] ] } },
{ "type": "Feature", "properties": { "id": "55858548-677", "osm_way": 55858548, "name": "French Street", "class": "secondary", "is_priority": false, "length_m": 17.4 }, "geometry": { "type": "LineString", "coordinates": [ [ -74.461814767417323, 40.489507441628668 ], [ -74.4620169, 40.4894816 ] ] } },
{ "type": "Feature", "properties": { "id": "55859633-678", "osm_way": 55859633, "name": "Albany Street", "class": "secondary", "is_priority": false, "length_m": 110.4 }, "geometry": { "type": "LineString", "coordinates": [ [ -74.4455607, 40.4964803 ], [ -74.4444767, 40.4966312 ], [ -74.4442796, 40.4966587 ] ] } },
{ "type": "Feature", "properties": { "id": "55860971-679", "osm_way": 55860971, "name": "Albany Street", "class": "secondary", "is_priority": false, "length_m": 52.3 }, "geometry": { "type": "LineString", "coordinates": [ [ -74.4443072, 40.4967595 ], [ -74.4445001, 40.4967335 ], [ -74.4449145, 40.4966775 ] ] } },
{ "type": "Feature", "properties": { "id": "56082222-680", "osm_way": 56082222, "name": "Landing Lane", "class": "tertiary", "is_priority": false, "length_m": 132.5 }, "geometry": { "type": "LineString", "coordinates": [ [ -74.4669462, 40.5048913 ], [ -74.466672, 40.5053547 ], [ -74.4666164, 40.5054316 ], [ -74.4661501, 40.505799599999989 ], [ -74.4661059, 40.505877799999986 ] ] } },
{ "type": "Feature", "properties": { "id": "56082227-681", "osm_way": 56082227, "name": "", "class": "motorway_link", "is_priority": false, "length_m": 200.0 }, "geometry": { "type": "LineString", "coordinates": [ [ -74.4528145, 40.5066355 ], [ -74.4540582, 40.5067266 ], [ -74.455124, 40.5068306 ], [ -74.455160053166168, 40.506835488785633 ] ] } },
{ "type": "Feature", "properties": { "id": "56082227-682", "osm_way": 56082227, "name": "", "class": "motorway_link", "is_priority": false, "length_m": 82.9 }, "geometry": { "type": "LineString", "coordinates": [ [ -74.455160053166168, 40.506835488785633 ], [ -74.4561233, 40.5069661 ] ] } },
{ "type": "Feature", "properties": { "id": "56082230-683", "osm_way": 56082230, "name": "", "class": "motorway_link", "is_priority": false, "length_m": 98.7 }, "geometry": { "type": "LineString", "coordinates": [ [ -74.4518536, 40.5057743 ], [ -74.4518021, 40.5060907 ], [ -74.4518128, 40.5061971 ], [ -74.4518387, 40.5062767 ], [ -74.4518758, 40.5063464 ], [ -74.4519576, 40.5064386 ], [ -74.4520427, 40.506501 ], [ -74.4521662, 40.5065478 ] ] } },
{ "type": "Feature", "properties": { "id": "56082231-684", "osm_way": 56082231, "name": "", "class": "motorway_link", "is_priority": false, "length_m": 75.2 }, "geometry": { "type": "LineString", "coordinates": [ [ -74.4465899, 40.503655 ], [ -74.4466456, 40.5036645 ], [ -74.4467069, 40.503671599999983 ], [ -74.4467687, 40.5036743 ], [ -74.4468327, 40.5036735 ], [ -74.446902, 40.5036686 ], [ -74.4470031, 40.5036596 ], [ -74.4474702, 40.5036126 ] ] } },
{ "type": "Feature", "properties": { "id": "56082234-685", "osm_way": 56082234, "name": "", "class": "motorway_link", "is_priority": false, "length_m": 200.0 }, "geometry": { "type": "LineString", "coordinates": [ [ -74.4500961, 40.5056504 ], [ -74.4509422, 40.5061002 ], [ -74.4517325, 40.5064847 ], [ -74.4519773, 40.5065826 ], [ -74.45208531208506, 40.506614560343138 ] ] } },
{ "type": "Feature", "properties": { "id": "56082234-686", "osm_way": 56082234, "name": "", "class": "motorway_link", "is_priority": false, "length_m": 200.0 }, "geometry": { "type": "LineString", "coordinates": [ [ -74.45208531208506, 40.506614560343138 ], [ -74.452199, 40.5066482 ], [ -74.452401400000014, 40.5066942 ], [ -74.4525942, 40.5067205 ], [ -74.4533196, 40.5067859 ], [ -74.4539759, 40.5068552 ], [ -74.454411798063305, 40.506891931483906 ] ] } },
{ "type": "Feature", "properties": { "id": "56082234-687", "osm_way": 56082234, "name": "", "class": "motorway_link", "is_priority": false, "length_m": 54.5 }, "geometry": { "type": "LineString", "coordinates": [ [ -74.454411798063305, 40.506891931483906 ], [ -74.4550511, 40.5069458 ] ] } },
{ "type": "Feature", "properties": { "id": "56082236-688", "osm_way": 56082236, "name": "New Street", "class": "residential", "is_priority": false, "length_m": 111.6 }, "geometry": { "type": "LineString", "coordinates": [ [ -74.4449679, 40.4924531 ], [ -74.445122200000014, 40.4924746 ], [ -74.4460054, 40.4925984 ], [ -74.446227, 40.492626199999989 ], [ -74.446264, 40.4926308 ] ] } },
{ "type": "Feature", "properties": { "id": "56082237-689", "osm_way": 56082237, "name": "", "class": "motorway_link", "is_priority": false, "length_m": 200.0 }, "geometry": { "type": "LineString", "coordinates": [ [ -74.4362216, 40.4884578 ], [ -74.4361213, 40.488386799999986 ], [ -74.4360192, 40.4883145 ], [ -74.4359035, 40.4882381 ], [ -74.4357936, 40.4881698 ], [ -74.4356938, 40.4881088 ], [ -74.4355771, 40.4880427 ], [ -74.4354705, 40.4879847 ], [ -74.4353342, 40.4879123 ], [ -74.4352165, 40.487852900000014 ], [ -74.4350956, 40.4877942 ], [ -74.4349559, 40.4877306 ], [ -74.4348203, 40.4876703 ], [ -74.4347042, 40.4876205 ], [ -74.4345859, 40.4875708 ], [ -74.434462600000018, 40.4875191 ], [ -74.4343247, 40.4874638 ], [ -74.43427977748054, 40.487446203959813 ] ] } },
{ "type": "Feature", "properties": { "id": "56082237-690", "osm_way": 56082237, "name": "", "class": "motorway_link", "is_priority": false, "length_m": 70.8 }, "geometry": { "type": "LineString", "coordinates": [ [ -74.43427977748054, 40.487446203959813 ], [ -74.4341922, 40.4874119 ], [ -74.4340603, 40.4873614 ], [ -74.4339437, 40.4873194 ], [ -74.43351, 40.4872018 ] ] } },
{ "type": "Feature", "properties": { "id": "56082238-691", "osm_way": 56082238, "name": "Route 18 Service Road", "class": "secondary", "is_priority": false, "length_m": 167.9 }, "geometry": { "type": "LineString", "coordinates": [ [ -74.4349729, 40.4881243 ], [ -74.4350827, 40.4881841 ], [ -74.4351652, 40.4882306 ], [ -74.4352745, 40.4882958 ], [ -74.4353889, 40.4883659 ], [ -74.4355198, 40.4884497 ], [ -74.4356516, 40.4885344 ], [ -74.4357697, 40.4886164 ], [ -74.4358813, 40.4886981 ], [ -74.4360199, 40.488800899999987 ], [ -74.4361243, 40.4888837 ], [ -74.4362475, 40.4889848 ], [ -74.436348100000018, 40.4890696 ], [ -74.4364316, 40.4891423 ] ] } },
{ "type": "Feature", "properties": { "id": "56082239-692", "osm_way": 56082239, "name": "George Street", "class": "tertiary", "is_priority": false, "length_m": 11.4 }, "geometry": { "type": "LineString", "coordinates": [ [ -74.4442796, 40.4966587 ], [ -74.4443072, 40.4967595 ] ] } },
{ "type": "Feature", "properties": { "id": "56082240-693", "osm_way": 56082240, "name": "", "class": "motorway_link", "is_priority": false, "length_m": 120.2 }, "geometry": { "type": "LineString", "coordinates": [ [ -74.4412479, 40.498297 ], [ -74.4411477, 40.4982944 ], [ -74.4410532, 40.4982922 ], [ -74.4409594, 40.498292 ], [ -74.4408454, 40.4982927 ], [ -74.4407971, 40.4982924 ], [ -74.440749200000013, 40.4982914 ], [ -74.4407, 40.4982873 ], [ -74.4406542, 40.4982782 ], [ -74.4406077, 40.498264 ], [ -74.4405633, 40.498243699999989 ], [ -74.4405231, 40.49821750000001 ], [ -74.4404882, 40.498189 ], [ -74.4404562, 40.4981551 ], [ -74.440433, 40.498121 ], [ -74.4404144, 40.4980884 ], [ -74.4403947, 40.498051 ], [ -74.4403806, 40.4980125 ], [ -74.4402523, 40.4977555 ] ] } },
{ "type": "Feature", "properties": { "id": "56082241-694", "osm_way": 56082241, "name": "", "class": "motorway_link", "is_priority": false, "length_m": 200.0 }, "geometry": { "type": "LineString", "coordinates": [ [ -74.4398423, 40.4961334 ], [ -74.4397854, 40.4957082 ], [ -74.4397441, 40.4955642 ], [ -74.4397029, 40.4954101 ], [ -74.439663400000015, 40.495269 ], [ -74.4396239, 40.4951223 ], [ -74.4395884, 40.4949824 ], [ -74.439553, 40.4948332 ], [ -74.439487400000019, 40.4945442 ], [ -74.439455635799717, 40.49435760430746 ] ] } },
{ "type": "Feature", "properties": { "id": "56082241-695", "osm_way": 56082241, "name": "", "class": "motorway_link", "is_priority": false, "length_m": 6.9 }, "geometry": { "type": "LineString", "coordinates": [ [ -74.439455635799717, 40.49435760430746 ], [ -74.4394452, 40.4942963 ] ] } },
{ "type": "Feature", "properties": { "id": "56082242-696", "osm_way": 56082242, "name": "Memorial Parkway", "class": "motorway", "is_priority": true, "length_m": 93.4 }, "geometry": { "type": "LineString", "coordinates": [ [ -74.440054800000013, 40.4969588 ], [ -74.4400056, 40.4967628 ], [ -74.439954, 40.4965599 ], [ -74.439899, 40.4963437 ], [ -74.4398423, 40.4961334 ] ] } },
{ "type": "Feature", "properties": { "id": "56082243-697", "osm_way": 56082243, "name": "State Route 18", "class": "trunk", "is_priority": true, "length_m": 180.9 }, "geometry": { "type": "LineString", "coordinates": [ [ -74.4283124, 40.4861353 ], [ -74.4276136, 40.486006 ], [ -74.4273364, 40.4859551 ], [ -74.4270555, 40.4859033 ], [ -74.4267738, 40.485852499999986 ], [ -74.4265121, 40.4858057 ], [ -74.42623660000001, 40.4857567 ] ] } },
{ "type": "Feature", "properties": { "id": "56082244-698", "osm_way": 56082244, "name": "Memorial Parkway", "class": "motorway", "is_priority": true, "length_m": 200.0 }, "geometry": { "type": "LineString", "coordinates": [ [ -74.4277542, 40.4861684 ], [ -74.4284292, 40.4862716 ], [ -74.429979, 40.4865541 ], [ -74.43005506158498, 40.486567406298889 ] ] } },
{ "type": "Feature", "properties": { "id": "56082244-699", "osm_way": 56082244, "name": "Memorial Parkway", "class": "motorway", "is_priority": true, "length_m": 200.0 }, "geometry": { "type": "LineString", "coordinates": [ [ -74.43005506158498, 40.486567406298889 ], [ -74.4302711, 40.4866052 ], [ -74.4305402, 40.486652 ], [ -74.4308048, 40.4866949 ], [ -74.43107980000002, 40.4867389 ], [ -74.4313481, 40.486785 ], [ -74.4315436, 40.4868193 ], [ -74.431718, 40.4868516 ], [ -74.4318882, 40.4868847 ], [ -74.4320575, 40.4869206 ], [ -74.4322315, 40.4869605 ], [ -74.432348758790752, 40.486987869512319 ] ] } },
{ "type": "Feature", "properties": { "id": "56082244-700", "osm_way": 56082244, "name": "Memorial Parkway", "class": "motorway", "is_priority": true, "length_m": 200.0 }, "geometry": { "type": "LineString", "coordinates": [ [ -74.432348758790752, 40.486987869512319 ], [ -74.432447, 40.4870108 ], [ -74.4326486, 40.4870608 ], [ -74.4328325, 40.487113 ], [ -74.4330387, 40.487173 ], [ -74.4332621, 40.4872398 ], [ -74.4334561, 40.4873022 ], [ -74.4336662, 40.4873729 ], [ -74.4338647, 40.4874418 ], [ -74.4340488, 40.4875123 ], [ -74.4341999, 40.4875713 ], [ -74.4343595, 40.4876354 ], [ -74.434509130704299, 40.487703456636034 ] ] } },
{ "type": "Feature", "properties": { "id": "56082244-701", "osm_way": 56082244, "name": "Memorial Parkway", "class": "motorway", "is_priority": true, "length_m": 200.0 }, "geometry": { "type": "LineString", "coordinates": [ [ -74.434509130704299, 40.487703456636034 ], [ -74.4345189, 40.4877079 ], [ -74.4346868, 40.4877864 ], [ -74.4348349, 40.4878604 ], [ -74.4349924, 40.4879409 ], [ -74.4351511, 40.4880272 ], [ -74.4353014, 40.4881113 ], [ -74.435443, 40.488195499999989 ], [ -74.4355916, 40.4882869 ], [ -74.4357424, 40.488386199999987 ], [ -74.4358875, 40.4884871 ], [ -74.4360174, 40.4885807 ], [ -74.4361632, 40.4886896 ], [ -74.4362924, 40.4887905 ], [ -74.43634073963203, 40.488829994923137 ] ] } },
{ "type": "Feature", "properties": { "id": "56082244-702", "osm_way": 56082244, "name": "Memorial Parkway", "class": "motorway", "is_priority": true, "length_m": 200.0 }, "geometry": { "type": "LineString", "coordinates": [ [ -74.43634073963203, 40.488829994923137 ], [ -74.4364028, 40.4888807 ], [ -74.4365021, 40.4889659 ], [ -74.4366127, 40.4890592 ], [ -74.4367188, 40.4891602 ], [ -74.4368404, 40.4892793 ], [ -74.4369364, 40.4893746 ], [ -74.4370444, 40.4894902 ], [ -74.4371692, 40.4896309 ], [ -74.4372742, 40.4897539 ], [ -74.4373624, 40.4898643 ], [ -74.4374613, 40.489988 ], [ -74.4375547, 40.4901214 ], [ -74.4376565, 40.4902682 ], [ -74.43768087900537, 40.49030519321078 ] ] } },
{ "type": "Feature", "properties": { "id": "56082244-703", "osm_way": 56082244, "name": "Memorial Parkway", "class": "motorway", "is_priority": true, "length_m": 200.0 }, "geometry": { "type": "LineString", "coordinates": [ [ -74.43768087900537, 40.49030519321078 ], [ -74.4377541, 40.4904163 ], [ -74.4378376, 40.4905568 ], [ -74.4379295, 40.4907119 ], [ -74.438413, 40.4915597 ], [ -74.4384772, 40.4916755 ], [ -74.438534, 40.4917801 ], [ -74.438584400000011, 40.491882 ], [ -74.43861981723866, 40.491957590957512 ] ] } },
{ "type": "Feature", "properties": { "id": "56082244-704", "osm_way": 56082244, "name": "Memorial Parkway", "class": "motorway", "is_priority": true, "length_m": 200.0 }, "geometry": { "type": "LineString", "coordinates": [ [ -74.43861981723866, 40.491957590957512 ], [ -74.4386328, 40.4919853 ], [ -74.4386791, 40.4920853 ], [ -74.4387223, 40.492185 ], [ -74.4387613, 40.4922845 ], [ -74.4388001, 40.4923985 ], [ -74.4388342, 40.4925039 ], [ -74.438867, 40.4926179 ], [ -74.4388939, 40.4927245 ], [ -74.4389169, 40.4928273 ], [ -74.4389403, 40.4929444 ], [ -74.4389647, 40.493073600000017 ], [ -74.4389931, 40.493233 ], [ -74.4390165, 40.4933787 ], [ -74.439067566190673, 40.493721310064522 ] ] } },
{ "type": "Feature", "properties": { "id": "56082244-705", "osm_way": 56082244, "name": "Memorial Parkway", "class": "motorway", "is_priority": true, "length_m": 200.0 }, "geometry": { "type": "LineString", "coordinates": [ [ -74.439067566190673, 40.493721310064522 ], [ -74.4391076, 40.49398990000001 ], [ -74.4391317, 40.494112 ], [ -74.4391548, 40.4942234 ], [ -74.4391852, 40.494347 ], [ -74.4392164, 40.494479099999985 ], [ -74.4392521, 40.4946032 ], [ -74.4392908, 40.49473660000001 ], [ -74.439336, 40.4948786 ], [ -74.439385300000012, 40.4950267 ], [ -74.439529644918196, 40.495486218187196 ] ] } },
{ "type": "Feature", "properties": { "id": "56082244-706", "osm_way": 56082244, "name": "Memorial Parkway", "class": "motorway", "is_priority": true, "length_m": 168.7 }, "geometry": { "type": "LineString", "coordinates": [ [ -74.439529644918196, 40.495486218187196 ], [ -74.4395728, 40.4956236 ], [ -74.4396199, 40.4957817 ], [ -74.4396694, 40.4959445 ], [ -74.4397109, 40.49609860000001 ], [ -74.4397517, 40.4962518 ], [ -74.4397868, 40.4963788 ], [ -74.4398294, 40.4965373 ], [ -74.4398654, 40.4966876 ], [ -74.4398968, 40.4968184 ], [ -74.4399324, 40.4969745 ] ] } },
{ "type": "Feature", "properties": { "id": "56082245-707", "osm_way": 56082245, "name": "Paul Robeson Boulevard", "class": "tertiary", "is_priority": false, "length_m": 62.1 }, "geometry": { "type": "LineString", "coordinates": [ [ -74.4371134, 40.4897194 ], [ -74.4371476, 40.4897009 ], [ -74.4373171, 40.4896091 ], [ -74.437402, 40.4895633 ], [ -74.4374718, 40.4895214 ], [ -74.4375487, 40.4894709 ], [ -74.4376219, 40.4894205 ], [ -74.437686, 40.4893723 ] ] } },
{ "type": "Feature", "properties": { "id": "56082271-708", "osm_way": 56082271, "name": "George Street", "class": "secondary", "is_priority": false, "length_m": 42.6 }, "geometry": { "type": "LineString", "coordinates": [ [ -74.4327165, 40.4845463 ], [ -74.4326849, 40.484431 ], [ -74.4326845, 40.484338 ], [ -74.4326943, 40.4842991 ], [ -74.4327095, 40.4842653 ], [ -74.4327314, 40.4842341 ], [ -74.4327737, 40.484180799999983 ] ] } },
{ "type": "Feature", "properties": { "id": "56082272-709", "osm_way": 56082272, "name": "", "class": "secondary", "is_priority": false, "length_m": 8.6 }, "geometry": { "type": "LineString", "coordinates": [ [ -74.4327331, 40.4840119 ], [ -74.4327218, 40.484012199999988 ], [ -74.4326803, 40.4840103 ], [ -74.4326566, 40.484014 ], [ -74.4326342, 40.4840211 ] ] } },
{ "type": "Feature", "properties": { "id": "56082274-710", "osm_way": 56082274, "name": "George Street", "class": "tertiary", "is_priority": false, "length_m": 73.4 }, "geometry": { "type": "LineString", "coordinates": [ [ -74.4333608, 40.4839766 ], [ -74.4336402, 40.4839559 ], [ -74.434222700000021, 40.4839109 ] ] } },
{ "type": "Feature", "properties": { "id": "56082277-711", "osm_way": 56082277, "name": "Paulus Boulevard West", "class": "residential", "is_priority": false, "length_m": 98.4 }, "geometry": { "type": "LineString", "coordinates": [ [ -74.4209614, 40.4864409 ], [ -74.4210199, 40.486487399999987 ], [ -74.4210451, 40.486504899999986 ], [ -74.4210702, 40.4865173 ], [ -74.4211001, 40.4865264 ], [ -74.4211331, 40.4865305 ], [ -74.4211702, 40.4865302 ], [ -74.4212078, 40.4865262 ], [ -74.4212413, 40.4865187 ], [ -74.4212689, 40.4865079 ], [ -74.4212976, 40.4864922 ], [ -74.4213234, 40.4864745 ], [ -74.4215936, 40.4862807 ], [ -74.4218462, 40.4860787 ] ] } },
{ "type": "Feature", "properties": { "id": "56082279-712", "osm_way": 56082279, "name": "", "class": "trunk_link", "is_priority": false, "length_m": 33.7 }, "geometry": { "type": "LineString", "coordinates": [ [ -74.4260549, 40.4854137 ], [ -74.4260023, 40.4855775 ], [ -74.4259951, 40.4856 ], [ -74.4259601, 40.4857089 ] ] } },
{ "type": "Feature", "properties": { "id": "56082280-713", "osm_way": 56082280, "name": "", "class": "trunk_link", "is_priority": false, "length_m": 44.2 }, "geometry": { "type": "LineString", "coordinates": [ [ -74.4151228, 40.4840541 ], [ -74.4151606, 40.484022 ], [ -74.4151874, 40.4840025 ], [ -74.4152175, 40.4839878 ], [ -74.4152457, 40.4839753 ], [ -74.4152865, 40.4839627 ], [ -74.415337, 40.4839522 ], [ -74.4153908, 40.4839451 ], [ -74.4155978, 40.4839267 ] ] } },
{ "type": "Feature", "properties": { "id": "56082281-714", "osm_way": 56082281, "name": "Paulus Boulevard West", "class": "residential", "is_priority": false, "length_m": 53.1 }, "geometry": { "type": "LineString", "coordinates": [ [ -74.4205307, 40.4860936 ], [ -74.4207221, 40.4862569 ], [ -74.4208869, 40.4863823 ], [ -74.4209614, 40.4864409 ] ] } },
{ "type": "Feature", "properties": { "id": "56082282-715", "osm_way": 56082282, "name": "Paulus Boulevard West", "class": "residential", "is_priority": false, "length_m": 85.6 }, "geometry": { "type": "LineString", "coordinates": [ [ -74.4218462, 40.4860787 ], [ -74.4216563, 40.4861696 ], [ -74.421593, 40.486195199999983 ], [ -74.421526, 40.4862203 ], [ -74.4211986, 40.4863267 ], [ -74.4211111, 40.4863544 ], [ -74.4210677, 40.4863715 ], [ -74.4210304, 40.486391200000014 ], [ -74.4209977, 40.4864133 ], [ -74.4209614, 40.4864409 ] ] } },
{ "type": "Feature", "properties": { "id": "56082291-716", "osm_way": 56082291, "name": "Tunison Road", "class": "residential", "is_priority": false, "length_m": 194.0 }, "geometry": { "type": "LineString", "coordinates": [ [ -74.4150067, 40.4840328 ], [ -74.4149213, 40.484127 ], [ -74.4148432, 40.484209 ], [ -74.4144618, 40.4846049 ], [ -74.413804, 40.4852877 ], [ -74.4137177, 40.4854692 ] ] } },
{ "type": "Feature", "properties": { "id": "59766538-717", "osm_way": 59766538, "name": "", "class": "secondary", "is_priority": false, "length_m": 20.6 }, "geometry": { "type": "LineString", "coordinates": [ [ -74.4328112, 40.486074 ], [ -74.4328497, 40.4859306 ], [ -74.432853, 40.4858919 ] ] } },
{ "type": "Feature", "properties": { "id": "60510603-718", "osm_way": 60510603, "name": "Easton Avenue", "class": "tertiary", "is_priority": false, "length_m": 124.4 }, "geometry": { "type": "LineString", "coordinates": [ [ -74.4478004, 40.497406299999987 ], [ -74.4477044, 40.4973524 ], [ -74.447629, 40.49731 ], [ -74.44733, 40.497105 ], [ -74.446928, 40.496829 ], [ -74.4468137, 40.4967539 ], [ -74.446691, 40.4966732 ] ] } },
{ "type": "Feature", "properties": { "id": "60650253-719", "osm_way": 60650253, "name": "Dudley Road", "class": "residential", "is_priority": false, "length_m": 200.0 }, "geometry": { "type": "LineString", "coordinates": [ [ -74.4305593, 40.48063530000001 ], [ -74.431016, 40.480585 ], [ -74.4312538, 40.4805771 ], [ -74.4313621, 40.480541899999984 ], [ -74.431415, 40.480522 ], [ -74.431897, 40.480217 ], [ -74.4321638, 40.4800823 ], [ -74.4322413, 40.4800537 ], [ -74.4323528, 40.4800277 ], [ -74.432682814045819, 40.479983924544342 ] ] } },
{ "type": "Feature", "properties": { "id": "60650253-720", "osm_way": 60650253, "name": "Dudley Road", "class": "residential", "is_priority": false, "length_m": 200.0 }, "geometry": { "type": "LineString", "coordinates": [ [ -74.432682814045819, 40.479983924544342 ], [ -74.4327124, 40.47998 ], [ -74.4328601, 40.4799582 ], [ -74.433327, 40.4799 ], [ -74.4336429, 40.4798554 ], [ -74.433742, 40.479815099999989 ], [ -74.4338223, 40.4797667 ], [ -74.4339036, 40.4797082 ], [ -74.4339875, 40.4796314 ], [ -74.4341945, 40.479331 ], [ -74.4343309, 40.4791718 ], [ -74.4344654, 40.479079 ], [ -74.434508795679378, 40.479056374937649 ] ] } },
{ "type": "Feature", "properties": { "id": "60650253-721", "osm_way": 60650253, "name": "Dudley Road", "class": "residential", "is_priority": false, "length_m": 192.2 }, "geometry": { "type": "LineString", "coordinates": [ [ -74.434508795679378, 40.479056374937649 ], [ -74.4346058, 40.47900580000001 ], [ -74.434773, 40.478949 ], [ -74.4349234, 40.4789165 ], [ -74.435106, 40.4789044 ], [ -74.4352214, 40.4789077 ], [ -74.4353157, 40.4789126 ], [ -74.4354518, 40.4789223 ], [ -74.4356359, 40.4789318 ], [ -74.4358631, 40.4789482 ], [ -74.4363273, 40.478973 ], [ -74.436626, 40.4790004 ], [ -74.4367275, 40.479003 ] ] } },
{ "type": "Feature", "properties": { "id": "60659275-722", "osm_way": 60659275, "name": "Paulus Boulevard West", "class": "residential", "is_priority": false, "length_m": 14.7 }, "geometry": { "type": "LineString", "coordinates": [ [ -74.4228452, 40.4852615 ], [ -74.4227425, 40.4853686 ] ] } },
{ "type": "Feature", "properties": { "id": "60659284-723", "osm_way": 60659284, "name": "State Route 18", "class": "trunk", "is_priority": true, "length_m": 198.9 }, "geometry": { "type": "LineString", "coordinates": [ [ -74.4220617, 40.4851358 ], [ -74.4211511, 40.4849896 ], [ -74.4210066, 40.4849658 ], [ -74.4208611, 40.4849395 ], [ -74.4207144, 40.4849047 ], [ -74.4205708, 40.4848635 ], [ -74.4204508, 40.4848183 ], [ -74.4203228, 40.4847597 ], [ -74.4202251, 40.484710899999989 ], [ -74.4201123, 40.4846432 ], [ -74.4200112, 40.4845776 ], [ -74.4199143, 40.4845046 ] ] } },
{ "type": "Feature", "properties": { "id": "60659322-724", "osm_way": 60659322, "name": "George Street", "class": "secondary", "is_priority": false, "length_m": 75.5 }, "geometry": { "type": "LineString", "coordinates": [ [ -74.432816200000019, 40.4852225 ], [ -74.4328052, 40.485121099999986 ], [ -74.4327165, 40.4845463 ] ] } },
{ "type": "Feature", "properties": { "id": "60659342-725", "osm_way": 60659342, "name": "", "class": "secondary", "is_priority": false, "length_m": 74.9 }, "geometry": { "type": "LineString", "coordinates": [ [ -74.432853, 40.4858919 ], [ -74.4328807, 40.4858153 ], [ -74.4328759, 40.485765 ], [ -74.4328268, 40.485328 ], [ -74.432816200000019, 40.4852225 ] ] } },
{ "type": "Feature", "properties": { "id": "60659348-726", "osm_way": 60659348, "name": "State Route 18", "class": "trunk", "is_priority": true, "length_m": 194.6 }, "geometry": { "type": "LineString", "coordinates": [ [ -74.422811200000012, 40.4853798 ], [ -74.4229806, 40.4854042 ], [ -74.4247991, 40.4856534 ], [ -74.4250705, 40.4856914 ] ] } },
{ "type": "Feature", "properties": { "id": "60872401-727", "osm_way": 60872401, "name": "Memorial Parkway", "class": "motorway", "is_priority": true, "length_m": 200.0 }, "geometry": { "type": "LineString", "coordinates": [ [ -74.4398423, 40.4961334 ], [ -74.4396848, 40.4956066 ], [ -74.4394472, 40.4948258 ], [ -74.4394147, 40.4947178 ], [ -74.439375, 40.4945712 ], [ -74.4393464, 40.4944533 ], [ -74.43932893099101, 40.494375030693178 ] ] } },
{ "type": "Feature", "properties": { "id": "60872401-728", "osm_way": 60872401, "name": "Memorial Parkway", "class": "motorway", "is_priority": true, "length_m": 200.0 }, "geometry": { "type": "LineString", "coordinates": [ [ -74.43932893099101, 40.494375030693178 ], [ -74.4393208, 40.4943386 ], [ -74.439302, 40.4942331 ], [ -74.4392804, 40.4940959 ], [ -74.4391307, 40.4930755 ], [ -74.4391115, 40.4929504 ], [ -74.4390895, 40.4928362 ], [ -74.4390631, 40.492708 ], [ -74.439032384805358, 40.492588068990891 ] ] } },
{ "type": "Feature", "properties": { "id": "60872401-729", "osm_way": 60872401, "name": "Memorial Parkway", "class": "motorway", "is_priority": true, "length_m": 200.0 }, "geometry": { "type": "LineString", "coordinates": [ [ -74.439032384805358, 40.492588068990891 ], [ -74.4390306, 40.4925811 ], [ -74.4389934, 40.4924534 ], [ -74.4389482, 40.4923253 ], [ -74.4389023, 40.4922027 ], [ -74.4388515, 40.492083299999983 ], [ -74.4387946, 40.4919598 ], [ -74.438729100000018, 40.4918274 ], [ -74.4386613, 40.491697399999985 ], [ -74.4385874, 40.4915698 ], [ -74.4385073, 40.491432899999985 ], [ -74.438187196048389, 40.490910995125411 ] ] } },
{ "type": "Feature", "properties": { "id": "60872401-730", "osm_way": 60872401, "name": "Memorial Parkway", "class": "motorway", "is_priority": true, "length_m": 200.0 }, "geometry": { "type": "LineString", "coordinates": [ [ -74.438187196048389, 40.490910995125411 ], [ -74.4380216, 40.490641 ], [ -74.4379091, 40.490464 ], [ -74.4378321, 40.4903408 ], [ -74.4377481, 40.4902161 ], [ -74.4376739, 40.49010650000001 ], [ -74.4375945, 40.4899973 ], [ -74.4375133, 40.489887899999985 ], [ -74.4374336, 40.4897835 ], [ -74.437348300000011, 40.4896762 ], [ -74.4372432, 40.4895537 ], [ -74.4371436, 40.4894445 ], [ -74.437061400000019, 40.4893582 ], [ -74.437043347011226, 40.489339087287853 ] ] } },
{ "type": "Feature", "properties": { "id": "60872401-731", "osm_way": 60872401, "name": "Memorial Parkway", "class": "motorway", "is_priority": true, "length_m": 200.0 }, "geometry": { "type": "LineString", "coordinates": [ [ -74.437043347011226, 40.489339087287853 ], [ -74.4369643, 40.4892554 ], [ -74.4368662, 40.4891608 ], [ -74.4367468, 40.4890468 ], [ -74.4366256, 40.4889398 ], [ -74.4365017, 40.4888345 ], [ -74.4363925, 40.4887459 ], [ -74.4362803, 40.488654 ], [ -74.4361708, 40.4885706 ], [ -74.4360403, 40.4884754 ], [ -74.4359297, 40.4883964 ], [ -74.4357947, 40.488304799999987 ], [ -74.4356866, 40.4882323 ], [ -74.4355757, 40.4881622 ], [ -74.4354582, 40.4880906 ], [ -74.435397614677754, 40.488056184700845 ] ] } },
{ "type": "Feature", "properties": { "id": "60872401-732", "osm_way": 60872401, "name": "Memorial Parkway", "class": "motorway", "is_priority": true, "length_m": 186.3 }, "geometry": { "type": "LineString", "coordinates": [ [ -74.435397614677754, 40.488056184700845 ], [ -74.4353399, 40.4880234 ], [ -74.435222, 40.4879567 ], [ -74.4350901, 40.4878854 ], [ -74.4349648, 40.4878208 ], [ -74.4348546, 40.4877658 ], [ -74.4347424, 40.4877102 ], [ -74.4346276, 40.4876562 ], [ -74.4345027, 40.4875993 ], [ -74.4343908, 40.4875497 ], [ -74.4342478, 40.4874899 ], [ -74.4340754, 40.4874211 ], [ -74.4339183, 40.4873601 ], [ -74.43351, 40.4872018 ] ] } },
{ "type": "Feature", "properties": { "id": "61081671-733", "osm_way": 61081671, "name": "Easton Avenue", "class": "tertiary", "is_priority": false, "length_m": 24.9 }, "geometry": { "type": "LineString", "coordinates": [ [ -74.4669462, 40.5048913 ], [ -74.4672066, 40.5049955 ] ] } },
{ "type": "Feature", "properties": { "id": "61096103-734", "osm_way": 61096103, "name": "Burnet Street", "class": "tertiary", "is_priority": false, "length_m": 200.0 }, "geometry": { "type": "LineString", "coordinates": [ [ -74.4123918, 40.4834413 ], [ -74.4124542, 40.483489300000016 ], [ -74.4125261, 40.4835373 ], [ -74.4126084, 40.4835864 ], [ -74.4126915, 40.4836293 ], [ -74.4127635, 40.4836626 ], [ -74.4128366, 40.48369 ], [ -74.4129158, 40.4837118 ], [ -74.4129753, 40.4837251 ], [ -74.4130694, 40.4837416 ], [ -74.4134601, 40.4838012 ], [ -74.414604136932311, 40.483965463781523 ] ] } },
{ "type": "Feature", "properties": { "id": "61096103-735", "osm_way": 61096103, "name": "Burnet Street", "class": "tertiary", "is_priority": false, "length_m": 34.9 }, "geometry": { "type": "LineString", "coordinates": [ [ -74.414604136932311, 40.483965463781523 ], [ -74.4147611, 40.483988 ], [ -74.4148778, 40.484008 ], [ -74.4150067, 40.4840328 ] ] } },
{ "type": "Feature", "properties": { "id": "61096104-736", "osm_way": 61096104, "name": "Burnet Street", "class": "tertiary", "is_priority": false, "length_m": 13.9 }, "geometry": { "type": "LineString", "coordinates": [ [ -74.412280422210927, 40.483349908089423 ], [ -74.4123918, 40.4834413 ] ] } },
{ "type": "Feature", "properties": { "id": "61109062-737", "osm_way": 61109062, "name": "College Farm Road", "class": "unclassified", "is_priority": false, "length_m": 200.0 }, "geometry": { "type": "LineString", "coordinates": [ [ -74.4367275, 40.479003 ], [ -74.4367261, 40.4789407 ], [ -74.4367287, 40.4789187 ], [ -74.4367697, 40.4785675 ], [ -74.4368609, 40.4777883 ], [ -74.4369039, 40.4774497 ], [ -74.436927168043226, 40.477208077428038 ] ] } },
{ "type": "Feature", "properties": { "id": "61109062-738", "osm_way": 61109062, "name": "College Farm Road", "class": "unclassified", "is_priority": false, "length_m": 27.6 }, "geometry": { "type": "LineString", "coordinates": [ [ -74.436927168043226, 40.477208077428038 ], [ -74.4369294, 40.4771849 ], [ -74.436937487386018, 40.476959560039788 ] ] } },
{ "type": "Feature", "properties": { "id": "61230564-739", "osm_way": 61230564, "name": "George Street", "class": "tertiary", "is_priority": false, "length_m": 84.1 }, "geometry": { "type": "LineString", "coordinates": [ [ -74.4525615, 40.50592120000001 ], [ -74.452441, 40.5058829 ], [ -74.4524192, 40.505873 ], [ -74.4523647, 40.505849 ], [ -74.4517724, 40.5054686 ] ] } },
{ "type": "Feature", "properties": { "id": "61260956-740", "osm_way": 61260956, "name": "Bayard Street", "class": "residential", "is_priority": false, "length_m": 168.7 }, "geometry": { "type": "LineString", "coordinates": [ [ -74.4498962, 40.4935309 ], [ -74.4500288, 40.493511 ], [ -74.4503749, 40.493462399999984 ], [ -74.4509803, 40.4933773 ], [ -74.451380700000016, 40.4933158 ], [ -74.4514611, 40.4933077 ], [ -74.451531, 40.4933082 ], [ -74.4515964, 40.49331440000001 ], [ -74.4516961, 40.4933287 ], [ -74.4517469, 40.4933482 ], [ -74.4517771, 40.493353 ], [ -74.4518367, 40.4933856 ] ] } },
{ "type": "Feature", "properties": { "id": "61260961-741", "osm_way": 61260961, "name": "Nichol Avenue", "class": "residential", "is_priority": false, "length_m": 200.0 }, "geometry": { "type": "LineString", "coordinates": [ [ -74.441028500000016, 40.481413 ], [ -74.441333500000013, 40.4811177 ], [ -74.441559, 40.4809033 ], [ -74.4416127, 40.4808522 ], [ -74.441671, 40.4807963 ], [ -74.4418854, 40.4805906 ], [ -74.4421793, 40.4803049 ], [ -74.442228, 40.480261 ], [ -74.442297, 40.480196 ], [ -74.442492687894315, 40.48000019798166 ] ] } },
{ "type": "Feature", "properties": { "id": "61260961-742", "osm_way": 61260961, "name": "Nichol Avenue", "class": "residential", "is_priority": false, "length_m": 43.8 }, "geometry": { "type": "LineString", "coordinates": [ [ -74.442492687894315, 40.48000019798166 ], [ -74.4428061, 40.4796866 ] ] } },
{ "type": "Feature", "properties": { "id": "61260963-743", "osm_way": 61260963, "name": "Sandford Street", "class": "residential", "is_priority": false, "length_m": 200.0 }, "geometry": { "type": "LineString", "coordinates": [ [ -74.4522983, 40.4854643 ], [ -74.4524074, 40.48553110000001 ], [ -74.4540738, 40.4865478 ], [ -74.454141632943447, 40.486589225967748 ] ] } },
{ "type": "Feature", "properties": { "id": "61260963-744", "osm_way": 61260963, "name": "Sandford Street", "class": "residential", "is_priority": false, "length_m": 175.3 }, "geometry": { "type": "LineString", "coordinates": [ [ -74.454141632943447, 40.486589225967748 ], [ -74.454156, 40.486598 ], [ -74.4542135, 40.486632899999989 ], [ -74.455761, 40.487571 ] ] } },
{ "type": "Feature", "properties": { "id": "61260967-745", "osm_way": 61260967, "name": "Joyce Kilmer Avenue", "class": "residential", "is_priority": false, "length_m": 200.0 }, "geometry": { "type": "LineString", "coordinates": [ [ -74.4511747, 40.4894213 ], [ -74.4512286, 40.489368 ], [ -74.4516902, 40.4889265 ], [ -74.4517447, 40.4888742 ], [ -74.4518051, 40.4888159 ], [ -74.4522759, 40.4883614 ], [ -74.452333100000018, 40.4883062 ], [ -74.4523842, 40.4882575 ], [ -74.452643240811454, 40.488010932580423 ] ] } },
{ "type": "Feature", "properties": { "id": "61260967-746", "osm_way": 61260967, "name": "Joyce Kilmer Avenue", "class": "residential", "is_priority": false, "length_m": 200.0 }, "geometry": { "type": "LineString", "coordinates": [ [ -74.452643240811454, 40.488010932580423 ], [ -74.4528702, 40.4877949 ], [ -74.4529205, 40.4877469 ], [ -74.4529732, 40.4876994 ], [ -74.4534616, 40.4872586 ], [ -74.453554, 40.487174 ], [ -74.4536128, 40.4871178 ], [ -74.4540804, 40.4866703 ], [ -74.454136918923922, 40.486616248191481 ] ] } },
{ "type": "Feature", "properties": { "id": "61260967-747", "osm_way": 61260967, "name": "Joyce Kilmer Avenue", "class": "residential", "is_priority": false, "length_m": 161.7 }, "geometry": { "type": "LineString", "coordinates": [ [ -74.454136918923922, 40.486616248191481 ], [ -74.454156, 40.486598 ], [ -74.4542044, 40.4865502 ], [ -74.4546635, 40.4860967 ], [ -74.454722100000012, 40.4860388 ], [ -74.4547761, 40.485987 ], [ -74.4552523, 40.48553 ], [ -74.4553133, 40.4854694 ] ] } },
{ "type": "Feature", "properties": { "id": "61260968-748", "osm_way": 61260968, "name": "Somerset Street", "class": "residential", "is_priority": false, "length_m": 200.0 }, "geometry": { "type": "LineString", "coordinates": [ [ -74.4478004, 40.497406299999987 ], [ -74.447871, 40.4973653 ], [ -74.449202, 40.496592 ], [ -74.4492917, 40.4965401 ], [ -74.449601, 40.4963609 ], [ -74.449679075833529, 40.496315693130633 ] ] } },
{ "type": "Feature", "properties": { "id": "61260969-749", "osm_way": 61260969, "name": "New Street", "class": "residential", "is_priority": false, "length_m": 181.5 }, "geometry": { "type": "LineString", "coordinates": [ [ -74.447645, 40.4928174 ], [ -74.4477887, 40.4928361 ], [ -74.4483221, 40.4929039 ], [ -74.4483602, 40.4929088 ], [ -74.4497576, 40.4930864 ] ] } },
{ "type": "Feature", "properties": { "id": "61260971-750", "osm_way": 61260971, "name": "Courtlandt Street", "class": "residential", "is_priority": false, "length_m": 200.0 }, "geometry": { "type": "LineString", "coordinates": [ [ -74.4577518, 40.4989078 ], [ -74.4573374, 40.4995293 ], [ -74.4571799, 40.4997705 ], [ -74.456919, 40.50017 ], [ -74.45669310930468, 40.500518114857719 ] ] } },
{ "type": "Feature", "properties": { "id": "61260971-751", "osm_way": 61260971, "name": "Courtlandt Street", "class": "residential", "is_priority": false, "length_m": 37.6 }, "geometry": { "type": "LineString", "coordinates": [ [ -74.45669310930468, 40.500518114857719 ], [ -74.4565416, 40.5007516 ], [ -74.4564985, 40.5008222 ] ] } },
{ "type": "Feature", "properties": { "id": "61260973-752", "osm_way": 61260973, "name": "Handy Street", "class": "residential", "is_priority": false, "length_m": 178.9 }, "geometry": { "type": "LineString", "coordinates": [ [ -74.4511747, 40.4894213 ], [ -74.4512554, 40.4894707 ], [ -74.4516301, 40.4897003 ], [ -74.4516413, 40.4897072 ], [ -74.4517626, 40.4897814 ], [ -74.4526885, 40.4903487 ], [ -74.4528209, 40.4904298 ] ] } },
{ "type": "Feature", "properties": { "id": "61260976-753", "osm_way": 61260976, "name": "Somerset Street", "class": "residential", "is_priority": false, "length_m": 200.0 }, "geometry": { "type": "LineString", "coordinates": [ [ -74.4599091, 40.4910042 ], [ -74.4600911, 40.4909123 ], [ -74.4603909, 40.4907608 ], [ -74.4611062, 40.490401099999985 ], [ -74.4615255, 40.4901761 ], [ -74.4618017, 40.490039599999989 ], [ -74.461871260491776, 40.490003413022961 ] ] } },
{ "type": "Feature", "properties": { "id": "61260976-754", "osm_way": 61260976, "name": "Somerset Street", "class": "residential", "is_priority": false, "length_m": 84.1 }, "geometry": { "type": "LineString", "coordinates": [ [ -74.461871260491776, 40.490003413022961 ], [ -74.4618734, 40.4900023 ], [ -74.462474700000016, 40.4896897 ], [ -74.4626968, 40.489584 ] ] } },
{ "type": "Feature", "properties": { "id": "62151337-755", "osm_way": 62151337, "name": "French Street", "class": "secondary", "is_priority": false, "length_m": 85.5 }, "geometry": { "type": "LineString", "coordinates": [ [ -74.4548156, 40.4916556 ], [ -74.4549207, 40.4916193 ], [ -74.4557503, 40.4913652 ] ] } },
{ "type": "Feature", "properties": { "id": "62151400-756", "osm_way": 62151400, "name": "Albany Street", "class": "secondary", "is_priority": false, "length_m": 41.8 }, "geometry": { "type": "LineString", "coordinates": [ [ -74.439775, 40.4972682 ], [ -74.4402616, 40.4972086 ] ] } },
{ "type": "Feature", "properties": { "id": "88982021-757", "osm_way": 88982021, "name": "", "class": "motorway_link", "is_priority": false, "length_m": 23.1 }, "geometry": { "type": "LineString", "coordinates": [ [ -74.403037045427041, 40.480017256366516 ], [ -74.4029295, 40.4802084 ] ] } },
{ "type": "Feature", "properties": { "id": "88982039-758", "osm_way": 88982039, "name": "", "class": "motorway_link", "is_priority": false, "length_m": 22.2 }, "geometry": { "type": "LineString", "coordinates": [ [ -74.403335350410032, 40.480118401304388 ], [ -74.4032165, 40.4802962 ] ] } },
{ "type": "Feature", "properties": { "id": "88982040-759", "osm_way": 88982040, "name": "", "class": "motorway_link", "is_priority": false, "length_m": 74.0 }, "geometry": { "type": "LineString", "coordinates": [ [ -74.4029295, 40.4802084 ], [ -74.4028276, 40.4804002 ], [ -74.4026238, 40.4808327 ] ] } },
{ "type": "Feature", "properties": { "id": "88982043-760", "osm_way": 88982043, "name": "", "class": "motorway_link", "is_priority": false, "length_m": 59.0 }, "geometry": { "type": "LineString", "coordinates": [ [ -74.4032165, 40.4802962 ], [ -74.4030603, 40.4805456 ], [ -74.4029791, 40.480793 ] ] } },
{ "type": "Feature", "properties": { "id": "116570292-761", "osm_way": 116570292, "name": "State Route 18", "class": "trunk", "is_priority": true, "length_m": 200.0 }, "geometry": { "type": "LineString", "coordinates": [ [ -74.4133034, 40.4828387 ], [ -74.4133885, 40.482889900000011 ], [ -74.4134767, 40.482941 ], [ -74.4135815, 40.4829974 ], [ -74.4136894, 40.483049699999988 ], [ -74.4137908, 40.4830972 ], [ -74.4138838, 40.4831333 ], [ -74.4139821, 40.4831669 ], [ -74.4140779, 40.4831961 ], [ -74.4141898, 40.4832249 ], [ -74.4143143, 40.4832509 ], [ -74.4144139, 40.483267299999987 ], [ -74.4145116, 40.4832801 ], [ -74.414627, 40.4832888 ], [ -74.4147267, 40.4832933 ], [ -74.4148244, 40.4832944 ], [ -74.4149296, 40.4832931 ], [ -74.4150168, 40.4832868 ], [ -74.4151123, 40.4832774 ], [ -74.4152149, 40.4832647 ], [ -74.4153268, 40.4832429 ], [ -74.4154418, 40.4832187 ], [ -74.415499541443594, 40.483203853730885 ] ] } },
{ "type": "Feature", "properties": { "id": "116570292-762", "osm_way": 116570292, "name": "State Route 18", "class": "trunk", "is_priority": true, "length_m": 15.5 }, "geometry": { "type": "LineString", "coordinates": [ [ -74.415499541443594, 40.483203853730885 ], [ -74.4155507, 40.4831907 ], [ -74.4156729, 40.4831585 ] ] } },
{ "type": "Feature", "properties": { "id": "116570300-763", "osm_way": 116570300, "name": "State Route 18", "class": "trunk", "is_priority": true, "length_m": 101.7 }, "geometry": { "type": "LineString", "coordinates": [ [ -74.4168435, 40.4829091 ], [ -74.4169229, 40.4829075 ], [ -74.417022900000021, 40.4829076 ], [ -74.4171254, 40.482911900000012 ], [ -74.4172307, 40.4829203 ], [ -74.4173264, 40.482933 ], [ -74.4174158, 40.4829487 ], [ -74.4175233, 40.482972599999982 ], [ -74.4176275, 40.482999200000016 ], [ -74.4177247, 40.483028899999987 ], [ -74.4178139, 40.48306 ], [ -74.4179063, 40.4830998 ], [ -74.4179835, 40.4831393 ] ] } },
{ "type": "Feature", "properties": { "id": "116629245-764", "osm_way": 116629245, "name": "", "class": "trunk", "is_priority": true, "length_m": 200.0 }, "geometry": { "type": "LineString", "coordinates": [ [ -74.423513171586322, 40.477965210373924 ], [ -74.4222495, 40.4789924 ], [ -74.4220626, 40.4791464 ], [ -74.421902661002989, 40.479281937381941 ] ] } },
{ "type": "Feature", "properties": { "id": "116629245-765", "osm_way": 116629245, "name": "", "class": "trunk", "is_priority": true, "length_m": 28.2 }, "geometry": { "type": "LineString", "coordinates": [ [ -74.421902661002989, 40.479281937381941 ], [ -74.4218699, 40.4793097 ], [ -74.421681, 40.4794717 ] ] } },
{ "type": "Feature", "properties": { "id": "116629252-766", "osm_way": 116629252, "name": "", "class": "trunk", "is_priority": true, "length_m": 200.0 }, "geometry": { "type": "LineString", "coordinates": [ [ -74.4164652, 40.485457 ], [ -74.4166125, 40.4852642 ], [ -74.4169405, 40.4848827 ], [ -74.4172598, 40.484514 ], [ -74.4175816, 40.4841458 ], [ -74.417755698172613, 40.483948966148802 ] ] } },
{ "type": "Feature", "properties": { "id": "116629252-767", "osm_way": 116629252, "name": "", "class": "trunk", "is_priority": true, "length_m": 200.0 }, "geometry": { "type": "LineString", "coordinates": [ [ -74.417755698172613, 40.483948966148802 ], [ -74.4179078, 40.483777 ], [ -74.4182488, 40.4833906 ], [ -74.418544, 40.4830484 ], [ -74.419062503360536, 40.48244877032274 ] ] } },
{ "type": "Feature", "properties": { "id": "116629252-768", "osm_way": 116629252, "name": "", "class": "trunk", "is_priority": true, "length_m": 116.7 }, "geometry": { "type": "LineString", "coordinates": [ [ -74.419062503360536, 40.48244877032274 ], [ -74.4195218, 40.4819176 ], [ -74.4198386, 40.481580399999984 ] ] } },
{ "type": "Feature", "properties": { "id": "122603970-769", "osm_way": 122603970, "name": "Memorial Parkway", "class": "motorway", "is_priority": true, "length_m": 200.0 }, "geometry": { "type": "LineString", "coordinates": [ [ -74.43351, 40.4872018 ], [ -74.4333539, 40.48715270000001 ], [ -74.4331508, 40.4870897 ], [ -74.4329325, 40.4870253 ], [ -74.4327186, 40.4869668 ], [ -74.4325157, 40.4869149 ], [ -74.4323021, 40.4868636 ], [ -74.4321434, 40.4868281 ], [ -74.4319768, 40.4867926 ], [ -74.4316867, 40.4867346 ], [ -74.4314084, 40.486684 ], [ -74.431263582961236, 40.48665953845093 ] ] } },
{ "type": "Feature", "properties": { "id": "122603970-770", "osm_way": 122603970, "name": "Memorial Parkway", "class": "motorway", "is_priority": true, "length_m": 200.0 }, "geometry": { "type": "LineString", "coordinates": [ [ -74.431263582961236, 40.48665953845093 ], [ -74.4311266, 40.4866364 ], [ -74.4308386, 40.4865895 ], [ -74.4305581, 40.486542 ], [ -74.4302781, 40.4864945 ], [ -74.4299984, 40.4864446 ], [ -74.4297165, 40.4863937 ], [ -74.4294419, 40.4863428 ], [ -74.4291566, 40.4862904 ], [ -74.428964339290118, 40.486254428281505 ] ] } },
{ "type": "Feature", "properties": { "id": "122603970-771", "osm_way": 122603970, "name": "Memorial Parkway", "class": "motorway", "is_priority": true, "length_m": 56.8 }, "geometry": { "type": "LineString", "coordinates": [ [ -74.428964339290118, 40.486254428281505 ], [ -74.428876, 40.4862379 ], [ -74.4283124, 40.4861353 ] ] } },
{ "type": "Feature", "properties": { "id": "132503891-772", "osm_way": 132503891, "name": "Landing Lane", "class": "tertiary", "is_priority": false, "length_m": 1.9 }, "geometry": { "type": "LineString", "coordinates": [ [ -74.463697525009636, 40.509139718686427 ], [ -74.4637039, 40.5091236 ] ] } },
{ "type": "Feature", "properties": { "id": "149698020-773", "osm_way": 149698020, "name": "Railroad Avenue", "class": "residential", "is_priority": false, "length_m": 200.0 }, "geometry": { "type": "LineString", "coordinates": [ [ -74.455761, 40.487571 ], [ -74.4558128, 40.4875255 ], [ -74.4563082, 40.4870897 ], [ -74.4563634, 40.4870411 ], [ -74.4564221, 40.4869878 ], [ -74.45691020000001, 40.4865446 ], [ -74.4569803, 40.4864809 ], [ -74.4570255, 40.4864375 ], [ -74.457280525366528, 40.486192772025412 ] ] } },
{ "type": "Feature", "properties": { "id": "149698020-774", "osm_way": 149698020, "name": "Railroad Avenue", "class": "residential", "is_priority": false, "length_m": 200.0 }, "geometry": { "type": "LineString", "coordinates": [ [ -74.457280525366528, 40.486192772025412 ], [ -74.4574961, 40.4859859 ], [ -74.4575461, 40.485938 ], [ -74.457608, 40.4858785 ], [ -74.4581315, 40.4853752 ], [ -74.4587202, 40.4848303 ], [ -74.458762530478253, 40.484790754172828 ] ] } },
{ "type": "Feature", "properties": { "id": "149698020-775", "osm_way": 149698020, "name": "Railroad Avenue", "class": "residential", "is_priority": false, "length_m": 136.1 }, "geometry": { "type": "LineString", "coordinates": [ [ -74.458762530478253, 40.484790754172828 ], [ -74.4597785, 40.4838416 ] ] } },
{ "type": "Feature", "properties": { "id": "182887135-776", "osm_way": 182887135, "name": "Abeel Street", "class": "residential", "is_priority": false, "length_m": 77.6 }, "geometry": { "type": "LineString", "coordinates": [ [ -74.4406358, 40.4897912 ], [ -74.4406696, 40.4898346 ], [ -74.4406759, 40.4898428 ], [ -74.441001, 40.4903857 ], [ -74.441024100000021, 40.4904244 ] ] } },
{ "type": "Feature", "properties": { "id": "182887242-777", "osm_way": 182887242, "name": "Chapel Drive", "class": "residential", "is_priority": false, "length_m": 141.8 }, "geometry": { "type": "LineString", "coordinates": [ [ -74.4358814, 40.4863222 ], [ -74.4361, 40.4861169 ], [ -74.4361344, 40.4860832 ], [ -74.4364137, 40.4858238 ], [ -74.4368479, 40.4854017 ], [ -74.436921, 40.485321399999982 ] ] } },
{ "type": "Feature", "properties": { "id": "201332101-778", "osm_way": 201332101, "name": "Paterson Street", "class": "residential", "is_priority": false, "length_m": 135.2 }, "geometry": { "type": "LineString", "coordinates": [ [ -74.4504636, 40.494205 ], [ -74.4500048, 40.4942745 ], [ -74.449853, 40.4942975 ], [ -74.4497379, 40.494315 ], [ -74.4489243, 40.4944383 ], [ -74.4488992, 40.4944421 ] ] } },
{ "type": "Feature", "properties": { "id": "272967356-779", "osm_way": 272967356, "name": "Neilson Street", "class": "residential", "is_priority": false, "length_m": 200.0 }, "geometry": { "type": "LineString", "coordinates": [ [ -74.4404715, 40.490613 ], [ -74.4400948, 40.4900522 ], [ -74.4400698, 40.4900129 ], [ -74.440047, 40.489977 ], [ -74.4400307, 40.4899539 ], [ -74.4397336, 40.4894926 ], [ -74.439694, 40.489433 ], [ -74.4396784, 40.4894089 ], [ -74.4396713, 40.4893979 ], [ -74.4395984, 40.4892853 ], [ -74.4394908, 40.489119100000011 ], [ -74.439414962138656, 40.489001976283788 ] ] } },
{ "type": "Feature", "properties": { "id": "272967356-780", "osm_way": 272967356, "name": "Neilson Street", "class": "residential", "is_priority": false, "length_m": 98.4 }, "geometry": { "type": "LineString", "coordinates": [ [ -74.439414962138656, 40.489001976283788 ], [ -74.4392836, 40.4887991 ], [ -74.4392505, 40.488748 ], [ -74.4391818, 40.488639100000015 ], [ -74.4389669, 40.4882993 ], [ -74.4389017, 40.4882072 ] ] } },
{ "type": "Feature", "properties": { "id": "272967360-781", "osm_way": 272967360, "name": "Neilson Street", "class": "residential", "is_priority": false, "length_m": 200.0 }, "geometry": { "type": "LineString", "coordinates": [ [ -74.4413448, 40.4924289 ], [ -74.4413375, 40.492375399999986 ], [ -74.4412861, 40.4920655 ], [ -74.4412479, 40.4919605 ], [ -74.4411006, 40.4917163 ], [ -74.4410569, 40.4916369 ], [ -74.4410284, 40.491585300000011 ], [ -74.4407912, 40.4911432 ], [ -74.440550636294049, 40.490745688375029 ] ] } },
{ "type": "Feature", "properties": { "id": "272967360-782", "osm_way": 272967360, "name": "Neilson Street", "class": "residential", "is_priority": false, "length_m": 16.2 }, "geometry": { "type": "LineString", "coordinates": [ [ -74.440550636294049, 40.490745688375029 ], [ -74.4405245, 40.490702499999983 ], [ -74.4404715, 40.490613 ] ] } },
{ "type": "Feature", "properties": { "id": "280040227-783", "osm_way": 280040227, "name": "George Street", "class": "primary", "is_priority": true, "length_m": 200.0 }, "geometry": { "type": "LineString", "coordinates": [ [ -74.4601692, 40.5072698 ], [ -74.4612813, 40.5074154 ], [ -74.4617186, 40.5074734 ], [ -74.4623512, 40.507551 ], [ -74.462496844680118, 40.507569370337819 ] ] } },
{ "type": "Feature", "properties": { "id": "280040227-784", "osm_way": 280040227, "name": "George Street", "class": "primary", "is_priority": true, "length_m": 129.1 }, "geometry": { "type": "LineString", "coordinates": [ [ -74.462496844680118, 40.507569370337819 ], [ -74.4629601, 40.5076278 ], [ -74.4635222, 40.507667599999984 ], [ -74.4638052, 40.5076876 ], [ -74.4639044, 40.5076946 ], [ -74.4639571, 40.5076889 ], [ -74.4640076, 40.5076779 ] ] } },
{ "type": "Feature", "properties": { "id": "283835707-785", "osm_way": 283835707, "name": "Paterson Street", "class": "residential", "is_priority": false, "length_m": 75.0 }, "geometry": { "type": "LineString", "coordinates": [ [ -74.4451834, 40.494986099999984 ], [ -74.4451011, 40.494998299999985 ], [ -74.4443145, 40.495114599999987 ] ] } },
{ "type": "Feature", "properties": { "id": "293038532-786", "osm_way": 293038532, "name": "Riverside Drive", "class": "residential", "is_priority": false, "length_m": 69.6 }, "geometry": { "type": "LineString", "coordinates": [ [ -74.4396913, 40.4925348 ], [ -74.4396881, 40.4924609 ], [ -74.4396645, 40.4919892 ], [ -74.4396642, 40.4919794 ], [ -74.4396557, 40.4919082 ] ] } },
{ "type": "Feature", "properties": { "id": "297436208-787", "osm_way": 297436208, "name": "Jersey Avenue", "class": "tertiary", "is_priority": false, "length_m": 200.0 }, "geometry": { "type": "LineString", "coordinates": [ [ -74.457558, 40.4886709 ], [ -74.4577497, 40.488489 ], [ -74.4581345, 40.4881238 ], [ -74.4584607, 40.4878177 ], [ -74.4588678, 40.4874356 ], [ -74.4588878, 40.4874168 ], [ -74.459042198534533, 40.487270119601213 ] ] } },
{ "type": "Feature", "properties": { "id": "297436208-788", "osm_way": 297436208, "name": "Jersey Avenue", "class": "tertiary", "is_priority": false, "length_m": 200.0 }, "geometry": { "type": "LineString", "coordinates": [ [ -74.459042198534533, 40.487270119601213 ], [ -74.459428, 40.486903599999984 ], [ -74.4599489, 40.486408699999984 ], [ -74.4600686, 40.4863075 ], [ -74.460532, 40.4859962 ], [ -74.460619520066814, 40.485937407497708 ] ] } },
{ "type": "Feature", "properties": { "id": "297436208-789", "osm_way": 297436208, "name": "Jersey Avenue", "class": "tertiary", "is_priority": false, "length_m": 200.0 }, "geometry": { "type": "LineString", "coordinates": [ [ -74.460619520066814, 40.485937407497708 ], [ -74.4615834, 40.4852899 ], [ -74.4623287, 40.4847953 ], [ -74.462395294177455, 40.4847508416727 ] ] } },
{ "type": "Feature", "properties": { "id": "297436208-790", "osm_way": 297436208, "name": "Jersey Avenue", "class": "tertiary", "is_priority": false, "length_m": 200.0 }, "geometry": { "type": "LineString", "coordinates": [ [ -74.462395294177455, 40.4847508416727 ], [ -74.4630721, 40.484299 ], [ -74.4631488, 40.4842398 ], [ -74.463304, 40.48412 ], [ -74.4633665, 40.4840664 ], [ -74.463613, 40.483855 ], [ -74.464041, 40.483487 ], [ -74.464055952402859, 40.483475009238141 ] ] } },
{ "type": "Feature", "properties": { "id": "297436208-791", "osm_way": 297436208, "name": "Jersey Avenue", "class": "tertiary", "is_priority": false, "length_m": 200.0 }, "geometry": { "type": "LineString", "coordinates": [ [ -74.464055952402859, 40.483475009238141 ], [ -74.4645267, 40.4830975 ], [ -74.4645636, 40.4830658 ], [ -74.4648511, 40.4828192 ], [ -74.4654402, 40.4823139 ], [ -74.4655851, 40.4821891 ], [ -74.465641782597359, 40.482141084979865 ] ] } },
{ "type": "Feature", "properties": { "id": "297436208-792", "osm_way": 297436208, "name": "Jersey Avenue", "class": "tertiary", "is_priority": false, "length_m": 13.7 }, "geometry": { "type": "LineString", "coordinates": [ [ -74.465641782597359, 40.482141084979865 ], [ -74.4657499, 40.4820495 ] ] } },
{ "type": "Feature", "properties": { "id": "297436213-793", "osm_way": 297436213, "name": "Sandford Street", "class": "residential", "is_priority": false, "length_m": 200.0 }, "geometry": { "type": "LineString", "coordinates": [ [ -74.457558, 40.4886709 ], [ -74.4591173, 40.4896279 ], [ -74.459378941714789, 40.489815861163436 ] ] } },
{ "type": "Feature", "properties": { "id": "297436213-794", "osm_way": 297436213, "name": "Sandford Street", "class": "residential", "is_priority": false, "length_m": 18.5 }, "geometry": { "type": "LineString", "coordinates": [ [ -74.459378941714789, 40.489815861163436 ], [ -74.4594305, 40.4898529 ], [ -74.4595377, 40.4899299 ] ] } },
{ "type": "Feature", "properties": { "id": "309285655-795", "osm_way": 309285655, "name": "Alder Court", "class": "residential", "is_priority": false, "length_m": 61.1 }, "geometry": { "type": "LineString", "coordinates": [ [ -74.4532339, 40.4787793 ], [ -74.452795200000011, 40.4792165 ] ] } },
{ "type": "Feature", "properties": { "id": "309285656-796", "osm_way": 309285656, "name": "Birch Court", "class": "residential", "is_priority": false, "length_m": 62.1 }, "geometry": { "type": "LineString", "coordinates": [ [ -74.4523369, 40.4796527 ], [ -74.452795200000011, 40.4792165 ] ] } },
{ "type": "Feature", "properties": { "id": "309285657-797", "osm_way": 309285657, "name": "Cedar Court", "class": "residential", "is_priority": false, "length_m": 153.3 }, "geometry": { "type": "LineString", "coordinates": [ [ -74.4518003, 40.4790948 ], [ -74.4514441, 40.4788764 ], [ -74.4513012, 40.4787888 ], [ -74.4511281, 40.4786827 ], [ -74.450799, 40.4784808 ], [ -74.4504707, 40.4787934 ] ] } },
{ "type": "Feature", "properties": { "id": "309285658-798", "osm_way": 309285658, "name": "Dogwood Court", "class": "residential", "is_priority": false, "length_m": 146.1 }, "geometry": { "type": "LineString", "coordinates": [ [ -74.4503752, 40.4787351 ], [ -74.4501306, 40.4789704 ], [ -74.4500993, 40.4789918 ], [ -74.4500711, 40.4789978 ], [ -74.4500414, 40.4789942 ], [ -74.4500132, 40.4789799 ], [ -74.4493384, 40.478569 ], [ -74.4495378, 40.4783667 ] ] } },
{ "type": "Feature", "properties": { "id": "309285659-799", "osm_way": 309285659, "name": "Evergreen Drive", "class": "residential", "is_priority": false, "length_m": 200.0 }, "geometry": { "type": "LineString", "coordinates": [ [ -74.452545, 40.4784316 ], [ -74.4521567, 40.4788151 ], [ -74.4519375, 40.4790032 ], [ -74.451831, 40.4790818 ], [ -74.4518003, 40.4790948 ], [ -74.4517746, 40.4791056 ], [ -74.4512423, 40.4791676 ], [ -74.4511671, 40.4791628 ], [ -74.451054400000018, 40.4791366 ], [ -74.4509354, 40.4790771 ], [ -74.450694478642049, 40.478930017704492 ] ] } },
{ "type": "Feature", "properties": { "id": "309285659-800", "osm_way": 309285659, "name": "Evergreen Drive", "class": "residential", "is_priority": false, "length_m": 91.5 }, "geometry": { "type": "LineString", "coordinates": [ [ -74.450694478642049, 40.478930017704492 ], [ -74.4504707, 40.4787934 ], [ -74.4503752, 40.4787351 ], [ -74.4500518, 40.4785378 ], [ -74.4498838, 40.4784352 ], [ -74.4498472, 40.4784195 ] ] } },
{ "type": "Feature", "properties": { "id": "309285660-801", "osm_way": 309285660, "name": "Fernwood Court", "class": "residential", "is_priority": false, "length_m": 141.7 }, "geometry": { "type": "LineString", "coordinates": [ [ -74.4500518, 40.4785378 ], [ -74.4504984, 40.4780976 ], [ -74.4503278, 40.4779964 ], [ -74.4499329, 40.4783867 ], [ -74.4498838, 40.4784352 ] ] } },
{ "type": "Feature", "properties": { "id": "309285661-802", "osm_way": 309285661, "name": "Hickory Drive", "class": "residential", "is_priority": false, "length_m": 70.1 }, "geometry": { "type": "LineString", "coordinates": [ [ -74.4521567, 40.4788151 ], [ -74.452795200000011, 40.4792165 ] ] } },
{ "type": "Feature", "properties": { "id": "309285933-803", "osm_way": 309285933, "name": "Hope Manor Drive", "class": "residential", "is_priority": false, "length_m": 188.5 }, "geometry": { "type": "LineString", "coordinates": [ [ -74.4422766, 40.4906888 ], [ -74.442341, 40.4906672 ], [ -74.4425444, 40.490599 ], [ -74.442593, 40.4905829 ], [ -74.4426324, 40.49056980000001 ], [ -74.4427182, 40.4904994 ], [ -74.4432871, 40.490077 ], [ -74.4432984, 40.4900496 ], [ -74.44312, 40.4897646 ], [ -74.4428425, 40.4895847 ], [ -74.4427652, 40.4895346 ] ] } },
{ "type": "Feature", "properties": { "id": "331768367-804", "osm_way": 331768367, "name": "Clifton Avenue", "class": "residential", "is_priority": false, "length_m": 162.7 }, "geometry": { "type": "LineString", "coordinates": [ [ -74.4207266, 40.4825971 ], [ -74.4202162, 40.4830828 ], [ -74.4199435, 40.4833863 ], [ -74.4197156, 40.4836773 ], [ -74.4196657, 40.4837268 ], [ -74.4195861, 40.4837678 ] ] } },
{ "type": "Feature", "properties": { "id": "353034593-805", "osm_way": 353034593, "name": "Hampton Road", "class": "residential", "is_priority": false, "length_m": 200.0 }, "geometry": { "type": "LineString", "coordinates": [ [ -74.4883721, 40.4737918 ], [ -74.4880814, 40.474154 ], [ -74.4880078, 40.47425 ], [ -74.4878745, 40.4744165 ], [ -74.4877106, 40.4746214 ], [ -74.4875931, 40.4747681 ], [ -74.4875662, 40.4748017 ], [ -74.4874703, 40.4749179 ], [ -74.4874118, 40.474988799999984 ], [ -74.4873018, 40.4750116 ], [ -74.4869182, 40.4750912 ], [ -74.486908602189501, 40.475091697995659 ] ] } },
{ "type": "Feature", "properties": { "id": "353034593-806", "osm_way": 353034593, "name": "Hampton Road", "class": "residential", "is_priority": false, "length_m": 166.8 }, "geometry": { "type": "LineString", "coordinates": [ [ -74.486908602189501, 40.475091697995659 ], [ -74.4866291, 40.4751062 ], [ -74.4863653, 40.475246799999987 ], [ -74.4861952, 40.4754572 ], [ -74.4861301, 40.4755377 ], [ -74.4859483, 40.4757217 ], [ -74.4857334, 40.4759392 ], [ -74.4855876, 40.4761036 ] ] } },
{ "type": "Feature", "properties": { "id": "353072513-807", "osm_way": 353072513, "name": "", "class": "residential", "is_priority": false, "length_m": 29.8 }, "geometry": { "type": "LineString", "coordinates": [ [ -74.4735931, 40.4833036 ], [ -74.4738786, 40.4831463 ] ] } },
{ "type": "Feature", "properties": { "id": "359289474-808", "osm_way": 359289474, "name": "Elijah's Way", "class": "residential", "is_priority": false, "length_m": 53.4 }, "geometry": { "type": "LineString", "coordinates": [ [ -74.4398163, 40.4885355 ], [ -74.4397582, 40.4885573 ], [ -74.4397299, 40.4885679 ], [ -74.4393442, 40.4887128 ], [ -74.4392505, 40.488748 ] ] } },
{ "type": "Feature", "properties": { "id": "371490360-809", "osm_way": 371490360, "name": "", "class": "residential", "is_priority": false, "length_m": 37.0 }, "geometry": { "type": "LineString", "coordinates": [ [ -74.4468523, 40.4956012 ], [ -74.4469087, 40.4958706 ], [ -74.4469212, 40.4959304 ] ] } },
{ "type": "Feature", "properties": { "id": "371490606-810", "osm_way": 371490606, "name": "Kirkpatrick Street", "class": "residential", "is_priority": false, "length_m": 94.4 }, "geometry": { "type": "LineString", "coordinates": [ [ -74.4467056, 40.4947636 ], [ -74.4467188, 40.494825 ], [ -74.4467929, 40.4951709 ], [ -74.4468739, 40.495519 ], [ -74.4468695, 40.4955358 ], [ -74.4468553, 40.495579900000017 ], [ -74.4468523, 40.4956012 ] ] } },
{ "type": "Feature", "properties": { "id": "371490607-811", "osm_way": 371490607, "name": "Paterson Street", "class": "residential", "is_priority": false, "length_m": 131.3 }, "geometry": { "type": "LineString", "coordinates": [ [ -74.4467056, 40.4947636 ], [ -74.4466369, 40.4947736 ], [ -74.4452828, 40.4949716 ], [ -74.4451834, 40.494986099999984 ] ] } },
{ "type": "Feature", "properties": { "id": "374622073-812", "osm_way": 374622073, "name": "College Avenue", "class": "residential", "is_priority": false, "length_m": 82.7 }, "geometry": { "type": "LineString", "coordinates": [ [ -74.447657, 40.499026 ], [ -74.4477215, 40.4990927 ], [ -74.4478322, 40.4992073 ], [ -74.4482457, 40.4996201 ] ] } },
{ "type": "Feature", "properties": { "id": "374622077-813", "osm_way": 374622077, "name": "George Street", "class": "tertiary", "is_priority": false, "length_m": 200.0 }, "geometry": { "type": "LineString", "coordinates": [ [ -74.4454253, 40.5002781 ], [ -74.4456205, 40.5006609 ], [ -74.4459125, 40.5012297 ], [ -74.4461032, 40.50160120000001 ], [ -74.446285840861947, 40.501955836737856 ] ] } },
{ "type": "Feature", "properties": { "id": "374622077-814", "osm_way": 374622077, "name": "George Street", "class": "tertiary", "is_priority": false, "length_m": 200.0 }, "geometry": { "type": "LineString", "coordinates": [ [ -74.446285840861947, 40.501955836737856 ], [ -74.4462885, 40.501961 ], [ -74.4464195, 40.5021944 ], [ -74.4465822, 40.5024891 ], [ -74.4466064, 40.502533099999987 ], [ -74.4466313, 40.5025736 ], [ -74.4466639, 40.5026166 ], [ -74.4466975, 40.5026569 ], [ -74.4467307, 40.5026917 ], [ -74.4467725, 40.5027293 ], [ -74.4468151, 40.5027625 ], [ -74.4468605, 40.5027962 ], [ -74.4469055, 40.502825 ], [ -74.4469567, 40.502853399999985 ], [ -74.4471807, 40.502976399999987 ], [ -74.447292600000011, 40.5030398 ], [ -74.4475136, 40.5031649 ], [ -74.44775145647192, 40.503298189211485 ] ] } },
{ "type": "Feature", "properties": { "id": "374622077-815", "osm_way": 374622077, "name": "George Street", "class": "tertiary", "is_priority": false, "length_m": 0.7 }, "geometry": { "type": "LineString", "coordinates": [ [ -74.44775145647192, 40.503298189211485 ], [ -74.4477579, 40.503301799999988 ] ] } },
{ "type": "Feature", "properties": { "id": "374622078-816", "osm_way": 374622078, "name": "George Street", "class": "tertiary", "is_priority": false, "length_m": 102.8 }, "geometry": { "type": "LineString", "coordinates": [ [ -74.444755, 40.4983425 ], [ -74.4448934, 40.4988303 ], [ -74.445016900000013, 40.4992463 ] ] } },
{ "type": "Feature", "properties": { "id": "374622079-817", "osm_way": 374622079, "name": "Hamilton Street", "class": "tertiary", "is_priority": false, "length_m": 88.0 }, "geometry": { "type": "LineString", "coordinates": [ [ -74.4483992, 40.4988057 ], [ -74.4484776, 40.4987818 ], [ -74.4487187, 40.4987103 ], [ -74.4487619, 40.4986975 ], [ -74.4488768, 40.498662500000016 ], [ -74.449365, 40.4985138 ] ] } },
{ "type": "Feature", "properties": { "id": "374622081-818", "osm_way": 374622081, "name": "Somerset Street", "class": "residential", "is_priority": false, "length_m": 81.2 }, "geometry": { "type": "LineString", "coordinates": [ [ -74.4469118, 40.4976799 ], [ -74.4470291, 40.497644 ], [ -74.4474107, 40.4975263 ], [ -74.44768160000001, 40.4974429 ], [ -74.4478004, 40.497406299999987 ] ] } },
{ "type": "Feature", "properties": { "id": "375617849-819", "osm_way": 375617849, "name": "Paterson Street", "class": "residential", "is_priority": false, "length_m": 68.7 }, "geometry": { "type": "LineString", "coordinates": [ [ -74.447503, 40.4946538 ], [ -74.4474324, 40.4946578 ], [ -74.4473314, 40.4946725 ], [ -74.4468433, 40.494743599999985 ], [ -74.4467056, 40.4947636 ] ] } },
{ "type": "Feature", "properties": { "id": "375631263-820", "osm_way": 375631263, "name": "Easton Avenue", "class": "tertiary", "is_priority": false, "length_m": 200.0 }, "geometry": { "type": "LineString", "coordinates": [ [ -74.4478004, 40.497406299999987 ], [ -74.4478972, 40.4974445 ], [ -74.448412200000021, 40.497647899999983 ], [ -74.448588, 40.4977173 ], [ -74.4490845, 40.4979143 ], [ -74.449895328398327, 40.498236181710084 ] ] } },
{ "type": "Feature", "properties": { "id": "375631263-821", "osm_way": 375631263, "name": "Easton Avenue", "class": "tertiary", "is_priority": false, "length_m": 14.1 }, "geometry": { "type": "LineString", "coordinates": [ [ -74.449895328398327, 40.498236181710084 ], [ -74.449945, 40.4982559 ], [ -74.4500438, 40.4982938 ] ] } },
{ "type": "Feature", "properties": { "id": "375631264-822", "osm_way": 375631264, "name": "Easton Avenue", "class": "tertiary", "is_priority": false, "length_m": 200.0 }, "geometry": { "type": "LineString", "coordinates": [ [ -74.4624642, 40.5031515 ], [ -74.4625316, 40.5031777 ], [ -74.464567389726355, 40.503969389115738 ] ] } },
{ "type": "Feature", "properties": { "id": "375631264-823", "osm_way": 375631264, "name": "Easton Avenue", "class": "tertiary", "is_priority": false, "length_m": 137.3 }, "geometry": { "type": "LineString", "coordinates": [ [ -74.464567389726355, 40.503969389115738 ], [ -74.4647986, 40.5040593 ], [ -74.4648568, 40.5040819 ], [ -74.4649315, 40.5041109 ], [ -74.464974, 40.5041275 ], [ -74.4660117, 40.504531 ] ] } },
{ "type": "Feature", "properties": { "id": "375631266-824", "osm_way": 375631266, "name": "George Street", "class": "tertiary", "is_priority": false, "length_m": 141.1 }, "geometry": { "type": "LineString", "coordinates": [ [ -74.4418579, 40.4900807 ], [ -74.4418974, 40.490138 ], [ -74.4422766, 40.4906888 ], [ -74.442371, 40.4908385 ], [ -74.4426085, 40.4912149 ] ] } },
{ "type": "Feature", "properties": { "id": "375631268-825", "osm_way": 375631268, "name": "Remsen Avenue", "class": "residential", "is_priority": false, "length_m": 200.0 }, "geometry": { "type": "LineString", "coordinates": [ [ -74.4490542, 40.483498 ], [ -74.4491167, 40.4834365 ], [ -74.449619, 40.482943 ], [ -74.4496876, 40.4828799 ], [ -74.4499331, 40.4826541 ], [ -74.4500033, 40.4825895 ], [ -74.450221, 40.482389299999987 ], [ -74.4502817, 40.4823318 ], [ -74.450532576348564, 40.482093934708551 ] ] } },
{ "type": "Feature", "properties": { "id": "375631268-826", "osm_way": 375631268, "name": "Remsen Avenue", "class": "residential", "is_priority": false, "length_m": 37.8 }, "geometry": { "type": "LineString", "coordinates": [ [ -74.450532576348564, 40.482093934708551 ], [ -74.450812, 40.481829 ] ] } },
{ "type": "Feature", "properties": { "id": "375631269-827", "osm_way": 375631269, "name": "Sandford Street", "class": "residential", "is_priority": false, "length_m": 200.0 }, "geometry": { "type": "LineString", "coordinates": [ [ -74.4490542, 40.483498 ], [ -74.4491585, 40.4835612 ], [ -74.4495802, 40.4838166 ], [ -74.4499423, 40.4840359 ], [ -74.4505864, 40.484426 ], [ -74.4506601, 40.484470699999989 ], [ -74.450749400000021, 40.4845249 ], [ -74.450902717776842, 40.4846179026313 ] ] } },
{ "type": "Feature", "properties": { "id": "375631269-828", "osm_way": 375631269, "name": "Sandford Street", "class": "residential", "is_priority": false, "length_m": 151.1 }, "geometry": { "type": "LineString", "coordinates": [ [ -74.450902717776842, 40.4846179026313 ], [ -74.4516716, 40.4850843 ], [ -74.4521845, 40.4853954 ], [ -74.4522983, 40.4854643 ] ] } },
{ "type": "Feature", "properties": { "id": "377219195-829", "osm_way": 377219195, "name": "Nassau Street", "class": "residential", "is_priority": false, "length_m": 2.7 }, "geometry": { "type": "LineString", "coordinates": [ [ -74.460811130717261, 40.477224415834094 ], [ -74.4608367, 40.4772395 ] ] } },
{ "type": "Feature", "properties": { "id": "377220600-830", "osm_way": 377220600, "name": "Easton Avenue", "class": "tertiary", "is_priority": false, "length_m": 45.0 }, "geometry": { "type": "LineString", "coordinates": [ [ -74.4583749, 40.5015554 ], [ -74.4584434, 40.501583 ], [ -74.4588493, 40.5017371 ] ] } },
{ "type": "Feature", "properties": { "id": "377220601-831", "osm_way": 377220601, "name": "Huntington Street", "class": "residential", "is_priority": false, "length_m": 200.0 }, "geometry": { "type": "LineString", "coordinates": [ [ -74.455498100000014, 40.504182699999987 ], [ -74.4563844, 40.503627 ], [ -74.4570243, 40.50326 ], [ -74.4570931, 40.5032221 ], [ -74.4571664, 40.5031807 ], [ -74.457354130171339, 40.503070254206001 ] ] } },
{ "type": "Feature", "properties": { "id": "377220601-832", "osm_way": 377220601, "name": "Huntington Street", "class": "residential", "is_priority": false, "length_m": 200.0 }, "geometry": { "type": "LineString", "coordinates": [ [ -74.457354130171339, 40.503070254206001 ], [ -74.4574353, 40.5030225 ], [ -74.4588063, 40.5022169 ], [ -74.4589732, 40.5021178 ], [ -74.459199600000019, 40.5019806 ], [ -74.459219392023016, 40.501966349762114 ] ] } },
{ "type": "Feature", "properties": { "id": "377220601-833", "osm_way": 377220601, "name": "Huntington Street", "class": "residential", "is_priority": false, "length_m": 9.1 }, "geometry": { "type": "LineString", "coordinates": [ [ -74.459219392023016, 40.501966349762114 ], [ -74.4592971, 40.5019104 ] ] } },
{ "type": "Feature", "properties": { "id": "377220604-834", "osm_way": 377220604, "name": "Richardson Street", "class": "residential", "is_priority": false, "length_m": 200.0 }, "geometry": { "type": "LineString", "coordinates": [ [ -74.4549233, 40.5036039 ], [ -74.4549915, 40.5035633 ], [ -74.4564512, 40.5026936 ], [ -74.456521, 40.502652 ], [ -74.4565868, 40.5026131 ], [ -74.456784681654625, 40.502495979110748 ] ] } },
{ "type": "Feature", "properties": { "id": "377220604-835", "osm_way": 377220604, "name": "Richardson Street", "class": "residential", "is_priority": false, "length_m": 170.5 }, "geometry": { "type": "LineString", "coordinates": [ [ -74.456784681654625, 40.502495979110748 ], [ -74.4576708, 40.5019715 ], [ -74.4578477, 40.5018668 ], [ -74.458084, 40.501727 ], [ -74.4581384, 40.50169480000001 ], [ -74.4582648, 40.5016199 ], [ -74.4582991, 40.5015996 ], [ -74.4583749, 40.5015554 ] ] } },
{ "type": "Feature", "properties": { "id": "377220608-836", "osm_way": 377220608, "name": "Sicard Street", "class": "residential", "is_priority": false, "length_m": 77.2 }, "geometry": { "type": "LineString", "coordinates": [ [ -74.4560596, 40.504730199999983 ], [ -74.455544300000014, 40.5042278 ], [ -74.455498100000014, 40.504182699999987 ] ] } },
{ "type": "Feature", "properties": { "id": "377220609-837", "osm_way": 377220609, "name": "Sicard Street", "class": "residential", "is_priority": false, "length_m": 80.6 }, "geometry": { "type": "LineString", "coordinates": [ [ -74.4549233, 40.5036039 ], [ -74.454983, 40.503664 ], [ -74.4554421, 40.5041263 ], [ -74.455498100000014, 40.504182699999987 ] ] } },
{ "type": "Feature", "properties": { "id": "381415737-838", "osm_way": 381415737, "name": "Burnet Street", "class": "tertiary", "is_priority": false, "length_m": 10.1 }, "geometry": { "type": "LineString", "coordinates": [ [ -74.4150067, 40.4840328 ], [ -74.4151228, 40.4840541 ] ] } },
{ "type": "Feature", "properties": { "id": "381415738-839", "osm_way": 381415738, "name": "Cobb Road", "class": "residential", "is_priority": false, "length_m": 155.6 }, "geometry": { "type": "LineString", "coordinates": [ [ -74.4303398, 40.4824783 ], [ -74.4302688, 40.4825085 ], [ -74.430055, 40.4825994 ], [ -74.4298071, 40.4826575 ], [ -74.4296401, 40.4826834 ], [ -74.4293522, 40.482699 ], [ -74.4290348, 40.482738 ], [ -74.4287836, 40.4827968 ], [ -74.4286074, 40.48288070000001 ] ] } },
{ "type": "Feature", "properties": { "id": "381415742-840", "osm_way": 381415742, "name": "Gibbons Court", "class": "residential", "is_priority": false, "length_m": 65.4 }, "geometry": { "type": "LineString", "coordinates": [ [ -74.4319642, 40.485305399999987 ], [ -74.4321782, 40.4852846 ], [ -74.4326393, 40.4852407 ], [ -74.4327302, 40.4852313 ] ] } },
{ "type": "Feature", "properties": { "id": "381415776-841", "osm_way": 381415776, "name": "", "class": "trunk", "is_priority": true, "length_m": 200.0 }, "geometry": { "type": "LineString", "coordinates": [ [ -74.4166662, 40.4849855 ], [ -74.4165875, 40.4850675 ], [ -74.4164531, 40.4852233 ], [ -74.4163601, 40.4853311 ], [ -74.4156906, 40.486107199999985 ], [ -74.415361354084268, 40.486486598609545 ] ] } },
{ "type": "Feature", "properties": { "id": "381415776-842", "osm_way": 381415776, "name": "", "class": "trunk", "is_priority": true, "length_m": 200.0 }, "geometry": { "type": "LineString", "coordinates": [ [ -74.415361354084268, 40.486486598609545 ], [ -74.4153466, 40.4865036 ], [ -74.415097200000019, 40.486789199999983 ], [ -74.4144856, 40.4875297 ], [ -74.4142657, 40.4878153 ], [ -74.414121199864141, 40.488018661800965 ] ] } },
{ "type": "Feature", "properties": { "id": "381415776-843", "osm_way": 381415776, "name": "", "class": "trunk", "is_priority": true, "length_m": 199.9 }, "geometry": { "type": "LineString", "coordinates": [ [ -74.414121199864141, 40.488018661800965 ], [ -74.414086, 40.4880682 ], [ -74.4139224, 40.4883253 ], [ -74.4137829, 40.488594499999984 ], [ -74.4136622, 40.4888781 ], [ -74.4135683, 40.4891698 ], [ -74.4134959, 40.4894554 ], [ -74.4134342, 40.4897308 ] ] } },
{ "type": "Feature", "properties": { "id": "381415780-844", "osm_way": 381415780, "name": "", "class": "trunk", "is_priority": true, "length_m": 58.8 }, "geometry": { "type": "LineString", "coordinates": [ [ -74.4181213, 40.483326700000013 ], [ -74.4177974, 40.4837045 ], [ -74.4177413, 40.48377 ] ] } },
{ "type": "Feature", "properties": { "id": "381415806-845", "osm_way": 381415806, "name": "", "class": "trunk_link", "is_priority": false, "length_m": 108.2 }, "geometry": { "type": "LineString", "coordinates": [ [ -74.4157429, 40.4837062 ], [ -74.4157172, 40.4836578 ], [ -74.4156959, 40.4836103 ], [ -74.4156829, 40.483570900000011 ], [ -74.4156738, 40.4835276 ], [ -74.4156718, 40.4834783 ], [ -74.415678, 40.4834407 ], [ -74.415691, 40.4833976 ], [ -74.4157136, 40.4833516 ], [ -74.4157429, 40.4833103 ], [ -74.4157819, 40.4832728 ], [ -74.4158268, 40.4832384 ], [ -74.4158733, 40.4832089 ], [ -74.4159251, 40.4831833 ], [ -74.4159896, 40.4831575 ], [ -74.4160642, 40.4831304 ], [ -74.4161626, 40.483099 ], [ -74.4162596, 40.4830733 ], [ -74.4163736, 40.4830425 ] ] } },
{ "type": "Feature", "properties": { "id": "381485986-846", "osm_way": 381485986, "name": "", "class": "trunk_link", "is_priority": false, "length_m": 109.3 }, "geometry": { "type": "LineString", "coordinates": [ [ -74.4168898, 40.4840682 ], [ -74.416810700000013, 40.4840604 ], [ -74.4166498, 40.4840457 ], [ -74.4164853, 40.4840263 ], [ -74.4163656, 40.4840085 ], [ -74.4162613, 40.483992699999988 ], [ -74.4162251, 40.483984699999986 ], [ -74.4161846, 40.4839757 ], [ -74.416108, 40.4839511 ], [ -74.416037, 40.483920799999986 ], [ -74.4159938, 40.4838969 ], [ -74.4159745, 40.4838862 ], [ -74.4159028, 40.4838404 ], [ -74.4158435, 40.483795599999986 ], [ -74.4157879, 40.4837489 ], [ -74.4157429, 40.4837062 ] ] } },
{ "type": "Feature", "properties": { "id": "381485987-847", "osm_way": 381485987, "name": "", "class": "trunk_link", "is_priority": false, "length_m": 34.2 }, "geometry": { "type": "LineString", "coordinates": [ [ -74.4155978, 40.4839267 ], [ -74.4157321, 40.4839609 ], [ -74.4158565, 40.4839901 ], [ -74.4159829, 40.4840178 ] ] } },
{ "type": "Feature", "properties": { "id": "381485989-848", "osm_way": 381485989, "name": "", "class": "trunk_link", "is_priority": false, "length_m": 71.3 }, "geometry": { "type": "LineString", "coordinates": [ [ -74.416724, 40.4843615 ], [ -74.416743600000018, 40.484397299999983 ], [ -74.4167627, 40.4844408 ], [ -74.416774, 40.4844786 ], [ -74.4167828, 40.4845172 ], [ -74.4167869, 40.484559 ], [ -74.4167869, 40.4845947 ], [ -74.4167823, 40.48463430000001 ], [ -74.4167703, 40.4846902 ], [ -74.4167254, 40.4848003 ], [ -74.4166662, 40.4849855 ] ] } },
{ "type": "Feature", "properties": { "id": "382255202-849", "osm_way": 382255202, "name": "Dudley Road", "class": "residential", "is_priority": false, "length_m": 200.0 }, "geometry": { "type": "LineString", "coordinates": [ [ -74.4367275, 40.479003 ], [ -74.4368431, 40.4790134 ], [ -74.436882, 40.479016799999989 ], [ -74.4370682, 40.4790318 ], [ -74.4372358, 40.4790498 ], [ -74.4373571, 40.4790725 ], [ -74.4374402, 40.479095200000017 ], [ -74.4375067, 40.4791177 ], [ -74.437606, 40.4791579 ], [ -74.4377707, 40.4792519 ], [ -74.4379028, 40.4793533 ], [ -74.437998, 40.479474100000012 ], [ -74.4380995, 40.4796491 ], [ -74.4381208, 40.4796888 ], [ -74.438315, 40.4800526 ], [ -74.438336062642662, 40.48008752496667 ] ] } },
{ "type": "Feature", "properties": { "id": "382255202-850", "osm_way": 382255202, "name": "Dudley Road", "class": "residential", "is_priority": false, "length_m": 200.0 }, "geometry": { "type": "LineString", "coordinates": [ [ -74.438336062642662, 40.48008752496667 ], [ -74.4383463, 40.4801045 ], [ -74.4383973, 40.4801687 ], [ -74.438462, 40.480224 ], [ -74.4385409, 40.4802731 ], [ -74.4387691, 40.4804068 ], [ -74.439284, 40.4807019 ], [ -74.4396063, 40.480887899999985 ], [ -74.4398223, 40.4810259 ], [ -74.4399147, 40.4810798 ], [ -74.440058, 40.4811635 ], [ -74.440155459284483, 40.481222201840225 ] ] } },
{ "type": "Feature", "properties": { "id": "382255202-851", "osm_way": 382255202, "name": "Dudley Road", "class": "residential", "is_priority": false, "length_m": 71.0 }, "geometry": { "type": "LineString", "coordinates": [ [ -74.440155459284483, 40.481222201840225 ], [ -74.4406796, 40.4815379 ], [ -74.4408133, 40.4816184 ] ] } },
{ "type": "Feature", "properties": { "id": "382255479-852", "osm_way": 382255479, "name": "Lipman Drive", "class": "residential", "is_priority": false, "length_m": 200.0 }, "geometry": { "type": "LineString", "coordinates": [ [ -74.4365265, 40.4809795 ], [ -74.4366137, 40.4809172 ], [ -74.4368023, 40.4808106 ], [ -74.4369266, 40.4807648 ], [ -74.437088300000013, 40.48072 ], [ -74.4372397, 40.4806965 ], [ -74.4374032, 40.4806917 ], [ -74.4376711, 40.4806964 ], [ -74.4379671, 40.4807173 ], [ -74.4381351, 40.4807476 ], [ -74.4383054, 40.4808051 ], [ -74.4384816, 40.4808909 ], [ -74.4386569, 40.480993 ], [ -74.438675390643056, 40.481004523123381 ] ] } },
{ "type": "Feature", "properties": { "id": "382255479-853", "osm_way": 382255479, "name": "Lipman Drive", "class": "residential", "is_priority": false, "length_m": 183.9 }, "geometry": { "type": "LineString", "coordinates": [ [ -74.438675390643056, 40.481004523123381 ], [ -74.4391245, 40.4812844 ], [ -74.4394093, 40.4814478 ], [ -74.4394362, 40.4814632 ], [ -74.4400321, 40.4818192 ], [ -74.4403117, 40.481987499999988 ], [ -74.4403804, 40.4820287 ] ] } },
{ "type": "Feature", "properties": { "id": "412163900-854", "osm_way": 412163900, "name": "", "class": "secondary_link", "is_priority": false, "length_m": 77.6 }, "geometry": { "type": "LineString", "coordinates": [ [ -74.4282541, 40.4802384 ], [ -74.4283325, 40.4804631 ], [ -74.428354400000018, 40.480558900000013 ], [ -74.4283448, 40.4806349 ], [ -74.4283005, 40.480729 ], [ -74.4281961, 40.4808113 ], [ -74.4281162, 40.4808601 ] ] } },
{ "type": "Feature", "properties": { "id": "412163904-855", "osm_way": 412163904, "name": "", "class": "trunk_link", "is_priority": false, "length_m": 31.8 }, "geometry": { "type": "LineString", "coordinates": [ [ -74.423455, 40.478188 ], [ -74.4236379, 40.4782185 ], [ -74.4236842, 40.4782283 ], [ -74.4237282, 40.4782389 ], [ -74.4238173, 40.478262599999987 ] ] } },
{ "type": "Feature", "properties": { "id": "412163905-856", "osm_way": 412163905, "name": "", "class": "trunk_link", "is_priority": false, "length_m": 35.1 }, "geometry": { "type": "LineString", "coordinates": [ [ -74.4238173, 40.478262599999987 ], [ -74.4237848, 40.4782039 ], [ -74.423763600000015, 40.4781612 ], [ -74.4237494, 40.4781148 ], [ -74.4237444, 40.4780733 ], [ -74.4237375, 40.4779559 ] ] } },
{ "type": "Feature", "properties": { "id": "417653271-857", "osm_way": 417653271, "name": "Albany Street", "class": "secondary", "is_priority": false, "length_m": 134.7 }, "geometry": { "type": "LineString", "coordinates": [ [ -74.440854500000015, 40.4971338 ], [ -74.4409939, 40.4971486 ], [ -74.441059, 40.4971567 ], [ -74.4416742, 40.497101399999984 ], [ -74.4422468, 40.497037 ], [ -74.4422839, 40.4970336 ], [ -74.4424303, 40.49702 ] ] } },
{ "type": "Feature", "properties": { "id": "432303507-858", "osm_way": 432303507, "name": "French Street", "class": "secondary", "is_priority": false, "length_m": 76.7 }, "geometry": { "type": "LineString", "coordinates": [ [ -74.4461663, 40.4963113 ], [ -74.4462962, 40.496242 ], [ -74.4466278, 40.4960652 ], [ -74.4469212, 40.4959304 ] ] } },
{ "type": "Feature", "properties": { "id": "432348489-859", "osm_way": 432348489, "name": "", "class": "motorway_link", "is_priority": false, "length_m": 200.0 }, "geometry": { "type": "LineString", "coordinates": [ [ -74.4517393, 40.506032 ], [ -74.4511868, 40.5058429 ], [ -74.4505061, 40.505600800000011 ], [ -74.449628099652301, 40.505229101228473 ] ] } },
{ "type": "Feature", "properties": { "id": "432348489-860", "osm_way": 432348489, "name": "", "class": "motorway_link", "is_priority": false, "length_m": 1.8 }, "geometry": { "type": "LineString", "coordinates": [ [ -74.449628099652301, 40.505229101228473 ], [ -74.4496092, 40.5052211 ] ] } },
{ "type": "Feature", "properties": { "id": "440882414-861", "osm_way": 440882414, "name": "Old Gibbons Drive", "class": "residential", "is_priority": false, "length_m": 17.2 }, "geometry": { "type": "LineString", "coordinates": [ [ -74.4319528, 40.4851515 ], [ -74.4319519, 40.4852019 ], [ -74.4319503, 40.4852148 ], [ -74.4319642, 40.485305399999987 ] ] } },
{ "type": "Feature", "properties": { "id": "440882452-862", "osm_way": 440882452, "name": "Constitution Square", "class": "residential", "is_priority": false, "length_m": 56.1 }, "geometry": { "type": "LineString", "coordinates": [ [ -74.4278853, 40.478461 ], [ -74.4275101, 40.4784981 ], [ -74.4272269, 40.4785073 ] ] } },
{ "type": "Feature", "properties": { "id": "440882453-863", "osm_way": 440882453, "name": "Rutgers Plaza", "class": "residential", "is_priority": false, "length_m": 116.5 }, "geometry": { "type": "LineString", "coordinates": [ [ -74.426578312387605, 40.477735659075641 ], [ -74.4266476, 40.4777728 ], [ -74.4269748, 40.4779116 ], [ -74.4270794, 40.478025799999983 ], [ -74.4271867, 40.4782686 ], [ -74.4272269, 40.4785073 ], [ -74.427243, 40.4785685 ] ] } },
{ "type": "Feature", "properties": { "id": "440882454-864", "osm_way": 440882454, "name": "Constitution Square", "class": "residential", "is_priority": false, "length_m": 55.4 }, "geometry": { "type": "LineString", "coordinates": [ [ -74.427243, 40.4785685 ], [ -74.4273503, 40.4785869 ], [ -74.4278036, 40.4785604 ], [ -74.4278825, 40.4785927 ] ] } },
{ "type": "Feature", "properties": { "id": "440882455-865", "osm_way": 440882455, "name": "Constitution Square", "class": "residential", "is_priority": false, "length_m": 68.7 }, "geometry": { "type": "LineString", "coordinates": [ [ -74.4272269, 40.4785073 ], [ -74.4269024, 40.4784991 ], [ -74.426661, 40.478517499999988 ], [ -74.4264518, 40.4786114 ] ] } },
{ "type": "Feature", "properties": { "id": "440882456-866", "osm_way": 440882456, "name": "Constitution Square", "class": "residential", "is_priority": false, "length_m": 89.5 }, "geometry": { "type": "LineString", "coordinates": [ [ -74.4264518, 40.4786114 ], [ -74.426712, 40.4788174 ], [ -74.4267897, 40.4788215 ], [ -74.426948, 40.4788195 ], [ -74.4270177, 40.4787827 ], [ -74.427243, 40.4785685 ] ] } },
{ "type": "Feature", "properties": { "id": "441684391-867", "osm_way": 441684391, "name": "Gibbons Court", "class": "residential", "is_priority": false, "length_m": 19.7 }, "geometry": { "type": "LineString", "coordinates": [ [ -74.4321705, 40.4850987 ], [ -74.4320715, 40.4851074 ], [ -74.432021, 40.4851195 ], [ -74.4319837, 40.4851345 ], [ -74.4319528, 40.4851515 ] ] } },
{ "type": "Feature", "properties": { "id": "441707961-868", "osm_way": 441707961, "name": "Liberty Street", "class": "residential", "is_priority": false, "length_m": 161.1 }, "geometry": { "type": "LineString", "coordinates": [ [ -74.4435771, 40.4936583 ], [ -74.4434841, 40.493665699999987 ], [ -74.442751, 40.4938046 ], [ -74.4421097, 40.493928 ], [ -74.4419631, 40.4939532 ], [ -74.4418447, 40.4939674 ], [ -74.4418446, 40.493967399999988 ], [ -74.4417272, 40.4939876 ] ] } },
{ "type": "Feature", "properties": { "id": "442797130-869", "osm_way": 442797130, "name": "Paul Robeson Boulevard", "class": "tertiary", "is_priority": false, "length_m": 141.6 }, "geometry": { "type": "LineString", "coordinates": [ [ -74.4389017, 40.4882072 ], [ -74.4389933, 40.488121599999985 ], [ -74.4393541, 40.487783 ], [ -74.4397546, 40.4874102 ], [ -74.4398932, 40.487281099999983 ], [ -74.4399595, 40.4872194 ] ] } },
{ "type": "Feature", "properties": { "id": "442797145-870", "osm_way": 442797145, "name": "Nichol Avenue", "class": "residential", "is_priority": false, "length_m": 174.9 }, "geometry": { "type": "LineString", "coordinates": [ [ -74.4390911, 40.4832586 ], [ -74.4392838, 40.4830852 ], [ -74.439857, 40.482511 ], [ -74.4403804, 40.4820287 ] ] } },
{ "type": "Feature", "properties": { "id": "442797149-871", "osm_way": 442797149, "name": "Red Oak Lane", "class": "residential", "is_priority": false, "length_m": 99.9 }, "geometry": { "type": "LineString", "coordinates": [ [ -74.4380014, 40.4825687 ], [ -74.4372914, 40.4832144 ], [ -74.4372437, 40.4832578 ] ] } },
{ "type": "Feature", "properties": { "id": "442797152-872", "osm_way": 442797152, "name": "Lipman Drive", "class": "residential", "is_priority": false, "length_m": 200.0 }, "geometry": { "type": "LineString", "coordinates": [ [ -74.4372437, 40.4832578 ], [ -74.4371754, 40.4832123 ], [ -74.435971, 40.482532 ], [ -74.4359533, 40.4825208 ], [ -74.4356165, 40.4823079 ], [ -74.4355822, 40.4822864 ], [ -74.4355524, 40.4822254 ], [ -74.4355325, 40.482162800000012 ], [ -74.4355233, 40.48210610000001 ], [ -74.435530552495834, 40.48209036833957 ] ] } },
{ "type": "Feature", "properties": { "id": "442797152-873", "osm_way": 442797152, "name": "Lipman Drive", "class": "residential", "is_priority": false, "length_m": 149.8 }, "geometry": { "type": "LineString", "coordinates": [ [ -74.435530552495834, 40.48209036833957 ], [ -74.435557, 40.482033 ], [ -74.4356442, 40.481926 ], [ -74.435966, 40.4815801 ], [ -74.4360911, 40.481435 ], [ -74.436152800000016, 40.4813755 ], [ -74.4363025, 40.4812132 ], [ -74.4364876, 40.48102930000001 ], [ -74.4365265, 40.4809795 ] ] } },
{ "type": "Feature", "properties": { "id": "442808440-874", "osm_way": 442808440, "name": "George Street", "class": "tertiary", "is_priority": false, "length_m": 61.1 }, "geometry": { "type": "LineString", "coordinates": [ [ -74.445016900000013, 40.4992463 ], [ -74.4451452, 40.4996938 ], [ -74.4451718, 40.4997835 ] ] } },
{ "type": "Feature", "properties": { "id": "442808441-875", "osm_way": 442808441, "name": "Wall Street", "class": "residential", "is_priority": false, "length_m": 137.1 }, "geometry": { "type": "LineString", "coordinates": [ [ -74.4453783, 40.4978744 ], [ -74.4453857, 40.4978137 ], [ -74.4457207, 40.4975151 ], [ -74.4463773, 40.4969703 ], [ -74.446411, 40.4969384 ] ] } },
{ "type": "Feature", "properties": { "id": "442951516-876", "osm_way": 442951516, "name": "Delavan Street", "class": "residential", "is_priority": false, "length_m": 200.0 }, "geometry": { "type": "LineString", "coordinates": [ [ -74.4421793, 40.4803049 ], [ -74.4437344, 40.4812593 ], [ -74.444020526340296, 40.481431684312909 ] ] } },
{ "type": "Feature", "properties": { "id": "442951516-877", "osm_way": 442951516, "name": "Delavan Street", "class": "residential", "is_priority": false, "length_m": 200.0 }, "geometry": { "type": "LineString", "coordinates": [ [ -74.444020526340296, 40.481431684312909 ], [ -74.4452276, 40.4821589 ], [ -74.445868805425377, 40.482551739132255 ] ] } },
{ "type": "Feature", "properties": { "id": "442951516-878", "osm_way": 442951516, "name": "Delavan Street", "class": "residential", "is_priority": false, "length_m": 200.0 }, "geometry": { "type": "LineString", "coordinates": [ [ -74.445868805425377, 40.482551739132255 ], [ -74.4460478, 40.4826614 ], [ -74.4467534, 40.4830937 ], [ -74.4468133, 40.4831304 ], [ -74.4468977, 40.4831812 ], [ -74.447715528737547, 40.483673313348348 ] ] } },
{ "type": "Feature", "properties": { "id": "442951516-879", "osm_way": 442951516, "name": "Delavan Street", "class": "residential", "is_priority": false, "length_m": 77.0 }, "geometry": { "type": "LineString", "coordinates": [ [ -74.447715528737547, 40.483673313348348 ], [ -74.4482882, 40.4840179 ], [ -74.4483511, 40.4840425 ], [ -74.4484481, 40.4840805 ] ] } },
{ "type": "Feature", "properties": { "id": "443666234-880", "osm_way": 443666234, "name": "Old Gibbons Drive", "class": "residential", "is_priority": false, "length_m": 200.0 }, "geometry": { "type": "LineString", "coordinates": [ [ -74.4320891, 40.4862922 ], [ -74.4320372, 40.4863717 ], [ -74.4319651, 40.4864428 ], [ -74.4318154, 40.4864895 ], [ -74.431674, 40.486482 ], [ -74.4311227, 40.4863839 ], [ -74.4308826, 40.4863185 ], [ -74.429900046370477, 40.48617154923717 ] ] } },
{ "type": "Feature", "properties": { "id": "443666234-881", "osm_way": 443666234, "name": "Old Gibbons Drive", "class": "residential", "is_priority": false, "length_m": 15.4 }, "geometry": { "type": "LineString", "coordinates": [ [ -74.429900046370477, 40.48617154923717 ], [ -74.4297212, 40.4861448 ] ] } },
{ "type": "Feature", "properties": { "id": "444991615-882", "osm_way": 444991615, "name": "", "class": "motorway_link", "is_priority": false, "length_m": 79.8 }, "geometry": { "type": "LineString", "coordinates": [ [ -74.4324899, 40.4871315 ], [ -74.4326299, 40.487166699999989 ], [ -74.4327379, 40.4871963 ], [ -74.4328672, 40.4872316 ], [ -74.4329876, 40.4872649 ], [ -74.4331196, 40.4873016 ], [ -74.4332468, 40.4873393 ], [ -74.4333732, 40.4873788 ] ] } },
{ "type": "Feature", "properties": { "id": "445130149-883", "osm_way": 445130149, "name": "Albany Street", "class": "secondary", "is_priority": false, "length_m": 161.7 }, "geometry": { "type": "LineString", "coordinates": [ [ -74.4424303, 40.49702 ], [ -74.442596, 40.4970042 ], [ -74.4426174, 40.4970022 ], [ -74.4441685, 40.4967794 ], [ -74.4442379, 40.4967695 ], [ -74.4443072, 40.4967595 ] ] } },
{ "type": "Feature", "properties": { "id": "448224180-884", "osm_way": 448224180, "name": "", "class": "trunk_link", "is_priority": false, "length_m": 23.4 }, "geometry": { "type": "LineString", "coordinates": [ [ -74.4232913, 40.4849647 ], [ -74.4232705, 40.4849117 ], [ -74.4232687, 40.4848893 ], [ -74.4232721, 40.4848651 ], [ -74.4232771, 40.4848448 ], [ -74.4232917, 40.4848219 ], [ -74.423311, 40.4847973 ], [ -74.4233394, 40.484770699999984 ] ] } },
{ "type": "Feature", "properties": { "id": "466754387-885", "osm_way": 466754387, "name": "Hildebrand Way", "class": "residential", "is_priority": false, "length_m": 58.2 }, "geometry": { "type": "LineString", "coordinates": [ [ -74.4396557, 40.4919082 ], [ -74.4397445, 40.4919073 ], [ -74.4402164, 40.4919023 ], [ -74.4403422, 40.491901 ] ] } },
{ "type": "Feature", "properties": { "id": "466756924-886", "osm_way": 466756924, "name": "Hildebrand Way", "class": "residential", "is_priority": false, "length_m": 58.0 }, "geometry": { "type": "LineString", "coordinates": [ [ -74.4401406, 40.4915004 ], [ -74.4400371, 40.491546 ], [ -74.4396249, 40.4916884 ], [ -74.4395226, 40.4917237 ] ] } },
{ "type": "Feature", "properties": { "id": "473066869-887", "osm_way": 473066869, "name": "", "class": "secondary", "is_priority": false, "length_m": 18.8 }, "geometry": { "type": "LineString", "coordinates": [ [ -74.4326342, 40.4840211 ], [ -74.4326016, 40.48404 ], [ -74.4325787, 40.4840659 ], [ -74.4325682, 40.48409370000001 ], [ -74.432569, 40.4841226 ], [ -74.4325785, 40.4841461 ], [ -74.4325956, 40.4841669 ] ] } },
{ "type": "Feature", "properties": { "id": "473066870-888", "osm_way": 473066870, "name": "George Street", "class": "secondary", "is_priority": false, "length_m": 74.3 }, "geometry": { "type": "LineString", "coordinates": [ [ -74.4326242, 40.4845673 ], [ -74.432719, 40.4851386 ], [ -74.4327302, 40.4852313 ] ] } },
{ "type": "Feature", "properties": { "id": "473066871-889", "osm_way": 473066871, "name": "", "class": "secondary_link", "is_priority": false, "length_m": 21.3 }, "geometry": { "type": "LineString", "coordinates": [ [ -74.4321705, 40.4850987 ], [ -74.4321465, 40.4851428 ], [ -74.4321521, 40.4851827 ], [ -74.4321557, 40.4852101 ], [ -74.4321782, 40.4852846 ] ] } },
{ "type": "Feature", "properties": { "id": "473072984-890", "osm_way": 473072984, "name": "Route 18 Service Road", "class": "secondary", "is_priority": false, "length_m": 85.8 }, "geometry": { "type": "LineString", "coordinates": [ [ -74.4396029, 40.4962322 ], [ -74.4396552, 40.4964207 ], [ -74.4397026, 40.4966087 ], [ -74.4397496, 40.4967998 ], [ -74.4397918, 40.4969914 ] ] } },
{ "type": "Feature", "properties": { "id": "473072985-891", "osm_way": 473072985, "name": "Memorial Parkway", "class": "motorway", "is_priority": true, "length_m": 200.0 }, "geometry": { "type": "LineString", "coordinates": [ [ -74.4412296, 40.4999162 ], [ -74.441322, 40.4999995 ], [ -74.4414133, 40.5000815 ], [ -74.4415142, 40.500169 ], [ -74.4416113, 40.5002459 ], [ -74.4417138, 40.5003273 ], [ -74.4418917, 40.5004582 ], [ -74.4420251, 40.5005534 ], [ -74.442159, 40.5006459 ], [ -74.4423437, 40.5007742 ], [ -74.4424949, 40.5008724 ], [ -74.4426741, 40.5009859 ], [ -74.442844500000021, 40.5010907 ], [ -74.442944009443622, 40.501149171775417 ] ] } },
{ "type": "Feature", "properties": { "id": "473072985-892", "osm_way": 473072985, "name": "Memorial Parkway", "class": "motorway", "is_priority": true, "length_m": 22.8 }, "geometry": { "type": "LineString", "coordinates": [ [ -74.442944009443622, 40.501149171775417 ], [ -74.4430203, 40.501194 ], [ -74.4431548, 40.5012769 ] ] } },
{ "type": "Feature", "properties": { "id": "473072986-893", "osm_way": 473072986, "name": "", "class": "motorway", "is_priority": true, "length_m": 200.0 }, "geometry": { "type": "LineString", "coordinates": [ [ -74.4437253, 40.5016017 ], [ -74.4439306, 40.5017224 ], [ -74.4441556, 40.501853099999984 ], [ -74.444378, 40.5019823 ], [ -74.4446079, 40.5021193 ], [ -74.4448277, 40.5022525 ], [ -74.4450476, 40.5023871 ], [ -74.4452698, 40.5025285 ], [ -74.4454886, 40.5026667 ], [ -74.4455739303949, 40.502721541679392 ] ] } },
{ "type": "Feature", "properties": { "id": "473072986-894", "osm_way": 473072986, "name": "", "class": "motorway", "is_priority": true, "length_m": 200.0 }, "geometry": { "type": "LineString", "coordinates": [ [ -74.4455739303949, 40.502721541679392 ], [ -74.4457111, 40.5028097 ], [ -74.4469562, 40.503623 ], [ -74.4473680011223, 40.503892376927631 ] ] } },
{ "type": "Feature", "properties": { "id": "473072986-895", "osm_way": 473072986, "name": "", "class": "motorway", "is_priority": true, "length_m": 200.0 }, "geometry": { "type": "LineString", "coordinates": [ [ -74.4473680011223, 40.503892376927631 ], [ -74.449160346564554, 40.505064785488415 ] ] } },
{ "type": "Feature", "properties": { "id": "473072986-896", "osm_way": 473072986, "name": "", "class": "motorway", "is_priority": true, "length_m": 79.9 }, "geometry": { "type": "LineString", "coordinates": [ [ -74.449160346564554, 40.505064785488415 ], [ -74.4491859, 40.50508150000001 ], [ -74.4494452, 40.50524810000001 ], [ -74.4497109, 40.5054143 ], [ -74.4498907, 40.505519700000015 ] ] } },
{ "type": "Feature", "properties": { "id": "473072987-897", "osm_way": 473072987, "name": "George Street", "class": "tertiary", "is_priority": false, "length_m": 200.0 }, "geometry": { "type": "LineString", "coordinates": [ [ -74.4483472, 40.5036124 ], [ -74.4484959, 40.5036859 ], [ -74.4488723, 40.503883 ], [ -74.449501, 40.5042106 ], [ -74.4495887, 40.5042573 ], [ -74.4496967, 40.5043148 ], [ -74.4499913, 40.5044697 ], [ -74.450097, 40.5045279 ], [ -74.4502081, 40.5045918 ], [ -74.450287835368698, 40.504637628230029 ] ] } },
{ "type": "Feature", "properties": { "id": "473072987-898", "osm_way": 473072987, "name": "George Street", "class": "tertiary", "is_priority": false, "length_m": 129.6 }, "geometry": { "type": "LineString", "coordinates": [ [ -74.450287835368698, 40.504637628230029 ], [ -74.450319800000017, 40.504656 ], [ -74.4504305, 40.5047143 ], [ -74.4505409, 40.5047721 ], [ -74.4507298, 40.504871 ], [ -74.4508359, 40.504927 ], [ -74.4509464, 40.5049925 ], [ -74.4510298, 40.505044 ], [ -74.4510939, 40.505083399999982 ], [ -74.4511364, 40.5051094 ], [ -74.4515126, 40.5053361 ] ] } },
{ "type": "Feature", "properties": { "id": "473072988-899", "osm_way": 473072988, "name": "Johnson Drive", "class": "tertiary", "is_priority": false, "length_m": 75.1 }, "geometry": { "type": "LineString", "coordinates": [ [ -74.4411791, 40.4977633 ], [ -74.4409244, 40.4972695 ], [ -74.440854500000015, 40.4971338 ] ] } },
{ "type": "Feature", "properties": { "id": "473072990-900", "osm_way": 473072990, "name": "Memorial Parkway", "class": "motorway", "is_priority": true, "length_m": 26.8 }, "geometry": { "type": "LineString", "coordinates": [ [ -74.4402523, 40.4977555 ], [ -74.4401936, 40.4975187 ] ] } },
{ "type": "Feature", "properties": { "id": "473072991-901", "osm_way": 473072991, "name": "Burnet Street", "class": "secondary", "is_priority": false, "length_m": 110.9 }, "geometry": { "type": "LineString", "coordinates": [ [ -74.4394452, 40.4942963 ], [ -74.4394182, 40.4941752 ], [ -74.4393959, 40.4940682 ], [ -74.4393779, 40.493961099999986 ], [ -74.4392888, 40.4933048 ] ] } },
{ "type": "Feature", "properties": { "id": "473072992-902", "osm_way": 473072992, "name": "", "class": "motorway_link", "is_priority": false, "length_m": 121.5 }, "geometry": { "type": "LineString", "coordinates": [ [ -74.4377869, 40.490037399999984 ], [ -74.4375802, 40.4897947 ], [ -74.4375143, 40.489712 ], [ -74.4374419, 40.4896244 ], [ -74.4373279, 40.4894906 ], [ -74.4372414, 40.4893936 ], [ -74.4371402, 40.4892838 ], [ -74.4370039, 40.4891208 ] ] } },
{ "type": "Feature", "properties": { "id": "473077260-903", "osm_way": 473077260, "name": "", "class": "residential", "is_priority": false, "length_m": 82.7 }, "geometry": { "type": "LineString", "coordinates": [ [ -74.451832, 40.505624 ], [ -74.4520946, 40.5058993 ], [ -74.4521483, 40.5059419 ], [ -74.4522076, 40.5059707 ], [ -74.4522677, 40.505986399999983 ], [ -74.4523262, 40.5059906 ], [ -74.4523827, 40.5059892 ], [ -74.4524426, 40.5059809 ], [ -74.4524975, 40.5059561 ], [ -74.4525615, 40.50592120000001 ] ] } },
{ "type": "Feature", "properties": { "id": "473077261-904", "osm_way": 473077261, "name": "", "class": "motorway_link", "is_priority": false, "length_m": 200.0 }, "geometry": { "type": "LineString", "coordinates": [ [ -74.4528145, 40.5066355 ], [ -74.4537325, 40.5067657 ], [ -74.4550511, 40.5069458 ], [ -74.455134556877127, 40.506965222816639 ] ] } },
{ "type": "Feature", "properties": { "id": "473077261-905", "osm_way": 473077261, "name": "", "class": "motorway_link", "is_priority": false, "length_m": 200.0 }, "geometry": { "type": "LineString", "coordinates": [ [ -74.455134556877127, 40.506965222816639 ], [ -74.4556604, 40.5070876 ], [ -74.456046, 40.5071893 ], [ -74.4564376, 40.507301 ], [ -74.4566551, 40.5073545 ], [ -74.4567602, 40.5073804 ], [ -74.4569855, 40.5074287 ], [ -74.4571872, 40.5074419 ], [ -74.4572956, 40.5074503 ], [ -74.45739595624768, 40.507448358897165 ] ] } },
{ "type": "Feature", "properties": { "id": "473077261-906", "osm_way": 473077261, "name": "", "class": "motorway_link", "is_priority": false, "length_m": 200.0 }, "geometry": { "type": "LineString", "coordinates": [ [ -74.45739595624768, 40.507448358897165 ], [ -74.45745070000001, 40.5074473 ], [ -74.4576409, 40.5074314 ], [ -74.457824, 40.507404 ], [ -74.458357, 40.507319 ], [ -74.4584954, 40.507299099999983 ], [ -74.4587344, 40.5072664 ], [ -74.4589015, 40.5072469 ], [ -74.459022, 40.5072371 ], [ -74.4592396, 40.507243700000011 ], [ -74.4594384, 40.5072606 ], [ -74.459729351517581, 40.507276164405795 ] ] } },
{ "type": "Feature", "properties": { "id": "473077261-907", "osm_way": 473077261, "name": "", "class": "motorway_link", "is_priority": false, "length_m": 37.3 }, "geometry": { "type": "LineString", "coordinates": [ [ -74.459729351517581, 40.507276164405795 ], [ -74.4598777, 40.5072841 ], [ -74.4601692, 40.5072698 ] ] } },
{ "type": "Feature", "properties": { "id": "473077262-908", "osm_way": 473077262, "name": "", "class": "motorway", "is_priority": true, "length_m": 67.3 }, "geometry": { "type": "LineString", "coordinates": [ [ -74.4561233, 40.5069661 ], [ -74.4564344, 40.5070557 ], [ -74.4566507, 40.507123900000011 ], [ -74.4568538, 40.5072034 ] ] } },
{ "type": "Feature", "properties": { "id": "473077270-909", "osm_way": 473077270, "name": "", "class": "motorway", "is_priority": true, "length_m": 200.0 }, "geometry": { "type": "LineString", "coordinates": [ [ -74.4550601, 40.5066579 ], [ -74.4534784, 40.5064488 ], [ -74.452737079946431, 40.506338592965683 ] ] } },
{ "type": "Feature", "properties": { "id": "473077270-910", "osm_way": 473077270, "name": "", "class": "motorway", "is_priority": true, "length_m": 88.5 }, "geometry": { "type": "LineString", "coordinates": [ [ -74.452737079946431, 40.506338592965683 ], [ -74.4525239, 40.5063069 ], [ -74.4521578, 40.5062418 ], [ -74.4517245, 40.50614490000001 ] ] } },
{ "type": "Feature", "properties": { "id": "473086376-911", "osm_way": 473086376, "name": "Nichol Avenue", "class": "residential", "is_priority": false, "length_m": 87.7 }, "geometry": { "type": "LineString", "coordinates": [ [ -74.4403804, 40.4820287 ], [ -74.4404458, 40.481968199999983 ], [ -74.4408133, 40.4816184 ], [ -74.441028500000016, 40.481413 ] ] } },
{ "type": "Feature", "properties": { "id": "473086384-912", "osm_way": 473086384, "name": "Burnet Street", "class": "secondary", "is_priority": false, "length_m": 155.2 }, "geometry": { "type": "LineString", "coordinates": [ [ -74.4385799, 40.4912973 ], [ -74.4380497, 40.490433 ], [ -74.437965, 40.490300199999986 ], [ -74.4378797, 40.4901695 ], [ -74.4377869, 40.490037399999984 ] ] } },
{ "type": "Feature", "properties": { "id": "473626118-913", "osm_way": 473626118, "name": "Livingston Avenue", "class": "secondary", "is_priority": false, "length_m": 200.0 }, "geometry": { "type": "LineString", "coordinates": [ [ -74.4449679, 40.4924531 ], [ -74.445075, 40.4923509 ], [ -74.4455123, 40.4919347 ], [ -74.4455277, 40.4919193 ], [ -74.4456376, 40.4918145 ], [ -74.4456815, 40.4917726 ], [ -74.4458505, 40.491611399999989 ], [ -74.4458628, 40.4915998 ], [ -74.445948800000011, 40.4915178 ], [ -74.4460108, 40.4914586 ], [ -74.4461633, 40.4913132 ], [ -74.4461726, 40.4913043 ], [ -74.446294, 40.491188600000015 ], [ -74.4463524, 40.4911329 ], [ -74.446411, 40.491077 ], [ -74.44644287900428, 40.491046605739484 ] ] } },
{ "type": "Feature", "properties": { "id": "473626118-914", "osm_way": 473626118, "name": "Livingston Avenue", "class": "secondary", "is_priority": false, "length_m": 200.0 }, "geometry": { "type": "LineString", "coordinates": [ [ -74.44644287900428, 40.491046605739484 ], [ -74.446877, 40.4906327 ], [ -74.4469427, 40.4905699 ], [ -74.4469923, 40.4905227 ], [ -74.4472893, 40.4902395 ], [ -74.447468, 40.4900691 ], [ -74.4475216, 40.490018 ], [ -74.4475789, 40.4899633 ], [ -74.447918690726809, 40.489640632635499 ] ] } },
{ "type": "Feature", "properties": { "id": "473626118-915", "osm_way": 473626118, "name": "Livingston Avenue", "class": "secondary", "is_priority": false, "length_m": 29.4 }, "geometry": { "type": "LineString", "coordinates": [ [ -74.447918690726809, 40.489640632635499 ], [ -74.4480254, 40.4895393 ], [ -74.4481366, 40.4894349 ] ] } },
{ "type": "Feature", "properties": { "id": "473630965-916", "osm_way": 473630965, "name": "Johnson Drive", "class": "tertiary", "is_priority": false, "length_m": 183.9 }, "geometry": { "type": "LineString", "coordinates": [ [ -74.44153, 40.49959470000001 ], [ -74.4418153, 40.4998534 ], [ -74.4420777, 40.5000718 ], [ -74.4423313, 40.500255 ], [ -74.4425114, 40.5003505 ], [ -74.4426551, 40.5003915 ], [ -74.4427892, 40.5004088 ], [ -74.4429242, 40.500407899999985 ], [ -74.4430753, 40.5003865 ], [ -74.4432462, 40.5003193 ] ] } },
{ "type": "Feature", "properties": { "id": "473630972-917", "osm_way": 473630972, "name": "Ryders Lane", "class": "secondary", "is_priority": false, "length_m": 20.2 }, "geometry": { "type": "LineString", "coordinates": [ [ -74.427690378862692, 40.477654070608928 ], [ -74.4276938, 40.4776824 ], [ -74.4277147, 40.47783530000001 ] ] } },
{ "type": "Feature", "properties": { "id": "488361743-918", "osm_way": 488361743, "name": "Biel Road East", "class": "residential", "is_priority": false, "length_m": 101.5 }, "geometry": { "type": "LineString", "coordinates": [ [ -74.4299161, 40.4785116 ], [ -74.4298027, 40.4785221 ], [ -74.429231, 40.478574 ], [ -74.4287268, 40.47862 ] ] } },
{ "type": "Feature", "properties": { "id": "488361744-919", "osm_way": 488361744, "name": "Biel Road West", "class": "residential", "is_priority": false, "length_m": 195.4 }, "geometry": { "type": "LineString", "coordinates": [ [ -74.4321819, 40.4784327 ], [ -74.4321292, 40.4784361 ], [ -74.432023, 40.4784481 ], [ -74.431949, 40.4784478 ], [ -74.4318958, 40.4784299 ], [ -74.4317729, 40.4783752 ], [ -74.4316813, 40.4783609 ], [ -74.4315791, 40.4783589 ], [ -74.4311269, 40.478399 ], [ -74.4307991, 40.4784281 ], [ -74.43068, 40.4784387 ], [ -74.4305124, 40.4784545 ], [ -74.4300304, 40.4785001 ], [ -74.4299161, 40.4785116 ] ] } },
{ "type": "Feature", "properties": { "id": "488361745-920", "osm_way": 488361745, "name": "", "class": "trunk_link", "is_priority": false, "length_m": 128.1 }, "geometry": { "type": "LineString", "coordinates": [ [ -74.4230142, 40.4797799 ], [ -74.422822, 40.4796942 ], [ -74.4226769, 40.4796492 ], [ -74.4225612, 40.47956460000001 ], [ -74.4224376, 40.4794668 ], [ -74.4224129, 40.4794365 ], [ -74.4224008, 40.4794028 ], [ -74.4223905, 40.4793693 ], [ -74.4223887, 40.4793383 ], [ -74.4223909, 40.47930010000001 ], [ -74.4223949, 40.4792567 ], [ -74.4224076, 40.4792186 ], [ -74.4224253, 40.4791787 ], [ -74.422444, 40.479142699999983 ], [ -74.4225843, 40.4788964 ] ] } },
{ "type": "Feature", "properties": { "id": "488361746-921", "osm_way": 488361746, "name": "", "class": "trunk_link", "is_priority": false, "length_m": 117.6 }, "geometry": { "type": "LineString", "coordinates": [ [ -74.4217002, 40.4796397 ], [ -74.4220052, 40.4795372 ], [ -74.4220631, 40.4795204 ], [ -74.422125, 40.4795087 ], [ -74.4221854, 40.479504 ], [ -74.4222352, 40.4795056 ], [ -74.4222807, 40.4795117 ], [ -74.4223259, 40.4795229 ], [ -74.4223707, 40.4795386 ], [ -74.4224111, 40.479558899999986 ], [ -74.4224811, 40.479619 ], [ -74.4225972, 40.4797443 ], [ -74.4226434, 40.4798178 ], [ -74.4226711, 40.479881400000011 ], [ -74.4226993, 40.4799753 ] ] } },
{ "type": "Feature", "properties": { "id": "488361751-922", "osm_way": 488361751, "name": "", "class": "trunk_link", "is_priority": false, "length_m": 83.0 }, "geometry": { "type": "LineString", "coordinates": [ [ -74.4213137, 40.4808971 ], [ -74.4212217, 40.480765 ], [ -74.4210971, 40.4806867 ], [ -74.4210635, 40.4806529 ], [ -74.4210436, 40.4806244 ], [ -74.4210266, 40.4805919 ], [ -74.4210185, 40.480558 ], [ -74.4210159, 40.4805226 ], [ -74.421014500000013, 40.4804876 ], [ -74.4210218, 40.4804495 ], [ -74.4210736, 40.4802314 ] ] } },
{ "type": "Feature", "properties": { "id": "488361752-923", "osm_way": 488361752, "name": "", "class": "trunk_link", "is_priority": false, "length_m": 71.4 }, "geometry": { "type": "LineString", "coordinates": [ [ -74.4205497, 40.4807788 ], [ -74.4207506, 40.4807322 ], [ -74.4208057, 40.4807222 ], [ -74.4208583, 40.480717 ], [ -74.4209039, 40.4807181 ], [ -74.4209498, 40.4807234 ], [ -74.4209956, 40.4807374 ], [ -74.421037, 40.4807557 ], [ -74.421157, 40.4808183 ], [ -74.4213137, 40.4808971 ] ] } },
{ "type": "Feature", "properties": { "id": "488361754-924", "osm_way": 488361754, "name": "Clifton Avenue", "class": "residential", "is_priority": false, "length_m": 160.7 }, "geometry": { "type": "LineString", "coordinates": [ [ -74.4221595, 40.4816729 ], [ -74.4217569, 40.481882799999987 ], [ -74.421238, 40.4821539 ], [ -74.4211046, 40.48223 ], [ -74.420945, 40.4823619 ], [ -74.4207266, 40.4825971 ] ] } },
{ "type": "Feature", "properties": { "id": "541832722-925", "osm_way": 541832722, "name": "Church Street", "class": "residential", "is_priority": false, "length_m": 110.7 }, "geometry": { "type": "LineString", "coordinates": [ [ -74.4441101, 40.4959525 ], [ -74.44421, 40.4959389 ], [ -74.4453027, 40.4958005 ], [ -74.4453982, 40.4957869 ] ] } },
{ "type": "Feature", "properties": { "id": "541832723-926", "osm_way": 541832723, "name": "George Street", "class": "living_street", "is_priority": false, "length_m": 79.7 }, "geometry": { "type": "LineString", "coordinates": [ [ -74.4441101, 40.4959525 ], [ -74.4441282, 40.4960316 ], [ -74.4442447, 40.496523 ], [ -74.4442796, 40.4966587 ] ] } },
{ "type": "Feature", "properties": { "id": "541954169-927", "osm_way": 541954169, "name": "Paterson Street", "class": "residential", "is_priority": false, "length_m": 129.6 }, "geometry": { "type": "LineString", "coordinates": [ [ -74.4439309, 40.4951703 ], [ -74.4438345, 40.49518470000001 ], [ -74.4424305, 40.495395299999984 ] ] } },
{ "type": "Feature", "properties": { "id": "541954172-928", "osm_way": 541954172, "name": "George Street", "class": "living_street", "is_priority": false, "length_m": 88.1 }, "geometry": { "type": "LineString", "coordinates": [ [ -74.4439309, 40.4951703 ], [ -74.4439522, 40.4952615 ], [ -74.4439972, 40.4954598 ], [ -74.4440949, 40.4958863 ], [ -74.4441101, 40.4959525 ] ] } },
{ "type": "Feature", "properties": { "id": "547855619-929", "osm_way": 547855619, "name": "New Street", "class": "secondary", "is_priority": false, "length_m": 50.8 }, "geometry": { "type": "LineString", "coordinates": [ [ -74.441359, 40.4925431 ], [ -74.4415136, 40.4925166 ], [ -74.4419449, 40.4924449 ] ] } },
{ "type": "Feature", "properties": { "id": "547855622-930", "osm_way": 547855622, "name": "New Street", "class": "secondary", "is_priority": false, "length_m": 51.4 }, "geometry": { "type": "LineString", "coordinates": [ [ -74.4419449, 40.4924449 ], [ -74.4416214, 40.4924048 ], [ -74.4414861, 40.4924156 ], [ -74.4413448, 40.4924289 ] ] } },
{ "type": "Feature", "properties": { "id": "547855627-931", "osm_way": 547855627, "name": "", "class": "secondary_link", "is_priority": false, "length_m": 30.2 }, "geometry": { "type": "LineString", "coordinates": [ [ -74.4349729, 40.4881243 ], [ -74.4350023, 40.4882106 ], [ -74.4350105, 40.4882335 ], [ -74.4350109, 40.48824960000001 ], [ -74.4350066, 40.4882695 ], [ -74.4349968, 40.4882892 ], [ -74.4349823, 40.488307399999989 ], [ -74.4349644, 40.4883223 ], [ -74.4349425, 40.4883371 ], [ -74.4349016, 40.4883592 ] ] } },
{ "type": "Feature", "properties": { "id": "547855629-932", "osm_way": 547855629, "name": "", "class": "secondary_link", "is_priority": false, "length_m": 32.5 }, "geometry": { "type": "LineString", "coordinates": [ [ -74.4349016, 40.4883592 ], [ -74.4349849, 40.488348399999985 ], [ -74.4350291, 40.4883426 ], [ -74.435067, 40.4883331 ], [ -74.4350968, 40.4883247 ], [ -74.4351236, 40.4883178 ], [ -74.4351476, 40.4883135 ], [ -74.4351838, 40.488306 ], [ -74.4352259, 40.4882997 ], [ -74.4352745, 40.4882958 ] ] } },
{ "type": "Feature", "properties": { "id": "552150376-933", "osm_way": 552150376, "name": "Delavan Street", "class": "residential", "is_priority": false, "length_m": 177.6 }, "geometry": { "type": "LineString", "coordinates": [ [ -74.4517081, 40.4860326 ], [ -74.451628, 40.485954399999983 ], [ -74.451614, 40.4859458 ], [ -74.4510716, 40.4856121 ], [ -74.4501722, 40.4850589 ], [ -74.4500973, 40.4850128 ] ] } },
{ "type": "Feature", "properties": { "id": "574009698-934", "osm_way": 574009698, "name": "Parkview Drive", "class": "residential", "is_priority": false, "length_m": 114.9 }, "geometry": { "type": "LineString", "coordinates": [ [ -74.4661059, 40.505877799999986 ], [ -74.4660078, 40.5058188 ], [ -74.4658937, 40.5057898 ], [ -74.4658172, 40.5057868 ], [ -74.4652762, 40.5058024 ], [ -74.465223, 40.5058102 ], [ -74.4651657, 40.505831 ], [ -74.465122, 40.5058587 ], [ -74.4648861, 40.5060224 ] ] } },
{ "type": "Feature", "properties": { "id": "574500033-935", "osm_way": 574500033, "name": "Paulus Boulevard West", "class": "residential", "is_priority": false, "length_m": 38.5 }, "geometry": { "type": "LineString", "coordinates": [ [ -74.4221749, 40.4858395 ], [ -74.4218462, 40.4860787 ] ] } },
{ "type": "Feature", "properties": { "id": "574751276-936", "osm_way": 574751276, "name": "Hollywood Street", "class": "residential", "is_priority": false, "length_m": 2.7 }, "geometry": { "type": "LineString", "coordinates": [ [ -74.461380534883489, 40.476678408913017 ], [ -74.4614055, 40.4766934 ] ] } },
{ "type": "Feature", "properties": { "id": "574754135-937", "osm_way": 574754135, "name": "May Street", "class": "residential", "is_priority": false, "length_m": 200.0 }, "geometry": { "type": "LineString", "coordinates": [ [ -74.4582531, 40.479733899999985 ], [ -74.458365, 40.479799 ], [ -74.4600559, 40.480832900000017 ], [ -74.460097012170451, 40.480858078174307 ] ] } },
{ "type": "Feature", "properties": { "id": "574754135-938", "osm_way": 574754135, "name": "May Street", "class": "residential", "is_priority": false, "length_m": 2.9 }, "geometry": { "type": "LineString", "coordinates": [ [ -74.460097012170451, 40.480858078174307 ], [ -74.4601235, 40.4808743 ] ] } },
{ "type": "Feature", "properties": { "id": "574754139-939", "osm_way": 574754139, "name": "May Street", "class": "residential", "is_priority": false, "length_m": 177.5 }, "geometry": { "type": "LineString", "coordinates": [ [ -74.4566079, 40.4787443 ], [ -74.4566837, 40.4787896 ], [ -74.4581453, 40.4796632 ], [ -74.4582531, 40.479733899999985 ] ] } },
{ "type": "Feature", "properties": { "id": "574762696-940", "osm_way": 574762696, "name": "Squibb Drive", "class": "residential", "is_priority": false, "length_m": 87.0 }, "geometry": { "type": "LineString", "coordinates": [ [ -74.4465177, 40.4769416 ], [ -74.4464573, 40.4768519 ], [ -74.4458063, 40.4763831 ] ] } },
{ "type": "Feature", "properties": { "id": "574762697-941", "osm_way": 574762697, "name": "Squibb Drive", "class": "residential", "is_priority": false, "length_m": 93.9 }, "geometry": { "type": "LineString", "coordinates": [ [ -74.4455895, 40.4765053 ], [ -74.4458029, 40.4765683 ], [ -74.4460443, 40.4767192 ], [ -74.4461267, 40.4767799 ], [ -74.4463567, 40.476909 ], [ -74.4465177, 40.4769416 ] ] } },
{ "type": "Feature", "properties": { "id": "574762698-942", "osm_way": 574762698, "name": "South Ward Street", "class": "residential", "is_priority": false, "length_m": 200.0 }, "geometry": { "type": "LineString", "coordinates": [ [ -74.4442555, 40.4769653 ], [ -74.446118309278177, 40.478071132749974 ] ] } },
{ "type": "Feature", "properties": { "id": "574762698-943", "osm_way": 574762698, "name": "South Ward Street", "class": "residential", "is_priority": false, "length_m": 68.0 }, "geometry": { "type": "LineString", "coordinates": [ [ -74.446118309278177, 40.478071132749974 ], [ -74.446752, 40.4784473 ] ] } },
{ "type": "Feature", "properties": { "id": "574764154-944", "osm_way": 574764154, "name": "Throop Avenue", "class": "residential", "is_priority": false, "length_m": 82.5 }, "geometry": { "type": "LineString", "coordinates": [ [ -74.4432948, 40.4864882 ], [ -74.4432281, 40.4865518 ], [ -74.4427404, 40.4870171 ], [ -74.4426866, 40.4870684 ] ] } },
{ "type": "Feature", "properties": { "id": "574764155-945", "osm_way": 574764155, "name": "Throop Avenue", "class": "residential", "is_priority": false, "length_m": 200.0 }, "geometry": { "type": "LineString", "coordinates": [ [ -74.4432948, 40.4864882 ], [ -74.4433652, 40.4864206 ], [ -74.4438523, 40.485953400000014 ], [ -74.4439114, 40.4858967 ], [ -74.4439561, 40.4858547 ], [ -74.4444339, 40.485405299999989 ], [ -74.444488, 40.4853544 ], [ -74.4445408, 40.4853035 ], [ -74.444770269980907, 40.485082108935224 ] ] } },
{ "type": "Feature", "properties": { "id": "574764155-946", "osm_way": 574764155, "name": "Throop Avenue", "class": "residential", "is_priority": false, "length_m": 200.0 }, "geometry": { "type": "LineString", "coordinates": [ [ -74.444770269980907, 40.485082108935224 ], [ -74.4450152, 40.4848458 ], [ -74.4450616, 40.4848009 ], [ -74.445122, 40.4847415 ], [ -74.4455906, 40.484279799999989 ], [ -74.4456348, 40.4842362 ], [ -74.4456907, 40.484184 ], [ -74.4461841, 40.4837223 ], [ -74.4462265, 40.4836827 ], [ -74.446238290276668, 40.483671613930483 ] ] } },
{ "type": "Feature", "properties": { "id": "574764155-947", "osm_way": 574764155, "name": "Throop Avenue", "class": "residential", "is_priority": false, "length_m": 165.5 }, "geometry": { "type": "LineString", "coordinates": [ [ -74.446238290276668, 40.483671613930483 ], [ -74.4462851, 40.4836276 ], [ -74.4467814, 40.4831604 ], [ -74.4468133, 40.4831304 ], [ -74.4468773, 40.483064400000018 ], [ -74.4469119, 40.4830293 ], [ -74.4470691, 40.48287 ], [ -74.4470749, 40.482864100000015 ], [ -74.4472883, 40.4826478 ], [ -74.4473679, 40.4825671 ], [ -74.447438, 40.482496 ] ] } },
{ "type": "Feature", "properties": { "id": "574766970-948", "osm_way": 574766970, "name": "Hartwell Street", "class": "residential", "is_priority": false, "length_m": 31.6 }, "geometry": { "type": "LineString", "coordinates": [ [ -74.4551941, 40.49847590000001 ], [ -74.4552265, 40.4985418 ], [ -74.4553251, 40.4987422 ] ] } },
{ "type": "Feature", "properties": { "id": "574767788-949", "osm_way": 574767788, "name": "Harvey Street", "class": "residential", "is_priority": false, "length_m": 177.4 }, "geometry": { "type": "LineString", "coordinates": [ [ -74.4525133, 40.4928742 ], [ -74.4536276, 40.494137 ], [ -74.453683, 40.4941998 ] ] } },
{ "type": "Feature", "properties": { "id": "574771759-950", "osm_way": 574771759, "name": "Jersey Avenue", "class": "tertiary", "is_priority": false, "length_m": 60.0 }, "geometry": { "type": "LineString", "coordinates": [ [ -74.4541182, 40.4919137 ], [ -74.454565, 40.4914945 ] ] } },
{ "type": "Feature", "properties": { "id": "574771760-951", "osm_way": 574771760, "name": "French Street", "class": "secondary", "is_priority": false, "length_m": 65.7 }, "geometry": { "type": "LineString", "coordinates": [ [ -74.4541182, 40.4919137 ], [ -74.4548156, 40.4916556 ] ] } },
{ "type": "Feature", "properties": { "id": "574771761-952", "osm_way": 574771761, "name": "French Street", "class": "secondary", "is_priority": false, "length_m": 98.7 }, "geometry": { "type": "LineString", "coordinates": [ [ -74.4631214, 40.489200299999986 ], [ -74.4630976, 40.4892072 ], [ -74.4628632, 40.4892756 ], [ -74.4626659, 40.4893331 ], [ -74.4620169, 40.4894816 ] ] } },
{ "type": "Feature", "properties": { "id": "574771763-953", "osm_way": 574771763, "name": "Somerset Street", "class": "secondary", "is_priority": false, "length_m": 67.3 }, "geometry": { "type": "LineString", "coordinates": [ [ -74.463830271553974, 40.488929407324285 ], [ -74.4637884, 40.488935299999987 ], [ -74.4636235, 40.48900470000001 ], [ -74.4635522, 40.4890347 ], [ -74.4631214, 40.489200299999986 ] ] } },
{ "type": "Feature", "properties": { "id": "574771764-954", "osm_way": 574771764, "name": "Somerset Street", "class": "residential", "is_priority": false, "length_m": 2.1 }, "geometry": { "type": "LineString", "coordinates": [ [ -74.4626968, 40.489584 ], [ -74.462718980624132, 40.489575131529257 ] ] } },
{ "type": "Feature", "properties": { "id": "574771765-955", "osm_way": 574771765, "name": "", "class": "secondary_link", "is_priority": false, "length_m": 5.2 }, "geometry": { "type": "LineString", "coordinates": [ [ -74.4636235, 40.48900470000001 ], [ -74.463588060430467, 40.489042881175678 ] ] } },
{ "type": "Feature", "properties": { "id": "574771765-956", "osm_way": 574771765, "name": "", "class": "secondary_link", "is_priority": false, "length_m": 22.1 }, "geometry": { "type": "LineString", "coordinates": [ [ -74.463407752446415, 40.489170959878166 ], [ -74.463319, 40.4892066 ], [ -74.4631734, 40.489259 ] ] } },
{ "type": "Feature", "properties": { "id": "574771766-957", "osm_way": 574771766, "name": "Somerset Street", "class": "residential", "is_priority": false, "length_m": 17.9 }, "geometry": { "type": "LineString", "coordinates": [ [ -74.4631734, 40.489259 ], [ -74.4631421, 40.4892778 ], [ -74.4630072, 40.4893589 ] ] } },
{ "type": "Feature", "properties": { "id": "574771767-958", "osm_way": 574771767, "name": "French Street", "class": "secondary", "is_priority": false, "length_m": 85.2 }, "geometry": { "type": "LineString", "coordinates": [ [ -74.4620169, 40.4894816 ], [ -74.4621691, 40.4894702 ], [ -74.4623, 40.4894604 ], [ -74.4625425, 40.4894422 ], [ -74.4630072, 40.4893589 ] ] } },
{ "type": "Feature", "properties": { "id": "574773688-959", "osm_way": 574773688, "name": "Richmond Street", "class": "residential", "is_priority": false, "length_m": 69.8 }, "geometry": { "type": "LineString", "coordinates": [ [ -74.440203100000019, 40.4941245 ], [ -74.4399393, 40.4941708 ], [ -74.439866, 40.4941821 ], [ -74.4398011, 40.4941946 ], [ -74.4396292, 40.4942306 ], [ -74.4395976, 40.4942342 ], [ -74.4395717, 40.4942349 ], [ -74.4395495, 40.4942321 ], [ -74.4395194, 40.494224 ], [ -74.4394891, 40.4942144 ], [ -74.4394586, 40.4941998 ], [ -74.4394182, 40.4941752 ] ] } },
{ "type": "Feature", "properties": { "id": "574773689-960", "osm_way": 574773689, "name": "Neilson Street", "class": "residential", "is_priority": false, "length_m": 12.7 }, "geometry": { "type": "LineString", "coordinates": [ [ -74.441359, 40.4925431 ], [ -74.4413448, 40.4924289 ] ] } },
{ "type": "Feature", "properties": { "id": "574774358-961", "osm_way": 574774358, "name": "Manor Court", "class": "residential", "is_priority": false, "length_m": 71.6 }, "geometry": { "type": "LineString", "coordinates": [ [ -74.413162, 40.486896 ], [ -74.4133516, 40.4866781 ], [ -74.4136295, 40.4863587 ] ] } },
{ "type": "Feature", "properties": { "id": "574774359-962", "osm_way": 574774359, "name": "Regency Manor Drive", "class": "residential", "is_priority": false, "length_m": 76.0 }, "geometry": { "type": "LineString", "coordinates": [ [ -74.4131901, 40.489179299999989 ], [ -74.413041, 40.489634 ], [ -74.4130379, 40.4896885 ], [ -74.4130596, 40.4897465 ], [ -74.4131076, 40.4898402 ] ] } },
{ "type": "Feature", "properties": { "id": "574778146-963", "osm_way": 574778146, "name": "Georges Road", "class": "tertiary", "is_priority": false, "length_m": 81.9 }, "geometry": { "type": "LineString", "coordinates": [ [ -74.4456566, 40.4814131 ], [ -74.4456352, 40.4813219 ], [ -74.4453653, 40.4808681 ], [ -74.445249, 40.4807517 ] ] } },
{ "type": "Feature", "properties": { "id": "574778150-964", "osm_way": 574778150, "name": "Georges Road", "class": "tertiary", "is_priority": false, "length_m": 23.2 }, "geometry": { "type": "LineString", "coordinates": [ [ -74.4458619, 40.4815492 ], [ -74.4457789, 40.4815026 ], [ -74.445769, 40.4814967 ], [ -74.445709, 40.4814607 ], [ -74.4456566, 40.4814131 ] ] } },
{ "type": "Feature", "properties": { "id": "574778155-965", "osm_way": 574778155, "name": "Georges Road", "class": "tertiary", "is_priority": false, "length_m": 59.6 }, "geometry": { "type": "LineString", "coordinates": [ [ -74.445249, 40.4807517 ], [ -74.4452651, 40.4808966 ], [ -74.4453697, 40.4811526 ], [ -74.4454394, 40.4812638 ] ] } },
{ "type": "Feature", "properties": { "id": "574778158-966", "osm_way": 574778158, "name": "Sandford Street", "class": "residential", "is_priority": false, "length_m": 112.8 }, "geometry": { "type": "LineString", "coordinates": [ [ -74.4443799, 40.4806485 ], [ -74.4454394, 40.4812638 ] ] } },
{ "type": "Feature", "properties": { "id": "574778284-967", "osm_way": 574778284, "name": "Jersey Avenue", "class": "tertiary", "is_priority": false, "length_m": 78.7 }, "geometry": { "type": "LineString", "coordinates": [ [ -74.454565, 40.4914945 ], [ -74.4551359, 40.4909354 ] ] } },
{ "type": "Feature", "properties": { "id": "574781853-968", "osm_way": 574781853, "name": "Prosper Street", "class": "residential", "is_priority": false, "length_m": 81.3 }, "geometry": { "type": "LineString", "coordinates": [ [ -74.452864, 40.4994006 ], [ -74.452906, 40.499337899999986 ], [ -74.4530726, 40.4990896 ], [ -74.45326, 40.4988102 ], [ -74.453301, 40.498749 ] ] } },
{ "type": "Feature", "properties": { "id": "576314503-969", "osm_way": 576314503, "name": "Juliet Street", "class": "residential", "is_priority": false, "length_m": 200.0 }, "geometry": { "type": "LineString", "coordinates": [ [ -74.4576914, 40.480274 ], [ -74.4577988, 40.4803386 ], [ -74.4594964, 40.4813721 ], [ -74.459536889256313, 40.481396726745196 ] ] } },
{ "type": "Feature", "properties": { "id": "576314503-970", "osm_way": 576314503, "name": "Juliet Street", "class": "residential", "is_priority": false, "length_m": 1.7 }, "geometry": { "type": "LineString", "coordinates": [ [ -74.459536889256313, 40.481396726745196 ], [ -74.4595523, 40.4814061 ] ] } },
{ "type": "Feature", "properties": { "id": "576314506-971", "osm_way": 576314506, "name": "Juliet Street", "class": "residential", "is_priority": false, "length_m": 177.8 }, "geometry": { "type": "LineString", "coordinates": [ [ -74.4576914, 40.480274 ], [ -74.457579700000011, 40.4802031 ], [ -74.4561357, 40.4793256 ], [ -74.4560522, 40.4792749 ] ] } },
{ "type": "Feature", "properties": { "id": "579899317-972", "osm_way": 579899317, "name": "New Jersey Turnpike", "class": "motorway", "is_priority": true, "length_m": 73.7 }, "geometry": { "type": "LineString", "coordinates": [ [ -74.4029966, 40.4802329 ], [ -74.4026238, 40.4808327 ] ] } },
{ "type": "Feature", "properties": { "id": "579899318-973", "osm_way": 579899318, "name": "New Jersey Turnpike", "class": "motorway", "is_priority": true, "length_m": 200.0 }, "geometry": { "type": "LineString", "coordinates": [ [ -74.397404, 40.4876892 ], [ -74.3982157, 40.4869478 ], [ -74.3987507, 40.4864776 ], [ -74.398931605728848, 40.486316002616476 ] ] } },
{ "type": "Feature", "properties": { "id": "579899318-974", "osm_way": 579899318, "name": "New Jersey Turnpike", "class": "motorway", "is_priority": true, "length_m": 18.1 }, "geometry": { "type": "LineString", "coordinates": [ [ -74.398931605728848, 40.486316002616476 ], [ -74.3990702, 40.4861922 ] ] } },
{ "type": "Feature", "properties": { "id": "580290574-975", "osm_way": 580290574, "name": "Route 18 Service Road", "class": "secondary", "is_priority": false, "length_m": 200.0 }, "geometry": { "type": "LineString", "coordinates": [ [ -74.4307788, 40.4868508 ], [ -74.431192, 40.486926099999984 ], [ -74.4313418, 40.4869522 ], [ -74.431494, 40.486981 ], [ -74.4316494, 40.4870118 ], [ -74.4318099, 40.4870444 ], [ -74.431974700000012, 40.4870793 ], [ -74.4321566, 40.48712 ], [ -74.4323683, 40.487171 ], [ -74.4325414, 40.4872141 ], [ -74.4327203, 40.4872597 ], [ -74.4329126, 40.4873108 ], [ -74.433044633456447, 40.487348722329294 ] ] } },
{ "type": "Feature", "properties": { "id": "580290574-976", "osm_way": 580290574, "name": "Route 18 Service Road", "class": "secondary", "is_priority": false, "length_m": 101.8 }, "geometry": { "type": "LineString", "coordinates": [ [ -74.433044633456447, 40.487348722329294 ], [ -74.4331027, 40.4873654 ], [ -74.4332887, 40.4874202 ], [ -74.4334578, 40.4874753 ], [ -74.4336162, 40.4875285 ], [ -74.433766, 40.48758 ], [ -74.4339051, 40.487632199999986 ], [ -74.4340163, 40.4876761 ], [ -74.4341391, 40.4877249 ] ] } },
{ "type": "Feature", "properties": { "id": "580290575-977", "osm_way": 580290575, "name": "", "class": "secondary", "is_priority": false, "length_m": 3.3 }, "geometry": { "type": "LineString", "coordinates": [ [ -74.4324899, 40.4871315 ], [ -74.4325, 40.4871031 ] ] } },
{ "type": "Feature", "properties": { "id": "580636306-978", "osm_way": 580636306, "name": "Tabernacle Way", "class": "residential", "is_priority": false, "length_m": 131.9 }, "geometry": { "type": "LineString", "coordinates": [ [ -74.4418579, 40.4900807 ], [ -74.4417845, 40.4901244 ], [ -74.4417112, 40.4901623 ], [ -74.441024100000021, 40.4904244 ], [ -74.4406416, 40.4905697 ], [ -74.4406098, 40.4905778 ], [ -74.4404715, 40.490613 ] ] } },
{ "type": "Feature", "properties": { "id": "580636307-979", "osm_way": 580636307, "name": "Remsen Avenue", "class": "residential", "is_priority": false, "length_m": 25.6 }, "geometry": { "type": "LineString", "coordinates": [ [ -74.4418579, 40.4900807 ], [ -74.4419387, 40.4900337 ], [ -74.441954, 40.4900248 ], [ -74.4421064, 40.4899504 ] ] } },
{ "type": "Feature", "properties": { "id": "581668351-980", "osm_way": 581668351, "name": "Remsen Avenue", "class": "residential", "is_priority": false, "length_m": 15.2 }, "geometry": { "type": "LineString", "coordinates": [ [ -74.4421064, 40.4899504 ], [ -74.4422595, 40.489878699999984 ] ] } },
{ "type": "Feature", "properties": { "id": "584774964-981", "osm_way": 584774964, "name": "Huntington Street", "class": "residential", "is_priority": false, "length_m": 174.8 }, "geometry": { "type": "LineString", "coordinates": [ [ -74.453861, 40.5051407 ], [ -74.4539621, 40.5050815 ], [ -74.4554429, 40.504215 ], [ -74.455498100000014, 40.504182699999987 ] ] } },
{ "type": "Feature", "properties": { "id": "588915486-982", "osm_way": 588915486, "name": "French Street", "class": "secondary", "is_priority": false, "length_m": 13.3 }, "geometry": { "type": "LineString", "coordinates": [ [ -74.4539802, 40.4919702 ], [ -74.4541182, 40.4919137 ] ] } },
{ "type": "Feature", "properties": { "id": "588915487-983", "osm_way": 588915487, "name": "French Street", "class": "secondary", "is_priority": false, "length_m": 7.5 }, "geometry": { "type": "LineString", "coordinates": [ [ -74.4539025, 40.4920018 ], [ -74.4539802, 40.4919702 ] ] } },
{ "type": "Feature", "properties": { "id": "588915716-984", "osm_way": 588915716, "name": "French Street", "class": "secondary", "is_priority": false, "length_m": 200.0 }, "geometry": { "type": "LineString", "coordinates": [ [ -74.4481777, 40.4953853 ], [ -74.4483441, 40.4953137 ], [ -74.4487549, 40.495137 ], [ -74.4500742, 40.4945695 ], [ -74.4502338546706, 40.494500824920046 ] ] } },
{ "type": "Feature", "properties": { "id": "588915716-985", "osm_way": 588915716, "name": "French Street", "class": "secondary", "is_priority": false, "length_m": 200.0 }, "geometry": { "type": "LineString", "coordinates": [ [ -74.4502338546706, 40.494500824920046 ], [ -74.4505087, 40.4943826 ], [ -74.450580200000019, 40.4943518 ], [ -74.4506713, 40.494296 ], [ -74.4507529, 40.4942459 ], [ -74.4509901, 40.4940721 ], [ -74.4514099, 40.4937444 ], [ -74.4517546, 40.4934546 ], [ -74.4518367, 40.4933856 ], [ -74.4519085, 40.4933312 ], [ -74.451962312084163, 40.493290445462179 ] ] } },
{ "type": "Feature", "properties": { "id": "588915716-986", "osm_way": 588915716, "name": "French Street", "class": "secondary", "is_priority": false, "length_m": 200.0 }, "geometry": { "type": "LineString", "coordinates": [ [ -74.451962312084163, 40.493290445462179 ], [ -74.4523742, 40.4929785 ], [ -74.4525133, 40.4928742 ], [ -74.4530731, 40.4924478 ], [ -74.4531942, 40.4923727 ], [ -74.453720399615662, 40.492097157343771 ] ] } },
{ "type": "Feature", "properties": { "id": "588915716-987", "osm_way": 588915716, "name": "French Street", "class": "secondary", "is_priority": false, "length_m": 18.7 }, "geometry": { "type": "LineString", "coordinates": [ [ -74.453720399615662, 40.492097157343771 ], [ -74.4539025, 40.4920018 ] ] } },
{ "type": "Feature", "properties": { "id": "588917800-988", "osm_way": 588917800, "name": "George Street", "class": "tertiary", "is_priority": false, "length_m": 58.4 }, "geometry": { "type": "LineString", "coordinates": [ [ -74.442760100000015, 40.4914552 ], [ -74.4427934, 40.4915067 ], [ -74.4430358, 40.4918832 ], [ -74.443064, 40.491927 ] ] } },
{ "type": "Feature", "properties": { "id": "588917809-989", "osm_way": 588917809, "name": "George Street", "class": "tertiary", "is_priority": false, "length_m": 29.6 }, "geometry": { "type": "LineString", "coordinates": [ [ -74.4426085, 40.4912149 ], [ -74.4427239, 40.4913978 ], [ -74.442760100000015, 40.4914552 ] ] } },
{ "type": "Feature", "properties": { "id": "588917945-990", "osm_way": 588917945, "name": "Bayard Street", "class": "residential", "is_priority": false, "length_m": 130.2 }, "geometry": { "type": "LineString", "coordinates": [ [ -74.4450317, 40.4942234 ], [ -74.4450449, 40.4942215 ], [ -74.4450603, 40.4942193 ], [ -74.4451003, 40.4942135 ], [ -74.4453593, 40.4941759 ], [ -74.4453774, 40.4941733 ], [ -74.4454688, 40.494159299999986 ], [ -74.4459638, 40.4940883 ], [ -74.4464708, 40.49401610000001 ], [ -74.4465419, 40.494006 ] ] } },
{ "type": "Feature", "properties": { "id": "588917946-991", "osm_way": 588917946, "name": "George Street", "class": "living_street", "is_priority": false, "length_m": 85.9 }, "geometry": { "type": "LineString", "coordinates": [ [ -74.4437466, 40.4944096 ], [ -74.4437671, 40.4944945 ], [ -74.4438376, 40.4947859 ], [ -74.4439165, 40.495111 ], [ -74.4439309, 40.4951703 ] ] } },
{ "type": "Feature", "properties": { "id": "588920931-992", "osm_way": 588920931, "name": "Easton Avenue", "class": "tertiary", "is_priority": false, "length_m": 30.5 }, "geometry": { "type": "LineString", "coordinates": [ [ -74.4464226, 40.4965047 ], [ -74.4464098, 40.4964967 ], [ -74.446299, 40.4964124 ], [ -74.4461663, 40.4963113 ] ] } },
{ "type": "Feature", "properties": { "id": "588950982-993", "osm_way": 588950982, "name": "Somerset Street", "class": "secondary", "is_priority": false, "length_m": 41.6 }, "geometry": { "type": "LineString", "coordinates": [ [ -74.483298, 40.480988 ], [ -74.4834246, 40.4808856 ], [ -74.4835427, 40.4807901 ], [ -74.4835667, 40.4807707 ], [ -74.483637740702562, 40.480717116639397 ] ] } },
{ "type": "Feature", "properties": { "id": "588951507-994", "osm_way": 588951507, "name": "Tunison Road", "class": "residential", "is_priority": false, "length_m": 199.0 }, "geometry": { "type": "LineString", "coordinates": [ [ -74.4050191, 40.4848284 ], [ -74.4049261, 40.4847276 ], [ -74.404826600000021, 40.4846611 ], [ -74.4046791, 40.484584 ], [ -74.4040255, 40.4843177 ], [ -74.4038333, 40.484211 ], [ -74.4036731, 40.4840848 ], [ -74.4035541, 40.4839572 ], [ -74.403436, 40.483805 ], [ -74.4033472, 40.4836429 ] ] } },
{ "type": "Feature", "properties": { "id": "608811380-995", "osm_way": 608811380, "name": "Railroad Avenue", "class": "residential", "is_priority": false, "length_m": 137.8 }, "geometry": { "type": "LineString", "coordinates": [ [ -74.4510031, 40.4921494 ], [ -74.4509636, 40.4921869 ], [ -74.4504464, 40.4926776 ], [ -74.4499806, 40.4931142 ] ] } },
{ "type": "Feature", "properties": { "id": "608811381-996", "osm_way": 608811381, "name": "Railroad Avenue", "class": "residential", "is_priority": false, "length_m": 19.1 }, "geometry": { "type": "LineString", "coordinates": [ [ -74.4499806, 40.4931142 ], [ -74.4497576, 40.4930864 ] ] } },
{ "type": "Feature", "properties": { "id": "608840501-997", "osm_way": 608840501, "name": "Wyckoff Street", "class": "residential", "is_priority": false, "length_m": 200.0 }, "geometry": { "type": "LineString", "coordinates": [ [ -74.4542172, 40.5004035 ], [ -74.4542764, 40.500460800000013 ], [ -74.454736, 40.50090560000001 ], [ -74.4547858, 40.5009538 ], [ -74.4548508, 40.501018 ], [ -74.4553163, 40.5014783 ], [ -74.4553637, 40.5015252 ], [ -74.4554165, 40.5015766 ], [ -74.455669596692516, 40.50182372871766 ] ] } },
{ "type": "Feature", "properties": { "id": "608840501-998", "osm_way": 608840501, "name": "Wyckoff Street", "class": "residential", "is_priority": false, "length_m": 200.0 }, "geometry": { "type": "LineString", "coordinates": [ [ -74.455669596692516, 40.50182372871766 ], [ -74.4558914, 40.5020403 ], [ -74.4559414, 40.5020891 ], [ -74.4560054, 40.5021513 ], [ -74.4564733, 40.5026057 ], [ -74.456521, 40.502652 ], [ -74.4565804, 40.5027108 ], [ -74.4568763, 40.5030042 ], [ -74.4570383, 40.5031647 ], [ -74.4570931, 40.5032221 ], [ -74.45711812390104, 40.503246233384878 ] ] } },
{ "type": "Feature", "properties": { "id": "608840501-999", "osm_way": 608840501, "name": "Wyckoff Street", "class": "residential", "is_priority": false, "length_m": 69.0 }, "geometry": { "type": "LineString", "coordinates": [ [ -74.45711812390104, 40.503246233384878 ], [ -74.4571493, 40.5032763 ], [ -74.4576094, 40.5037419 ] ] } },
{ "type": "Feature", "properties": { "id": "608840502-1000", "osm_way": 608840502, "name": "Bartlett Street", "class": "residential", "is_priority": false, "length_m": 49.7 }, "geometry": { "type": "LineString", "coordinates": [ [ -74.4542172, 40.5004035 ], [ -74.4542925, 40.5003577 ], [ -74.4544081, 40.5002873 ], [ -74.4545932, 40.5001746 ], [ -74.4546039, 40.5001579 ], [ -74.4546398, 40.5001023 ] ] } },
{ "type": "Feature", "properties": { "id": "609069543-1001", "osm_way": 609069543, "name": "Hassart Street", "class": "residential", "is_priority": false, "length_m": 198.7 }, "geometry": { "type": "LineString", "coordinates": [ [ -74.4406358, 40.4897912 ], [ -74.4406897, 40.4897691 ], [ -74.4413786, 40.4895042 ], [ -74.4414523, 40.4894759 ], [ -74.4415267, 40.4894473 ], [ -74.4419772, 40.4892742 ], [ -74.4420577, 40.4892106 ], [ -74.4424466, 40.4888338 ], [ -74.4425071, 40.4887752 ] ] } },
{ "type": "Feature", "properties": { "id": "609069544-1002", "osm_way": 609069544, "name": "Abeel Street", "class": "residential", "is_priority": false, "length_m": 70.1 }, "geometry": { "type": "LineString", "coordinates": [ [ -74.440257, 40.4892294 ], [ -74.440292, 40.4892808 ], [ -74.4406017, 40.4897356 ], [ -74.4406358, 40.4897912 ] ] } },
{ "type": "Feature", "properties": { "id": "609075063-1003", "osm_way": 609075063, "name": "Carman Street", "class": "residential", "is_priority": false, "length_m": 169.0 }, "geometry": { "type": "LineString", "coordinates": [ [ -74.440257, 40.4892294 ], [ -74.4403147, 40.4892073 ], [ -74.4409994, 40.4889453 ], [ -74.4410823, 40.488913599999989 ], [ -74.4411713, 40.48888 ], [ -74.4416733, 40.4886905 ], [ -74.4418738, 40.4884781 ], [ -74.4419139, 40.4884356 ] ] } },
{ "type": "Feature", "properties": { "id": "609075064-1004", "osm_way": 609075064, "name": "Abeel Street", "class": "residential", "is_priority": false, "length_m": 85.6 }, "geometry": { "type": "LineString", "coordinates": [ [ -74.4398163, 40.4885355 ], [ -74.4402347, 40.4891942 ], [ -74.440257, 40.4892294 ] ] } },
{ "type": "Feature", "properties": { "id": "610367156-1005", "osm_way": 610367156, "name": "Abeel Street", "class": "residential", "is_priority": false, "length_m": 36.3 }, "geometry": { "type": "LineString", "coordinates": [ [ -74.4396211, 40.4882444 ], [ -74.4396785, 40.48833 ], [ -74.4398163, 40.4885355 ] ] } },
{ "type": "Feature", "properties": { "id": "639270504-1006", "osm_way": 639270504, "name": "Mitchell Avenue", "class": "residential", "is_priority": false, "length_m": 200.0 }, "geometry": { "type": "LineString", "coordinates": [ [ -74.465445, 40.484648 ], [ -74.466185, 40.485098 ], [ -74.466884, 40.485523 ], [ -74.467291050224489, 40.48577030779667 ] ] } },
{ "type": "Feature", "properties": { "id": "639270504-1007", "osm_way": 639270504, "name": "Mitchell Avenue", "class": "residential", "is_priority": false, "length_m": 151.4 }, "geometry": { "type": "LineString", "coordinates": [ [ -74.467291050224489, 40.48577030779667 ], [ -74.467572, 40.485941 ], [ -74.468131, 40.48628 ], [ -74.4682325, 40.48638 ], [ -74.468435, 40.4866925 ], [ -74.468475250613835, 40.486754712329621 ] ] } },
{ "type": "Feature", "properties": { "id": "639270505-1008", "osm_way": 639270505, "name": "Curtis Place", "class": "residential", "is_priority": false, "length_m": 75.4 }, "geometry": { "type": "LineString", "coordinates": [ [ -74.465445, 40.484648 ], [ -74.466004, 40.48412 ] ] } },
{ "type": "Feature", "properties": { "id": "639294140-1009", "osm_way": 639294140, "name": "Bridge Street", "class": "residential", "is_priority": false, "length_m": 36.6 }, "geometry": { "type": "LineString", "coordinates": [ [ -74.4591455, 40.493961 ], [ -74.4591348, 40.4938931 ], [ -74.4590755, 40.4936355 ] ] } },
{ "type": "Feature", "properties": { "id": "639294141-1010", "osm_way": 639294141, "name": "Bridge Street", "class": "residential", "is_priority": false, "length_m": 12.9 }, "geometry": { "type": "LineString", "coordinates": [ [ -74.459134500000019, 40.4940734 ], [ -74.4591562, 40.494029 ], [ -74.4591475, 40.4939739 ], [ -74.4591455, 40.493961 ] ] } },
{ "type": "Feature", "properties": { "id": "639551537-1011", "osm_way": 639551537, "name": "Neilson Street", "class": "residential", "is_priority": false, "length_m": 85.8 }, "geometry": { "type": "LineString", "coordinates": [ [ -74.442264, 40.4962084 ], [ -74.4421857, 40.4958888 ], [ -74.4420806, 40.4954482 ] ] } },
{ "type": "Feature", "properties": { "id": "639551538-1012", "osm_way": 639551538, "name": "Albany Street", "class": "secondary", "is_priority": false, "length_m": 80.1 }, "geometry": { "type": "LineString", "coordinates": [ [ -74.4417666, 40.4969755 ], [ -74.4410214, 40.4970627 ], [ -74.4409818, 40.4970795 ], [ -74.440854500000015, 40.4971338 ] ] } },
{ "type": "Feature", "properties": { "id": "640137182-1013", "osm_way": 640137182, "name": "State Route 18", "class": "trunk", "is_priority": true, "length_m": 129.8 }, "geometry": { "type": "LineString", "coordinates": [ [ -74.4243507, 40.4854745 ], [ -74.4238268, 40.4854021 ], [ -74.4234106, 40.4853457 ], [ -74.4230043, 40.4852866 ], [ -74.4228452, 40.4852615 ] ] } },
{ "type": "Feature", "properties": { "id": "640137184-1014", "osm_way": 640137184, "name": "State Route 18", "class": "trunk", "is_priority": true, "length_m": 66.4 }, "geometry": { "type": "LineString", "coordinates": [ [ -74.4269948, 40.4860228 ], [ -74.4277542, 40.4861684 ] ] } },
{ "type": "Feature", "properties": { "id": "640319018-1015", "osm_way": 640319018, "name": "", "class": "unclassified", "is_priority": false, "length_m": 10.0 }, "geometry": { "type": "LineString", "coordinates": [ [ -74.4177154, 40.4871793 ], [ -74.417808, 40.487234499999978 ] ] } },
{ "type": "Feature", "properties": { "id": "640352159-1016", "osm_way": 640352159, "name": "Hoffman Boulevard", "class": "residential", "is_priority": false, "length_m": 115.2 }, "geometry": { "type": "LineString", "coordinates": [ [ -74.4163475, 40.4861964 ], [ -74.4166092, 40.4863662 ], [ -74.4167022, 40.4864203 ], [ -74.4170066, 40.4860865 ], [ -74.4171312, 40.4859707 ], [ -74.4172565, 40.4859731 ], [ -74.417301, 40.485974 ] ] } },
{ "type": "Feature", "properties": { "id": "660085949-1017", "osm_way": 660085949, "name": "Lee Avenue", "class": "residential", "is_priority": false, "length_m": 200.0 }, "geometry": { "type": "LineString", "coordinates": [ [ -74.4500973, 40.4850128 ], [ -74.4501412, 40.48497050000001 ], [ -74.4505953, 40.4845331 ], [ -74.4506601, 40.484470699999989 ], [ -74.4507108, 40.4844231 ], [ -74.4511945, 40.4839686 ], [ -74.4512413, 40.483924599999987 ], [ -74.4513014, 40.4838654 ], [ -74.451567253723908, 40.483603422839479 ] ] } },
{ "type": "Feature", "properties": { "id": "660085949-1018", "osm_way": 660085949, "name": "Lee Avenue", "class": "residential", "is_priority": false, "length_m": 200.0 }, "geometry": { "type": "LineString", "coordinates": [ [ -74.451567253723908, 40.483603422839479 ], [ -74.451761, 40.4834125 ], [ -74.4518205, 40.4833539 ], [ -74.4518714, 40.483306599999985 ], [ -74.4520989, 40.4830955 ], [ -74.4524144, 40.4828029 ], [ -74.4524758, 40.4827424 ], [ -74.4529283, 40.4822964 ], [ -74.452982, 40.4822435 ], [ -74.453035474489795, 40.482193155731835 ] ] } },
{ "type": "Feature", "properties": { "id": "660085949-1019", "osm_way": 660085949, "name": "Lee Avenue", "class": "residential", "is_priority": false, "length_m": 200.0 }, "geometry": { "type": "LineString", "coordinates": [ [ -74.453035474489795, 40.482193155731835 ], [ -74.4530435, 40.4821856 ], [ -74.4535809, 40.4816798 ], [ -74.4536225, 40.4816386 ], [ -74.4540889, 40.4811749 ], [ -74.4541395, 40.4811246 ], [ -74.4541963, 40.48107 ], [ -74.454498578125069, 40.480779728389955 ] ] } },
{ "type": "Feature", "properties": { "id": "660085949-1020", "osm_way": 660085949, "name": "Lee Avenue", "class": "residential", "is_priority": false, "length_m": 200.0 }, "geometry": { "type": "LineString", "coordinates": [ [ -74.454498578125069, 40.480779728389955 ], [ -74.4547855, 40.4805042 ], [ -74.4548439, 40.4804481 ], [ -74.4548879, 40.480403399999986 ], [ -74.4554442, 40.4798704 ], [ -74.4554948, 40.4798219 ], [ -74.4555393, 40.4797763 ], [ -74.455959851898029, 40.479365130781865 ] ] } },
{ "type": "Feature", "properties": { "id": "660085949-1021", "osm_way": 660085949, "name": "Lee Avenue", "class": "residential", "is_priority": false, "length_m": 200.0 }, "geometry": { "type": "LineString", "coordinates": [ [ -74.455959851898029, 40.479365130781865 ], [ -74.4559965, 40.4793293 ], [ -74.4560522, 40.4792749 ], [ -74.4560945, 40.4792324 ], [ -74.4566079, 40.4787443 ], [ -74.4566538, 40.4786979 ], [ -74.4571537, 40.478192 ], [ -74.457419355293652, 40.477949834138073 ] ] } },
{ "type": "Feature", "properties": { "id": "660085949-1022", "osm_way": 660085949, "name": "Lee Avenue", "class": "residential", "is_priority": false, "length_m": 58.9 }, "geometry": { "type": "LineString", "coordinates": [ [ -74.457419355293652, 40.477949834138073 ], [ -74.457555200000016, 40.477826 ], [ -74.4578652, 40.4775433 ] ] } },
{ "type": "Feature", "properties": { "id": "660085950-1023", "osm_way": 660085950, "name": "Delavan Street", "class": "residential", "is_priority": false, "length_m": 173.9 }, "geometry": { "type": "LineString", "coordinates": [ [ -74.4500973, 40.4850128 ], [ -74.4500277, 40.484973499999988 ], [ -74.4492743, 40.4845476 ], [ -74.4485478, 40.4841369 ], [ -74.4484481, 40.4840805 ] ] } },
{ "type": "Feature", "properties": { "id": "660154103-1024", "osm_way": 660154103, "name": "Wright Place", "class": "residential", "is_priority": false, "length_m": 71.9 }, "geometry": { "type": "LineString", "coordinates": [ [ -74.471075200000016, 40.4842517 ], [ -74.4714475, 40.4848341 ] ] } },
{ "type": "Feature", "properties": { "id": "660154104-1025", "osm_way": 660154104, "name": "", "class": "residential", "is_priority": false, "length_m": 165.5 }, "geometry": { "type": "LineString", "coordinates": [ [ -74.4714475, 40.4848341 ], [ -74.4731899, 40.4841617 ] ] } },
{ "type": "Feature", "properties": { "id": "660451786-1026", "osm_way": 660451786, "name": "", "class": "residential", "is_priority": false, "length_m": 196.9 }, "geometry": { "type": "LineString", "coordinates": [ [ -74.4409877, 40.4785827 ], [ -74.4411291, 40.4786638 ], [ -74.4413076, 40.478772399999983 ], [ -74.4415563, 40.4789228 ], [ -74.4418508, 40.4790925 ], [ -74.4421326, 40.479272 ], [ -74.4423864, 40.479431 ], [ -74.4426606, 40.4795998 ], [ -74.4428061, 40.4796866 ] ] } },
{ "type": "Feature", "properties": { "id": "661641894-1027", "osm_way": 661641894, "name": "Remsen Avenue", "class": "residential", "is_priority": false, "length_m": 82.6 }, "geometry": { "type": "LineString", "coordinates": [ [ -74.4484481, 40.4840805 ], [ -74.4488378, 40.4837059 ], [ -74.4489948, 40.4835551 ], [ -74.4490542, 40.483498 ] ] } },
{ "type": "Feature", "properties": { "id": "661641898-1028", "osm_way": 661641898, "name": "Delavan Street", "class": "residential", "is_priority": false, "length_m": 200.0 }, "geometry": { "type": "LineString", "coordinates": [ [ -74.4484481, 40.4840805 ], [ -74.4483825, 40.4840089 ], [ -74.4483385, 40.4839684 ], [ -74.4469621, 40.4831168 ], [ -74.4468773, 40.483064400000018 ], [ -74.4468187, 40.48302850000001 ], [ -74.446646614985269, 40.482923150145766 ] ] } },
{ "type": "Feature", "properties": { "id": "661641898-1029", "osm_way": 661641898, "name": "Delavan Street", "class": "residential", "is_priority": false, "length_m": 200.0 }, "geometry": { "type": "LineString", "coordinates": [ [ -74.446646614985269, 40.482923150145766 ], [ -74.4464203, 40.4827846 ], [ -74.4461197, 40.4826005 ], [ -74.4457702, 40.4823866 ], [ -74.4452968, 40.4820967 ], [ -74.444803300352945, 40.481798314282081 ] ] } },
{ "type": "Feature", "properties": { "id": "661641898-1030", "osm_way": 661641898, "name": "Delavan Street", "class": "residential", "is_priority": false, "length_m": 200.0 }, "geometry": { "type": "LineString", "coordinates": [ [ -74.444803300352945, 40.481798314282081 ], [ -74.4438017, 40.4811927 ], [ -74.442946598185657, 40.480686447751708 ] ] } },
{ "type": "Feature", "properties": { "id": "661641898-1031", "osm_way": 661641898, "name": "Delavan Street", "class": "residential", "is_priority": false, "length_m": 77.1 }, "geometry": { "type": "LineString", "coordinates": [ [ -74.442946598185657, 40.480686447751708 ], [ -74.442228, 40.480261 ] ] } },
{ "type": "Feature", "properties": { "id": "661773391-1032", "osm_way": 661773391, "name": "Jersey Avenue", "class": "tertiary", "is_priority": false, "length_m": 65.8 }, "geometry": { "type": "LineString", "coordinates": [ [ -74.4783178, 40.4691249 ], [ -74.4784821, 40.468897 ], [ -74.4786926, 40.4686063 ] ] } },
{ "type": "Feature", "properties": { "id": "661773392-1033", "osm_way": 661773392, "name": "Jersey Avenue", "class": "tertiary", "is_priority": false, "length_m": 41.7 }, "geometry": { "type": "LineString", "coordinates": [ [ -74.4779557, 40.4696159 ], [ -74.4780681, 40.4694609 ], [ -74.4781952, 40.4692874 ] ] } },
{ "type": "Feature", "properties": { "id": "666799141-1034", "osm_way": 666799141, "name": "", "class": "residential", "is_priority": false, "length_m": 20.9 }, "geometry": { "type": "LineString", "coordinates": [ [ -74.4457642, 40.4965849 ], [ -74.4457205, 40.4966315 ], [ -74.445756, 40.4967083 ], [ -74.4458125, 40.496732099999988 ] ] } },
{ "type": "Feature", "properties": { "id": "666861062-1035", "osm_way": 666861062, "name": "Fulton Street", "class": "residential", "is_priority": false, "length_m": 23.0 }, "geometry": { "type": "LineString", "coordinates": [ [ -74.4512239, 40.4801066 ], [ -74.4514376, 40.4802348 ] ] } },
{ "type": "Feature", "properties": { "id": "668815068-1036", "osm_way": 668815068, "name": "Bishop Street", "class": "residential", "is_priority": false, "length_m": 141.6 }, "geometry": { "type": "LineString", "coordinates": [ [ -74.4380159, 40.487704199999989 ], [ -74.437894, 40.4878545 ], [ -74.4377634, 40.488008599999986 ], [ -74.4376981, 40.4880978 ], [ -74.4372279, 40.4886511 ], [ -74.4371182, 40.4887801 ] ] } },
{ "type": "Feature", "properties": { "id": "670441392-1037", "osm_way": 670441392, "name": "Paulus Boulevard West", "class": "residential", "is_priority": false, "length_m": 30.2 }, "geometry": { "type": "LineString", "coordinates": [ [ -74.4224057, 40.4856318 ], [ -74.4223661, 40.4856651 ], [ -74.4221749, 40.4858395 ] ] } },
{ "type": "Feature", "properties": { "id": "674459867-1038", "osm_way": 674459867, "name": "Sample Road", "class": "residential", "is_priority": false, "length_m": 79.9 }, "geometry": { "type": "LineString", "coordinates": [ [ -74.4764945, 40.4833431 ], [ -74.4771085, 40.4831741 ], [ -74.4773802, 40.483097299999976 ] ] } },
{ "type": "Feature", "properties": { "id": "674459870-1039", "osm_way": 674459870, "name": "Gatling Court", "class": "residential", "is_priority": false, "length_m": 70.5 }, "geometry": { "type": "LineString", "coordinates": [ [ -74.4767915, 40.4839362 ], [ -74.4764945, 40.4833431 ] ] } },
{ "type": "Feature", "properties": { "id": "674459873-1040", "osm_way": 674459873, "name": "Carter Road", "class": "residential", "is_priority": false, "length_m": 107.7 }, "geometry": { "type": "LineString", "coordinates": [ [ -74.47618, 40.4841007 ], [ -74.4767915, 40.4839362 ], [ -74.4773737, 40.4837675 ] ] } },
{ "type": "Feature", "properties": { "id": "674459877-1041", "osm_way": 674459877, "name": "Sample Road", "class": "residential", "is_priority": false, "length_m": 76.2 }, "geometry": { "type": "LineString", "coordinates": [ [ -74.4756506, 40.483579399999989 ], [ -74.4758922, 40.4835096 ], [ -74.4764945, 40.4833431 ] ] } },
{ "type": "Feature", "properties": { "id": "674479501-1042", "osm_way": 674479501, "name": "Fulton Street", "class": "residential", "is_priority": false, "length_m": 200.0 }, "geometry": { "type": "LineString", "coordinates": [ [ -74.4557961, 40.4820963 ], [ -74.455909, 40.4821653 ], [ -74.456636, 40.4826089 ], [ -74.457516, 40.4831458 ], [ -74.4575899, 40.4831909 ], [ -74.45763947077161, 40.483221103593699 ] ] } },
{ "type": "Feature", "properties": { "id": "674479501-1043", "osm_way": 674479501, "name": "Fulton Street", "class": "residential", "is_priority": false, "length_m": 1.6 }, "geometry": { "type": "LineString", "coordinates": [ [ -74.45763947077161, 40.483221103593699 ], [ -74.4576544, 40.4832302 ] ] } },
{ "type": "Feature", "properties": { "id": "686703195-1044", "osm_way": 686703195, "name": "Morrell Street", "class": "residential", "is_priority": false, "length_m": 55.6 }, "geometry": { "type": "LineString", "coordinates": [ [ -74.4526946, 40.5022184 ], [ -74.4531346, 40.5019505 ], [ -74.45320790000001, 40.5019059 ] ] } },
{ "type": "Feature", "properties": { "id": "686703197-1045", "osm_way": 686703197, "name": "Morrell Street", "class": "residential", "is_priority": false, "length_m": 200.0 }, "geometry": { "type": "LineString", "coordinates": [ [ -74.45320790000001, 40.5019059 ], [ -74.4532791, 40.501863 ], [ -74.4547188, 40.5009942 ], [ -74.4547858, 40.5009538 ], [ -74.4548524, 40.5009138 ], [ -74.455064407721252, 40.500793391613634 ] ] } },
{ "type": "Feature", "properties": { "id": "686703197-1046", "osm_way": 686703197, "name": "Morrell Street", "class": "residential", "is_priority": false, "length_m": 57.5 }, "geometry": { "type": "LineString", "coordinates": [ [ -74.455064407721252, 40.500793391613634 ], [ -74.455541900000014, 40.5005222 ], [ -74.4555843, 40.5004677 ] ] } },
{ "type": "Feature", "properties": { "id": "709265163-1047", "osm_way": 709265163, "name": "Suydam Street", "class": "residential", "is_priority": false, "length_m": 132.8 }, "geometry": { "type": "LineString", "coordinates": [ [ -74.4518452, 40.491704099999986 ], [ -74.4530731, 40.4924478 ] ] } },
{ "type": "Feature", "properties": { "id": "712487212-1048", "osm_way": 712487212, "name": "Landing Lane", "class": "primary", "is_priority": true, "length_m": 200.0 }, "geometry": { "type": "LineString", "coordinates": [ [ -74.4640076, 40.5076779 ], [ -74.464064, 40.5076269 ], [ -74.4641511, 40.5075293 ], [ -74.464238, 40.5074335 ], [ -74.4650311, 40.506655 ], [ -74.4650857, 40.506599 ], [ -74.465507363992145, 40.506292523930483 ] ] } },
{ "type": "Feature", "properties": { "id": "712487212-1049", "osm_way": 712487212, "name": "Landing Lane", "class": "primary", "is_priority": true, "length_m": 22.4 }, "geometry": { "type": "LineString", "coordinates": [ [ -74.465507363992145, 40.506292523930483 ], [ -74.4656985, 40.5061536 ] ] } },
{ "type": "Feature", "properties": { "id": "733806786-1050", "osm_way": 733806786, "name": "Baldwin Street", "class": "residential", "is_priority": false, "length_m": 71.9 }, "geometry": { "type": "LineString", "coordinates": [ [ -74.4551359, 40.4909354 ], [ -74.455202, 40.490975399999989 ], [ -74.4556057, 40.491219499999985 ], [ -74.4557145, 40.4912853 ], [ -74.45571910000001, 40.4912956 ], [ -74.4557503, 40.4913652 ] ] } },
{ "type": "Feature", "properties": { "id": "735375812-1051", "osm_way": 735375812, "name": "Mine Street", "class": "residential", "is_priority": false, "length_m": 200.0 }, "geometry": { "type": "LineString", "coordinates": [ [ -74.452255, 40.4983429 ], [ -74.4522045, 40.4984184 ], [ -74.4518628, 40.498929399999987 ], [ -74.4518299, 40.4989785 ], [ -74.4517799, 40.4990505 ], [ -74.4515192, 40.4994263 ], [ -74.4514907, 40.4994674 ], [ -74.4512717, 40.49978320000001 ], [ -74.4512056, 40.4998744 ], [ -74.451163250669552, 40.499940207004371 ] ] } },
{ "type": "Feature", "properties": { "id": "735375812-1052", "osm_way": 735375812, "name": "Mine Street", "class": "residential", "is_priority": false, "length_m": 184.2 }, "geometry": { "type": "LineString", "coordinates": [ [ -74.451163250669552, 40.499940207004371 ], [ -74.4508308, 40.5004568 ], [ -74.4508045, 40.5004976 ], [ -74.4506596, 40.5007042 ], [ -74.4504954, 40.5008014 ], [ -74.4503262, 40.5009015 ], [ -74.4502703, 40.5009328 ], [ -74.4499454, 40.5011268 ], [ -74.4498269, 40.501197 ] ] } },
{ "type": "Feature", "properties": { "id": "738067953-1053", "osm_way": 738067953, "name": "", "class": "motorway_link", "is_priority": false, "length_m": 24.9 }, "geometry": { "type": "LineString", "coordinates": [ [ -74.4476711, 40.5035249 ], [ -74.447700900000015, 40.5035005 ], [ -74.4477259, 40.5034736 ], [ -74.4477457, 40.5034459 ], [ -74.4477612, 40.5034164 ], [ -74.4478111, 40.5033293 ] ] } },
{ "type": "Feature", "properties": { "id": "738067954-1054", "osm_way": 738067954, "name": "", "class": "motorway_link", "is_priority": false, "length_m": 52.8 }, "geometry": { "type": "LineString", "coordinates": [ [ -74.4477288, 40.5035922 ], [ -74.4478685, 40.5035804 ], [ -74.447931, 40.5035765 ], [ -74.447984600000012, 40.5035748 ], [ -74.4480417, 40.5035765 ], [ -74.448112400000014, 40.5035808 ], [ -74.4483472, 40.5036124 ] ] } },
{ "type": "Feature", "properties": { "id": "740687411-1055", "osm_way": 740687411, "name": "Riverside Drive", "class": "residential", "is_priority": false, "length_m": 77.5 }, "geometry": { "type": "LineString", "coordinates": [ [ -74.4395226, 40.4917237 ], [ -74.4394503, 40.4916123 ], [ -74.4391832, 40.4912005 ], [ -74.4391238, 40.4910959 ] ] } },
{ "type": "Feature", "properties": { "id": "740687412-1056", "osm_way": 740687412, "name": "Riverside Drive", "class": "residential", "is_priority": false, "length_m": 23.4 }, "geometry": { "type": "LineString", "coordinates": [ [ -74.4396557, 40.4919082 ], [ -74.4395226, 40.4917237 ] ] } },
{ "type": "Feature", "properties": { "id": "744290254-1057", "osm_way": 744290254, "name": "Railroad Avenue", "class": "residential", "is_priority": false, "length_m": 200.0 }, "geometry": { "type": "LineString", "coordinates": [ [ -74.4512343, 40.4922856 ], [ -74.4512895, 40.492233 ], [ -74.4517722, 40.4917736 ], [ -74.4518452, 40.491704099999986 ], [ -74.4519158, 40.4916369 ], [ -74.4523992, 40.4911767 ], [ -74.4524586, 40.4911202 ], [ -74.45271084607802, 40.490880058021325 ] ] } },
{ "type": "Feature", "properties": { "id": "744290254-1058", "osm_way": 744290254, "name": "Railroad Avenue", "class": "residential", "is_priority": false, "length_m": 44.6 }, "geometry": { "type": "LineString", "coordinates": [ [ -74.45271084607802, 40.490880058021325 ], [ -74.4530401, 40.4905666 ] ] } },
{ "type": "Feature", "properties": { "id": "747525023-1059", "osm_way": 747525023, "name": "Fulton Street", "class": "residential", "is_priority": false, "length_m": 200.0 }, "geometry": { "type": "LineString", "coordinates": [ [ -74.4525448, 40.4801521 ], [ -74.4526336, 40.4802062 ], [ -74.4540754, 40.4810855 ], [ -74.4541395, 40.4811246 ], [ -74.454217, 40.4811701 ], [ -74.454392245581261, 40.481272887776043 ] ] } },
{ "type": "Feature", "properties": { "id": "747525023-1060", "osm_way": 747525023, "name": "Fulton Street", "class": "residential", "is_priority": false, "length_m": 150.0 }, "geometry": { "type": "LineString", "coordinates": [ [ -74.454392245581261, 40.481272887776043 ], [ -74.4556877, 40.4820327 ], [ -74.4557961, 40.4820963 ] ] } },
{ "type": "Feature", "properties": { "id": "747525024-1061", "osm_way": 747525024, "name": "Lawrence Street", "class": "residential", "is_priority": false, "length_m": 175.4 }, "geometry": { "type": "LineString", "coordinates": [ [ -74.45196540000002, 40.4807099 ], [ -74.4518946, 40.4806565 ], [ -74.4517377, 40.4805612 ], [ -74.4516109, 40.4804374 ], [ -74.4515344, 40.4804107 ], [ -74.4514567, 40.480374 ], [ -74.4513184, 40.480428099999983 ], [ -74.4512134, 40.4804755 ], [ -74.4511674, 40.4805033 ], [ -74.4511268, 40.480534 ], [ -74.4509326, 40.4807196 ], [ -74.450881, 40.4807819 ], [ -74.4507664, 40.4809287 ], [ -74.4507228, 40.4809642 ], [ -74.4506742, 40.4809808 ], [ -74.4506314, 40.4809795 ], [ -74.4505862, 40.480964299999989 ], [ -74.450541, 40.4809281 ], [ -74.4505095, 40.4808649 ] ] } },
{ "type": "Feature", "properties": { "id": "747525027-1062", "osm_way": 747525027, "name": "", "class": "residential", "is_priority": false, "length_m": 9.1 }, "geometry": { "type": "LineString", "coordinates": [ [ -74.4461197, 40.4826005 ], [ -74.4460478, 40.4826614 ] ] } },
{ "type": "Feature", "properties": { "id": "748561249-1063", "osm_way": 748561249, "name": "Jersey Avenue", "class": "tertiary", "is_priority": false, "length_m": 20.8 }, "geometry": { "type": "LineString", "coordinates": [ [ -74.4781952, 40.4692874 ], [ -74.4783178, 40.4691249 ] ] } },
{ "type": "Feature", "properties": { "id": "749453538-1064", "osm_way": 749453538, "name": "Comstock Street", "class": "residential", "is_priority": false, "length_m": 160.0 }, "geometry": { "type": "LineString", "coordinates": [ [ -74.4563374, 40.4898303 ], [ -74.4577069, 40.4906833 ], [ -74.4577143, 40.4906935 ], [ -74.4577652, 40.4907637 ] ] } },
{ "type": "Feature", "properties": { "id": "749656974-1065", "osm_way": 749656974, "name": "Plum Street", "class": "residential", "is_priority": false, "length_m": 3.5 }, "geometry": { "type": "LineString", "coordinates": [ [ -74.4520268, 40.4944142 ], [ -74.4520508, 40.4944402 ] ] } },
{ "type": "Feature", "properties": { "id": "749656975-1066", "osm_way": 749656975, "name": "Plum Street", "class": "residential", "is_priority": false, "length_m": 200.0 }, "geometry": { "type": "LineString", "coordinates": [ [ -74.4523293, 40.4947405 ], [ -74.4523671, 40.4947837 ], [ -74.452419, 40.49484 ], [ -74.4524727, 40.4949017 ], [ -74.45363712392043, 40.49624030079832 ] ] } },
{ "type": "Feature", "properties": { "id": "749656975-1067", "osm_way": 749656975, "name": "Plum Street", "class": "residential", "is_priority": false, "length_m": 103.2 }, "geometry": { "type": "LineString", "coordinates": [ [ -74.45363712392043, 40.49624030079832 ], [ -74.4542418, 40.4969354 ], [ -74.454311, 40.497015 ] ] } },
{ "type": "Feature", "properties": { "id": "752093904-1068", "osm_way": 752093904, "name": "Delavan Street", "class": "residential", "is_priority": false, "length_m": 200.0 }, "geometry": { "type": "LineString", "coordinates": [ [ -74.4569492, 40.4892558 ], [ -74.4570659, 40.4893828 ], [ -74.4577927, 40.4898235 ], [ -74.4587117, 40.490392 ], [ -74.458747267455578, 40.490414022997776 ] ] } },
{ "type": "Feature", "properties": { "id": "752093904-1069", "osm_way": 752093904, "name": "Delavan Street", "class": "residential", "is_priority": false, "length_m": 7.2 }, "geometry": { "type": "LineString", "coordinates": [ [ -74.458747267455578, 40.490414022997776 ], [ -74.4588128, 40.4904546 ] ] } },
{ "type": "Feature", "properties": { "id": "752093905-1070", "osm_way": 752093905, "name": "Delavan Street", "class": "residential", "is_priority": false, "length_m": 200.0 }, "geometry": { "type": "LineString", "coordinates": [ [ -74.4589271, 40.4904164 ], [ -74.4588288, 40.4903559 ], [ -74.4578596, 40.4897592 ], [ -74.4571377, 40.4893184 ], [ -74.457078811664132, 40.489298843494645 ] ] } },
{ "type": "Feature", "properties": { "id": "752093905-1071", "osm_way": 752093905, "name": "Delavan Street", "class": "residential", "is_priority": false, "length_m": 12.0 }, "geometry": { "type": "LineString", "coordinates": [ [ -74.457078811664132, 40.489298843494645 ], [ -74.4569492, 40.4892558 ] ] } },
{ "type": "Feature", "properties": { "id": "752093906-1072", "osm_way": 752093906, "name": "Delavan Street", "class": "residential", "is_priority": false, "length_m": 9.1 }, "geometry": { "type": "LineString", "coordinates": [ [ -74.4578596, 40.4897592 ], [ -74.4577927, 40.4898235 ] ] } },
{ "type": "Feature", "properties": { "id": "752132312-1073", "osm_way": 752132312, "name": "Easton Avenue", "class": "tertiary", "is_priority": false, "length_m": 9.6 }, "geometry": { "type": "LineString", "coordinates": [ [ -74.4672066, 40.5049955 ], [ -74.467307841782656, 40.505034632894834 ] ] } },
{ "type": "Feature", "properties": { "id": "752132313-1074", "osm_way": 752132313, "name": "Landing Lane", "class": "primary", "is_priority": true, "length_m": 87.0 }, "geometry": { "type": "LineString", "coordinates": [ [ -74.466192, 40.5059343 ], [ -74.4663573, 40.5058788 ], [ -74.4665343, 40.5058343 ], [ -74.4667142, 40.5057993 ], [ -74.466806300000016, 40.505782 ], [ -74.4671762, 40.5057164 ] ] } },
{ "type": "Feature", "properties": { "id": "764084624-1075", "osm_way": 764084624, "name": "State Route 18", "class": "trunk", "is_priority": true, "length_m": 39.8 }, "geometry": { "type": "LineString", "coordinates": [ [ -74.4185245, 40.4833016 ], [ -74.4184079, 40.4832309 ], [ -74.4182913, 40.4831638 ], [ -74.4181504, 40.4830856 ] ] } },
{ "type": "Feature", "properties": { "id": "765314018-1076", "osm_way": 765314018, "name": "Jersey Avenue", "class": "tertiary", "is_priority": false, "length_m": 7.6 }, "geometry": { "type": "LineString", "coordinates": [ [ -74.477911, 40.469674799999986 ], [ -74.4779557, 40.4696159 ] ] } },
{ "type": "Feature", "properties": { "id": "779540162-1077", "osm_way": 779540162, "name": "Edpas Road", "class": "residential", "is_priority": false, "length_m": 200.0 }, "geometry": { "type": "LineString", "coordinates": [ [ -74.4738786, 40.4831463 ], [ -74.4739805, 40.48321150000001 ], [ -74.4740069, 40.4832239 ], [ -74.4742755, 40.4833503 ], [ -74.4744955, 40.483325799999989 ], [ -74.4746993, 40.4832034 ], [ -74.475089, 40.482882 ], [ -74.47539, 40.482603 ], [ -74.475612982370919, 40.482395444450368 ] ] } },
{ "type": "Feature", "properties": { "id": "779540162-1078", "osm_way": 779540162, "name": "Edpas Road", "class": "residential", "is_priority": false, "length_m": 200.0 }, "geometry": { "type": "LineString", "coordinates": [ [ -74.475612982370919, 40.482395444450368 ], [ -74.475708, 40.482307 ], [ -74.4763762, 40.4817169 ], [ -74.4765186, 40.4815777 ], [ -74.476687, 40.481413 ], [ -74.476829, 40.481275 ], [ -74.476979, 40.481128 ], [ -74.4770181, 40.4810882 ], [ -74.4770351, 40.4810722 ], [ -74.47710876653413, 40.481002611604367 ] ] } },
{ "type": "Feature", "properties": { "id": "779540162-1079", "osm_way": 779540162, "name": "Edpas Road", "class": "residential", "is_priority": false, "length_m": 21.5 }, "geometry": { "type": "LineString", "coordinates": [ [ -74.47710876653413, 40.481002611604367 ], [ -74.47712, 40.480992 ], [ -74.477265, 40.48085 ] ] } },
{ "type": "Feature", "properties": { "id": "793011054-1080", "osm_way": 793011054, "name": "Easton Avenue", "class": "tertiary", "is_priority": false, "length_m": 20.9 }, "geometry": { "type": "LineString", "coordinates": [ [ -74.4466132, 40.4966243 ], [ -74.4464226, 40.4965047 ] ] } },
{ "type": "Feature", "properties": { "id": "793011057-1081", "osm_way": 793011057, "name": "Easton Avenue", "class": "tertiary", "is_priority": false, "length_m": 8.5 }, "geometry": { "type": "LineString", "coordinates": [ [ -74.446691, 40.4966732 ], [ -74.4466132, 40.4966243 ] ] } },
{ "type": "Feature", "properties": { "id": "793212731-1082", "osm_way": 793212731, "name": "Paul Robeson Boulevard", "class": "tertiary", "is_priority": false, "length_m": 200.0 }, "geometry": { "type": "LineString", "coordinates": [ [ -74.4401559, 40.4870323 ], [ -74.4404732, 40.486719 ], [ -74.440538, 40.486655 ], [ -74.4405853, 40.486613 ], [ -74.4410528, 40.4861491 ], [ -74.441114, 40.486089 ], [ -74.4411558, 40.4860482 ], [ -74.4412802, 40.4859269 ], [ -74.4414924, 40.48572 ], [ -74.441604881645148, 40.48561030510573 ] ] } },
{ "type": "Feature", "properties": { "id": "793212731-1083", "osm_way": 793212731, "name": "Paul Robeson Boulevard", "class": "tertiary", "is_priority": false, "length_m": 13.2 }, "geometry": { "type": "LineString", "coordinates": [ [ -74.441604881645148, 40.48561030510573 ], [ -74.4416256, 40.4855901 ], [ -74.4417006, 40.485517 ] ] } },
{ "type": "Feature", "properties": { "id": "793272052-1084", "osm_way": 793272052, "name": "", "class": "trunk_link", "is_priority": false, "length_m": 200.0 }, "geometry": { "type": "LineString", "coordinates": [ [ -74.4185407, 40.4847837 ], [ -74.4187386, 40.4847318 ], [ -74.4188094, 40.4847111 ], [ -74.4188748, 40.484687899999983 ], [ -74.41893610000001, 40.48466220000001 ], [ -74.4189926, 40.4846349 ], [ -74.4190453, 40.4846036 ], [ -74.4190937, 40.484567199999987 ], [ -74.419134, 40.4845315 ], [ -74.4191665, 40.4844952 ], [ -74.4191964, 40.4844552 ], [ -74.4192237, 40.4844138 ], [ -74.4192497, 40.484367399999989 ], [ -74.4192687, 40.4843224 ], [ -74.4192827, 40.4842761 ], [ -74.4192921, 40.4842306 ], [ -74.4192954, 40.4841859 ], [ -74.4192949, 40.4841387 ], [ -74.4192881, 40.4840959 ], [ -74.4192757, 40.4840524 ], [ -74.4192579, 40.4840087 ], [ -74.4192357, 40.483966599999988 ], [ -74.4192068, 40.4839251 ], [ -74.4191676, 40.4838785 ], [ -74.4191143, 40.4838181 ], [ -74.4190624, 40.4837634 ], [ -74.4189708, 40.4836773 ], [ -74.4188726, 40.4835979 ], [ -74.4187664, 40.4835163 ], [ -74.418682524657072, 40.483441856077306 ] ] } },
{ "type": "Feature", "properties": { "id": "793272052-1085", "osm_way": 793272052, "name": "", "class": "trunk_link", "is_priority": false, "length_m": 20.5 }, "geometry": { "type": "LineString", "coordinates": [ [ -74.418682524657072, 40.483441856077306 ], [ -74.4185245, 40.4833016 ] ] } },
{ "type": "Feature", "properties": { "id": "796788792-1086", "osm_way": 796788792, "name": "", "class": "secondary_link", "is_priority": false, "length_m": 52.0 }, "geometry": { "type": "LineString", "coordinates": [ [ -74.4407704, 40.4926646 ], [ -74.4411473, 40.4926145 ], [ -74.4411986, 40.4925957 ], [ -74.441359, 40.4925431 ] ] } },
{ "type": "Feature", "properties": { "id": "796792674-1087", "osm_way": 796792674, "name": "George Street", "class": "tertiary", "is_priority": false, "length_m": 24.5 }, "geometry": { "type": "LineString", "coordinates": [ [ -74.4400571, 40.487361 ], [ -74.4401191, 40.487451 ], [ -74.4401917, 40.4875565 ] ] } },
{ "type": "Feature", "properties": { "id": "796792679-1088", "osm_way": 796792679, "name": "George Street", "class": "tertiary", "is_priority": false, "length_m": 25.0 }, "geometry": { "type": "LineString", "coordinates": [ [ -74.4398047, 40.4870279 ], [ -74.4398981, 40.4871435 ], [ -74.4399595, 40.4872194 ] ] } },
{ "type": "Feature", "properties": { "id": "796792680-1089", "osm_way": 796792680, "name": "George Street", "class": "tertiary", "is_priority": false, "length_m": 200.0 }, "geometry": { "type": "LineString", "coordinates": [ [ -74.4401917, 40.4875565 ], [ -74.4403961, 40.4878533 ], [ -74.440571, 40.4881202 ], [ -74.4408523, 40.488549399999989 ], [ -74.440894, 40.4886155 ], [ -74.4410595, 40.4888775 ], [ -74.4410823, 40.488913599999989 ], [ -74.441114, 40.4889617 ], [ -74.441249169342484, 40.489167110885433 ] ] } },
{ "type": "Feature", "properties": { "id": "796792680-1090", "osm_way": 796792680, "name": "George Street", "class": "tertiary", "is_priority": false, "length_m": 113.8 }, "geometry": { "type": "LineString", "coordinates": [ [ -74.441249169342484, 40.489167110885433 ], [ -74.4414219, 40.4894296 ], [ -74.4414523, 40.4894759 ], [ -74.4414856, 40.4895247 ], [ -74.4417896, 40.4899788 ], [ -74.4418579, 40.4900807 ] ] } },
{ "type": "Feature", "properties": { "id": "820918273-1091", "osm_way": 820918273, "name": "Vermella Drive", "class": "residential", "is_priority": false, "length_m": 200.0 }, "geometry": { "type": "LineString", "coordinates": [ [ -74.425148, 40.4802169 ], [ -74.4246021, 40.4797935 ], [ -74.423945, 40.4793048 ], [ -74.4238348, 40.4792882 ], [ -74.4237534, 40.4793113 ], [ -74.4236692, 40.47935649999998 ], [ -74.423395237528553, 40.479537288812629 ] ] } },
{ "type": "Feature", "properties": { "id": "820918273-1092", "osm_way": 820918273, "name": "Vermella Drive", "class": "residential", "is_priority": false, "length_m": 200.0 }, "geometry": { "type": "LineString", "coordinates": [ [ -74.423395237528553, 40.479537288812629 ], [ -74.4230879, 40.4797401 ], [ -74.4230142, 40.4797799 ], [ -74.4226993, 40.4799753 ], [ -74.4225642, 40.48008440000001 ], [ -74.4223938, 40.4802346 ], [ -74.4222507, 40.4803445 ], [ -74.4216653, 40.480675399999988 ], [ -74.421611911071111, 40.480708963280073 ] ] } },
{ "type": "Feature", "properties": { "id": "820918273-1093", "osm_way": 820918273, "name": "Vermella Drive", "class": "residential", "is_priority": false, "length_m": 32.8 }, "geometry": { "type": "LineString", "coordinates": [ [ -74.421611911071111, 40.480708963280073 ], [ -74.4214943, 40.480782899999987 ], [ -74.4213137, 40.4808971 ] ] } },
{ "type": "Feature", "properties": { "id": "820918274-1094", "osm_way": 820918274, "name": "Sadie Circle", "class": "residential", "is_priority": false, "length_m": 200.0 }, "geometry": { "type": "LineString", "coordinates": [ [ -74.4227108, 40.4818232 ], [ -74.4234303, 40.4826585 ], [ -74.4241146, 40.4823257 ], [ -74.424317063618858, 40.482228742589555 ] ] } },
{ "type": "Feature", "properties": { "id": "820918274-1095", "osm_way": 820918274, "name": "Sadie Circle", "class": "residential", "is_priority": false, "length_m": 176.4 }, "geometry": { "type": "LineString", "coordinates": [ [ -74.424317063618858, 40.482228742589555 ], [ -74.4252589, 40.4817777 ], [ -74.4256766, 40.4815776 ], [ -74.425754400000017, 40.4812191 ] ] } },
{ "type": "Feature", "properties": { "id": "836485594-1096", "osm_way": 836485594, "name": "Industrial Drive", "class": "residential", "is_priority": false, "length_m": 21.0 }, "geometry": { "type": "LineString", "coordinates": [ [ -74.4813879, 40.476622099999986 ], [ -74.4811811, 40.4765182 ] ] } },
{ "type": "Feature", "properties": { "id": "836485595-1097", "osm_way": 836485595, "name": "Industrial Drive", "class": "residential", "is_priority": false, "length_m": 69.8 }, "geometry": { "type": "LineString", "coordinates": [ [ -74.4811811, 40.4765182 ], [ -74.4807248, 40.4762879 ], [ -74.4806447, 40.4762624 ], [ -74.4805679, 40.4762471 ], [ -74.480457300000012, 40.476250299999982 ] ] } },
{ "type": "Feature", "properties": { "id": "844107408-1098", "osm_way": 844107408, "name": "Seminary Place", "class": "residential", "is_priority": false, "length_m": 51.7 }, "geometry": { "type": "LineString", "coordinates": [ [ -74.4488436, 40.5009912 ], [ -74.4489279, 40.5009491 ], [ -74.4489928, 40.5009107 ], [ -74.4492457, 40.5007805 ], [ -74.4493456, 40.5007265 ] ] } },
{ "type": "Feature", "properties": { "id": "845749085-1099", "osm_way": 845749085, "name": "Conger Avenue", "class": "residential", "is_priority": false, "length_m": 171.1 }, "geometry": { "type": "LineString", "coordinates": [ [ -74.442207811748972, 40.47656165605477 ], [ -74.4419486, 40.47682 ], [ -74.4414981, 40.477285 ], [ -74.4409838, 40.4777875 ] ] } },
{ "type": "Feature", "properties": { "id": "938274105-1100", "osm_way": 938274105, "name": "", "class": "residential", "is_priority": false, "length_m": 105.9 }, "geometry": { "type": "LineString", "coordinates": [ [ -74.4492333, 40.4991021 ], [ -74.4491987, 40.4991619 ], [ -74.4491039, 40.4993255 ], [ -74.4490471, 40.499412 ], [ -74.4488972, 40.4995076 ], [ -74.4485306, 40.4997315 ], [ -74.4484224, 40.4997965 ] ] } },
{ "type": "Feature", "properties": { "id": "946759495-1101", "osm_way": 946759495, "name": "", "class": "trunk_link", "is_priority": false, "length_m": 34.3 }, "geometry": { "type": "LineString", "coordinates": [ [ -74.4152191, 40.4838168 ], [ -74.4154037, 40.4838718 ], [ -74.4155978, 40.4839267 ] ] } },
{ "type": "Feature", "properties": { "id": "965915132-1102", "osm_way": 965915132, "name": "New Jersey Turnpike", "class": "motorway", "is_priority": true, "length_m": 200.0 }, "geometry": { "type": "LineString", "coordinates": [ [ -74.3999496, 40.4849272 ], [ -74.4003466, 40.4844967 ], [ -74.4007596, 40.4840255 ], [ -74.4011593, 40.483544 ], [ -74.401254484083097, 40.48342647905428 ] ] } },
{ "type": "Feature", "properties": { "id": "965915132-1103", "osm_way": 965915132, "name": "New Jersey Turnpike", "class": "motorway", "is_priority": true, "length_m": 200.0 }, "geometry": { "type": "LineString", "coordinates": [ [ -74.401254484083097, 40.48342647905428 ], [ -74.4015509, 40.4830605 ], [ -74.4019318, 40.4825709 ], [ -74.4023126, 40.4820731 ], [ -74.402455189350007, 40.481875657416943 ] ] } },
{ "type": "Feature", "properties": { "id": "965915132-1104", "osm_way": 965915132, "name": "New Jersey Turnpike", "class": "motorway", "is_priority": true, "length_m": 188.5 }, "geometry": { "type": "LineString", "coordinates": [ [ -74.402455189350007, 40.481875657416943 ], [ -74.4026721, 40.481575299999989 ], [ -74.4035169, 40.4803839 ] ] } },
{ "type": "Feature", "properties": { "id": "965915133-1105", "osm_way": 965915133, "name": "New Jersey Turnpike", "class": "motorway", "is_priority": true, "length_m": 151.2 }, "geometry": { "type": "LineString", "coordinates": [ [ -74.3988858, 40.486020399999987 ], [ -74.3990028, 40.4859043 ], [ -74.3995097, 40.4853923 ], [ -74.3999496, 40.4849272 ] ] } },
{ "type": "Feature", "properties": { "id": "967873757-1106", "osm_way": 967873757, "name": "Route 18 Service Road", "class": "secondary", "is_priority": false, "length_m": 85.8 }, "geometry": { "type": "LineString", "coordinates": [ [ -74.4364316, 40.4891423 ], [ -74.4365365, 40.4892434 ], [ -74.43665630000001, 40.4893592 ], [ -74.4367764, 40.4894801 ], [ -74.4368946, 40.4896021 ], [ -74.4369957, 40.489716199999989 ], [ -74.4370377, 40.4897611 ] ] } },
{ "type": "Feature", "properties": { "id": "967875942-1107", "osm_way": 967875942, "name": "", "class": "trunk_link", "is_priority": false, "length_m": 70.1 }, "geometry": { "type": "LineString", "coordinates": [ [ -74.4236199, 40.4851628 ], [ -74.4235144, 40.4851007 ], [ -74.4232913, 40.4849647 ], [ -74.4231401, 40.4848766 ], [ -74.4231166, 40.4848631 ], [ -74.4230735, 40.4848385 ], [ -74.423044, 40.4848179 ], [ -74.4230143, 40.4847918 ], [ -74.4229846, 40.4847617 ] ] } },
{ "type": "Feature", "properties": { "id": "967880279-1108", "osm_way": 967880279, "name": "", "class": "motorway_link", "is_priority": false, "length_m": 54.3 }, "geometry": { "type": "LineString", "coordinates": [ [ -74.4531696, 40.5060675 ], [ -74.4529392, 40.5060304 ], [ -74.4528211, 40.506008899999983 ], [ -74.4527145, 40.505977799999989 ], [ -74.4525615, 40.50592120000001 ] ] } },
{ "type": "Feature", "properties": { "id": "967885295-1109", "osm_way": 967885295, "name": "", "class": "motorway_link", "is_priority": false, "length_m": 99.1 }, "geometry": { "type": "LineString", "coordinates": [ [ -74.4370039, 40.4891208 ], [ -74.4369157, 40.489037 ], [ -74.436824700000017, 40.4889539 ], [ -74.436769, 40.488900699999988 ], [ -74.4367012, 40.4888401 ], [ -74.4366288, 40.4887787 ], [ -74.4365451, 40.4887108 ], [ -74.4364609, 40.488641499999986 ], [ -74.4363848, 40.488581600000018 ], [ -74.4363029, 40.4885163 ], [ -74.4362216, 40.4884578 ] ] } },
{ "type": "Feature", "properties": { "id": "968055263-1110", "osm_way": 968055263, "name": "", "class": "motorway_link", "is_priority": false, "length_m": 59.5 }, "geometry": { "type": "LineString", "coordinates": [ [ -74.4040319, 40.4812163 ], [ -74.4044092, 40.48076480000001 ] ] } },
{ "type": "Feature", "properties": { "id": "968055299-1111", "osm_way": 968055299, "name": "", "class": "trunk_link", "is_priority": false, "length_m": 76.8 }, "geometry": { "type": "LineString", "coordinates": [ [ -74.4159829, 40.4840178 ], [ -74.4160907, 40.4840391 ], [ -74.416202700000014, 40.4840587 ], [ -74.416261, 40.4840701 ], [ -74.4163162, 40.4840818 ], [ -74.4163715, 40.4840968 ], [ -74.4164167, 40.4841132 ], [ -74.4164411, 40.484122 ], [ -74.416508900000011, 40.4841579 ], [ -74.416545, 40.4841811 ], [ -74.4165861, 40.4842127 ], [ -74.4166205, 40.4842438 ], [ -74.416654, 40.484277599999984 ], [ -74.4166888, 40.4843183 ], [ -74.416724, 40.4843615 ] ] } },
{ "type": "Feature", "properties": { "id": "968058227-1112", "osm_way": 968058227, "name": "", "class": "motorway_link", "is_priority": false, "length_m": 148.8 }, "geometry": { "type": "LineString", "coordinates": [ [ -74.4307788, 40.4868508 ], [ -74.4311976, 40.4868788 ], [ -74.4313106, 40.4868924 ], [ -74.4314222, 40.48690770000001 ], [ -74.4315261, 40.4869224 ], [ -74.4316241, 40.4869388 ], [ -74.4317285, 40.4869585 ], [ -74.4318434, 40.486981 ], [ -74.431977, 40.4870115 ], [ -74.4323921, 40.4871086 ], [ -74.4324899, 40.4871315 ] ] } },
{ "type": "Feature", "properties": { "id": "968433870-1113", "osm_way": 968433870, "name": "Memorial Parkway", "class": "motorway", "is_priority": true, "length_m": 60.3 }, "geometry": { "type": "LineString", "coordinates": [ [ -74.4431548, 40.5012769 ], [ -74.4437253, 40.5016017 ] ] } },
{ "type": "Feature", "properties": { "id": "968686065-1114", "osm_way": 968686065, "name": "", "class": "motorway", "is_priority": true, "length_m": 200.0 }, "geometry": { "type": "LineString", "coordinates": [ [ -74.4500961, 40.5056504 ], [ -74.4505671, 40.5058616 ], [ -74.4511892, 40.5060945 ], [ -74.4516723, 40.5062399 ], [ -74.4520323, 40.506332 ], [ -74.452248185375282, 40.506372598870819 ] ] } },
{ "type": "Feature", "properties": { "id": "968686065-1115", "osm_way": 968686065, "name": "", "class": "motorway", "is_priority": true, "length_m": 200.0 }, "geometry": { "type": "LineString", "coordinates": [ [ -74.452248185375282, 40.506372598870819 ], [ -74.4525832, 40.5064356 ], [ -74.454569576800509, 40.506696028833055 ] ] } },
{ "type": "Feature", "properties": { "id": "968686065-1116", "osm_way": 968686065, "name": "", "class": "motorway", "is_priority": true, "length_m": 135.2 }, "geometry": { "type": "LineString", "coordinates": [ [ -74.454569576800509, 40.506696028833055 ], [ -74.455152900000016, 40.5067725 ], [ -74.4556419, 40.5068576 ], [ -74.4561233, 40.5069661 ] ] } },
{ "type": "Feature", "properties": { "id": "968686066-1117", "osm_way": 968686066, "name": "", "class": "motorway", "is_priority": true, "length_m": 22.7 }, "geometry": { "type": "LineString", "coordinates": [ [ -74.4498907, 40.505519700000015 ], [ -74.4500961, 40.5056504 ] ] } },
{ "type": "Feature", "properties": { "id": "972612928-1118", "osm_way": 972612928, "name": "Hiram Square", "class": "residential", "is_priority": false, "length_m": 63.1 }, "geometry": { "type": "LineString", "coordinates": [ [ -74.4419462, 40.4950332 ], [ -74.4417936, 40.4950608 ], [ -74.4412231, 40.4951682 ] ] } },
{ "type": "Feature", "properties": { "id": "972908889-1119", "osm_way": 972908889, "name": "George Street", "class": "tertiary", "is_priority": false, "length_m": 55.2 }, "geometry": { "type": "LineString", "coordinates": [ [ -74.4478111, 40.5033293 ], [ -74.4483472, 40.5036124 ] ] } },
{ "type": "Feature", "properties": { "id": "972928262-1120", "osm_way": 972928262, "name": "George Street", "class": "primary", "is_priority": true, "length_m": 200.0 }, "geometry": { "type": "LineString", "coordinates": [ [ -74.4555421, 40.506611 ], [ -74.455914, 40.506693 ], [ -74.4561428, 40.5067341 ], [ -74.4564373, 40.5067752 ], [ -74.4576368, 40.5069367 ], [ -74.457854542349878, 40.506965343113549 ] ] } },
{ "type": "Feature", "properties": { "id": "972928262-1121", "osm_way": 972928262, "name": "George Street", "class": "primary", "is_priority": true, "length_m": 199.0 }, "geometry": { "type": "LineString", "coordinates": [ [ -74.457854542349878, 40.506965343113549 ], [ -74.4601692, 40.5072698 ] ] } },
{ "type": "Feature", "properties": { "id": "972955333-1122", "osm_way": 972955333, "name": "Landing Lane", "class": "primary", "is_priority": true, "length_m": 48.5 }, "geometry": { "type": "LineString", "coordinates": [ [ -74.4656985, 40.5061536 ], [ -74.4658544, 40.5060934 ], [ -74.4659979, 40.5060179 ], [ -74.4660911, 40.505973 ], [ -74.466192, 40.5059343 ] ] } },
{ "type": "Feature", "properties": { "id": "972955334-1123", "osm_way": 972955334, "name": "Landing Lane", "class": "primary", "is_priority": true, "length_m": 103.7 }, "geometry": { "type": "LineString", "coordinates": [ [ -74.4667427, 40.5057111 ], [ -74.466637, 40.5057329 ], [ -74.4664321, 40.5057772 ], [ -74.4663275, 40.505808 ], [ -74.466226, 40.5058435 ], [ -74.4661059, 40.505877799999986 ], [ -74.4660477, 40.5059026 ], [ -74.4659712, 40.50594430000001 ], [ -74.46589, 40.5059928 ], [ -74.4658063, 40.506048 ], [ -74.4656985, 40.5061536 ] ] } },
{ "type": "Feature", "properties": { "id": "972955336-1124", "osm_way": 972955336, "name": "Landing Lane", "class": "primary", "is_priority": true, "length_m": 3.8 }, "geometry": { "type": "LineString", "coordinates": [ [ -74.467218770030314, 40.505622994861319 ], [ -74.467176400000014, 40.5056331 ] ] } },
{ "type": "Feature", "properties": { "id": "973280597-1125", "osm_way": 973280597, "name": "Landing Lane", "class": "tertiary", "is_priority": false, "length_m": 2.5 }, "geometry": { "type": "LineString", "coordinates": [ [ -74.4639771, 40.508055599999985 ], [ -74.4639815, 40.5080336 ] ] } },
{ "type": "Feature", "properties": { "id": "973526946-1126", "osm_way": 973526946, "name": "Main Street", "class": "residential", "is_priority": false, "length_m": 5.7 }, "geometry": { "type": "LineString", "coordinates": [ [ -74.4631734, 40.489259 ], [ -74.463213220445979, 40.489300866032117 ] ] } },
{ "type": "Feature", "properties": { "id": "973526947-1127", "osm_way": 973526947, "name": "Somerset Street", "class": "residential", "is_priority": false, "length_m": 36.3 }, "geometry": { "type": "LineString", "coordinates": [ [ -74.4630072, 40.4893589 ], [ -74.4628913, 40.4894382 ], [ -74.4626968, 40.489584 ] ] } },
{ "type": "Feature", "properties": { "id": "973526948-1128", "osm_way": 973526948, "name": "French Street", "class": "secondary", "is_priority": false, "length_m": 12.8 }, "geometry": { "type": "LineString", "coordinates": [ [ -74.4630072, 40.4893589 ], [ -74.463154064700433, 40.489333693200784 ] ] } },
{ "type": "Feature", "properties": { "id": "975113399-1129", "osm_way": 975113399, "name": "Renaissance Lane", "class": "residential", "is_priority": false, "length_m": 18.7 }, "geometry": { "type": "LineString", "coordinates": [ [ -74.4481046, 40.4828205 ], [ -74.4481381, 40.4828254 ], [ -74.448231, 40.4827428 ], [ -74.448211, 40.4827134 ] ] } },
{ "type": "Feature", "properties": { "id": "975113400-1130", "osm_way": 975113400, "name": "Renaissance Lane", "class": "residential", "is_priority": false, "length_m": 6.9 }, "geometry": { "type": "LineString", "coordinates": [ [ -74.448056, 40.4828706 ], [ -74.4480992, 40.4828268 ], [ -74.4481046, 40.4828205 ] ] } },
{ "type": "Feature", "properties": { "id": "975113401-1131", "osm_way": 975113401, "name": "Renaissance Lane", "class": "residential", "is_priority": false, "length_m": 18.5 }, "geometry": { "type": "LineString", "coordinates": [ [ -74.448211, 40.4827134 ], [ -74.4481776, 40.4827074 ], [ -74.4480872, 40.48279740000001 ], [ -74.4481046, 40.4828205 ] ] } },
{ "type": "Feature", "properties": { "id": "975134931-1132", "osm_way": 975134931, "name": "Remsen Avenue", "class": "residential", "is_priority": false, "length_m": 200.0 }, "geometry": { "type": "LineString", "coordinates": [ [ -74.4538822, 40.4788454 ], [ -74.4539378, 40.478793 ], [ -74.4544735, 40.4782881 ], [ -74.4548159, 40.4779348 ], [ -74.4549981, 40.4777731 ], [ -74.455356252551013, 40.477439136138209 ] ] } },
{ "type": "Feature", "properties": { "id": "975134931-1133", "osm_way": 975134931, "name": "Remsen Avenue", "class": "residential", "is_priority": false, "length_m": 88.2 }, "geometry": { "type": "LineString", "coordinates": [ [ -74.455356252551013, 40.477439136138209 ], [ -74.4555593, 40.477249799999989 ], [ -74.4560014, 40.4768158 ] ] } },
{ "type": "Feature", "properties": { "id": "975134937-1134", "osm_way": 975134937, "name": "Hickory Drive", "class": "residential", "is_priority": false, "length_m": 39.0 }, "geometry": { "type": "LineString", "coordinates": [ [ -74.4531482, 40.479428 ], [ -74.4531048, 40.4793691 ], [ -74.4530153, 40.4793198 ], [ -74.4528996, 40.4792483 ], [ -74.452795200000011, 40.4792165 ] ] } },
{ "type": "Feature", "properties": { "id": "975134939-1135", "osm_way": 975134939, "name": "Hickory Drive", "class": "residential", "is_priority": false, "length_m": 8.9 }, "geometry": { "type": "LineString", "coordinates": [ [ -74.4531482, 40.479428 ], [ -74.4532308, 40.4794775 ] ] } },
{ "type": "Feature", "properties": { "id": "975134940-1136", "osm_way": 975134940, "name": "Hickory Drive", "class": "residential", "is_priority": false, "length_m": 38.7 }, "geometry": { "type": "LineString", "coordinates": [ [ -74.452795200000011, 40.4792165 ], [ -74.4528686, 40.4792872 ], [ -74.452988, 40.4793577 ], [ -74.4530796, 40.4794117 ], [ -74.4531482, 40.479428 ] ] } },
{ "type": "Feature", "properties": { "id": "975134941-1137", "osm_way": 975134941, "name": "Evergreen Drive", "class": "residential", "is_priority": false, "length_m": 35.6 }, "geometry": { "type": "LineString", "coordinates": [ [ -74.449534, 40.4782207 ], [ -74.4495779, 40.4782784 ], [ -74.4496679, 40.4783419 ], [ -74.4497846, 40.4784087 ], [ -74.4498472, 40.4784195 ] ] } },
{ "type": "Feature", "properties": { "id": "975134942-1138", "osm_way": 975134942, "name": "Evergreen Drive", "class": "residential", "is_priority": false, "length_m": 11.2 }, "geometry": { "type": "LineString", "coordinates": [ [ -74.449534, 40.4782207 ], [ -74.4495062, 40.4782045 ], [ -74.4494289, 40.4781595 ] ] } },
{ "type": "Feature", "properties": { "id": "975134943-1139", "osm_way": 975134943, "name": "Evergreen Drive", "class": "residential", "is_priority": false, "length_m": 36.3 }, "geometry": { "type": "LineString", "coordinates": [ [ -74.4498472, 40.4784195 ], [ -74.4498318, 40.4783707 ], [ -74.449718600000011, 40.478306099999983 ], [ -74.4496091, 40.4782357 ], [ -74.449534, 40.4782207 ] ] } },
{ "type": "Feature", "properties": { "id": "975500263-1140", "osm_way": 975500263, "name": "College Avenue", "class": "residential", "is_priority": false, "length_m": 19.2 }, "geometry": { "type": "LineString", "coordinates": [ [ -74.4485431, 40.4999163 ], [ -74.4486808, 40.5000535 ] ] } },
{ "type": "Feature", "properties": { "id": "976526654-1141", "osm_way": 976526654, "name": "New Jersey Turnpike", "class": "motorway", "is_priority": true, "length_m": 200.0 }, "geometry": { "type": "LineString", "coordinates": [ [ -74.3991691, 40.4851781 ], [ -74.3986326, 40.4857187 ], [ -74.3981793, 40.4861634 ], [ -74.3977356, 40.4865826 ], [ -74.39771793785124, 40.486598681056158 ] ] } },
{ "type": "Feature", "properties": { "id": "976526654-1142", "osm_way": 976526654, "name": "New Jersey Turnpike", "class": "motorway", "is_priority": true, "length_m": 99.2 }, "geometry": { "type": "LineString", "coordinates": [ [ -74.39771793785124, 40.486598681056158 ], [ -74.3973547, 40.4869294 ], [ -74.396967500000017, 40.4872845 ] ] } },
{ "type": "Feature", "properties": { "id": "976526655-1143", "osm_way": 976526655, "name": "New Jersey Turnpike", "class": "motorway", "is_priority": true, "length_m": 20.6 }, "geometry": { "type": "LineString", "coordinates": [ [ -74.3990702, 40.4861922 ], [ -74.3992281, 40.4860512 ] ] } },
{ "type": "Feature", "properties": { "id": "997366017-1144", "osm_way": 997366017, "name": "Ryders Lane", "class": "secondary", "is_priority": false, "length_m": 65.8 }, "geometry": { "type": "LineString", "coordinates": [ [ -74.4278439, 40.478238199999986 ], [ -74.4278492, 40.4779674 ], [ -74.4278145, 40.4777457 ], [ -74.427800238735131, 40.477647643281394 ] ] } },
{ "type": "Feature", "properties": { "id": "998331996-1145", "osm_way": 998331996, "name": "", "class": "motorway_link", "is_priority": false, "length_m": 22.0 }, "geometry": { "type": "LineString", "coordinates": [ [ -74.4474702, 40.5036126 ], [ -74.4477288, 40.5035922 ] ] } },
{ "type": "Feature", "properties": { "id": "999514878-1146", "osm_way": 999514878, "name": "Burnet Street", "class": "secondary", "is_priority": false, "length_m": 133.0 }, "geometry": { "type": "LineString", "coordinates": [ [ -74.4392888, 40.4933048 ], [ -74.4392637, 40.4931543 ], [ -74.4392492, 40.493052899999988 ], [ -74.439236, 40.4929655 ], [ -74.4392175, 40.4928589 ], [ -74.4391957, 40.4927568 ], [ -74.4391673, 40.492626 ], [ -74.4391387, 40.4925181 ], [ -74.4391106, 40.4924232 ], [ -74.4390825, 40.4923287 ], [ -74.4390228, 40.492124699999984 ] ] } },
{ "type": "Feature", "properties": { "id": "999514879-1147", "osm_way": 999514879, "name": "Burnet Street", "class": "secondary", "is_priority": false, "length_m": 99.3 }, "geometry": { "type": "LineString", "coordinates": [ [ -74.4390228, 40.492124699999984 ], [ -74.4389807, 40.4920265 ], [ -74.4389329, 40.4919249 ], [ -74.4388776, 40.4918177 ], [ -74.4388252, 40.4917182 ], [ -74.4387659, 40.4916137 ], [ -74.4387065, 40.491511600000017 ], [ -74.4385799, 40.4912973 ] ] } },
{ "type": "Feature", "properties": { "id": "1008611685-1148", "osm_way": 1008611685, "name": "Route 18 Service Road", "class": "secondary", "is_priority": false, "length_m": 200.0 }, "geometry": { "type": "LineString", "coordinates": [ [ -74.4370377, 40.4897611 ], [ -74.4371222, 40.4898681 ], [ -74.4372007, 40.4899662 ], [ -74.4372841, 40.4900753 ], [ -74.4373651, 40.4901895 ], [ -74.4374323, 40.4902834 ], [ -74.4375054, 40.4903903 ], [ -74.43758, 40.4905046 ], [ -74.4376535, 40.4906176 ], [ -74.4377312, 40.490749 ], [ -74.4378104, 40.4908761 ], [ -74.4380487, 40.4912568 ], [ -74.438113545183285, 40.491363180641379 ] ] } },
{ "type": "Feature", "properties": { "id": "1008611685-1149", "osm_way": 1008611685, "name": "Route 18 Service Road", "class": "secondary", "is_priority": false, "length_m": 200.0 }, "geometry": { "type": "LineString", "coordinates": [ [ -74.438113545183285, 40.491363180641379 ], [ -74.4381163, 40.4913677 ], [ -74.4381916, 40.4914884 ], [ -74.4382666, 40.4916117 ], [ -74.4383496, 40.4917482 ], [ -74.43842650000002, 40.4918823 ], [ -74.4384737, 40.4919715 ], [ -74.4385167, 40.4920541 ], [ -74.4385609, 40.4921502 ], [ -74.4385978, 40.4922304 ], [ -74.4386207, 40.492292 ], [ -74.438648300000011, 40.492366599999983 ], [ -74.4386705, 40.4924313 ], [ -74.4386948, 40.4925048 ], [ -74.4387206, 40.4925925 ], [ -74.4387473, 40.4927009 ], [ -74.4387709, 40.4928035 ], [ -74.4387933, 40.4929073 ], [ -74.438816, 40.4930174 ], [ -74.438824544269977, 40.493070055388401 ] ] } },
{ "type": "Feature", "properties": { "id": "1008611685-1150", "osm_way": 1008611685, "name": "Route 18 Service Road", "class": "secondary", "is_priority": false, "length_m": 16.9 }, "geometry": { "type": "LineString", "coordinates": [ [ -74.438824544269977, 40.493070055388401 ], [ -74.4388326, 40.4931197 ], [ -74.4388463, 40.4932212 ] ] } },
{ "type": "Feature", "properties": { "id": "1008841457-1151", "osm_way": 1008841457, "name": "Somerset Street", "class": "residential", "is_priority": false, "length_m": 200.0 }, "geometry": { "type": "LineString", "coordinates": [ [ -74.449901, 40.4961914 ], [ -74.4500003, 40.4961482 ], [ -74.4502709, 40.4960002 ], [ -74.4507851, 40.495696299999985 ], [ -74.4508435, 40.4956643 ], [ -74.4513333, 40.4953959 ], [ -74.4514103, 40.495355 ], [ -74.4515104, 40.4953038 ], [ -74.4515654, 40.4952756 ], [ -74.451652, 40.4952314 ], [ -74.451820879321403, 40.495145211457547 ] ] } },
{ "type": "Feature", "properties": { "id": "1008841457-1152", "osm_way": 1008841457, "name": "Somerset Street", "class": "residential", "is_priority": false, "length_m": 200.0 }, "geometry": { "type": "LineString", "coordinates": [ [ -74.451820879321403, 40.495145211457547 ], [ -74.4523325, 40.4948841 ], [ -74.452419, 40.49484 ], [ -74.4524806, 40.49480830000001 ], [ -74.4529202, 40.4945818 ], [ -74.4529942, 40.4945447 ], [ -74.4536144, 40.4942342 ], [ -74.453683, 40.4941998 ], [ -74.453758, 40.4941597 ], [ -74.453784355337888, 40.494145605479154 ] ] } },
{ "type": "Feature", "properties": { "id": "1008841457-1153", "osm_way": 1008841457, "name": "Somerset Street", "class": "residential", "is_priority": false, "length_m": 200.0 }, "geometry": { "type": "LineString", "coordinates": [ [ -74.453784355337888, 40.494145605479154 ], [ -74.454374500000014, 40.49383 ], [ -74.4544399, 40.493795 ], [ -74.4545386, 40.4937446 ], [ -74.4552211, 40.4933962 ], [ -74.4553107, 40.4933512 ], [ -74.455738968665528, 40.493136100563667 ] ] } },
{ "type": "Feature", "properties": { "id": "1008841457-1154", "osm_way": 1008841457, "name": "Somerset Street", "class": "residential", "is_priority": false, "length_m": 200.0 }, "geometry": { "type": "LineString", "coordinates": [ [ -74.455738968665528, 40.493136100563667 ], [ -74.4559094, 40.49305050000001 ], [ -74.4560427, 40.4929835 ], [ -74.4561521, 40.4929276 ], [ -74.4567136, 40.4926404 ], [ -74.4568196, 40.4925862 ], [ -74.4569285, 40.4925313 ], [ -74.457526, 40.49223 ], [ -74.4576314, 40.4921755 ], [ -74.457703389452547, 40.49213759077081 ] ] } },
{ "type": "Feature", "properties": { "id": "1008841457-1155", "osm_way": 1008841457, "name": "Somerset Street", "class": "residential", "is_priority": false, "length_m": 200.0 }, "geometry": { "type": "LineString", "coordinates": [ [ -74.457703389452547, 40.49213759077081 ], [ -74.4582085, 40.4918716 ], [ -74.4584075, 40.4917731 ], [ -74.458522, 40.4917122 ], [ -74.459242, 40.4913421 ], [ -74.4594458, 40.4912389 ], [ -74.459660046258392, 40.491130366880412 ] ] } },
{ "type": "Feature", "properties": { "id": "1008841457-1156", "osm_way": 1008841457, "name": "Somerset Street", "class": "residential", "is_priority": false, "length_m": 25.3 }, "geometry": { "type": "LineString", "coordinates": [ [ -74.459660046258392, 40.491130366880412 ], [ -74.4599091, 40.4910042 ] ] } },
{ "type": "Feature", "properties": { "id": "1018498990-1157", "osm_way": 1018498990, "name": "Remsen Avenue", "class": "residential", "is_priority": false, "length_m": 200.0 }, "geometry": { "type": "LineString", "coordinates": [ [ -74.450812, 40.481829 ], [ -74.4513315, 40.4813244 ], [ -74.4513927, 40.4812649 ], [ -74.45196540000002, 40.4807099 ], [ -74.4521105, 40.4805702 ], [ -74.452272747292497, 40.480414005566267 ] ] } },
{ "type": "Feature", "properties": { "id": "1018498990-1158", "osm_way": 1018498990, "name": "Remsen Avenue", "class": "residential", "is_priority": false, "length_m": 200.0 }, "geometry": { "type": "LineString", "coordinates": [ [ -74.452272747292497, 40.480414005566267 ], [ -74.4525448, 40.4801521 ], [ -74.4532308, 40.4794775 ], [ -74.4534547, 40.4792603 ], [ -74.453727562327714, 40.478995486267301 ] ] } },
{ "type": "Feature", "properties": { "id": "1018498990-1159", "osm_way": 1018498990, "name": "Remsen Avenue", "class": "residential", "is_priority": false, "length_m": 21.2 }, "geometry": { "type": "LineString", "coordinates": [ [ -74.453727562327714, 40.478995486267301 ], [ -74.4538446, 40.4788819 ], [ -74.4538822, 40.4788454 ] ] } },
{ "type": "Feature", "properties": { "id": "1020488491-1160", "osm_way": 1020488491, "name": "French Street", "class": "secondary", "is_priority": false, "length_m": 122.5 }, "geometry": { "type": "LineString", "coordinates": [ [ -74.4469212, 40.4959304 ], [ -74.4471517, 40.4958358 ], [ -74.4473829, 40.4957317 ], [ -74.4477796, 40.495574099999985 ], [ -74.4480414, 40.49545 ], [ -74.4481777, 40.4953853 ] ] } },
{ "type": "Feature", "properties": { "id": "1025086288-1161", "osm_way": 1025086288, "name": "Johnson Drive", "class": "tertiary", "is_priority": false, "length_m": 61.8 }, "geometry": { "type": "LineString", "coordinates": [ [ -74.4413656, 40.4982988 ], [ -74.4413638, 40.4982561 ], [ -74.4413556, 40.4982082 ], [ -74.4413431, 40.4981516 ], [ -74.4413272, 40.4980942 ], [ -74.4413069, 40.498037199999985 ], [ -74.4412803, 40.4979766 ], [ -74.4412399, 40.497889 ], [ -74.4411791, 40.4977633 ] ] } },
{ "type": "Feature", "properties": { "id": "1025088130-1162", "osm_way": 1025088130, "name": "Johnson Drive", "class": "tertiary", "is_priority": false, "length_m": 79.2 }, "geometry": { "type": "LineString", "coordinates": [ [ -74.4413239, 40.499009 ], [ -74.441313, 40.498952 ], [ -74.441309, 40.4988942 ], [ -74.4413091, 40.4988386 ], [ -74.4413138, 40.4987832 ], [ -74.4413238, 40.4987122 ], [ -74.4413397, 40.4986255 ], [ -74.4413529, 40.4985581 ], [ -74.4413612, 40.4984895 ], [ -74.4413669, 40.4984273 ], [ -74.4413674, 40.4983587 ], [ -74.4413656, 40.4982988 ] ] } },
{ "type": "Feature", "properties": { "id": "1026960781-1163", "osm_way": 1026960781, "name": "How Lane", "class": "secondary", "is_priority": false, "length_m": 66.4 }, "geometry": { "type": "LineString", "coordinates": [ [ -74.485218885085885, 40.47193266149921 ], [ -74.4854807, 40.472088 ], [ -74.485837, 40.472299499999984 ] ] } },
{ "type": "Feature", "properties": { "id": "1030284289-1164", "osm_way": 1030284289, "name": "Paulus Boulevard West", "class": "residential", "is_priority": false, "length_m": 25.2 }, "geometry": { "type": "LineString", "coordinates": [ [ -74.4221749, 40.4858395 ], [ -74.4224213, 40.4857118 ] ] } },
{ "type": "Feature", "properties": { "id": "1030284290-1165", "osm_way": 1030284290, "name": "Paulus Boulevard West", "class": "residential", "is_priority": false, "length_m": 13.4 }, "geometry": { "type": "LineString", "coordinates": [ [ -74.422811200000012, 40.4853798 ], [ -74.4228452, 40.4852615 ] ] } },
{ "type": "Feature", "properties": { "id": "1030284291-1166", "osm_way": 1030284291, "name": "State Route 18", "class": "trunk", "is_priority": true, "length_m": 6.0 }, "geometry": { "type": "LineString", "coordinates": [ [ -74.4227425, 40.4853686 ], [ -74.422811200000012, 40.4853798 ] ] } },
{ "type": "Feature", "properties": { "id": "1034253734-1167", "osm_way": 1034253734, "name": "Somerset Street", "class": "residential", "is_priority": false, "length_m": 58.8 }, "geometry": { "type": "LineString", "coordinates": [ [ -74.444755, 40.4983425 ], [ -74.4448389, 40.4983189 ], [ -74.4449043, 40.4982978 ], [ -74.4449669, 40.4982789 ], [ -74.4453978, 40.4981442 ] ] } },
{ "type": "Feature", "properties": { "id": "1036263554-1168", "osm_way": 1036263554, "name": "Albany Street", "class": "secondary", "is_priority": false, "length_m": 54.8 }, "geometry": { "type": "LineString", "coordinates": [ [ -74.4424069, 40.4969077 ], [ -74.4422513, 40.4969188 ], [ -74.4417666, 40.4969755 ] ] } },
{ "type": "Feature", "properties": { "id": "1041302442-1169", "osm_way": 1041302442, "name": "College Avenue", "class": "residential", "is_priority": false, "length_m": 81.0 }, "geometry": { "type": "LineString", "coordinates": [ [ -74.453861, 40.5051407 ], [ -74.4539171, 40.5051967 ], [ -74.4540453, 40.50532410000001 ], [ -74.4541256, 40.505401 ], [ -74.4543972, 40.505663 ], [ -74.454451, 40.5057153 ] ] } },
{ "type": "Feature", "properties": { "id": "1041302443-1170", "osm_way": 1041302443, "name": "College Avenue", "class": "residential", "is_priority": false, "length_m": 24.2 }, "geometry": { "type": "LineString", "coordinates": [ [ -74.454451, 40.5057153 ], [ -74.4546181, 40.5058742 ], [ -74.4546295, 40.505885699999986 ] ] } },
{ "type": "Feature", "properties": { "id": "1041360840-1171", "osm_way": 1041360840, "name": "Johnson Drive", "class": "tertiary", "is_priority": false, "length_m": 102.1 }, "geometry": { "type": "LineString", "coordinates": [ [ -74.4412479, 40.498297 ], [ -74.441247, 40.498345300000011 ], [ -74.441242700000018, 40.4983895 ], [ -74.4412356, 40.4984404 ], [ -74.4411802, 40.4987031 ], [ -74.4411737, 40.4987514 ], [ -74.4411698, 40.4987982 ], [ -74.4411686, 40.4988442 ], [ -74.4411699, 40.4988892 ], [ -74.4411738, 40.4989413 ], [ -74.4411803, 40.4989895 ], [ -74.4411897, 40.499044 ], [ -74.4412042, 40.4990939 ], [ -74.441221400000018, 40.4991427 ], [ -74.4412494, 40.4992058 ] ] } },
{ "type": "Feature", "properties": { "id": "1041360841-1172", "osm_way": 1041360841, "name": "Johnson Drive", "class": "tertiary", "is_priority": false, "length_m": 49.5 }, "geometry": { "type": "LineString", "coordinates": [ [ -74.4412494, 40.4992058 ], [ -74.4412774, 40.4992613 ], [ -74.4413093, 40.4993209 ], [ -74.4413449, 40.4993797 ], [ -74.4413872, 40.4994361 ], [ -74.4414311, 40.4994911 ], [ -74.4414805, 40.4995451 ], [ -74.44153, 40.49959470000001 ] ] } },
{ "type": "Feature", "properties": { "id": "1043441150-1173", "osm_way": 1043441150, "name": "Route 18 Service Road", "class": "secondary", "is_priority": false, "length_m": 83.5 }, "geometry": { "type": "LineString", "coordinates": [ [ -74.4341391, 40.4877249 ], [ -74.434261, 40.4877772 ], [ -74.4343978, 40.4878365 ], [ -74.4345344, 40.4879009 ], [ -74.4346638, 40.4879624 ], [ -74.4347985, 40.4880301 ], [ -74.4348982, 40.4880828 ], [ -74.4349729, 40.4881243 ] ] } },
{ "type": "Feature", "properties": { "id": "1043704387-1174", "osm_way": 1043704387, "name": "Paterson Street", "class": "residential", "is_priority": false, "length_m": 30.2 }, "geometry": { "type": "LineString", "coordinates": [ [ -74.4424305, 40.495395299999984 ], [ -74.4421878, 40.4954317 ], [ -74.4420806, 40.4954482 ] ] } },
{ "type": "Feature", "properties": { "id": "1046760405-1175", "osm_way": 1046760405, "name": "George's Road", "class": "tertiary", "is_priority": false, "length_m": 25.6 }, "geometry": { "type": "LineString", "coordinates": [ [ -74.4454394, 40.4812638 ], [ -74.4455038, 40.4813464 ], [ -74.4456566, 40.4814131 ] ] } },
{ "type": "Feature", "properties": { "id": "1046991302-1176", "osm_way": 1046991302, "name": "Albany Street", "class": "secondary", "is_priority": false, "length_m": 69.4 }, "geometry": { "type": "LineString", "coordinates": [ [ -74.4454723, 40.4966021 ], [ -74.4456392, 40.4965796 ], [ -74.4457508, 40.496551599999989 ], [ -74.445986, 40.4964527 ], [ -74.4460756, 40.4964097 ], [ -74.4461663, 40.4963113 ] ] } },
{ "type": "Feature", "properties": { "id": "1046991303-1177", "osm_way": 1046991303, "name": "Albany Street", "class": "secondary", "is_priority": false, "length_m": 55.5 }, "geometry": { "type": "LineString", "coordinates": [ [ -74.4461663, 40.4963113 ], [ -74.446011, 40.4963185 ], [ -74.4459122, 40.4963523 ], [ -74.445888, 40.4963619 ], [ -74.4456779, 40.4964477 ], [ -74.4456333, 40.496464 ], [ -74.4455607, 40.4964803 ] ] } },
{ "type": "Feature", "properties": { "id": "1047054889-1178", "osm_way": 1047054889, "name": "Spring Street", "class": "residential", "is_priority": false, "length_m": 28.0 }, "geometry": { "type": "LineString", "coordinates": [ [ -74.445245, 40.4952341 ], [ -74.4451982, 40.4950457 ], [ -74.4451834, 40.494986099999984 ] ] } },
{ "type": "Feature", "properties": { "id": "1049530431-1179", "osm_way": 1049530431, "name": "George Street", "class": "tertiary", "is_priority": false, "length_m": 59.2 }, "geometry": { "type": "LineString", "coordinates": [ [ -74.434222700000021, 40.4839109 ], [ -74.4343821, 40.4839316 ], [ -74.4345454, 40.4839792 ], [ -74.4346722, 40.484049599999985 ], [ -74.4347714, 40.4841004 ], [ -74.4348561, 40.4841127 ] ] } },
{ "type": "Feature", "properties": { "id": "1049886693-1180", "osm_way": 1049886693, "name": "Bishop Place", "class": "residential", "is_priority": false, "length_m": 58.2 }, "geometry": { "type": "LineString", "coordinates": [ [ -74.448307700000015, 40.502989799999987 ], [ -74.4478351, 40.5032705 ], [ -74.4478152, 40.5032805 ], [ -74.4477899, 40.503291 ], [ -74.4477579, 40.503301799999988 ] ] } },
{ "type": "Feature", "properties": { "id": "1051267793-1181", "osm_way": 1051267793, "name": "State Route 18", "class": "trunk", "is_priority": true, "length_m": 138.9 }, "geometry": { "type": "LineString", "coordinates": [ [ -74.4259601, 40.4857089 ], [ -74.4255312, 40.4856402 ], [ -74.42525, 40.4855963 ], [ -74.4249735, 40.485556099999989 ], [ -74.4243507, 40.4854745 ] ] } },
{ "type": "Feature", "properties": { "id": "1051425073-1182", "osm_way": 1051425073, "name": "", "class": "secondary", "is_priority": false, "length_m": 74.9 }, "geometry": { "type": "LineString", "coordinates": [ [ -74.4327302, 40.4852313 ], [ -74.4327407, 40.4853384 ], [ -74.4327886, 40.4857717 ], [ -74.4327963, 40.485819099999986 ], [ -74.432853, 40.4858919 ] ] } },
{ "type": "Feature", "properties": { "id": "1051425074-1183", "osm_way": 1051425074, "name": "Gibbons Court", "class": "residential", "is_priority": false, "length_m": 7.4 }, "geometry": { "type": "LineString", "coordinates": [ [ -74.4327302, 40.4852313 ], [ -74.432816200000019, 40.4852225 ] ] } },
{ "type": "Feature", "properties": { "id": "1051763216-1184", "osm_way": 1051763216, "name": "", "class": "trunk", "is_priority": true, "length_m": 200.0 }, "geometry": { "type": "LineString", "coordinates": [ [ -74.4151252, 40.4870149 ], [ -74.4152365, 40.486883 ], [ -74.415506, 40.4865722 ], [ -74.4157991, 40.4862239 ], [ -74.4162091, 40.4857543 ], [ -74.416253, 40.4856959 ], [ -74.416419427448915, 40.485508532046801 ] ] } },
{ "type": "Feature", "properties": { "id": "1051763216-1185", "osm_way": 1051763216, "name": "", "class": "trunk", "is_priority": true, "length_m": 6.9 }, "geometry": { "type": "LineString", "coordinates": [ [ -74.416419427448915, 40.485508532046801 ], [ -74.4164652, 40.485457 ] ] } },
{ "type": "Feature", "properties": { "id": "1054232754-1186", "osm_way": 1054232754, "name": "", "class": "trunk", "is_priority": true, "length_m": 162.8 }, "geometry": { "type": "LineString", "coordinates": [ [ -74.4177413, 40.48377 ], [ -74.416977, 40.4846439 ], [ -74.4166662, 40.4849855 ] ] } },
{ "type": "Feature", "properties": { "id": "1057634799-1187", "osm_way": 1057634799, "name": "", "class": "trunk", "is_priority": true, "length_m": 200.0 }, "geometry": { "type": "LineString", "coordinates": [ [ -74.421681, 40.4794717 ], [ -74.4214947, 40.479638 ], [ -74.4213115, 40.4798073 ], [ -74.4211341, 40.4799767 ], [ -74.4209577, 40.4801507 ], [ -74.4207848, 40.4803271 ], [ -74.4206167, 40.4805005 ], [ -74.420450300000013, 40.4806794 ], [ -74.4202854, 40.4808609 ], [ -74.420248712606309, 40.480902241649389 ] ] } },
{ "type": "Feature", "properties": { "id": "1057634799-1188", "osm_way": 1057634799, "name": "", "class": "trunk", "is_priority": true, "length_m": 53.5 }, "geometry": { "type": "LineString", "coordinates": [ [ -74.420248712606309, 40.480902241649389 ], [ -74.4198944, 40.4813015 ] ] } },
{ "type": "Feature", "properties": { "id": "1057634800-1189", "osm_way": 1057634800, "name": "", "class": "trunk", "is_priority": true, "length_m": 200.0 }, "geometry": { "type": "LineString", "coordinates": [ [ -74.4198944, 40.4813015 ], [ -74.4197318, 40.481495799999983 ], [ -74.4194114, 40.4818568 ], [ -74.4190917, 40.48222470000001 ], [ -74.4187714, 40.482587 ], [ -74.418584536785474, 40.482800077780567 ] ] } },
{ "type": "Feature", "properties": { "id": "1057634800-1190", "osm_way": 1057634800, "name": "", "class": "trunk", "is_priority": true, "length_m": 70.4 }, "geometry": { "type": "LineString", "coordinates": [ [ -74.418584536785474, 40.482800077780567 ], [ -74.4184549, 40.4829479 ], [ -74.4181213, 40.483326700000013 ] ] } },
{ "type": "Feature", "properties": { "id": "1060525542-1191", "osm_way": 1060525542, "name": "", "class": "trunk", "is_priority": true, "length_m": 98.5 }, "geometry": { "type": "LineString", "coordinates": [ [ -74.4198386, 40.481580399999984 ], [ -74.4201681, 40.4812013 ], [ -74.4204892, 40.4808449 ] ] } },
{ "type": "Feature", "properties": { "id": "1060525543-1192", "osm_way": 1060525543, "name": "", "class": "trunk", "is_priority": true, "length_m": 36.8 }, "geometry": { "type": "LineString", "coordinates": [ [ -74.423455, 40.478188 ], [ -74.4237375, 40.4779559 ], [ -74.42375053657095, 40.47794529699609 ] ] } },
{ "type": "Feature", "properties": { "id": "1066354660-1193", "osm_way": 1066354660, "name": "Paterson Street", "class": "residential", "is_priority": false, "length_m": 33.1 }, "geometry": { "type": "LineString", "coordinates": [ [ -74.4443145, 40.495114599999987 ], [ -74.4440347, 40.495156 ], [ -74.4439309, 40.4951703 ] ] } },
{ "type": "Feature", "properties": { "id": "1067195408-1194", "osm_way": 1067195408, "name": "Paulus Boulevard West", "class": "residential", "is_priority": false, "length_m": 40.9 }, "geometry": { "type": "LineString", "coordinates": [ [ -74.4227425, 40.4853686 ], [ -74.4226168, 40.4854791 ], [ -74.4224057, 40.4856318 ] ] } },
{ "type": "Feature", "properties": { "id": "1071619949-1195", "osm_way": 1071619949, "name": "Route 18 Service Road", "class": "secondary", "is_priority": false, "length_m": 156.7 }, "geometry": { "type": "LineString", "coordinates": [ [ -74.4388463, 40.4932212 ], [ -74.438913, 40.4936624 ], [ -74.4389723, 40.493988399999985 ], [ -74.4389904, 40.4940941 ], [ -74.4390158, 40.4942193 ], [ -74.4390427, 40.4943403 ], [ -74.4390806, 40.4944923 ], [ -74.4391153, 40.4946176 ] ] } },
{ "type": "Feature", "properties": { "id": "1071619950-1196", "osm_way": 1071619950, "name": "Route 18 Service Road", "class": "secondary", "is_priority": false, "length_m": 88.7 }, "geometry": { "type": "LineString", "coordinates": [ [ -74.4391153, 40.4946176 ], [ -74.4391796, 40.4948277 ], [ -74.4392443, 40.4950339 ], [ -74.4393022, 40.4952173 ], [ -74.4393601, 40.4953946 ] ] } },
{ "type": "Feature", "properties": { "id": "1077019105-1197", "osm_way": 1077019105, "name": "College Farm Road", "class": "residential", "is_priority": false, "length_m": 31.7 }, "geometry": { "type": "LineString", "coordinates": [ [ -74.4366975, 40.479287 ], [ -74.436712, 40.479124599999984 ], [ -74.4367127, 40.4790875 ], [ -74.4367275, 40.479003 ] ] } },
{ "type": "Feature", "properties": { "id": "1078128380-1198", "osm_way": 1078128380, "name": "", "class": "residential", "is_priority": false, "length_m": 19.7 }, "geometry": { "type": "LineString", "coordinates": [ [ -74.4406724, 40.4788921 ], [ -74.440807, 40.478747 ] ] } },
{ "type": "Feature", "properties": { "id": "1085752846-1199", "osm_way": 1085752846, "name": "", "class": "trunk", "is_priority": true, "length_m": 111.5 }, "geometry": { "type": "LineString", "coordinates": [ [ -74.4217002, 40.4796397 ], [ -74.4218945, 40.4794682 ], [ -74.4220865, 40.4793043 ], [ -74.4222725, 40.4791497 ], [ -74.4224706, 40.4789879 ], [ -74.4225843, 40.4788964 ] ] } },
{ "type": "Feature", "properties": { "id": "1085752847-1200", "osm_way": 1085752847, "name": "", "class": "trunk", "is_priority": true, "length_m": 84.5 }, "geometry": { "type": "LineString", "coordinates": [ [ -74.4210736, 40.4802314 ], [ -74.4211574, 40.4801444 ], [ -74.4213367, 40.4799725 ], [ -74.4215205, 40.4798044 ], [ -74.4217002, 40.4796397 ] ] } },
{ "type": "Feature", "properties": { "id": "1085775097-1201", "osm_way": 1085775097, "name": "", "class": "trunk", "is_priority": true, "length_m": 75.3 }, "geometry": { "type": "LineString", "coordinates": [ [ -74.4205497, 40.4807788 ], [ -74.4207344, 40.4805797 ], [ -74.4209026, 40.4804024 ], [ -74.4210736, 40.4802314 ] ] } },
{ "type": "Feature", "properties": { "id": "1085775098-1202", "osm_way": 1085775098, "name": "", "class": "trunk", "is_priority": true, "length_m": 9.0 }, "geometry": { "type": "LineString", "coordinates": [ [ -74.4204892, 40.4808449 ], [ -74.4205497, 40.4807788 ] ] } },
{ "type": "Feature", "properties": { "id": "1092605556-1203", "osm_way": 1092605556, "name": "George Street", "class": "tertiary", "is_priority": false, "length_m": 26.5 }, "geometry": { "type": "LineString", "coordinates": [ [ -74.4517724, 40.5054686 ], [ -74.4515126, 40.5053361 ] ] } },
{ "type": "Feature", "properties": { "id": "1096895877-1204", "osm_way": 1096895877, "name": "George Street", "class": "tertiary", "is_priority": false, "length_m": 32.9 }, "geometry": { "type": "LineString", "coordinates": [ [ -74.4446712, 40.4980528 ], [ -74.444755, 40.4983425 ] ] } },
{ "type": "Feature", "properties": { "id": "1098240819-1205", "osm_way": 1098240819, "name": "Somerset Street", "class": "secondary", "is_priority": false, "length_m": 31.6 }, "geometry": { "type": "LineString", "coordinates": [ [ -74.4846736, 40.4798371 ], [ -74.484906, 40.47962 ], [ -74.4849098709239, 40.479616378814946 ] ] } },
{ "type": "Feature", "properties": { "id": "1098240819-1206", "osm_way": 1098240819, "name": "Somerset Street", "class": "secondary", "is_priority": false, "length_m": 38.2 }, "geometry": { "type": "LineString", "coordinates": [ [ -74.484946628606778, 40.479580167820608 ], [ -74.484961, 40.479564 ], [ -74.4851021, 40.4794048 ], [ -74.48519925332414, 40.47929523213152 ] ] } },
{ "type": "Feature", "properties": { "id": "1098240819-1207", "osm_way": 1098240819, "name": "Somerset Street", "class": "secondary", "is_priority": false, "length_m": 200.0 }, "geometry": { "type": "LineString", "coordinates": [ [ -74.485729667825041, 40.478696818614623 ], [ -74.4860361, 40.4783458 ], [ -74.486094, 40.4782808 ], [ -74.4868208, 40.4774636 ], [ -74.487051412514532, 40.477204298825939 ] ] } },
{ "type": "Feature", "properties": { "id": "1098240819-1208", "osm_way": 1098240819, "name": "Somerset Street", "class": "secondary", "is_priority": false, "length_m": 28.7 }, "geometry": { "type": "LineString", "coordinates": [ [ -74.487051412514532, 40.477204298825939 ], [ -74.487241963210849, 40.476990041366328 ] ] } },
{ "type": "Feature", "properties": { "id": "1108965865-1209", "osm_way": 1108965865, "name": "Washington Street", "class": "residential", "is_priority": false, "length_m": 20.8 }, "geometry": { "type": "LineString", "coordinates": [ [ -74.4458125, 40.496732099999988 ], [ -74.4458482, 40.4966992 ], [ -74.4458315, 40.4966145 ], [ -74.4457642, 40.4965849 ] ] } },
{ "type": "Feature", "properties": { "id": "1108965866-1210", "osm_way": 1108965866, "name": "Washington Street", "class": "residential", "is_priority": false, "length_m": 3.9 }, "geometry": { "type": "LineString", "coordinates": [ [ -74.4457508, 40.496551599999989 ], [ -74.4457642, 40.4965849 ] ] } },
{ "type": "Feature", "properties": { "id": "1108965867-1211", "osm_way": 1108965867, "name": "Washington Street", "class": "residential", "is_priority": false, "length_m": 25.0 }, "geometry": { "type": "LineString", "coordinates": [ [ -74.4458125, 40.496732099999988 ], [ -74.4458375, 40.4968543 ], [ -74.4457203, 40.496902 ] ] } },
{ "type": "Feature", "properties": { "id": "1116776893-1212", "osm_way": 1116776893, "name": "New Street", "class": "secondary", "is_priority": false, "length_m": 143.6 }, "geometry": { "type": "LineString", "coordinates": [ [ -74.4432855, 40.4923119 ], [ -74.4433783, 40.4923122 ], [ -74.4438774, 40.4923407 ], [ -74.4439365, 40.492343899999987 ], [ -74.4443815, 40.4923823 ], [ -74.4448155, 40.4924352 ], [ -74.4449679, 40.4924531 ] ] } },
{ "type": "Feature", "properties": { "id": "1116776894-1213", "osm_way": 1116776894, "name": "George Street", "class": "tertiary", "is_priority": false, "length_m": 151.5 }, "geometry": { "type": "LineString", "coordinates": [ [ -74.4432855, 40.4923119 ], [ -74.4433045, 40.4923986 ], [ -74.4434677, 40.493128 ], [ -74.4435074, 40.4933209 ], [ -74.44356, 40.493577 ], [ -74.4435771, 40.4936583 ] ] } },
{ "type": "Feature", "properties": { "id": "1124193648-1214", "osm_way": 1124193648, "name": "State Route 18", "class": "trunk", "is_priority": true, "length_m": 167.0 }, "geometry": { "type": "LineString", "coordinates": [ [ -74.4198208, 40.4844229 ], [ -74.4197345, 40.4843356 ], [ -74.419321, 40.4838967 ], [ -74.4192321, 40.4838091 ], [ -74.4191407, 40.483727499999986 ], [ -74.4190309, 40.4836359 ], [ -74.4189263, 40.4835544 ], [ -74.4188162, 40.4834811 ], [ -74.4186773, 40.483391099999984 ], [ -74.4185245, 40.4833016 ] ] } },
{ "type": "Feature", "properties": { "id": "1124193649-1215", "osm_way": 1124193649, "name": "State Route 18", "class": "trunk", "is_priority": true, "length_m": 12.0 }, "geometry": { "type": "LineString", "coordinates": [ [ -74.4199143, 40.4845046 ], [ -74.4198208, 40.4844229 ] ] } },
{ "type": "Feature", "properties": { "id": "1128133803-1216", "osm_way": 1128133803, "name": "Park Boulevard", "class": "residential", "is_priority": false, "length_m": 22.5 }, "geometry": { "type": "LineString", "coordinates": [ [ -74.4605338, 40.5015218 ], [ -74.4606797, 40.50135239999998 ] ] } },
{ "type": "Feature", "properties": { "id": "1128133804-1217", "osm_way": 1128133804, "name": "Park Boulevard", "class": "residential", "is_priority": false, "length_m": 128.8 }, "geometry": { "type": "LineString", "coordinates": [ [ -74.4606797, 40.50135239999998 ], [ -74.4607967, 40.5012202 ], [ -74.4608897, 40.5011086 ], [ -74.4610274, 40.5009435 ], [ -74.461294, 40.500615 ], [ -74.461412, 40.500453 ], [ -74.461423, 40.500403 ], [ -74.461418, 40.500353 ] ] } },
{ "type": "Feature", "properties": { "id": "1148204289-1218", "osm_way": 1148204289, "name": "", "class": "trunk", "is_priority": true, "length_m": 51.1 }, "geometry": { "type": "LineString", "coordinates": [ [ -74.4225843, 40.4788964 ], [ -74.4229969, 40.4785608 ] ] } },
{ "type": "Feature", "properties": { "id": "1148220247-1219", "osm_way": 1148220247, "name": "Hamilton Street", "class": "tertiary", "is_priority": false, "length_m": 32.1 }, "geometry": { "type": "LineString", "coordinates": [ [ -74.459054170660735, 40.496077170939031 ], [ -74.4586758, 40.4960968 ] ] } },
{ "type": "Feature", "properties": { "id": "1164756010-1220", "osm_way": 1164756010, "name": "How Lane", "class": "secondary", "is_priority": false, "length_m": 2.6 }, "geometry": { "type": "LineString", "coordinates": [ [ -74.4775575, 40.46737190000001 ], [ -74.477581970456072, 40.467386176251232 ] ] } },
{ "type": "Feature", "properties": { "id": "1164756016-1221", "osm_way": 1164756016, "name": "", "class": "tertiary_link", "is_priority": false, "length_m": 52.5 }, "geometry": { "type": "LineString", "coordinates": [ [ -74.478694406570909, 40.468047884241535 ], [ -74.4787557, 40.468205 ], [ -74.4787665, 40.4682351 ], [ -74.4787743, 40.4682646 ], [ -74.478779, 40.4682979 ], [ -74.4787786, 40.4683332 ], [ -74.4787605, 40.4685114 ] ] } },
{ "type": "Feature", "properties": { "id": "1164756018-1222", "osm_way": 1164756018, "name": "", "class": "tertiary_link", "is_priority": false, "length_m": 46.6 }, "geometry": { "type": "LineString", "coordinates": [ [ -74.4787605, 40.4685114 ], [ -74.4789347, 40.4684181 ], [ -74.4789612, 40.468406099999989 ], [ -74.4790001, 40.4683926 ], [ -74.479037, 40.4683852 ], [ -74.4790745, 40.4683808 ], [ -74.4791088, 40.4683791 ], [ -74.479261460770815, 40.468384754117757 ] ] } },
{ "type": "Feature", "properties": { "id": "1164756020-1223", "osm_way": 1164756020, "name": "Jersey Avenue", "class": "tertiary", "is_priority": false, "length_m": 37.7 }, "geometry": { "type": "LineString", "coordinates": [ [ -74.4787605, 40.4685114 ], [ -74.478912, 40.4682982 ], [ -74.478972436492015, 40.46821298547232 ] ] } },
{ "type": "Feature", "properties": { "id": "1164756021-1224", "osm_way": 1164756021, "name": "Jersey Avenue", "class": "tertiary", "is_priority": false, "length_m": 12.0 }, "geometry": { "type": "LineString", "coordinates": [ [ -74.4786926, 40.4686063 ], [ -74.4787605, 40.4685114 ] ] } },
{ "type": "Feature", "properties": { "id": "1165000990-1225", "osm_way": 1165000990, "name": "Ryders Lane", "class": "secondary", "is_priority": false, "length_m": 46.2 }, "geometry": { "type": "LineString", "coordinates": [ [ -74.4277147, 40.47783530000001 ], [ -74.4277389, 40.4779878 ], [ -74.4278439, 40.478238199999986 ] ] } },
{ "type": "Feature", "properties": { "id": "1165000998-1226", "osm_way": 1165000998, "name": "", "class": "trunk", "is_priority": true, "length_m": 56.7 }, "geometry": { "type": "LineString", "coordinates": [ [ -74.4229969, 40.4785608 ], [ -74.423455, 40.478188 ] ] } },
{ "type": "Feature", "properties": { "id": "1165362604-1227", "osm_way": 1165362604, "name": "French Street", "class": "secondary", "is_priority": false, "length_m": 19.2 }, "geometry": { "type": "LineString", "coordinates": [ [ -74.4557503, 40.4913652 ], [ -74.4559614, 40.4913012 ] ] } },
{ "type": "Feature", "properties": { "id": "1165362605-1228", "osm_way": 1165362605, "name": "French Street", "class": "secondary", "is_priority": false, "length_m": 200.0 }, "geometry": { "type": "LineString", "coordinates": [ [ -74.4559614, 40.4913012 ], [ -74.4563312, 40.4911889 ], [ -74.456533, 40.4911277 ], [ -74.456567, 40.491117399999986 ], [ -74.4568093, 40.4910434 ], [ -74.4573838, 40.4908763 ], [ -74.4576795, 40.490789 ], [ -74.4577652, 40.4907637 ], [ -74.458160428134804, 40.490647356146397 ] ] } },
{ "type": "Feature", "properties": { "id": "1165362605-1229", "osm_way": 1165362605, "name": "French Street", "class": "secondary", "is_priority": false, "length_m": 145.1 }, "geometry": { "type": "LineString", "coordinates": [ [ -74.458160428134804, 40.490647356146397 ], [ -74.4585241, 40.490540299999985 ], [ -74.4588128, 40.4904546 ], [ -74.4589271, 40.4904164 ], [ -74.4589651, 40.4904013 ], [ -74.4590039, 40.4903775 ], [ -74.4592488, 40.4901449 ], [ -74.4593734, 40.4900413 ], [ -74.4595377, 40.4899299 ] ] } },
{ "type": "Feature", "properties": { "id": "1165551723-1230", "osm_way": 1165551723, "name": "State Route 18", "class": "trunk", "is_priority": true, "length_m": 26.6 }, "geometry": { "type": "LineString", "coordinates": [ [ -74.4160647, 40.4825715 ], [ -74.415753, 40.4825407 ] ] } },
{ "type": "Feature", "properties": { "id": "1165551724-1231", "osm_way": 1165551724, "name": "", "class": "trunk_link", "is_priority": false, "length_m": 27.6 }, "geometry": { "type": "LineString", "coordinates": [ [ -74.416076, 40.482509900000011 ], [ -74.415753, 40.4825407 ] ] } },
{ "type": "Feature", "properties": { "id": "1165551725-1232", "osm_way": 1165551725, "name": "State Route 18", "class": "trunk", "is_priority": true, "length_m": 61.8 }, "geometry": { "type": "LineString", "coordinates": [ [ -74.415753, 40.4825407 ], [ -74.4150302, 40.4824651 ] ] } },
{ "type": "Feature", "properties": { "id": "1165551726-1233", "osm_way": 1165551726, "name": "State Route 18", "class": "trunk", "is_priority": true, "length_m": 61.2 }, "geometry": { "type": "LineString", "coordinates": [ [ -74.4220373, 40.4852511 ], [ -74.4222311, 40.4852821 ], [ -74.4227425, 40.4853686 ] ] } },
{ "type": "Feature", "properties": { "id": "1165551727-1234", "osm_way": 1165551727, "name": "State Route 18", "class": "trunk", "is_priority": true, "length_m": 103.4 }, "geometry": { "type": "LineString", "coordinates": [ [ -74.4156729, 40.4831585 ], [ -74.4162692, 40.4829983 ], [ -74.4163738, 40.482974 ], [ -74.416469, 40.4829553 ], [ -74.4165443, 40.4829412 ], [ -74.4166393, 40.4829267 ], [ -74.4167379, 40.4829162 ], [ -74.4168435, 40.4829091 ] ] } },
{ "type": "Feature", "properties": { "id": "1165551728-1235", "osm_way": 1165551728, "name": "", "class": "residential", "is_priority": false, "length_m": 10.5 }, "geometry": { "type": "LineString", "coordinates": [ [ -74.4144618, 40.4846049 ], [ -74.4145625, 40.4846606 ] ] } },
{ "type": "Feature", "properties": { "id": "1166280019-1236", "osm_way": 1166280019, "name": "State Route 18", "class": "trunk", "is_priority": true, "length_m": 24.0 }, "geometry": { "type": "LineString", "coordinates": [ [ -74.42623660000001, 40.4857567 ], [ -74.4259601, 40.4857089 ] ] } },
{ "type": "Feature", "properties": { "id": "1166280020-1237", "osm_way": 1166280020, "name": "State Route 18", "class": "trunk", "is_priority": true, "length_m": 167.2 }, "geometry": { "type": "LineString", "coordinates": [ [ -74.4250705, 40.4856914 ], [ -74.4253594, 40.4857344 ], [ -74.4256328, 40.4857792 ], [ -74.4259132, 40.4858229 ], [ -74.4261909, 40.4858734 ], [ -74.4264652, 40.4859206 ], [ -74.4267373, 40.4859734 ], [ -74.4269948, 40.4860228 ] ] } },
{ "type": "Feature", "properties": { "id": "1166280021-1238", "osm_way": 1166280021, "name": "", "class": "motorway_link", "is_priority": false, "length_m": 75.7 }, "geometry": { "type": "LineString", "coordinates": [ [ -74.4333732, 40.4873788 ], [ -74.4334808, 40.4874147 ], [ -74.4335769, 40.4874491 ], [ -74.4336694, 40.4874832 ], [ -74.4337551, 40.4875174 ], [ -74.4341391, 40.4877249 ] ] } },
{ "type": "Feature", "properties": { "id": "1167453901-1239", "osm_way": 1167453901, "name": "Paul Robeson Boulevard", "class": "tertiary", "is_priority": false, "length_m": 28.6 }, "geometry": { "type": "LineString", "coordinates": [ [ -74.4386977, 40.4884119 ], [ -74.4387446, 40.4883648 ], [ -74.4389017, 40.4882072 ] ] } },
{ "type": "Feature", "properties": { "id": "1167460625-1240", "osm_way": 1167460625, "name": "New Street", "class": "secondary", "is_priority": false, "length_m": 52.6 }, "geometry": { "type": "LineString", "coordinates": [ [ -74.4426685, 40.4923649 ], [ -74.4431532, 40.4923227 ], [ -74.4432855, 40.4923119 ] ] } },
{ "type": "Feature", "properties": { "id": "1167460626-1241", "osm_way": 1167460626, "name": "", "class": "secondary_link", "is_priority": false, "length_m": 37.8 }, "geometry": { "type": "LineString", "coordinates": [ [ -74.4398466, 40.4972148 ], [ -74.4398977, 40.497553 ] ] } },
{ "type": "Feature", "properties": { "id": "1167460627-1242", "osm_way": 1167460627, "name": "", "class": "motorway_link", "is_priority": false, "length_m": 38.0 }, "geometry": { "type": "LineString", "coordinates": [ [ -74.4398466, 40.4972148 ], [ -74.4399419, 40.4975493 ] ] } },
{ "type": "Feature", "properties": { "id": "1167460628-1243", "osm_way": 1167460628, "name": "Memorial Parkway", "class": "motorway", "is_priority": true, "length_m": 200.0 }, "geometry": { "type": "LineString", "coordinates": [ [ -74.4428817, 40.5009653 ], [ -74.4426375, 40.5008014 ], [ -74.4423815, 40.5006198 ], [ -74.4421368, 40.500441400000014 ], [ -74.4418439, 40.500216199999983 ], [ -74.4417227, 40.5001212 ], [ -74.4415982, 40.500022899999983 ], [ -74.4414903, 40.4999305 ], [ -74.4413814, 40.4998372 ], [ -74.4412932, 40.4997544 ], [ -74.441221149652421, 40.499687879496143 ] ] } },
{ "type": "Feature", "properties": { "id": "1167460628-1244", "osm_way": 1167460628, "name": "Memorial Parkway", "class": "motorway", "is_priority": true, "length_m": 200.0 }, "geometry": { "type": "LineString", "coordinates": [ [ -74.441221149652421, 40.499687879496143 ], [ -74.4412046, 40.4996726 ], [ -74.4411118, 40.4995785 ], [ -74.4410181, 40.4994746 ], [ -74.4409438, 40.4993841 ], [ -74.4408691, 40.499285 ], [ -74.4408011, 40.4991838 ], [ -74.44073, 40.4990776 ], [ -74.4406718, 40.4989779 ], [ -74.4406233, 40.4988842 ], [ -74.4405789, 40.4987887 ], [ -74.4405293, 40.498674 ], [ -74.4404886, 40.4985673 ], [ -74.4404445, 40.4984415 ], [ -74.4404027, 40.4983118 ], [ -74.4403663, 40.4981911 ], [ -74.440326904788876, 40.498041031761311 ] ] } },
{ "type": "Feature", "properties": { "id": "1167460628-1245", "osm_way": 1167460628, "name": "Memorial Parkway", "class": "motorway", "is_priority": true, "length_m": 32.3 }, "geometry": { "type": "LineString", "coordinates": [ [ -74.440326904788876, 40.498041031761311 ], [ -74.4403233, 40.4980273 ], [ -74.4402523, 40.4977555 ] ] } },
{ "type": "Feature", "properties": { "id": "1168109277-1246", "osm_way": 1168109277, "name": "Albany Street Bridge", "class": "secondary", "is_priority": false, "length_m": 88.9 }, "geometry": { "type": "LineString", "coordinates": [ [ -74.4378666, 40.4975214 ], [ -74.4387473, 40.497402 ], [ -74.4388989, 40.4973812 ] ] } },
{ "type": "Feature", "properties": { "id": "1168109278-1247", "osm_way": 1168109278, "name": "Albany Street Bridge", "class": "secondary", "is_priority": false, "length_m": 9.8 }, "geometry": { "type": "LineString", "coordinates": [ [ -74.436894982395557, 40.49765700965505 ], [ -74.4370088, 40.49764 ] ] } },
{ "type": "Feature", "properties": { "id": "1169008991-1248", "osm_way": 1169008991, "name": "Albany Street", "class": "secondary", "is_priority": false, "length_m": 48.0 }, "geometry": { "type": "LineString", "coordinates": [ [ -74.4449145, 40.4966775 ], [ -74.4454723, 40.4966021 ] ] } },
{ "type": "Feature", "properties": { "id": "1192944143-1249", "osm_way": 1192944143, "name": "Easton Avenue", "class": "tertiary", "is_priority": false, "length_m": 42.5 }, "geometry": { "type": "LineString", "coordinates": [ [ -74.4588493, 40.5017371 ], [ -74.4591884, 40.5018678 ], [ -74.4592971, 40.5019104 ] ] } },
{ "type": "Feature", "properties": { "id": "1192955820-1250", "osm_way": 1192955820, "name": "George Street", "class": "tertiary", "is_priority": false, "length_m": 68.3 }, "geometry": { "type": "LineString", "coordinates": [ [ -74.4443072, 40.4967595 ], [ -74.4443499, 40.4969006 ], [ -74.4444714, 40.4973614 ] ] } },
{ "type": "Feature", "properties": { "id": "1203018403-1251", "osm_way": 1203018403, "name": "Nichol Avenue", "class": "residential", "is_priority": false, "length_m": 97.1 }, "geometry": { "type": "LineString", "coordinates": [ [ -74.4383739, 40.4839403 ], [ -74.4385954, 40.4837298 ], [ -74.4386632, 40.4836666 ], [ -74.4387204, 40.483611 ], [ -74.4390911, 40.4832586 ] ] } },
{ "type": "Feature", "properties": { "id": "1203018404-1252", "osm_way": 1203018404, "name": "George Street", "class": "tertiary", "is_priority": false, "length_m": 200.0 }, "geometry": { "type": "LineString", "coordinates": [ [ -74.436921, 40.485321399999982 ], [ -74.4370115, 40.4853747 ], [ -74.4374717, 40.4856032 ], [ -74.4377557, 40.4857442 ], [ -74.4386332, 40.486157899999988 ], [ -74.4388226, 40.4862532 ], [ -74.438905917297504, 40.486294920764948 ] ] } },
{ "type": "Feature", "properties": { "id": "1203018404-1253", "osm_way": 1203018404, "name": "George Street", "class": "tertiary", "is_priority": false, "length_m": 113.9 }, "geometry": { "type": "LineString", "coordinates": [ [ -74.438905917297504, 40.486294920764948 ], [ -74.4390914, 40.486387799999989 ], [ -74.4393893, 40.4865374 ], [ -74.4394875, 40.48663530000001 ], [ -74.4398047, 40.4870279 ] ] } },
{ "type": "Feature", "properties": { "id": "1207392636-1254", "osm_way": 1207392636, "name": "Handy Street", "class": "residential", "is_priority": false, "length_m": 200.0 }, "geometry": { "type": "LineString", "coordinates": [ [ -74.4493185, 40.4882925 ], [ -74.4494405, 40.4883667 ], [ -74.451096, 40.4893734 ], [ -74.451164407277858, 40.489415035440317 ] ] } },
{ "type": "Feature", "properties": { "id": "1207392636-1255", "osm_way": 1207392636, "name": "Handy Street", "class": "residential", "is_priority": false, "length_m": 1.1 }, "geometry": { "type": "LineString", "coordinates": [ [ -74.451164407277858, 40.489415035440317 ], [ -74.4511747, 40.4894213 ] ] } },
{ "type": "Feature", "properties": { "id": "1210568504-1256", "osm_way": 1210568504, "name": "Donald Goodkind Bridge", "class": "trunk", "is_priority": true, "length_m": 12.4 }, "geometry": { "type": "LineString", "coordinates": [ [ -74.413075935003803, 40.49343818454242 ], [ -74.4130969, 40.4933277 ] ] } },
{ "type": "Feature", "properties": { "id": "1210568505-1257", "osm_way": 1210568505, "name": "Morris Goodkind Bridge", "class": "trunk", "is_priority": true, "length_m": 19.2 }, "geometry": { "type": "LineString", "coordinates": [ [ -74.4126849, 40.4933607 ], [ -74.412649527160468, 40.493531904051643 ] ] } },
{ "type": "Feature", "properties": { "id": "1213095282-1258", "osm_way": 1213095282, "name": "Suydam Street", "class": "residential", "is_priority": false, "length_m": 25.0 }, "geometry": { "type": "LineString", "coordinates": [ [ -74.4516163, 40.4915622 ], [ -74.4518452, 40.491704099999986 ] ] } },
{ "type": "Feature", "properties": { "id": "1213095403-1259", "osm_way": 1213095403, "name": "Townsend Street", "class": "residential", "is_priority": false, "length_m": 123.5 }, "geometry": { "type": "LineString", "coordinates": [ [ -74.4512343, 40.4922856 ], [ -74.4512862, 40.492316099999989 ], [ -74.4523742, 40.4929785 ] ] } },
{ "type": "Feature", "properties": { "id": "1213095404-1260", "osm_way": 1213095404, "name": "Railroad Avenue", "class": "residential", "is_priority": false, "length_m": 83.4 }, "geometry": { "type": "LineString", "coordinates": [ [ -74.4516163, 40.4915622 ], [ -74.4515442, 40.4916312 ], [ -74.4514835, 40.4916894 ], [ -74.451059, 40.4920958 ], [ -74.4510031, 40.4921494 ] ] } },
{ "type": "Feature", "properties": { "id": "1213095405-1261", "osm_way": 1213095405, "name": "Townsend Street", "class": "residential", "is_priority": false, "length_m": 24.7 }, "geometry": { "type": "LineString", "coordinates": [ [ -74.4510031, 40.4921494 ], [ -74.4512343, 40.4922856 ] ] } },
{ "type": "Feature", "properties": { "id": "1213095545-1262", "osm_way": 1213095545, "name": "Bayard Street", "class": "residential", "is_priority": false, "length_m": 32.1 }, "geometry": { "type": "LineString", "coordinates": [ [ -74.4495246, 40.4935866 ], [ -74.4498962, 40.4935309 ] ] } },
{ "type": "Feature", "properties": { "id": "1213095546-1263", "osm_way": 1213095546, "name": "Bayard Street", "class": "residential", "is_priority": false, "length_m": 2.3 }, "geometry": { "type": "LineString", "coordinates": [ [ -74.4494977, 40.4935906 ], [ -74.4495246, 40.4935866 ] ] } },
{ "type": "Feature", "properties": { "id": "1213095700-1264", "osm_way": 1213095700, "name": "Paterson Street", "class": "residential", "is_priority": false, "length_m": 92.2 }, "geometry": { "type": "LineString", "coordinates": [ [ -74.4485705, 40.494492 ], [ -74.448322, 40.4945297 ], [ -74.4480567, 40.4945699 ], [ -74.4479813, 40.4945813 ], [ -74.4479021, 40.4945933 ], [ -74.447503, 40.4946538 ] ] } },
{ "type": "Feature", "properties": { "id": "1213095701-1265", "osm_way": 1213095701, "name": "Paterson Street", "class": "residential", "is_priority": false, "length_m": 28.4 }, "geometry": { "type": "LineString", "coordinates": [ [ -74.4488992, 40.4944421 ], [ -74.4485815, 40.4944903 ], [ -74.4485705, 40.494492 ] ] } },
{ "type": "Feature", "properties": { "id": "1219464097-1266", "osm_way": 1219464097, "name": "George Street", "class": "tertiary", "is_priority": false, "length_m": 5.4 }, "geometry": { "type": "LineString", "coordinates": [ [ -74.4477579, 40.503301799999988 ], [ -74.4478111, 40.5033293 ] ] } },
{ "type": "Feature", "properties": { "id": "1219769889-1267", "osm_way": 1219769889, "name": "Handy Street", "class": "residential", "is_priority": false, "length_m": 165.3 }, "geometry": { "type": "LineString", "coordinates": [ [ -74.4530401, 40.4905666 ], [ -74.4531106, 40.4906101 ], [ -74.4532162, 40.490674299999988 ], [ -74.45356, 40.4908835 ], [ -74.45387740000001, 40.4910766 ], [ -74.454565, 40.4914945 ] ] } },
{ "type": "Feature", "properties": { "id": "1219769890-1268", "osm_way": 1219769890, "name": "Railroad Avenue", "class": "residential", "is_priority": false, "length_m": 79.3 }, "geometry": { "type": "LineString", "coordinates": [ [ -74.4528209, 40.4904298 ], [ -74.4527628, 40.4904842 ], [ -74.45223, 40.490984 ] ] } },
{ "type": "Feature", "properties": { "id": "1219769891-1269", "osm_way": 1219769891, "name": "Handy Street", "class": "residential", "is_priority": false, "length_m": 24.0 }, "geometry": { "type": "LineString", "coordinates": [ [ -74.4528209, 40.4904298 ], [ -74.4530401, 40.4905666 ] ] } },
{ "type": "Feature", "properties": { "id": "1223516851-1270", "osm_way": 1223516851, "name": "Livingston Avenue", "class": "secondary", "is_priority": false, "length_m": 66.0 }, "geometry": { "type": "LineString", "coordinates": [ [ -74.4603589, 40.4777091 ], [ -74.4604656, 40.477604199999988 ], [ -74.4607839, 40.4772914 ], [ -74.4608367, 40.4772395 ] ] } },
{ "type": "Feature", "properties": { "id": "1223516855-1271", "osm_way": 1223516855, "name": "Stevens Street", "class": "residential", "is_priority": false, "length_m": 2.8 }, "geometry": { "type": "LineString", "coordinates": [ [ -74.462180769793861, 40.475909221899656 ], [ -74.4622064, 40.4759246 ] ] } },
{ "type": "Feature", "properties": { "id": "1223516858-1272", "osm_way": 1223516858, "name": "Georges Road", "class": "tertiary", "is_priority": false, "length_m": 196.4 }, "geometry": { "type": "LineString", "coordinates": [ [ -74.4470357, 40.4781757 ], [ -74.4471514, 40.478065199999989 ], [ -74.4472417, 40.477979 ], [ -74.4473321, 40.4778785 ], [ -74.4473916, 40.47777640000001 ], [ -74.4474237, 40.4776722 ], [ -74.447473, 40.477499 ], [ -74.447576, 40.4771119 ], [ -74.4477011, 40.4766345 ], [ -74.447732, 40.4765192 ] ] } },
{ "type": "Feature", "properties": { "id": "1223516859-1273", "osm_way": 1223516859, "name": "Georges Road", "class": "tertiary", "is_priority": false, "length_m": 39.1 }, "geometry": { "type": "LineString", "coordinates": [ [ -74.446752, 40.4784473 ], [ -74.4468742, 40.4783715 ], [ -74.4469492, 40.478299 ], [ -74.4470357, 40.4781757 ] ] } },
{ "type": "Feature", "properties": { "id": "1223516860-1274", "osm_way": 1223516860, "name": "Georges Road", "class": "tertiary", "is_priority": false, "length_m": 39.2 }, "geometry": { "type": "LineString", "coordinates": [ [ -74.4470357, 40.4781757 ], [ -74.4468985, 40.47826520000001 ], [ -74.4468159, 40.478343099999982 ], [ -74.446752, 40.4784473 ] ] } },
{ "type": "Feature", "properties": { "id": "1224708406-1275", "osm_way": 1224708406, "name": "Jersey Avenue", "class": "tertiary", "is_priority": false, "length_m": 79.1 }, "geometry": { "type": "LineString", "coordinates": [ [ -74.4557366, 40.4903753 ], [ -74.455973, 40.4901609 ], [ -74.4563374, 40.4898303 ] ] } },
{ "type": "Feature", "properties": { "id": "1243964308-1276", "osm_way": 1243964308, "name": "", "class": "motorway_link", "is_priority": false, "length_m": 10.0 }, "geometry": { "type": "LineString", "coordinates": [ [ -74.4413656, 40.4982988 ], [ -74.4412479, 40.498297 ] ] } },
{ "type": "Feature", "properties": { "id": "1243964309-1277", "osm_way": 1243964309, "name": "Johnson Drive", "class": "tertiary", "is_priority": false, "length_m": 38.3 }, "geometry": { "type": "LineString", "coordinates": [ [ -74.4411625, 40.4979601 ], [ -74.4411891, 40.4980222 ], [ -74.4412117, 40.49808130000001 ], [ -74.441227, 40.498134 ], [ -74.441239, 40.49819 ], [ -74.441245900000013, 40.4982472 ], [ -74.4412479, 40.498297 ] ] } },
{ "type": "Feature", "properties": { "id": "1270733961-1278", "osm_way": 1270733961, "name": "Easton Avenue", "class": "tertiary", "is_priority": false, "length_m": 88.7 }, "geometry": { "type": "LineString", "coordinates": [ [ -74.4660117, 40.504531 ], [ -74.46670060000001, 40.5047908 ], [ -74.4669462, 40.5048913 ] ] } },
{ "type": "Feature", "properties": { "id": "1270733962-1279", "osm_way": 1270733962, "name": "Easton Avenue", "class": "tertiary", "is_priority": false, "length_m": 200.0 }, "geometry": { "type": "LineString", "coordinates": [ [ -74.4599763, 40.5021766 ], [ -74.4600783, 40.5022166 ], [ -74.462076135882086, 40.502999449056233 ] ] } },
{ "type": "Feature", "properties": { "id": "1270733962-1280", "osm_way": 1270733962, "name": "Easton Avenue", "class": "tertiary", "is_priority": false, "length_m": 37.0 }, "geometry": { "type": "LineString", "coordinates": [ [ -74.462076135882086, 40.502999449056233 ], [ -74.4623963, 40.5031249 ], [ -74.4624642, 40.5031515 ] ] } },
{ "type": "Feature", "properties": { "id": "1286669072-1281", "osm_way": 1286669072, "name": "George Street", "class": "tertiary", "is_priority": false, "length_m": 59.0 }, "geometry": { "type": "LineString", "coordinates": [ [ -74.4451718, 40.4997835 ], [ -74.4452324, 40.4998999 ], [ -74.4454253, 40.5002781 ] ] } },
{ "type": "Feature", "properties": { "id": "1286669073-1282", "osm_way": 1286669073, "name": "Johnson Drive", "class": "tertiary", "is_priority": false, "length_m": 42.9 }, "geometry": { "type": "LineString", "coordinates": [ [ -74.4451718, 40.4997835 ], [ -74.4450262, 40.4998292 ], [ -74.4447, 40.4999226 ] ] } },
{ "type": "Feature", "properties": { "id": "1286669074-1283", "osm_way": 1286669074, "name": "Neilson Street", "class": "residential", "is_priority": false, "length_m": 31.8 }, "geometry": { "type": "LineString", "coordinates": [ [ -74.4420806, 40.4954482 ], [ -74.4420046, 40.4952217 ], [ -74.4419893, 40.4951707 ] ] } },
{ "type": "Feature", "properties": { "id": "1286669075-1284", "osm_way": 1286669075, "name": "Neilson Street", "class": "residential", "is_priority": false, "length_m": 78.6 }, "geometry": { "type": "LineString", "coordinates": [ [ -74.4424069, 40.4969077 ], [ -74.4423901, 40.4968015 ], [ -74.4422746, 40.4962589 ], [ -74.442264, 40.4962084 ] ] } },
{ "type": "Feature", "properties": { "id": "1286669077-1285", "osm_way": 1286669077, "name": "Bayard Street", "class": "residential", "is_priority": false, "length_m": 200.0 }, "geometry": { "type": "LineString", "coordinates": [ [ -74.4465419, 40.494006 ], [ -74.4466086, 40.4939969 ], [ -74.447172, 40.4939199 ], [ -74.4477232, 40.4938446 ], [ -74.4477949, 40.4938348 ], [ -74.4478627, 40.4938252 ], [ -74.4483984, 40.4937493 ], [ -74.4484499, 40.4937416 ], [ -74.448863255727332, 40.493681187918988 ] ] } },
{ "type": "Feature", "properties": { "id": "1286669077-1286", "osm_way": 1286669077, "name": "Bayard Street", "class": "residential", "is_priority": false, "length_m": 54.7 }, "geometry": { "type": "LineString", "coordinates": [ [ -74.448863255727332, 40.493681187918988 ], [ -74.4489357, 40.4936706 ], [ -74.4494977, 40.4935906 ] ] } },
{ "type": "Feature", "properties": { "id": "1286669078-1287", "osm_way": 1286669078, "name": "Bayard Street", "class": "residential", "is_priority": false, "length_m": 110.8 }, "geometry": { "type": "LineString", "coordinates": [ [ -74.4437466, 40.4944096 ], [ -74.4438386, 40.4943962 ], [ -74.4444105, 40.4943134 ], [ -74.4444892, 40.494302 ], [ -74.4446777, 40.4942747 ], [ -74.4449793, 40.494231 ], [ -74.4450317, 40.4942234 ] ] } },
{ "type": "Feature", "properties": { "id": "1286669079-1288", "osm_way": 1286669079, "name": "Neilson Street", "class": "residential", "is_priority": false, "length_m": 54.4 }, "geometry": { "type": "LineString", "coordinates": [ [ -74.4419893, 40.4951707 ], [ -74.4419462, 40.4950332 ], [ -74.4418868, 40.4948342 ], [ -74.4418721, 40.4947651 ], [ -74.4418634, 40.4946904 ] ] } },
{ "type": "Feature", "properties": { "id": "1286669080-1289", "osm_way": 1286669080, "name": "Neilson Street", "class": "residential", "is_priority": false, "length_m": 200.0 }, "geometry": { "type": "LineString", "coordinates": [ [ -74.4418634, 40.4946904 ], [ -74.4418627, 40.494626599999989 ], [ -74.4418606, 40.49450550000001 ], [ -74.4418442, 40.4944265 ], [ -74.4417499, 40.4940732 ], [ -74.4417272, 40.4939876 ], [ -74.4416869, 40.4939137 ], [ -74.4416164, 40.4938047 ], [ -74.441588, 40.4937506 ], [ -74.4415602, 40.49366650000001 ], [ -74.441543, 40.4935757 ], [ -74.4414916, 40.4933438 ], [ -74.4414725, 40.4932562 ], [ -74.441403800095671, 40.492933857411664 ] ] } },
{ "type": "Feature", "properties": { "id": "1286669080-1290", "osm_way": 1286669080, "name": "Neilson Street", "class": "residential", "is_priority": false, "length_m": 43.8 }, "geometry": { "type": "LineString", "coordinates": [ [ -74.441403800095671, 40.492933857411664 ], [ -74.441350400000019, 40.4926833 ], [ -74.441359, 40.4925431 ] ] } },
{ "type": "Feature", "properties": { "id": "1297792886-1291", "osm_way": 1297792886, "name": "", "class": "motorway_link", "is_priority": false, "length_m": 200.0 }, "geometry": { "type": "LineString", "coordinates": [ [ -74.4021411, 40.4833387 ], [ -74.4031012, 40.482373 ], [ -74.403294300000013, 40.4821609 ], [ -74.403522057163158, 40.481879271043802 ] ] } },
{ "type": "Feature", "properties": { "id": "1297792886-1292", "osm_way": 1297792886, "name": "", "class": "motorway_link", "is_priority": false, "length_m": 85.4 }, "geometry": { "type": "LineString", "coordinates": [ [ -74.403522057163158, 40.481879271043802 ], [ -74.403753, 40.4815937 ], [ -74.4040319, 40.4812163 ] ] } },
{ "type": "Feature", "properties": { "id": "1297792887-1293", "osm_way": 1297792887, "name": "New Jersey Turnpike", "class": "motorway", "is_priority": true, "length_m": 87.0 }, "geometry": { "type": "LineString", "coordinates": [ [ -74.402362, 40.4827026 ], [ -74.4027311, 40.4822221 ], [ -74.4028752, 40.4820237 ] ] } },
{ "type": "Feature", "properties": { "id": "1297792888-1294", "osm_way": 1297792888, "name": "New Jersey Turnpike", "class": "motorway", "is_priority": true, "length_m": 191.3 }, "geometry": { "type": "LineString", "coordinates": [ [ -74.4028752, 40.4820237 ], [ -74.4030851, 40.4817345 ], [ -74.4039595, 40.4805124 ] ] } },
{ "type": "Feature", "properties": { "id": "1304005299-1295", "osm_way": 1304005299, "name": "Raye Avenue", "class": "residential", "is_priority": false, "length_m": 154.4 }, "geometry": { "type": "LineString", "coordinates": [ [ -74.425148, 40.4802169 ], [ -74.4237462, 40.4808997 ], [ -74.4236135, 40.4809666 ] ] } },
{ "type": "Feature", "properties": { "id": "1304005300-1296", "osm_way": 1304005300, "name": "Sadie Circle", "class": "residential", "is_priority": false, "length_m": 200.0 }, "geometry": { "type": "LineString", "coordinates": [ [ -74.4252707, 40.4806368 ], [ -74.4251876, 40.4806558 ], [ -74.4245741, 40.4809462 ], [ -74.4239861, 40.4812246 ], [ -74.4234044, 40.4814999 ], [ -74.42325519580146, 40.481569447499503 ] ] } },
{ "type": "Feature", "properties": { "id": "1304005300-1297", "osm_way": 1304005300, "name": "Sadie Circle", "class": "residential", "is_priority": false, "length_m": 54.1 }, "geometry": { "type": "LineString", "coordinates": [ [ -74.42325519580146, 40.481569447499503 ], [ -74.4227108, 40.4818232 ] ] } },
{ "type": "Feature", "properties": { "id": "1304005301-1298", "osm_way": 1304005301, "name": "Jessie Place", "class": "residential", "is_priority": false, "length_m": 109.7 }, "geometry": { "type": "LineString", "coordinates": [ [ -74.4234044, 40.4814999 ], [ -74.4238904, 40.482065 ], [ -74.4241146, 40.4823257 ] ] } },
{ "type": "Feature", "properties": { "id": "1304005302-1299", "osm_way": 1304005302, "name": "Sadie Circle", "class": "residential", "is_priority": false, "length_m": 77.4 }, "geometry": { "type": "LineString", "coordinates": [ [ -74.425754400000017, 40.4812191 ], [ -74.4253331, 40.4806621 ], [ -74.4252707, 40.4806368 ] ] } },
{ "type": "Feature", "properties": { "id": "1304005303-1300", "osm_way": 1304005303, "name": "Payton Place", "class": "residential", "is_priority": false, "length_m": 109.0 }, "geometry": { "type": "LineString", "coordinates": [ [ -74.4252589, 40.4817777 ], [ -74.4250459, 40.4815191 ], [ -74.4245741, 40.4809462 ] ] } },
{ "type": "Feature", "properties": { "id": "1304005304-1301", "osm_way": 1304005304, "name": "Lyla Lane", "class": "residential", "is_priority": false, "length_m": 115.2 }, "geometry": { "type": "LineString", "coordinates": [ [ -74.4250459, 40.4815191 ], [ -74.4238904, 40.482065 ] ] } },
{ "type": "Feature", "properties": { "id": "1304005305-1302", "osm_way": 1304005305, "name": "", "class": "residential", "is_priority": false, "length_m": 41.4 }, "geometry": { "type": "LineString", "coordinates": [ [ -74.4237462, 40.4808997 ], [ -74.4239861, 40.4812246 ] ] } },
{ "type": "Feature", "properties": { "id": "1313022907-1303", "osm_way": 1313022907, "name": "Sadie Circle", "class": "residential", "is_priority": false, "length_m": 29.6 }, "geometry": { "type": "LineString", "coordinates": [ [ -74.422508600000015, 40.4816061 ], [ -74.4227108, 40.4818232 ] ] } },
{ "type": "Feature", "properties": { "id": "1313750599-1304", "osm_way": 1313750599, "name": "Bishop Street", "class": "residential", "is_priority": false, "length_m": 9.7 }, "geometry": { "type": "LineString", "coordinates": [ [ -74.4390914, 40.486387799999989 ], [ -74.4390361, 40.4864536 ], [ -74.4390296, 40.4864613 ] ] } },
{ "type": "Feature", "properties": { "id": "1313750600-1305", "osm_way": 1313750600, "name": "Bishop Street", "class": "residential", "is_priority": false, "length_m": 1.8 }, "geometry": { "type": "LineString", "coordinates": [ [ -74.4390296, 40.4864613 ], [ -74.4390179, 40.4864753 ] ] } },
{ "type": "Feature", "properties": { "id": "1313750601-1306", "osm_way": 1313750601, "name": "Bishop Street", "class": "residential", "is_priority": false, "length_m": 8.7 }, "geometry": { "type": "LineString", "coordinates": [ [ -74.4380699, 40.487637699999986 ], [ -74.4380159, 40.487704199999989 ] ] } },
{ "type": "Feature", "properties": { "id": "1316486015-1307", "osm_way": 1316486015, "name": "Hamilton Street", "class": "tertiary", "is_priority": false, "length_m": 62.5 }, "geometry": { "type": "LineString", "coordinates": [ [ -74.449365, 40.4985138 ], [ -74.4499156, 40.4983354 ], [ -74.4500438, 40.4982938 ] ] } },
{ "type": "Feature", "properties": { "id": "1316486016-1308", "osm_way": 1316486016, "name": "Hamilton Street", "class": "tertiary", "is_priority": false, "length_m": 67.5 }, "geometry": { "type": "LineString", "coordinates": [ [ -74.447657, 40.499026 ], [ -74.4478004, 40.4989826 ], [ -74.4483992, 40.4988057 ] ] } },
{ "type": "Feature", "properties": { "id": "1316486017-1309", "osm_way": 1316486017, "name": "College Avenue", "class": "residential", "is_priority": false, "length_m": 76.8 }, "geometry": { "type": "LineString", "coordinates": [ [ -74.4469118, 40.4976799 ], [ -74.4469593, 40.497765 ], [ -74.4469767, 40.4977966 ], [ -74.4472647, 40.4983173 ] ] } },
{ "type": "Feature", "properties": { "id": "1316486020-1310", "osm_way": 1316486020, "name": "Albany Street", "class": "secondary", "is_priority": false, "length_m": 50.9 }, "geometry": { "type": "LineString", "coordinates": [ [ -74.4402616, 40.4972086 ], [ -74.440854500000015, 40.4971338 ] ] } },
{ "type": "Feature", "properties": { "id": "1318790461-1311", "osm_way": 1318790461, "name": "Ryders Lane", "class": "secondary", "is_priority": false, "length_m": 89.8 }, "geometry": { "type": "LineString", "coordinates": [ [ -74.4293339, 40.4813305 ], [ -74.4291666, 40.481206 ], [ -74.4289021, 40.4810009 ], [ -74.4287394, 40.4808768 ], [ -74.4286931, 40.4808399 ], [ -74.4285972, 40.4807493 ] ] } },
{ "type": "Feature", "properties": { "id": "1331161666-1312", "osm_way": 1331161666, "name": "Vermella Drive", "class": "residential", "is_priority": false, "length_m": 102.6 }, "geometry": { "type": "LineString", "coordinates": [ [ -74.425148, 40.4802169 ], [ -74.4251923, 40.4802758 ], [ -74.4253539, 40.4804095 ], [ -74.425585, 40.4805648 ], [ -74.4257981, 40.480625899999986 ], [ -74.426022, 40.4806601 ], [ -74.4261358, 40.4806338 ] ] } },
{ "type": "Feature", "properties": { "id": "1331161667-1313", "osm_way": 1331161667, "name": "Vermella Drive", "class": "residential", "is_priority": false, "length_m": 98.2 }, "geometry": { "type": "LineString", "coordinates": [ [ -74.4261358, 40.4806338 ], [ -74.4261001, 40.4805976 ], [ -74.4258497, 40.480552400000015 ], [ -74.425598, 40.4804656 ], [ -74.4253959, 40.480347 ], [ -74.425248, 40.480235 ], [ -74.425148, 40.4802169 ] ] } },
{ "type": "Feature", "properties": { "id": "1358157416-1314", "osm_way": 1358157416, "name": "Route 18 Service Road", "class": "secondary", "is_priority": false, "length_m": 95.2 }, "geometry": { "type": "LineString", "coordinates": [ [ -74.4393601, 40.4953946 ], [ -74.4394514, 40.4957047 ], [ -74.4395301, 40.4959682 ], [ -74.4396029, 40.4962322 ] ] } },
{ "type": "Feature", "properties": { "id": "1365259151-1315", "osm_way": 1365259151, "name": "Jersey Avenue", "class": "tertiary", "is_priority": false, "length_m": 200.0 }, "geometry": { "type": "LineString", "coordinates": [ [ -74.4657499, 40.4820495 ], [ -74.4665074, 40.481397 ], [ -74.4669784, 40.4809893 ], [ -74.4672407, 40.4807601 ], [ -74.467311574174644, 40.48069881221695 ] ] } },
{ "type": "Feature", "properties": { "id": "1365259151-1316", "osm_way": 1365259151, "name": "Jersey Avenue", "class": "tertiary", "is_priority": false, "length_m": 108.4 }, "geometry": { "type": "LineString", "coordinates": [ [ -74.467311574174644, 40.48069881221695 ], [ -74.4673723, 40.480646299999989 ], [ -74.4678281, 40.4802533 ], [ -74.468161, 40.479969 ] ] } },
{ "type": "Feature", "properties": { "id": "1365304798-1317", "osm_way": 1365304798, "name": "How Lane", "class": "secondary", "is_priority": false, "length_m": 24.4 }, "geometry": { "type": "LineString", "coordinates": [ [ -74.4883721, 40.4737918 ], [ -74.4885997, 40.4739257 ] ] } },
{ "type": "Feature", "properties": { "id": "1365304799-1318", "osm_way": 1365304799, "name": "How Lane", "class": "secondary", "is_priority": false, "length_m": 55.6 }, "geometry": { "type": "LineString", "coordinates": [ [ -74.488731, 40.474003 ], [ -74.4890764, 40.4742063 ], [ -74.4891899, 40.4742731 ], [ -74.489250227975717, 40.474308657926741 ] ] } },
{ "type": "Feature", "properties": { "id": "1365304799-1319", "osm_way": 1365304799, "name": "How Lane", "class": "secondary", "is_priority": false, "length_m": 17.8 }, "geometry": { "type": "LineString", "coordinates": [ [ -74.489325647881643, 40.474353558714768 ], [ -74.489489494262173, 40.474453700124783 ] ] } },
{ "type": "Feature", "properties": { "id": "1369795326-1320", "osm_way": 1369795326, "name": "", "class": "trunk_link", "is_priority": false, "length_m": 36.9 }, "geometry": { "type": "LineString", "coordinates": [ [ -74.4198208, 40.4844229 ], [ -74.4196398, 40.4841206 ] ] } },
{ "type": "Feature", "properties": { "id": "1369795327-1321", "osm_way": 1369795327, "name": "", "class": "trunk_link", "is_priority": false, "length_m": 42.5 }, "geometry": { "type": "LineString", "coordinates": [ [ -74.4163736, 40.4830425 ], [ -74.4168435, 40.4829091 ] ] } },
{ "type": "Feature", "properties": { "id": "1369795328-1322", "osm_way": 1369795328, "name": "", "class": "trunk_link", "is_priority": false, "length_m": 35.8 }, "geometry": { "type": "LineString", "coordinates": [ [ -74.4185697, 40.482648800000014 ], [ -74.4184272, 40.4828497 ], [ -74.4183666, 40.4829316 ] ] } },
{ "type": "Feature", "properties": { "id": "1369795329-1323", "osm_way": 1369795329, "name": "", "class": "trunk_link", "is_priority": false, "length_m": 48.5 }, "geometry": { "type": "LineString", "coordinates": [ [ -74.4183666, 40.4829316 ], [ -74.4181213, 40.483326700000013 ] ] } },
{ "type": "Feature", "properties": { "id": "1369795330-1324", "osm_way": 1369795330, "name": "", "class": "trunk_link", "is_priority": false, "length_m": 42.7 }, "geometry": { "type": "LineString", "coordinates": [ [ -74.4196086, 40.4819222 ], [ -74.4198386, 40.481580399999984 ] ] } },
{ "type": "Feature", "properties": { "id": "1369795331-1325", "osm_way": 1369795331, "name": "", "class": "trunk_link", "is_priority": false, "length_m": 24.3 }, "geometry": { "type": "LineString", "coordinates": [ [ -74.4198944, 40.4813015 ], [ -74.4196747, 40.4814419 ] ] } },
{ "type": "Feature", "properties": { "id": "1369795335-1326", "osm_way": 1369795335, "name": "", "class": "trunk_link", "is_priority": false, "length_m": 32.7 }, "geometry": { "type": "LineString", "coordinates": [ [ -74.4185436, 40.4835742 ], [ -74.4186697, 40.4838522 ] ] } },
{ "type": "Feature", "properties": { "id": "1369795336-1327", "osm_way": 1369795336, "name": "", "class": "trunk_link", "is_priority": false, "length_m": 19.4 }, "geometry": { "type": "LineString", "coordinates": [ [ -74.4181504, 40.4830856 ], [ -74.4180188, 40.4829422 ] ] } },
{ "type": "Feature", "properties": { "id": "1369816124-1328", "osm_way": 1369816124, "name": "State Route 18", "class": "trunk", "is_priority": true, "length_m": 67.9 }, "geometry": { "type": "LineString", "coordinates": [ [ -74.4228452, 40.4852615 ], [ -74.4220617, 40.4851358 ] ] } },
{ "type": "Feature", "properties": { "id": "1369816125-1329", "osm_way": 1369816125, "name": "State Route 18", "class": "trunk", "is_priority": true, "length_m": 73.1 }, "geometry": { "type": "LineString", "coordinates": [ [ -74.421193, 40.4851152 ], [ -74.4220373, 40.4852511 ] ] } },
{ "type": "Feature", "properties": { "id": "1369816126-1330", "osm_way": 1369816126, "name": "Taylor Drive", "class": "residential", "is_priority": false, "length_m": 30.1 }, "geometry": { "type": "LineString", "coordinates": [ [ -74.4229846, 40.4847617 ], [ -74.4231349, 40.4847655 ], [ -74.423234, 40.4847683 ], [ -74.4233394, 40.484770699999984 ] ] } },
{ "type": "Feature", "properties": { "id": "1369816127-1331", "osm_way": 1369816127, "name": "Taylor Drive", "class": "residential", "is_priority": false, "length_m": 182.5 }, "geometry": { "type": "LineString", "coordinates": [ [ -74.420909, 40.484371 ], [ -74.4218599, 40.484624 ], [ -74.4220086, 40.4846628 ], [ -74.422137, 40.4846928 ], [ -74.4222358, 40.4847119 ], [ -74.4223376, 40.4847265 ], [ -74.4224496, 40.4847391 ], [ -74.422557, 40.4847482 ], [ -74.4226599, 40.4847555 ], [ -74.4227659, 40.4847596 ], [ -74.4229846, 40.4847617 ] ] } },
{ "type": "Feature", "properties": { "id": "1369816128-1332", "osm_way": 1369816128, "name": "", "class": "trunk_link", "is_priority": false, "length_m": 22.8 }, "geometry": { "type": "LineString", "coordinates": [ [ -74.4243507, 40.4854745 ], [ -74.424117, 40.4853721 ] ] } },
{ "type": "Feature", "properties": { "id": "1369816130-1333", "osm_way": 1369816130, "name": "", "class": "trunk_link", "is_priority": false, "length_m": 23.5 }, "geometry": { "type": "LineString", "coordinates": [ [ -74.4209186, 40.4851432 ], [ -74.421193, 40.4851152 ] ] } },
{ "type": "Feature", "properties": { "id": "1377405363-1334", "osm_way": 1377405363, "name": "Wall Street", "class": "residential", "is_priority": false, "length_m": 37.8 }, "geometry": { "type": "LineString", "coordinates": [ [ -74.446411, 40.4969384 ], [ -74.4466217, 40.4967388 ], [ -74.446691, 40.4966732 ] ] } },
{ "type": "Feature", "properties": { "id": "1378960036-1335", "osm_way": 1378960036, "name": "College Avenue", "class": "residential", "is_priority": false, "length_m": 143.4 }, "geometry": { "type": "LineString", "coordinates": [ [ -74.4509823, 40.5023265 ], [ -74.4510392, 40.5023822 ], [ -74.4515461, 40.5028777 ], [ -74.4515659, 40.5028971 ], [ -74.4517229, 40.5030505 ], [ -74.4518322, 40.503157299999984 ], [ -74.4518996, 40.5032233 ], [ -74.4520241, 40.503345 ] ] } },
{ "type": "Feature", "properties": { "id": "1378960037-1336", "osm_way": 1378960037, "name": "College Avenue", "class": "residential", "is_priority": false, "length_m": 80.5 }, "geometry": { "type": "LineString", "coordinates": [ [ -74.4503975, 40.5017548 ], [ -74.4504569, 40.5018129 ], [ -74.4509206, 40.502266199999987 ], [ -74.4509823, 40.5023265 ] ] } },
{ "type": "Feature", "properties": { "id": "1378960038-1337", "osm_way": 1378960038, "name": "College Avenue", "class": "residential", "is_priority": false, "length_m": 78.6 }, "geometry": { "type": "LineString", "coordinates": [ [ -74.4498269, 40.501197 ], [ -74.449885800000018, 40.5012546 ], [ -74.4503486, 40.501707 ], [ -74.4503653, 40.5017234 ], [ -74.4503975, 40.5017548 ] ] } },
{ "type": "Feature", "properties": { "id": "1378960039-1338", "osm_way": 1378960039, "name": "College Avenue", "class": "residential", "is_priority": false, "length_m": 66.3 }, "geometry": { "type": "LineString", "coordinates": [ [ -74.4493456, 40.5007265 ], [ -74.4494117, 40.500791 ], [ -74.449687, 40.5010602 ], [ -74.4497723, 40.5011436 ], [ -74.4498269, 40.501197 ] ] } },
{ "type": "Feature", "properties": { "id": "1378960040-1339", "osm_way": 1378960040, "name": "College Avenue", "class": "residential", "is_priority": false, "length_m": 61.0 }, "geometry": { "type": "LineString", "coordinates": [ [ -74.448916, 40.500285899999987 ], [ -74.4492798, 40.5006621 ], [ -74.4493456, 40.5007265 ] ] } },
{ "type": "Feature", "properties": { "id": "1378960041-1340", "osm_way": 1378960041, "name": "College Avenue", "class": "residential", "is_priority": false, "length_m": 32.6 }, "geometry": { "type": "LineString", "coordinates": [ [ -74.4486808, 40.5000535 ], [ -74.4487735, 40.5001424 ], [ -74.448916, 40.500285899999987 ] ] } },
{ "type": "Feature", "properties": { "id": "1378960042-1341", "osm_way": 1378960042, "name": "College Avenue", "class": "residential", "is_priority": false, "length_m": 80.4 }, "geometry": { "type": "LineString", "coordinates": [ [ -74.453277, 40.5045698 ], [ -74.4533394, 40.5046308 ], [ -74.4538046, 40.5050857 ], [ -74.453861, 40.5051407 ] ] } },
{ "type": "Feature", "properties": { "id": "1378960043-1342", "osm_way": 1378960043, "name": "College Avenue", "class": "residential", "is_priority": false, "length_m": 79.2 }, "geometry": { "type": "LineString", "coordinates": [ [ -74.4527019, 40.5040076 ], [ -74.4527697, 40.5040739 ], [ -74.4532221, 40.5045161 ], [ -74.453277, 40.5045698 ] ] } },
{ "type": "Feature", "properties": { "id": "1382930710-1343", "osm_way": 1382930710, "name": "How Lane", "class": "secondary", "is_priority": false, "length_m": 14.1 }, "geometry": { "type": "LineString", "coordinates": [ [ -74.4885997, 40.4739257 ], [ -74.488731, 40.474003 ] ] } },
{ "type": "Feature", "properties": { "id": "1383010486-1344", "osm_way": 1383010486, "name": "Plum Street", "class": "residential", "is_priority": false, "length_m": 21.2 }, "geometry": { "type": "LineString", "coordinates": [ [ -74.4521845, 40.4945853 ], [ -74.4523293, 40.4947405 ] ] } },
{ "type": "Feature", "properties": { "id": "1383010487-1345", "osm_way": 1383010487, "name": "Plum Street", "class": "residential", "is_priority": false, "length_m": 19.7 }, "geometry": { "type": "LineString", "coordinates": [ [ -74.4520508, 40.4944402 ], [ -74.4520667, 40.4944574 ], [ -74.4521845, 40.4945853 ] ] } },
{ "type": "Feature", "properties": { "id": "1384107918-1346", "osm_way": 1384107918, "name": "Somerset Street", "class": "secondary", "is_priority": false, "length_m": 6.5 }, "geometry": { "type": "LineString", "coordinates": [ [ -74.4845501384833, 40.479952458623536 ], [ -74.4845574, 40.479945599999986 ], [ -74.484598326311371, 40.479907440086123 ] ] } },
{ "type": "Feature", "properties": { "id": "1386429802-1347", "osm_way": 1386429802, "name": "Somerset Street", "class": "residential", "is_priority": false, "length_m": 19.6 }, "geometry": { "type": "LineString", "coordinates": [ [ -74.449682, 40.496314 ], [ -74.4498202, 40.4962366 ], [ -74.4498676, 40.4962092 ] ] } },
{ "type": "Feature", "properties": { "id": "1386429803-1348", "osm_way": 1386429803, "name": "Somerset Street", "class": "residential", "is_priority": false, "length_m": 3.5 }, "geometry": { "type": "LineString", "coordinates": [ [ -74.4498676, 40.4962092 ], [ -74.449901, 40.4961914 ] ] } },
{ "type": "Feature", "properties": { "id": "1386429810-1349", "osm_way": 1386429810, "name": "Little Albany Street", "class": "residential", "is_priority": false, "length_m": 19.7 }, "geometry": { "type": "LineString", "coordinates": [ [ -74.449612, 40.496145 ], [ -74.4496307, 40.4962102 ], [ -74.4496505, 40.4962562 ], [ -74.4496542, 40.4962647 ], [ -74.449682, 40.496314 ] ] } },
{ "type": "Feature", "properties": { "id": "1386429811-1350", "osm_way": 1386429811, "name": "Little Albany Street", "class": "residential", "is_priority": false, "length_m": 2.9 }, "geometry": { "type": "LineString", "coordinates": [ [ -74.4496046, 40.4961196 ], [ -74.449612, 40.496145 ] ] } },
{ "type": "Feature", "properties": { "id": "1390311835-1351", "osm_way": 1390311835, "name": "Somerset Street", "class": "secondary", "is_priority": false, "length_m": 2.2 }, "geometry": { "type": "LineString", "coordinates": [ [ -74.484657328031247, 40.479852318771044 ], [ -74.4846736, 40.4798371 ] ] } },
{ "type": "Feature", "properties": { "id": "1425589280-1352", "osm_way": 1425589280, "name": "New Street", "class": "residential", "is_priority": false, "length_m": 118.9 }, "geometry": { "type": "LineString", "coordinates": [ [ -74.446264, 40.4926308 ], [ -74.4464125, 40.4926509 ], [ -74.4475587, 40.4928065 ], [ -74.447645, 40.4928174 ] ] } },
{ "type": "Feature", "properties": { "id": "1425648630-1353", "osm_way": 1425648630, "name": "Ryders Lane", "class": "secondary", "is_priority": false, "length_m": 51.4 }, "geometry": { "type": "LineString", "coordinates": [ [ -74.4326342, 40.4840211 ], [ -74.4326162, 40.483996 ], [ -74.4326014, 40.483966 ], [ -74.432588, 40.4839374 ], [ -74.4325708, 40.4838947 ], [ -74.4325503, 40.4838417 ], [ -74.4325352, 40.4837886 ], [ -74.4325115, 40.4836305 ], [ -74.432503, 40.4835719 ] ] } },
{ "type": "Feature", "properties": { "id": "1425648631-1354", "osm_way": 1425648631, "name": "Ryders Lane", "class": "secondary", "is_priority": false, "length_m": 166.4 }, "geometry": { "type": "LineString", "coordinates": [ [ -74.4304148, 40.4825771 ], [ -74.4303398, 40.4824783 ], [ -74.4301115, 40.4821868 ], [ -74.4300121, 40.4820473 ], [ -74.4298993, 40.4819078 ], [ -74.4296657, 40.4816329 ], [ -74.4295651, 40.4815267 ], [ -74.4294511, 40.4814286 ], [ -74.4293339, 40.4813305 ] ] } },
{ "type": "Feature", "properties": { "id": "1425648632-1355", "osm_way": 1425648632, "name": "Ryders Lane", "class": "secondary", "is_priority": false, "length_m": 118.2 }, "geometry": { "type": "LineString", "coordinates": [ [ -74.4314556, 40.4830372 ], [ -74.4312464, 40.483056 ], [ -74.4310316, 40.4830785 ], [ -74.4309387, 40.4830817 ], [ -74.4308653, 40.4830724 ], [ -74.4307989, 40.483044799999988 ], [ -74.4307429, 40.482994 ], [ -74.4306318, 40.4828631 ], [ -74.4304148, 40.4825771 ] ] } },
{ "type": "Feature", "properties": { "id": "1429102747-1356", "osm_way": 1429102747, "name": "Railroad Avenue", "class": "residential", "is_priority": false, "length_m": 78.9 }, "geometry": { "type": "LineString", "coordinates": [ [ -74.4531106, 40.4906101 ], [ -74.4536918, 40.4900552 ] ] } },
{ "type": "Feature", "properties": { "id": "1429102748-1357", "osm_way": 1429102748, "name": "Baldwin Steet", "class": "residential", "is_priority": false, "length_m": 34.9 }, "geometry": { "type": "LineString", "coordinates": [ [ -74.4536918, 40.4900552 ], [ -74.4540122, 40.4902529 ] ] } },
{ "type": "Feature", "properties": { "id": "1432111200-1358", "osm_way": 1432111200, "name": "Joyce Kilmer Avenue North", "class": "residential", "is_priority": false, "length_m": 200.0 }, "geometry": { "type": "LineString", "coordinates": [ [ -74.4481777, 40.4953853 ], [ -74.4481566, 40.4952947 ], [ -74.448068600000013, 40.494916600000018 ], [ -74.4480388, 40.4947949 ], [ -74.4479945, 40.4946303 ], [ -74.4479813, 40.4945813 ], [ -74.4479692, 40.4945207 ], [ -74.4479547, 40.494448199999987 ], [ -74.4479257, 40.4943354 ], [ -74.4478109, 40.4938962 ], [ -74.4477949, 40.4938348 ], [ -74.4477844, 40.4937843 ], [ -74.447749115504934, 40.493613758987792 ] ] } },
{ "type": "Feature", "properties": { "id": "1432111200-1359", "osm_way": 1432111200, "name": "Joyce Kilmer Avenue North", "class": "residential", "is_priority": false, "length_m": 89.6 }, "geometry": { "type": "LineString", "coordinates": [ [ -74.447749115504934, 40.493613758987792 ], [ -74.4476902, 40.493329 ], [ -74.44761130000002, 40.4929734 ], [ -74.4476222, 40.4928863 ], [ -74.447645, 40.4928174 ] ] } },
{ "type": "Feature", "properties": { "id": "1442265122-1360", "osm_way": 1442265122, "name": "Easton Avenue", "class": "tertiary", "is_priority": false, "length_m": 30.1 }, "geometry": { "type": "LineString", "coordinates": [ [ -74.4592971, 40.5019104 ], [ -74.4594155, 40.5019568 ], [ -74.4596121, 40.5020348 ] ] } },
{ "type": "Feature", "properties": { "id": "1442265123-1361", "osm_way": 1442265123, "name": "Easton Avenue", "class": "tertiary", "is_priority": false, "length_m": 23.9 }, "geometry": { "type": "LineString", "coordinates": [ [ -74.459725, 40.5020781 ], [ -74.4598971, 40.5021455 ], [ -74.4599763, 40.5021766 ] ] } },
{ "type": "Feature", "properties": { "id": "1442265124-1362", "osm_way": 1442265124, "name": "Easton Avenue", "class": "tertiary", "is_priority": false, "length_m": 10.7 }, "geometry": { "type": "LineString", "coordinates": [ [ -74.4596121, 40.5020348 ], [ -74.459725, 40.5020781 ] ] } },
{ "type": "Feature", "properties": { "id": "1442523295-1363", "osm_way": 1442523295, "name": "Jersey Avenue", "class": "tertiary", "is_priority": false, "length_m": 37.6 }, "geometry": { "type": "LineString", "coordinates": [ [ -74.4551359, 40.4909354 ], [ -74.4554166, 40.4906736 ] ] } },
{ "type": "Feature", "properties": { "id": "1442523296-1364", "osm_way": 1442523296, "name": "Jersey Avenue", "class": "tertiary", "is_priority": false, "length_m": 42.8 }, "geometry": { "type": "LineString", "coordinates": [ [ -74.4554166, 40.4906736 ], [ -74.4557366, 40.4903753 ] ] } },
{ "type": "Feature", "properties": { "id": "1451504485-1365", "osm_way": 1451504485, "name": "Georges Road", "class": "tertiary", "is_priority": false, "length_m": 42.6 }, "geometry": { "type": "LineString", "coordinates": [ [ -74.447732, 40.4765192 ], [ -74.4477421, 40.476485 ], [ -74.4477993, 40.4762754 ], [ -74.447845261935939, 40.476145756909368 ] ] } },
{ "type": "Feature", "properties": { "id": "1452698585-1366", "osm_way": 1452698585, "name": "", "class": "tertiary_link", "is_priority": false, "length_m": 9.5 }, "geometry": { "type": "LineString", "coordinates": [ [ -74.4667427, 40.5057111 ], [ -74.466806300000016, 40.505782 ] ] } },
{ "type": "Feature", "properties": { "id": "1452698586-1367", "osm_way": 1452698586, "name": "Landing Lane", "class": "primary", "is_priority": true, "length_m": 37.8 }, "geometry": { "type": "LineString", "coordinates": [ [ -74.467176400000014, 40.5056331 ], [ -74.4667427, 40.5057111 ] ] } },
{ "type": "Feature", "properties": { "id": "1452698588-1368", "osm_way": 1452698588, "name": "Parkview Drive", "class": "residential", "is_priority": false, "length_m": 9.6 }, "geometry": { "type": "LineString", "coordinates": [ [ -74.466192, 40.5059343 ], [ -74.4661059, 40.505877799999986 ] ] } },
{ "type": "Feature", "properties": { "id": "1457797569-1369", "osm_way": 1457797569, "name": "College Avenue", "class": "residential", "is_priority": false, "length_m": 93.3 }, "geometry": { "type": "LineString", "coordinates": [ [ -74.4520241, 40.503345 ], [ -74.4526429, 40.5039499 ], [ -74.4527019, 40.5040076 ] ] } },
{ "type": "Feature", "properties": { "id": "1474245251-1370", "osm_way": 1474245251, "name": "College Avenue", "class": "residential", "is_priority": false, "length_m": 41.4 }, "geometry": { "type": "LineString", "coordinates": [ [ -74.4482457, 40.4996201 ], [ -74.4484224, 40.4997965 ], [ -74.4484991, 40.4998727 ], [ -74.4485431, 40.4999163 ] ] } },
{ "type": "Feature", "properties": { "id": "1482326076-1371", "osm_way": 1482326076, "name": "New Street", "class": "secondary", "is_priority": false, "length_m": 41.8 }, "geometry": { "type": "LineString", "coordinates": [ [ -74.442179, 40.4924102 ], [ -74.4422817, 40.4923988 ], [ -74.442398, 40.492387399999984 ], [ -74.4426685, 40.4923649 ] ] } },
{ "type": "Feature", "properties": { "id": "1491681768-1372", "osm_way": 1491681768, "name": "", "class": "residential", "is_priority": false, "length_m": 24.7 }, "geometry": { "type": "LineString", "coordinates": [ [ -74.4391248, 40.4814902 ], [ -74.439261, 40.4814575 ], [ -74.4394093, 40.4814478 ] ] } },
{ "type": "Feature", "properties": { "id": "1495824823-1373", "osm_way": 1495824823, "name": "Baldwin Street", "class": "residential", "is_priority": false, "length_m": 200.0 }, "geometry": { "type": "LineString", "coordinates": [ [ -74.4498997, 40.4877429 ], [ -74.4500214, 40.4878175 ], [ -74.4516856, 40.488838 ], [ -74.451739651019963, 40.488871107395617 ] ] } },
{ "type": "Feature", "properties": { "id": "1495824823-1374", "osm_way": 1495824823, "name": "Baldwin Street", "class": "residential", "is_priority": false, "length_m": 178.6 }, "geometry": { "type": "LineString", "coordinates": [ [ -74.451739651019963, 40.488871107395617 ], [ -74.4517447, 40.4888742 ], [ -74.451816, 40.4889169 ], [ -74.4525709, 40.4893686 ], [ -74.453217, 40.4897552 ], [ -74.4533978, 40.4898634 ] ] } },
{ "type": "Feature", "properties": { "id": "1495824824-1375", "osm_way": 1495824824, "name": "Baldwin Street", "class": "residential", "is_priority": false, "length_m": 173.9 }, "geometry": { "type": "LineString", "coordinates": [ [ -74.4450616, 40.4848009 ], [ -74.4451398, 40.4848463 ], [ -74.445234, 40.484901 ], [ -74.446583, 40.4857187 ], [ -74.4466718, 40.4857725 ] ] } },
{ "type": "Feature", "properties": { "id": "1495836796-1376", "osm_way": 1495836796, "name": "Central Avenue", "class": "residential", "is_priority": false, "length_m": 200.0 }, "geometry": { "type": "LineString", "coordinates": [ [ -74.4579559, 40.4985742 ], [ -74.4585861, 40.4985939 ], [ -74.4591419, 40.4986163 ], [ -74.4595854, 40.4986321 ], [ -74.4600251, 40.498652 ], [ -74.460313524773667, 40.498648317168239 ] ] } },
{ "type": "Feature", "properties": { "id": "1495836796-1377", "osm_way": 1495836796, "name": "Central Avenue", "class": "residential", "is_priority": false, "length_m": 0.8 }, "geometry": { "type": "LineString", "coordinates": [ [ -74.460313524773667, 40.498648317168239 ], [ -74.4603227, 40.4986482 ] ] } },
{ "type": "Feature", "properties": { "id": "1495841364-1378", "osm_way": 1495841364, "name": "Delafield Street", "class": "residential", "is_priority": false, "length_m": 162.3 }, "geometry": { "type": "LineString", "coordinates": [ [ -74.4573374, 40.4995293 ], [ -74.4574119, 40.4995583 ], [ -74.4574322, 40.499566200000011 ], [ -74.4589606, 40.5001626 ], [ -74.4590287, 40.5001874 ], [ -74.4590438, 40.5001926 ] ] } },
{ "type": "Feature", "properties": { "id": "1496012389-1379", "osm_way": 1496012389, "name": "Guilden Street", "class": "residential", "is_priority": false, "length_m": 200.0 }, "geometry": { "type": "LineString", "coordinates": [ [ -74.455071, 40.499444 ], [ -74.4551497, 40.4994749 ], [ -74.4554757, 40.499603 ], [ -74.4556842, 40.4996849 ], [ -74.4568406, 40.5001392 ], [ -74.456919, 40.50017 ], [ -74.4569896, 40.5001978 ], [ -74.457169508828059, 40.500268691401807 ] ] } },
{ "type": "Feature", "properties": { "id": "1496012389-1380", "osm_way": 1496012389, "name": "Guilden Street", "class": "residential", "is_priority": false, "length_m": 124.8 }, "geometry": { "type": "LineString", "coordinates": [ [ -74.457169508828059, 40.500268691401807 ], [ -74.457573300000021, 40.5004278 ], [ -74.4584786, 40.5007845 ] ] } },
{ "type": "Feature", "properties": { "id": "1496012752-1381", "osm_way": 1496012752, "name": "Hale Street", "class": "residential", "is_priority": false, "length_m": 37.4 }, "geometry": { "type": "LineString", "coordinates": [ [ -74.452333100000018, 40.4883062 ], [ -74.4524108, 40.4883533 ], [ -74.4526791, 40.488516 ] ] } },
{ "type": "Feature", "properties": { "id": "1496012753-1382", "osm_way": 1496012753, "name": "Hale Street", "class": "residential", "is_priority": false, "length_m": 34.0 }, "geometry": { "type": "LineString", "coordinates": [ [ -74.4453248, 40.4840413 ], [ -74.445585, 40.4842049 ], [ -74.4456348, 40.4842362 ] ] } },
{ "type": "Feature", "properties": { "id": "1496028252-1383", "osm_way": 1496028252, "name": "Jefferson Avenue", "class": "residential", "is_priority": false, "length_m": 91.2 }, "geometry": { "type": "LineString", "coordinates": [ [ -74.4657292, 40.5027771 ], [ -74.466695, 40.503139 ] ] } },
{ "type": "Feature", "properties": { "id": "1496145444-1384", "osm_way": 1496145444, "name": "May Street", "class": "residential", "is_priority": false, "length_m": 48.4 }, "geometry": { "type": "LineString", "coordinates": [ [ -74.4545492, 40.4775038 ], [ -74.4549179, 40.477725 ], [ -74.4549981, 40.4777731 ] ] } },
{ "type": "Feature", "properties": { "id": "1496184586-1385", "osm_way": 1496184586, "name": "New York Avenue", "class": "residential", "is_priority": false, "length_m": 110.7 }, "geometry": { "type": "LineString", "coordinates": [ [ -74.465318, 40.5033919 ], [ -74.4653934, 40.5034214 ], [ -74.4664805, 40.5038463 ] ] } },
{ "type": "Feature", "properties": { "id": "1496270947-1386", "osm_way": 1496270947, "name": "Prosper Street", "class": "residential", "is_priority": false, "length_m": 41.2 }, "geometry": { "type": "LineString", "coordinates": [ [ -74.453301, 40.498749 ], [ -74.4533382, 40.4986913 ], [ -74.4534664, 40.4984927 ], [ -74.4535158, 40.4984162 ] ] } },
{ "type": "Feature", "properties": { "id": "1496271212-1387", "osm_way": 1496271212, "name": "Quentin Avenue", "class": "residential", "is_priority": false, "length_m": 160.9 }, "geometry": { "type": "LineString", "coordinates": [ [ -74.4681469, 40.4854151 ], [ -74.46865, 40.485705 ], [ -74.469018, 40.485909 ], [ -74.469085, 40.485973 ], [ -74.4692903, 40.4864175 ], [ -74.4693076, 40.486435299999989 ], [ -74.469343452428092, 40.486472058302056 ] ] } },
{ "type": "Feature", "properties": { "id": "1496288373-1388", "osm_way": 1496288373, "name": "Roosevelt Avenue", "class": "residential", "is_priority": false, "length_m": 113.2 }, "geometry": { "type": "LineString", "coordinates": [ [ -74.4776986, 40.4830552 ], [ -74.4776428, 40.482984799999983 ], [ -74.4776237, 40.4829317 ], [ -74.4776136, 40.4828505 ], [ -74.4776237, 40.482809 ], [ -74.477652, 40.48278 ], [ -74.4783391, 40.4823623 ], [ -74.4784018, 40.4823419 ] ] } },
{ "type": "Feature", "properties": { "id": "1496288591-1389", "osm_way": 1496288591, "name": "Oliver Avenue", "class": "residential", "is_priority": false, "length_m": 145.8 }, "geometry": { "type": "LineString", "coordinates": [ [ -74.479443982056495, 40.483385777066303 ], [ -74.4794307, 40.4833715 ], [ -74.478953, 40.482858 ], [ -74.4788891, 40.4827905 ], [ -74.4785436, 40.4824808 ], [ -74.4784451, 40.4823842 ], [ -74.4784018, 40.4823419 ] ] } },
{ "type": "Feature", "properties": { "id": "1496684839-1390", "osm_way": 1496684839, "name": "Seaman Street", "class": "residential", "is_priority": false, "length_m": 200.0 }, "geometry": { "type": "LineString", "coordinates": [ [ -74.4487363, 40.488853599999985 ], [ -74.4488598, 40.4889288 ], [ -74.4503671, 40.4898468 ], [ -74.4504089, 40.4898723 ], [ -74.450578638112475, 40.489979523621088 ] ] } },
{ "type": "Feature", "properties": { "id": "1496684839-1391", "osm_way": 1496684839, "name": "Seaman Street", "class": "residential", "is_priority": false, "length_m": 178.9 }, "geometry": { "type": "LineString", "coordinates": [ [ -74.450578638112475, 40.489979523621088 ], [ -74.4505824, 40.4899819 ], [ -74.4506591, 40.4900284 ], [ -74.4512731, 40.4904006 ], [ -74.4519826, 40.4908307 ], [ -74.45223, 40.490984 ] ] } },
{ "type": "Feature", "properties": { "id": "1496685380-1392", "osm_way": 1496685380, "name": "Senior Street", "class": "residential", "is_priority": false, "length_m": 94.0 }, "geometry": { "type": "LineString", "coordinates": [ [ -74.45182, 40.5045219 ], [ -74.4519034, 40.5044732 ], [ -74.4525789, 40.5040793 ], [ -74.4525931, 40.504071 ], [ -74.4527019, 40.5040076 ] ] } },
{ "type": "Feature", "properties": { "id": "1496706393-1393", "osm_way": 1496706393, "name": "Stratford Place", "class": "residential", "is_priority": false, "length_m": 180.5 }, "geometry": { "type": "LineString", "coordinates": [ [ -74.4553133, 40.4854694 ], [ -74.4553844, 40.4855125 ], [ -74.4569803, 40.4864809 ] ] } },
{ "type": "Feature", "properties": { "id": "1496711820-1394", "osm_way": 1496711820, "name": "Wright Place", "class": "residential", "is_priority": false, "length_m": 154.4 }, "geometry": { "type": "LineString", "coordinates": [ [ -74.467, 40.486496 ], [ -74.467572, 40.485941 ], [ -74.4681469, 40.4854151 ] ] } },
{ "type": "Feature", "properties": { "id": "1506863195-1395", "osm_way": 1506863195, "name": "George Street", "class": "tertiary", "is_priority": false, "length_m": 46.9 }, "geometry": { "type": "LineString", "coordinates": [ [ -74.443064, 40.491927 ], [ -74.443262, 40.4922346 ], [ -74.4432855, 40.4923119 ] ] } },
{ "type": "Feature", "properties": { "id": "1541147466-1396", "osm_way": 1541147466, "name": "How Lane", "class": "secondary", "is_priority": false, "length_m": 200.0 }, "geometry": { "type": "LineString", "coordinates": [ [ -74.485837, 40.472299499999984 ], [ -74.4864387, 40.4726537 ], [ -74.4865213, 40.4727023 ], [ -74.4868529, 40.4728975 ], [ -74.4871601, 40.4730783 ], [ -74.487705639532834, 40.473399466064222 ] ] } },
{ "type": "Feature", "properties": { "id": "1541147466-1397", "osm_way": 1541147466, "name": "How Lane", "class": "secondary", "is_priority": false, "length_m": 71.3 }, "geometry": { "type": "LineString", "coordinates": [ [ -74.487705639532834, 40.473399466064222 ], [ -74.4879148, 40.47352260000001 ], [ -74.4883721, 40.4737918 ] ] } }
]
}
