{"type":"FeatureCollection","features":[{"type":"Feature","properties":{"level_ft":8},"geometry":{"type":"MultiPolygon","coordinates":[[[[-74.19237,40.687734],[-74.192084,40.687242],[-74.192409,40.687223],[-74.19237,40.687734]]],[[[-74.192262,40.687788],[-74.192476,40.688146],[-74.192152,40.688062],[-74.192262,40.687788]]],[[[-74.192441,40.688008],[-74.192477,40.687981],[-74.192477,40.688008],[-74.192441,40.688008]]],[[[-74.192874,40.688037],[-74.19291,40.688009],[-74.19291,40.688037],[-74.192874,40.688037]]],[[[-74.192801,40.688201],[-74.192765,40.688201],[-74.192765,40.688146],[-74.192693,40.688174],[-74.192621,40.688091],[-74.192838,40.688009],[-74.192801,40.688201]]],[[[-74.192585,40.688146],[-74.192549,40.688091],[-74.192585,40.688091],[-74.192585,40.688146]]],[[[-74.192585,40.688146],[-74.192657,40.688174],[-74.192585,40.688173],[-74.192585,40.688146]]],[[[-74.192837,40.688229],[-74.192801,40.688201],[-74.192837,40.688201],[-74.192837,40.688229]]],[[[-74.198967,40.688382],[-74.199831,40.688714],[-74.198928,40.688904],[-74.198967,40.688382]]],[[[-74.199866,40.688769],[-74.199975,40.688714],[-74.199974,40.688797],[-74.199866,40.688769]]],[[[-74.200191,40.68877],[-74.200947,40.688964],[-74.200946,40.689238],[-74.200153,40.689181],[-74.200191,40.68877]]],[[[-74.191498,40.689159],[-74.191462,40.689131],[-74.191498,40.689131],[-74.191498,40.689159]]],[[[-74.191275,40.69064],[-74.191239,40.690613],[-74.191275,40.690613],[-74.191275,40.69064]]],[[[-74.191239,40.690668],[-74.191203,40.690695],[-74.191203,40.690668],[-74.191239,40.690668]]],[[[-74.191201,40.691024],[-74.191165,40.691052],[-74.191165,40.691024],[-74.191201,40.691024]]],[[[-74.190696,40.691023],[-74.19066,40.69105],[-74.19066,40.691023],[-74.190696,40.691023]]],[[[-74.191129,40.691107],[-74.191165,40.691079],[-74.191165,40.691107],[-74.191129,40.691107]]],[[[-74.189213,40.692035],[-74.189177,40.692062],[-74.189177,40.692035],[-74.189213,40.692035]]],[[[-74.190763,40.692149],[-74.190799,40.692176],[-74.190763,40.692176],[-74.190763,40.692149]]],[[[-74.188669,40.692582],[-74.188633,40.69261],[-74.188633,40.692582],[-74.188669,40.692582]]],[[[-74.188486,40.693323],[-74.188522,40.693296],[-74.188522,40.693323],[-74.188486,40.693323]]],[[[-74.188161,40.693432],[-74.188197,40.693405],[-74.188197,40.693432],[-74.188161,40.693432]]],[[[-74.199956,40.692942],[-74.199995,40.692201],[-74.199383,40.691952],[-74.199638,40.691486],[-74.199962,40.691542],[-74.199817,40.691816],[-74.200933,40.69223],[-74.200784,40.693163],[-74.201358,40.693824],[-74.200853,40.693822],[-74.200672,40.694096],[-74.200706,40.694618],[-74.200199,40.694919],[-74.200198,40.69533],[-74.199691,40.695741],[-74.199725,40.696153],[-74.1994,40.696179],[-74.199288,40.69714],[-74.198891,40.697084],[-74.198927,40.697249],[-74.198277,40.697439],[-74.198387,40.696945],[-74.197956,40.696587],[-74.196371,40.696062],[-74.196085,40.695649],[-74.197101,40.694142],[-74.198039,40.694144],[-74.197715,40.693897],[-74.19779,40.69343],[-74.198907,40.693543],[-74.199771,40.693984],[-74.200132,40.693875],[-74.199881,40.693518],[-74.200495,40.693327],[-74.200099,40.693079],[-74.200317,40.69286],[-74.199956,40.692942]],[[-74.199817,40.691816],[-74.19978,40.691871],[-74.199816,40.691871],[-74.199817,40.691816]],[[-74.200389,40.69286],[-74.200534,40.692778],[-74.200462,40.692641],[-74.200354,40.692641],[-74.200389,40.69286]]],[[[-74.189341,40.695604],[-74.189376,40.695631],[-74.18934,40.695631],[-74.189341,40.695604]]],[[[-74.189376,40.695631],[-74.189412,40.695659],[-74.189376,40.695659],[-74.189376,40.695631]]],[[[-74.189448,40.695714],[-74.189484,40.695741],[-74.189448,40.695741],[-74.189448,40.695714]]],[[[-74.189484,40.695741],[-74.18952,40.695769],[-74.189484,40.695769],[-74.189484,40.695741]]],[[[-74.18952,40.695796],[-74.189556,40.695824],[-74.18952,40.695824],[-74.18952,40.695796]]],[[[-74.189592,40.695824],[-74.189556,40.695851],[-74.189556,40.695824],[-74.189592,40.695824]]],[[[-74.189663,40.695961],[-74.1897,40.695934],[-74.1897,40.695962],[-74.189663,40.695961]]],[[[-74.19323,40.696877],[-74.193525,40.695395],[-74.193814,40.695286],[-74.194101,40.695726],[-74.193627,40.696768],[-74.19323,40.696877]]],[[[-74.19001,40.699092],[-74.190082,40.699064],[-74.190082,40.699092],[-74.19001,40.699092]]],[[[-74.189865,40.699091],[-74.19174,40.699234],[-74.19163,40.699645],[-74.19091,40.699396],[-74.189323,40.699364],[-74.189865,40.699091]]],[[[-74.18824,40.699499],[-74.188638,40.699362],[-74.189035,40.699254],[-74.18824,40.699499]]],[[[-74.191765,40.701759],[-74.19282,40.699676],[-74.193365,40.698936],[-74.193217,40.699704],[-74.192126,40.701705],[-74.191765,40.701759]],[[-74.19209,40.701705],[-74.192054,40.701677],[-74.192053,40.701705],[-74.19209,40.701705]]],[[[-74.190249,40.701837],[-74.189816,40.701864],[-74.190577,40.701097],[-74.190249,40.701837]]],[[[-74.19245,40.701679],[-74.192596,40.701459],[-74.192595,40.701597],[-74.19245,40.701679]]],[[[-74.192306,40.701596],[-74.192198,40.701678],[-74.192343,40.701486],[-74.192306,40.701596]]],[[[-74.193063,40.70168],[-74.192558,40.701706],[-74.192668,40.701487],[-74.193063,40.70168]]],[[[-74.191583,40.702006],[-74.191547,40.701978],[-74.191583,40.701978],[-74.191583,40.702006]]],[[[-74.191547,40.702006],[-74.191511,40.702033],[-74.191511,40.702005],[-74.191547,40.702006]]],[[[-74.191078,40.702142],[-74.191042,40.702114],[-74.191078,40.702114],[-74.191078,40.702142]]],[[[-74.190679,40.702607],[-74.190969,40.702251],[-74.190678,40.702689],[-74.190679,40.702607]]],[[[-74.191078,40.702142],[-74.190749,40.703019],[-74.190641,40.703019],[-74.191078,40.702142]]],[[[-74.195562,40.707479],[-74.196287,40.706575],[-74.195965,40.706025],[-74.196147,40.705641],[-74.196508,40.705752],[-74.196865,40.706384],[-74.196905,40.705561],[-74.197158,40.705507],[-74.197157,40.705809],[-74.197698,40.705728],[-74.199258,40.7037],[-74.199514,40.70296],[-74.20002,40.702687],[-74.200492,40.701974],[-74.201468,40.701647],[-74.201363,40.700851],[-74.20241,40.700524],[-74.202884,40.699482],[-74.203678,40.699375],[-74.204438,40.6988],[-74.204942,40.698994],[-74.205957,40.697871],[-74.206785,40.698092],[-74.208445,40.697959],[-74.209237,40.698428],[-74.209666,40.699253],[-74.209124,40.699471],[-74.210313,40.699748],[-74.210348,40.70005],[-74.208395,40.701171],[-74.20663,40.700563],[-74.206302,40.701385],[-74.20648,40.701852],[-74.204852,40.703138],[-74.203232,40.70242],[-74.20251,40.702419],[-74.202358,40.70412],[-74.201453,40.704886],[-74.20066,40.704857],[-74.200189,40.705295],[-74.199575,40.705376],[-74.199249,40.705704],[-74.199356,40.705979],[-74.198705,40.706471],[-74.19773,40.706743],[-74.197765,40.70699],[-74.197259,40.707017],[-74.197257,40.707483],[-74.196392,40.707316],[-74.195958,40.707699],[-74.195344,40.707698],[-74.195274,40.707423],[-74.195562,40.707479]]],[[[-74.190714,40.702744],[-74.190678,40.702717],[-74.190714,40.702717],[-74.190714,40.702744]]],[[[-74.190678,40.702799],[-74.190606,40.702744],[-74.190678,40.702744],[-74.190678,40.702799]]],[[[-74.190894,40.702937],[-74.19093,40.702855],[-74.190966,40.702855],[-74.190966,40.702937],[-74.190894,40.702937]]],[[[-74.190857,40.702992],[-74.190893,40.702965],[-74.190893,40.702992],[-74.190857,40.702992]]],[[[-74.190641,40.702991],[-74.190605,40.702964],[-74.190641,40.702964],[-74.190641,40.702991]]],[[[-74.190569,40.703019],[-74.190604,40.703046],[-74.190568,40.703046],[-74.190569,40.703019]]],[[[-74.190677,40.703046],[-74.19064,40.703074],[-74.190641,40.703046],[-74.190677,40.703046]]],[[[-74.192052,40.701979],[-74.191833,40.702473],[-74.192087,40.702172],[-74.192267,40.702255],[-74.191757,40.703406],[-74.192081,40.703599],[-74.191575,40.70368],[-74.191249,40.704146],[-74.19114,40.704146],[-74.191722,40.703186],[-74.191396,40.703378],[-74.191326,40.703048],[-74.190635,40.704254],[-74.190239,40.704171],[-74.190639,40.703348],[-74.190892,40.703376],[-74.190821,40.703019],[-74.191146,40.70302],[-74.190966,40.702773],[-74.19133,40.702197],[-74.191692,40.701951],[-74.192052,40.701979]],[[-74.191798,40.702418],[-74.191726,40.70239],[-74.191726,40.702418],[-74.191798,40.702418]],[[-74.191726,40.70239],[-74.19169,40.702363],[-74.19169,40.70239],[-74.191726,40.70239]],[[-74.191833,40.702473],[-74.191797,40.7025],[-74.191833,40.7025],[-74.191833,40.702473]],[[-74.191757,40.703461],[-74.191649,40.703461],[-74.191648,40.70357],[-74.191757,40.703461]],[[-74.19198,40.701979],[-74.191944,40.702007],[-74.19198,40.702007],[-74.19198,40.701979]]],[[[-74.190748,40.703239],[-74.190712,40.703266],[-74.190712,40.703239],[-74.190748,40.703239]]],[[[-74.191575,40.703708],[-74.191611,40.703735],[-74.191575,40.703735],[-74.191575,40.703708]]],[[[-74.191396,40.703378],[-74.191069,40.704063],[-74.19096,40.70409],[-74.191396,40.703378]]],[[[-74.191104,40.704173],[-74.19114,40.7042],[-74.191104,40.704255],[-74.191104,40.704173]]],[[[-74.190996,40.704173],[-74.190707,40.704309],[-74.190888,40.704063],[-74.190996,40.704173]]],[[[-74.191104,40.704255],[-74.191068,40.70431],[-74.191068,40.704255],[-74.191104,40.704255]]],[[[-74.191068,40.70431],[-74.191031,40.704365],[-74.191031,40.70431],[-74.191068,40.70431]]],[[[-74.191031,40.704365],[-74.190995,40.70442],[-74.190995,40.704365],[-74.191031,40.704365]]],[[[-74.190995,40.704502],[-74.190959,40.70442],[-74.190995,40.70442],[-74.190995,40.704502]]],[[[-74.190958,40.704557],[-74.190922,40.704502],[-74.190958,40.704502],[-74.190958,40.704557]]],[[[-74.190922,40.704557],[-74.190886,40.704612],[-74.190886,40.704557],[-74.190922,40.704557]]],[[[-74.190489,40.704665],[-74.190778,40.704556],[-74.19056,40.704775],[-74.190489,40.704665]]],[[[-74.189912,40.704609],[-74.189731,40.704663],[-74.189912,40.704499],[-74.189912,40.704609]]],[[[-74.190849,40.704831],[-74.190741,40.704776],[-74.190886,40.704612],[-74.190849,40.704831]]],[[[-74.192196,40.702035],[-74.193063,40.701872],[-74.193711,40.702149],[-74.193635,40.702835],[-74.194139,40.703083],[-74.194861,40.703003],[-74.194898,40.70281],[-74.194394,40.702535],[-74.195512,40.702538],[-74.194708,40.704841],[-74.195102,40.705501],[-74.195427,40.705529],[-74.195713,40.705887],[-74.195315,40.706215],[-74.195494,40.706573],[-74.195275,40.707066],[-74.195022,40.707175],[-74.194987,40.706901],[-74.194807,40.706955],[-74.195057,40.707395],[-74.194588,40.707421],[-74.194551,40.707641],[-74.193939,40.707502],[-74.194412,40.706488],[-74.193548,40.706211],[-74.193257,40.706677],[-74.193653,40.706925],[-74.192931,40.707005],[-74.192603,40.7078],[-74.191304,40.707769],[-74.192208,40.707388],[-74.193735,40.704784],[-74.193232,40.704343],[-74.193343,40.703685],[-74.193776,40.703576],[-74.193814,40.703219],[-74.19331,40.703053],[-74.193091,40.703629],[-74.192261,40.703737],[-74.192552,40.703161],[-74.192483,40.702475],[-74.192881,40.702229],[-74.192124,40.702144],[-74.192196,40.702035]],[[-74.19234,40.702145],[-74.192376,40.70209],[-74.19234,40.70209],[-74.19234,40.702145]],[[-74.192376,40.70209],[-74.192412,40.702063],[-74.192376,40.702063],[-74.192376,40.70209]]],[[[-74.190521,40.705434],[-74.190557,40.705462],[-74.190521,40.705462],[-74.190521,40.705434]]],[[[-74.197003,40.707839],[-74.197761,40.707787],[-74.197615,40.708061],[-74.197219,40.707977],[-74.196857,40.708168],[-74.197003,40.707839]]],[[[-74.196275,40.709375],[-74.197543,40.70817],[-74.197976,40.708144],[-74.199567,40.707215],[-74.198154,40.708611],[-74.198151,40.709215],[-74.197721,40.708747],[-74.196275,40.709375]]],[[[-74.188452,40.708256],[-74.188416,40.708283],[-74.188416,40.708256],[-74.188452,40.708256]]],[[[-74.188344,40.708256],[-74.18838,40.708283],[-74.188344,40.708283],[-74.188344,40.708256]]],[[[-74.188272,40.708283],[-74.188019,40.708255],[-74.188272,40.708255],[-74.188272,40.708283]]],[[[-74.194331,40.708436],[-74.194548,40.708382],[-74.194654,40.708876],[-74.193969,40.708765],[-74.193752,40.708956],[-74.193717,40.708682],[-74.192528,40.708404],[-74.188633,40.708229],[-74.193864,40.708023],[-74.194331,40.708436]],[[-74.193467,40.708077],[-74.193503,40.708105],[-74.193503,40.708077],[-74.193467,40.708077]]],[[[-74.186592,40.712506],[-74.184282,40.712884],[-74.183532,40.711317],[-74.183789,40.710384],[-74.184296,40.709919],[-74.1848,40.710058],[-74.184873,40.709921],[-74.184585,40.70981],[-74.185019,40.709592],[-74.18715,40.709021],[-74.190037,40.708837],[-74.191407,40.709005],[-74.193279,40.709641],[-74.192737,40.710024],[-74.19169,40.710049],[-74.191218,40.710816],[-74.190966,40.710761],[-74.190241,40.711527],[-74.189447,40.711553],[-74.189482,40.711745],[-74.188146,40.712016],[-74.187894,40.711823],[-74.187677,40.712124],[-74.186592,40.712506]],[[-74.183568,40.71129],[-74.183676,40.711345],[-74.183712,40.71129],[-74.183568,40.71129]],[[-74.18382,40.711318],[-74.183784,40.711345],[-74.18382,40.711373],[-74.18382,40.711318]],[[-74.185618,40.71253],[-74.185727,40.712503],[-74.185727,40.712421],[-74.185618,40.71253]],[[-74.185727,40.712421],[-74.185763,40.712366],[-74.185727,40.712366],[-74.185727,40.712421]]],[[[-74.189517,40.71191],[-74.189626,40.711882],[-74.189626,40.71191],[-74.189517,40.71191]]],[[[-74.190563,40.711912],[-74.190599,40.71194],[-74.190563,40.71194],[-74.190563,40.711912]]],[[[-74.186792,40.692962],[-74.186756,40.692989],[-74.186756,40.692961],[-74.186792,40.692962]]],[[[-74.186106,40.693262],[-74.185889,40.693234],[-74.185818,40.693124],[-74.186106,40.693262]]],[[[-74.186213,40.693427],[-74.186214,40.693262],[-74.186322,40.69329],[-74.186213,40.693427]]],[[[-74.186322,40.693345],[-74.186358,40.693372],[-74.186322,40.693372],[-74.186322,40.693345]]],[[[-74.185742,40.693892],[-74.185778,40.69392],[-74.185742,40.693919],[-74.185742,40.693892]]],[[[-74.18549,40.693891],[-74.185526,40.693919],[-74.185489,40.693919],[-74.18549,40.693891]]],[[[-74.18563,40.694605],[-74.185594,40.694633],[-74.185594,40.694605],[-74.18563,40.694605]]],[[[-74.185558,40.694715],[-74.185522,40.694687],[-74.185558,40.694688],[-74.185558,40.694715]]],[[[-74.185522,40.694742],[-74.185486,40.694715],[-74.185522,40.694715],[-74.185522,40.694742]]],[[[-74.185486,40.694742],[-74.185449,40.69477],[-74.18545,40.694742],[-74.185486,40.694742]]],[[[-74.18516,40.694879],[-74.185124,40.694906],[-74.185124,40.694879],[-74.18516,40.694879]]],[[[-74.185124,40.694906],[-74.185088,40.694933],[-74.185088,40.694906],[-74.185124,40.694906]]],[[[-74.185088,40.694961],[-74.185052,40.694933],[-74.185088,40.694933],[-74.185088,40.694961]]],[[[-74.185052,40.694988],[-74.185016,40.694961],[-74.185052,40.694961],[-74.185052,40.694988]]],[[[-74.186927,40.694993],[-74.186999,40.695103],[-74.186927,40.695103],[-74.186927,40.694993]]],[[[-74.187905,40.694063],[-74.188189,40.695052],[-74.188076,40.695985],[-74.187136,40.696613],[-74.187247,40.695955],[-74.187071,40.695049],[-74.186964,40.694856],[-74.187545,40.693869],[-74.187905,40.694063]],[[-74.187545,40.693952],[-74.187581,40.693979],[-74.187581,40.693952],[-74.187545,40.693952]]],[[[-74.184906,40.695317],[-74.18487,40.695262],[-74.184906,40.695262],[-74.184906,40.695317]]],[[[-74.184906,40.695317],[-74.184942,40.695345],[-74.184906,40.695345],[-74.184906,40.695317]]],[[[-74.18487,40.695345],[-74.184834,40.695317],[-74.18487,40.695317],[-74.18487,40.695345]]],[[[-74.184906,40.695345],[-74.18487,40.695372],[-74.18487,40.695345],[-74.184906,40.695345]]],[[[-74.184797,40.695372],[-74.184833,40.695399],[-74.184797,40.695399],[-74.184797,40.695372]]],[[[-74.184833,40.695399],[-74.184869,40.695427],[-74.184833,40.695427],[-74.184833,40.695399]]],[[[-74.184833,40.695509],[-74.184797,40.695536],[-74.184797,40.695509],[-74.184833,40.695509]]],[[[-74.184796,40.695619],[-74.18476,40.695646],[-74.18476,40.695619],[-74.184796,40.695619]]],[[[-74.184723,40.695756],[-74.184759,40.695783],[-74.184723,40.695783],[-74.184723,40.695756]]],[[[-74.184434,40.695865],[-74.18447,40.695892],[-74.184434,40.695892],[-74.184434,40.695865]]],[[[-74.186527,40.695651],[-74.186889,40.695377],[-74.186958,40.696174],[-74.186053,40.69672],[-74.186527,40.695651]],[[-74.186236,40.696309],[-74.186308,40.696337],[-74.186308,40.696309],[-74.186236,40.696309]]],[[[-74.18652,40.697161],[-74.186556,40.697133],[-74.186556,40.697161],[-74.18652,40.697161]]],[[[-74.18432,40.6971],[-74.184356,40.697127],[-74.18432,40.69721],[-74.18432,40.6971]]],[[[-74.186556,40.697188],[-74.186592,40.697161],[-74.186592,40.697188],[-74.186556,40.697188]]],[[[-74.186556,40.697188],[-74.18652,40.697216],[-74.18652,40.697188],[-74.186556,40.697188]]],[[[-74.186484,40.697216],[-74.18652,40.697243],[-74.186484,40.697243],[-74.186484,40.697216]]],[[[-74.184392,40.69721],[-74.184356,40.697237],[-74.184356,40.69721],[-74.184392,40.69721]]],[[[-74.186448,40.697243],[-74.186484,40.69727],[-74.186447,40.69727],[-74.186448,40.697243]]],[[[-74.184355,40.69732],[-74.184356,40.697292],[-74.184392,40.697292],[-74.184391,40.69732],[-74.184355,40.69732]]],[[[-74.184427,40.697347],[-74.184391,40.69732],[-74.184428,40.69732],[-74.184427,40.697347]]],[[[-74.184427,40.697375],[-74.184463,40.697347],[-74.184463,40.697375],[-74.184427,40.697375]]],[[[-74.184499,40.697567],[-74.184463,40.697539],[-74.184499,40.69754],[-74.184499,40.697567]]],[[[-74.184354,40.697621],[-74.18439,40.697594],[-74.18439,40.697622],[-74.184354,40.697621]]],[[[-74.186412,40.697243],[-74.186483,40.697325],[-74.186555,40.697326],[-74.186845,40.697134],[-74.185396,40.69853],[-74.185035,40.698612],[-74.184639,40.698363],[-74.18439,40.697622],[-74.184498,40.697677],[-74.184753,40.697238],[-74.184969,40.697321],[-74.184934,40.696992],[-74.185041,40.697157],[-74.185187,40.696883],[-74.185615,40.697817],[-74.185655,40.697076],[-74.185798,40.697269],[-74.186017,40.69683],[-74.186955,40.696723],[-74.186954,40.696833],[-74.186593,40.697051],[-74.186484,40.697133],[-74.18652,40.697188],[-74.186484,40.697188],[-74.186484,40.697216],[-74.186448,40.697215],[-74.186448,40.697243],[-74.186412,40.697243]],[[-74.186483,40.697325],[-74.186411,40.69738],[-74.186483,40.69738],[-74.186483,40.697325]],[[-74.185504,40.698421],[-74.185468,40.698393],[-74.185468,40.698421],[-74.185504,40.698421]]],[[[-74.184388,40.698143],[-74.184352,40.698061],[-74.184388,40.698061],[-74.184388,40.698143]]],[[[-74.183919,40.698087],[-74.183955,40.698115],[-74.183919,40.698114],[-74.183919,40.698087]]],[[[-74.184387,40.698171],[-74.184424,40.698143],[-74.184424,40.698171],[-74.184387,40.698171]]],[[[-74.18554,40.698613],[-74.185684,40.698531],[-74.185575,40.698723],[-74.18554,40.698613]]],[[[-74.184279,40.698198],[-74.18442,40.698994],[-74.184095,40.699048],[-74.184279,40.698198]]],[[[-74.184998,40.698694],[-74.184599,40.699104],[-74.184491,40.699104],[-74.184603,40.698418],[-74.184998,40.698694]]],[[[-74.185466,40.698887],[-74.185359,40.698722],[-74.185539,40.698668],[-74.185539,40.698723],[-74.185611,40.69875],[-74.18561,40.698943],[-74.185466,40.698887]],[[-74.185575,40.69875],[-74.185502,40.69886],[-74.185574,40.698888],[-74.185575,40.69875]]],[[[-74.184992,40.699957],[-74.184376,40.700641],[-74.184087,40.700695],[-74.184524,40.699845],[-74.184992,40.699957]]],[[[-74.185712,40.700315],[-74.185748,40.700261],[-74.185748,40.700315],[-74.185712,40.700315]]],[[[-74.184339,40.700888],[-74.184375,40.700861],[-74.184375,40.700888],[-74.184339,40.700888]]],[[[-74.184302,40.700915],[-74.184339,40.700888],[-74.184338,40.700915],[-74.184302,40.700915]]],[[[-74.184266,40.700943],[-74.184302,40.700915],[-74.184302,40.700943],[-74.184266,40.700943]]],[[[-74.190776,40.704858],[-74.190592,40.705709],[-74.190268,40.70568],[-74.190013,40.706092],[-74.190302,40.705982],[-74.190553,40.706285],[-74.190265,40.706339],[-74.19167,40.706672],[-74.19109,40.70733],[-74.19116,40.707797],[-74.186397,40.707948],[-74.183806,40.706679],[-74.183703,40.70558],[-74.183089,40.705688],[-74.182726,40.706209],[-74.182511,40.705934],[-74.182475,40.705934],[-74.182475,40.705961],[-74.182439,40.705961],[-74.182438,40.706071],[-74.181826,40.705905],[-74.181971,40.705658],[-74.181032,40.705902],[-74.180854,40.705463],[-74.182191,40.704972],[-74.183314,40.704069],[-74.18375,40.703357],[-74.184008,40.702177],[-74.185197,40.7024],[-74.184981,40.70229],[-74.186713,40.702212],[-74.187002,40.702021],[-74.185885,40.701853],[-74.186064,40.702046],[-74.184657,40.702124],[-74.184334,40.701876],[-74.184157,40.701162],[-74.185244,40.70004],[-74.185063,40.700149],[-74.184814,40.699462],[-74.185322,40.698942],[-74.185609,40.699107],[-74.185428,40.699271],[-74.185609,40.699272],[-74.18564,40.700315],[-74.185781,40.700919],[-74.186221,40.699438],[-74.188166,40.699965],[-74.188343,40.700762],[-74.189245,40.700599],[-74.189424,40.701012],[-74.189712,40.70104],[-74.18971,40.701534],[-74.189384,40.701698],[-74.189744,40.701863],[-74.187363,40.701967],[-74.187073,40.702268],[-74.190068,40.702029],[-74.187887,40.705619],[-74.188859,40.705979],[-74.189259,40.705486],[-74.188864,40.7051],[-74.189153,40.704936],[-74.189188,40.705074],[-74.189368,40.705156],[-74.189225,40.704936],[-74.189442,40.704745],[-74.189225,40.704882],[-74.189154,40.704799],[-74.189807,40.704005],[-74.189809,40.703538],[-74.190532,40.703073],[-74.189587,40.704773],[-74.189839,40.704856],[-74.19013,40.704308],[-74.190526,40.704418],[-74.189799,40.705707],[-74.190452,40.704775],[-74.190596,40.704858],[-74.190051,40.70579],[-74.190776,40.704858]],[[-74.190449,40.705489],[-74.190413,40.705461],[-74.190413,40.705489],[-74.190449,40.705489]],[[-74.190304,40.705681],[-74.19034,40.705653],[-74.190304,40.705653],[-74.190304,40.705681]],[[-74.182511,40.705934],[-74.182548,40.705879],[-74.182511,40.705879],[-74.182511,40.705934]],[[-74.182295,40.705933],[-74.182331,40.705906],[-74.182295,40.705906],[-74.182295,40.705933]],[[-74.182295,40.705906],[-74.182259,40.705878],[-74.182259,40.705906],[-74.182295,40.705906]],[[-74.182295,40.705878],[-74.182367,40.705851],[-74.182295,40.705851],[-74.182295,40.705878]],[[-74.186894,40.702103],[-74.187146,40.702131],[-74.187219,40.702049],[-74.186894,40.702103]],[[-74.189368,40.705184],[-74.189657,40.705157],[-74.189766,40.70491],[-74.189585,40.70513],[-74.189368,40.705184]],[[-74.190233,40.705269],[-74.190269,40.705296],[-74.19027,40.705269],[-74.190233,40.705269]],[[-74.190631,40.705132],[-74.190595,40.705105],[-74.190595,40.705132],[-74.190631,40.705132]]],[[[-74.183297,40.707583],[-74.182326,40.707031],[-74.181817,40.707771],[-74.181529,40.70777],[-74.182329,40.70629],[-74.182798,40.706401],[-74.182975,40.706923],[-74.183337,40.706815],[-74.184884,40.707642],[-74.185097,40.708247],[-74.18452,40.708245],[-74.184486,40.707943],[-74.183368,40.707913],[-74.183297,40.707583]]],[[[-74.187082,40.708142],[-74.185783,40.708194],[-74.185242,40.70822],[-74.185423,40.708001],[-74.187082,40.708142]]],[[[-74.188019,40.708282],[-74.18607,40.708551],[-74.184048,40.709013],[-74.184484,40.708382],[-74.188019,40.708282]]],[[[-74.1856,40.708742],[-74.185672,40.70877],[-74.1856,40.70877],[-74.1856,40.708742]]],[[[-74.185492,40.708797],[-74.185564,40.70877],[-74.185564,40.708797],[-74.185492,40.708797]]],[[[-74.182679,40.708679],[-74.183617,40.708572],[-74.183976,40.709012],[-74.182315,40.709365],[-74.18228,40.70898],[-74.182679,40.708679]]],[[[-74.185492,40.708797],[-74.18448,40.709124],[-74.184155,40.709123],[-74.185492,40.708797]]],[[[-74.1839,40.709698],[-74.184081,40.709699],[-74.1839,40.709753],[-74.1839,40.709698]]],[[[-74.18426,40.709837],[-74.184296,40.709809],[-74.184296,40.709837],[-74.18426,40.709837]]],[[[-74.184477,40.709865],[-74.184549,40.709892],[-74.184476,40.709892],[-74.184477,40.709865]]],[[[-74.184729,40.70992],[-74.184765,40.709975],[-74.184692,40.709975],[-74.184729,40.70992]]],[[[-74.18426,40.709837],[-74.183608,40.710521],[-74.182922,40.710684],[-74.182743,40.710381],[-74.18426,40.709837]]],[[[-74.183387,40.711344],[-74.18328,40.711097],[-74.183425,40.71107],[-74.183387,40.711344]]],[[[-74.183995,40.712581],[-74.183314,40.711673],[-74.183135,40.711288],[-74.183279,40.711371],[-74.183995,40.712581]]],[[[-74.184031,40.712581],[-74.183994,40.712636],[-74.183995,40.712581],[-74.184031,40.712581]]],[[[-74.18403,40.712691],[-74.184067,40.712663],[-74.184066,40.712691],[-74.18403,40.712691]]],[[[-74.184066,40.712718],[-74.184102,40.712746],[-74.184066,40.712746],[-74.184066,40.712718]]],[[[-74.186555,40.712725],[-74.185614,40.713464],[-74.185434,40.713299],[-74.184601,40.714092],[-74.184425,40.713159],[-74.185364,40.712859],[-74.185219,40.713051],[-74.185255,40.713106],[-74.185437,40.712832],[-74.18652,40.712615],[-74.186555,40.712725]],[[-74.185219,40.713106],[-74.185182,40.713161],[-74.185219,40.713161],[-74.185219,40.713106]],[[-74.185146,40.71327],[-74.184856,40.713517],[-74.184856,40.713571],[-74.185146,40.71327]],[[-74.186338,40.712834],[-74.186267,40.712779],[-74.186266,40.712834],[-74.186338,40.712834]],[[-74.186266,40.712834],[-74.18623,40.712862],[-74.186266,40.712862],[-74.186266,40.712834]]],[[[-74.184673,40.714175],[-74.184636,40.71423],[-74.184637,40.714175],[-74.184673,40.714175]]],[[[-74.190491,40.711912],[-74.190851,40.712215],[-74.190345,40.712269],[-74.19009,40.712927],[-74.18962,40.71309],[-74.189654,40.713475],[-74.18915,40.713418],[-74.188967,40.71383],[-74.189183,40.713995],[-74.188713,40.714158],[-74.188675,40.714707],[-74.188168,40.715008],[-74.187768,40.715721],[-74.187911,40.715913],[-74.18715,40.716652],[-74.187255,40.717339],[-74.186604,40.717639],[-74.186783,40.717969],[-74.186423,40.717885],[-74.186204,40.718351],[-74.187032,40.718711],[-74.186562,40.718901],[-74.186203,40.718708],[-74.185768,40.719091],[-74.184254,40.71873],[-74.18382,40.719059],[-74.183568,40.719003],[-74.183029,40.718343],[-74.183067,40.717959],[-74.183284,40.717959],[-74.183901,40.71711],[-74.184633,40.714888],[-74.185649,40.713738],[-74.186879,40.712891],[-74.189336,40.712129],[-74.189589,40.711992],[-74.18977,40.711801],[-74.191322,40.71164],[-74.191322,40.711667],[-74.190925,40.711749],[-74.190708,40.711858],[-74.190636,40.711858],[-74.190563,40.711912],[-74.190491,40.711912]],[[-74.184669,40.714889],[-74.184705,40.714916],[-74.184705,40.714889],[-74.184669,40.714889]],[[-74.190455,40.711967],[-74.190383,40.711939],[-74.190383,40.711967],[-74.190455,40.711967]]],[[[-74.184016,40.715738],[-74.18398,40.715683],[-74.184016,40.715683],[-74.184016,40.715738]]],[[[-74.18398,40.715738],[-74.18358,40.71645],[-74.182566,40.717134],[-74.18398,40.715738]]],[[[-74.183579,40.716588],[-74.183543,40.71656],[-74.183579,40.71656],[-74.183579,40.716588]]],[[[-74.183542,40.716725],[-74.183253,40.716751],[-74.183543,40.716587],[-74.183542,40.716725]]],[[[-74.183104,40.717904],[-74.182959,40.717986],[-74.182959,40.717903],[-74.183104,40.717904]]],[[[-74.182952,40.704178],[-74.182988,40.704206],[-74.182952,40.704206],[-74.182952,40.704178]]],[[[-74.182337,40.704561],[-74.182301,40.704588],[-74.182301,40.704561],[-74.182337,40.704561]]],[[[-74.179701,40.705322],[-74.179772,40.705377],[-74.1797,40.705377],[-74.179701,40.705322]]],[[[-74.182511,40.706016],[-74.182475,40.705961],[-74.182511,40.705961],[-74.182511,40.706016]]],[[[-74.180238,40.70601],[-74.180275,40.705983],[-74.180274,40.70601],[-74.180238,40.70601]]],[[[-74.178688,40.705813],[-74.178254,40.706197],[-74.177856,40.70625],[-74.178653,40.705731],[-74.178688,40.705813]],[[-74.178616,40.705841],[-74.17858,40.705813],[-74.17858,40.705841],[-74.178616,40.705841]],[[-74.17858,40.705896],[-74.178544,40.705868],[-74.178544,40.705895],[-74.17858,40.705896]]],[[[-74.181465,40.705958],[-74.181103,40.706232],[-74.180779,40.706121],[-74.181465,40.705958]]],[[[-74.182078,40.70607],[-74.181319,40.706287],[-74.181609,40.705986],[-74.182078,40.70607]]],[[[-74.181752,40.706261],[-74.181788,40.706289],[-74.181752,40.706289],[-74.181752,40.706261]]],[[[-74.181608,40.706288],[-74.181644,40.706261],[-74.181644,40.706288],[-74.181608,40.706288]]],[[[-74.178577,40.706417],[-74.178614,40.706252],[-74.178794,40.706253],[-74.178577,40.706417]]],[[[-74.181608,40.706288],[-74.181426,40.706507],[-74.18121,40.706534],[-74.181608,40.706288]]],[[[-74.178541,40.706417],[-74.178505,40.706389],[-74.178541,40.70639],[-74.178541,40.706417]]],[[[-74.178433,40.706389],[-74.178468,40.706499],[-74.178396,40.706499],[-74.178433,40.706389]]],[[[-74.180166,40.706092],[-74.179588,40.706228],[-74.178972,40.706857],[-74.178824,40.707543],[-74.179403,40.707106],[-74.179219,40.707929],[-74.179075,40.707901],[-74.178641,40.708119],[-74.178425,40.708119],[-74.17846,40.708174],[-74.178209,40.707953],[-74.178352,40.708228],[-74.178027,40.708227],[-74.178865,40.7065],[-74.179842,40.705927],[-74.180166,40.706092]],[[-74.178894,40.707983],[-74.178858,40.707955],[-74.178858,40.707983],[-74.178894,40.707983]]],[[[-74.180847,40.707027],[-74.180014,40.707739],[-74.179725,40.70782],[-74.180847,40.707027]]],[[[-74.179762,40.707491],[-74.179726,40.707463],[-74.179762,40.707463],[-74.179762,40.707491]]],[[[-74.179762,40.707491],[-74.179798,40.707518],[-74.179762,40.707518],[-74.179762,40.707491]]],[[[-74.179762,40.707573],[-74.179291,40.707984],[-74.179548,40.707106],[-74.179764,40.707216],[-74.17969,40.707463],[-74.179762,40.707573]],[[-74.17969,40.707491],[-74.179654,40.707518],[-74.17969,40.707518],[-74.17969,40.707491]]],[[[-74.176155,40.707508],[-74.176191,40.707536],[-74.176155,40.707536],[-74.176155,40.707508]]],[[[-74.178497,40.708119],[-74.178533,40.708146],[-74.178497,40.708146],[-74.178497,40.708119]]],[[[-74.176005,40.708743],[-74.176041,40.708771],[-74.176005,40.708771],[-74.176005,40.708743]]],[[[-74.181953,40.709473],[-74.182097,40.709529],[-74.181953,40.709501],[-74.181953,40.709473]]],[[[-74.181303,40.709609],[-74.181664,40.709555],[-74.181843,40.709912],[-74.181303,40.709609]]],[[[-74.17217,40.710983],[-74.170223,40.71084],[-74.169358,40.710673],[-74.171198,40.710541],[-74.170585,40.710512],[-74.170622,40.71043],[-74.170333,40.710456],[-74.170334,40.710319],[-74.170261,40.710401],[-74.170045,40.710291],[-74.169215,40.710316],[-74.168747,40.710205],[-74.168818,40.710397],[-74.167158,40.710447],[-74.167987,40.710669],[-74.166617,40.710583],[-74.16705,40.71042],[-74.166907,40.710254],[-74.167376,40.710256],[-74.167919,40.709928],[-74.167739,40.709735],[-74.168639,40.71004],[-74.168172,40.709682],[-74.168536,40.709106],[-74.168461,40.709628],[-74.168713,40.70982],[-74.170262,40.710127],[-74.176971,40.710338],[-74.176284,40.710638],[-74.175491,40.710636],[-74.175888,40.710555],[-74.175672,40.710417],[-74.172894,40.710381],[-74.172389,40.710545],[-74.172821,40.710738],[-74.172315,40.710819],[-74.17217,40.710983]],[[-74.170838,40.710513],[-74.170874,40.710485],[-74.170838,40.710485],[-74.170838,40.710513]],[[-74.169793,40.71029],[-74.169721,40.710263],[-74.16972,40.71029],[-74.169793,40.71029]],[[-74.167919,40.709928],[-74.167955,40.709956],[-74.167955,40.709928],[-74.167919,40.709928]],[[-74.168495,40.710067],[-74.168459,40.710094],[-74.168495,40.710094],[-74.168495,40.710067]],[[-74.168603,40.710067],[-74.168639,40.710095],[-74.168639,40.710067],[-74.168603,40.710067]],[[-74.168639,40.710095],[-74.168675,40.710122],[-74.168675,40.710095],[-74.168639,40.710095]],[[-74.17217,40.710956],[-74.172098,40.710901],[-74.172098,40.710956],[-74.17217,40.710956]]],[[[-74.181408,40.710268],[-74.181445,40.710241],[-74.181444,40.710268],[-74.181408,40.710268]]],[[[-74.1813,40.710377],[-74.181336,40.71035],[-74.181336,40.710378],[-74.1813,40.710377]]],[[[-74.170045,40.710346],[-74.170009,40.710318],[-74.170045,40.710318],[-74.170045,40.710346]]],[[[-74.180577,40.71054],[-74.180505,40.710567],[-74.180505,40.71054],[-74.180577,40.71054]]],[[[-74.18267,40.710436],[-74.182741,40.710738],[-74.182562,40.710408],[-74.18267,40.710436]]],[[[-74.175743,40.710554],[-74.175708,40.710527],[-74.175744,40.710527],[-74.175743,40.710554]]],[[[-74.181443,40.710625],[-74.181371,40.710597],[-74.181443,40.710597],[-74.181443,40.710625]]],[[[-74.17798,40.71056],[-74.179242,40.710619],[-74.177835,40.710752],[-74.17798,40.71056]]],[[[-74.172677,40.710628],[-74.172641,40.710655],[-74.172641,40.710628],[-74.172677,40.710628]]],[[[-74.179963,40.710786],[-74.18018,40.710731],[-74.180252,40.710786],[-74.179963,40.710786]]],[[[-74.170006,40.710812],[-74.16997,40.71084],[-74.16997,40.710812],[-74.170006,40.710812]]],[[[-74.174804,40.710881],[-74.17484,40.710854],[-74.17484,40.710881],[-74.174804,40.710881]]],[[[-74.172351,40.710874],[-74.172387,40.710902],[-74.172351,40.710901],[-74.172351,40.710874]]],[[[-74.177293,40.710943],[-74.177257,40.710915],[-74.177401,40.710916],[-74.177293,40.710943]]],[[[-74.178551,40.711907],[-74.178085,40.711137],[-74.178951,40.71114],[-74.179418,40.71158],[-74.178551,40.711907]]],[[[-74.183346,40.71236],[-74.183704,40.712992],[-74.183126,40.713155],[-74.178107,40.714047],[-74.175112,40.714258],[-74.170599,40.714987],[-74.170311,40.714958],[-74.170347,40.714903],[-74.171538,40.714742],[-74.167279,40.715142],[-74.164682,40.715162],[-74.162698,40.714991],[-74.162951,40.71491],[-74.162591,40.714854],[-74.162013,40.714907],[-74.159165,40.714569],[-74.158589,40.714458],[-74.158049,40.714236],[-74.157725,40.714016],[-74.157399,40.71418],[-74.157838,40.71311],[-74.158198,40.713221],[-74.157947,40.712891],[-74.158347,40.712233],[-74.158923,40.712564],[-74.159068,40.712345],[-74.160583,40.71235],[-74.159755,40.712155],[-74.159396,40.711825],[-74.159867,40.711305],[-74.16077,40.711142],[-74.160916,40.710868],[-74.162285,40.711147],[-74.16232,40.711449],[-74.16268,40.71145],[-74.162751,40.711642],[-74.16185,40.71153],[-74.161849,40.711777],[-74.163327,40.711919],[-74.163867,40.712167],[-74.164008,40.712826],[-74.164513,40.71291],[-74.164625,40.712087],[-74.166177,40.712037],[-74.166719,40.711819],[-74.169894,40.711773],[-74.169786,40.71158],[-74.170039,40.711444],[-74.170725,40.711336],[-74.170726,40.711171],[-74.169897,40.711141],[-74.170222,40.710978],[-74.172206,40.711011],[-74.172169,40.711175],[-74.172602,40.711232],[-74.171735,40.711339],[-74.172384,40.711451],[-74.175523,40.711322],[-74.176065,40.711186],[-74.174442,40.711182],[-74.176355,40.710968],[-74.175273,40.710965],[-74.174984,40.710854],[-74.176933,40.71075],[-74.177368,40.710339],[-74.177548,40.71034],[-74.177546,40.710834],[-74.177185,40.710915],[-74.176968,40.71086],[-74.176643,40.710941],[-74.177509,40.710998],[-74.177435,40.711465],[-74.177937,40.712098],[-74.179162,40.712266],[-74.180756,40.710925],[-74.179779,40.711526],[-74.179455,40.71147],[-74.179204,40.711058],[-74.18036,40.710842],[-74.18018,40.710704],[-74.180721,40.710595],[-74.18083,40.710459],[-74.180759,40.710239],[-74.180469,40.71054],[-74.179495,40.710565],[-74.179496,40.710372],[-74.180434,40.710293],[-74.180254,40.710237],[-74.177873,40.710395],[-74.178451,40.710095],[-74.179858,40.710181],[-74.179137,40.709932],[-74.179318,40.709878],[-74.17914,40.709328],[-74.179823,40.709797],[-74.180654,40.709525],[-74.181123,40.709663],[-74.181662,40.710022],[-74.181156,40.71024],[-74.181372,40.710268],[-74.181192,40.71035],[-74.181227,40.71046],[-74.18148,40.710433],[-74.181263,40.710597],[-74.18137,40.710652],[-74.181876,40.710626],[-74.182165,40.710517],[-74.18238,40.710847],[-74.18227,40.711094],[-74.181765,40.711092],[-74.180571,40.711803],[-74.180566,40.712928],[-74.180891,40.712957],[-74.18212,40.712274],[-74.182773,40.711562],[-74.183346,40.71236]],[[-74.170419,40.714959],[-74.170383,40.714931],[-74.170383,40.714958],[-74.170419,40.714959]],[[-74.171538,40.714715],[-74.172332,40.71469],[-74.172333,40.714635],[-74.171538,40.714715]],[[-74.163131,40.714992],[-74.163168,40.714965],[-74.163132,40.714965],[-74.163131,40.714992]],[[-74.163312,40.714938],[-74.163239,40.71502],[-74.16342,40.714993],[-74.163312,40.714938]],[[-74.162302,40.714853],[-74.16223,40.714825],[-74.16223,40.714853],[-74.162302,40.714853]],[[-74.158013,40.714154],[-74.158158,40.714045],[-74.157977,40.714044],[-74.158013,40.714154]],[[-74.162069,40.711146],[-74.162104,40.711229],[-74.162105,40.711146],[-74.162069,40.711146]],[[-74.16232,40.711449],[-74.162283,40.711476],[-74.162319,40.711476],[-74.16232,40.711449]],[[-74.175273,40.71091],[-74.175309,40.710882],[-74.175273,40.710882],[-74.175273,40.71091]],[[-74.175309,40.71091],[-74.175345,40.710937],[-74.175345,40.71091],[-74.175309,40.71091]],[[-74.177403,40.710504],[-74.177475,40.710477],[-74.17744,40.710394],[-74.177403,40.710504]],[[-74.177401,40.710861],[-74.177293,40.710833],[-74.177293,40.71086],[-74.177401,40.710861]],[[-74.177185,40.710888],[-74.177149,40.71086],[-74.177149,40.710887],[-74.177185,40.710888]],[[-74.180756,40.710925],[-74.180792,40.710898],[-74.180756,40.710898],[-74.180756,40.710925]],[[-74.180792,40.710898],[-74.180828,40.71087],[-74.180792,40.71087],[-74.180792,40.710898]],[[-74.180828,40.71087],[-74.180865,40.710843],[-74.180828,40.710843],[-74.180828,40.71087]],[[-74.180579,40.710266],[-74.180543,40.710238],[-74.180543,40.710266],[-74.180579,40.710266]],[[-74.179858,40.710154],[-74.179894,40.710127],[-74.179858,40.710126],[-74.179858,40.710154]],[[-74.179318,40.709878],[-74.179354,40.709905],[-74.179354,40.709878],[-74.179318,40.709878]],[[-74.181191,40.710377],[-74.181083,40.710404],[-74.181191,40.710405],[-74.181191,40.710377]],[[-74.181083,40.710404],[-74.180975,40.710431],[-74.181083,40.710459],[-74.181083,40.710404]],[[-74.180975,40.710431],[-74.180866,40.710459],[-74.180975,40.710459],[-74.180975,40.710431]],[[-74.183167,40.712194],[-74.183095,40.712084],[-74.183023,40.712057],[-74.183167,40.712194]]],[[[-74.175689,40.714315],[-74.175834,40.714288],[-74.175833,40.714315],[-74.175689,40.714315]]],[[[-74.173884,40.714584],[-74.17392,40.714557],[-74.17392,40.714584],[-74.173884,40.714584]]],[[[-74.173632,40.714583],[-74.173776,40.714611],[-74.173631,40.714611],[-74.173632,40.714583]]],[[[-74.173343,40.714583],[-74.173379,40.71461],[-74.173343,40.71461],[-74.173343,40.714583]]],[[[-74.172982,40.714636],[-74.173018,40.714609],[-74.173018,40.714637],[-74.172982,40.714636]]],[[[-74.172404,40.7148],[-74.17244,40.714827],[-74.172404,40.714827],[-74.172404,40.7148]]],[[[-74.170275,40.714931],[-74.170166,40.714958],[-74.170167,40.71493],[-74.170275,40.714931]]],[[[-74.16995,40.714957],[-74.169986,40.714985],[-74.16995,40.714985],[-74.16995,40.714957]]],[[[-74.169661,40.715011],[-74.169733,40.714984],[-74.169733,40.715012],[-74.169661,40.715011]]],[[[-74.16962,40.715944],[-74.168826,40.716107],[-74.168718,40.716079],[-74.169368,40.715916],[-74.16962,40.715944]]],[[[-74.168718,40.716107],[-74.168573,40.716079],[-74.168718,40.716079],[-74.168718,40.716107]]],[[[-74.168465,40.716106],[-74.168537,40.716134],[-74.168465,40.716133],[-74.168465,40.716106]]],[[[-74.182605,40.716475],[-74.182569,40.71653],[-74.182569,40.716475],[-74.182605,40.716475]]],[[[-74.182533,40.716557],[-74.182569,40.71653],[-74.182569,40.716557],[-74.182533,40.716557]]],[[[-74.182497,40.716557],[-74.182533,40.716612],[-74.182497,40.716612],[-74.182497,40.716557]]],[[[-74.182496,40.716639],[-74.18246,40.716612],[-74.182497,40.716612],[-74.182496,40.716639]]],[[[-74.18246,40.716694],[-74.182424,40.716639],[-74.18246,40.716639],[-74.18246,40.716694]]],[[[-74.182424,40.716694],[-74.182388,40.716721],[-74.182388,40.716694],[-74.182424,40.716694]]],[[[-74.182747,40.717107],[-74.182783,40.717079],[-74.182783,40.717107],[-74.182747,40.717107]]],[[[-74.183073,40.716861],[-74.182745,40.717409],[-74.182529,40.717436],[-74.182602,40.717189],[-74.182783,40.717134],[-74.183073,40.716861]]],[[[-74.182165,40.717956],[-74.182093,40.717928],[-74.182166,40.717901],[-74.182165,40.717956]]],[[[-74.182092,40.718203],[-74.182202,40.717956],[-74.182201,40.718148],[-74.182092,40.718203]]],[[[-74.182633,40.718177],[-74.182886,40.71826],[-74.182561,40.718314],[-74.182633,40.718177]]],[[[-74.182452,40.718451],[-74.182488,40.718424],[-74.182488,40.718451],[-74.182452,40.718451]]],[[[-74.182379,40.718616],[-74.182594,40.718808],[-74.182053,40.718944],[-74.181946,40.718559],[-74.182273,40.718094],[-74.182453,40.718177],[-74.182344,40.718286],[-74.182379,40.718616]],[[-74.182162,40.718697],[-74.182198,40.718642],[-74.182162,40.718642],[-74.182162,40.718697]],[[-74.182344,40.718396],[-74.182308,40.718423],[-74.182344,40.718423],[-74.182344,40.718396]],[[-74.182343,40.718615],[-74.182306,40.71867],[-74.182342,40.71867],[-74.182343,40.718615]]],[[[-74.182415,40.718561],[-74.182379,40.718588],[-74.182379,40.718561],[-74.182415,40.718561]]],[[[-74.181328,40.719601],[-74.181292,40.719573],[-74.181328,40.719573],[-74.181328,40.719601]]],[[[-74.181111,40.719628],[-74.180353,40.71979],[-74.179446,40.720831],[-74.178614,40.72124],[-74.178938,40.721324],[-74.179409,40.720968],[-74.179697,40.721024],[-74.179479,40.72149],[-74.179694,40.721792],[-74.179261,40.721846],[-74.17944,40.722066],[-74.178862,40.722257],[-74.178429,40.722146],[-74.178395,40.721816],[-74.178937,40.72168],[-74.178397,40.721404],[-74.178578,40.721213],[-74.178579,40.720938],[-74.178507,40.721075],[-74.178399,40.72102],[-74.178,40.721376],[-74.178146,40.721129],[-74.181987,40.717489],[-74.18224,40.71749],[-74.181545,40.719409],[-74.1814,40.719574],[-74.181292,40.719546],[-74.181111,40.719628]],[[-74.181112,40.719545],[-74.181148,40.719491],[-74.181112,40.71949],[-74.181112,40.719545]],[[-74.181148,40.719491],[-74.181184,40.719463],[-74.181148,40.719463],[-74.181148,40.719491]]],[[[-74.178543,40.721021],[-74.178579,40.721048],[-74.178543,40.721048],[-74.178543,40.721021]]],[[[-74.178434,40.721075],[-74.178362,40.721102],[-74.178362,40.721075],[-74.178434,40.721075]]],[[[-74.180451,40.71441],[-74.183738,40.713486],[-74.184026,40.713652],[-74.183984,40.714777],[-74.182678,40.716448],[-74.182461,40.716475],[-74.182497,40.716557],[-74.182352,40.716694],[-74.182387,40.716831],[-74.182133,40.717133],[-74.177857,40.721183],[-74.176524,40.720768],[-74.176124,40.721426],[-74.175907,40.72137],[-74.176091,40.720739],[-74.175299,40.72027],[-74.176057,40.720327],[-74.176094,40.720025],[-74.174943,40.719418],[-74.174328,40.719691],[-74.174796,40.719912],[-74.174651,40.720049],[-74.172741,40.719714],[-74.172448,40.720482],[-74.172953,40.720566],[-74.173275,40.721088],[-74.172588,40.721498],[-74.173128,40.721637],[-74.173091,40.721884],[-74.172694,40.721855],[-74.17226,40.722156],[-74.172334,40.721662],[-74.171649,40.721632],[-74.171361,40.721385],[-74.171144,40.721576],[-74.172331,40.722348],[-74.172148,40.722732],[-74.173228,40.723257],[-74.172074,40.723308],[-74.17193,40.723116],[-74.171892,40.723472],[-74.172073,40.723336],[-74.172578,40.723474],[-74.172469,40.723694],[-74.173404,40.724218],[-74.171746,40.723911],[-74.173149,40.724656],[-74.172103,40.724736],[-74.173073,40.725425],[-74.172244,40.725367],[-74.172241,40.725861],[-74.172494,40.725945],[-74.172928,40.725644],[-74.173072,40.725727],[-74.171441,40.727149],[-74.170321,40.72753],[-74.170464,40.72786],[-74.169958,40.727886],[-74.169992,40.728271],[-74.16927,40.728488],[-74.169448,40.728983],[-74.168798,40.729036],[-74.16797,40.728594],[-74.167465,40.728593],[-74.167034,40.728125],[-74.167396,40.728016],[-74.167539,40.728181],[-74.167613,40.727852],[-74.166317,40.727244],[-74.166968,40.726917],[-74.166066,40.726997],[-74.166068,40.72653],[-74.165384,40.726199],[-74.164157,40.726168],[-74.164012,40.726414],[-74.16448,40.726663],[-74.163541,40.72677],[-74.16311,40.726302],[-74.1634,40.726165],[-74.163147,40.726165],[-74.162465,40.725449],[-74.161385,40.725116],[-74.16048,40.725526],[-74.159363,40.725248],[-74.160239,40.723411],[-74.161105,40.723331],[-74.160566,40.722808],[-74.160022,40.723383],[-74.160206,40.722807],[-74.159883,40.722477],[-74.160425,40.722314],[-74.160283,40.721709],[-74.159455,40.72146],[-74.158984,40.721788],[-74.159095,40.721294],[-74.158842,40.721348],[-74.158159,40.72088],[-74.158304,40.720715],[-74.159169,40.720883],[-74.159314,40.720746],[-74.158667,40.72036],[-74.158342,40.720413],[-74.157696,40.719698],[-74.158741,40.719948],[-74.159138,40.719812],[-74.158995,40.719647],[-74.158597,40.719783],[-74.158383,40.719371],[-74.157807,40.719122],[-74.158099,40.718491],[-74.157487,40.718297],[-74.157089,40.718433],[-74.157381,40.717748],[-74.16341,40.716915],[-74.163771,40.717026],[-74.163515,40.717656],[-74.163766,40.717877],[-74.164381,40.717631],[-74.164203,40.717082],[-74.164421,40.716753],[-74.169367,40.716136],[-74.169837,40.715973],[-74.169693,40.715862],[-74.17074,40.715646],[-74.180451,40.71441]],[[-74.182642,40.716365],[-74.182678,40.716338],[-74.182642,40.716338],[-74.182642,40.716365]],[[-74.182678,40.716338],[-74.182715,40.716283],[-74.182678,40.716283],[-74.182678,40.716338]],[[-74.182715,40.716228],[-74.182787,40.716256],[-74.182787,40.716201],[-74.182715,40.716228]],[[-74.182751,40.716201],[-74.182679,40.716173],[-74.182679,40.716201],[-74.182751,40.716201]],[[-74.182751,40.716173],[-74.182787,40.716119],[-74.182751,40.716119],[-74.182751,40.716173]],[[-74.182787,40.716119],[-74.182824,40.716064],[-74.182788,40.716064],[-74.182787,40.716119]],[[-74.181554,40.717598],[-74.181518,40.71757],[-74.181518,40.717597],[-74.181554,40.717598]],[[-74.176094,40.720025],[-74.176131,40.719998],[-74.176094,40.719998],[-74.176094,40.720025]],[[-74.170812,40.715728],[-74.170704,40.715755],[-74.170812,40.715756],[-74.170812,40.715728]],[[-74.183304,40.713759],[-74.18334,40.713814],[-74.18334,40.713759],[-74.183304,40.713759]]],[[[-74.167631,40.731393],[-74.167848,40.731366],[-74.167595,40.73153],[-74.167631,40.731393]]],[[[-74.167292,40.748796],[-74.167328,40.748768],[-74.167328,40.748796],[-74.167292,40.748796]]],[[[-74.167292,40.748851],[-74.167328,40.748823],[-74.167328,40.748851],[-74.167292,40.748851]]],[[[-74.167939,40.749292],[-74.168012,40.749182],[-74.168011,40.749319],[-74.167939,40.749292]]],[[[-74.167866,40.749566],[-74.167902,40.749539],[-74.167902,40.749566],[-74.167866,40.749566]]],[[[-74.167826,40.750252],[-74.167898,40.75028],[-74.167826,40.750279],[-74.167826,40.750252]]],[[[-74.165366,40.708274],[-74.165474,40.708219],[-74.165474,40.708274],[-74.165366,40.708274]]],[[[-74.165727,40.708247],[-74.165762,40.708275],[-74.165726,40.708275],[-74.165727,40.708247]]],[[[-74.16587,40.70833],[-74.165834,40.708302],[-74.165871,40.708303],[-74.16587,40.70833]]],[[[-74.161757,40.708593],[-74.161542,40.708208],[-74.16212,40.708017],[-74.164465,40.708079],[-74.163634,40.708269],[-74.162192,40.708209],[-74.162226,40.708512],[-74.161757,40.708593]],[[-74.162191,40.708264],[-74.162155,40.708319],[-74.162191,40.708319],[-74.162191,40.708264]]],[[[-74.16522,40.708465],[-74.165437,40.708493],[-74.16522,40.708493],[-74.16522,40.708465]]],[[[-74.166158,40.708496],[-74.166122,40.708468],[-74.166158,40.708468],[-74.166158,40.708496]]],[[[-74.16522,40.708493],[-74.165148,40.70852],[-74.165148,40.708493],[-74.16522,40.708493]]],[[[-74.165977,40.708687],[-74.166013,40.70866],[-74.166013,40.708687],[-74.165977,40.708687]]],[[[-74.165977,40.708742],[-74.166049,40.708687],[-74.166085,40.708742],[-74.165977,40.708742]]],[[[-74.161431,40.708729],[-74.161539,40.708839],[-74.161431,40.708866],[-74.161431,40.708729]]],[[[-74.165002,40.708794],[-74.164641,40.708848],[-74.165509,40.708494],[-74.165868,40.708714],[-74.165216,40.709426],[-74.164783,40.709288],[-74.165002,40.708794]]],[[[-74.162904,40.709968],[-74.161425,40.709937],[-74.16128,40.710046],[-74.161748,40.710294],[-74.16099,40.710429],[-74.160342,40.710153],[-74.161174,40.709634],[-74.163233,40.709146],[-74.163846,40.709175],[-74.164168,40.709643],[-74.164167,40.71],[-74.162869,40.709831],[-74.162904,40.709968]],[[-74.161281,40.710019],[-74.161317,40.709964],[-74.161172,40.710018],[-74.161281,40.710019]],[[-74.161173,40.709991],[-74.161209,40.709936],[-74.1611,40.709991],[-74.161173,40.709991]],[[-74.160486,40.710181],[-74.160558,40.710154],[-74.160486,40.710153],[-74.160486,40.710181]],[[-74.160667,40.710181],[-74.160594,40.710236],[-74.160702,40.710236],[-74.160667,40.710181]],[[-74.160702,40.710236],[-74.160738,40.710264],[-74.160738,40.710237],[-74.160702,40.710236]],[[-74.160738,40.710264],[-74.160774,40.710292],[-74.160774,40.710264],[-74.160738,40.710264]],[[-74.160993,40.709908],[-74.16092,40.70999],[-74.161064,40.709963],[-74.160993,40.709908]],[[-74.161535,40.709553],[-74.161643,40.709608],[-74.161644,40.70958],[-74.161535,40.709553]]],[[[-74.161461,40.709992],[-74.161605,40.710074],[-74.161389,40.710019],[-74.161461,40.709992]]],[[[-74.162435,40.710077],[-74.162146,40.710103],[-74.162038,40.710048],[-74.162435,40.710077]]],[[[-74.161713,40.71002],[-74.161605,40.710102],[-74.161605,40.710074],[-74.161713,40.71002]]],[[[-74.161893,40.710103],[-74.161966,40.710075],[-74.161966,40.710103],[-74.161893,40.710103]]],[[[-74.162507,40.710132],[-74.162543,40.710105],[-74.162542,40.710159],[-74.162507,40.710132]]],[[[-74.161965,40.71013],[-74.162001,40.710158],[-74.161965,40.710158],[-74.161965,40.71013]]],[[[-74.166546,40.710226],[-74.166364,40.710527],[-74.166294,40.710198],[-74.166546,40.710226]]],[[[-74.166255,40.710747],[-74.164958,40.710523],[-74.164885,40.710633],[-74.164885,40.710523],[-74.164741,40.710578],[-74.164705,40.710495],[-74.164237,40.710411],[-74.164382,40.71022],[-74.164959,40.710221],[-74.164743,40.710056],[-74.165249,40.710058],[-74.166114,40.71017],[-74.166328,40.710582],[-74.166255,40.710747]],[[-74.164813,40.710523],[-74.164777,40.710495],[-74.164777,40.710523],[-74.164813,40.710523]],[[-74.166113,40.710225],[-74.166077,40.710252],[-74.166113,40.710252],[-74.166113,40.710225]],[[-74.166256,40.7105],[-74.16622,40.710554],[-74.166256,40.710555],[-74.166256,40.7105]],[[-74.166255,40.710719],[-74.166183,40.710692],[-74.166183,40.710719],[-74.166255,40.710719]]],[[[-74.164633,40.710522],[-74.164669,40.71055],[-74.164633,40.71055],[-74.164633,40.710522]]],[[[-74.164525,40.71055],[-74.16456,40.710577],[-74.164524,40.710577],[-74.164525,40.71055]]],[[[-74.164741,40.710605],[-74.164705,40.710578],[-74.164741,40.710578],[-74.164741,40.710605]]],[[[-74.165065,40.710633],[-74.165138,40.710606],[-74.165137,40.710634],[-74.165065,40.710633]]],[[[-74.164993,40.710606],[-74.165029,40.710633],[-74.164993,40.710633],[-74.164993,40.710606]]],[[[-74.165137,40.710634],[-74.165173,40.710661],[-74.165137,40.710661],[-74.165137,40.710634]]],[[[-74.166688,40.710775],[-74.166796,40.710748],[-74.166796,40.710776],[-74.166688,40.710775]]],[[[-74.161926,40.710816],[-74.161673,40.710926],[-74.161098,40.710512],[-74.161567,40.710513],[-74.161926,40.710707],[-74.16189,40.710761],[-74.161926,40.710816]],[[-74.161603,40.710568],[-74.161566,40.710596],[-74.161602,40.710596],[-74.161603,40.710568]],[[-74.16171,40.710624],[-74.161674,40.710651],[-74.16171,40.710651],[-74.16171,40.710624]],[[-74.161818,40.710679],[-74.161782,40.710706],[-74.161818,40.710706],[-74.161818,40.710679]],[[-74.161818,40.710761],[-74.161854,40.710734],[-74.161818,40.710734],[-74.161818,40.710761]]],[[[-74.166941,40.710749],[-74.166976,40.710776],[-74.16694,40.710776],[-74.166941,40.710749]]],[[[-74.161926,40.710762],[-74.161962,40.710734],[-74.161962,40.710762],[-74.161926,40.710762]]],[[[-74.167012,40.710831],[-74.167084,40.710859],[-74.167012,40.710859],[-74.167012,40.710831]]],[[[-74.166724,40.710803],[-74.167588,40.711053],[-74.167011,40.711051],[-74.167047,40.710996],[-74.166831,40.710968],[-74.166724,40.710803]],[[-74.166868,40.710913],[-74.166903,40.710941],[-74.166904,40.710913],[-74.166868,40.710913]]],[[[-74.166219,40.710774],[-74.165857,40.711102],[-74.164269,40.711235],[-74.163441,40.710821],[-74.164884,40.710853],[-74.164091,40.710713],[-74.164741,40.710633],[-74.166219,40.710774]],[[-74.165965,40.710993],[-74.165929,40.710965],[-74.165929,40.710993],[-74.165965,40.710993]],[[-74.165712,40.711075],[-74.165749,40.711047],[-74.165713,40.711047],[-74.165712,40.711075]]],[[[-74.166109,40.711185],[-74.166543,40.71083],[-74.167011,40.711161],[-74.166289,40.711104],[-74.166325,40.711214],[-74.166109,40.711185]],[[-74.166217,40.711186],[-74.166253,40.711158],[-74.166217,40.711158],[-74.166217,40.711186]]],[[[-74.166325,40.711186],[-74.166397,40.711159],[-74.166397,40.711186],[-74.166325,40.711186]]],[[[-74.16241,40.714908],[-74.162483,40.714881],[-74.162482,40.714908],[-74.16241,40.714908]]],[[[-74.16241,40.714908],[-74.162374,40.714935],[-74.162374,40.714908],[-74.16241,40.714908]]],[[[-74.162302,40.714908],[-74.16223,40.714935],[-74.16223,40.714907],[-74.162302,40.714908]]],[[[-74.162482,40.714963],[-74.162663,40.714909],[-74.162699,40.714964],[-74.162482,40.714963]]],[[[-74.16161,40.716223],[-74.161755,40.716059],[-74.162151,40.716197],[-74.161827,40.716196],[-74.161754,40.716251],[-74.16161,40.716223]],[[-74.161755,40.716114],[-74.161827,40.716142],[-74.161827,40.716114],[-74.161755,40.716114]]],[[[-74.162296,40.716198],[-74.162332,40.71617],[-74.162332,40.716198],[-74.162296,40.716198]]],[[[-74.161538,40.716278],[-74.161394,40.716113],[-74.161502,40.716113],[-74.161538,40.716278]]],[[[-74.162151,40.716252],[-74.162296,40.716198],[-74.162331,40.716253],[-74.162151,40.716252]]],[[[-74.161826,40.716224],[-74.161862,40.716251],[-74.161826,40.716251],[-74.161826,40.716224]]],[[[-74.165541,40.716454],[-74.165649,40.71651],[-74.165541,40.716482],[-74.165541,40.716454]]],[[[-74.163124,40.716502],[-74.16316,40.71653],[-74.163124,40.71653],[-74.163124,40.716502]]],[[[-74.163845,40.716587],[-74.163881,40.716559],[-74.163881,40.716587],[-74.163845,40.716587]]],[[[-74.164169,40.716615],[-74.163592,40.716696],[-74.163592,40.716641],[-74.164169,40.716615]]],[[[-74.16352,40.716668],[-74.163556,40.716641],[-74.163556,40.716668],[-74.16352,40.716668]]],[[[-74.162761,40.716831],[-74.160559,40.717099],[-74.160271,40.716988],[-74.160381,40.716604],[-74.163052,40.716475],[-74.163015,40.716584],[-74.16334,40.716585],[-74.16352,40.716695],[-74.163592,40.716696],[-74.162761,40.716831]],[[-74.160814,40.716688],[-74.160778,40.716715],[-74.160814,40.716715],[-74.160814,40.716688]],[[-74.163411,40.716723],[-74.163303,40.71664],[-74.163303,40.716722],[-74.163411,40.716723]]],[[[-74.165061,40.73306],[-74.165823,40.732266],[-74.165681,40.73169],[-74.166114,40.731691],[-74.166552,40.730814],[-74.167345,40.730926],[-74.167997,40.730461],[-74.165604,40.732815],[-74.165061,40.73306]]],[[[-74.165025,40.73306],[-74.164916,40.733142],[-74.164917,40.73306],[-74.165025,40.73306]]],[[[-74.165025,40.733115],[-74.165133,40.73317],[-74.165025,40.733143],[-74.165025,40.733115]]],[[[-74.165024,40.733197],[-74.164916,40.733197],[-74.164988,40.733142],[-74.165024,40.733197]]],[[[-74.164916,40.733252],[-74.16488,40.733279],[-74.16488,40.733252],[-74.164916,40.733252]]],[[[-74.162633,40.735194],[-74.162597,40.735167],[-74.162633,40.735167],[-74.162633,40.735194]]],[[[-74.162669,40.735194],[-74.162632,40.735222],[-74.162633,40.735194],[-74.162669,40.735194]]],[[[-74.16256,40.735222],[-74.162524,40.735249],[-74.162524,40.735221],[-74.16256,40.735222]]],[[[-74.162488,40.735249],[-74.162415,40.735386],[-74.16209,40.735522],[-74.162271,40.735358],[-74.162488,40.735249]]],[[[-74.162523,40.735441],[-74.162522,40.735551],[-74.16245,40.735551],[-74.162523,40.735441]]],[[[-74.16209,40.735522],[-74.162053,40.735549],[-74.162053,40.735522],[-74.16209,40.735522]]],[[[-74.162053,40.735577],[-74.161981,40.735549],[-74.162053,40.735549],[-74.162053,40.735577]]],[[[-74.161981,40.735604],[-74.161945,40.735577],[-74.161981,40.735577],[-74.161981,40.735604]]],[[[-74.161945,40.735604],[-74.161909,40.735631],[-74.161909,40.735604],[-74.161945,40.735604]]],[[[-74.162341,40.73566],[-74.161871,40.735851],[-74.162378,40.735578],[-74.162341,40.73566]]],[[[-74.16169,40.736015],[-74.161691,40.735905],[-74.161763,40.735905],[-74.16169,40.736015]]],[[[-74.164571,40.737286],[-74.163746,40.736323],[-74.163203,40.736541],[-74.163743,40.73679],[-74.163634,40.737036],[-74.164137,40.737477],[-74.16431,40.738905],[-74.164886,40.739181],[-74.165061,40.740362],[-74.164771,40.740498],[-74.164806,40.740773],[-74.165487,40.741708],[-74.166664,40.744457],[-74.166479,40.745472],[-74.16691,40.745885],[-74.167051,40.746517],[-74.166724,40.746955],[-74.166903,40.747312],[-74.166649,40.747421],[-74.165867,40.747392],[-74.165748,40.74525],[-74.166408,40.74517],[-74.166373,40.745005],[-74.165714,40.745085],[-74.162778,40.737845],[-74.161707,40.736207],[-74.163245,40.735471],[-74.163387,40.735883],[-74.163892,40.735939],[-74.164537,40.736765],[-74.164571,40.737286]],[[-74.163387,40.735883],[-74.163351,40.73591],[-74.163387,40.73591],[-74.163387,40.735883]],[[-74.16335,40.736075],[-74.16335,40.736069],[-74.16335,40.736075],[-74.16335,40.736075]]],[[[-74.166683,40.747833],[-74.165838,40.747886],[-74.165863,40.747474],[-74.166721,40.747531],[-74.166683,40.747833]]],[[[-74.165004,40.758808],[-74.16504,40.758836],[-74.165004,40.758836],[-74.165004,40.758808]]],[[[-74.164968,40.758863],[-74.165004,40.758891],[-74.164968,40.758891],[-74.164968,40.758863]]],[[[-74.164895,40.759],[-74.164931,40.759028],[-74.164895,40.759028],[-74.164895,40.759]]],[[[-74.164785,40.759219],[-74.164749,40.759247],[-74.164749,40.759219],[-74.164785,40.759219]]],[[[-74.164713,40.759329],[-74.164676,40.759356],[-74.164677,40.759329],[-74.164713,40.759329]]],[[[-74.164604,40.759438],[-74.16464,40.759466],[-74.164604,40.759466],[-74.164604,40.759438]]],[[[-74.164458,40.759685],[-74.164494,40.759713],[-74.164458,40.759713],[-74.164458,40.759685]]],[[[-74.164422,40.75974],[-74.164458,40.759767],[-74.164422,40.759767],[-74.164422,40.75974]]],[[[-74.164422,40.759795],[-74.164385,40.759822],[-74.164385,40.759795],[-74.164422,40.759795]]],[[[-74.163985,40.76048],[-74.163949,40.760507],[-74.163949,40.76048],[-74.163985,40.76048]]],[[[-74.161312,40.689596],[-74.161384,40.689568],[-74.161384,40.689596],[-74.161312,40.689596]]],[[[-74.161202,40.689952],[-74.161166,40.689925],[-74.161202,40.689925],[-74.161202,40.689952]]],[[[-74.160876,40.690253],[-74.160912,40.690226],[-74.160912,40.690253],[-74.160876,40.690253]]],[[[-74.160658,40.690554],[-74.160694,40.690609],[-74.160658,40.690609],[-74.160658,40.690554]]],[[[-74.160513,40.690719],[-74.160621,40.690719],[-74.160513,40.690774],[-74.160513,40.690719]]],[[[-74.160513,40.690774],[-74.160476,40.690801],[-74.160477,40.690774],[-74.160513,40.690774]]],[[[-74.158399,40.69505],[-74.158327,40.695022],[-74.158399,40.695022],[-74.158399,40.69505]]],[[[-74.158723,40.695133],[-74.158687,40.69516],[-74.158687,40.695133],[-74.158723,40.695133]]],[[[-74.158615,40.69516],[-74.158651,40.695188],[-74.158615,40.695188],[-74.158615,40.69516]]],[[[-74.158579,40.695215],[-74.158614,40.695242],[-74.158578,40.695242],[-74.158579,40.695215]]],[[[-74.158108,40.69557],[-74.158072,40.695625],[-74.158072,40.69557],[-74.158108,40.69557]]],[[[-74.158504,40.695626],[-74.15854,40.695654],[-74.158504,40.695654],[-74.158504,40.695626]]],[[[-74.158071,40.69568],[-74.158035,40.695625],[-74.158072,40.695625],[-74.158071,40.69568]]],[[[-74.158035,40.695735],[-74.157999,40.69568],[-74.158035,40.69568],[-74.158035,40.695735]]],[[[-74.157999,40.695735],[-74.157963,40.695762],[-74.157963,40.695735],[-74.157999,40.695735]]],[[[-74.157963,40.695762],[-74.157926,40.695817],[-74.157927,40.695762],[-74.157963,40.695762]]],[[[-74.157519,40.69782],[-74.157484,40.697764],[-74.15752,40.697765],[-74.157519,40.69782]]],[[[-74.157483,40.697902],[-74.157447,40.697819],[-74.157483,40.697819],[-74.157483,40.697902]]],[[[-74.160599,40.709303],[-74.15952,40.708586],[-74.159882,40.70834],[-74.160784,40.708452],[-74.160818,40.708809],[-74.161106,40.708838],[-74.160455,40.709193],[-74.160599,40.709303]]],[[[-74.161395,40.708866],[-74.161467,40.708921],[-74.161358,40.708921],[-74.161395,40.708866]]],[[[-74.160662,40.711115],[-74.160626,40.711087],[-74.160662,40.711087],[-74.160662,40.711115]]],[[[-74.157725,40.714098],[-74.157689,40.714071],[-74.157725,40.714071],[-74.157725,40.714098]]],[[[-74.157724,40.714153],[-74.157761,40.714098],[-74.15776,40.714153],[-74.157724,40.714153]]],[[[-74.157724,40.714208],[-74.157868,40.714208],[-74.157832,40.714318],[-74.157724,40.714208]]],[[[-74.157759,40.714455],[-74.15794,40.714236],[-74.158192,40.714484],[-74.157759,40.714455]]],[[[-74.157753,40.715498],[-74.157969,40.715636],[-74.157753,40.715635],[-74.157753,40.715498]]],[[[-74.157969,40.715636],[-74.158005,40.715664],[-74.157969,40.715664],[-74.157969,40.715636]]],[[[-74.158546,40.715693],[-74.158582,40.715665],[-74.158582,40.715693],[-74.158546,40.715693]]],[[[-74.158546,40.71572],[-74.158474,40.715692],[-74.158546,40.715693],[-74.158546,40.71572]]],[[[-74.158402,40.715692],[-74.158438,40.71572],[-74.158402,40.71572],[-74.158402,40.715692]]],[[[-74.15934,40.715722],[-74.159412,40.71575],[-74.15934,40.71575],[-74.15934,40.715722]]],[[[-74.158726,40.715776],[-74.158979,40.715694],[-74.158978,40.715831],[-74.158726,40.715776]]],[[[-74.157247,40.715799],[-74.157428,40.715744],[-74.157463,40.715827],[-74.157247,40.715799]]],[[[-74.159014,40.715886],[-74.15905,40.715914],[-74.159014,40.715914],[-74.159014,40.715886]]],[[[-74.157246,40.715908],[-74.15721,40.715881],[-74.157246,40.715881],[-74.157246,40.715908]]],[[[-74.157246,40.715936],[-74.157174,40.715963],[-74.157174,40.715936],[-74.157246,40.715936]]],[[[-74.159952,40.715862],[-74.160925,40.716029],[-74.161105,40.716194],[-74.158978,40.715831],[-74.159952,40.715862]],[[-74.159519,40.71586],[-74.159483,40.715888],[-74.159519,40.715888],[-74.159519,40.71586]]],[[[-74.160998,40.716029],[-74.161034,40.716057],[-74.160997,40.716057],[-74.160998,40.716029]]],[[[-74.157498,40.716129],[-74.157246,40.715908],[-74.157642,40.716074],[-74.157498,40.716129]]],[[[-74.157137,40.716045],[-74.157102,40.715963],[-74.157282,40.716046],[-74.157137,40.716045]]],[[[-74.161322,40.716085],[-74.161322,40.716058],[-74.161358,40.716058],[-74.161358,40.716085],[-74.161322,40.716085]]],[[[-74.161394,40.716113],[-74.161358,40.716085],[-74.161394,40.716085],[-74.161394,40.716113]]],[[[-74.157426,40.716074],[-74.157389,40.716128],[-74.15739,40.716074],[-74.157426,40.716074]]],[[[-74.157895,40.71613],[-74.15793,40.716157],[-74.157894,40.716157],[-74.157895,40.71613]]],[[[-74.157606,40.716129],[-74.157822,40.71613],[-74.157822,40.716185],[-74.157606,40.716129]]],[[[-74.157317,40.716183],[-74.157389,40.716128],[-74.157389,40.716183],[-74.157317,40.716183]]],[[[-74.157425,40.716183],[-74.157389,40.716211],[-74.157389,40.716183],[-74.157425,40.716183]]],[[[-74.161249,40.716222],[-74.161321,40.71625],[-74.161249,40.71625],[-74.161249,40.716222]]],[[[-74.160816,40.716221],[-74.160852,40.716248],[-74.160816,40.716248],[-74.160816,40.716221]]],[[[-74.157533,40.716239],[-74.157569,40.716211],[-74.157569,40.716239],[-74.157533,40.716239]]],[[[-74.160383,40.716247],[-74.160491,40.716275],[-74.160383,40.716275],[-74.160383,40.716247]]],[[[-74.160672,40.716275],[-74.160744,40.716248],[-74.160744,40.716303],[-74.160708,40.716303],[-74.160708,40.716275],[-74.160672,40.716275]]],[[[-74.157497,40.716239],[-74.157461,40.716266],[-74.157461,40.716238],[-74.157497,40.716239]]],[[[-74.160852,40.716331],[-74.16078,40.716276],[-74.160852,40.716303],[-74.160852,40.716331]]],[[[-74.160635,40.716303],[-74.160671,40.71633],[-74.160635,40.71633],[-74.160635,40.716303]]],[[[-74.160852,40.716331],[-74.160924,40.716358],[-74.160852,40.716358],[-74.160852,40.716331]]],[[[-74.160996,40.716331],[-74.161032,40.716359],[-74.160996,40.716359],[-74.160996,40.716331]]],[[[-74.157749,40.716377],[-74.157858,40.716267],[-74.157821,40.716404],[-74.157749,40.716377]]],[[[-74.157929,40.716405],[-74.157966,40.71635],[-74.157965,40.716405],[-74.157929,40.716405]]],[[[-74.157749,40.716377],[-74.157713,40.716431],[-74.157713,40.716376],[-74.157749,40.716377]]],[[[-74.159011,40.716435],[-74.158975,40.716408],[-74.159011,40.716408],[-74.159011,40.716435]]],[[[-74.157857,40.716432],[-74.157893,40.716459],[-74.157857,40.716459],[-74.157857,40.716432]]],[[[-74.158037,40.716487],[-74.158073,40.716542],[-74.158037,40.716542],[-74.158037,40.716487]]],[[[-74.158181,40.716543],[-74.158217,40.716515],[-74.158217,40.716543],[-74.158181,40.716543]]],[[[-74.160235,40.71707],[-74.158105,40.717366],[-74.157385,40.717089],[-74.157927,40.716761],[-74.157676,40.716541],[-74.158325,40.716625],[-74.158434,40.716406],[-74.158903,40.716407],[-74.159227,40.716546],[-74.159588,40.716602],[-74.159551,40.716739],[-74.160021,40.716603],[-74.160235,40.71707]],[[-74.159479,40.716684],[-74.159443,40.716711],[-74.159479,40.716711],[-74.159479,40.716684]],[[-74.159443,40.716711],[-74.159371,40.716738],[-74.159443,40.716738],[-74.159443,40.716711]],[[-74.159695,40.716739],[-74.159659,40.716767],[-74.159695,40.716767],[-74.159695,40.716739]]],[[[-74.160307,40.71707],[-74.160235,40.717098],[-74.160235,40.71707],[-74.160307,40.71707]]],[[[-74.158971,40.717368],[-74.158935,40.717341],[-74.158971,40.717341],[-74.158971,40.717368]]],[[[-74.158285,40.717366],[-74.158177,40.717393],[-74.158177,40.717366],[-74.158285,40.717366]]],[[[-74.157491,40.717364],[-74.157815,40.717475],[-74.157491,40.717501],[-74.157491,40.717364]]],[[[-74.157815,40.717475],[-74.157887,40.717502],[-74.157815,40.717502],[-74.157815,40.717475]]],[[[-74.167791,40.750005],[-74.16768,40.750554],[-74.166847,40.751128],[-74.166415,40.750934],[-74.166268,40.751538],[-74.165799,40.751427],[-74.165834,40.751646],[-74.166267,40.751675],[-74.165969,40.753568],[-74.165388,40.754143],[-74.165276,40.755021],[-74.164952,40.754773],[-74.164844,40.7548],[-74.16524,40.755048],[-74.165127,40.755871],[-74.165849,40.755928],[-74.166064,40.756149],[-74.165475,40.758508],[-74.165293,40.758699],[-74.165113,40.758699],[-74.165076,40.758808],[-74.165004,40.758781],[-74.165004,40.758808],[-74.164968,40.758808],[-74.164968,40.758863],[-74.164932,40.758863],[-74.164931,40.758918],[-74.164967,40.758973],[-74.164895,40.758945],[-74.164895,40.759],[-74.16475,40.759137],[-74.164749,40.759219],[-74.164677,40.759247],[-74.16464,40.759329],[-74.164676,40.759439],[-74.164604,40.759411],[-74.164604,40.759438],[-74.164495,40.759466],[-74.164458,40.759685],[-74.164422,40.759685],[-74.164422,40.75974],[-74.164386,40.75974],[-74.164385,40.759795],[-74.164349,40.759795],[-74.164349,40.759849],[-74.164313,40.759849],[-74.164313,40.759904],[-74.164277,40.759904],[-74.164276,40.759959],[-74.164204,40.759986],[-74.163949,40.760397],[-74.163911,40.760864],[-74.16344,40.761137],[-74.16082,40.765192],[-74.160531,40.765301],[-74.160675,40.765411],[-74.159547,40.767],[-74.159289,40.768015],[-74.159182,40.767877],[-74.158855,40.768315],[-74.158386,40.768259],[-74.158275,40.768643],[-74.157696,40.768861],[-74.157838,40.769493],[-74.1566,40.771383],[-74.156599,40.771575],[-74.156888,40.771576],[-74.156779,40.771795],[-74.156706,40.771878],[-74.15649,40.771822],[-74.156345,40.771931],[-74.156272,40.772068],[-74.156127,40.772095],[-74.156091,40.772205],[-74.155946,40.77226],[-74.15402,40.774532],[-74.154129,40.77456],[-74.153984,40.774642],[-74.154019,40.774752],[-74.153766,40.774861],[-74.153586,40.77475],[-74.153585,40.774997],[-74.15315,40.775216],[-74.153042,40.775161],[-74.150649,40.777047],[-74.150218,40.776732],[-74.153373,40.773988],[-74.154816,40.772061],[-74.157532,40.766512],[-74.161643,40.762036],[-74.163014,40.760089],[-74.163961,40.75797],[-74.165214,40.751123],[-74.166379,40.750934],[-74.16524,40.750958],[-74.1658,40.748133],[-74.166501,40.748189],[-74.166463,40.748574],[-74.166931,40.748822],[-74.167292,40.748796],[-74.167039,40.74896],[-74.167358,40.749976],[-74.167542,40.749345],[-74.167757,40.749758],[-74.16801,40.749539],[-74.1679,40.750005],[-74.168081,40.749814],[-74.168296,40.750089],[-74.167935,40.750252],[-74.167826,40.750225],[-74.167791,40.750005]],[[-74.167718,40.750224],[-74.167682,40.750169],[-74.167682,40.750224],[-74.167718,40.750224]],[[-74.165113,40.758699],[-74.165077,40.758671],[-74.165077,40.758699],[-74.165113,40.758699]],[[-74.165077,40.758754],[-74.165041,40.758726],[-74.16504,40.758753],[-74.165077,40.758754]],[[-74.163912,40.760534],[-74.163876,40.760589],[-74.163912,40.760589],[-74.163912,40.760534]],[[-74.161839,40.763575],[-74.161768,40.763465],[-74.161695,40.763602],[-74.161839,40.763575]],[[-74.16053,40.765356],[-74.160494,40.765383],[-74.16053,40.765383],[-74.16053,40.765356]],[[-74.156852,40.771631],[-74.156816,40.771603],[-74.156816,40.771631],[-74.156852,40.771631]],[[-74.156815,40.771686],[-74.156779,40.771658],[-74.156779,40.771686],[-74.156815,40.771686]],[[-74.156779,40.77174],[-74.156743,40.771713],[-74.156743,40.77174],[-74.156779,40.77174]],[[-74.156706,40.771823],[-74.15667,40.771795],[-74.15667,40.771823],[-74.156706,40.771823]],[[-74.156526,40.771767],[-74.156634,40.771822],[-74.156634,40.771768],[-74.156526,40.771767]],[[-74.1562,40.772068],[-74.156164,40.771986],[-74.156127,40.772068],[-74.1562,40.772068]],[[-74.156054,40.772205],[-74.156019,40.772177],[-74.156018,40.772205],[-74.156054,40.772205]],[[-74.153622,40.774751],[-74.153658,40.774723],[-74.153622,40.774723],[-74.153622,40.774751]],[[-74.153078,40.775161],[-74.153115,40.775133],[-74.153078,40.775133],[-74.153078,40.775161]],[[-74.153115,40.775133],[-74.153151,40.775106],[-74.153115,40.775106],[-74.153115,40.775133]],[[-74.153151,40.775133],[-74.153187,40.775161],[-74.153187,40.775134],[-74.153151,40.775133]],[[-74.167899,40.750142],[-74.167863,40.750115],[-74.167863,40.750142],[-74.167899,40.750142]],[[-74.167719,40.75006],[-74.167683,40.750005],[-74.167683,40.750059],[-74.167719,40.75006]]],[[[-74.159692,40.767],[-74.159655,40.767028],[-74.159656,40.767],[-74.159692,40.767]]],[[[-74.159217,40.768042],[-74.159253,40.768152],[-74.159216,40.768152],[-74.159217,40.768042]]],[[[-74.156672,40.771411],[-74.156709,40.771383],[-74.156708,40.771411],[-74.156672,40.771411]]],[[[-74.156744,40.771438],[-74.156781,40.771411],[-74.156781,40.771439],[-74.156744,40.771438]]],[[[-74.156708,40.771466],[-74.15678,40.771521],[-74.156708,40.771521],[-74.156708,40.771466]]],[[[-74.156852,40.771521],[-74.156924,40.771576],[-74.156852,40.771549],[-74.156852,40.771521]]],[[[-74.15667,40.771932],[-74.156598,40.771877],[-74.15667,40.771877],[-74.15667,40.771932]]],[[[-74.191534,40.689214],[-74.191754,40.688418],[-74.191934,40.688528],[-74.192152,40.688227],[-74.193051,40.688586],[-74.192725,40.688997],[-74.19276,40.689162],[-74.193123,40.688614],[-74.193699,40.68889],[-74.193629,40.688506],[-74.19399,40.688314],[-74.194599,40.689249],[-74.195464,40.689361],[-74.195463,40.689581],[-74.194921,40.689827],[-74.194919,40.690183],[-74.194522,40.690374],[-74.194373,40.69128],[-74.194589,40.691528],[-74.194083,40.691746],[-74.194367,40.69268],[-74.195302,40.693176],[-74.195265,40.693533],[-74.194328,40.693284],[-74.19415,40.692899],[-74.193501,40.69287],[-74.193538,40.69265],[-74.192024,40.692427],[-74.192061,40.692235],[-74.191701,40.692124],[-74.192027,40.691878],[-74.191522,40.691821],[-74.191343,40.691437],[-74.191053,40.691875],[-74.190837,40.69182],[-74.190655,40.692121],[-74.190834,40.692506],[-74.190107,40.693629],[-74.190178,40.693931],[-74.18909,40.695191],[-74.189234,40.695301],[-74.189305,40.695494],[-74.189268,40.695603],[-74.189376,40.695686],[-74.189448,40.695659],[-74.189448,40.695714],[-74.189412,40.695741],[-74.189556,40.695906],[-74.189627,40.695961],[-74.189663,40.695961],[-74.189627,40.696126],[-74.189447,40.696016],[-74.189553,40.696373],[-74.188652,40.69637],[-74.188903,40.696646],[-74.188826,40.697716],[-74.188572,40.697935],[-74.188897,40.698018],[-74.188928,40.698979],[-74.189866,40.699009],[-74.18687,40.69955],[-74.186149,40.699301],[-74.186155,40.698121],[-74.187784,40.696835],[-74.188945,40.695273],[-74.188657,40.695327],[-74.188446,40.694146],[-74.187726,40.693705],[-74.187943,40.693651],[-74.187907,40.693568],[-74.188196,40.693459],[-74.188197,40.693377],[-74.188522,40.693351],[-74.18863,40.693296],[-74.189064,40.69294],[-74.189243,40.693407],[-74.189606,40.692722],[-74.190003,40.692696],[-74.190474,40.692313],[-74.191601,40.690394],[-74.191203,40.690585],[-74.190841,40.690969],[-74.190696,40.691023],[-74.19066,40.690968],[-74.190479,40.691215],[-74.190009,40.691351],[-74.189141,40.692035],[-74.188742,40.692583],[-74.188597,40.692555],[-74.18838,40.692774],[-74.188417,40.692637],[-74.187984,40.692635],[-74.186756,40.692934],[-74.186648,40.693071],[-74.185388,40.692519],[-74.184702,40.692599],[-74.18434,40.692982],[-74.184664,40.693148],[-74.184662,40.69356],[-74.184336,40.693806],[-74.185527,40.693617],[-74.185635,40.693727],[-74.185526,40.693782],[-74.185526,40.693837],[-74.18549,40.693836],[-74.18549,40.693891],[-74.185454,40.693891],[-74.185453,40.693946],[-74.185778,40.693837],[-74.185742,40.693892],[-74.185706,40.693892],[-74.185703,40.694523],[-74.185558,40.694605],[-74.185594,40.694688],[-74.185522,40.69466],[-74.185232,40.694879],[-74.185124,40.694851],[-74.18498,40.694961],[-74.185015,40.695043],[-74.184762,40.695289],[-74.184798,40.695344],[-74.184797,40.695372],[-74.184761,40.695372],[-74.184761,40.695399],[-74.184797,40.695509],[-74.184724,40.695619],[-74.184723,40.695756],[-74.184543,40.69581],[-74.184435,40.695673],[-74.184136,40.697923],[-74.183812,40.697785],[-74.183849,40.697565],[-74.183596,40.697647],[-74.182985,40.697233],[-74.183668,40.697757],[-74.183343,40.697838],[-74.182912,40.697535],[-74.182839,40.697727],[-74.183557,40.698388],[-74.183451,40.697976],[-74.183704,40.697812],[-74.183956,40.697977],[-74.183919,40.698087],[-74.183883,40.698087],[-74.183918,40.698197],[-74.183846,40.698169],[-74.183882,40.698334],[-74.18381,40.698306],[-74.183845,40.698471],[-74.183773,40.698443],[-74.183808,40.698663],[-74.183736,40.698635],[-74.183771,40.698828],[-74.183473,40.700858],[-74.183644,40.702863],[-74.18346,40.703686],[-74.183206,40.704014],[-74.182989,40.704123],[-74.182952,40.704178],[-74.18288,40.704206],[-74.18288,40.70426],[-74.182518,40.704506],[-74.182301,40.704533],[-74.182012,40.704725],[-74.180676,40.705078],[-74.179846,40.705048],[-74.180171,40.705104],[-74.179737,40.70524],[-74.179629,40.705295],[-74.1797,40.705405],[-74.179014,40.705677],[-74.178688,40.705759],[-74.178617,40.705621],[-74.178401,40.705593],[-74.176595,40.706137],[-74.17634,40.706576],[-74.176555,40.706768],[-74.176265,40.707179],[-74.176191,40.707481],[-74.176155,40.707481],[-74.176155,40.707508],[-74.176119,40.707508],[-74.176119,40.707563],[-74.176191,40.707591],[-74.176806,40.707071],[-74.176916,40.706824],[-74.17724,40.706825],[-74.177342,40.70828],[-74.176295,40.708442],[-74.176545,40.708827],[-74.176149,40.708716],[-74.176005,40.708716],[-74.176005,40.708743],[-74.175897,40.708743],[-74.175789,40.708688],[-74.175752,40.708715],[-74.175717,40.70866],[-74.175824,40.708852],[-74.176256,40.709046],[-74.174705,40.708904],[-74.174416,40.709096],[-74.174381,40.708931],[-74.173371,40.708846],[-74.173225,40.70912],[-74.173083,40.70879],[-74.171819,40.708978],[-74.1698,40.708808],[-74.169222,40.708944],[-74.169801,40.708671],[-74.169621,40.708615],[-74.166986,40.708827],[-74.166158,40.708496],[-74.167384,40.708581],[-74.168721,40.708201],[-74.167351,40.708005],[-74.165978,40.708413],[-74.166051,40.708193],[-74.165763,40.708083],[-74.166053,40.707946],[-74.162446,40.707908],[-74.161868,40.708044],[-74.161725,40.707796],[-74.161292,40.70774],[-74.158802,40.707925],[-74.158046,40.707648],[-74.157935,40.708252],[-74.157358,40.70825],[-74.157574,40.708361],[-74.157465,40.708388],[-74.156961,40.708249],[-74.156929,40.70748],[-74.156496,40.707534],[-74.156314,40.707835],[-74.156026,40.707697],[-74.155701,40.707696],[-74.155162,40.70742],[-74.155092,40.707008],[-74.154514,40.707089],[-74.153363,40.706372],[-74.15261,40.705491],[-74.152034,40.705324],[-74.152216,40.705105],[-74.153907,40.705852],[-74.154592,40.705854],[-74.153585,40.705411],[-74.153479,40.705027],[-74.153153,40.705273],[-74.152289,40.704913],[-74.152434,40.704667],[-74.152218,40.704611],[-74.152181,40.704803],[-74.151821,40.704692],[-74.153599,40.702749],[-74.152904,40.704504],[-74.153193,40.704395],[-74.153448,40.703984],[-74.153556,40.704094],[-74.153774,40.703738],[-74.153954,40.703766],[-74.153883,40.703601],[-74.154063,40.703574],[-74.154172,40.703437],[-74.156972,40.699053],[-74.157702,40.697436],[-74.159046,40.695518],[-74.159119,40.695326],[-74.158575,40.695846],[-74.158868,40.695133],[-74.158724,40.695051],[-74.158108,40.69557],[-74.158508,40.694968],[-74.158472,40.694858],[-74.158291,40.694994],[-74.158036,40.695433],[-74.157747,40.695707],[-74.157638,40.695734],[-74.156331,40.697404],[-74.154551,40.699952],[-74.153714,40.701349],[-74.153749,40.701569],[-74.153858,40.701405],[-74.153894,40.701487],[-74.153566,40.70209],[-74.153674,40.7022],[-74.153891,40.701926],[-74.153927,40.702064],[-74.153672,40.702502],[-74.152621,40.70346],[-74.153457,40.702145],[-74.153459,40.70187],[-74.153422,40.702007],[-74.153241,40.702089],[-74.15295,40.70261],[-74.152079,40.703623],[-74.151497,40.704499],[-74.151102,40.704333],[-74.151176,40.703977],[-74.150994,40.704168],[-74.15096,40.703894],[-74.150921,40.704333],[-74.150595,40.704579],[-74.151279,40.704856],[-74.150698,40.70565],[-74.150517,40.705704],[-74.148032,40.705093],[-74.143929,40.703241],[-74.139465,40.70169],[-74.13943,40.701525],[-74.139754,40.701636],[-74.139792,40.701224],[-74.138461,40.700699],[-74.137991,40.700807],[-74.137953,40.701081],[-74.139034,40.701304],[-74.139357,40.701635],[-74.117554,40.694949],[-74.120322,40.69066],[-74.125251,40.68406],[-74.131955,40.673797],[-74.139139,40.677125],[-74.148986,40.682244],[-74.150435,40.683156],[-74.152657,40.685232],[-74.153849,40.685922],[-74.155324,40.686124],[-74.157862,40.68596],[-74.15872,40.686216],[-74.160093,40.687544],[-74.160632,40.688489],[-74.160414,40.688907],[-74.160704,40.688567],[-74.161494,40.689218],[-74.161276,40.689541],[-74.161312,40.68965],[-74.161456,40.689596],[-74.161658,40.689322],[-74.165051,40.69017],[-74.166455,40.690157],[-74.167635,40.689971],[-74.169273,40.688625],[-74.179387,40.687997],[-74.177939,40.689067],[-74.178082,40.689397],[-74.177249,40.69008],[-74.176558,40.691231],[-74.176701,40.691561],[-74.17634,40.69167],[-74.176302,40.692054],[-74.176159,40.691889],[-74.175975,40.692493],[-74.176003,40.694195],[-74.17647,40.694635],[-74.176323,40.695184],[-74.177437,40.695955],[-74.177867,40.696643],[-74.178948,40.696783],[-74.180179,40.695771],[-74.180611,40.695937],[-74.180175,40.696677],[-74.180572,40.696541],[-74.180896,40.696788],[-74.18079,40.696267],[-74.181332,40.695939],[-74.182197,40.696106],[-74.1822,40.695612],[-74.18285,40.695421],[-74.182996,40.694928],[-74.182744,40.69479],[-74.183215,40.694407],[-74.182311,40.694843],[-74.18152,40.69432],[-74.180399,40.695058],[-74.17881,40.695493],[-74.177729,40.695215],[-74.177047,40.694527],[-74.177229,40.69417],[-74.176764,40.693373],[-74.177233,40.693374],[-74.177351,40.691453],[-74.178005,40.690302],[-74.17891,40.689646],[-74.179203,40.688823],[-74.18014,40.688798],[-74.181551,40.687979],[-74.18256,40.688009],[-74.184106,40.688974],[-74.184141,40.689303],[-74.183816,40.689275],[-74.183958,40.689879],[-74.184428,40.689606],[-74.184466,40.689112],[-74.185151,40.689114],[-74.185189,40.68884],[-74.184684,40.688728],[-74.184326,40.688178],[-74.183966,40.688178],[-74.183427,40.687757],[-74.191687,40.687266],[-74.190883,40.689596],[-74.191028,40.689459],[-74.191099,40.689679],[-74.191173,40.68935],[-74.191534,40.689214]],[[-74.191379,40.691437],[-74.191452,40.691382],[-74.19138,40.691409],[-74.191379,40.691437]],[[-74.191089,40.691765],[-74.191018,40.69171],[-74.191017,40.691765],[-74.191089,40.691765]],[[-74.191054,40.69171],[-74.19109,40.691656],[-74.191054,40.691655],[-74.191054,40.69171]],[[-74.191053,40.69182],[-74.191017,40.691793],[-74.191017,40.69182],[-74.191053,40.69182]],[[-74.190655,40.692231],[-74.190619,40.692176],[-74.190618,40.692231],[-74.190655,40.692231]],[[-74.189269,40.695494],[-74.189233,40.695521],[-74.189269,40.695521],[-74.189269,40.695494]],[[-74.189072,40.699089],[-74.189036,40.699117],[-74.189072,40.699117],[-74.189072,40.699089]],[[-74.188473,40.695986],[-74.188509,40.696013],[-74.188509,40.695986],[-74.188473,40.695986]],[[-74.18851,40.695931],[-74.188545,40.695958],[-74.188546,40.695931],[-74.18851,40.695931]],[[-74.188269,40.69346],[-74.188124,40.693514],[-74.188088,40.693569],[-74.188269,40.69346]],[[-74.190841,40.690886],[-74.190805,40.690914],[-74.190841,40.690914],[-74.190841,40.690886]],[[-74.190696,40.690968],[-74.190733,40.690913],[-74.190697,40.690913],[-74.190696,40.690968]],[[-74.190733,40.690913],[-74.190769,40.690886],[-74.190733,40.690886],[-74.190733,40.690913]],[[-74.188959,40.692254],[-74.188887,40.692226],[-74.188887,40.692254],[-74.188959,40.692254]],[[-74.186865,40.692907],[-74.186829,40.692879],[-74.186829,40.692907],[-74.186865,40.692907]],[[-74.185667,40.694523],[-74.185631,40.694496],[-74.185631,40.694523],[-74.185667,40.694523]],[[-74.18516,40.694851],[-74.185197,40.694824],[-74.185161,40.694824],[-74.18516,40.694851]],[[-74.184943,40.69507],[-74.184907,40.695043],[-74.184907,40.69507],[-74.184943,40.69507]],[[-74.184907,40.695125],[-74.184871,40.695097],[-74.184871,40.695125],[-74.184907,40.695125]],[[-74.184652,40.695701],[-74.184688,40.695591],[-74.184652,40.695591],[-74.184652,40.695701]],[[-74.183735,40.698828],[-74.183699,40.6988],[-74.183699,40.698828],[-74.183735,40.698828]],[[-74.183097,40.704069],[-74.183061,40.704041],[-74.183061,40.704069],[-74.183097,40.704069]],[[-74.180856,40.704996],[-74.18082,40.704968],[-74.18082,40.704996],[-74.180856,40.704996]],[[-74.180676,40.70505],[-74.18064,40.705023],[-74.18064,40.70505],[-74.180676,40.70505]],[[-74.179846,40.705076],[-74.17981,40.705103],[-74.179846,40.705103],[-74.179846,40.705076]],[[-74.179628,40.705404],[-74.179592,40.705377],[-74.179592,40.705404],[-74.179628,40.705404]],[[-74.179411,40.705486],[-74.179375,40.705459],[-74.179375,40.705486],[-74.179411,40.705486]],[[-74.178797,40.705704],[-74.178761,40.705676],[-74.178761,40.705704],[-74.178797,40.705704]],[[-74.178617,40.705621],[-74.178725,40.705594],[-74.178617,40.705594],[-74.178617,40.705621]],[[-74.178725,40.705594],[-74.178798,40.705567],[-74.178725,40.705567],[-74.178725,40.705594]],[[-74.176519,40.706768],[-74.176483,40.706741],[-74.176483,40.706768],[-74.176519,40.706768]],[[-74.176447,40.706878],[-74.176411,40.70685],[-74.176411,40.706878],[-74.176447,40.706878]],[[-74.176155,40.707591],[-74.176118,40.707645],[-74.176154,40.707646],[-74.176155,40.707591]],[[-74.176259,40.708469],[-74.176223,40.708442],[-74.176223,40.708469],[-74.176259,40.708469]],[[-74.17633,40.708579],[-74.176294,40.708607],[-74.17633,40.708607],[-74.17633,40.708579]],[[-74.155701,40.707669],[-74.155738,40.707641],[-74.155701,40.707641],[-74.155701,40.707669]],[[-74.155738,40.707641],[-74.15581,40.707614],[-74.155738,40.707614],[-74.155738,40.707641]],[[-74.15581,40.707642],[-74.155846,40.707669],[-74.155846,40.707642],[-74.15581,40.707642]],[[-74.152718,40.705601],[-74.152754,40.705574],[-74.152718,40.705574],[-74.152718,40.705601]],[[-74.15294,40.704531],[-74.152904,40.704586],[-74.15294,40.704586],[-74.15294,40.704531]],[[-74.153882,40.703765],[-74.153846,40.703793],[-74.153882,40.703793],[-74.153882,40.703765]],[[-74.153919,40.703656],[-74.153955,40.703628],[-74.153919,40.703628],[-74.153919,40.703656]],[[-74.1589,40.695737],[-74.159009,40.695765],[-74.158973,40.69571],[-74.1589,40.695737]],[[-74.15876,40.695051],[-74.158796,40.694996],[-74.15876,40.694996],[-74.15876,40.695051]],[[-74.158796,40.694996],[-74.158832,40.694941],[-74.158796,40.694941],[-74.158796,40.694996]],[[-74.158832,40.694941],[-74.158869,40.694886],[-74.158833,40.694886],[-74.158832,40.694941]],[[-74.158869,40.694886],[-74.158905,40.694859],[-74.158869,40.694859],[-74.158869,40.694886]],[[-74.158508,40.694885],[-74.158544,40.694858],[-74.158508,40.694858],[-74.158508,40.694885]],[[-74.157783,40.695624],[-74.157747,40.695597],[-74.157747,40.695624],[-74.157783,40.695624]],[[-74.157747,40.695679],[-74.157711,40.695651],[-74.157711,40.695679],[-74.157747,40.695679]],[[-74.153714,40.701404],[-74.153677,40.701459],[-74.153713,40.701459],[-74.153714,40.701404]],[[-74.153459,40.70187],[-74.153423,40.701842],[-74.153423,40.70187],[-74.153459,40.70187]],[[-74.153423,40.701925],[-74.153387,40.701897],[-74.153386,40.701925],[-74.153423,40.701925]],[[-74.151176,40.703977],[-74.151212,40.703949],[-74.151176,40.703949],[-74.151176,40.703977]],[[-74.151032,40.703867],[-74.151068,40.703812],[-74.151032,40.703812],[-74.151032,40.703867]],[[-74.151068,40.703812],[-74.151105,40.703757],[-74.151068,40.703757],[-74.151068,40.703812]],[[-74.151105,40.703757],[-74.151141,40.703702],[-74.151105,40.703702],[-74.151105,40.703757]],[[-74.151141,40.703702],[-74.151177,40.703647],[-74.151141,40.703647],[-74.151141,40.703702]],[[-74.151177,40.703647],[-74.151214,40.703593],[-74.151178,40.703593],[-74.151177,40.703647]],[[-74.151214,40.703593],[-74.15125,40.703538],[-74.151214,40.703538],[-74.151214,40.703593]],[[-74.15125,40.703483],[-74.151395,40.703401],[-74.151395,40.703346],[-74.15125,40.703483]],[[-74.151395,40.703346],[-74.151432,40.703291],[-74.151396,40.703291],[-74.151395,40.703346]],[[-74.151432,40.703291],[-74.151468,40.703237],[-74.151432,40.703236],[-74.151432,40.703291]],[[-74.151468,40.703237],[-74.151504,40.703182],[-74.151468,40.703182],[-74.151468,40.703237]],[[-74.151504,40.703182],[-74.151541,40.703127],[-74.151505,40.703127],[-74.151504,40.703182]],[[-74.151541,40.703127],[-74.151577,40.703072],[-74.151541,40.703072],[-74.151541,40.703127]],[[-74.151577,40.703072],[-74.151613,40.703045],[-74.151577,40.703045],[-74.151577,40.703072]],[[-74.151025,40.705157],[-74.150989,40.705129],[-74.150989,40.705157],[-74.151025,40.705157]],[[-74.15088,40.705348],[-74.150844,40.705321],[-74.150844,40.705348],[-74.15088,40.705348]],[[-74.150807,40.705458],[-74.150771,40.70543],[-74.150771,40.705458],[-74.150807,40.705458]],[[-74.161276,40.68965],[-74.160804,40.690225],[-74.160912,40.690308],[-74.161238,40.689952],[-74.161276,40.68965]],[[-74.160768,40.69028],[-74.160368,40.690856],[-74.160439,40.690966],[-74.160911,40.690363],[-74.160768,40.69028]],[[-74.160476,40.690966],[-74.160511,40.690993],[-74.160512,40.690966],[-74.160476,40.690966]],[[-74.160948,40.690308],[-74.160984,40.690336],[-74.160984,40.690308],[-74.160948,40.690308]],[[-74.161746,40.689432],[-74.161709,40.689487],[-74.161745,40.689487],[-74.161746,40.689432]],[[-74.161709,40.689487],[-74.161673,40.689542],[-74.161709,40.689542],[-74.161709,40.689487]],[[-74.161673,40.689542],[-74.161636,40.689597],[-74.161673,40.689597],[-74.161673,40.689542]],[[-74.161636,40.689651],[-74.161564,40.689624],[-74.161564,40.689706],[-74.161636,40.689651]],[[-74.161564,40.689761],[-74.161492,40.689733],[-74.161491,40.689788],[-74.161564,40.689761]],[[-74.163006,40.689765],[-74.16297,40.689793],[-74.163006,40.689793],[-74.163006,40.689765]],[[-74.190883,40.689596],[-74.190847,40.689651],[-74.190883,40.689651],[-74.190883,40.689596]]],[[[-74.157447,40.697902],[-74.157119,40.69845],[-74.157011,40.698477],[-74.157447,40.697902]]],[[[-74.15375,40.701349],[-74.153786,40.701377],[-74.15375,40.701377],[-74.15375,40.701349]]],[[[-74.153635,40.702694],[-74.153707,40.702749],[-74.153635,40.702749],[-74.153635,40.702694]]],[[[-74.153919,40.703518],[-74.153991,40.703546],[-74.153919,40.703573],[-74.153919,40.703518]]],[[[-74.153882,40.703656],[-74.153846,40.70371],[-74.153846,40.703655],[-74.153882,40.703656]]],[[[-74.15305,40.704284],[-74.153086,40.70423],[-74.153086,40.704285],[-74.15305,40.704284]]],[[[-74.153013,40.704339],[-74.15305,40.704284],[-74.153049,40.704339],[-74.153013,40.704339]]],[[[-74.153085,40.704339],[-74.153049,40.704367],[-74.153049,40.704339],[-74.153085,40.704339]]],[[[-74.151065,40.704498],[-74.150993,40.704361],[-74.151137,40.704498],[-74.151065,40.704498]]],[[[-74.152217,40.704776],[-74.152253,40.704804],[-74.152217,40.704803],[-74.152217,40.704776]]],[[[-74.151782,40.705351],[-74.151675,40.705104],[-74.151892,40.704995],[-74.151963,40.705105],[-74.151782,40.705351]]],[[[-74.148714,40.705644],[-74.14875,40.705671],[-74.148714,40.705671],[-74.148714,40.705644]]],[[[-74.148822,40.705672],[-74.148786,40.705699],[-74.148786,40.705671],[-74.148822,40.705672]]],[[[-74.148858,40.705699],[-74.148894,40.705727],[-74.148858,40.705727],[-74.148858,40.705699]]],[[[-74.15142,40.70546],[-74.150912,40.706117],[-74.150552,40.706006],[-74.151349,40.705377],[-74.15142,40.70546]],[[-74.15113,40.705761],[-74.151094,40.705733],[-74.151094,40.705761],[-74.15113,40.705761]],[[-74.151384,40.70546],[-74.151348,40.705432],[-74.151348,40.70546],[-74.151384,40.70546]]],[[[-74.149002,40.705755],[-74.14893,40.705727],[-74.149002,40.705727],[-74.149002,40.705755]]],[[[-74.149002,40.705782],[-74.149074,40.705755],[-74.149074,40.705782],[-74.149002,40.705782]]],[[[-74.149074,40.70581],[-74.149146,40.705782],[-74.149146,40.70581],[-74.149074,40.70581]]],[[[-74.149218,40.705838],[-74.149146,40.70581],[-74.149218,40.70581],[-74.149218,40.705838]]],[[[-74.150084,40.705868],[-74.15012,40.70584],[-74.15012,40.705868],[-74.150084,40.705868]]],[[[-74.15048,40.705869],[-74.150192,40.705895],[-74.150192,40.705868],[-74.15048,40.705869]]],[[[-74.149542,40.706003],[-74.149218,40.705838],[-74.149722,40.706031],[-74.149542,40.706003]]],[[[-74.15329,40.706646],[-74.152028,40.706422],[-74.152248,40.705847],[-74.151597,40.706064],[-74.151961,40.705434],[-74.152574,40.705656],[-74.153255,40.706371],[-74.152822,40.70648],[-74.153218,40.706563],[-74.15329,40.706646]]],[[[-74.150262,40.706198],[-74.149974,40.706169],[-74.149722,40.706031],[-74.150262,40.706198]]],[[[-74.149684,40.706443],[-74.149612,40.706415],[-74.149684,40.706388],[-74.149684,40.706443]]],[[[-74.150442,40.706226],[-74.15073,40.706473],[-74.150404,40.70672],[-74.150225,40.706417],[-74.150442,40.706226]]],[[[-74.152929,40.706672],[-74.153109,40.706728],[-74.152929,40.706727],[-74.152929,40.706672]]],[[[-74.149935,40.706718],[-74.149971,40.706746],[-74.149935,40.706746],[-74.149935,40.706718]]],[[[-74.155881,40.707779],[-74.155917,40.707807],[-74.155881,40.707807],[-74.155881,40.707779]]],[[[-74.155989,40.707834],[-74.156025,40.707807],[-74.156025,40.707834],[-74.155989,40.707834]]],[[[-74.156206,40.707808],[-74.156097,40.707862],[-74.156061,40.707807],[-74.156206,40.707808]]],[[[-74.156925,40.708166],[-74.156889,40.708139],[-74.156925,40.708139],[-74.156925,40.708166]]],[[[-74.156023,40.708191],[-74.156059,40.708219],[-74.156023,40.708219],[-74.156023,40.708191]]],[[[-74.157032,40.708441],[-74.157068,40.708469],[-74.157032,40.708469],[-74.157032,40.708441]]],[[[-74.157104,40.708469],[-74.15714,40.708497],[-74.157104,40.708496],[-74.157104,40.708469]]],[[[-74.157176,40.708497],[-74.157212,40.708524],[-74.157176,40.708524],[-74.157176,40.708497]]],[[[-74.151113,40.709027],[-74.150789,40.708944],[-74.151259,40.708753],[-74.151113,40.709027]]],[[[-74.150176,40.708915],[-74.150175,40.709052],[-74.150103,40.709052],[-74.150176,40.708915]]],[[[-74.151076,40.70922],[-74.151112,40.709192],[-74.151112,40.70922],[-74.151076,40.70922]]],[[[-74.149885,40.709326],[-74.149849,40.709298],[-74.149885,40.709298],[-74.149885,40.709326]]],[[[-74.149849,40.709326],[-74.149813,40.709353],[-74.149813,40.709325],[-74.149849,40.709326]]],[[[-74.149595,40.709517],[-74.149631,40.709545],[-74.149595,40.709544],[-74.149595,40.709517]]],[[[-74.148654,40.710283],[-74.14869,40.710255],[-74.14869,40.710283],[-74.148654,40.710283]]],[[[-74.148654,40.710283],[-74.148617,40.71031],[-74.148617,40.710283],[-74.148654,40.710283]]],[[[-74.1484,40.710474],[-74.148364,40.710447],[-74.1484,40.710447],[-74.1484,40.710474]]],[[[-74.156199,40.70907],[-74.156852,40.708441],[-74.157392,40.708607],[-74.157534,40.708992],[-74.157318,40.708936],[-74.15721,40.708963],[-74.157603,40.709623],[-74.156013,40.710223],[-74.157056,40.710884],[-74.157052,40.711653],[-74.155348,40.713158],[-74.151244,40.711691],[-74.150018,40.711495],[-74.148543,40.710777],[-74.150173,40.709491],[-74.151473,40.709276],[-74.151726,40.709112],[-74.151618,40.709084],[-74.151257,40.709193],[-74.151148,40.709165],[-74.152197,40.708619],[-74.152558,40.708702],[-74.1544,40.708296],[-74.154039,40.708268],[-74.154256,40.708131],[-74.155411,40.708052],[-74.156167,40.708356],[-74.156021,40.708685],[-74.155804,40.708657],[-74.155984,40.708768],[-74.155875,40.708932],[-74.155767,40.708959],[-74.156199,40.70907]],[[-74.149085,40.710504],[-74.149193,40.710586],[-74.149157,40.710504],[-74.149085,40.710504]],[[-74.149085,40.710586],[-74.149049,40.710613],[-74.149085,40.710613],[-74.149085,40.710586]],[[-74.15613,40.708411],[-74.156022,40.708383],[-74.156022,40.708411],[-74.15613,40.708411]],[[-74.155804,40.708657],[-74.155732,40.70863],[-74.155732,40.708657],[-74.155804,40.708657]],[[-74.155875,40.708877],[-74.15584,40.70885],[-74.155839,40.708877],[-74.155875,40.708877]],[[-74.156199,40.70907],[-74.156235,40.709098],[-74.156235,40.70907],[-74.156199,40.70907]]],[[[-74.157149,40.713712],[-74.155673,40.713214],[-74.155709,40.713131],[-74.157158,40.711928],[-74.157302,40.712148],[-74.157987,40.712177],[-74.157149,40.713712]],[[-74.156933,40.713629],[-74.15697,40.713602],[-74.156933,40.713602],[-74.156933,40.713629]],[[-74.156933,40.713602],[-74.156897,40.713574],[-74.156897,40.713602],[-74.156933,40.713602]]],[[[-74.149456,40.715446],[-74.150113,40.714103],[-74.150221,40.714103],[-74.149855,40.715063],[-74.150683,40.71534],[-74.150682,40.715532],[-74.150321,40.715668],[-74.149456,40.715446]]],[[[-74.156994,40.715825],[-74.157103,40.715661],[-74.157066,40.715798],[-74.156994,40.715825]]],[[[-74.157247,40.715854],[-74.157139,40.715798],[-74.157211,40.715771],[-74.157247,40.715854]]],[[[-74.157103,40.715798],[-74.157066,40.715826],[-74.157066,40.715798],[-74.157103,40.715798]]],[[[-74.157138,40.715826],[-74.157102,40.715853],[-74.157102,40.715826],[-74.157138,40.715826]]],[[[-74.157174,40.715853],[-74.157138,40.715881],[-74.157138,40.715853],[-74.157174,40.715853]]],[[[-74.156921,40.715935],[-74.156994,40.715825],[-74.157102,40.715908],[-74.156921,40.715935]]],[[[-74.157102,40.715935],[-74.157174,40.715908],[-74.157174,40.715936],[-74.157102,40.715935]]],[[[-74.15703,40.715963],[-74.157102,40.715935],[-74.157102,40.715963],[-74.15703,40.715963]]],[[[-74.157101,40.716018],[-74.157065,40.71599],[-74.157102,40.71599],[-74.157101,40.716018]]],[[[-74.154275,40.718425],[-74.154964,40.717768],[-74.155145,40.717686],[-74.155215,40.718098],[-74.154275,40.718425]]],[[[-74.154491,40.718453],[-74.154455,40.71848],[-74.154455,40.718453],[-74.154491,40.718453]]],[[[-74.155185,40.71689],[-74.154095,40.718315],[-74.150296,40.720499],[-74.149718,40.72058],[-74.149536,40.720909],[-74.14874,40.721318],[-74.148236,40.721152],[-74.149212,40.720661],[-74.149468,40.720003],[-74.149792,40.720168],[-74.150303,40.719017],[-74.150737,40.718908],[-74.151173,40.718361],[-74.151352,40.718553],[-74.15106,40.719211],[-74.151676,40.718774],[-74.151859,40.718226],[-74.15222,40.718172],[-74.152471,40.718474],[-74.152472,40.718282],[-74.153159,40.717982],[-74.153233,40.717681],[-74.152837,40.717378],[-74.152333,40.717211],[-74.15208,40.717403],[-74.152225,40.717101],[-74.153127,40.717214],[-74.153563,40.716556],[-74.154177,40.716366],[-74.15479,40.716478],[-74.154932,40.71689],[-74.155185,40.71689]],[[-74.154932,40.71689],[-74.15486,40.716972],[-74.154932,40.716972],[-74.154932,40.71689]],[[-74.15486,40.716972],[-74.154824,40.716999],[-74.15486,40.716999],[-74.15486,40.716972]]],[[[-74.151702,40.720641],[-74.15286,40.719985],[-74.152971,40.719492],[-74.154346,40.718645],[-74.155354,40.719032],[-74.15582,40.71961],[-74.156111,40.719117],[-74.15568,40.718759],[-74.156654,40.718871],[-74.15658,40.719255],[-74.156976,40.719394],[-74.15683,40.719695],[-74.156326,40.719419],[-74.156072,40.719748],[-74.156323,40.720078],[-74.156033,40.720269],[-74.155964,40.71972],[-74.155639,40.719829],[-74.155063,40.719498],[-74.15499,40.719745],[-74.154593,40.719661],[-74.154663,40.720073],[-74.153798,40.720016],[-74.152642,40.720314],[-74.152316,40.720505],[-74.152422,40.720917],[-74.151702,40.720641]]],[[[-74.14928,40.721457],[-74.149208,40.721512],[-74.149208,40.721484],[-74.14928,40.721457]]],[[[-74.156381,40.771931],[-74.156417,40.771959],[-74.156381,40.771959],[-74.156381,40.771931]]],[[[-74.154456,40.774177],[-74.154492,40.774204],[-74.154455,40.774204],[-74.154456,40.774177]]],[[[-74.154419,40.774231],[-74.154455,40.774259],[-74.154419,40.774259],[-74.154419,40.774231]]],[[[-74.154347,40.774314],[-74.15431,40.774341],[-74.15431,40.774313],[-74.154347,40.774314]]],[[[-74.154238,40.774423],[-74.154201,40.77445],[-74.154202,40.774423],[-74.154238,40.774423]]],[[[-74.15402,40.774669],[-74.154056,40.774642],[-74.154056,40.77467],[-74.15402,40.774669]]],[[[-74.153694,40.774888],[-74.15373,40.774916],[-74.153693,40.774915],[-74.153694,40.774888]]],[[[-74.153657,40.774915],[-74.153693,40.774943],[-74.153657,40.774943],[-74.153657,40.774915]]],[[[-74.153621,40.774998],[-74.153585,40.775025],[-74.153585,40.774997],[-74.153621,40.774998]]],[[[-74.153042,40.775215],[-74.153006,40.775243],[-74.153006,40.775215],[-74.153042,40.775215]]],[[[-74.151046,40.777158],[-74.15083,40.777075],[-74.151083,40.776911],[-74.151046,40.777158]]],[[[-74.150145,40.776799],[-74.150613,40.77713],[-74.149451,40.778334],[-74.148829,40.779752],[-74.148329,40.779601],[-74.148503,40.77874],[-74.149041,40.777987],[-74.150145,40.776799]]],[[[-74.15341,40.780816],[-74.14919,40.779866],[-74.149812,40.77828],[-74.150721,40.777185],[-74.151619,40.778039],[-74.151436,40.77856],[-74.151907,40.778286],[-74.151503,40.779411],[-74.151755,40.779658],[-74.151321,40.779822],[-74.151211,40.780151],[-74.152078,40.780099],[-74.15341,40.780816]]],[[[-74.149082,40.779705],[-74.149011,40.779623],[-74.149083,40.779595],[-74.149082,40.779705]]],[[[-74.15341,40.780836],[-74.154384,40.781066],[-74.154419,40.781204],[-74.15341,40.780836]]],[[[-74.141815,40.707325],[-74.141852,40.707297],[-74.141852,40.707325],[-74.141815,40.707325]]],[[[-74.148364,40.710474],[-74.148328,40.710501],[-74.148328,40.710474],[-74.148364,40.710474]]],[[[-74.148328,40.710501],[-74.148292,40.710529],[-74.148292,40.710501],[-74.148328,40.710501]]],[[[-74.13949,40.710447],[-74.139526,40.710474],[-74.13949,40.710474],[-74.13949,40.710447]]],[[[-74.139526,40.710474],[-74.139562,40.710502],[-74.139526,40.710502],[-74.139526,40.710474]]],[[[-74.139562,40.710502],[-74.139598,40.710529],[-74.139562,40.710529],[-74.139562,40.710502]]],[[[-74.139598,40.710529],[-74.139634,40.710557],[-74.139598,40.710557],[-74.139598,40.710529]]],[[[-74.13967,40.710557],[-74.139634,40.710584],[-74.139634,40.710557],[-74.13967,40.710557]]],[[[-74.144247,40.711312],[-74.144283,40.71134],[-74.144247,40.71134],[-74.144247,40.711312]]],[[[-74.13795,40.715136],[-74.137986,40.715108],[-74.137986,40.715136],[-74.13795,40.715136]]],[[[-74.137697,40.715162],[-74.137552,40.715217],[-74.137806,40.715053],[-74.137697,40.715162]]],[[[-74.13795,40.715136],[-74.137913,40.715163],[-74.137913,40.715136],[-74.13795,40.715136]]],[[[-74.137552,40.715244],[-74.137516,40.715217],[-74.137552,40.715217],[-74.137552,40.715244]]],[[[-74.137516,40.715272],[-74.13748,40.715244],[-74.137516,40.715244],[-74.137516,40.715272]]],[[[-74.137913,40.715163],[-74.137659,40.715409],[-74.137551,40.715409],[-74.137913,40.715163]]],[[[-74.13748,40.715272],[-74.137444,40.715299],[-74.137444,40.715271],[-74.13748,40.715272]]],[[[-74.137444,40.715299],[-74.137407,40.715326],[-74.137407,40.715299],[-74.137444,40.715299]]],[[[-74.137407,40.715354],[-74.137371,40.715326],[-74.137407,40.715326],[-74.137407,40.715354]]],[[[-74.147803,40.721123],[-74.147802,40.721205],[-74.14773,40.721178],[-74.147694,40.721232],[-74.147658,40.721232],[-74.147658,40.72126],[-74.147405,40.721286],[-74.145991,40.7226],[-74.145487,40.722461],[-74.145016,40.722734],[-74.14505,40.723228],[-74.142192,40.724564],[-74.142335,40.724784],[-74.141615,40.72448],[-74.141871,40.72396],[-74.140501,40.723763],[-74.139998,40.723213],[-74.139193,40.725296],[-74.138507,40.725404],[-74.138364,40.725184],[-74.138325,40.725788],[-74.137819,40.725951],[-74.137606,40.725346],[-74.137136,40.7254],[-74.13714,40.724713],[-74.136631,40.725343],[-74.136233,40.725561],[-74.137359,40.724193],[-74.137214,40.724274],[-74.138016,40.722822],[-74.137691,40.722958],[-74.137037,40.723725],[-74.137107,40.724054],[-74.13671,40.724218],[-74.137034,40.724329],[-74.13642,40.724409],[-74.136893,40.723697],[-74.136821,40.723669],[-74.136821,40.723697],[-74.136785,40.723697],[-74.136784,40.723724],[-74.136748,40.723724],[-74.136748,40.723751],[-74.136712,40.723751],[-74.136712,40.723806],[-74.136567,40.723833],[-74.136567,40.723888],[-74.136423,40.72386],[-74.138055,40.722218],[-74.138166,40.721752],[-74.138347,40.721698],[-74.138965,40.720821],[-74.139291,40.72063],[-74.139583,40.719917],[-74.139404,40.71967],[-74.139731,40.719231],[-74.13977,40.718792],[-74.139266,40.718489],[-74.139052,40.717994],[-74.139849,40.717448],[-74.139489,40.717309],[-74.139456,40.716788],[-74.138591,40.716675],[-74.138845,40.716237],[-74.138486,40.716071],[-74.138411,40.71651],[-74.138088,40.716152],[-74.139864,40.71473],[-74.141347,40.713993],[-74.140224,40.714731],[-74.141342,40.714899],[-74.141736,40.715422],[-74.141372,40.716052],[-74.142596,40.716413],[-74.144014,40.714414],[-74.143475,40.714082],[-74.144016,40.714029],[-74.144889,40.712797],[-74.146697,40.711841],[-74.147237,40.7122],[-74.148426,40.712368],[-74.150945,40.713639],[-74.148243,40.712834],[-74.146469,40.714092],[-74.146069,40.714749],[-74.148193,40.715552],[-74.14783,40.715908],[-74.147755,40.716456],[-74.148191,40.715964],[-74.147863,40.716539],[-74.149663,40.717341],[-74.150381,40.717919],[-74.14969,40.719097],[-74.148857,40.719534],[-74.148389,40.719505],[-74.148564,40.720384],[-74.148201,40.720877],[-74.147912,40.721014],[-74.147911,40.721041],[-74.147875,40.721041],[-74.147875,40.721068],[-74.147839,40.721068],[-74.147839,40.721096],[-74.147803,40.721096],[-74.147803,40.721123]],[[-74.137176,40.724713],[-74.137212,40.724659],[-74.137176,40.724659],[-74.137176,40.724713]],[[-74.137212,40.724659],[-74.137249,40.724604],[-74.137213,40.724604],[-74.137212,40.724659]],[[-74.137249,40.724604],[-74.137285,40.724549],[-74.137249,40.724549],[-74.137249,40.724604]],[[-74.137285,40.724549],[-74.137321,40.724494],[-74.137285,40.724494],[-74.137285,40.724549]],[[-74.137322,40.724439],[-74.137394,40.724467],[-74.137394,40.724412],[-74.137322,40.724439]],[[-74.137394,40.724412],[-74.13743,40.724357],[-74.137394,40.724357],[-74.137394,40.724412]],[[-74.13743,40.724357],[-74.137467,40.724303],[-74.137431,40.724303],[-74.13743,40.724357]],[[-74.137467,40.724303],[-74.137503,40.724248],[-74.137467,40.724248],[-74.137467,40.724303]],[[-74.137503,40.724248],[-74.13754,40.724193],[-74.137504,40.724193],[-74.137503,40.724248]],[[-74.13754,40.724193],[-74.137576,40.724138],[-74.13754,40.724138],[-74.13754,40.724193]],[[-74.137576,40.724083],[-74.137648,40.724111],[-74.137649,40.724029],[-74.137576,40.724083]],[[-74.137649,40.723974],[-74.137757,40.723947],[-74.137758,40.723892],[-74.137649,40.723974]],[[-74.137758,40.723892],[-74.137794,40.723837],[-74.137758,40.723837],[-74.137758,40.723892]],[[-74.137794,40.723837],[-74.13783,40.723782],[-74.137794,40.723782],[-74.137794,40.723837]],[[-74.13783,40.723782],[-74.137867,40.723727],[-74.137831,40.723727],[-74.13783,40.723782]],[[-74.137867,40.723727],[-74.137903,40.723673],[-74.137867,40.723673],[-74.137867,40.723727]],[[-74.137903,40.723673],[-74.13794,40.723618],[-74.137904,40.723618],[-74.137903,40.723673]],[[-74.13794,40.723618],[-74.137976,40.723563],[-74.13794,40.723563],[-74.13794,40.723618]],[[-74.137976,40.723563],[-74.138012,40.723508],[-74.137976,40.723508],[-74.137976,40.723563]],[[-74.138012,40.723508],[-74.138049,40.723481],[-74.138013,40.723481],[-74.138012,40.723508]],[[-74.138049,40.723399],[-74.138121,40.723426],[-74.138121,40.723371],[-74.138049,40.723399]],[[-74.138121,40.723371],[-74.138158,40.723317],[-74.138122,40.723316],[-74.138121,40.723371]],[[-74.138158,40.723317],[-74.138194,40.723262],[-74.138158,40.723262],[-74.138158,40.723317]],[[-74.138194,40.723262],[-74.13823,40.723207],[-74.138194,40.723207],[-74.138194,40.723262]],[[-74.13823,40.723207],[-74.138267,40.723152],[-74.138231,40.723152],[-74.13823,40.723207]],[[-74.138267,40.723152],[-74.138303,40.723097],[-74.138267,40.723097],[-74.138267,40.723152]],[[-74.138303,40.723097],[-74.13834,40.723043],[-74.138304,40.723043],[-74.138303,40.723097]],[[-74.13834,40.723043],[-74.138376,40.722988],[-74.13834,40.722988],[-74.13834,40.723043]],[[-74.13736,40.724138],[-74.137396,40.724083],[-74.13736,40.724083],[-74.13736,40.724138]],[[-74.137396,40.724083],[-74.137432,40.724028],[-74.137396,40.724028],[-74.137396,40.724083]],[[-74.137432,40.724028],[-74.137469,40.724001],[-74.137432,40.724001],[-74.137432,40.724028]],[[-74.137944,40.722822],[-74.137908,40.722794],[-74.137908,40.722822],[-74.137944,40.722822]],[[-74.137944,40.722739],[-74.138088,40.722795],[-74.138161,40.722685],[-74.137944,40.722739]],[[-74.138161,40.722713],[-74.138197,40.722768],[-74.138197,40.722713],[-74.138161,40.722713]],[[-74.138197,40.722713],[-74.138234,40.722631],[-74.138198,40.72263],[-74.138197,40.722713]],[[-74.137908,40.722822],[-74.137872,40.722849],[-74.137908,40.722849],[-74.137908,40.722822]],[[-74.136713,40.723614],[-74.136749,40.723642],[-74.136749,40.723614],[-74.136713,40.723614]],[[-74.138892,40.720986],[-74.138928,40.721013],[-74.138928,40.720986],[-74.138892,40.720986]],[[-74.139001,40.720904],[-74.139037,40.720876],[-74.139001,40.720876],[-74.139001,40.720904]],[[-74.139998,40.723198],[-74.139999,40.723103],[-74.139999,40.723103],[-74.139998,40.723198]],[[-74.140108,40.722938],[-74.140072,40.722966],[-74.140108,40.722966],[-74.140108,40.722938]],[[-74.141979,40.723932],[-74.142774,40.72366],[-74.142631,40.72344],[-74.142161,40.723576],[-74.142418,40.722808],[-74.142239,40.722506],[-74.141623,40.723053],[-74.140614,40.722803],[-74.140793,40.723023],[-74.140144,40.722993],[-74.140322,40.723351],[-74.140973,40.723106],[-74.141837,40.723438],[-74.141979,40.723932]]],[[[-74.138965,40.720794],[-74.139001,40.720766],[-74.139001,40.720794],[-74.138965,40.720794]]],[[[-74.138965,40.720821],[-74.138929,40.720794],[-74.138965,40.720794],[-74.138965,40.720821]]],[[[-74.13882,40.720985],[-74.138784,40.720958],[-74.13882,40.720958],[-74.13882,40.720985]]],[[[-74.147947,40.721069],[-74.147911,40.721041],[-74.147948,40.721041],[-74.147947,40.721069]]],[[[-74.147911,40.721096],[-74.147875,40.721068],[-74.147911,40.721068],[-74.147911,40.721096]]],[[[-74.147875,40.721096],[-74.147839,40.721123],[-74.147839,40.721096],[-74.147875,40.721096]]],[[[-74.138675,40.721012],[-74.138711,40.721095],[-74.138675,40.721095],[-74.138675,40.721012]]],[[[-74.147766,40.721205],[-74.14773,40.721233],[-74.14773,40.721205],[-74.147766,40.721205]]],[[[-74.14773,40.72126],[-74.147694,40.721232],[-74.14773,40.721233],[-74.14773,40.72126]]],[[[-74.147694,40.721287],[-74.147658,40.72126],[-74.147694,40.72126],[-74.147694,40.721287]]],[[[-74.13842,40.721451],[-74.138384,40.721423],[-74.138421,40.721423],[-74.13842,40.721451]]],[[[-74.138093,40.721889],[-74.138057,40.721861],[-74.138093,40.721862],[-74.138093,40.721889]]],[[[-74.137949,40.721834],[-74.138021,40.721889],[-74.137949,40.721916],[-74.137949,40.721834]]],[[[-74.138057,40.721944],[-74.137985,40.721971],[-74.138057,40.721889],[-74.138057,40.721944]]],[[[-74.137876,40.721998],[-74.137912,40.721971],[-74.137912,40.721998],[-74.137876,40.721998]]],[[[-74.137912,40.722053],[-74.137948,40.721998],[-74.137948,40.722053],[-74.137912,40.722053]]],[[[-74.137839,40.722135],[-74.137876,40.722108],[-74.137876,40.722135],[-74.137839,40.722135]]],[[[-74.137803,40.722135],[-74.137839,40.722163],[-74.137803,40.722163],[-74.137803,40.722135]]],[[[-74.137803,40.722217],[-74.137767,40.722162],[-74.137803,40.722163],[-74.137803,40.722217]]],[[[-74.13773,40.722382],[-74.137694,40.722327],[-74.137802,40.722382],[-74.13773,40.722382]]],[[[-74.138089,40.722767],[-74.138053,40.72274],[-74.138089,40.72274],[-74.138089,40.722767]]],[[[-74.137731,40.722162],[-74.136461,40.723531],[-74.13646,40.723641],[-74.136243,40.72375],[-74.137876,40.721998],[-74.137876,40.722053],[-74.137804,40.72208],[-74.137803,40.722135],[-74.137731,40.722162]]],[[[-74.137871,40.722959],[-74.137907,40.722932],[-74.137907,40.722959],[-74.137871,40.722959]]],[[[-74.136823,40.72334],[-74.136823,40.723312],[-74.136859,40.723313],[-74.136859,40.72334],[-74.136823,40.72334]]],[[[-74.136895,40.723368],[-74.136859,40.72334],[-74.136895,40.72334],[-74.136895,40.723368]]],[[[-74.136606,40.723422],[-74.136642,40.723449],[-74.136606,40.723449],[-74.136606,40.723422]]],[[[-74.136857,40.723724],[-74.136821,40.723697],[-74.136857,40.723697],[-74.136857,40.723724]]],[[[-74.137109,40.723725],[-74.137073,40.723752],[-74.137073,40.723725],[-74.137109,40.723725]]],[[[-74.137145,40.723753],[-74.137109,40.72378],[-74.137109,40.723753],[-74.137145,40.723753]]],[[[-74.137145,40.72378],[-74.137181,40.723808],[-74.137145,40.723808],[-74.137145,40.72378]]],[[[-74.137144,40.72389],[-74.137073,40.723807],[-74.137217,40.72389],[-74.137144,40.72389]]],[[[-74.136206,40.723859],[-74.136243,40.723832],[-74.136243,40.72386],[-74.136206,40.723859]]],[[[-74.136062,40.723914],[-74.136207,40.723777],[-74.136207,40.723832],[-74.136171,40.723832],[-74.13617,40.723859],[-74.136134,40.723859],[-74.136134,40.723887],[-74.136098,40.723887],[-74.136098,40.723914],[-74.136062,40.723914]]],[[[-74.136206,40.723887],[-74.13617,40.723859],[-74.136206,40.723859],[-74.136206,40.723887]]],[[[-74.136134,40.723887],[-74.13617,40.723914],[-74.136134,40.723914],[-74.136134,40.723887]]],[[[-74.135989,40.724051],[-74.136025,40.724079],[-74.135989,40.724078],[-74.135989,40.724051]]],[[[-74.136962,40.724164],[-74.136998,40.724191],[-74.136962,40.724191],[-74.136962,40.724164]]],[[[-74.136818,40.724191],[-74.136782,40.724218],[-74.136782,40.724191],[-74.136818,40.724191]]],[[[-74.137034,40.724356],[-74.137178,40.724384],[-74.136996,40.724576],[-74.137034,40.724356]]],[[[-74.13696,40.724603],[-74.136996,40.724576],[-74.136996,40.724603],[-74.13696,40.724603]]],[[[-74.136924,40.724658],[-74.13696,40.724603],[-74.13696,40.724658],[-74.136924,40.724658]]],[[[-74.136923,40.724713],[-74.136851,40.72474],[-74.136924,40.724658],[-74.136923,40.724713]]],[[[-74.136851,40.724767],[-74.136815,40.72474],[-74.136851,40.72474],[-74.136851,40.724767]]],[[[-74.136742,40.724877],[-74.136778,40.724849],[-74.136778,40.724877],[-74.136742,40.724877]]],[[[-74.136742,40.724877],[-74.136706,40.724904],[-74.136706,40.724877],[-74.136742,40.724877]]],[[[-74.136597,40.725041],[-74.13667,40.724959],[-74.136633,40.725041],[-74.136597,40.725041]]],[[[-74.14167,40.727692],[-74.141237,40.727801],[-74.141563,40.727472],[-74.141276,40.727252],[-74.141458,40.726841],[-74.141279,40.72662],[-74.140954,40.726757],[-74.141535,40.725907],[-74.14215,40.725772],[-74.14273,40.72517],[-74.144465,40.724544],[-74.144901,40.723941],[-74.146781,40.723398],[-74.145802,40.724136],[-74.146053,40.724467],[-74.146885,40.72414],[-74.146124,40.724796],[-74.146554,40.725292],[-74.14648,40.725648],[-74.145689,40.725042],[-74.145219,40.725287],[-74.145362,40.725535],[-74.144605,40.725478],[-74.144638,40.725999],[-74.14417,40.725833],[-74.143952,40.725997],[-74.144058,40.726492],[-74.144704,40.727207],[-74.144271,40.727206],[-74.14402,40.726876],[-74.143406,40.726929],[-74.142644,40.727723],[-74.142678,40.72808],[-74.14167,40.727692]]],[[[-74.135954,40.730419],[-74.13599,40.730392],[-74.13599,40.730419],[-74.135954,40.730419]]],[[[-74.136026,40.730529],[-74.136062,40.730502],[-74.136062,40.730529],[-74.136026,40.730529]]],[[[-74.136133,40.730639],[-74.136097,40.730612],[-74.136134,40.730612],[-74.136133,40.730639]]],[[[-74.137031,40.731438],[-74.136065,40.730035],[-74.136675,40.730531],[-74.137,40.730477],[-74.136929,40.730258],[-74.137723,40.730288],[-74.137323,40.730808],[-74.136782,40.730834],[-74.13707,40.730972],[-74.137031,40.731438]]],[[[-74.136312,40.730997],[-74.136348,40.73097],[-74.136348,40.730997],[-74.136312,40.730997]]],[[[-74.136348,40.731024],[-74.136384,40.731052],[-74.136348,40.731052],[-74.136348,40.731024]]],[[[-74.136598,40.731492],[-74.136634,40.731465],[-74.136634,40.731492],[-74.136598,40.731492]]],[[[-74.136706,40.731602],[-74.13667,40.731574],[-74.136706,40.731575],[-74.136706,40.731602]]],[[[-74.136812,40.731849],[-74.136849,40.731822],[-74.136849,40.731849],[-74.136812,40.731849]]],[[[-74.136776,40.731849],[-74.136812,40.731877],[-74.136776,40.731877],[-74.136776,40.731849]]],[[[-74.163141,40.734592],[-74.16238,40.735248],[-74.161401,40.735822],[-74.160184,40.73481],[-74.158448,40.734014],[-74.15732,40.733745],[-74.155351,40.733699],[-74.155354,40.733087],[-74.155101,40.733113],[-74.15517,40.733696],[-74.14854,40.733908],[-74.147363,40.734175],[-74.145864,40.735025],[-74.142001,40.73941],[-74.139754,40.740681],[-74.135339,40.741671],[-74.128166,40.742211],[-74.123114,40.742143],[-74.123886,40.739686],[-74.124154,40.736942],[-74.124737,40.735983],[-74.124953,40.736011],[-74.124806,40.736505],[-74.125563,40.736645],[-74.126249,40.736565],[-74.126434,40.735742],[-74.12676,40.735551],[-74.128347,40.73572],[-74.128956,40.736491],[-74.129462,40.736438],[-74.129608,40.736081],[-74.130584,40.735755],[-74.131559,40.735703],[-74.131304,40.736087],[-74.13116,40.736114],[-74.13152,40.736225],[-74.132496,40.735926],[-74.132571,40.735404],[-74.132971,40.734774],[-74.132324,40.734306],[-74.131097,40.734466],[-74.131095,40.734741],[-74.130842,40.734795],[-74.129687,40.734819],[-74.129436,40.734653],[-74.129218,40.734817],[-74.128317,40.73454],[-74.127919,40.734813],[-74.128062,40.735061],[-74.126908,40.73492],[-74.12568,40.735108],[-74.125645,40.73497],[-74.127383,40.733878],[-74.128069,40.733825],[-74.128867,40.733004],[-74.133318,40.730713],[-74.135347,40.729347],[-74.135633,40.729759],[-74.135596,40.729869],[-74.135704,40.729897],[-74.135812,40.730062],[-74.135775,40.730172],[-74.135847,40.730282],[-74.135955,40.730309],[-74.135918,40.730419],[-74.136026,40.730557],[-74.136098,40.73053],[-74.136061,40.730639],[-74.136205,40.730667],[-74.136313,40.730887],[-74.136276,40.730997],[-74.136347,40.731107],[-74.13642,40.73108],[-74.136491,40.731244],[-74.136671,40.731272],[-74.136562,40.731409],[-74.136633,40.731602],[-74.136669,40.731629],[-74.13685,40.731602],[-74.136813,40.731794],[-74.136777,40.731794],[-74.136776,40.731849],[-74.13674,40.731849],[-74.13674,40.731904],[-74.136668,40.731904],[-74.136453,40.731546],[-74.135805,40.731297],[-74.135729,40.731956],[-74.136414,40.732178],[-74.136413,40.73237],[-74.135907,40.73245],[-74.13641,40.732809],[-74.136336,40.733248],[-74.13702,40.733415],[-74.137011,40.735226],[-74.137119,40.735199],[-74.137262,40.735364],[-74.137652,40.736656],[-74.13787,40.736437],[-74.137477,40.735667],[-74.138165,40.735285],[-74.138886,40.73537],[-74.139935,40.734988],[-74.140329,40.735511],[-74.141665,40.735323],[-74.141595,40.734994],[-74.140693,40.734936],[-74.140875,40.734662],[-74.140334,40.734578],[-74.140299,40.734413],[-74.140768,40.734415],[-74.140661,40.734112],[-74.1403,40.734248],[-74.139615,40.734027],[-74.138784,40.734354],[-74.138242,40.734324],[-74.137769,40.735119],[-74.137267,40.734623],[-74.137234,40.733909],[-74.138318,40.733721],[-74.137599,40.733252],[-74.139257,40.733532],[-74.139292,40.733806],[-74.139725,40.733807],[-74.139799,40.733506],[-74.140051,40.733479],[-74.14023,40.733754],[-74.140562,40.732547],[-74.141029,40.732906],[-74.141349,40.733675],[-74.141858,40.733073],[-74.142036,40.733568],[-74.14355,40.733764],[-74.142503,40.733981],[-74.142934,40.734312],[-74.142428,40.734502],[-74.142604,40.735189],[-74.143579,40.73511],[-74.143544,40.734917],[-74.144193,40.735111],[-74.145099,40.734291],[-74.14651,40.733581],[-74.148643,40.732957],[-74.150231,40.732852],[-74.153008,40.73308],[-74.153478,40.733054],[-74.153478,40.732889],[-74.155318,40.733004],[-74.155788,40.732841],[-74.154345,40.732864],[-74.154237,40.732644],[-74.154637,40.732179],[-74.154421,40.731958],[-74.154276,40.732205],[-74.15406,40.732122],[-74.153918,40.7316],[-74.154533,40.731327],[-74.154463,40.730915],[-74.154826,40.730532],[-74.154138,40.730914],[-74.154209,40.731162],[-74.15374,40.731215],[-74.154178,40.730146],[-74.153566,40.729979],[-74.152952,40.730115],[-74.152846,40.729593],[-74.15216,40.729701],[-74.152126,40.729234],[-74.152598,40.728741],[-74.152669,40.728988],[-74.152993,40.729072],[-74.152886,40.728934],[-74.153465,40.728579],[-74.153322,40.728277],[-74.153936,40.728141],[-74.153974,40.727839],[-74.15437,40.727978],[-74.154949,40.727678],[-74.154879,40.727128],[-74.155348,40.727322],[-74.155493,40.727021],[-74.155278,40.726828],[-74.155819,40.726857],[-74.155786,40.72628],[-74.156219,40.726282],[-74.156329,40.725952],[-74.156653,40.725981],[-74.156546,40.725788],[-74.156907,40.725817],[-74.157053,40.725461],[-74.156838,40.725103],[-74.157488,40.725077],[-74.157883,40.725518],[-74.157341,40.725571],[-74.157303,40.725955],[-74.158493,40.726151],[-74.158819,40.72585],[-74.158853,40.726289],[-74.159248,40.72662],[-74.158634,40.726646],[-74.158741,40.72692],[-74.158309,40.726864],[-74.158487,40.727249],[-74.158054,40.727303],[-74.157688,40.728317],[-74.158084,40.728456],[-74.158338,40.728237],[-74.158227,40.728758],[-74.158369,40.729088],[-74.158802,40.729199],[-74.158621,40.729308],[-74.1588,40.729501],[-74.157899,40.729333],[-74.158006,40.729526],[-74.157645,40.729607],[-74.157354,40.730018],[-74.157715,40.730074],[-74.157969,40.729855],[-74.158076,40.730103],[-74.157132,40.731061],[-74.157385,40.731144],[-74.157275,40.731363],[-74.156697,40.731553],[-74.156693,40.73224],[-74.156044,40.73221],[-74.155754,40.732429],[-74.156691,40.732734],[-74.15651,40.732816],[-74.158567,40.732849],[-74.160081,40.733156],[-74.160405,40.733349],[-74.16051,40.733843],[-74.161124,40.733845],[-74.162274,40.734782],[-74.163142,40.734345],[-74.163141,40.734592]],[[-74.162598,40.734975],[-74.162562,40.734947],[-74.162561,40.734974],[-74.162598,40.734975]],[[-74.131486,40.735785],[-74.13145,40.735758],[-74.13145,40.735785],[-74.131486,40.735785]],[[-74.131378,40.73584],[-74.131306,40.735812],[-74.131305,40.73584],[-74.131378,40.73584]],[[-74.131378,40.735812],[-74.131414,40.735785],[-74.131378,40.735785],[-74.131378,40.735812]],[[-74.131305,40.73584],[-74.131233,40.735867],[-74.131305,40.735867],[-74.131305,40.73584]],[[-74.131233,40.735867],[-74.131197,40.735894],[-74.131233,40.735894],[-74.131233,40.735867]],[[-74.131269,40.735949],[-74.131233,40.735977],[-74.131269,40.735977],[-74.131269,40.735949]],[[-74.132789,40.735213],[-74.132825,40.735186],[-74.132789,40.735186],[-74.132789,40.735213]],[[-74.132825,40.735186],[-74.132897,40.735158],[-74.132825,40.735158],[-74.132825,40.735186]],[[-74.132897,40.735158],[-74.132933,40.735131],[-74.132897,40.735131],[-74.132897,40.735158]],[[-74.135454,40.729539],[-74.135418,40.729567],[-74.135454,40.729567],[-74.135454,40.729539]],[[-74.135525,40.729649],[-74.135489,40.729677],[-74.135525,40.729677],[-74.135525,40.729649]],[[-74.135561,40.729704],[-74.135525,40.729732],[-74.135561,40.729732],[-74.135561,40.729704]],[[-74.135597,40.729759],[-74.135561,40.729787],[-74.135597,40.729787],[-74.135597,40.729759]],[[-74.135704,40.729952],[-74.135668,40.729979],[-74.135704,40.729979],[-74.135704,40.729952]],[[-74.13574,40.730007],[-74.135704,40.730034],[-74.13574,40.730034],[-74.13574,40.730007]],[[-74.135776,40.730062],[-74.13574,40.730089],[-74.135776,40.730089],[-74.135776,40.730062]],[[-74.135919,40.730309],[-74.135882,40.730337],[-74.135919,40.730337],[-74.135919,40.730309]],[[-74.136205,40.730777],[-74.136169,40.730804],[-74.136205,40.730804],[-74.136205,40.730777]],[[-74.136276,40.730887],[-74.13624,40.730914],[-74.136276,40.730914],[-74.136276,40.730887]],[[-74.136419,40.731134],[-74.136383,40.731162],[-74.136419,40.731162],[-74.136419,40.731134]],[[-74.136455,40.731189],[-74.136419,40.731217],[-74.136455,40.731217],[-74.136455,40.731189]],[[-74.136491,40.731244],[-74.136455,40.731272],[-74.136491,40.731272],[-74.136491,40.731244]],[[-74.136562,40.731409],[-74.136526,40.731382],[-74.136526,40.731409],[-74.136562,40.731409]],[[-74.136633,40.731602],[-74.136597,40.731657],[-74.136633,40.731657],[-74.136633,40.731602]],[[-74.136597,40.731602],[-74.136561,40.731574],[-74.136561,40.731602],[-74.136597,40.731602]],[[-74.137119,40.735254],[-74.137082,40.735281],[-74.137119,40.735282],[-74.137119,40.735254]],[[-74.140768,40.734415],[-74.140804,40.734442],[-74.140804,40.734415],[-74.140768,40.734415]],[[-74.155788,40.732786],[-74.155932,40.732841],[-74.156221,40.732815],[-74.155788,40.732786]],[[-74.16296,40.734701],[-74.162924,40.734674],[-74.162924,40.734701],[-74.16296,40.734701]]],[[[-74.137618,40.736409],[-74.13769,40.736354],[-74.13769,40.736436],[-74.137618,40.736409]]],[[[-74.124891,40.702028],[-74.124964,40.702001],[-74.124963,40.702028],[-74.124891,40.702028]]],[[[-74.124963,40.702028],[-74.124999,40.702056],[-74.124963,40.702055],[-74.124963,40.702028]]],[[[-74.124999,40.702056],[-74.125035,40.702083],[-74.124999,40.702083],[-74.124999,40.702056]]],[[[-74.150079,40.706719],[-74.150149,40.707185],[-74.14964,40.707898],[-74.149387,40.707924],[-74.149202,40.708802],[-74.147789,40.709978],[-74.145944,40.711016],[-74.145873,40.710851],[-74.146813,40.710359],[-74.146779,40.710085],[-74.142422,40.708479],[-74.142459,40.708315],[-74.143217,40.70829],[-74.143793,40.708538],[-74.141888,40.707297],[-74.144335,40.708403],[-74.144121,40.707826],[-74.143511,40.707357],[-74.14373,40.706727],[-74.140093,40.70559],[-74.13779,40.704622],[-74.137318,40.705279],[-74.13667,40.70503],[-74.136128,40.705221],[-74.135263,40.704943],[-74.136828,40.702423],[-74.136288,40.702284],[-74.136578,40.702038],[-74.135856,40.702063],[-74.135893,40.701843],[-74.136254,40.70179],[-74.136148,40.701405],[-74.134636,40.700934],[-74.134129,40.701234],[-74.13424,40.700795],[-74.133665,40.700409],[-74.130208,40.699327],[-74.127723,40.698688],[-74.127325,40.699016],[-74.126712,40.698877],[-74.127,40.699015],[-74.126745,40.699536],[-74.129048,40.700394],[-74.12861,40.701381],[-74.135055,40.70346],[-74.13556,40.703434],[-74.136286,40.702586],[-74.135412,40.704093],[-74.134835,40.704091],[-74.134909,40.703734],[-74.134656,40.703871],[-74.134154,40.703348],[-74.133397,40.703263],[-74.13167,40.702461],[-74.128465,40.701518],[-74.128832,40.700448],[-74.126887,40.699866],[-74.125982,40.700439],[-74.125009,40.700326],[-74.123674,40.700514],[-74.123422,40.700294],[-74.12252,40.700483],[-74.116046,40.697297],[-74.117536,40.695169],[-74.132623,40.699774],[-74.132802,40.699994],[-74.133091,40.699913],[-74.139464,40.701882],[-74.13903,40.702128],[-74.137877,40.701795],[-74.137045,40.702369],[-74.136535,40.703218],[-74.137467,40.704374],[-74.139051,40.7049],[-74.139413,40.704682],[-74.140132,40.705178],[-74.141179,40.705017],[-74.14179,40.705321],[-74.142183,40.706008],[-74.143551,40.706506],[-74.14413,40.706289],[-74.145112,40.704645],[-74.143853,40.704009],[-74.142519,40.703923],[-74.141838,40.703097],[-74.13957,40.702322],[-74.139608,40.701937],[-74.143352,40.703294],[-74.146877,40.705117],[-74.149541,40.706195],[-74.149864,40.706416],[-74.149972,40.706554],[-74.150007,40.706691],[-74.149935,40.706663],[-74.149935,40.706718],[-74.149899,40.706718],[-74.149934,40.7068],[-74.150079,40.706719]],[[-74.149677,40.707788],[-74.149641,40.70776],[-74.149641,40.707788],[-74.149677,40.707788]],[[-74.144335,40.708403],[-74.144371,40.70843],[-74.144371,40.708403],[-74.144335,40.708403]],[[-74.144229,40.708018],[-74.144264,40.708046],[-74.144265,40.708018],[-74.144229,40.708018]],[[-74.13291,40.699995],[-74.132946,40.700022],[-74.132946,40.699995],[-74.13291,40.699995]],[[-74.149648,40.706333],[-74.149539,40.70647],[-74.14972,40.706498],[-74.14972,40.706333],[-74.149648,40.706333]]],[[[-74.127948,40.703685],[-74.127984,40.703712],[-74.127948,40.703712],[-74.127948,40.703685]]],[[[-74.127984,40.703712],[-74.128056,40.70374],[-74.127984,40.70374],[-74.127984,40.703712]]],[[[-74.128056,40.70374],[-74.128092,40.703768],[-74.128056,40.703767],[-74.128056,40.70374]]],[[[-74.128272,40.70385],[-74.128235,40.703878],[-74.128236,40.70385],[-74.128272,40.70385]]],[[[-74.129493,40.704843],[-74.129529,40.70487],[-74.129492,40.70487],[-74.129493,40.704843]]],[[[-74.132007,40.706717],[-74.132007,40.70669],[-74.132043,40.70669],[-74.132043,40.706717],[-74.132007,40.706717]]],[[[-74.132079,40.706745],[-74.132043,40.706717],[-74.132079,40.706717],[-74.132079,40.706745]]],[[[-74.132797,40.707324],[-74.132833,40.707351],[-74.132797,40.707351],[-74.132797,40.707324]]],[[[-74.144752,40.711424],[-74.14468,40.711286],[-74.144968,40.711369],[-74.140196,40.713276],[-74.140342,40.713057],[-74.139945,40.712973],[-74.140163,40.712755],[-74.139947,40.712617],[-74.140454,40.712261],[-74.140347,40.712014],[-74.139806,40.712067],[-74.139407,40.71245],[-74.139875,40.712699],[-74.139333,40.712725],[-74.139114,40.713245],[-74.138898,40.713272],[-74.138575,40.712832],[-74.137457,40.712911],[-74.136732,40.713458],[-74.137308,40.713624],[-74.137233,40.7142],[-74.137629,40.714366],[-74.137193,40.714914],[-74.136615,40.715104],[-74.135599,40.716117],[-74.135966,40.71502],[-74.13492,40.714989],[-74.134813,40.714659],[-74.134057,40.71441],[-74.133121,40.71416],[-74.132615,40.714268],[-74.131788,40.713854],[-74.130346,40.713657],[-74.129692,40.714341],[-74.129726,40.714835],[-74.128965,40.715464],[-74.128852,40.71626],[-74.128491,40.716341],[-74.12809,40.716999],[-74.128196,40.717411],[-74.127654,40.717683],[-74.127361,40.718451],[-74.12772,40.718672],[-74.127466,40.719],[-74.12696,40.719054],[-74.126959,40.719328],[-74.130991,40.720878],[-74.130774,40.72107],[-74.129442,40.720544],[-74.128677,40.721804],[-74.129902,40.722192],[-74.130007,40.722714],[-74.12979,40.722769],[-74.130187,40.722852],[-74.130221,40.723099],[-74.131232,40.722993],[-74.132241,40.723243],[-74.132171,40.722913],[-74.132718,40.721872],[-74.13135,40.721319],[-74.131315,40.721126],[-74.132755,40.721653],[-74.133297,40.72138],[-74.134111,40.717841],[-74.13404,40.717512],[-74.133572,40.717291],[-74.134475,40.717184],[-74.134693,40.716965],[-74.133998,40.718555],[-74.133883,40.719954],[-74.134063,40.719927],[-74.134133,40.720422],[-74.133987,40.720586],[-74.133953,40.720311],[-74.133698,40.720722],[-74.132856,40.723025],[-74.131726,40.724998],[-74.131113,40.724996],[-74.131075,40.725216],[-74.129093,40.72488],[-74.128517,40.724576],[-74.12798,40.723833],[-74.127004,40.724214],[-74.12596,40.723799],[-74.125563,40.723743],[-74.125311,40.72377],[-74.125813,40.724156],[-74.126139,40.724074],[-74.128264,40.72474],[-74.128731,40.725153],[-74.129056,40.724962],[-74.131434,40.725574],[-74.131397,40.725738],[-74.130309,40.726833],[-74.128353,40.728117],[-74.126802,40.727974],[-74.125502,40.728162],[-74.125829,40.727861],[-74.125324,40.727832],[-74.124672,40.728242],[-74.12377,40.728157],[-74.123625,40.728431],[-74.122794,40.728538],[-74.123477,40.728924],[-74.125245,40.729067],[-74.125133,40.729726],[-74.12564,40.729343],[-74.125712,40.729426],[-74.125164,40.730522],[-74.125271,40.730824],[-74.12491,40.730823],[-74.12473,40.73074],[-74.124696,40.730383],[-74.12419,40.730491],[-74.124116,40.730821],[-74.122773,40.732326],[-74.121833,40.732625],[-74.122012,40.73279],[-74.121795,40.732899],[-74.121326,40.732815],[-74.121149,40.732211],[-74.121003,40.732567],[-74.120316,40.732867],[-74.117863,40.73231],[-74.120642,40.722955],[-74.120962,40.720012],[-74.120551,40.717436],[-74.116105,40.709156],[-74.114309,40.704609],[-74.114097,40.702284],[-74.114315,40.700569],[-74.116009,40.69736],[-74.122519,40.700538],[-74.122769,40.701005],[-74.124891,40.702083],[-74.125179,40.702111],[-74.127373,40.703299],[-74.127948,40.703657],[-74.127948,40.703685],[-74.127912,40.703685],[-74.127912,40.703739],[-74.128236,40.703823],[-74.128199,40.703878],[-74.128558,40.704181],[-74.131611,40.706551],[-74.132798,40.707214],[-74.133336,40.70771],[-74.133156,40.707791],[-74.132463,40.709162],[-74.132354,40.709161],[-74.13239,40.709271],[-74.132172,40.7096],[-74.132279,40.709738],[-74.132532,40.709711],[-74.13326,40.70856],[-74.133548,40.708534],[-74.137797,40.709975],[-74.133804,40.708041],[-74.133477,40.708314],[-74.133624,40.70782],[-74.137403,40.709507],[-74.137655,40.709508],[-74.138772,40.709868],[-74.138915,40.710115],[-74.139346,40.710309],[-74.13949,40.710419],[-74.13949,40.710447],[-74.139454,40.710447],[-74.139454,40.710474],[-74.139741,40.710749],[-74.141868,40.71103],[-74.142193,40.711004],[-74.141833,40.710811],[-74.142266,40.710812],[-74.144247,40.711367],[-74.144752,40.711424]],[[-74.137085,40.714886],[-74.137049,40.714913],[-74.137085,40.714913],[-74.137085,40.714886]],[[-74.133989,40.720311],[-74.134025,40.720284],[-74.133989,40.720284],[-74.133989,40.720311]],[[-74.124874,40.730768],[-74.124911,40.730741],[-74.124874,40.730741],[-74.124874,40.730768]],[[-74.124768,40.730466],[-74.12484,40.730439],[-74.124768,40.730438],[-74.124768,40.730466]],[[-74.124081,40.730738],[-74.124008,40.730765],[-74.12408,40.730793],[-74.124081,40.730738]],[[-74.125215,40.702166],[-74.125179,40.702221],[-74.125215,40.702221],[-74.125215,40.702166]],[[-74.125215,40.702221],[-74.125287,40.702249],[-74.125287,40.702221],[-74.125215,40.702221]],[[-74.125287,40.702249],[-74.125323,40.702276],[-74.125323,40.702249],[-74.125287,40.702249]],[[-74.125323,40.702276],[-74.125359,40.702304],[-74.125359,40.702276],[-74.125323,40.702276]],[[-74.125862,40.702525],[-74.125826,40.702552],[-74.125862,40.702552],[-74.125862,40.702525]],[[-74.132654,40.707159],[-74.132582,40.707186],[-74.132654,40.707186],[-74.132654,40.707159]],[[-74.132761,40.707324],[-74.132725,40.707296],[-74.132725,40.707323],[-74.132761,40.707324]],[[-74.132791,40.708504],[-74.132755,40.708476],[-74.132755,40.708504],[-74.132791,40.708504]],[[-74.132755,40.708559],[-74.132719,40.708531],[-74.132719,40.708559],[-74.132755,40.708559]],[[-74.132718,40.708641],[-74.132682,40.708613],[-74.132682,40.708641],[-74.132718,40.708641]],[[-74.132682,40.708696],[-74.132646,40.708668],[-74.132646,40.708696],[-74.132682,40.708696]],[[-74.132609,40.708833],[-74.132573,40.708805],[-74.132573,40.708833],[-74.132609,40.708833]],[[-74.132572,40.708888],[-74.132537,40.70886],[-74.132536,40.708887],[-74.132572,40.708888]],[[-74.132536,40.70897],[-74.1325,40.708942],[-74.1325,40.70897],[-74.132536,40.70897]],[[-74.1325,40.709025],[-74.132464,40.708997],[-74.132463,40.709025],[-74.1325,40.709025]],[[-74.132463,40.709079],[-74.132427,40.709052],[-74.132427,40.709079],[-74.132463,40.709079]],[[-74.132354,40.709271],[-74.132318,40.709244],[-74.132318,40.709271],[-74.132354,40.709271]],[[-74.132245,40.709463],[-74.132209,40.709435],[-74.132209,40.709463],[-74.132245,40.709463]],[[-74.137797,40.709975],[-74.137869,40.710002],[-74.137869,40.709975],[-74.137797,40.709975]],[[-74.137869,40.710002],[-74.137905,40.71003],[-74.137905,40.710002],[-74.137869,40.710002]],[[-74.137511,40.709535],[-74.137475,40.709562],[-74.137511,40.709562],[-74.137511,40.709535]],[[-74.137799,40.70959],[-74.137763,40.709618],[-74.137799,40.709618],[-74.137799,40.70959]]],[[[-74.13435,40.720258],[-74.134173,40.719681],[-74.134465,40.718995],[-74.134423,40.720121],[-74.13435,40.720258]],[[-74.134387,40.720011],[-74.134351,40.720038],[-74.134387,40.720038],[-74.134387,40.720011]]],[[[-74.134604,40.719956],[-74.135222,40.71908],[-74.134672,40.72078],[-74.134604,40.719956]]],[[[-74.13435,40.720313],[-74.134314,40.720285],[-74.13435,40.720285],[-74.13435,40.720313]]],[[[-74.134421,40.720395],[-74.13435,40.720313],[-74.134422,40.72023],[-74.134421,40.720395]]],[[[-74.133916,40.720476],[-74.133952,40.720503],[-74.133916,40.720503],[-74.133916,40.720476]]],[[[-74.133916,40.720531],[-74.13388,40.720503],[-74.133916,40.720503],[-74.133916,40.720531]]],[[[-74.134384,40.720615],[-74.134491,40.720807],[-74.134383,40.720807],[-74.134384,40.720615]]],[[[-74.135953,40.724051],[-74.135953,40.724023],[-74.135989,40.724023],[-74.135989,40.724051],[-74.135953,40.724051]]],[[[-74.135736,40.72416],[-74.135844,40.724188],[-74.135735,40.724242],[-74.135736,40.72416]]],[[[-74.135517,40.724571],[-74.135553,40.724599],[-74.135517,40.724598],[-74.135517,40.724571]]],[[[-74.135301,40.72457],[-74.134685,40.724898],[-74.135735,40.72427],[-74.135517,40.724544],[-74.135409,40.724598],[-74.135301,40.72457]],[[-74.135337,40.72457],[-74.135373,40.724543],[-74.135337,40.724543],[-74.135337,40.72457]]],[[[-74.135409,40.724598],[-74.135445,40.724626],[-74.135408,40.724626],[-74.135409,40.724598]]],[[[-74.1353,40.724598],[-74.135336,40.724625],[-74.1353,40.724625],[-74.1353,40.724598]]],[[[-74.131974,40.725822],[-74.131938,40.725795],[-74.131974,40.725795],[-74.131974,40.725822]]],[[[-74.131938,40.725877],[-74.131902,40.725822],[-74.131938,40.725822],[-74.131938,40.725877]]],[[[-74.131902,40.725905],[-74.131866,40.725877],[-74.131902,40.725877],[-74.131902,40.725905]]],[[[-74.131865,40.725904],[-74.131829,40.725959],[-74.131829,40.725904],[-74.131865,40.725904]]],[[[-74.131031,40.726753],[-74.131067,40.726725],[-74.131067,40.726753],[-74.131031,40.726753]]],[[[-74.131031,40.726753],[-74.130995,40.726808],[-74.130995,40.726753],[-74.131031,40.726753]]],[[[-74.130994,40.726835],[-74.130958,40.726807],[-74.130995,40.726808],[-74.130994,40.726835]]],[[[-74.130958,40.726862],[-74.130922,40.726835],[-74.130958,40.726835],[-74.130958,40.726862]]],[[[-74.130922,40.726862],[-74.130886,40.72689],[-74.130886,40.726862],[-74.130922,40.726862]]],[[[-74.130886,40.72689],[-74.130849,40.726944],[-74.13085,40.726889],[-74.130886,40.72689]]],[[[-74.134916,40.728934],[-74.134084,40.729206],[-74.133725,40.72893],[-74.133836,40.728519],[-74.134486,40.728438],[-74.134021,40.727641],[-74.133841,40.727585],[-74.133948,40.72786],[-74.133551,40.727749],[-74.133153,40.727995],[-74.133397,40.72956],[-74.132637,40.729997],[-74.132527,40.730326],[-74.132057,40.730352],[-74.132131,40.730023],[-74.131735,40.729967],[-74.130976,40.730239],[-74.13058,40.729908],[-74.130909,40.729305],[-74.131592,40.729609],[-74.131703,40.72928],[-74.131991,40.729281],[-74.131817,40.728238],[-74.131313,40.727989],[-74.131099,40.727439],[-74.132442,40.725961],[-74.133162,40.726293],[-74.133771,40.727091],[-74.133594,40.726541],[-74.133846,40.726652],[-74.1341,40.726351],[-74.134605,40.726435],[-74.134351,40.726681],[-74.134639,40.726847],[-74.134636,40.727341],[-74.134815,40.727588],[-74.134997,40.727369],[-74.135285,40.727425],[-74.135212,40.727644],[-74.134778,40.727725],[-74.135173,40.728029],[-74.134847,40.728412],[-74.135532,40.728496],[-74.134953,40.728687],[-74.134916,40.728934]]],[[[-74.134953,40.728769],[-74.134989,40.728742],[-74.134989,40.728769],[-74.134953,40.728769]]],[[[-74.126761,40.72888],[-74.12604,40.728741],[-74.126872,40.728496],[-74.127554,40.72902],[-74.126903,40.72943],[-74.126761,40.72888]]],[[[-74.135632,40.729869],[-74.135669,40.729842],[-74.135669,40.729869],[-74.135632,40.729869]]],[[[-74.135811,40.730172],[-74.135847,40.730144],[-74.135847,40.730172],[-74.135811,40.730172]]],[[[-74.135847,40.730227],[-74.135883,40.730199],[-74.135883,40.730227],[-74.135847,40.730227]]],[[[-74.12466,40.730438],[-74.124623,40.730465],[-74.124624,40.730438],[-74.12466,40.730438]]],[[[-74.124335,40.730492],[-74.124298,40.730519],[-74.124299,40.730492],[-74.124335,40.730492]]],[[[-74.132668,40.730876],[-74.132596,40.73093],[-74.132596,40.730903],[-74.132668,40.730876]]],[[[-74.124476,40.731014],[-74.12444,40.730986],[-74.124476,40.730986],[-74.124476,40.731014]]],[[[-74.126444,40.73393],[-74.124853,40.734584],[-74.124492,40.734528],[-74.125296,40.732856],[-74.12635,40.731487],[-74.127075,40.730912],[-74.128013,40.730806],[-74.128408,40.731191],[-74.128081,40.731629],[-74.127612,40.731655],[-74.126779,40.732229],[-74.127428,40.732314],[-74.127424,40.732972],[-74.127134,40.733218],[-74.127063,40.733054],[-74.126521,40.733189],[-74.126989,40.7333],[-74.126591,40.733436],[-74.126301,40.733765],[-74.126445,40.733848],[-74.126444,40.73393]],[[-74.126373,40.733847],[-74.126264,40.733847],[-74.126264,40.733902],[-74.126373,40.733847]]],[[[-74.124835,40.731427],[-74.123561,40.733344],[-74.123776,40.733537],[-74.123449,40.733893],[-74.123629,40.733976],[-74.123408,40.734908],[-74.120412,40.735036],[-74.121567,40.73493],[-74.122255,40.734575],[-74.12164,40.734765],[-74.122256,40.734273],[-74.122403,40.733834],[-74.122765,40.733698],[-74.122585,40.733588],[-74.122877,40.732958],[-74.123347,40.732794],[-74.124476,40.731014],[-74.124621,40.730987],[-74.124764,40.73107],[-74.124835,40.731427]],[[-74.122584,40.733862],[-74.122656,40.73389],[-74.122656,40.733863],[-74.122584,40.733862]],[[-74.122656,40.73389],[-74.122691,40.733918],[-74.122692,40.73389],[-74.122656,40.73389]],[[-74.124656,40.731042],[-74.12462,40.731097],[-74.124656,40.731097],[-74.124656,40.731042]],[[-74.12462,40.731097],[-74.124548,40.731124],[-74.12462,40.731124],[-74.12462,40.731097]]],[[[-74.119341,40.732864],[-74.11981,40.732975],[-74.119521,40.733056],[-74.119954,40.733003],[-74.119844,40.733305],[-74.119304,40.733165],[-74.119341,40.732864]]],[[[-74.120026,40.733058],[-74.120098,40.733113],[-74.120026,40.733113],[-74.120026,40.733058]]],[[[-74.121433,40.733118],[-74.121578,40.732981],[-74.122372,40.733011],[-74.122154,40.733257],[-74.121433,40.733118]],[[-74.121794,40.733146],[-74.121758,40.733119],[-74.121758,40.733146],[-74.121794,40.733146]]],[[[-74.120097,40.733196],[-74.12017,40.733113],[-74.12017,40.733196],[-74.120097,40.733196]]],[[[-74.119952,40.733305],[-74.119989,40.733223],[-74.119988,40.733305],[-74.119952,40.733305]]],[[[-74.120025,40.733278],[-74.120097,40.73325],[-74.120097,40.733305],[-74.120025,40.733278]]],[[[-74.119952,40.733305],[-74.119916,40.733387],[-74.119916,40.733305],[-74.119952,40.733305]]],[[[-74.119915,40.733497],[-74.11988,40.733414],[-74.119916,40.733415],[-74.119915,40.733497]]],[[[-74.119879,40.733552],[-74.119842,40.733606],[-74.119843,40.733552],[-74.119879,40.733552]]],[[[-74.122621,40.733698],[-74.122584,40.733725],[-74.122584,40.733698],[-74.122621,40.733698]]],[[[-74.120385,40.733444],[-74.120526,40.733911],[-74.1202,40.734102],[-74.119915,40.733497],[-74.119988,40.733305],[-74.120385,40.733444]]],[[[-74.118945,40.732725],[-74.11868,40.734975],[-74.117414,40.734916],[-74.117827,40.732502],[-74.118945,40.732725]]],[[[-74.124136,40.733758],[-74.124425,40.733649],[-74.124058,40.734773],[-74.123805,40.734827],[-74.124136,40.733758]]],[[[-74.126189,40.734423],[-74.126225,40.734396],[-74.126225,40.734423],[-74.126189,40.734423]]],[[[-74.126189,40.734451],[-74.126153,40.734423],[-74.126189,40.734423],[-74.126189,40.734451]]],[[[-74.126153,40.734451],[-74.126117,40.734478],[-74.126117,40.73445],[-74.126153,40.734451]]],[[[-74.126045,40.734286],[-74.12543,40.734695],[-74.12496,40.734721],[-74.126045,40.734286]]],[[[-74.125972,40.734587],[-74.125755,40.734669],[-74.126117,40.734478],[-74.125972,40.734587]]],[[[-74.124344,40.735323],[-74.124308,40.735296],[-74.124344,40.735296],[-74.124344,40.735323]]],[[[-74.124382,40.734939],[-74.125754,40.734779],[-74.125211,40.735106],[-74.12423,40.736338],[-74.124379,40.735488],[-74.124344,40.735296],[-74.124382,40.734939]],[[-74.12438,40.735296],[-74.124416,40.735268],[-74.12438,40.735268],[-74.12438,40.735296]]],[[[-74.131703,40.735676],[-74.131667,40.735649],[-74.131704,40.735649],[-74.131703,40.735676]]],[[[-74.131703,40.735676],[-74.131739,40.735704],[-74.131703,40.735704],[-74.131703,40.735676]]],[[[-74.131631,40.735703],[-74.131595,40.735676],[-74.131631,40.735676],[-74.131631,40.735703]]],[[[-74.131631,40.735703],[-74.131667,40.735731],[-74.131631,40.735731],[-74.131631,40.735703]]],[[[-74.131559,40.735731],[-74.131631,40.735758],[-74.131559,40.735758],[-74.131559,40.735731]]],[[[-74.123719,40.737243],[-74.123768,40.734964],[-74.124021,40.734938],[-74.123719,40.737243]]],[[[-74.124265,40.736503],[-74.124193,40.736448],[-74.124265,40.736421],[-74.124265,40.736503]]],[[[-74.117393,40.735053],[-74.123371,40.735045],[-74.123246,40.73801],[-74.121024,40.741608],[-74.118693,40.740495],[-74.117753,40.739422],[-74.117243,40.737612],[-74.117393,40.735053]]],[[[-74.1236,40.739191],[-74.123048,40.741028],[-74.123717,40.737654],[-74.1236,40.739191]]],[[[-74.121132,40.741646],[-74.123025,40.738695],[-74.123206,40.738586],[-74.122357,40.741987],[-74.121132,40.741646]]]]}}]}