{"type":"FeatureCollection","features":[{"type":"Feature","properties":{"level_ft":4},"geometry":{"type":"MultiPolygon","coordinates":[[[[-74.075436,40.680006],[-74.076045,40.680667],[-74.075576,40.680775],[-74.075933,40.681298],[-74.077442,40.6821],[-74.078847,40.682352],[-74.078918,40.682517],[-74.07719,40.682126],[-74.075824,40.681407],[-74.074353,40.680194],[-74.073382,40.679889],[-74.07435,40.680716],[-74.074568,40.680442],[-74.076433,40.682096],[-74.077259,40.682538],[-74.077076,40.683059],[-74.073879,40.681098],[-74.074558,40.682062],[-74.07452,40.682391],[-74.073726,40.682388],[-74.073405,40.681865],[-74.073696,40.681427],[-74.073265,40.681288],[-74.072252,40.681806],[-74.071928,40.68175],[-74.072073,40.681613],[-74.071714,40.681337],[-74.071353,40.681336],[-74.071207,40.681665],[-74.072249,40.682218],[-74.074402,40.683873],[-74.074691,40.683819],[-74.076342,40.685005],[-74.076631,40.684897],[-74.076556,40.685363],[-74.077131,40.685749],[-74.077672,40.685751],[-74.077633,40.686108],[-74.080219,40.687847],[-74.080362,40.688067],[-74.079781,40.688641],[-74.079924,40.688887],[-74.079582,40.688726],[-74.080285,40.687995],[-74.076469,40.68537],[-74.07463,40.683866],[-74.074457,40.683971],[-74.071101,40.681665],[-74.070662,40.680639],[-74.071797,40.679744],[-74.070641,40.679209],[-74.071889,40.679629],[-74.07372,40.679817],[-74.074828,40.678352],[-74.072516,40.677158],[-74.072814,40.676909],[-74.075007,40.678078],[-74.075638,40.677405],[-74.072611,40.675807],[-74.073022,40.675347],[-74.07579,40.676812],[-74.076735,40.676002],[-74.075979,40.67691],[-74.077223,40.675599],[-74.080985,40.677371],[-74.081291,40.677066],[-74.0813,40.676473],[-74.080935,40.676073],[-74.077279,40.674274],[-74.071237,40.671833],[-74.069407,40.670925],[-74.077851,40.674443],[-74.081912,40.676489],[-74.081729,40.676982],[-74.081113,40.677474],[-74.077195,40.675648],[-74.075924,40.676988],[-74.072941,40.675468],[-74.072759,40.675741],[-74.075669,40.677344],[-74.075669,40.677454],[-74.075341,40.677919],[-74.074652,40.678603],[-74.075046,40.679016],[-74.074721,40.679152],[-74.075691,40.679623],[-74.075761,40.679897],[-74.07551,40.679814],[-74.075401,40.679869],[-74.075832,40.680117],[-74.07576,40.680117],[-74.075688,40.680089],[-74.075616,40.680034],[-74.075544,40.680034],[-74.075544,40.680006],[-74.075436,40.680006]],[[-74.075865,40.680584],[-74.075829,40.680557],[-74.075829,40.680584],[-74.075865,40.680584]],[[-74.075474,40.679814],[-74.075402,40.679786],[-74.075401,40.679814],[-74.075474,40.679814]],[[-74.075402,40.679786],[-74.075366,40.679759],[-74.075366,40.679786],[-74.075402,40.679786]],[[-74.075366,40.679759],[-74.075294,40.679731],[-74.075294,40.679758],[-74.075366,40.679759]],[[-74.075222,40.679731],[-74.075258,40.679676],[-74.075186,40.679676],[-74.075222,40.679731]]],[[[-74.075904,40.680145],[-74.075832,40.680117],[-74.075904,40.680118],[-74.075904,40.680145]]],[[[-74.075795,40.680309],[-74.075759,40.680282],[-74.075795,40.680282],[-74.075795,40.680309]]],[[[-74.079013,40.684603],[-74.077613,40.683638],[-74.077796,40.683226],[-74.077328,40.682978],[-74.077438,40.682704],[-74.078266,40.683036],[-74.077902,40.683584],[-74.079338,40.684467],[-74.079013,40.684603]]],[[[-74.078804,40.689132],[-74.078873,40.689599],[-74.079702,40.689739],[-74.080316,40.689522],[-74.08118,40.689882],[-74.080099,40.689686],[-74.07948,40.690562],[-74.078794,40.690779],[-74.07858,40.690449],[-74.079159,40.690039],[-74.077503,40.689594],[-74.077901,40.689348],[-74.078586,40.689378],[-74.078588,40.689076],[-74.075886,40.688737],[-74.074306,40.687633],[-74.07434,40.687935],[-74.073398,40.6887],[-74.072062,40.68886],[-74.069841,40.686628],[-74.070223,40.688881],[-74.070206,40.691461],[-74.071,40.691491],[-74.071599,40.69358],[-74.073431,40.694794],[-74.071202,40.693661],[-74.070256,40.69503],[-74.069493,40.695878],[-74.069175,40.696124],[-74.070589,40.694422],[-74.070362,40.693815],[-74.069619,40.694049],[-74.069813,40.694365],[-74.069068,40.695173],[-74.0678,40.695391],[-74.067688,40.695217],[-74.067452,40.695555],[-74.065912,40.694714],[-74.06693,40.694008],[-74.068929,40.691697],[-74.069459,40.690723],[-74.069929,40.688696],[-74.069624,40.685822],[-74.07021,40.684684],[-74.069889,40.68445],[-74.070537,40.68395],[-74.073359,40.686049],[-74.073182,40.686206],[-74.07347,40.686778],[-74.074685,40.687589],[-74.07484,40.687935],[-74.075758,40.68829],[-74.075897,40.688661],[-74.078013,40.688601],[-74.078733,40.688949],[-74.08014,40.688945],[-74.079958,40.689109],[-74.078804,40.689132]]],[[[-74.071151,40.690366],[-74.073173,40.690045],[-74.073316,40.690155],[-74.073242,40.690429],[-74.072555,40.690756],[-74.071835,40.690616],[-74.071329,40.690779],[-74.071151,40.690366]]],[[[-74.08355,40.691373],[-74.081683,40.690158],[-74.080127,40.691003],[-74.079875,40.690975],[-74.081756,40.689966],[-74.082007,40.690159],[-74.082441,40.690024],[-74.082187,40.69027],[-74.083876,40.691154],[-74.08355,40.691373]]],[[[-74.073375,40.692186],[-74.071828,40.691741],[-74.071398,40.691301],[-74.071795,40.691137],[-74.07284,40.691333],[-74.073378,40.691857],[-74.073375,40.692186]]],[[[-74.07398,40.693534],[-74.072471,40.692677],[-74.072475,40.692073],[-74.073626,40.692544],[-74.074235,40.693068],[-74.07398,40.693534]]],[[[-74.076421,40.695245],[-74.076822,40.694587],[-74.077292,40.694507],[-74.077287,40.695248],[-74.078297,40.695251],[-74.078259,40.695581],[-74.076924,40.695631],[-74.076421,40.695245]]],[[[-74.074147,40.695538],[-74.073647,40.694878],[-74.075157,40.695514],[-74.075192,40.695707],[-74.074687,40.695815],[-74.074147,40.695538]]],[[[-74.077552,40.699009],[-74.077444,40.699009],[-74.077552,40.698955],[-74.077552,40.699009]]],[[[-74.077443,40.699036],[-74.077407,40.699064],[-74.077407,40.699036],[-74.077443,40.699036]]],[[[-74.075704,40.700293],[-74.077696,40.698955],[-74.078129,40.699039],[-74.077946,40.699395],[-74.076353,40.700405],[-74.075704,40.700293]]],[[[-74.077407,40.699091],[-74.077153,40.699282],[-74.075959,40.699964],[-74.075994,40.700047],[-74.075777,40.700183],[-74.073499,40.701108],[-74.076033,40.699663],[-74.076719,40.6995],[-74.077082,40.69909],[-74.076796,40.698677],[-74.077627,40.698543],[-74.077372,40.698981],[-74.077407,40.699091]],[[-74.07585,40.700101],[-74.075742,40.700073],[-74.075741,40.700101],[-74.07585,40.700101]],[[-74.077045,40.699227],[-74.077082,40.6992],[-74.077046,40.6992],[-74.077045,40.699227]]],[[[-74.076067,40.699937],[-74.076103,40.699965],[-74.076067,40.699965],[-74.076067,40.699937]]],[[[-74.076067,40.699965],[-74.076031,40.699992],[-74.076031,40.699965],[-74.076067,40.699965]]],[[[-74.074258,40.700837],[-74.074222,40.700864],[-74.074222,40.700836],[-74.074258,40.700837]]],[[[-74.07415,40.700864],[-74.074222,40.700891],[-74.074149,40.700891],[-74.07415,40.700864]]],[[[-74.074149,40.700891],[-74.073715,40.701164],[-74.073643,40.701164],[-74.074149,40.700891]]],[[[-74.073534,40.701191],[-74.073607,40.701164],[-74.073607,40.701191],[-74.073534,40.701191]]],[[[-74.073606,40.701218],[-74.073678,40.701301],[-74.07357,40.701301],[-74.073606,40.701218]]],[[[-74.072846,40.701655],[-74.072847,40.701572],[-74.072919,40.701573],[-74.072846,40.701655]]],[[[-74.072087,40.701954],[-74.072738,40.701709],[-74.071906,40.702063],[-74.071942,40.701981],[-74.072087,40.701954]]],[[[-74.073534,40.701191],[-74.071074,40.702362],[-74.070134,40.70277],[-74.069881,40.702797],[-74.070497,40.702305],[-74.07061,40.701701],[-74.070862,40.70173],[-74.070215,40.701343],[-74.071115,40.701703],[-74.072196,40.701735],[-74.072378,40.701461],[-74.072957,40.701243],[-74.073173,40.701327],[-74.073137,40.701217],[-74.07321,40.701135],[-74.073499,40.701108],[-74.073354,40.701217],[-74.073534,40.701191]],[[-74.071689,40.702035],[-74.071618,40.702007],[-74.071617,40.702035],[-74.071689,40.702035]],[[-74.07169,40.702007],[-74.071726,40.70198],[-74.07169,40.70198],[-74.07169,40.702007]],[[-74.071726,40.70198],[-74.071762,40.701953],[-74.071726,40.701953],[-74.071726,40.70198]],[[-74.071762,40.701953],[-74.071834,40.701926],[-74.071762,40.701925],[-74.071762,40.701953]],[[-74.071799,40.701871],[-74.071979,40.701871],[-74.071943,40.701816],[-74.071799,40.701871]],[[-74.070387,40.702606],[-74.070351,40.702579],[-74.070351,40.702606],[-74.070387,40.702606]],[[-74.070351,40.702606],[-74.070315,40.702634],[-74.070351,40.702634],[-74.070351,40.702606]],[[-74.071006,40.70173],[-74.070933,40.70184],[-74.071078,40.701785],[-74.071006,40.70173]],[[-74.071078,40.701785],[-74.07133,40.701896],[-74.071547,40.701815],[-74.071078,40.701785]],[[-74.073101,40.701326],[-74.073064,40.701354],[-74.073101,40.701354],[-74.073101,40.701326]],[[-74.073173,40.701299],[-74.073209,40.701272],[-74.073173,40.701272],[-74.073173,40.701299]],[[-74.073354,40.701245],[-74.073245,40.701245],[-74.073245,40.701272],[-74.073354,40.701245]]],[[[-74.071906,40.702091],[-74.071616,40.702172],[-74.07187,40.702035],[-74.071906,40.702091]]],[[[-74.071074,40.702417],[-74.07111,40.70239],[-74.07111,40.702417],[-74.071074,40.702417]]],[[[-74.071074,40.702444],[-74.071038,40.702417],[-74.071074,40.702417],[-74.071074,40.702444]]],[[[-74.071074,40.702472],[-74.07111,40.702444],[-74.07111,40.702472],[-74.071074,40.702472]]],[[[-74.101349,40.712325],[-74.099408,40.711111],[-74.099482,40.710891],[-74.100491,40.711059],[-74.100705,40.711417],[-74.101713,40.71186],[-74.101349,40.712325]]],[[[-74.092507,40.724702],[-74.09262,40.723961],[-74.092261,40.723768],[-74.092191,40.723383],[-74.094349,40.724406],[-74.094927,40.724271],[-74.095791,40.724658],[-74.096261,40.724578],[-74.096265,40.723836],[-74.096665,40.723289],[-74.096668,40.722795],[-74.096274,40.722437],[-74.096386,40.721723],[-74.096603,40.721724],[-74.098209,40.718545],[-74.098789,40.718081],[-74.10153,40.7182],[-74.101101,40.717622],[-74.101678,40.717652],[-74.103671,40.716204],[-74.102773,40.715597],[-74.10335,40.715489],[-74.103605,40.715188],[-74.103646,40.714392],[-74.104222,40.714476],[-74.104045,40.713872],[-74.104693,40.714093],[-74.10484,40.71371],[-74.103616,40.713266],[-74.103402,40.712799],[-74.102,40.712025],[-74.101643,40.711503],[-74.102111,40.711532],[-74.103297,40.712304],[-74.104273,40.711923],[-74.105786,40.71234],[-74.106508,40.712315],[-74.107376,40.711907],[-74.107163,40.711274],[-74.107638,40.710343],[-74.107605,40.709821],[-74.10638,40.709433],[-74.106231,40.704107],[-74.106015,40.704024],[-74.101027,40.705791],[-74.100883,40.705735],[-74.101245,40.705545],[-74.101283,40.705215],[-74.102005,40.705163],[-74.10421,40.704292],[-74.104034,40.703605],[-74.103532,40.703164],[-74.10274,40.70286],[-74.101873,40.703021],[-74.101695,40.702774],[-74.105073,40.698777],[-74.105905,40.698259],[-74.107456,40.698209],[-74.107819,40.697842],[-74.114232,40.700952],[-74.114309,40.704609],[-74.116408,40.709735],[-74.113869,40.712314],[-74.110167,40.715375],[-74.10747,40.717075],[-74.102976,40.71933],[-74.10177,40.720231],[-74.100089,40.722867],[-74.099011,40.727277],[-74.096826,40.726556],[-74.096756,40.726226],[-74.096036,40.725949],[-74.096254,40.725648],[-74.095462,40.725453],[-74.094851,40.724984],[-74.094561,40.725148],[-74.09323,40.724622],[-74.092615,40.724812],[-74.092111,40.724618],[-74.092038,40.724782],[-74.092325,40.725003],[-74.090848,40.724668],[-74.091173,40.724532],[-74.091031,40.724285],[-74.090563,40.724118],[-74.090492,40.723816],[-74.090779,40.724064],[-74.090961,40.7239],[-74.091501,40.724012],[-74.0915,40.724286],[-74.091969,40.724288],[-74.092507,40.724702]],[[-74.092217,40.724975],[-74.092253,40.724948],[-74.092217,40.724948],[-74.092217,40.724975]],[[-74.091031,40.724285],[-74.091067,40.724257],[-74.091031,40.724257],[-74.091031,40.724285]],[[-74.090851,40.724202],[-74.090887,40.724174],[-74.090851,40.724174],[-74.090851,40.724202]],[[-74.090852,40.724064],[-74.090887,40.724092],[-74.090888,40.724065],[-74.090852,40.724064]],[[-74.090887,40.724092],[-74.090923,40.72412],[-74.090924,40.724092],[-74.090887,40.724092]],[[-74.092652,40.72462],[-74.092688,40.724593],[-74.092652,40.724592],[-74.092652,40.72462]],[[-74.092688,40.724593],[-74.092725,40.724538],[-74.092689,40.724538],[-74.092688,40.724593]],[[-74.092725,40.724538],[-74.092761,40.72451],[-74.092725,40.72451],[-74.092725,40.724538]]],[[[-74.090562,40.724256],[-74.090634,40.724201],[-74.09067,40.724256],[-74.090562,40.724256]]],[[[-74.090778,40.724284],[-74.090886,40.724394],[-74.090777,40.724394],[-74.090778,40.724284]]],[[[-74.092182,40.724755],[-74.092219,40.724728],[-74.092218,40.724756],[-74.092182,40.724755]]],[[[-74.092218,40.72481],[-74.09229,40.724783],[-74.09229,40.724811],[-74.092218,40.72481]]],[[[-74.092362,40.724838],[-74.09229,40.724811],[-74.092362,40.724811],[-74.092362,40.724838]]],[[[-74.093011,40.724923],[-74.092903,40.724868],[-74.093012,40.724868],[-74.093011,40.724923]]],[[[-74.085425,40.726351],[-74.085211,40.726021],[-74.084416,40.726183],[-74.083228,40.725767],[-74.083737,40.725082],[-74.084061,40.725193],[-74.084206,40.725166],[-74.083272,40.724531],[-74.083166,40.724092],[-74.08497,40.724098],[-74.085651,40.724787],[-74.085755,40.725474],[-74.086298,40.725338],[-74.086982,40.725478],[-74.086432,40.726876],[-74.085892,40.726792],[-74.085164,40.727777],[-74.085425,40.726351]]],[[[-74.094048,40.732448],[-74.094447,40.73212],[-74.094232,40.7319],[-74.094344,40.731186],[-74.094632,40.731297],[-74.094778,40.731106],[-74.094489,40.731077],[-74.094347,40.73072],[-74.093482,40.730552],[-74.093342,40.729783],[-74.092337,40.728983],[-74.090641,40.728922],[-74.090494,40.729498],[-74.090741,40.730378],[-74.089658,40.730374],[-74.088614,40.729986],[-74.08869,40.729437],[-74.089663,40.729523],[-74.088798,40.729355],[-74.088692,40.729025],[-74.088949,40.728395],[-74.089857,40.727465],[-74.088844,40.7279],[-74.088124,40.727596],[-74.088128,40.726937],[-74.087875,40.726936],[-74.088095,40.72647],[-74.087843,40.726387],[-74.08868,40.72521],[-74.088679,40.725374],[-74.08904,40.725293],[-74.088966,40.72554],[-74.089796,40.725543],[-74.089574,40.726421],[-74.090399,40.727192],[-74.092026,40.726759],[-74.093538,40.727313],[-74.09408,40.727233],[-74.094692,40.727482],[-74.096175,40.726801],[-74.096498,40.727076],[-74.096645,40.726693],[-74.098949,40.727524],[-74.097897,40.73072],[-74.095303,40.735005],[-74.091468,40.735321],[-74.09165,40.735047],[-74.093531,40.734368],[-74.094079,40.733217],[-74.094048,40.732448]],[[-74.088679,40.725374],[-74.088642,40.725402],[-74.088678,40.725402],[-74.088679,40.725374]],[[-74.090399,40.72722],[-74.090183,40.727191],[-74.090182,40.727274],[-74.090399,40.72722]],[[-74.094156,40.732531],[-74.094192,40.732503],[-74.094156,40.732503],[-74.094156,40.732531]]],[[[-74.085255,40.736315],[-74.08162,40.734737],[-74.081225,40.734461],[-74.081694,40.734408],[-74.083531,40.735073],[-74.085042,40.735765],[-74.08558,40.736261],[-74.085255,40.736315]]],[[[-74.085421,40.738594],[-74.087265,40.738161],[-74.087844,40.737779],[-74.085722,40.736756],[-74.085652,40.736398],[-74.088532,40.737534],[-74.091393,40.735897],[-74.091467,40.735458],[-74.095174,40.73517],[-74.093398,40.737015],[-74.090175,40.738579],[-74.083859,40.740291],[-74.07878,40.738734],[-74.078241,40.738403],[-74.078208,40.737964],[-74.079618,40.73753],[-74.08048,40.738109],[-74.080482,40.737807],[-74.081132,40.73781],[-74.081313,40.737618],[-74.081562,40.738223],[-74.082141,40.73806],[-74.081919,40.738828],[-74.082316,40.738939],[-74.083293,40.738531],[-74.084014,40.738589],[-74.083871,40.738314],[-74.083618,40.738395],[-74.083367,40.738175],[-74.083768,40.737572],[-74.08456,40.737822],[-74.085283,40.737605],[-74.084845,40.738509],[-74.085421,40.738594]],[[-74.084772,40.738509],[-74.084663,40.738646],[-74.084734,40.738811],[-74.084988,40.738702],[-74.084772,40.738509]]],[[[-74.080724,40.73951],[-74.081913,40.739871],[-74.083641,40.740344],[-74.082233,40.740668],[-74.080938,40.739923],[-74.080796,40.73962],[-74.080615,40.739729],[-74.08058,40.739509],[-74.080724,40.73951]],[[-74.08094,40.739593],[-74.080904,40.73962],[-74.08094,40.739621],[-74.08094,40.739593]],[[-74.08094,40.739621],[-74.081012,40.739703],[-74.080976,40.739621],[-74.08094,40.739621]]],[[[-74.081865,40.740777],[-74.077094,40.743148],[-74.074965,40.742728],[-74.074967,40.742563],[-74.07576,40.742649],[-74.07634,40.742239],[-74.075836,40.74199],[-74.075766,40.74166],[-74.076523,40.741828],[-74.076633,40.741609],[-74.077065,40.741665],[-74.076744,40.741142],[-74.076239,40.741031],[-74.076026,40.740618],[-74.07635,40.740674],[-74.076279,40.740455],[-74.077037,40.74054],[-74.076998,40.740869],[-74.077358,40.741117],[-74.078405,40.740929],[-74.078263,40.740681],[-74.077218,40.740321],[-74.077798,40.740021],[-74.077939,40.740433],[-74.078444,40.740517],[-74.078373,40.740297],[-74.078806,40.740436],[-74.078483,40.740051],[-74.078266,40.740187],[-74.078267,40.73994],[-74.077978,40.739994],[-74.077944,40.739637],[-74.078703,40.739612],[-74.078737,40.739805],[-74.078991,40.739613],[-74.079458,40.739945],[-74.080433,40.739948],[-74.081865,40.740777]]],[[[-74.07282,40.745191],[-74.072353,40.744969],[-74.071738,40.745104],[-74.071634,40.74439],[-74.071203,40.744059],[-74.072006,40.742717],[-74.073051,40.742968],[-74.073013,40.743297],[-74.072398,40.74357],[-74.072795,40.743516],[-74.073118,40.743847],[-74.072862,40.744395],[-74.073329,40.744616],[-74.073038,40.745054],[-74.073359,40.745687],[-74.073105,40.745823],[-74.072816,40.745795],[-74.07282,40.745191]]],[[[-74.070629,40.749273],[-74.071672,40.749743],[-74.072034,40.749635],[-74.072354,40.750404],[-74.070159,40.749353],[-74.069837,40.74894],[-74.069555,40.747841],[-74.068767,40.74685],[-74.06867,40.745203],[-74.069751,40.745481],[-74.071014,40.745431],[-74.071048,40.745843],[-74.071337,40.745789],[-74.071154,40.746145],[-74.070829,40.746089],[-74.071044,40.746364],[-74.070646,40.746555],[-74.070607,40.747076],[-74.070895,40.747187],[-74.070748,40.747571],[-74.070352,40.74735],[-74.070205,40.747761],[-74.069736,40.747814],[-74.070054,40.748776],[-74.07027,40.748914],[-74.070596,40.748723],[-74.070629,40.749273]],[[-74.070595,40.748861],[-74.070559,40.748888],[-74.070595,40.748888],[-74.070595,40.748861]]],[[[-74.075451,40.751569],[-74.076027,40.751708],[-74.076713,40.751683],[-74.076571,40.751326],[-74.074488,40.749616],[-74.072791,40.749747],[-74.07276,40.748924],[-74.072436,40.748895],[-74.072437,40.748675],[-74.073737,40.748653],[-74.073425,40.74662],[-74.073972,40.745689],[-74.073903,40.745277],[-74.074229,40.745086],[-74.073762,40.744673],[-74.074051,40.744701],[-74.074745,40.743386],[-74.07507,40.743277],[-74.074747,40.743057],[-74.07583,40.743006],[-74.076947,40.743257],[-74.075151,40.745534],[-74.074869,40.746946],[-74.075017,40.747986],[-74.075707,40.748974],[-74.076586,40.749638],[-74.077145,40.749931],[-74.078852,40.750223],[-74.077279,40.752171],[-74.075481,40.752392],[-74.075228,40.752584],[-74.075238,40.753133],[-74.076523,40.754816],[-74.0763,40.755143],[-74.075215,40.755339],[-74.074894,40.75562],[-74.075146,40.757157],[-74.07465,40.758294],[-74.074045,40.756971],[-74.074334,40.756835],[-74.074049,40.756285],[-74.07358,40.756228],[-74.073293,40.75587],[-74.071759,40.75312],[-74.072154,40.753478],[-74.073021,40.753344],[-74.073417,40.753538],[-74.073307,40.753757],[-74.072695,40.753562],[-74.073234,40.753839],[-74.073015,40.75425],[-74.072439,40.754083],[-74.073051,40.754332],[-74.073597,40.753621],[-74.073277,40.752851],[-74.073785,40.752331],[-74.07411,40.752442],[-74.074072,40.752634],[-74.074107,40.752799],[-74.074256,40.752168],[-74.072239,40.75142],[-74.071588,40.751609],[-74.071987,40.751309],[-74.071845,40.750979],[-74.071698,40.751363],[-74.071301,40.751306],[-74.071515,40.751719],[-74.071225,40.75202],[-74.071654,40.752653],[-74.071581,40.75279],[-74.070724,40.751194],[-74.069755,40.75034],[-74.069439,40.749076],[-74.070588,40.749986],[-74.072387,40.750926],[-74.072566,40.751037],[-74.072566,40.751064],[-74.07253,40.751064],[-74.07253,40.751119],[-74.072566,40.751146],[-74.07271,40.751092],[-74.074042,40.751756],[-74.073898,40.751618],[-74.074151,40.751674],[-74.074261,40.7514],[-74.073109,40.750846],[-74.073435,40.750738],[-74.073332,40.749914],[-74.073657,40.749833],[-74.07394,40.75074],[-74.075451,40.751569]],[[-74.075481,40.752392],[-74.075446,40.752365],[-74.075445,40.752392],[-74.075481,40.752392]],[[-74.072439,40.754083],[-74.072403,40.754055],[-74.072402,40.754083],[-74.072439,40.754083]],[[-74.072962,40.751258],[-74.072926,40.751285],[-74.072962,40.751285],[-74.072962,40.751258]],[[-74.07397,40.751755],[-74.073933,40.751783],[-74.073969,40.751783],[-74.07397,40.751755]],[[-74.074042,40.751756],[-74.074078,40.751783],[-74.074078,40.751756],[-74.074042,40.751756]],[[-74.074042,40.751728],[-74.074078,40.751701],[-74.074042,40.751701],[-74.074042,40.751728]]],[[[-74.075271,40.751376],[-74.074552,40.750962],[-74.074845,40.750386],[-74.075133,40.750415],[-74.075204,40.750689],[-74.075529,40.750636],[-74.076497,40.7516],[-74.075271,40.751376]]],[[[-74.072602,40.751092],[-74.072566,40.751064],[-74.072602,40.751064],[-74.072602,40.751092]]],[[[-74.073826,40.751618],[-74.073899,40.751563],[-74.073898,40.751618],[-74.073826,40.751618]]],[[[-74.074111,40.758492],[-74.073711,40.75837],[-74.073352,40.757984],[-74.071385,40.755122],[-74.070005,40.750862],[-74.072327,40.754604],[-74.073394,40.757024],[-74.074254,40.758152],[-74.074144,40.758344],[-74.074216,40.758399],[-74.074396,40.7584],[-74.074111,40.758492]],[[-74.073819,40.75837],[-74.073892,40.758288],[-74.073783,40.758288],[-74.073819,40.75837]],[[-74.071279,40.754792],[-74.071315,40.754765],[-74.071279,40.754765],[-74.071279,40.754792]],[[-74.07418,40.758372],[-74.074144,40.758399],[-74.07418,40.758399],[-74.07418,40.758372]],[[-74.074144,40.758399],[-74.074107,40.758426],[-74.074144,40.758426],[-74.074144,40.758399]]],[[[-74.070124,40.754816],[-74.06998,40.75465],[-74.070089,40.754623],[-74.070124,40.754816]]],[[[-74.070051,40.754843],[-74.070015,40.754815],[-74.070051,40.754815],[-74.070051,40.754843]]],[[[-74.070651,40.757041],[-74.070123,40.754843],[-74.070231,40.754926],[-74.070656,40.756163],[-74.070651,40.757041]],[[-74.0703,40.755475],[-74.070336,40.75542],[-74.0703,40.75542],[-74.0703,40.755475]]],[[[-74.072666,40.758911],[-74.072183,40.760144],[-74.070947,40.755807],[-74.071308,40.755945],[-74.073456,40.758726],[-74.072666,40.758911]]],[[[-74.071248,40.759651],[-74.07043,40.757754],[-74.070686,40.757151],[-74.07069,40.756547],[-74.071683,40.759378],[-74.071645,40.759543],[-74.071538,40.759487],[-74.071537,40.759515],[-74.071501,40.759515],[-74.071501,40.759542],[-74.071248,40.759651]]],[[[-74.074325,40.758317],[-74.074289,40.75829],[-74.074325,40.75829],[-74.074325,40.758317]]],[[[-74.074288,40.758372],[-74.074252,40.758344],[-74.074288,40.758345],[-74.074288,40.758372]]],[[[-74.071501,40.75957],[-74.071573,40.759515],[-74.071573,40.75957],[-74.071501,40.75957]]],[[[-74.071645,40.759625],[-74.071718,40.759543],[-74.071717,40.759653],[-74.071645,40.759625]]],[[[-74.071573,40.759625],[-74.071609,40.759597],[-74.071609,40.759625],[-74.071573,40.759625]]],[[[-74.071753,40.759735],[-74.071717,40.759708],[-74.071753,40.759708],[-74.071753,40.759735]]],[[[-74.071788,40.759818],[-74.071716,40.759762],[-74.071788,40.759763],[-74.071788,40.759818]]],[[[-74.071752,40.759872],[-74.071788,40.759845],[-74.071788,40.759873],[-74.071752,40.759872]]],[[[-74.071679,40.759872],[-74.071715,40.7599],[-74.071679,40.7599],[-74.071679,40.759872]]],[[[-74.071206,40.760502],[-74.07117,40.760474],[-74.071206,40.760474],[-74.071206,40.760502]]],[[[-74.069978,40.760634],[-74.069942,40.760607],[-74.069978,40.760607],[-74.069978,40.760634]]],[[[-74.070303,40.760663],[-74.070267,40.760636],[-74.070303,40.760636],[-74.070303,40.760663]]],[[[-74.071353,40.760173],[-74.071387,40.760393],[-74.07193,40.760202],[-74.070227,40.761167],[-74.071242,40.760529],[-74.071353,40.760173]]],[[[-74.070339,40.760663],[-74.070338,40.760828],[-74.07023,40.760718],[-74.070339,40.760663]]],[[[-74.070229,40.760828],[-74.070265,40.760855],[-74.070229,40.760855],[-74.070229,40.760828]]],[[[-74.070156,40.761047],[-74.070192,40.76102],[-74.070192,40.761047],[-74.070156,40.761047]]],[[[-74.069938,40.761266],[-74.07001,40.761211],[-74.07001,40.761266],[-74.069938,40.761266]]],[[[-74.069296,40.670879],[-74.069254,40.67087],[-74.069329,40.670892],[-74.069296,40.670879]]],[[[-74.069351,40.670901],[-74.069401,40.670898],[-74.069401,40.670922],[-74.069351,40.670901]]],[[[-74.070071,40.701288],[-74.070144,40.701233],[-74.070143,40.701288],[-74.070071,40.701288]]],[[[-74.07035,40.702744],[-74.070314,40.702771],[-74.070314,40.702743],[-74.07035,40.702744]]],[[[-74.070133,40.702853],[-74.070242,40.702771],[-74.070314,40.702771],[-74.070133,40.702853]]],[[[-74.069917,40.702797],[-74.069953,40.702824],[-74.069917,40.702824],[-74.069917,40.702797]]],[[[-74.070133,40.70288],[-74.070061,40.702852],[-74.070133,40.702853],[-74.070133,40.70288]]],[[[-74.069953,40.702907],[-74.070061,40.702935],[-74.069988,40.702962],[-74.069953,40.702907]]],[[[-74.069952,40.702934],[-74.069916,40.702962],[-74.069916,40.702934],[-74.069952,40.702934]]],[[[-74.069916,40.702962],[-74.06988,40.702989],[-74.06988,40.702961],[-74.069916,40.702962]]],[[[-74.070129,40.703566],[-74.070165,40.703594],[-74.070128,40.703594],[-74.070129,40.703566]]],[[[-74.068649,40.703698],[-74.068685,40.703671],[-74.068685,40.703698],[-74.068649,40.703698]]],[[[-74.072011,40.70253],[-74.072082,40.702723],[-74.069224,40.704057],[-74.0655,40.705361],[-74.064993,40.705633],[-74.064885,40.705605],[-74.064813,40.705633],[-74.06474,40.705687],[-74.064776,40.705742],[-74.064632,40.705714],[-74.065139,40.705442],[-74.065538,40.705031],[-74.06561,40.705087],[-74.065719,40.705005],[-74.065648,40.704785],[-74.065756,40.704813],[-74.065865,40.704758],[-74.065973,40.704786],[-74.065973,40.704813],[-74.065936,40.704813],[-74.065936,40.704841],[-74.066008,40.704868],[-74.068721,40.703726],[-74.06977,40.703208],[-74.070458,40.702771],[-74.070351,40.702716],[-74.070965,40.702444],[-74.071038,40.702444],[-74.071073,40.702499],[-74.071254,40.702445],[-74.071183,40.702335],[-74.072011,40.70253]],[[-74.064921,40.705605],[-74.064958,40.705578],[-74.064922,40.705578],[-74.064921,40.705605]],[[-74.065864,40.704813],[-74.065828,40.70484],[-74.065864,40.70484],[-74.065864,40.704813]],[[-74.065828,40.70484],[-74.065792,40.704868],[-74.065828,40.704868],[-74.065828,40.70484]],[[-74.065792,40.704868],[-74.065756,40.704895],[-74.065792,40.704895],[-74.065792,40.704868]],[[-74.065792,40.704895],[-74.065828,40.704923],[-74.065828,40.704895],[-74.065792,40.704895]],[[-74.065936,40.704841],[-74.0659,40.704868],[-74.065936,40.704868],[-74.065936,40.704841]],[[-74.070459,40.702744],[-74.070531,40.702717],[-74.070459,40.702717],[-74.070459,40.702744]],[[-74.070712,40.702663],[-74.070676,40.702608],[-74.070639,40.702662],[-74.070712,40.702663]],[[-74.070639,40.702662],[-74.070603,40.70269],[-74.070639,40.70269],[-74.070639,40.702662]],[[-74.070603,40.70269],[-74.070567,40.702717],[-74.070603,40.702717],[-74.070603,40.70269]],[[-74.070857,40.702526],[-74.07082,40.702581],[-74.070929,40.702526],[-74.070857,40.702526]],[[-74.07082,40.702581],[-74.070784,40.702608],[-74.07082,40.702608],[-74.07082,40.702581]],[[-74.070929,40.702526],[-74.070965,40.702499],[-74.070929,40.702499],[-74.070929,40.702526]],[[-74.070965,40.702526],[-74.071001,40.702554],[-74.071001,40.702526],[-74.070965,40.702526]],[[-74.071037,40.702472],[-74.071001,40.702499],[-74.071037,40.702499],[-74.071037,40.702472]],[[-74.071327,40.70239],[-74.07129,40.702418],[-74.071326,40.702418],[-74.071327,40.70239]]],[[[-74.067626,40.70578],[-74.068064,40.704986],[-74.067665,40.705204],[-74.067485,40.705148],[-74.06839,40.704768],[-74.068496,40.705042],[-74.069255,40.704881],[-74.06918,40.70532],[-74.068855,40.705236],[-74.067626,40.70578]]],[[[-74.068505,40.70927],[-74.069302,40.708641],[-74.069305,40.708202],[-74.069593,40.708395],[-74.069811,40.708149],[-74.070026,40.708315],[-74.07046,40.708097],[-74.070964,40.708263],[-74.070455,40.70892],[-74.070133,40.708562],[-74.069914,40.708836],[-74.069265,40.708888],[-74.069263,40.70919],[-74.068864,40.709463],[-74.068505,40.70927]]],[[[-74.067746,40.748521],[-74.06771,40.748493],[-74.067746,40.748493],[-74.067746,40.748521]]],[[[-74.067746,40.748548],[-74.067782,40.748521],[-74.067782,40.748548],[-74.067746,40.748548]]],[[[-74.067782,40.748548],[-74.067818,40.748576],[-74.067782,40.748576],[-74.067782,40.748548]]],[[[-74.068212,40.748989],[-74.068176,40.749016],[-74.068176,40.748989],[-74.068212,40.748989]]],[[[-74.06904,40.749267],[-74.069077,40.749239],[-74.069077,40.749267],[-74.06904,40.749267]]],[[[-74.069633,40.752563],[-74.068127,40.751047],[-74.068201,40.750636],[-74.0686,40.75039],[-74.068959,40.750721],[-74.069633,40.752563]]],[[[-74.067721,40.752418],[-74.067685,40.752391],[-74.067721,40.752391],[-74.067721,40.752418]]],[[[-74.06772,40.752556],[-74.067612,40.752528],[-74.06772,40.752528],[-74.06772,40.752556]]],[[[-74.067611,40.75261],[-74.067719,40.752665],[-74.067575,40.752665],[-74.067611,40.75261]]],[[[-74.067754,40.752775],[-74.067646,40.752748],[-74.067755,40.752748],[-74.067754,40.752775]]],[[[-74.067682,40.75283],[-74.06779,40.752913],[-74.067681,40.752912],[-74.067682,40.75283]]],[[[-74.067861,40.752995],[-74.067789,40.75294],[-74.067934,40.752941],[-74.067861,40.752995]]],[[[-74.06768,40.753077],[-74.067717,40.75305],[-74.067716,40.753077],[-74.06768,40.753077]]],[[[-74.068004,40.753216],[-74.067752,40.75316],[-74.067897,40.752996],[-74.068004,40.753216]]],[[[-74.067931,40.753353],[-74.067895,40.753325],[-74.067931,40.753325],[-74.067931,40.753353]]],[[[-74.06991,40.754376],[-74.069874,40.754348],[-74.069946,40.754321],[-74.06991,40.754376]]],[[[-74.070017,40.754541],[-74.069982,40.754458],[-74.070018,40.754458],[-74.070017,40.754541]]],[[[-74.070053,40.754623],[-74.069981,40.754595],[-74.070053,40.754541],[-74.070053,40.754623]]],[[[-74.06799,40.755384],[-74.067776,40.755026],[-74.067884,40.754999],[-74.06799,40.755384]],[[-74.067884,40.755082],[-74.067848,40.755109],[-74.067884,40.755109],[-74.067884,40.755082]]],[[[-74.067594,40.755245],[-74.06763,40.755218],[-74.06763,40.755245],[-74.067594,40.755245]]],[[[-74.06763,40.7553],[-74.067666,40.755273],[-74.067666,40.7553],[-74.06763,40.7553]]],[[[-74.067701,40.75541],[-74.067738,40.755383],[-74.067737,40.755411],[-74.067701,40.75541]]],[[[-74.068026,40.755494],[-74.068097,40.755659],[-74.068025,40.755659],[-74.068024,40.755686],[-74.067988,40.755686],[-74.068026,40.755494]]],[[[-74.0677,40.755603],[-74.067664,40.755575],[-74.0677,40.755575],[-74.0677,40.755603]]],[[[-74.068024,40.755768],[-74.068024,40.755686],[-74.068133,40.755659],[-74.068132,40.755714],[-74.06806,40.755714],[-74.06806,40.755769],[-74.068024,40.755768]]],[[[-74.068132,40.755769],[-74.068096,40.755741],[-74.068132,40.755741],[-74.068132,40.755769]]],[[[-74.068095,40.755851],[-74.06806,40.755769],[-74.068096,40.755769],[-74.068095,40.755851]]],[[[-74.068275,40.756044],[-74.068238,40.756071],[-74.068239,40.756044],[-74.068275,40.756044]]],[[[-74.068129,40.756208],[-74.068166,40.756181],[-74.068165,40.756208],[-74.068129,40.756208]]],[[[-74.068522,40.756951],[-74.068095,40.755961],[-74.068132,40.755769],[-74.068202,40.756099],[-74.06831,40.756099],[-74.068559,40.756731],[-74.068522,40.756951]],[[-74.068274,40.756181],[-74.068238,40.756208],[-74.068274,40.756209],[-74.068274,40.756181]]],[[[-74.068236,40.756401],[-74.0682,40.756373],[-74.068236,40.756373],[-74.068236,40.756401]]],[[[-74.068849,40.756623],[-74.068954,40.75709],[-74.068881,40.757172],[-74.068849,40.756623]]],[[[-74.068558,40.756923],[-74.06863,40.756924],[-74.068701,40.757061],[-74.068663,40.757336],[-74.068556,40.75717],[-74.068521,40.757033],[-74.068558,40.756923]],[[-74.068558,40.756951],[-74.068593,40.757006],[-74.068594,40.756951],[-74.068558,40.756951]]],[[[-74.068917,40.757199],[-74.068881,40.757227],[-74.068881,40.757199],[-74.068917,40.757199]]],[[[-74.068701,40.757171],[-74.068772,40.757308],[-74.0687,40.757308],[-74.068701,40.757171]]],[[[-74.068881,40.757227],[-74.068808,40.757281],[-74.068845,40.757226],[-74.068881,40.757227]]],[[[-74.068772,40.757308],[-74.068808,40.757364],[-74.068772,40.757363],[-74.068772,40.757308]]],[[[-74.068841,40.757803],[-74.068663,40.757336],[-74.068843,40.757446],[-74.068841,40.757803]],[[-74.068842,40.757583],[-74.068806,40.757638],[-74.068842,40.757638],[-74.068842,40.757583]]],[[[-74.068877,40.757748],[-74.068878,40.757721],[-74.068914,40.757721],[-74.068913,40.757748],[-74.068877,40.757748]]],[[[-74.068949,40.757776],[-74.068913,40.757748],[-74.06895,40.757748],[-74.068949,40.757776]]],[[[-74.068984,40.758023],[-74.068877,40.757858],[-74.068841,40.757803],[-74.069055,40.758133],[-74.068947,40.75816],[-74.068984,40.758023]]],[[[-74.068911,40.758078],[-74.068948,40.75805],[-74.068947,40.758078],[-74.068911,40.758078]]],[[[-74.067756,40.758101],[-74.067792,40.758073],[-74.067792,40.758101],[-74.067756,40.758101]]],[[[-74.068982,40.75827],[-74.069091,40.758133],[-74.069125,40.758518],[-74.068982,40.75827]]],[[[-74.067935,40.758403],[-74.067899,40.758376],[-74.067935,40.758376],[-74.067935,40.758403]]],[[[-74.068295,40.758514],[-74.068151,40.758377],[-74.068224,40.758322],[-74.068295,40.758514]]],[[[-74.067933,40.758568],[-74.06797,40.758486],[-74.06797,40.758568],[-74.067933,40.758568]]],[[[-74.069125,40.758518],[-74.069304,40.75882],[-74.069303,40.758848],[-74.069267,40.758848],[-74.069267,40.758902],[-74.069125,40.758518]]],[[[-74.068076,40.758843],[-74.068113,40.758788],[-74.068112,40.758843],[-74.068076,40.758843]]],[[[-74.069339,40.758875],[-74.069303,40.758848],[-74.06934,40.758848],[-74.069339,40.758875]]],[[[-74.069339,40.758958],[-74.069303,40.758985],[-74.069267,40.75893],[-74.069339,40.758958]]],[[[-74.069338,40.759095],[-74.0698,40.760167],[-74.069693,40.760084],[-74.069338,40.759095]]],[[[-74.069835,40.760387],[-74.069871,40.760332],[-74.069871,40.760387],[-74.069835,40.760387]]],[[[-74.069942,40.760524],[-74.069907,40.760497],[-74.069943,40.760497],[-74.069942,40.760524]]],[[[-74.069901,40.761293],[-74.069865,40.761265],[-74.069902,40.761265],[-74.069901,40.761293]]],[[[-74.069685,40.761292],[-74.069649,40.761265],[-74.069685,40.761265],[-74.069685,40.761292]]],[[[-74.069901,40.76132],[-74.069919,40.76132],[-74.069901,40.761329],[-74.069901,40.76132]]],[[[-74.067059,40.698641],[-74.06663,40.697981],[-74.066742,40.697405],[-74.067681,40.697271],[-74.068216,40.698096],[-74.067707,40.698808],[-74.067813,40.699028],[-74.067059,40.698641]]],[[[-74.06728,40.747997],[-74.067244,40.74797],[-74.06728,40.74797],[-74.06728,40.747997]]],[[[-74.067638,40.74841],[-74.067602,40.748383],[-74.067638,40.748383],[-74.067638,40.74841]]],[[[-74.06771,40.748493],[-74.067674,40.748465],[-74.06771,40.748466],[-74.06771,40.748493]]],[[[-74.069911,40.754266],[-74.068157,40.751899],[-74.067402,40.751402],[-74.067225,40.750989],[-74.06683,40.750549],[-74.066686,40.750521],[-74.066473,40.749971],[-74.066656,40.749642],[-74.066442,40.749147],[-74.065938,40.749063],[-74.066011,40.748926],[-74.065939,40.748843],[-74.06565,40.748952],[-74.065796,40.748678],[-74.065507,40.748649],[-74.065294,40.748182],[-74.065728,40.748019],[-74.065367,40.747963],[-74.065263,40.747304],[-74.065882,40.74651],[-74.067207,40.748162],[-74.067316,40.747997],[-74.067603,40.748328],[-74.067566,40.74841],[-74.067674,40.748411],[-74.067638,40.748493],[-74.068105,40.748824],[-74.068249,40.748824],[-74.067822,40.74789],[-74.067729,40.745556],[-74.06886,40.749266],[-74.069184,40.749432],[-74.068927,40.750007],[-74.068643,40.749293],[-74.068499,40.749265],[-74.068356,40.749127],[-74.06832,40.749017],[-74.068104,40.748934],[-74.068566,40.750143],[-74.067877,40.750552],[-74.067801,40.751101],[-74.069487,40.752782],[-74.06995,40.753717],[-74.069911,40.754266]],[[-74.068837,40.752779],[-74.068874,40.752752],[-74.068837,40.752752],[-74.068837,40.752779]],[[-74.068802,40.75267],[-74.068838,40.752642],[-74.068802,40.752642],[-74.068802,40.75267]],[[-74.065831,40.748843],[-74.065795,40.748788],[-74.065795,40.748843],[-74.065831,40.748843]],[[-74.067315,40.748162],[-74.067243,40.748217],[-74.067351,40.748245],[-74.067315,40.748162]],[[-74.067351,40.748245],[-74.067386,40.7483],[-74.067387,40.748245],[-74.067351,40.748245]],[[-74.067352,40.748107],[-74.067315,40.748135],[-74.067351,40.748135],[-74.067352,40.748107]],[[-74.067531,40.7483],[-74.067494,40.748328],[-74.067531,40.748328],[-74.067531,40.7483]],[[-74.068356,40.749072],[-74.068392,40.749045],[-74.068356,40.749044],[-74.068356,40.749072]],[[-74.06916,40.753165],[-74.069196,40.753138],[-74.06916,40.753138],[-74.06916,40.753165]],[[-74.069088,40.753082],[-74.069124,40.753055],[-74.069088,40.753055],[-74.069088,40.753082]],[[-74.069052,40.753027],[-74.069089,40.753],[-74.069052,40.753],[-74.069052,40.753027]]],[[[-74.066829,40.750686],[-74.066866,40.750658],[-74.066866,40.750686],[-74.066829,40.750686]]],[[[-74.066973,40.750769],[-74.067009,40.750796],[-74.066973,40.750796],[-74.066973,40.750769]]],[[[-74.066865,40.750823],[-74.066901,40.750796],[-74.066901,40.750823],[-74.066865,40.750823]]],[[[-74.066936,40.750906],[-74.066901,40.750851],[-74.066937,40.750851],[-74.066936,40.750906]]],[[[-74.067221,40.751593],[-74.067042,40.75129],[-74.067005,40.751455],[-74.067041,40.75151],[-74.066861,40.751454],[-74.066614,40.750575],[-74.0669,40.750988],[-74.067044,40.750934],[-74.067329,40.751621],[-74.067221,40.751593]],[[-74.067042,40.75129],[-74.067007,40.751208],[-74.067006,40.75129],[-74.067042,40.75129]],[[-74.067007,40.751208],[-74.066971,40.75118],[-74.06697,40.751208],[-74.067007,40.751208]],[[-74.067293,40.751538],[-74.067257,40.751566],[-74.067293,40.751566],[-74.067293,40.751538]]],[[[-74.067041,40.751455],[-74.067077,40.751483],[-74.067041,40.751483],[-74.067041,40.751455]]],[[[-74.067327,40.751868],[-74.067364,40.751786],[-74.067363,40.751868],[-74.067327,40.751868]]],[[[-74.067399,40.751923],[-74.067327,40.751923],[-74.067435,40.751896],[-74.067399,40.751923]]],[[[-74.067254,40.752032],[-74.06729,40.751978],[-74.06729,40.752033],[-74.067254,40.752032]]],[[[-74.067505,40.752225],[-74.067398,40.752143],[-74.067506,40.752143],[-74.067505,40.752225]]],[[[-74.066784,40.752195],[-74.066819,40.75225],[-74.066783,40.75225],[-74.066784,40.752195]]],[[[-74.067541,40.752281],[-74.067577,40.752253],[-74.067577,40.752281],[-74.067541,40.752281]]],[[[-74.067633,40.754779],[-74.065751,40.750023],[-74.065754,40.749611],[-74.066252,40.750711],[-74.066249,40.751095],[-74.066358,40.751041],[-74.066429,40.751206],[-74.066392,40.751425],[-74.066606,40.751673],[-74.066569,40.751893],[-74.066713,40.751948],[-74.066784,40.752113],[-74.066747,40.752332],[-74.066926,40.75247],[-74.067068,40.752883],[-74.066995,40.752965],[-74.067103,40.753047],[-74.067388,40.75368],[-74.067421,40.754092],[-74.067848,40.754999],[-74.067633,40.754779]],[[-74.065931,40.750024],[-74.065895,40.750078],[-74.065931,40.750078],[-74.065931,40.750024]],[[-74.065967,40.750134],[-74.065895,40.750106],[-74.065966,40.750188],[-74.065967,40.750134]],[[-74.06618,40.750656],[-74.066143,40.750711],[-74.06618,40.750711],[-74.06618,40.750656]],[[-74.066392,40.751288],[-74.066356,40.75126],[-74.066356,40.751288],[-74.066392,40.751288]],[[-74.066677,40.751948],[-74.066641,40.751975],[-74.066677,40.751975],[-74.066677,40.751948]],[[-74.066748,40.752168],[-74.066712,40.75214],[-74.066712,40.752168],[-74.066748,40.752168]],[[-74.066853,40.752635],[-74.06689,40.752553],[-74.066853,40.752552],[-74.066853,40.752635]],[[-74.067032,40.752883],[-74.066996,40.75291],[-74.067032,40.75291],[-74.067032,40.752883]],[[-74.067067,40.753047],[-74.067031,40.753075],[-74.067067,40.753075],[-74.067067,40.753047]],[[-74.067351,40.75368],[-74.067315,40.753707],[-74.067351,40.753707],[-74.067351,40.75368]]],[[[-74.067504,40.75239],[-74.067684,40.752473],[-74.067504,40.7525],[-74.067504,40.75239]]],[[[-74.066565,40.752469],[-74.066638,40.752442],[-74.066637,40.752469],[-74.066565,40.752469]]],[[[-74.067611,40.752583],[-74.067575,40.752555],[-74.067611,40.752555],[-74.067611,40.752583]]],[[[-74.067467,40.752637],[-74.067502,40.752665],[-74.067466,40.752665],[-74.067467,40.752637]]],[[[-74.066708,40.752717],[-74.066744,40.752689],[-74.066744,40.752717],[-74.066708,40.752717]]],[[[-74.066851,40.752992],[-74.066815,40.752964],[-74.066851,40.752964],[-74.066851,40.752992]]],[[[-74.066886,40.753047],[-74.06685,40.753019],[-74.066887,40.753019],[-74.066886,40.753047]]],[[[-74.066742,40.753074],[-74.066778,40.753046],[-74.066778,40.753074],[-74.066742,40.753074]]],[[[-74.066813,40.753184],[-74.06685,40.753156],[-74.066849,40.753184],[-74.066813,40.753184]]],[[[-74.066885,40.753239],[-74.066813,40.753211],[-74.066885,40.753211],[-74.066885,40.753239]]],[[[-74.066957,40.753349],[-74.066885,40.753321],[-74.066957,40.753321],[-74.066957,40.753349]]],[[[-74.066992,40.753404],[-74.06692,40.753431],[-74.06692,40.753404],[-74.066992,40.753404]]],[[[-74.06692,40.753459],[-74.066884,40.753431],[-74.06692,40.753431],[-74.06692,40.753459]]],[[[-74.06692,40.753486],[-74.066955,40.753514],[-74.066919,40.753513],[-74.06692,40.753486]]],[[[-74.066955,40.753596],[-74.066991,40.753569],[-74.066991,40.753596],[-74.066955,40.753596]]],[[[-74.066771,40.754089],[-74.066274,40.752907],[-74.066274,40.752797],[-74.066559,40.753375],[-74.066878,40.754364],[-74.066842,40.754364],[-74.066806,40.754282],[-74.066771,40.754089]]],[[[-74.067135,40.753624],[-74.066991,40.753678],[-74.066991,40.753624],[-74.067135,40.753624]]],[[[-74.067098,40.753789],[-74.06717,40.753761],[-74.06717,40.753789],[-74.067098,40.753789]]],[[[-74.067457,40.754064],[-74.06753,40.75401],[-74.067493,40.754065],[-74.067457,40.754064]]],[[[-74.066482,40.754116],[-74.066697,40.754336],[-74.066625,40.754391],[-74.066482,40.754116]]],[[[-74.067275,40.754311],[-74.067348,40.754284],[-74.067347,40.754311],[-74.067275,40.754311]]],[[[-74.066914,40.754419],[-74.066878,40.754364],[-74.066914,40.754364],[-74.066914,40.754419]]],[[[-74.067346,40.754503],[-74.067274,40.754448],[-74.067346,40.754448],[-74.067346,40.754503]]],[[[-74.067418,40.754531],[-74.067454,40.754559],[-74.067418,40.754558],[-74.067418,40.754531]]],[[[-74.066985,40.754584],[-74.066949,40.754529],[-74.066985,40.754529],[-74.066985,40.754584]]],[[[-74.066984,40.754639],[-74.066948,40.754612],[-74.066984,40.754612],[-74.066984,40.754639]]],[[[-74.067417,40.754668],[-74.067345,40.75464],[-74.067417,40.754641],[-74.067417,40.754668]]],[[[-74.066984,40.754667],[-74.06702,40.754639],[-74.06702,40.754667],[-74.066984,40.754667]]],[[[-74.067381,40.754723],[-74.067453,40.754751],[-74.067381,40.75475],[-74.067381,40.754723]]],[[[-74.067056,40.754777],[-74.06702,40.754722],[-74.067056,40.754722],[-74.067056,40.754777]]],[[[-74.067091,40.754832],[-74.067055,40.754804],[-74.067092,40.754804],[-74.067091,40.754832]]],[[[-74.067524,40.754916],[-74.067452,40.754888],[-74.067524,40.754888],[-74.067524,40.754916]]],[[[-74.067091,40.754941],[-74.067127,40.754887],[-74.067127,40.754942],[-74.067091,40.754941]]],[[[-74.06709,40.754996],[-74.067127,40.754969],[-74.067126,40.754997],[-74.06709,40.754996]]],[[[-74.067162,40.755024],[-74.067126,40.754997],[-74.067162,40.754997],[-74.067162,40.755024]]],[[[-74.067198,40.755107],[-74.067162,40.755079],[-74.067198,40.755079],[-74.067198,40.755107]]],[[[-74.066476,40.755104],[-74.06644,40.755076],[-74.066476,40.755076],[-74.066476,40.755104]]],[[[-74.067665,40.755493],[-74.067449,40.755409],[-74.067128,40.754695],[-74.067345,40.754695],[-74.067665,40.755493]]],[[[-74.067162,40.755134],[-74.067126,40.755106],[-74.067162,40.755106],[-74.067162,40.755134]]],[[[-74.067197,40.755216],[-74.067161,40.755189],[-74.067197,40.755189],[-74.067197,40.755216]]],[[[-74.066475,40.755296],[-74.066439,40.755268],[-74.066475,40.755269],[-74.066475,40.755296]]],[[[-74.06651,40.755406],[-74.066474,40.755378],[-74.06651,40.755379],[-74.06651,40.755406]]],[[[-74.066437,40.755461],[-74.066474,40.755433],[-74.066474,40.755461],[-74.066437,40.755461]]],[[[-74.066473,40.755571],[-74.066509,40.755543],[-74.066509,40.755571],[-74.066473,40.755571]]],[[[-74.066617,40.755653],[-74.066581,40.755626],[-74.066617,40.755626],[-74.066617,40.755653]]],[[[-74.066508,40.755653],[-74.066545,40.755626],[-74.066545,40.755653],[-74.066508,40.755653]]],[[[-74.066653,40.755681],[-74.066689,40.755654],[-74.066689,40.755681],[-74.066653,40.755681]]],[[[-74.066722,40.756066],[-74.066759,40.756038],[-74.066758,40.756066],[-74.066722,40.756066]]],[[[-74.066794,40.756203],[-74.066758,40.756121],[-74.066794,40.756121],[-74.066794,40.756203]]],[[[-74.066722,40.756175],[-74.066686,40.756148],[-74.066722,40.756148],[-74.066722,40.756175]]],[[[-74.066758,40.756203],[-74.066721,40.75623],[-74.066721,40.756203],[-74.066758,40.756203]]],[[[-74.066865,40.756258],[-74.066828,40.75645],[-74.066793,40.756231],[-74.066865,40.756258]]],[[[-74.066862,40.75678],[-74.066898,40.756752],[-74.066898,40.75678],[-74.066862,40.75678]]],[[[-74.067325,40.757687],[-74.067289,40.757742],[-74.067289,40.757687],[-74.067325,40.757687]]],[[[-74.065716,40.66704],[-74.065308,40.668247],[-74.065703,40.668523],[-74.065913,40.66954],[-74.067853,40.670508],[-74.069185,40.670862],[-74.068149,40.670712],[-74.064865,40.669133],[-74.065154,40.667885],[-74.065716,40.66704]]],[[[-74.066986,40.704323],[-74.06695,40.704296],[-74.066986,40.704296],[-74.066986,40.704323]]],[[[-74.066914,40.704323],[-74.066877,40.70435],[-74.066877,40.704323],[-74.066914,40.704323]]],[[[-74.066877,40.704378],[-74.066841,40.70435],[-74.066877,40.70435],[-74.066877,40.704378]]],[[[-74.066625,40.704377],[-74.066661,40.704349],[-74.066661,40.704377],[-74.066625,40.704377]]],[[[-74.066552,40.704486],[-74.066516,40.704513],[-74.066516,40.704486],[-74.066552,40.704486]]],[[[-74.066516,40.704513],[-74.066479,40.704541],[-74.066479,40.704513],[-74.066516,40.704513]]],[[[-74.066335,40.70454],[-74.066299,40.704513],[-74.066335,40.704513],[-74.066335,40.70454]]],[[[-74.066407,40.704541],[-74.066443,40.704568],[-74.066407,40.704568],[-74.066407,40.704541]]],[[[-74.066335,40.704568],[-74.066371,40.704595],[-74.066335,40.704595],[-74.066335,40.704568]]],[[[-74.06619,40.704595],[-74.066227,40.704567],[-74.066226,40.704595],[-74.06619,40.704595]]],[[[-74.066334,40.704623],[-74.066299,40.704595],[-74.066335,40.704595],[-74.066334,40.704623]]],[[[-74.066298,40.704622],[-74.066226,40.70465],[-74.066226,40.704622],[-74.066298,40.704622]]],[[[-74.065974,40.748953],[-74.065939,40.748926],[-74.065975,40.748926],[-74.065974,40.748953]]],[[[-74.066369,40.749312],[-74.066406,40.749202],[-74.066405,40.749312],[-74.066369,40.749312]]],[[[-74.066477,40.749394],[-74.066441,40.749367],[-74.066477,40.749367],[-74.066477,40.749394]]],[[[-74.066513,40.749449],[-74.066477,40.749422],[-74.066513,40.749422],[-74.066513,40.749449]]],[[[-74.065718,40.749501],[-74.065683,40.749419],[-74.065719,40.749419],[-74.065718,40.749501]]],[[[-74.066476,40.749586],[-74.066512,40.749532],[-74.066512,40.749587],[-74.066476,40.749586]]],[[[-74.065681,40.749611],[-74.065754,40.749529],[-74.065754,40.749611],[-74.065681,40.749611]]],[[[-74.066511,40.749641],[-74.066548,40.749614],[-74.066547,40.749642],[-74.066511,40.749641]]],[[[-74.066475,40.749669],[-74.066439,40.749641],[-74.066475,40.749641],[-74.066475,40.749669]]],[[[-74.065642,40.750077],[-74.065607,40.750022],[-74.065643,40.750022],[-74.065642,40.750077]]],[[[-74.065749,40.75038],[-74.065712,40.750407],[-74.065712,40.75038],[-74.065749,40.75038]]],[[[-74.065748,40.750435],[-74.06582,40.75049],[-74.065748,40.750517],[-74.065748,40.750435]]],[[[-74.065638,40.750709],[-74.065602,40.750681],[-74.065638,40.750681],[-74.065638,40.750709]]],[[[-74.065565,40.750873],[-74.065529,40.750846],[-74.065565,40.750846],[-74.065565,40.750873]]],[[[-74.065564,40.750983],[-74.065601,40.750901],[-74.0656,40.750983],[-74.065564,40.750983]]],[[[-74.066286,40.750958],[-74.066322,40.750986],[-74.066286,40.750986],[-74.066286,40.750958]]],[[[-74.065564,40.751038],[-74.065636,40.751011],[-74.065636,40.751038],[-74.065564,40.751038]]],[[[-74.065707,40.751258],[-74.065671,40.751203],[-74.065707,40.751203],[-74.065707,40.751258]]],[[[-74.0665,40.751398],[-74.066464,40.751371],[-74.0665,40.751371],[-74.0665,40.751398]]],[[[-74.066463,40.75148],[-74.0665,40.751426],[-74.066499,40.751481],[-74.066463,40.75148]]],[[[-74.065707,40.751285],[-74.065849,40.75156],[-74.065848,40.75167],[-74.065707,40.751285]]],[[[-74.06621,40.751534],[-74.066318,40.75159],[-74.06621,40.751589],[-74.06621,40.751534]]],[[[-74.065633,40.751477],[-74.065595,40.751724],[-74.065489,40.751449],[-74.065633,40.751477]]],[[[-74.066424,40.752029],[-74.06646,40.752002],[-74.06646,40.752029],[-74.066424,40.752029]]],[[[-74.066132,40.752412],[-74.065848,40.751808],[-74.065848,40.75167],[-74.066132,40.752412]]],[[[-74.065917,40.752165],[-74.065701,40.752136],[-74.065702,40.751944],[-74.065917,40.752165]]],[[[-74.065809,40.752247],[-74.065845,40.752274],[-74.065808,40.752274],[-74.065809,40.752247]]],[[[-74.065498,40.749995],[-74.066137,40.751644],[-74.066496,40.751947],[-74.066315,40.752029],[-74.066532,40.752057],[-74.066386,40.752249],[-74.066603,40.752222],[-74.066457,40.752469],[-74.066709,40.752524],[-74.066745,40.752607],[-74.066599,40.752826],[-74.066816,40.752799],[-74.06667,40.752991],[-74.066954,40.753788],[-74.067277,40.754009],[-74.067131,40.754228],[-74.067309,40.75464],[-74.067057,40.754612],[-74.065498,40.749995]],[[-74.06653,40.752277],[-74.066422,40.752304],[-74.06653,40.752304],[-74.06653,40.752277]],[[-74.066565,40.752496],[-74.066493,40.752524],[-74.066565,40.752551],[-74.066565,40.752496]],[[-74.0666,40.752744],[-74.066564,40.752716],[-74.066563,40.752744],[-74.0666,40.752744]]],[[[-74.065914,40.752686],[-74.065988,40.752467],[-74.066022,40.752714],[-74.065914,40.752686]]],[[[-74.066169,40.752413],[-74.066275,40.75266],[-74.066274,40.752797],[-74.066132,40.75255],[-74.066169,40.752413]]],[[[-74.066022,40.752741],[-74.066058,40.752714],[-74.066058,40.752742],[-74.066022,40.752741]]],[[[-74.065515,40.752987],[-74.065552,40.752932],[-74.065551,40.752987],[-74.065515,40.752987]]],[[[-74.065587,40.753042],[-74.065551,40.753014],[-74.065587,40.753014],[-74.065587,40.753042]]],[[[-74.065657,40.753344],[-74.065694,40.753289],[-74.065693,40.753344],[-74.065657,40.753344]]],[[[-74.065584,40.753426],[-74.065621,40.753399],[-74.06562,40.753426],[-74.065584,40.753426]]],[[[-74.065728,40.753509],[-74.065765,40.753454],[-74.065764,40.753509],[-74.065728,40.753509]]],[[[-74.065764,40.753619],[-74.0658,40.753537],[-74.0658,40.753619],[-74.065764,40.753619]]],[[[-74.06598,40.753647],[-74.065944,40.75362],[-74.06598,40.75362],[-74.06598,40.753647]]],[[[-74.065835,40.753702],[-74.0658,40.753619],[-74.065836,40.753619],[-74.065835,40.753702]]],[[[-74.06598,40.753702],[-74.065944,40.753674],[-74.06598,40.753675],[-74.06598,40.753702]]],[[[-74.066016,40.753702],[-74.065979,40.753812],[-74.06598,40.753702],[-74.066016,40.753702]]],[[[-74.065835,40.753729],[-74.065871,40.753811],[-74.065835,40.753811],[-74.065835,40.753729]]],[[[-74.065906,40.753894],[-74.06587,40.753839],[-74.065907,40.753839],[-74.065906,40.753894]]],[[[-74.066014,40.753922],[-74.066015,40.753839],[-74.066051,40.75384],[-74.06605,40.753922],[-74.066014,40.753922]]],[[[-74.066086,40.75395],[-74.06605,40.753922],[-74.066087,40.753922],[-74.066086,40.75395]]],[[[-74.065905,40.754004],[-74.065942,40.753894],[-74.065942,40.754004],[-74.065905,40.754004]]],[[[-74.066086,40.754004],[-74.066122,40.753977],[-74.066122,40.754005],[-74.066086,40.754004]]],[[[-74.065977,40.754086],[-74.065941,40.754031],[-74.065978,40.754031],[-74.065977,40.754086]]],[[[-74.066013,40.754196],[-74.065977,40.754114],[-74.066013,40.754114],[-74.066013,40.754196]]],[[[-74.066154,40.754636],[-74.06619,40.754609],[-74.06619,40.754636],[-74.066154,40.754636]]],[[[-74.06619,40.754719],[-74.066226,40.754664],[-74.066226,40.754719],[-74.06619,40.754719]]],[[[-74.066333,40.754801],[-74.06637,40.754774],[-74.06637,40.754802],[-74.066333,40.754801]]],[[[-74.066298,40.754774],[-74.066225,40.754801],[-74.066226,40.754719],[-74.066298,40.754774]]],[[[-74.066189,40.754828],[-74.066153,40.754801],[-74.066189,40.754801],[-74.066189,40.754828]]],[[[-74.066369,40.754884],[-74.066333,40.754856],[-74.066369,40.754856],[-74.066369,40.754884]]],[[[-74.066405,40.754884],[-74.066332,40.755048],[-74.066297,40.754884],[-74.066333,40.754939],[-74.066405,40.754884]]],[[[-74.066441,40.754966],[-74.066404,40.755021],[-74.066405,40.754966],[-74.066441,40.754966]]],[[[-74.06644,40.755104],[-74.066367,40.755131],[-74.066368,40.755049],[-74.06644,40.755104]]],[[[-74.066438,40.755406],[-74.066402,40.755378],[-74.066438,40.755378],[-74.066438,40.755406]]],[[[-74.064438,40.70231],[-74.061849,40.70101],[-74.062684,40.700244],[-74.064015,40.700798],[-74.063831,40.701347],[-74.064224,40.701897],[-74.06491,40.701762],[-74.064699,40.701048],[-74.065346,40.701325],[-74.065672,40.701106],[-74.065707,40.701326],[-74.065127,40.701736],[-74.065159,40.702285],[-74.064619,40.702118],[-74.064438,40.70231]]],[[[-74.066154,40.704649],[-74.066118,40.704594],[-74.06619,40.704595],[-74.066154,40.704649]]],[[[-74.066154,40.704677],[-74.066226,40.70465],[-74.066226,40.704677],[-74.066154,40.704677]]],[[[-74.066082,40.704649],[-74.06601,40.704676],[-74.06601,40.704649],[-74.066082,40.704649]]],[[[-74.066118,40.704704],[-74.066154,40.704677],[-74.066154,40.704704],[-74.066118,40.704704]]],[[[-74.06601,40.704676],[-74.065973,40.704704],[-74.065973,40.704676],[-74.06601,40.704676]]],[[[-74.066045,40.704704],[-74.066117,40.704732],[-74.066045,40.704731],[-74.066045,40.704704]]],[[[-74.065865,40.704758],[-74.065973,40.704704],[-74.065973,40.704758],[-74.065865,40.704758]]],[[[-74.066009,40.704759],[-74.066045,40.704731],[-74.066045,40.704759],[-74.066009,40.704759]]],[[[-74.065793,40.704758],[-74.065757,40.70473],[-74.065793,40.70473],[-74.065793,40.704758]]],[[[-74.065973,40.704758],[-74.066009,40.704786],[-74.065973,40.704786],[-74.065973,40.704758]]],[[[-74.065756,40.704785],[-74.06572,40.704758],[-74.065756,40.704758],[-74.065756,40.704785]]],[[[-74.066008,40.704841],[-74.065973,40.704813],[-74.066009,40.704814],[-74.066008,40.704841]]],[[[-74.065648,40.704812],[-74.065612,40.704839],[-74.065612,40.704812],[-74.065648,40.704812]]],[[[-74.065575,40.704894],[-74.065539,40.704867],[-74.065575,40.704867],[-74.065575,40.704894]]],[[[-74.065575,40.704977],[-74.065683,40.705004],[-74.065574,40.705031],[-74.065575,40.704977]]],[[[-74.065394,40.705086],[-74.065503,40.704949],[-74.065575,40.704949],[-74.065575,40.704977],[-74.065539,40.704976],[-74.065538,40.705031],[-74.065466,40.705086],[-74.065394,40.705086]]],[[[-74.065757,40.704648],[-74.065285,40.705085],[-74.065285,40.705113],[-74.065249,40.705113],[-74.065213,40.705085],[-74.065213,40.705167],[-74.065177,40.705167],[-74.065177,40.705195],[-74.06514,40.705195],[-74.06514,40.705222],[-74.065104,40.705222],[-74.065104,40.705249],[-74.065068,40.705249],[-74.065032,40.705304],[-74.064815,40.705331],[-74.064634,40.705467],[-74.064668,40.705659],[-74.064415,40.705741],[-74.064379,40.705823],[-74.064271,40.705768],[-74.064452,40.705604],[-74.064273,40.705521],[-74.065687,40.704401],[-74.065757,40.704648]],[[-74.064633,40.70555],[-74.064561,40.705522],[-74.064561,40.705549],[-74.064633,40.70555]],[[-74.064488,40.705714],[-74.064452,40.705686],[-74.064452,40.705714],[-74.064488,40.705714]],[[-74.064379,40.705768],[-74.064343,40.705741],[-74.064343,40.705768],[-74.064379,40.705768]],[[-74.064452,40.705604],[-74.064525,40.705577],[-74.064453,40.705576],[-74.064452,40.705604]]],[[[-74.065393,40.705141],[-74.065285,40.705113],[-74.065394,40.705086],[-74.065393,40.705141]]],[[[-74.065248,40.70525],[-74.065177,40.705195],[-74.065213,40.705195],[-74.065248,40.70525]]],[[[-74.065031,40.705331],[-74.065103,40.705359],[-74.065031,40.705359],[-74.065031,40.705331]]],[[[-74.064959,40.705359],[-74.064923,40.705358],[-74.064923,40.705331],[-74.064959,40.705331],[-74.064959,40.705359]]],[[[-74.065031,40.705414],[-74.064959,40.705359],[-74.065031,40.705359],[-74.065031,40.705414]]],[[[-74.065103,40.705387],[-74.065067,40.705414],[-74.065067,40.705386],[-74.065103,40.705387]]],[[[-74.064922,40.705441],[-74.064959,40.705413],[-74.064958,40.705441],[-74.064922,40.705441]]],[[[-74.064814,40.705495],[-74.064922,40.705441],[-74.064813,40.70555],[-74.064814,40.705495]]],[[[-74.064813,40.70555],[-74.064777,40.705577],[-74.064777,40.70555],[-74.064813,40.70555]]],[[[-74.064921,40.705633],[-74.064885,40.70566],[-74.064885,40.705633],[-74.064921,40.705633]]],[[[-74.064813,40.70566],[-74.064885,40.705688],[-74.064813,40.705687],[-74.064813,40.70566]]],[[[-74.064777,40.705687],[-74.064812,40.705715],[-74.064776,40.705715],[-74.064777,40.705687]]],[[[-74.064632,40.705742],[-74.064596,40.705714],[-74.064632,40.705714],[-74.064632,40.705742]]],[[[-74.064704,40.705742],[-74.064668,40.705769],[-74.064668,40.705742],[-74.064704,40.705742]]],[[[-74.064524,40.705741],[-74.06456,40.705769],[-74.064524,40.705769],[-74.064524,40.705741]]],[[[-74.064595,40.705796],[-74.064632,40.705769],[-74.064632,40.705797],[-74.064595,40.705796]]],[[[-74.064487,40.705769],[-74.064523,40.705796],[-74.064487,40.705796],[-74.064487,40.705769]]],[[[-74.064595,40.705796],[-74.064559,40.705824],[-74.064559,40.705796],[-74.064595,40.705796]]],[[[-74.064487,40.705796],[-74.064415,40.705823],[-74.064415,40.705796],[-74.064487,40.705796]]],[[[-74.064307,40.705795],[-74.064307,40.70585],[-74.064162,40.705822],[-74.064163,40.705767],[-74.064307,40.705795]],[[-74.064271,40.705795],[-74.064235,40.705823],[-74.064271,40.705823],[-74.064271,40.705795]]],[[[-74.064523,40.705824],[-74.064487,40.705851],[-74.064487,40.705823],[-74.064523,40.705824]]],[[[-74.064379,40.705823],[-74.064415,40.705851],[-74.064379,40.70585],[-74.064379,40.705823]]],[[[-74.064162,40.70585],[-74.064126,40.70585],[-74.064126,40.705822],[-74.064162,40.705822],[-74.064162,40.70585]]],[[[-74.064415,40.705851],[-74.064451,40.705878],[-74.064415,40.705878],[-74.064415,40.705851]]],[[[-74.064198,40.705905],[-74.064162,40.70585],[-74.064198,40.70585],[-74.064198,40.705905]]],[[[-74.064307,40.70585],[-74.064342,40.705933],[-74.06427,40.705905],[-74.064307,40.70585]]],[[[-74.063909,40.706013],[-74.063801,40.705903],[-74.064126,40.705877],[-74.063909,40.706013]],[[-74.064017,40.705931],[-74.063982,40.705904],[-74.063981,40.705931],[-74.064017,40.705931]],[[-74.063945,40.705959],[-74.063909,40.705931],[-74.063909,40.705959],[-74.063945,40.705959]]],[[[-74.064161,40.706014],[-74.064125,40.705959],[-74.06427,40.705905],[-74.064161,40.706014]]],[[[-74.064125,40.706014],[-74.064089,40.706042],[-74.064089,40.706014],[-74.064125,40.706014]]],[[[-74.063837,40.706013],[-74.0638,40.70604],[-74.0638,40.706013],[-74.063837,40.706013]]],[[[-74.063728,40.70604],[-74.063692,40.706013],[-74.063728,40.706013],[-74.063728,40.70604]]],[[[-74.064053,40.706069],[-74.064017,40.706041],[-74.064053,40.706041],[-74.064053,40.706069]]],[[[-74.063945,40.706014],[-74.06398,40.706096],[-74.063872,40.706096],[-74.063945,40.706014]]],[[[-74.063728,40.70604],[-74.063764,40.706068],[-74.063728,40.706068],[-74.063728,40.70604]]],[[[-74.063584,40.706095],[-74.06362,40.706067],[-74.06362,40.706095],[-74.063584,40.706095]]],[[[-74.063872,40.706123],[-74.0638,40.706095],[-74.063872,40.706096],[-74.063872,40.706123]]],[[[-74.063655,40.706122],[-74.06362,40.706095],[-74.063656,40.706095],[-74.063655,40.706122]]],[[[-74.063511,40.706122],[-74.063511,40.706094],[-74.063547,40.706094],[-74.063547,40.706122],[-74.063511,40.706122]]],[[[-74.063583,40.706149],[-74.063547,40.706122],[-74.063583,40.706122],[-74.063583,40.706149]]],[[[-74.063727,40.706205],[-74.063763,40.706178],[-74.063763,40.706205],[-74.063727,40.706205]]],[[[-74.063546,40.706287],[-74.063582,40.706259],[-74.063582,40.706287],[-74.063546,40.706287]]],[[[-74.063438,40.706341],[-74.063474,40.706314],[-74.063474,40.706341],[-74.063438,40.706341]]],[[[-74.063401,40.706368],[-74.063365,40.706341],[-74.063402,40.706341],[-74.063401,40.706368]]],[[[-74.063293,40.706423],[-74.063257,40.706395],[-74.063293,40.706395],[-74.063293,40.706423]]],[[[-74.063076,40.706504],[-74.063112,40.706477],[-74.063112,40.706505],[-74.063076,40.706504]]],[[[-74.065499,40.749885],[-74.065535,40.749857],[-74.065535,40.749885],[-74.065499,40.749885]]],[[[-74.065499,40.749885],[-74.065463,40.749912],[-74.065463,40.749885],[-74.065499,40.749885]]],[[[-74.065462,40.749994],[-74.065463,40.749967],[-74.065499,40.749967],[-74.065498,40.749995],[-74.065462,40.749994]]],[[[-74.06553,40.750763],[-74.065494,40.750736],[-74.06553,40.750736],[-74.06553,40.750763]]],[[[-74.06484,40.751365],[-74.064876,40.751337],[-74.064876,40.751365],[-74.06484,40.751365]]],[[[-74.064984,40.751447],[-74.065019,40.751502],[-74.064983,40.751502],[-74.064984,40.751447]]],[[[-74.065196,40.752162],[-74.065232,40.752135],[-74.065232,40.752162],[-74.065196,40.752162]]],[[[-74.065267,40.752217],[-74.065231,40.752189],[-74.065268,40.75219],[-74.065267,40.752217]]],[[[-74.065337,40.752684],[-74.065481,40.752657],[-74.06548,40.752822],[-74.065337,40.752684]]],[[[-74.065546,40.698251],[-74.065257,40.698332],[-74.065079,40.697975],[-74.063642,40.697064],[-74.063609,40.696624],[-74.060878,40.695104],[-74.061136,40.694227],[-74.060959,40.693842],[-74.060706,40.693868],[-74.060486,40.694416],[-74.060233,40.694498],[-74.057323,40.692812],[-74.05758,40.692045],[-74.05715,40.691714],[-74.054848,40.690717],[-74.0543,40.69184],[-74.054163,40.691949],[-74.054818,40.690657],[-74.057814,40.691965],[-74.057479,40.69281],[-74.058322,40.693287],[-74.058756,40.692501],[-74.058952,40.692563],[-74.058686,40.693452],[-74.059387,40.693881],[-74.059784,40.693079],[-74.059994,40.693121],[-74.0597,40.694059],[-74.060237,40.694409],[-74.060745,40.693614],[-74.06137,40.693886],[-74.06103,40.695033],[-74.064731,40.697091],[-74.06515,40.697088],[-74.06524,40.697678],[-74.065944,40.698101],[-74.066106,40.698135],[-74.066563,40.696832],[-74.067029,40.696369],[-74.068145,40.696881],[-74.069167,40.696132],[-74.068296,40.696889],[-74.067863,40.696887],[-74.067037,40.696418],[-74.066601,40.696855],[-74.066087,40.698226],[-74.065404,40.698004],[-74.065546,40.698251]],[[-74.065404,40.698004],[-74.065368,40.697976],[-74.065368,40.698003],[-74.065404,40.698004]]],[[[-74.054392,40.699746],[-74.054579,40.698758],[-74.054649,40.699033],[-74.055332,40.699393],[-74.055366,40.699667],[-74.055114,40.699557],[-74.054715,40.699967],[-74.054392,40.699746]]],[[[-74.058998,40.701328],[-74.058494,40.701162],[-74.057812,40.700665],[-74.05864,40.700888],[-74.05911,40.70078],[-74.059646,40.701523],[-74.05914,40.701713],[-74.058708,40.701519],[-74.058998,40.701328]]],[[[-74.062805,40.703758],[-74.062916,40.703402],[-74.061692,40.702931],[-74.061622,40.702683],[-74.060616,40.702103],[-74.061623,40.702464],[-74.062021,40.702355],[-74.062127,40.702713],[-74.062776,40.70266],[-74.063172,40.702881],[-74.063169,40.703238],[-74.063852,40.70357],[-74.064617,40.702448],[-74.06476,40.702723],[-74.064319,40.703901],[-74.063489,40.704008],[-74.062805,40.703758]]],[[[-74.058173,40.706047],[-74.059331,40.705529],[-74.059762,40.70586],[-74.059724,40.706107],[-74.058674,40.706625],[-74.058173,40.706047]]],[[[-74.062678,40.706695],[-74.062714,40.706668],[-74.062714,40.706695],[-74.062678,40.706695]]],[[[-74.062497,40.706777],[-74.062533,40.706749],[-74.062533,40.706777],[-74.062497,40.706777]]],[[[-74.054483,40.713032],[-74.054411,40.713087],[-74.054411,40.713032],[-74.054483,40.713032]]],[[[-74.054482,40.713224],[-74.054983,40.713803],[-74.055095,40.713309],[-74.054882,40.712787],[-74.054955,40.712622],[-74.055237,40.713666],[-74.054946,40.71405],[-74.054482,40.713224]]],[[[-74.058298,40.714419],[-74.057867,40.714088],[-74.058088,40.713485],[-74.057515,40.712769],[-74.057876,40.712743],[-74.05809,40.713183],[-74.058487,40.713102],[-74.058305,40.713349],[-74.05874,40.713131],[-74.058557,40.713432],[-74.058917,40.713516],[-74.05888,40.71368],[-74.059566,40.713683],[-74.059419,40.714067],[-74.059889,40.713931],[-74.059416,40.714478],[-74.058298,40.714419]],[[-74.058515,40.714365],[-74.058551,40.714338],[-74.058515,40.714338],[-74.058515,40.714365]]],[[[-74.057788,40.715159],[-74.057355,40.715239],[-74.05714,40.714991],[-74.056742,40.715127],[-74.057105,40.714772],[-74.057394,40.714828],[-74.057071,40.71447],[-74.057217,40.714223],[-74.057468,40.714471],[-74.058011,40.714199],[-74.057937,40.714555],[-74.058297,40.714611],[-74.058078,40.714995],[-74.058401,40.715298],[-74.058725,40.715272],[-74.058796,40.715519],[-74.058254,40.715599],[-74.057788,40.715159]]],[[[-74.056051,40.715975],[-74.054872,40.714214],[-74.055017,40.714105],[-74.055666,40.714217],[-74.055231,40.714462],[-74.056125,40.715729],[-74.056051,40.715975]]],[[[-74.057727,40.719001],[-74.057125,40.717325],[-74.05688,40.716116],[-74.057485,40.717381],[-74.058062,40.717465],[-74.057771,40.717766],[-74.057877,40.718151],[-74.058777,40.718347],[-74.057839,40.718425],[-74.057727,40.719001]]],[[[-74.056254,40.718007],[-74.056194,40.716141],[-74.056625,40.716499],[-74.057584,40.718836],[-74.057332,40.718698],[-74.057042,40.718916],[-74.056356,40.718914],[-74.05603,40.719187],[-74.056254,40.718007]]],[[[-74.056069,40.718748],[-74.056033,40.71872],[-74.056069,40.71872],[-74.056069,40.718748]]],[[[-74.056031,40.718967],[-74.055995,40.71894],[-74.056031,40.71894],[-74.056031,40.718967]]],[[[-74.055995,40.719022],[-74.055959,40.718967],[-74.055995,40.718967],[-74.055995,40.719022]]],[[[-74.055957,40.719269],[-74.055884,40.719351],[-74.055885,40.719241],[-74.055957,40.719269]]],[[[-74.055884,40.719351],[-74.055848,40.719378],[-74.055848,40.719351],[-74.055884,40.719351]]],[[[-74.055993,40.719269],[-74.055878,40.720367],[-74.055444,40.720502],[-74.055993,40.719269]]],[[[-74.056402,40.722976],[-74.055321,40.722725],[-74.055247,40.722945],[-74.056111,40.723222],[-74.056038,40.723442],[-74.054561,40.723052],[-74.055113,40.721352],[-74.055366,40.721408],[-74.055107,40.722368],[-74.0559,40.722398],[-74.055935,40.722618],[-74.056475,40.72284],[-74.056402,40.722976]],[[-74.055321,40.722725],[-74.055285,40.722698],[-74.055285,40.722725],[-74.055321,40.722725]],[[-74.056366,40.722839],[-74.05633,40.722866],[-74.056366,40.722867],[-74.056366,40.722839]]],[[[-74.056582,40.722895],[-74.057195,40.723007],[-74.05741,40.7232],[-74.056473,40.723059],[-74.056582,40.722895]]],[[[-74.054209,40.727058],[-74.054174,40.727031],[-74.05421,40.727031],[-74.054209,40.727058]]],[[[-74.054137,40.727113],[-74.054173,40.72714],[-74.054137,40.72714],[-74.054137,40.727113]]],[[[-74.061529,40.749897],[-74.061814,40.75042],[-74.061561,40.750446],[-74.061529,40.749897]]],[[[-74.060142,40.752225],[-74.060178,40.752253],[-74.060142,40.752253],[-74.060142,40.752225]]],[[[-74.060105,40.752252],[-74.060141,40.75228],[-74.060105,40.75228],[-74.060105,40.752252]]],[[[-74.059562,40.752552],[-74.059454,40.752497],[-74.059562,40.752497],[-74.059562,40.752552]]],[[[-74.059381,40.752607],[-74.059381,40.752579],[-74.059417,40.752579],[-74.059417,40.752607],[-74.059381,40.752607]]],[[[-74.059453,40.752634],[-74.059417,40.752607],[-74.059453,40.752607],[-74.059453,40.752634]]],[[[-74.059199,40.752825],[-74.058509,40.753536],[-74.058001,40.753919],[-74.057819,40.754165],[-74.057275,40.754547],[-74.057602,40.754109],[-74.057423,40.753917],[-74.059093,40.752551],[-74.058878,40.752303],[-74.059383,40.752359],[-74.059199,40.752825]],[[-74.058836,40.753181],[-74.0588,40.753153],[-74.0588,40.753181],[-74.058836,40.753181]],[[-74.058691,40.753318],[-74.058655,40.75329],[-74.058655,40.753317],[-74.058691,40.753318]]],[[[-74.058544,40.753674],[-74.05858,40.753647],[-74.05858,40.753674],[-74.058544,40.753674]]],[[[-74.058544,40.753674],[-74.058508,40.753701],[-74.058508,40.753674],[-74.058544,40.753674]]],[[[-74.058579,40.753784],[-74.058652,40.753647],[-74.058688,40.753647],[-74.058579,40.753784]]],[[[-74.058508,40.753701],[-74.058471,40.753728],[-74.058472,40.753701],[-74.058508,40.753701]]],[[[-74.057275,40.754547],[-74.057092,40.754821],[-74.056984,40.754821],[-74.056839,40.75493],[-74.057275,40.754547]]],[[[-74.056984,40.754876],[-74.056947,40.754903],[-74.056948,40.754876],[-74.056984,40.754876]]],[[[-74.056875,40.75493],[-74.056911,40.754958],[-74.056875,40.754958],[-74.056875,40.75493]]],[[[-74.056839,40.754957],[-74.056803,40.75493],[-74.056839,40.75493],[-74.056839,40.754957]]],[[[-74.056875,40.754958],[-74.056839,40.754985],[-74.056839,40.754957],[-74.056875,40.754958]]],[[[-74.056549,40.755094],[-74.056803,40.754985],[-74.056549,40.755176],[-74.056549,40.755094]]],[[[-74.056584,40.755231],[-74.056621,40.755204],[-74.05662,40.755231],[-74.056584,40.755231]]],[[[-74.056404,40.75523],[-74.056476,40.755258],[-74.056403,40.755313],[-74.056404,40.75523]]],[[[-74.056403,40.755313],[-74.056367,40.75534],[-74.056367,40.755313],[-74.056403,40.755313]]],[[[-74.056367,40.755367],[-74.056331,40.75534],[-74.056367,40.75534],[-74.056367,40.755367]]],[[[-74.056367,40.755395],[-74.056439,40.75534],[-74.056439,40.755395],[-74.056367,40.755395]]],[[[-74.056366,40.75545],[-74.05633,40.755422],[-74.056366,40.755422],[-74.056366,40.75545]]],[[[-74.05633,40.75545],[-74.056294,40.755477],[-74.056294,40.755449],[-74.05633,40.75545]]],[[[-74.056258,40.755477],[-74.056222,40.755449],[-74.056258,40.755449],[-74.056258,40.755477]]],[[[-74.056294,40.755477],[-74.056258,40.755504],[-74.056258,40.755477],[-74.056294,40.755477]]],[[[-74.056257,40.755614],[-74.056293,40.755587],[-74.056293,40.755614],[-74.056257,40.755614]]],[[[-74.055931,40.755723],[-74.055968,40.755695],[-74.055967,40.755723],[-74.055931,40.755723]]],[[[-74.055967,40.75575],[-74.056003,40.755723],[-74.056003,40.75575],[-74.055967,40.75575]]],[[[-74.055931,40.75575],[-74.055895,40.75575],[-74.055895,40.755722],[-74.055931,40.755723],[-74.055931,40.75575]]],[[[-74.055967,40.755778],[-74.055931,40.75575],[-74.055967,40.75575],[-74.055967,40.755778]]],[[[-74.05564,40.756051],[-74.055677,40.756024],[-74.055676,40.756051],[-74.05564,40.756051]]],[[[-74.055709,40.7566],[-74.055745,40.756573],[-74.055745,40.7566],[-74.055709,40.7566]]],[[[-74.055708,40.756655],[-74.055673,40.756627],[-74.055709,40.756628],[-74.055708,40.756655]]],[[[-74.055672,40.75671],[-74.055636,40.756682],[-74.055672,40.756682],[-74.055672,40.75671]]],[[[-74.055418,40.756874],[-74.055455,40.756846],[-74.055454,40.756874],[-74.055418,40.756874]]],[[[-74.055346,40.756873],[-74.05531,40.756901],[-74.05531,40.756873],[-74.055346,40.756873]]],[[[-74.055093,40.756982],[-74.055201,40.756928],[-74.055092,40.757037],[-74.055093,40.756982]]],[[[-74.055236,40.757175],[-74.0552,40.757147],[-74.055236,40.757147],[-74.055236,40.757175]]],[[[-74.055163,40.757229],[-74.055127,40.757202],[-74.055163,40.757202],[-74.055163,40.757229]]],[[[-74.054403,40.757611],[-74.054475,40.757584],[-74.054402,40.757666],[-74.054403,40.757611]]],[[[-74.054366,40.757666],[-74.054402,40.757721],[-74.054366,40.75772],[-74.054366,40.757666]]],[[[-74.054437,40.75783],[-74.054365,40.757858],[-74.054438,40.757776],[-74.054437,40.75783]]],[[[-74.054365,40.757858],[-74.054329,40.757885],[-74.054329,40.757858],[-74.054365,40.757858]]],[[[-74.054292,40.75794],[-74.054328,40.757912],[-74.054328,40.75794],[-74.054292,40.75794]]],[[[-74.054256,40.757994],[-74.054292,40.75794],[-74.054292,40.757995],[-74.054256,40.757994]]],[[[-74.053709,40.758761],[-74.053637,40.758788],[-74.053709,40.758706],[-74.053709,40.758761]]],[[[-74.068219,40.759091],[-74.069285,40.761634],[-74.068055,40.762164],[-74.067376,40.760982],[-74.067946,40.762207],[-74.06629,40.762818],[-74.064835,40.763786],[-74.063801,40.763669],[-74.062501,40.762673],[-74.061794,40.76242],[-74.060022,40.76255],[-74.060002,40.76341],[-74.05963,40.764001],[-74.059993,40.765701],[-74.058474,40.766757],[-74.056954,40.769011],[-74.053713,40.76363],[-74.053717,40.762961],[-74.055311,40.762061],[-74.054016,40.761507],[-74.053653,40.761725],[-74.053076,40.761586],[-74.05293,40.76186],[-74.05318,40.762355],[-74.052966,40.762381],[-74.05232,40.761302],[-74.052651,40.760431],[-74.053525,40.759337],[-74.053126,40.759527],[-74.053273,40.759226],[-74.0536,40.758788],[-74.053599,40.75898],[-74.053816,40.758954],[-74.053927,40.758597],[-74.053745,40.758706],[-74.05371,40.758651],[-74.054799,40.75764],[-74.054728,40.757475],[-74.054438,40.757776],[-74.05502,40.757064],[-74.055091,40.757257],[-74.055235,40.75723],[-74.055346,40.756901],[-74.055526,40.756929],[-74.05589,40.756546],[-74.055673,40.75649],[-74.055201,40.756928],[-74.055929,40.756134],[-74.055311,40.756681],[-74.054547,40.757556],[-74.054439,40.757556],[-74.054403,40.757611],[-74.054366,40.757611],[-74.054366,40.757666],[-74.05433,40.757665],[-74.05433,40.75772],[-74.054365,40.757775],[-74.0528,40.759691],[-74.054622,40.7572],[-74.057854,40.75422],[-74.058471,40.753783],[-74.058579,40.753894],[-74.058798,40.7534],[-74.059924,40.752389],[-74.060069,40.75228],[-74.060213,40.752308],[-74.061775,40.750859],[-74.061813,40.750557],[-74.062282,40.750641],[-74.06279,40.750204],[-74.062933,40.750369],[-74.064016,40.750428],[-74.065197,40.751887],[-74.065159,40.752162],[-74.065411,40.75241],[-74.065264,40.752711],[-74.0664,40.75568],[-74.06676,40.755764],[-74.066578,40.756038],[-74.066861,40.756972],[-74.067041,40.757055],[-74.066864,40.756533],[-74.066902,40.756149],[-74.067793,40.758019],[-74.067684,40.7581],[-74.067899,40.758266],[-74.067826,40.758375],[-74.067897,40.758568],[-74.068077,40.758678],[-74.06804,40.758843],[-74.068148,40.758926],[-74.068075,40.759008],[-74.068219,40.759091]],[[-74.067376,40.760982],[-74.067341,40.760927],[-74.06734,40.760981],[-74.067376,40.760982]],[[-74.053489,40.759227],[-74.053597,40.759255],[-74.053598,40.7592],[-74.053489,40.759227]],[[-74.053489,40.759227],[-74.053417,40.759199],[-74.053417,40.759226],[-74.053489,40.759227]],[[-74.054581,40.757858],[-74.054617,40.757886],[-74.054617,40.757859],[-74.054581,40.757858]],[[-74.05469,40.757749],[-74.054726,40.757777],[-74.054727,40.757749],[-74.05469,40.757749]],[[-74.055127,40.757284],[-74.054982,40.757366],[-74.05509,40.757394],[-74.055127,40.757284]],[[-74.055017,40.757476],[-74.054873,40.757448],[-74.054872,40.75753],[-74.055017,40.757476]],[[-74.055345,40.756956],[-74.055417,40.757038],[-74.055454,40.756956],[-74.055345,40.756956]],[[-74.056001,40.756162],[-74.056035,40.756354],[-74.056144,40.756245],[-74.056001,40.756162]],[[-74.055999,40.756354],[-74.055963,40.756382],[-74.055999,40.756382],[-74.055999,40.756354]],[[-74.055962,40.756464],[-74.055854,40.756436],[-74.055854,40.756491],[-74.055962,40.756464]],[[-74.056109,40.756135],[-74.056181,40.756163],[-74.056326,40.756026],[-74.056109,40.756135]],[[-74.055929,40.756134],[-74.056001,40.75608],[-74.055929,40.756079],[-74.055929,40.756134]],[[-74.056001,40.756025],[-74.056073,40.756053],[-74.056074,40.755998],[-74.056001,40.756025]],[[-74.054766,40.757255],[-74.05473,40.757228],[-74.05473,40.757255],[-74.054766,40.757255]],[[-74.054693,40.757337],[-74.054657,40.75731],[-74.054657,40.757337],[-74.054693,40.757337]],[[-74.054657,40.757337],[-74.054621,40.757365],[-74.054657,40.757365],[-74.054657,40.757337]],[[-74.054548,40.757502],[-74.054512,40.757446],[-74.054512,40.757501],[-74.054548,40.757502]],[[-74.054548,40.757447],[-74.054584,40.757419],[-74.054548,40.757419],[-74.054548,40.757447]],[[-74.054512,40.757501],[-74.054475,40.757529],[-74.054511,40.757529],[-74.054512,40.757501]],[[-74.05433,40.75772],[-74.054293,40.757748],[-74.054329,40.757748],[-74.05433,40.75772]],[[-74.05422,40.757885],[-74.054184,40.757857],[-74.054184,40.757884],[-74.05422,40.757885]],[[-74.053783,40.758432],[-74.053747,40.758404],[-74.053747,40.758432],[-74.053783,40.758432]],[[-74.058761,40.753647],[-74.058797,40.75362],[-74.058761,40.75362],[-74.058761,40.753647]],[[-74.058871,40.753373],[-74.058907,40.753401],[-74.058907,40.753373],[-74.058871,40.753373]],[[-74.060141,40.75239],[-74.060032,40.752362],[-74.060032,40.752444],[-74.060141,40.75239]],[[-74.060032,40.752499],[-74.05996,40.752471],[-74.059959,40.752499],[-74.060032,40.752499]],[[-74.059886,40.752636],[-74.059778,40.752581],[-74.059742,40.75269],[-74.059886,40.752636]],[[-74.065265,40.752546],[-74.065302,40.752437],[-74.06523,40.752409],[-74.065265,40.752546]],[[-74.067004,40.75711],[-74.066894,40.757466],[-74.067111,40.757385],[-74.067324,40.757962],[-74.067396,40.757962],[-74.067362,40.757605],[-74.067253,40.757687],[-74.067004,40.75711]],[[-74.067397,40.75777],[-74.067469,40.757798],[-74.067469,40.75777],[-74.067397,40.75777]],[[-74.067398,40.757715],[-74.067434,40.757688],[-74.067398,40.757688],[-74.067398,40.757715]],[[-74.067326,40.757605],[-74.06729,40.757577],[-74.06729,40.757605],[-74.067326,40.757605]],[[-74.066936,40.756451],[-74.066972,40.756478],[-74.066973,40.756451],[-74.066936,40.756451]],[[-74.067186,40.756891],[-74.067077,40.757083],[-74.067221,40.757165],[-74.067186,40.756891]],[[-74.067221,40.757165],[-74.067257,40.757193],[-74.067257,40.757166],[-74.067221,40.757165]],[[-74.067684,40.758073],[-74.067648,40.758045],[-74.067648,40.758073],[-74.067684,40.758073]],[[-74.06868,40.760328],[-74.068644,40.760355],[-74.06868,40.760355],[-74.06868,40.760328]]],[[[-74.054155,40.692031],[-74.054049,40.692141],[-74.054155,40.691963],[-74.054155,40.692031]]],[[[-74.054046,40.692146],[-74.054045,40.692196],[-74.054016,40.692196],[-74.054046,40.692146]]],[[[-74.054009,40.692278],[-74.053902,40.692387],[-74.054009,40.692207],[-74.054009,40.692278]]],[[[-74.053869,40.692442],[-74.0539,40.692391],[-74.053899,40.692442],[-74.053869,40.692442]]],[[[-74.053863,40.692497],[-74.053835,40.692497],[-74.053863,40.692452],[-74.053863,40.692497]]],[[[-74.053827,40.69251],[-74.053826,40.692552],[-74.0538,40.692552],[-74.053827,40.69251]]],[[[-74.05379,40.692568],[-74.053754,40.692634],[-74.053645,40.692798],[-74.05379,40.692568]]],[[[-74.05361,40.692853],[-74.053644,40.692799],[-74.053644,40.692853],[-74.05361,40.692853]]],[[[-74.053608,40.692856],[-74.053608,40.692908],[-74.053576,40.692908],[-74.053608,40.692856]]],[[[-74.053571,40.692962],[-74.053541,40.692962],[-74.053572,40.692914],[-74.053571,40.692962]]],[[[-74.053535,40.692972],[-74.053535,40.693017],[-74.053506,40.693017],[-74.053535,40.692972]]],[[[-74.053498,40.693072],[-74.053472,40.693072],[-74.053499,40.693029],[-74.053498,40.693072]]],[[[-74.053462,40.693087],[-74.053389,40.693209],[-74.053208,40.693483],[-74.053462,40.693087]]],[[[-74.053207,40.693538],[-74.053173,40.693537],[-74.053207,40.693484],[-74.053207,40.693538]]],[[[-74.05317,40.693592],[-74.053138,40.693592],[-74.053171,40.693541],[-74.05317,40.693592]]],[[[-74.053132,40.693602],[-74.053134,40.693647],[-74.053101,40.693647],[-74.053132,40.693602]]],[[[-74.053063,40.693702],[-74.053098,40.693651],[-74.053097,40.693702],[-74.053063,40.693702]]],[[[-74.053061,40.693757],[-74.053026,40.693756],[-74.053061,40.693704],[-74.053061,40.693757]]],[[[-74.053025,40.693757],[-74.052806,40.69414],[-74.052744,40.694167],[-74.053025,40.693757]]],[[[-74.052734,40.694183],[-74.052733,40.694222],[-74.052707,40.694222],[-74.052734,40.694183]]],[[[-74.052697,40.694277],[-74.052669,40.694277],[-74.052697,40.694236],[-74.052697,40.694277]]],[[[-74.052661,40.694288],[-74.052661,40.694331],[-74.05263,40.694331],[-74.052661,40.694288]]],[[[-74.052624,40.694339],[-74.052624,40.694386],[-74.052591,40.694386],[-74.052624,40.694339]]],[[[-74.052588,40.694441],[-74.052552,40.694441],[-74.052588,40.69439],[-74.052588,40.694441]]],[[[-74.052478,40.694605],[-74.052337,40.694742],[-74.052552,40.694441],[-74.052478,40.694605]]],[[[-74.052333,40.694748],[-74.052333,40.694797],[-74.052298,40.694797],[-74.052333,40.694748]]],[[[-74.052297,40.694799],[-74.052151,40.695071],[-74.052083,40.695098],[-74.052297,40.694799]]],[[[-74.052078,40.695153],[-74.05198,40.695235],[-74.052078,40.695104],[-74.052078,40.695153]]],[[[-74.054264,40.718961],[-74.053869,40.718657],[-74.053728,40.718053],[-74.053832,40.718822],[-74.053362,40.71882],[-74.053148,40.718572],[-74.052833,40.717116],[-74.052292,40.717086],[-74.052254,40.717306],[-74.051893,40.717332],[-74.052004,40.71703],[-74.051715,40.717002],[-74.051932,40.716893],[-74.051609,40.716727],[-74.052186,40.716784],[-74.052331,40.71662],[-74.051939,40.715877],[-74.051002,40.715736],[-74.050464,40.715213],[-74.051043,40.715023],[-74.051298,40.714612],[-74.051479,40.714613],[-74.051367,40.715079],[-74.051944,40.715136],[-74.052234,40.714917],[-74.052527,40.714315],[-74.051771,40.714065],[-74.051412,40.713761],[-74.053572,40.714456],[-74.054583,40.714295],[-74.054762,40.71457],[-74.055367,40.715753],[-74.055682,40.717182],[-74.05556,40.719267],[-74.055229,40.720309],[-74.054941,40.720143],[-74.054945,40.719512],[-74.054332,40.719482],[-74.05437,40.719263],[-74.054766,40.719292],[-74.054769,40.718962],[-74.054553,40.718824],[-74.054264,40.718961]],[[-74.052439,40.71662],[-74.052403,40.716675],[-74.052438,40.716785],[-74.052439,40.71662]],[[-74.054625,40.718825],[-74.054698,40.718797],[-74.054625,40.718797],[-74.054625,40.718825]]],[[[-74.053805,40.722829],[-74.053701,40.722197],[-74.054277,40.722282],[-74.054388,40.721871],[-74.054605,40.721899],[-74.054273,40.722941],[-74.053805,40.722829]]],[[[-74.053567,40.72604],[-74.054047,40.724395],[-74.054372,40.724314],[-74.054623,40.724589],[-74.054617,40.725495],[-74.054144,40.72607],[-74.053567,40.72604]]],[[[-74.054064,40.727277],[-74.0541,40.727305],[-74.054064,40.727305],[-74.054064,40.727277]]],[[[-74.054136,40.72725],[-74.054064,40.727277],[-74.053992,40.727277],[-74.053956,40.727222],[-74.053698,40.727935],[-74.053444,40.728208],[-74.053335,40.72829],[-74.053263,40.72829],[-74.053263,40.728317],[-74.053227,40.728317],[-74.053227,40.728344],[-74.053299,40.728372],[-74.053516,40.728263],[-74.053261,40.728674],[-74.052972,40.728673],[-74.053046,40.728426],[-74.052864,40.72859],[-74.052611,40.728617],[-74.053555,40.727742],[-74.053016,40.72752],[-74.053701,40.72755],[-74.054249,40.726564],[-74.054284,40.726756],[-74.054212,40.726756],[-74.054247,40.726811],[-74.054211,40.726811],[-74.054174,40.727031],[-74.054138,40.72703],[-74.054137,40.727113],[-74.054101,40.727113],[-74.054136,40.72725]],[[-74.053263,40.728372],[-74.053226,40.728399],[-74.053262,40.728399],[-74.053263,40.728372]],[[-74.053046,40.728426],[-74.053082,40.728399],[-74.053046,40.728399],[-74.053046,40.728426]],[[-74.052756,40.728507],[-74.052792,40.728562],[-74.052829,40.728508],[-74.052756,40.728507]],[[-74.054101,40.727113],[-74.054029,40.727057],[-74.054029,40.727112],[-74.054101,40.727113]]],[[[-74.05348,40.728236],[-74.053516,40.728208],[-74.053516,40.728236],[-74.05348,40.728236]]],[[[-74.053516,40.728236],[-74.053552,40.728263],[-74.053516,40.728263],[-74.053516,40.728236]]],[[[-74.053299,40.728345],[-74.053263,40.728317],[-74.053299,40.728317],[-74.053299,40.728345]]],[[[-74.052864,40.72859],[-74.0529,40.728618],[-74.052864,40.728618],[-74.052864,40.72859]]],[[[-74.052214,40.72867],[-74.052178,40.728642],[-74.052214,40.728642],[-74.052214,40.72867]]],[[[-74.052033,40.728724],[-74.052034,40.728669],[-74.052178,40.728697],[-74.05225,40.72867],[-74.052213,40.728835],[-74.052033,40.728724]],[[-74.052177,40.72878],[-74.052141,40.728752],[-74.052141,40.728779],[-74.052177,40.72878]],[[-74.052106,40.728724],[-74.052142,40.728697],[-74.052106,40.728697],[-74.052106,40.728724]]],[[[-74.051961,40.728779],[-74.051997,40.728751],[-74.051997,40.728779],[-74.051961,40.728779]]],[[[-74.052033,40.728834],[-74.051997,40.728779],[-74.052033,40.728779],[-74.052033,40.728834]]],[[[-74.05196,40.728834],[-74.051888,40.728861],[-74.051888,40.728833],[-74.05196,40.728834]]],[[[-74.051888,40.728861],[-74.051852,40.728888],[-74.051852,40.728861],[-74.051888,40.728861]]],[[[-74.051852,40.728916],[-74.051816,40.728888],[-74.051852,40.728888],[-74.051852,40.728916]]],[[[-74.051815,40.728943],[-74.051779,40.728915],[-74.051816,40.728915],[-74.051815,40.728943]]],[[[-74.051779,40.728943],[-74.051743,40.72897],[-74.051743,40.728943],[-74.051779,40.728943]]],[[[-74.051634,40.729079],[-74.051598,40.729052],[-74.051634,40.729052],[-74.051634,40.729079]]],[[[-74.051598,40.729134],[-74.051525,40.729161],[-74.051598,40.729079],[-74.051598,40.729134]]],[[[-74.052105,40.728807],[-74.052031,40.729136],[-74.051778,40.729135],[-74.051447,40.730067],[-74.051488,40.729353],[-74.052105,40.728807]]],[[[-74.051698,40.730315],[-74.051518,40.730259],[-74.0517,40.730068],[-74.051698,40.730315]]],[[[-74.053307,40.759555],[-74.053271,40.759473],[-74.053307,40.759473],[-74.053307,40.759555]]],[[[-74.053126,40.759527],[-74.053053,40.759609],[-74.05309,40.759527],[-74.053126,40.759527]]],[[[-74.053053,40.759609],[-74.053017,40.759664],[-74.053017,40.759609],[-74.053053,40.759609]]],[[[-74.053017,40.759692],[-74.05298,40.759746],[-74.052981,40.759691],[-74.053017,40.759692]]],[[[-74.0528,40.759746],[-74.052764,40.759691],[-74.0528,40.759691],[-74.0528,40.759746]]],[[[-74.052763,40.7598],[-74.052728,40.759745],[-74.052764,40.759746],[-74.052763,40.7598]]],[[[-74.05298,40.759746],[-74.052907,40.759856],[-74.052944,40.759746],[-74.05298,40.759746]]],[[[-74.052727,40.7598],[-74.052691,40.759855],[-74.052691,40.7598],[-74.052727,40.7598]]],[[[-74.052907,40.759856],[-74.052871,40.759911],[-74.052871,40.759856],[-74.052907,40.759856]]],[[[-74.05269,40.75991],[-74.052655,40.759855],[-74.052691,40.759855],[-74.05269,40.75991]]],[[[-74.052654,40.759937],[-74.052618,40.75991],[-74.052654,40.75991],[-74.052654,40.759937]]],[[[-74.052871,40.759911],[-74.052835,40.759965],[-74.052835,40.75991],[-74.052871,40.759911]]],[[[-74.052618,40.759965],[-74.052581,40.760019],[-74.052582,40.759964],[-74.052618,40.759965]]],[[[-74.052581,40.760019],[-74.052545,40.760074],[-74.052545,40.760019],[-74.052581,40.760019]]],[[[-74.052545,40.760102],[-74.052509,40.760074],[-74.052545,40.760074],[-74.052545,40.760102]]],[[[-74.052508,40.760184],[-74.052472,40.760129],[-74.052509,40.760129],[-74.052508,40.760184]]],[[[-74.052472,40.760184],[-74.052436,40.760238],[-74.052436,40.760183],[-74.052472,40.760184]]],[[[-74.052436,40.760238],[-74.052399,40.760266],[-74.052399,40.760238],[-74.052436,40.760238]]],[[[-74.052399,40.760321],[-74.052363,40.760293],[-74.052399,40.760293],[-74.052399,40.760321]]],[[[-74.052362,40.760375],[-74.052327,40.76032],[-74.052363,40.76032],[-74.052362,40.760375]]],[[[-74.052326,40.760403],[-74.05229,40.760375],[-74.052326,40.760375],[-74.052326,40.760403]]],[[[-74.05229,40.760485],[-74.052254,40.760457],[-74.05229,40.760457],[-74.05229,40.760485]]],[[[-74.051897,40.695344],[-74.051969,40.695249],[-74.051969,40.695317],[-74.051897,40.695344]]],[[[-74.051896,40.695345],[-74.051823,40.695509],[-74.051753,40.695536],[-74.051896,40.695345]]],[[[-74.051678,40.6957],[-74.051621,40.695711],[-74.051751,40.695539],[-74.051678,40.6957]]],[[[-74.050958,40.700885],[-74.050313,40.700169],[-74.050967,40.69954],[-74.052368,40.70026],[-74.052438,40.700617],[-74.052945,40.700399],[-74.053519,40.700731],[-74.052543,40.701111],[-74.052003,40.700917],[-74.051641,40.70119],[-74.050958,40.700885]]],[[[-74.050677,40.705057],[-74.051186,40.70451],[-74.051837,40.704265],[-74.052015,40.704623],[-74.051143,40.705553],[-74.050675,40.705331],[-74.050677,40.705057]]],[[[-74.0413,40.704828],[-74.041256,40.704828],[-74.0413,40.704804],[-74.0413,40.704828]]],[[[-74.041228,40.704855],[-74.041206,40.704855],[-74.041228,40.704843],[-74.041228,40.704855]]],[[[-74.041156,40.704882],[-74.041192,40.704863],[-74.041192,40.704882],[-74.041156,40.704882]]],[[[-74.041119,40.704902],[-74.041119,40.704909],[-74.041105,40.704909],[-74.041119,40.704902]]],[[[-74.041062,40.704933],[-74.041083,40.704937],[-74.041055,40.704937],[-74.041062,40.704933]]],[[[-74.041047,40.704964],[-74.041,40.704964],[-74.041047,40.70494],[-74.041047,40.704964]]],[[[-74.040974,40.704991],[-74.040946,40.704991],[-74.040975,40.704977],[-74.040974,40.704991]]],[[[-74.040892,40.705018],[-74.040902,40.705013],[-74.040902,40.705018],[-74.040892,40.705018]]],[[[-74.040866,40.705046],[-74.040838,40.705046],[-74.040866,40.705032],[-74.040866,40.705046]]],[[[-74.04083,40.70505],[-74.04083,40.705073],[-74.040784,40.705073],[-74.04083,40.70505]]],[[[-74.040757,40.705086],[-74.040757,40.7051],[-74.04073,40.7051],[-74.040757,40.705086]]],[[[-74.040721,40.705104],[-74.040721,40.705127],[-74.040676,40.705127],[-74.040721,40.705104]]],[[[-74.040622,40.705155],[-74.040649,40.705141],[-74.040649,40.705155],[-74.040622,40.705155]]],[[[-74.045148,40.706517],[-74.046816,40.705206],[-74.047726,40.704112],[-74.047874,40.703536],[-74.048306,40.703565],[-74.048236,40.703345],[-74.048524,40.703347],[-74.04849,40.703099],[-74.049105,40.702745],[-74.048892,40.70236],[-74.049723,40.702171],[-74.051088,40.702972],[-74.049649,40.702308],[-74.044962,40.707423],[-74.047227,40.708557],[-74.050641,40.705029],[-74.049914,40.705877],[-74.050417,40.706181],[-74.049803,40.706261],[-74.050666,40.706621],[-74.050702,40.706759],[-74.050378,40.706675],[-74.050161,40.706729],[-74.050737,40.706814],[-74.050916,40.707089],[-74.050014,40.707031],[-74.050085,40.707305],[-74.049112,40.707164],[-74.049037,40.707576],[-74.050659,40.707719],[-74.050694,40.707939],[-74.05026,40.70813],[-74.049539,40.707962],[-74.048204,40.707984],[-74.049609,40.708374],[-74.049354,40.708703],[-74.049931,40.708677],[-74.050615,40.708845],[-74.050758,40.709092],[-74.051587,40.70915],[-74.051477,40.709452],[-74.047945,40.708972],[-74.047514,40.708695],[-74.047225,40.708831],[-74.045069,40.707588],[-74.044565,40.707394],[-74.043915,40.707528],[-74.044497,40.706844],[-74.045148,40.706517]],[[-74.047515,40.70864],[-74.047587,40.708668],[-74.047587,40.708613],[-74.047515,40.70864]]],[[[-74.054227,40.691949],[-74.058862,40.694657],[-74.05807,40.69438],[-74.058175,40.694902],[-74.057846,40.695504],[-74.057558,40.695503],[-74.057555,40.695915],[-74.055459,40.696511],[-74.054661,40.697276],[-74.05383,40.697356],[-74.054046,40.697549],[-74.053398,40.697354],[-74.054042,40.698015],[-74.053715,40.698398],[-74.053929,40.698811],[-74.053493,40.699248],[-74.05252,40.699107],[-74.051982,40.698639],[-74.052237,40.698392],[-74.051734,40.698061],[-74.050221,40.697753],[-74.051095,40.696576],[-74.051565,40.696359],[-74.051961,40.696442],[-74.051206,40.696138],[-74.049969,40.697752],[-74.048479,40.699366],[-74.046736,40.701061],[-74.045068,40.702372],[-74.045175,40.702647],[-74.044851,40.702536],[-74.041409,40.704718],[-74.043279,40.705632],[-74.043238,40.70629],[-74.043743,40.706292],[-74.043962,40.705964],[-74.044864,40.705885],[-74.045222,40.706216],[-74.043953,40.707226],[-74.042797,40.707469],[-74.042867,40.707744],[-74.042435,40.70766],[-74.041275,40.708479],[-74.042433,40.707934],[-74.043046,40.707937],[-74.042791,40.70843],[-74.04297,40.708595],[-74.043945,40.708407],[-74.044375,40.708793],[-74.044954,40.70863],[-74.045565,40.708962],[-74.046,40.708635],[-74.046537,40.709158],[-74.047079,40.709105],[-74.048014,40.709438],[-74.049241,40.709333],[-74.051332,40.709561],[-74.051799,40.70981],[-74.0521,40.708082],[-74.053043,40.707317],[-74.056874,40.706151],[-74.059588,40.704899],[-74.063632,40.704256],[-74.063775,40.704366],[-74.059478,40.705091],[-74.056258,40.706533],[-74.053078,40.707482],[-74.052461,40.707946],[-74.052054,40.709482],[-74.052713,40.708002],[-74.053402,40.707456],[-74.053835,40.707485],[-74.052675,40.708359],[-74.05216,40.709839],[-74.052303,40.710059],[-74.051755,40.711073],[-74.052007,40.711128],[-74.051859,40.711677],[-74.052869,40.711681],[-74.053369,40.712424],[-74.053946,40.712426],[-74.054512,40.714158],[-74.054006,40.714348],[-74.051413,40.713652],[-74.050983,40.713238],[-74.050405,40.713318],[-74.049749,40.714304],[-74.048455,40.71364],[-74.047661,40.713637],[-74.047559,40.712786],[-74.048641,40.71279],[-74.04821,40.712486],[-74.048285,40.71202],[-74.046556,40.711766],[-74.044681,40.711539],[-74.043923,40.711673],[-74.04356,40.712029],[-74.04275,40.714331],[-74.042174,40.714192],[-74.042105,40.713752],[-74.041745,40.713669],[-74.041863,40.712187],[-74.041536,40.71246],[-74.040924,40.71232],[-74.041075,40.711305],[-74.041365,40.711169],[-74.039779,40.710971],[-74.039526,40.711107],[-74.038408,40.711075],[-74.037249,40.711702],[-74.036383,40.711671],[-74.038184,40.712035],[-74.038145,40.712501],[-74.03728,40.712388],[-74.037098,40.712662],[-74.036991,40.712414],[-74.036415,40.712247],[-74.034792,40.712241],[-74.034651,40.711774],[-74.033785,40.711825],[-74.033491,40.712647],[-74.033274,40.712646],[-74.033013,40.713881],[-74.033011,40.7141],[-74.033192,40.714101],[-74.033226,40.714348],[-74.032818,40.716021],[-74.033899,40.716163],[-74.034293,40.716576],[-74.033785,40.716958],[-74.033752,40.716574],[-74.033031,40.716434],[-74.033645,40.716299],[-74.032852,40.716213],[-74.032815,40.716378],[-74.032202,40.716403],[-74.03209,40.716951],[-74.029998,40.716751],[-74.02996,40.717025],[-74.031763,40.717224],[-74.032089,40.717006],[-74.032665,40.717173],[-74.032879,40.717586],[-74.032542,40.719314],[-74.02937,40.718972],[-74.029295,40.719301],[-74.031242,40.719528],[-74.03182,40.719366],[-74.032608,40.720165],[-74.032391,40.720274],[-74.031706,40.720216],[-74.031669,40.720326],[-74.031525,40.720353],[-74.031377,40.720846],[-74.031663,40.721232],[-74.031514,40.721808],[-74.034254,40.722093],[-74.033992,40.72352],[-74.033883,40.723574],[-74.034096,40.724179],[-74.031932,40.72406],[-74.031748,40.724444],[-74.032219,40.724254],[-74.03312,40.72434],[-74.03337,40.724807],[-74.033874,40.724864],[-74.033872,40.725166],[-74.034629,40.725224],[-74.034591,40.725636],[-74.032102,40.725406],[-74.034554,40.72569],[-74.034478,40.726294],[-74.0339,40.726401],[-74.032638,40.726177],[-74.032457,40.726368],[-74.030797,40.726334],[-74.030401,40.726195],[-74.030111,40.726441],[-74.030469,40.726772],[-74.030538,40.727266],[-74.03039,40.727815],[-74.030029,40.727813],[-74.029848,40.727895],[-74.03111,40.727982],[-74.030995,40.728943],[-74.031393,40.728862],[-74.031607,40.729192],[-74.031208,40.72941],[-74.031244,40.729438],[-74.031243,40.729685],[-74.031166,40.730261],[-74.030376,40.729791],[-74.029907,40.729762],[-74.029907,40.729789],[-74.03138,40.730619],[-74.031343,40.730756],[-74.031163,40.730782],[-74.030947,40.73065],[-74.03135,40.730664],[-74.029758,40.729759],[-74.030478,40.729769],[-74.031141,40.730229],[-74.031232,40.729473],[-74.027341,40.729073],[-74.030966,40.729341],[-74.031006,40.728998],[-74.026548,40.728601],[-74.026607,40.728186],[-74.031034,40.728575],[-74.031086,40.728036],[-74.027349,40.727701],[-74.027376,40.727515],[-74.030342,40.727781],[-74.030405,40.727036],[-74.030021,40.726476],[-74.030287,40.726135],[-74.032455,40.726062],[-74.034452,40.726238],[-74.034525,40.725771],[-74.032064,40.725559],[-74.03211,40.725235],[-74.034559,40.725585],[-74.034614,40.725286],[-74.033817,40.725209],[-74.03384,40.725007],[-74.029447,40.724567],[-74.029605,40.723812],[-74.033812,40.724127],[-74.033883,40.724023],[-74.033838,40.723809],[-74.033893,40.723483],[-74.033968,40.723486],[-74.034032,40.723033],[-74.03398,40.722865],[-74.03423,40.722149],[-74.031422,40.721896],[-74.03133,40.720629],[-74.031476,40.720258],[-74.031741,40.720177],[-74.032375,40.720226],[-74.032552,40.720129],[-74.032062,40.719669],[-74.029269,40.719356],[-74.029375,40.718921],[-74.032487,40.719279],[-74.03275,40.717386],[-74.02993,40.717066],[-74.029999,40.716713],[-74.032075,40.716919],[-74.032169,40.71639],[-74.031289,40.716292],[-74.0315,40.715724],[-74.031699,40.716164],[-74.032624,40.716228],[-74.03315,40.714155],[-74.032975,40.714108],[-74.032997,40.713831],[-74.031663,40.713565],[-74.03302,40.713729],[-74.03325,40.712592],[-74.033733,40.711677],[-74.034087,40.71169],[-74.034832,40.711793],[-74.035525,40.711406],[-74.037113,40.711659],[-74.038075,40.711106],[-74.038637,40.711014],[-74.0395,40.711082],[-74.039514,40.71038],[-74.038623,40.710148],[-74.038499,40.709581],[-74.035384,40.70908],[-74.034716,40.709167],[-74.034401,40.708925],[-74.034501,40.707679],[-74.034081,40.707627],[-74.034158,40.706655],[-74.034692,40.706696],[-74.034873,40.705751],[-74.038586,40.706107],[-74.038911,40.706081],[-74.041372,40.70491],[-74.041351,40.70469],[-74.044887,40.702454],[-74.048464,40.699254],[-74.05124,40.69601],[-74.051605,40.69573],[-74.051423,40.695974],[-74.051531,40.696029],[-74.053533,40.693237],[-74.054227,40.691949]],[[-74.054626,40.697112],[-74.05459,40.697084],[-74.05459,40.697111],[-74.054626,40.697112]],[[-74.051961,40.696442],[-74.051997,40.69647],[-74.051997,40.696443],[-74.051961,40.696442]],[[-74.051997,40.69647],[-74.052033,40.696498],[-74.052033,40.69647],[-74.051997,40.69647]],[[-74.052069,40.696498],[-74.052104,40.69658],[-74.052177,40.696581],[-74.052069,40.696498]],[[-74.052176,40.696608],[-74.052236,40.696608],[-74.052177,40.696581],[-74.052176,40.696608]],[[-74.052464,40.696774],[-74.0525,40.696746],[-74.052464,40.696746],[-74.052464,40.696774]],[[-74.052464,40.696746],[-74.052392,40.696719],[-74.052392,40.696746],[-74.052464,40.696746]],[[-74.052392,40.696719],[-74.052356,40.696691],[-74.052356,40.696718],[-74.052392,40.696719]],[[-74.052356,40.696664],[-74.052284,40.696663],[-74.05232,40.696691],[-74.052356,40.696664]],[[-74.052285,40.696608],[-74.052248,40.696636],[-74.052284,40.696663],[-74.052285,40.696608]],[[-74.052643,40.696884],[-74.05268,40.696857],[-74.052644,40.696857],[-74.052643,40.696884]],[[-74.052644,40.696857],[-74.052608,40.696829],[-74.052608,40.696857],[-74.052644,40.696857]],[[-74.052608,40.696829],[-74.052572,40.696802],[-74.052572,40.696829],[-74.052608,40.696829]],[[-74.052572,40.696774],[-74.052518,40.696774],[-74.052536,40.696802],[-74.052572,40.696774]],[[-74.052859,40.697022],[-74.052895,40.696995],[-74.052859,40.696995],[-74.052859,40.697022]],[[-74.052859,40.696995],[-74.052823,40.696967],[-74.052823,40.696995],[-74.052859,40.696995]],[[-74.052823,40.696967],[-74.052787,40.69694],[-74.052787,40.696967],[-74.052823,40.696967]],[[-74.052787,40.69694],[-74.052751,40.696912],[-74.052751,40.69694],[-74.052787,40.69694]],[[-74.053003,40.697105],[-74.053039,40.697078],[-74.053003,40.697078],[-74.053003,40.697105]],[[-74.053003,40.697078],[-74.052967,40.69705],[-74.052967,40.697078],[-74.053003,40.697078]],[[-74.052967,40.69705],[-74.052931,40.697023],[-74.052931,40.69705],[-74.052967,40.69705]]],[[[-74.045768,40.71621],[-74.046199,40.716486],[-74.045908,40.716842],[-74.046158,40.717145],[-74.044824,40.717085],[-74.044533,40.717413],[-74.044282,40.717137],[-74.043957,40.717246],[-74.043995,40.716971],[-74.043345,40.717106],[-74.043487,40.717409],[-74.043197,40.717517],[-74.043086,40.717984],[-74.04251,40.717817],[-74.043013,40.718175],[-74.042975,40.718395],[-74.041565,40.718801],[-74.041347,40.719047],[-74.041634,40.719268],[-74.041273,40.719376],[-74.041196,40.720007],[-74.041735,40.720394],[-74.041513,40.721079],[-74.041223,40.721352],[-74.040826,40.721351],[-74.040571,40.721762],[-74.040428,40.721569],[-74.039995,40.721595],[-74.039775,40.722006],[-74.039882,40.722253],[-74.040639,40.722311],[-74.040637,40.722585],[-74.039483,40.722498],[-74.039521,40.722224],[-74.038331,40.72211],[-74.037974,40.721614],[-74.037433,40.721557],[-74.037507,40.72131],[-74.036895,40.721116],[-74.036753,40.720813],[-74.037223,40.720678],[-74.036465,40.720675],[-74.036468,40.720263],[-74.037299,40.720047],[-74.037406,40.720267],[-74.037769,40.719884],[-74.037911,40.720324],[-74.038381,40.720133],[-74.038023,40.719665],[-74.0386,40.71975],[-74.038424,40.719173],[-74.037127,40.718838],[-74.038391,40.718761],[-74.038177,40.718293],[-74.03843,40.718267],[-74.038797,40.71739],[-74.039374,40.717337],[-74.039661,40.717613],[-74.040025,40.71712],[-74.039738,40.716927],[-74.040246,40.716462],[-74.040822,40.716657],[-74.040388,40.716847],[-74.040893,40.716877],[-74.041008,40.715889],[-74.041623,40.715617],[-74.041119,40.715533],[-74.041049,40.715176],[-74.040902,40.715532],[-74.040037,40.715446],[-74.040113,40.714925],[-74.040798,40.714873],[-74.040006,40.714677],[-74.039971,40.714485],[-74.040657,40.714488],[-74.041346,40.713859],[-74.041634,40.714025],[-74.041564,40.71375],[-74.042137,40.714329],[-74.041521,40.714656],[-74.041736,40.714876],[-74.042026,40.714713],[-74.041949,40.715426],[-74.042744,40.715265],[-74.043174,40.715733],[-74.04375,40.7159],[-74.044004,40.715654],[-74.044471,40.71593],[-74.044689,40.715684],[-74.04523,40.715659],[-74.0453,40.715988],[-74.046021,40.716046],[-74.045768,40.71621]],[[-74.044282,40.717137],[-74.044319,40.71711],[-74.044282,40.71711],[-74.044282,40.717137]],[[-74.041704,40.714272],[-74.041561,40.714162],[-74.041488,40.714271],[-74.041704,40.714272]],[[-74.045768,40.71621],[-74.045696,40.716182],[-74.045696,40.71621],[-74.045768,40.71621]]],[[[-74.051326,40.726608],[-74.051366,40.726031],[-74.051836,40.725814],[-74.051622,40.725429],[-74.050647,40.725589],[-74.050685,40.725315],[-74.050214,40.72556],[-74.049133,40.725391],[-74.048734,40.725719],[-74.048628,40.725335],[-74.048303,40.72547],[-74.047763,40.725304],[-74.047764,40.725084],[-74.048233,40.725141],[-74.047729,40.724947],[-74.047913,40.724344],[-74.048416,40.724702],[-74.048455,40.724263],[-74.048023,40.724097],[-74.049432,40.723938],[-74.049791,40.724131],[-74.050189,40.723941],[-74.050585,40.724134],[-74.0512,40.72389],[-74.051413,40.724357],[-74.051125,40.724246],[-74.051052,40.724411],[-74.051628,40.724605],[-74.051086,40.724685],[-74.050976,40.724987],[-74.051731,40.725374],[-74.052058,40.725018],[-74.051988,40.724661],[-74.052747,40.724554],[-74.052499,40.723785],[-74.053943,40.723681],[-74.053096,40.726313],[-74.0527,40.726201],[-74.052661,40.726668],[-74.052156,40.726611],[-74.052082,40.726803],[-74.051326,40.726608]],[[-74.050396,40.725341],[-74.05036,40.725314],[-74.05036,40.725341],[-74.050396,40.725341]],[[-74.048126,40.724948],[-74.048162,40.724921],[-74.048126,40.724921],[-74.048126,40.724948]],[[-74.051731,40.725374],[-74.051767,40.725402],[-74.051767,40.725374],[-74.051731,40.725374]],[[-74.051723,40.726582],[-74.051831,40.726665],[-74.051831,40.726582],[-74.051723,40.726582]]],[[[-74.051416,40.729243],[-74.050765,40.72957],[-74.05073,40.729323],[-74.050729,40.729488],[-74.050295,40.729678],[-74.048311,40.729533],[-74.048235,40.730082],[-74.047947,40.730053],[-74.048023,40.729505],[-74.047699,40.729421],[-74.048242,40.729094],[-74.048385,40.729314],[-74.049756,40.729402],[-74.04958,40.728715],[-74.049979,40.728442],[-74.050121,40.728744],[-74.051671,40.728915],[-74.05149,40.729106],[-74.051488,40.729271],[-74.051416,40.729243]],[[-74.050476,40.729542],[-74.05044,40.729514],[-74.05044,40.729541],[-74.050476,40.729542]],[[-74.051489,40.729216],[-74.051453,40.729189],[-74.051453,40.729216],[-74.051489,40.729216]]],[[[-74.051452,40.729271],[-74.051416,40.729298],[-74.051416,40.729271],[-74.051452,40.729271]]],[[[-74.05138,40.729353],[-74.051416,40.729381],[-74.051379,40.72938],[-74.05138,40.729353]]],[[[-74.045959,40.730567],[-74.046176,40.730431],[-74.046644,40.73057],[-74.046647,40.730131],[-74.04625,40.730239],[-74.046504,40.729993],[-74.048703,40.730303],[-74.048413,40.730522],[-74.047981,40.73041],[-74.047834,40.730684],[-74.04805,40.730767],[-74.045959,40.730567]]],[[[-74.048846,40.730578],[-74.048989,40.730771],[-74.048592,40.730769],[-74.048846,40.730578]]],[[[-74.04906,40.730909],[-74.049168,40.730882],[-74.049168,40.730909],[-74.04906,40.730909]]],[[[-74.049276,40.730937],[-74.049493,40.73091],[-74.049493,40.730938],[-74.049276,40.730937]]],[[[-74.04639,40.730816],[-74.046136,40.731117],[-74.045777,40.730786],[-74.04639,40.730816]]],[[[-74.047649,40.731425],[-74.047977,40.730959],[-74.048046,40.731399],[-74.048301,40.730988],[-74.049383,40.731075],[-74.049346,40.731294],[-74.04942,40.731075],[-74.049744,40.731186],[-74.049671,40.731295],[-74.048081,40.731618],[-74.047179,40.73156],[-74.047649,40.731425]]],[[[-74.047718,40.731919],[-74.049633,40.731487],[-74.049631,40.731817],[-74.049126,40.731787],[-74.048945,40.731896],[-74.049955,40.731928],[-74.047718,40.731919]]],[[[-74.047777,40.733786],[-74.047679,40.732358],[-74.047426,40.732439],[-74.046779,40.73208],[-74.049737,40.732092],[-74.049372,40.732694],[-74.049048,40.732693],[-74.048211,40.733623],[-74.047777,40.733786]]],[[[-74.045378,40.736439],[-74.045308,40.736],[-74.044805,40.735751],[-74.045453,40.735918],[-74.04513,40.735642],[-74.042785,40.73566],[-74.042426,40.735357],[-74.043653,40.735279],[-74.043117,40.734618],[-74.043262,40.734399],[-74.043876,40.734319],[-74.043916,40.733743],[-74.043306,40.733302],[-74.044065,40.733085],[-74.044208,40.73325],[-74.044355,40.732949],[-74.044966,40.733308],[-74.044641,40.733279],[-74.044351,40.733553],[-74.044276,40.733964],[-74.045071,40.733803],[-74.045145,40.733528],[-74.045433,40.733557],[-74.045503,40.733887],[-74.045722,40.733503],[-74.047417,40.733729],[-74.047195,40.734525],[-74.046619,40.73433],[-74.04586,40.734437],[-74.045855,40.735178],[-74.046254,40.73496],[-74.046541,40.735126],[-74.046939,40.73499],[-74.046754,40.735621],[-74.046285,40.735729],[-74.046609,40.73573],[-74.046608,40.736005],[-74.046283,40.735976],[-74.046173,40.73625],[-74.045668,40.736221],[-74.045522,40.736385],[-74.04545,40.736357],[-74.04545,40.736384],[-74.045414,40.736384],[-74.045414,40.736412],[-74.045378,40.736412],[-74.045378,40.736439]],[[-74.045453,40.735918],[-74.045489,40.735945],[-74.045489,40.735918],[-74.045453,40.735918]]],[[[-74.042099,40.735657],[-74.040369,40.735349],[-74.040338,40.734552],[-74.039943,40.734331],[-74.040666,40.734197],[-74.041277,40.734446],[-74.041203,40.734721],[-74.040806,40.734774],[-74.040912,40.735159],[-74.042318,40.735301],[-74.042389,40.735521],[-74.042099,40.735657]]],[[[-74.044152,40.736187],[-74.043073,40.735771],[-74.044516,40.735749],[-74.045092,40.736026],[-74.044152,40.736187]]],[[[-74.041249,40.736181],[-74.041193,40.736148],[-74.041459,40.736149],[-74.041249,40.736181]]],[[[-74.042889,40.736237],[-74.042961,40.73621],[-74.042961,40.736237],[-74.042889,40.736237]]],[[[-74.043322,40.736294],[-74.043357,40.736321],[-74.043321,40.736321],[-74.043322,40.736294]]],[[[-74.045486,40.736412],[-74.04545,40.736384],[-74.045486,40.736385],[-74.045486,40.736412]]],[[[-74.04545,40.736412],[-74.045414,40.736439],[-74.045414,40.736412],[-74.04545,40.736412]]],[[[-74.043959,40.738108],[-74.043666,40.738637],[-74.043911,40.73754],[-74.042815,40.736237],[-74.044293,40.736654],[-74.045051,40.736657],[-74.044977,40.736959],[-74.045302,40.736905],[-74.045697,40.737181],[-74.045372,40.737317],[-74.04512,40.737152],[-74.045007,40.73792],[-74.04414,40.738026],[-74.044641,40.73855],[-74.044173,40.738411],[-74.043955,40.738602],[-74.044564,40.739318],[-74.044239,40.739344],[-74.044308,40.739756],[-74.043617,40.740138],[-74.043959,40.738108]],[[-74.043887,40.738108],[-74.043959,40.738053],[-74.043887,40.738025],[-74.043887,40.738108]],[[-74.043923,40.738025],[-74.04396,40.737971],[-74.043924,40.737971],[-74.043923,40.738025]],[[-74.043924,40.737861],[-74.044249,40.737917],[-74.044034,40.737696],[-74.043924,40.737861]]],[[[-74.042865,40.740841],[-74.042821,40.740903],[-74.042765,40.740903],[-74.042865,40.740841]]],[[[-74.042749,40.74093],[-74.042721,40.74093],[-74.042749,40.740913],[-74.042749,40.74093]]],[[[-74.042712,40.740958],[-74.042677,40.740958],[-74.042712,40.740936],[-74.042712,40.740958]]],[[[-74.042676,40.740958],[-74.042676,40.740985],[-74.042633,40.740985],[-74.042676,40.740958]]],[[[-74.042604,40.741003],[-74.042604,40.741012],[-74.042589,40.741012],[-74.042604,40.741003]]],[[[-74.042502,40.741067],[-74.042531,40.741048],[-74.042531,40.741067],[-74.042502,40.741067]]],[[[-74.042458,40.741094],[-74.042459,40.741094],[-74.042459,40.741094],[-74.042458,40.741094]]],[[[-74.042422,40.741121],[-74.042414,40.741121],[-74.042422,40.741116],[-74.042422,40.741121]]],[[[-74.042386,40.741139],[-74.042386,40.741149],[-74.04237,40.741149],[-74.042386,40.741139]]],[[[-74.04235,40.741161],[-74.04235,40.741176],[-74.042326,40.741176],[-74.04235,40.741161]]],[[[-74.042241,40.741258],[-74.042235,40.741258],[-74.042241,40.741249],[-74.042241,40.741258]]],[[[-74.042169,40.741354],[-74.042168,40.741367],[-74.042154,40.741587],[-74.042169,40.741354]]],[[[-74.042201,40.741834],[-74.042201,40.741861],[-74.042196,40.741834],[-74.042201,40.741834]]],[[[-74.042236,40.742047],[-74.042227,40.741999],[-74.042236,40.741999],[-74.042236,40.742047]]],[[[-74.040728,40.745452],[-74.040733,40.745447],[-74.040732,40.745452],[-74.040728,40.745452]]],[[[-74.04066,40.745534],[-74.040651,40.745534],[-74.04066,40.745524],[-74.04066,40.745534]]],[[[-74.040587,40.745616],[-74.040573,40.745616],[-74.040587,40.745601],[-74.040587,40.745616]]],[[[-74.040551,40.745643],[-74.040547,40.745643],[-74.040551,40.74564],[-74.040551,40.745643]]],[[[-74.040514,40.745678],[-74.040514,40.745698],[-74.040496,40.745698],[-74.040514,40.745678]]],[[[-74.040478,40.745717],[-74.040478,40.745725],[-74.04047,40.745725],[-74.040478,40.745717]]],[[[-74.040405,40.745794],[-74.040405,40.745807],[-74.040393,40.745807],[-74.040405,40.745794]]],[[[-74.040369,40.745835],[-74.040367,40.745835],[-74.040369,40.745832],[-74.040369,40.745835]]],[[[-74.040332,40.745889],[-74.040315,40.745889],[-74.040333,40.745871],[-74.040332,40.745889]]],[[[-74.040296,40.745917],[-74.040289,40.745917],[-74.040296,40.745909],[-74.040296,40.745917]]],[[[-74.04026,40.745971],[-74.040238,40.745971],[-74.04026,40.745948],[-74.04026,40.745971]]],[[[-74.040224,40.745986],[-74.040223,40.745999],[-74.040212,40.745999],[-74.040224,40.745986]]],[[[-74.040187,40.746053],[-74.04016,40.746053],[-74.040187,40.746025],[-74.040187,40.746053]]],[[[-74.040151,40.746081],[-74.040135,40.746081],[-74.040151,40.746064],[-74.040151,40.746081]]],[[[-74.040114,40.746102],[-74.040114,40.746135],[-74.040083,40.746135],[-74.040114,40.746102]]],[[[-74.040078,40.74619],[-74.040006,40.746217],[-74.040078,40.746141],[-74.040078,40.74619]]],[[[-74.040612,40.705182],[-74.040595,40.705168],[-74.040613,40.705159],[-74.040612,40.705182]]],[[[-74.04054,40.705209],[-74.04051,40.705209],[-74.04054,40.705195],[-74.04054,40.705209]]],[[[-74.040504,40.705236],[-74.040454,40.705236],[-74.040504,40.705212],[-74.040504,40.705236]]],[[[-74.040432,40.705264],[-74.040398,40.705263],[-74.040432,40.705247],[-74.040432,40.705264]]],[[[-74.040395,40.705291],[-74.040341,40.705291],[-74.040395,40.705265],[-74.040395,40.705291]]],[[[-74.040229,40.705345],[-74.040323,40.7053],[-74.040287,40.705345],[-74.040229,40.705345]]],[[[-74.040173,40.705372],[-74.040215,40.705352],[-74.040214,40.705372],[-74.040173,40.705372]]],[[[-74.040115,40.7054],[-74.040142,40.705387],[-74.040142,40.7054],[-74.040115,40.7054]]],[[[-74.040106,40.705427],[-74.040057,40.705427],[-74.040106,40.705404],[-74.040106,40.705427]]],[[[-74.040033,40.705454],[-74.039999,40.705454],[-74.040034,40.705438],[-74.040033,40.705454]]],[[[-74.039997,40.705455],[-74.039997,40.705481],[-74.039941,40.705481],[-74.039997,40.705455]]],[[[-74.039925,40.705509],[-74.039883,40.705508],[-74.039925,40.705489],[-74.039925,40.705509]]],[[[-74.039824,40.705536],[-74.039853,40.705522],[-74.039853,40.705536],[-74.039824,40.705536]]],[[[-74.039816,40.705563],[-74.039766,40.705563],[-74.039816,40.705539],[-74.039816,40.705563]]],[[[-74.039744,40.705573],[-74.039744,40.70559],[-74.039708,40.70559],[-74.039744,40.705573]]],[[[-74.039708,40.705618],[-74.039649,40.705617],[-74.039708,40.70559],[-74.039708,40.705618]]],[[[-74.039635,40.705645],[-74.039589,40.705644],[-74.039636,40.705623],[-74.039635,40.705645]]],[[[-74.039563,40.705672],[-74.03953,40.705672],[-74.039563,40.705656],[-74.039563,40.705672]]],[[[-74.039491,40.705689],[-74.039491,40.705699],[-74.03947,40.705699],[-74.039491,40.705689]]],[[[-74.039454,40.705726],[-74.03941,40.705726],[-74.039455,40.705706],[-74.039454,40.705726]]],[[[-74.039382,40.705753],[-74.03935,40.705753],[-74.039382,40.705739],[-74.039382,40.705753]]],[[[-74.03931,40.705771],[-74.03931,40.705781],[-74.039289,40.705781],[-74.03931,40.705771]]],[[[-74.039274,40.705787],[-74.039274,40.705808],[-74.039227,40.705808],[-74.039274,40.705787]]],[[[-74.039201,40.705835],[-74.039165,40.705835],[-74.039201,40.705819],[-74.039201,40.705835]]],[[[-74.039129,40.705862],[-74.039103,40.705862],[-74.039129,40.705851],[-74.039129,40.705862]]],[[[-74.039057,40.705889],[-74.039041,40.705889],[-74.039057,40.705882],[-74.039057,40.705889]]],[[[-74.038979,40.705917],[-74.03902,40.705898],[-74.03902,40.705917],[-74.038979,40.705917]]],[[[-74.038948,40.705944],[-74.038913,40.705944],[-74.038948,40.705929],[-74.038948,40.705944]]],[[[-74.038876,40.705959],[-74.038876,40.705971],[-74.038846,40.705971],[-74.038876,40.705959]]],[[[-74.038803,40.705988],[-74.038803,40.705998],[-74.038779,40.705998],[-74.038803,40.705988]]],[[[-74.038767,40.706026],[-74.038712,40.706025],[-74.038767,40.706003],[-74.038767,40.706026]]],[[[-74.038651,40.706052],[-74.038695,40.706032],[-74.038695,40.706053],[-74.038651,40.706052]]],[[[-74.038622,40.70608],[-74.038591,40.70608],[-74.038622,40.706065],[-74.038622,40.70608]]],[[[-74.033157,40.713881],[-74.033415,40.713086],[-74.034103,40.712814],[-74.034461,40.7132],[-74.034382,40.714133],[-74.034094,40.714105],[-74.034059,40.713885],[-74.033877,40.714104],[-74.033157,40.713881]]],[[[-74.028819,40.730471],[-74.028244,40.730167],[-74.028094,40.730935],[-74.031015,40.731248],[-74.030676,40.733251],[-74.030967,40.731276],[-74.027997,40.731011],[-74.028094,40.730228],[-74.026853,40.729505],[-74.027419,40.729492],[-74.029127,40.730468],[-74.030924,40.730644],[-74.028819,40.730471]]],[[[-74.038838,40.732296],[-74.039384,40.731666],[-74.039489,40.732079],[-74.040102,40.732218],[-74.040028,40.732438],[-74.039632,40.732381],[-74.039376,40.732764],[-74.039917,40.732904],[-74.039951,40.733096],[-74.039302,40.733093],[-74.039264,40.73334],[-74.039048,40.733257],[-74.039163,40.732324],[-74.038838,40.732296]]],[[[-74.030638,40.733553],[-74.030621,40.733358],[-74.03064,40.73331],[-74.030638,40.733553]]],[[[-74.030602,40.733557],[-74.030601,40.733635],[-74.030586,40.733635],[-74.030602,40.733557]]],[[[-74.030709,40.733718],[-74.030927,40.733526],[-74.031576,40.733584],[-74.030709,40.733718]]],[[[-74.030204,40.733716],[-74.030168,40.733702],[-74.030204,40.733705],[-74.030204,40.733716]]],[[[-74.036586,40.734455],[-74.035721,40.734232],[-74.033701,40.734196],[-74.033377,40.734003],[-74.031069,40.733829],[-74.032118,40.733559],[-74.037058,40.734018],[-74.037165,40.734293],[-74.037669,40.734432],[-74.036839,40.734429],[-74.037019,40.734512],[-74.036874,40.734566],[-74.036731,40.734346],[-74.036586,40.734455]],[[-74.036586,40.734428],[-74.03655,40.7344],[-74.03655,40.734428],[-74.036586,40.734428]]],[[[-74.039074,40.734685],[-74.038501,40.734133],[-74.038753,40.734134],[-74.039045,40.733696],[-74.039151,40.734054],[-74.039798,40.734386],[-74.039074,40.734685]]],[[[-74.033305,40.734085],[-74.032473,40.734329],[-74.032438,40.734136],[-74.033305,40.734085]],[[-74.032618,40.734247],[-74.032582,40.734219],[-74.032582,40.734247],[-74.032618,40.734247]]],[[[-74.033773,40.734252],[-74.033737,40.734224],[-74.033773,40.734224],[-74.033773,40.734252]]],[[[-74.032402,40.734164],[-74.032308,40.734356],[-74.031747,40.734189],[-74.032402,40.734164]]],[[[-74.036189,40.734426],[-74.036153,40.734398],[-74.036189,40.734399],[-74.036189,40.734426]]],[[[-74.037849,40.734488],[-74.037741,40.73446],[-74.037849,40.73446],[-74.037849,40.734488]]],[[[-74.037091,40.734485],[-74.037127,40.734457],[-74.037127,40.734485],[-74.037091,40.734485]]],[[[-74.036658,40.734483],[-74.036622,40.734455],[-74.036658,40.734455],[-74.036658,40.734483]]],[[[-74.036369,40.734454],[-74.036441,40.734482],[-74.036369,40.734482],[-74.036369,40.734454]]],[[[-74.037741,40.734487],[-74.037704,40.734515],[-74.037704,40.734487],[-74.037741,40.734487]]],[[[-74.037776,40.734542],[-74.037813,40.734515],[-74.037812,40.734542],[-74.037776,40.734542]]],[[[-74.037126,40.734595],[-74.037055,40.734539],[-74.037163,40.73454],[-74.037126,40.734595]]],[[[-74.037198,40.734622],[-74.037343,40.734568],[-74.037342,40.73465],[-74.037198,40.734622]]],[[[-74.037379,40.73465],[-74.037451,40.734623],[-74.037451,40.734651],[-74.037379,40.73465]]],[[[-74.037595,40.734679],[-74.037487,40.734623],[-74.037595,40.734624],[-74.037595,40.734679]]],[[[-74.037631,40.734706],[-74.037703,40.734679],[-74.037703,40.734707],[-74.037631,40.734706]]],[[[-74.037703,40.734734],[-74.037811,40.734707],[-74.037811,40.734735],[-74.037703,40.734734]]],[[[-74.037955,40.73479],[-74.037991,40.734735],[-74.038099,40.734791],[-74.037955,40.73479]]],[[[-74.039001,40.734822],[-74.038747,40.735068],[-74.038822,40.734711],[-74.039001,40.734822]]],[[[-74.038779,40.735589],[-74.038744,40.735562],[-74.03878,40.735562],[-74.038779,40.735589]]],[[[-74.038058,40.735614],[-74.038274,40.73556],[-74.038527,40.735561],[-74.038491,40.735616],[-74.038058,40.735614]]],[[[-74.038919,40.736308],[-74.038345,40.735835],[-74.038707,40.735644],[-74.040799,40.735817],[-74.040585,40.736283],[-74.040182,40.736345],[-74.040149,40.735897],[-74.039716,40.735813],[-74.039391,40.735866],[-74.039352,40.736223],[-74.039893,40.736389],[-74.039063,40.736322],[-74.039174,40.735975],[-74.038919,40.736308]],[[-74.038707,40.735699],[-74.038742,40.735754],[-74.038779,40.735699],[-74.038707,40.735699]]],[[[-74.040037,40.736363],[-74.040061,40.736363],[-74.040037,40.736367],[-74.040037,40.736363]]],[[[-74.040005,40.746245],[-74.039985,40.746245],[-74.040005,40.746218],[-74.040005,40.746245]]],[[[-74.039969,40.7463],[-74.039943,40.7463],[-74.039969,40.746266],[-74.039969,40.7463]]],[[[-74.039932,40.746354],[-74.039902,40.746354],[-74.039933,40.746314],[-74.039932,40.746354]]],[[[-74.03986,40.746409],[-74.039896,40.746362],[-74.039896,40.746409],[-74.03986,40.746409]]],[[[-74.03986,40.74641],[-74.039786,40.746573],[-74.039715,40.746601],[-74.03986,40.74641]]]]}}]}