{"type":"FeatureCollection","features":[{"type":"Feature","properties":{"level_ft":6},"geometry":{"type":"MultiPolygon","coordinates":[[[[-74.085757,40.675459],[-74.085741,40.675459],[-74.085741,40.675452],[-74.085757,40.675459]]],[[[-74.086999,40.676095],[-74.085777,40.675467],[-74.087215,40.676096],[-74.086999,40.676095]]],[[[-74.090632,40.677481],[-74.090632,40.677478],[-74.090638,40.677481],[-74.090632,40.677481]]],[[[-74.090702,40.677508],[-74.090668,40.677508],[-74.090668,40.677493],[-74.090702,40.677508]]],[[[-74.09074,40.677536],[-74.09074,40.677525],[-74.090766,40.677536],[-74.09074,40.677536]]],[[[-74.091243,40.677757],[-74.091243,40.677743],[-74.091276,40.677757],[-74.091243,40.677757]]],[[[-74.09134,40.677785],[-74.091279,40.677785],[-74.091279,40.677759],[-74.09134,40.677785]]],[[[-74.091387,40.677813],[-74.091387,40.677806],[-74.091403,40.677813],[-74.091387,40.677813]]],[[[-74.091459,40.67784],[-74.091459,40.677837],[-74.091467,40.67784],[-74.091459,40.67784]]],[[[-74.091495,40.677868],[-74.091495,40.677852],[-74.091531,40.677868],[-74.091495,40.677868]]],[[[-74.095627,40.680188],[-74.095591,40.680243],[-74.095591,40.680188],[-74.095627,40.680188]]],[[[-74.095626,40.680381],[-74.095483,40.680188],[-74.095698,40.680353],[-74.095626,40.680381]]],[[[-74.095952,40.680052],[-74.095877,40.680574],[-74.095592,40.680106],[-74.095952,40.680052]]],[[[-74.096093,40.680602],[-74.096024,40.680162],[-74.097282,40.680853],[-74.096488,40.680905],[-74.096093,40.680602]]],[[[-74.095985,40.680574],[-74.096022,40.680547],[-74.096021,40.680574],[-74.095985,40.680574]]],[[[-74.082932,40.692166],[-74.083479,40.691317],[-74.081646,40.690213],[-74.079584,40.691248],[-74.079508,40.691962],[-74.078109,40.690776],[-74.079404,40.691303],[-74.080236,40.690784],[-74.080384,40.690181],[-74.08089,40.690045],[-74.080816,40.690292],[-74.080888,40.690347],[-74.081503,40.690075],[-74.081432,40.689883],[-74.082334,40.689831],[-74.083455,40.689396],[-74.083741,40.689671],[-74.083089,40.690163],[-74.082943,40.690519],[-74.083196,40.690356],[-74.083231,40.690548],[-74.084131,40.690743],[-74.083845,40.690413],[-74.084494,40.690415],[-74.084279,40.69014],[-74.084676,40.690224],[-74.086015,40.68935],[-74.083692,40.691867],[-74.082932,40.692166]]],[[[-74.081398,40.69529],[-74.081362,40.695263],[-74.081398,40.695263],[-74.081398,40.69529]]],[[[-74.081398,40.695318],[-74.081434,40.69529],[-74.081434,40.695318],[-74.081398,40.695318]]],[[[-74.081289,40.695372],[-74.081362,40.695345],[-74.081361,40.6954],[-74.081289,40.695372]]],[[[-74.103539,40.695808],[-74.10354,40.695765],[-74.103627,40.695808],[-74.103539,40.695808]]],[[[-74.081071,40.695728],[-74.081035,40.695701],[-74.081071,40.695701],[-74.081071,40.695728]]],[[[-74.080599,40.696166],[-74.080636,40.696138],[-74.080635,40.696166],[-74.080599,40.696166]]],[[[-74.080527,40.69622],[-74.080563,40.696248],[-74.080527,40.696248],[-74.080527,40.69622]]],[[[-74.080491,40.696248],[-74.080526,40.696275],[-74.08049,40.696275],[-74.080491,40.696248]]],[[[-74.104978,40.696471],[-74.104978,40.696463],[-74.104995,40.696471],[-74.104978,40.696471]]],[[[-74.080454,40.696302],[-74.08049,40.696275],[-74.08049,40.696303],[-74.080454,40.696302]]],[[[-74.106701,40.69785],[-74.106632,40.697266],[-74.107387,40.69766],[-74.106701,40.69785]]],[[[-74.10067,40.699256],[-74.101513,40.696899],[-74.1026,40.696106],[-74.101655,40.697366],[-74.102266,40.697615],[-74.102228,40.698027],[-74.10194,40.697943],[-74.102011,40.698163],[-74.101686,40.698162],[-74.101651,40.698025],[-74.101504,40.698408],[-74.101611,40.698628],[-74.102223,40.69874],[-74.101538,40.698793],[-74.101319,40.699149],[-74.10067,40.699256]]],[[[-74.105733,40.696831],[-74.105548,40.697709],[-74.105369,40.697433],[-74.105367,40.697708],[-74.105115,40.69768],[-74.104752,40.69809],[-74.104822,40.698392],[-74.104353,40.698555],[-74.104097,40.699049],[-74.103519,40.699184],[-74.103702,40.6988],[-74.103342,40.698634],[-74.103416,40.698415],[-74.103883,40.698691],[-74.104209,40.698445],[-74.104138,40.698198],[-74.103562,40.698141],[-74.103599,40.697976],[-74.104355,40.698061],[-74.104717,40.697843],[-74.104035,40.697346],[-74.104146,40.696908],[-74.10375,40.696687],[-74.103788,40.69644],[-74.104546,40.696415],[-74.104904,40.696746],[-74.105014,40.696481],[-74.105337,40.696802],[-74.105733,40.696831]]],[[[-74.080229,40.697674],[-74.080157,40.697619],[-74.080229,40.697619],[-74.080229,40.697674]]],[[[-74.080121,40.697729],[-74.079543,40.697864],[-74.080121,40.697674],[-74.080121,40.697729]]],[[[-74.079506,40.697919],[-74.079543,40.697864],[-74.079578,40.697919],[-74.079506,40.697919]]],[[[-74.079362,40.697973],[-74.079398,40.697946],[-74.079398,40.697973],[-74.079362,40.697973]]],[[[-74.099844,40.704634],[-74.099586,40.705511],[-74.099226,40.705345],[-74.099153,40.70562],[-74.098756,40.705563],[-74.098717,40.70614],[-74.09839,40.70644],[-74.098142,40.705644],[-74.097889,40.705752],[-74.097969,40.704463],[-74.098727,40.704465],[-74.098759,40.705069],[-74.098975,40.705235],[-74.098798,40.70463],[-74.099126,40.703973],[-74.098477,40.703998],[-74.098478,40.703806],[-74.099167,40.703149],[-74.099208,40.702408],[-74.099609,40.701723],[-74.099522,40.704221],[-74.100027,40.704168],[-74.100354,40.703785],[-74.100498,40.703758],[-74.099844,40.704634]],[[-74.09999,40.704332],[-74.099954,40.704305],[-74.099954,40.704332],[-74.09999,40.704332]]],[[[-74.100349,40.704608],[-74.100385,40.704691],[-74.100312,40.70469],[-74.100349,40.704608]]],[[[-74.100779,40.705159],[-74.100743,40.705131],[-74.100779,40.705131],[-74.100779,40.705159]]],[[[-74.101061,40.70623],[-74.101097,40.706203],[-74.101097,40.70623],[-74.101061,40.70623]]],[[[-74.101169,40.706258],[-74.101168,40.70645],[-74.101024,40.70634],[-74.101169,40.706258]]],[[[-74.099597,40.709656],[-74.099634,40.709629],[-74.099633,40.709656],[-74.099597,40.709656]]],[[[-74.099597,40.709739],[-74.099561,40.709656],[-74.099597,40.709656],[-74.099597,40.709739]]],[[[-74.099705,40.709712],[-74.099669,40.709739],[-74.099669,40.709712],[-74.099705,40.709712]]],[[[-74.098869,40.710807],[-74.098833,40.710779],[-74.098869,40.710779],[-74.098869,40.710807]]],[[[-74.098833,40.710862],[-74.098797,40.710834],[-74.098833,40.710834],[-74.098833,40.710862]]],[[[-74.098794,40.711328],[-74.098758,40.711246],[-74.098794,40.711246],[-74.098794,40.711328]]],[[[-74.098794,40.711355],[-74.09883,40.711328],[-74.09883,40.711356],[-74.098794,40.711355]]],[[[-74.095662,40.716258],[-74.095698,40.716231],[-74.095698,40.716258],[-74.095662,40.716258]]],[[[-74.101968,40.711366],[-74.103118,40.712057],[-74.103985,40.71184],[-74.106436,40.712288],[-74.107304,40.711879],[-74.107127,40.711329],[-74.107568,40.709876],[-74.106345,40.709405],[-74.106231,40.704134],[-74.101461,40.705628],[-74.101063,40.705873],[-74.101241,40.706231],[-74.101061,40.706175],[-74.100952,40.706367],[-74.100591,40.706393],[-74.100736,40.706174],[-74.100268,40.70609],[-74.100629,40.705982],[-74.100382,40.705102],[-74.100851,40.705186],[-74.100422,40.704526],[-74.101295,40.703211],[-74.101475,40.703322],[-74.100639,40.704335],[-74.10096,40.705049],[-74.100854,40.704665],[-74.101899,40.704723],[-74.101937,40.704504],[-74.102369,40.704588],[-74.102768,40.704232],[-74.103996,40.703934],[-74.103457,40.703521],[-74.103316,40.703081],[-74.102559,40.702914],[-74.101362,40.704118],[-74.101758,40.704284],[-74.102412,40.703407],[-74.102701,40.703381],[-74.102118,40.704367],[-74.101612,40.704503],[-74.101145,40.704172],[-74.101618,40.703569],[-74.101438,40.703459],[-74.101877,40.702472],[-74.104964,40.698887],[-74.105941,40.698231],[-74.10742,40.698182],[-74.107787,40.697826],[-74.114232,40.700952],[-74.114309,40.704609],[-74.116408,40.709735],[-74.113869,40.712314],[-74.110167,40.715375],[-74.10747,40.717075],[-74.102976,40.71933],[-74.10177,40.720231],[-74.100089,40.722867],[-74.099011,40.727277],[-74.096826,40.726556],[-74.096756,40.726226],[-74.095027,40.725671],[-74.09474,40.725478],[-74.094957,40.725369],[-74.094164,40.725174],[-74.093478,40.725227],[-74.093622,40.725419],[-74.093333,40.725418],[-74.092714,40.726295],[-74.093688,40.726325],[-74.09466,40.726795],[-74.09513,40.726523],[-74.096465,40.72661],[-74.098949,40.727524],[-74.098849,40.728189],[-74.09737,40.731748],[-74.095303,40.735005],[-74.091468,40.735321],[-74.088123,40.733553],[-74.089131,40.73394],[-74.089458,40.73364],[-74.089818,40.733806],[-74.090435,40.733149],[-74.090215,40.733807],[-74.090611,40.733946],[-74.091046,40.733618],[-74.091479,40.733619],[-74.090932,40.734496],[-74.09169,40.734553],[-74.091615,40.734883],[-74.092374,40.734666],[-74.092847,40.734118],[-74.092524,40.733733],[-74.091622,40.733757],[-74.091409,40.733235],[-74.091663,40.733016],[-74.09134,40.732768],[-74.09206,40.73299],[-74.092675,40.732718],[-74.092493,40.733046],[-74.092816,40.733295],[-74.092635,40.733431],[-74.092347,40.733238],[-74.092346,40.733403],[-74.09321,40.733708],[-74.092923,40.733432],[-74.094043,40.733189],[-74.09401,40.732722],[-74.09365,40.732529],[-74.094157,40.732256],[-74.094125,40.73157],[-74.094454,40.730885],[-74.094239,40.730719],[-74.093661,40.7308],[-74.093197,40.729892],[-74.091723,40.729036],[-74.090568,40.729169],[-74.090741,40.730405],[-74.088829,40.730234],[-74.088542,40.729931],[-74.088618,40.729437],[-74.089555,40.72955],[-74.089592,40.729468],[-74.088726,40.729355],[-74.088877,40.728367],[-74.088228,40.728173],[-74.088155,40.728447],[-74.087869,40.727897],[-74.088301,40.728036],[-74.088591,40.727927],[-74.08762,40.727429],[-74.085799,40.730113],[-74.085293,40.730139],[-74.085695,40.729371],[-74.085335,40.729288],[-74.085049,40.728848],[-74.084073,40.729146],[-74.084536,40.730163],[-74.085148,40.730303],[-74.085038,40.730549],[-74.084713,40.730603],[-74.08385,40.730133],[-74.083708,40.729776],[-74.083095,40.729774],[-74.082774,40.729114],[-74.083965,40.729118],[-74.0848,40.728298],[-74.085095,40.727228],[-74.084194,40.727115],[-74.084088,40.726758],[-74.083149,40.726864],[-74.083044,40.726397],[-74.083407,40.726014],[-74.082977,40.725546],[-74.083555,40.725466],[-74.083666,40.724945],[-74.083199,40.724586],[-74.083022,40.724064],[-74.08342,40.723818],[-74.0849,40.723824],[-74.08576,40.724733],[-74.085577,40.725089],[-74.085756,40.725446],[-74.086118,40.725173],[-74.086586,40.725339],[-74.087417,40.725205],[-74.08799,40.725893],[-74.088609,40.724935],[-74.088141,40.724769],[-74.088363,40.723973],[-74.088615,40.723974],[-74.088505,40.724221],[-74.08883,40.724195],[-74.088936,40.724579],[-74.089371,40.724306],[-74.089336,40.724032],[-74.088617,40.72359],[-74.089015,40.723427],[-74.088225,40.722957],[-74.08945,40.723181],[-74.089267,40.72362],[-74.089807,40.723731],[-74.090243,40.723211],[-74.090931,40.722857],[-74.090495,40.723295],[-74.090495,40.723404],[-74.090676,40.72324],[-74.090856,40.723268],[-74.091037,40.723187],[-74.091179,40.723626],[-74.092042,40.724178],[-74.092476,40.723906],[-74.092115,40.724042],[-74.091575,40.72371],[-74.091433,40.723435],[-74.091901,40.723602],[-74.09201,40.723382],[-74.091508,40.722996],[-74.092947,40.723688],[-74.092697,40.723248],[-74.093022,40.723166],[-74.093632,40.723745],[-74.09446,40.72394],[-74.094531,40.724242],[-74.095864,40.724576],[-74.094856,40.724161],[-74.095219,40.72375],[-74.095798,40.72356],[-74.095506,40.724081],[-74.096225,40.72455],[-74.096197,40.723232],[-74.095439,40.723175],[-74.095661,40.72238],[-74.096022,40.722244],[-74.095987,40.722079],[-74.096898,40.720627],[-74.096865,40.72016],[-74.097154,40.720079],[-74.096798,40.719309],[-74.097378,40.71879],[-74.096767,40.718348],[-74.097344,40.71846],[-74.097561,40.718269],[-74.098282,40.718518],[-74.098825,40.718053],[-74.099547,40.718028],[-74.10153,40.7182],[-74.101532,40.718008],[-74.101064,40.717842],[-74.101101,40.717595],[-74.101714,40.717624],[-74.103671,40.716204],[-74.101548,40.715181],[-74.101658,40.714961],[-74.101874,40.715044],[-74.101839,40.714797],[-74.102381,40.714689],[-74.102528,40.714223],[-74.102997,40.714225],[-74.10253,40.713839],[-74.102748,40.713675],[-74.102496,40.713509],[-74.102644,40.712933],[-74.10214,40.712794],[-74.102102,40.713069],[-74.101741,40.713122],[-74.10095,40.712653],[-74.101169,40.712297],[-74.099767,40.711386],[-74.099622,40.711523],[-74.099191,40.711192],[-74.098722,40.711191],[-74.098613,40.711327],[-74.098941,40.71078],[-74.098906,40.710615],[-74.098434,40.71119],[-74.099347,40.709271],[-74.099452,40.709793],[-74.099705,40.709794],[-74.099995,40.709493],[-74.099867,40.706775],[-74.100193,40.706557],[-74.10095,40.706642],[-74.100696,40.706833],[-74.101053,40.707465],[-74.102495,40.707717],[-74.102349,40.707909],[-74.10116,40.707795],[-74.10058,40.708232],[-74.100111,40.708286],[-74.100322,40.709165],[-74.100137,40.709905],[-74.100459,40.7104],[-74.101464,40.711118],[-74.101971,40.7109],[-74.101974,40.710406],[-74.102587,40.710463],[-74.101968,40.711366]],[[-74.101061,40.706175],[-74.101025,40.706148],[-74.101025,40.706175],[-74.101061,40.706175]],[[-74.093514,40.725309],[-74.093442,40.725254],[-74.09337,40.725254],[-74.093406,40.725309],[-74.093514,40.725309]],[[-74.083097,40.729472],[-74.083169,40.7295],[-74.083169,40.729472],[-74.083097,40.729472]],[[-74.088505,40.724221],[-74.088469,40.724248],[-74.088505,40.724248],[-74.088505,40.724221]],[[-74.090676,40.723268],[-74.090712,40.723295],[-74.090712,40.723268],[-74.090676,40.723268]],[[-74.096132,40.722024],[-74.096168,40.722052],[-74.096168,40.722024],[-74.096132,40.722024]],[[-74.099731,40.711386],[-74.099695,40.711359],[-74.099695,40.711386],[-74.099731,40.711386]],[[-74.099695,40.711359],[-74.099623,40.711331],[-74.099623,40.711358],[-74.099695,40.711359]],[[-74.102005,40.711174],[-74.101933,40.711202],[-74.102005,40.711202],[-74.102005,40.711174]]],[[[-74.097336,40.713739],[-74.097222,40.714754],[-74.096643,40.715026],[-74.096681,40.714724],[-74.096393,40.714641],[-74.095556,40.715736],[-74.095445,40.716202],[-74.096094,40.716369],[-74.09555,40.716752],[-74.096052,40.717358],[-74.097027,40.717141],[-74.098466,40.717805],[-74.098464,40.718135],[-74.096985,40.718102],[-74.096734,40.717881],[-74.096515,40.718238],[-74.095038,40.717958],[-74.094928,40.718205],[-74.095613,40.718317],[-74.096331,40.718868],[-74.095791,40.718647],[-74.09507,40.718617],[-74.096185,40.71917],[-74.095966,40.719608],[-74.095604,40.719744],[-74.095747,40.720047],[-74.094582,40.721717],[-74.094977,40.722048],[-74.094077,40.721743],[-74.094112,40.721962],[-74.093533,40.722125],[-74.093351,40.722509],[-74.092521,40.722451],[-74.092195,40.722669],[-74.092054,40.722092],[-74.091837,40.722256],[-74.091911,40.721982],[-74.091475,40.722365],[-74.091662,40.721322],[-74.092241,40.720995],[-74.092062,40.720802],[-74.092244,40.720583],[-74.091777,40.720225],[-74.092211,40.720116],[-74.092317,40.720364],[-74.092822,40.720366],[-74.092603,40.720832],[-74.092856,40.72075],[-74.092819,40.720942],[-74.093146,40.720641],[-74.093364,40.720258],[-74.093797,40.720232],[-74.09398,40.719876],[-74.093728,40.719792],[-74.093837,40.719628],[-74.093838,40.719491],[-74.093766,40.719436],[-74.093622,40.71949],[-74.093476,40.719682],[-74.093586,40.719408],[-74.093442,40.719407],[-74.093041,40.720037],[-74.092538,40.719733],[-74.09297,40.7199],[-74.093188,40.719543],[-74.093011,40.719104],[-74.093734,40.718722],[-74.093483,40.718556],[-74.093883,40.718036],[-74.093596,40.717816],[-74.094028,40.717899],[-74.094211,40.717516],[-74.093634,40.717376],[-74.0936,40.717184],[-74.093961,40.717076],[-74.094393,40.717269],[-74.095192,40.716339],[-74.09422,40.716061],[-74.094366,40.715732],[-74.093504,40.715153],[-74.095414,40.715461],[-74.095924,40.714585],[-74.095419,40.71461],[-74.095386,40.714171],[-74.096106,40.714311],[-74.096723,40.713709],[-74.09694,40.71371],[-74.096793,40.714121],[-74.097336,40.713739]],[[-74.095733,40.716286],[-74.095769,40.716313],[-74.09577,40.716286],[-74.095733,40.716286]],[[-74.091838,40.722037],[-74.091802,40.722009],[-74.091802,40.722037],[-74.091838,40.722037]],[[-74.092603,40.720832],[-74.092567,40.720804],[-74.092567,40.720831],[-74.092603,40.720832]],[[-74.093838,40.719436],[-74.093947,40.719436],[-74.093947,40.719327],[-74.093838,40.719436]],[[-74.093911,40.719326],[-74.093875,40.719299],[-74.093875,40.719326],[-74.093911,40.719326]],[[-74.093875,40.719381],[-74.093839,40.719354],[-74.093839,40.719381],[-74.093875,40.719381]],[[-74.093839,40.719354],[-74.093803,40.719326],[-74.093803,40.719353],[-74.093839,40.719354]],[[-74.093838,40.719436],[-74.093802,40.719408],[-74.093802,40.719436],[-74.093838,40.719436]],[[-74.093514,40.71938],[-74.093478,40.719325],[-74.093478,40.71938],[-74.093514,40.71938]],[[-74.093735,40.718667],[-74.093807,40.718612],[-74.093735,40.718612],[-74.093735,40.718667]],[[-74.093808,40.71853],[-74.093916,40.71853],[-74.093917,40.718448],[-74.093808,40.71853]],[[-74.094606,40.717709],[-74.093915,40.71875],[-74.094278,40.718285],[-74.09435,40.718367],[-74.094277,40.718532],[-74.094205,40.718531],[-74.094204,40.718586],[-74.094168,40.718586],[-74.094204,40.718641],[-74.094132,40.718668],[-74.094204,40.718696],[-74.094421,40.718505],[-74.094749,40.718039],[-74.094605,40.717901],[-74.09446,40.718066],[-74.094606,40.717709]],[[-74.094749,40.717957],[-74.094785,40.717984],[-74.094785,40.717957],[-74.094749,40.717957]],[[-74.094785,40.717957],[-74.094822,40.717902],[-74.094786,40.717902],[-74.094785,40.717957]],[[-74.094786,40.717902],[-74.09475,40.717874],[-74.09475,40.717902],[-74.094786,40.717902]],[[-74.094606,40.717709],[-74.094643,40.717682],[-74.094607,40.717682],[-74.094606,40.717709]],[[-74.094607,40.717682],[-74.094571,40.717654],[-74.094571,40.717682],[-74.094607,40.717682]],[[-74.096829,40.714149],[-74.096756,40.714203],[-74.096792,40.714203],[-74.096829,40.714149]],[[-74.097155,40.713903],[-74.097191,40.71393],[-74.097191,40.713903],[-74.097155,40.713903]]],[[[-74.09424,40.718614],[-74.094204,40.718586],[-74.09424,40.718586],[-74.09424,40.718614]]],[[[-74.093802,40.719491],[-74.09373,40.719518],[-74.09373,40.719463],[-74.093802,40.719491]]],[[[-74.092892,40.720723],[-74.092821,40.72064],[-74.092929,40.720613],[-74.092892,40.720723]]],[[[-74.092856,40.720832],[-74.092892,40.72086],[-74.092856,40.72086],[-74.092856,40.720832]]],[[[-74.090821,40.723186],[-74.090857,40.723159],[-74.090857,40.723186],[-74.090821,40.723186]]],[[[-74.090785,40.723213],[-74.090821,40.723186],[-74.090821,40.723213],[-74.090785,40.723213]]],[[[-74.09064,40.723213],[-74.090677,40.723185],[-74.090676,40.723213],[-74.09064,40.723213]]],[[[-74.090748,40.723241],[-74.090785,40.723213],[-74.090784,40.723241],[-74.090748,40.723241]]],[[[-74.093586,40.725282],[-74.093695,40.725255],[-74.093695,40.725282],[-74.093586,40.725282]]],[[[-74.082749,40.733039],[-74.083764,40.732384],[-74.082203,40.733861],[-74.082706,40.734302],[-74.082021,40.734052],[-74.081659,40.734353],[-74.085078,40.735765],[-74.085544,40.736288],[-74.085147,40.736287],[-74.081837,40.734765],[-74.081006,40.734845],[-74.080647,40.734486],[-74.080071,40.734347],[-74.080144,40.734183],[-74.081155,40.734186],[-74.082425,40.732928],[-74.082749,40.733039]],[[-74.082713,40.733039],[-74.082677,40.733066],[-74.082713,40.733066],[-74.082713,40.733039]]],[[[-74.078645,40.737306],[-74.079585,40.73698],[-74.079981,40.737201],[-74.080631,40.737067],[-74.080811,40.73715],[-74.078571,40.737608],[-74.078645,40.737306]]],[[[-74.079906,40.737558],[-74.079726,40.737503],[-74.079907,40.737476],[-74.079906,40.737558]]],[[[-74.08337,40.737735],[-74.08276,40.737102],[-74.082183,40.737072],[-74.083772,40.736831],[-74.083842,40.737215],[-74.084202,40.737381],[-74.084926,40.737027],[-74.085502,40.737194],[-74.084881,40.738427],[-74.085313,40.738593],[-74.087808,40.737834],[-74.085649,40.736755],[-74.085652,40.736398],[-74.088568,40.737507],[-74.091356,40.735897],[-74.091431,40.735458],[-74.095174,40.73517],[-74.093398,40.737015],[-74.090175,40.738579],[-74.083859,40.740291],[-74.079716,40.739177],[-74.077808,40.738429],[-74.078027,40.738018],[-74.077775,40.73788],[-74.079834,40.737613],[-74.079979,40.737558],[-74.079979,40.737449],[-74.080195,40.737641],[-74.080268,40.737395],[-74.080954,40.737425],[-74.081497,40.73718],[-74.082217,40.737347],[-74.082108,40.737511],[-74.081748,40.737345],[-74.081566,40.737619],[-74.083152,40.737927],[-74.08272,40.737788],[-74.08337,40.737735]],[[-74.083152,40.737927],[-74.083224,40.737954],[-74.083224,40.737927],[-74.083152,40.737927]],[[-74.083191,40.737488],[-74.083263,40.737515],[-74.083263,40.737488],[-74.083191,40.737488]],[[-74.083263,40.737515],[-74.083335,40.737543],[-74.083335,40.737516],[-74.083263,40.737515]]],[[[-74.080508,40.739482],[-74.080472,40.739454],[-74.080508,40.739454],[-74.080508,40.739482]]],[[[-74.080508,40.739482],[-74.081841,40.739816],[-74.083641,40.740344],[-74.082233,40.740668],[-74.080508,40.739482]]],[[[-74.079315,40.676671],[-74.077194,40.675675],[-74.076287,40.67666],[-74.076647,40.676744],[-74.076608,40.677156],[-74.07556,40.677536],[-74.075266,40.678441],[-74.074795,40.678714],[-74.075909,40.679294],[-74.075909,40.679431],[-74.075368,40.67932],[-74.075188,40.679346],[-74.076446,40.679955],[-74.076336,40.680229],[-74.076587,40.68045],[-74.076048,40.680228],[-74.075976,40.680255],[-74.076335,40.680394],[-74.07716,40.68111],[-74.07626,40.680833],[-74.076148,40.681409],[-74.077766,40.682211],[-74.078955,40.682407],[-74.077729,40.682348],[-74.075537,40.681187],[-74.076757,40.682042],[-74.078197,40.682514],[-74.078878,40.683066],[-74.078338,40.683036],[-74.078082,40.683612],[-74.079338,40.684495],[-74.078833,40.684603],[-74.078906,40.684383],[-74.0779,40.683776],[-74.077718,40.684105],[-74.077178,40.683965],[-74.075994,40.683083],[-74.075924,40.682698],[-74.076248,40.682754],[-74.076393,40.6827],[-74.074705,40.681623],[-74.074631,40.68187],[-74.074734,40.682666],[-74.076854,40.683937],[-74.078035,40.685259],[-74.07836,40.685287],[-74.07868,40.686002],[-74.079147,40.686169],[-74.080869,40.687685],[-74.080722,40.688151],[-74.080289,40.688094],[-74.079817,40.688614],[-74.079933,40.688887],[-74.079582,40.688726],[-74.080285,40.687995],[-74.07463,40.683866],[-74.074457,40.683971],[-74.071101,40.681665],[-74.070662,40.680639],[-74.071797,40.679744],[-74.070641,40.679209],[-74.071889,40.679629],[-74.07372,40.679817],[-74.074828,40.678352],[-74.072516,40.677158],[-74.072814,40.676909],[-74.075007,40.678078],[-74.075638,40.677405],[-74.072611,40.675807],[-74.073022,40.675347],[-74.07579,40.676812],[-74.076735,40.676002],[-74.075979,40.67691],[-74.077223,40.675599],[-74.080985,40.677371],[-74.081291,40.677066],[-74.0813,40.676473],[-74.080935,40.676073],[-74.077279,40.674274],[-74.069296,40.670879],[-74.068149,40.670712],[-74.064988,40.669224],[-74.06492,40.66853],[-74.065716,40.66704],[-74.071767,40.669589],[-74.069984,40.669967],[-74.069735,40.669417],[-74.068979,40.669222],[-74.068326,40.669878],[-74.069008,40.67032],[-74.06843,40.670565],[-74.069941,40.671064],[-74.076269,40.673805],[-74.077565,40.674112],[-74.079936,40.675383],[-74.080836,40.675634],[-74.081302,40.676047],[-74.08267,40.676354],[-74.083171,40.676987],[-74.082416,40.676683],[-74.081221,40.677502],[-74.080574,40.677225],[-74.080176,40.677443],[-74.079278,40.676891],[-74.078881,40.676889],[-74.078919,40.676642],[-74.079315,40.676671]],[[-74.076286,40.676715],[-74.07625,40.676742],[-74.076286,40.676743],[-74.076286,40.676715]],[[-74.076337,40.680092],[-74.076301,40.680064],[-74.076301,40.680092],[-74.076337,40.680092]],[[-74.075904,40.680227],[-74.075724,40.680089],[-74.075652,40.680089],[-74.075904,40.680227]],[[-74.07655,40.680696],[-74.076514,40.680669],[-74.076514,40.680696],[-74.07655,40.680696]],[[-74.075537,40.681187],[-74.075501,40.681159],[-74.075501,40.681187],[-74.075537,40.681187]],[[-74.075501,40.681159],[-74.075465,40.681132],[-74.075465,40.681159],[-74.075501,40.681159]],[[-74.075465,40.681132],[-74.075429,40.681104],[-74.075429,40.681132],[-74.075465,40.681132]],[[-74.075429,40.681104],[-74.075393,40.681076],[-74.075393,40.681104],[-74.075429,40.681104]],[[-74.075393,40.681076],[-74.075357,40.681049],[-74.075357,40.681076],[-74.075393,40.681076]],[[-74.075357,40.681049],[-74.075322,40.680994],[-74.075321,40.681049],[-74.075357,40.681049]],[[-74.075322,40.680994],[-74.075286,40.680966],[-74.075286,40.680994],[-74.075322,40.680994]],[[-74.075286,40.680966],[-74.07525,40.680939],[-74.07525,40.680966],[-74.075286,40.680966]],[[-74.07525,40.680939],[-74.075214,40.680911],[-74.075214,40.680939],[-74.07525,40.680939]],[[-74.075214,40.680911],[-74.075178,40.680884],[-74.075178,40.680911],[-74.075214,40.680911]],[[-74.078429,40.685699],[-74.078393,40.685672],[-74.078393,40.685699],[-74.078429,40.685699]],[[-74.079315,40.676671],[-74.079387,40.676699],[-74.079387,40.676672],[-74.079315,40.676671]]],[[[-74.076312,40.678307],[-74.075735,40.67836],[-74.075736,40.678168],[-74.076354,40.677429],[-74.07657,40.677402],[-74.076821,40.67765],[-74.076314,40.678088],[-74.076889,40.678364],[-74.076887,40.678611],[-74.076526,40.678692],[-74.076312,40.678307]]],[[[-74.076445,40.680092],[-74.076481,40.68012],[-74.076445,40.68012],[-74.076445,40.680092]]],[[[-74.076623,40.680422],[-74.076659,40.68045],[-74.076623,40.68045],[-74.076623,40.680422]]],[[[-74.076731,40.680477],[-74.076695,40.68045],[-74.076731,40.68045],[-74.076731,40.680477]]],[[[-74.071187,40.690339],[-74.072199,40.690123],[-74.073352,40.690128],[-74.073315,40.690429],[-74.072447,40.69081],[-74.07187,40.690671],[-74.071401,40.690834],[-74.071078,40.690531],[-74.071187,40.690339]]],[[[-74.073907,40.693698],[-74.072362,40.692704],[-74.072439,40.692018],[-74.072078,40.692044],[-74.072151,40.691852],[-74.071433,40.691438],[-74.071255,40.691026],[-74.072589,40.69114],[-74.073595,40.691638],[-74.073664,40.692187],[-74.073302,40.692378],[-74.074308,40.693013],[-74.074306,40.693315],[-74.073907,40.693698]]],[[[-74.07642,40.695437],[-74.076931,40.69445],[-74.077687,40.694728],[-74.077797,40.694371],[-74.078154,40.694949],[-74.07841,40.694401],[-74.078988,40.694266],[-74.079202,40.694623],[-74.078837,40.695336],[-74.079453,40.694981],[-74.079233,40.695474],[-74.078042,40.695607],[-74.077788,40.695826],[-74.076887,40.695795],[-74.07642,40.695437]]],[[[-74.074218,40.695758],[-74.073647,40.694878],[-74.07426,40.694907],[-74.075158,40.695432],[-74.075192,40.695707],[-74.074218,40.695758]]],[[[-74.075251,40.697876],[-74.076993,40.69618],[-74.078798,40.695857],[-74.07963,40.695476],[-74.078977,40.696023],[-74.077966,40.696184],[-74.077964,40.696568],[-74.077388,40.696319],[-74.076882,40.696536],[-74.076409,40.697166],[-74.076514,40.697688],[-74.074491,40.698202],[-74.075251,40.697876]]],[[[-74.078602,40.6983],[-74.078638,40.698272],[-74.078638,40.6983],[-74.078602,40.6983]]],[[[-74.081325,40.695455],[-74.081107,40.695701],[-74.080999,40.695701],[-74.081034,40.695783],[-74.080708,40.696139],[-74.0806,40.696111],[-74.080563,40.696138],[-74.080599,40.696221],[-74.080527,40.696193],[-74.080527,40.69622],[-74.080491,40.69622],[-74.080491,40.696248],[-74.080455,40.696248],[-74.080454,40.696275],[-74.080418,40.696275],[-74.080454,40.696357],[-74.080308,40.696659],[-74.079981,40.697014],[-74.079002,40.697889],[-74.080122,40.697482],[-74.08023,40.697509],[-74.079399,40.697808],[-74.079325,40.698028],[-74.078711,40.698273],[-74.078603,40.698245],[-74.078313,40.698436],[-74.078564,40.698629],[-74.078381,40.699067],[-74.076642,40.700296],[-74.073389,40.701382],[-74.071941,40.702118],[-74.071904,40.702338],[-74.072266,40.702202],[-74.072336,40.702449],[-74.072553,40.702422],[-74.072371,40.702614],[-74.072191,40.702586],[-74.071973,40.702804],[-74.070273,40.703594],[-74.069948,40.703648],[-74.069151,40.704112],[-74.066874,40.704844],[-74.065464,40.705388],[-74.065102,40.705634],[-74.062424,40.706831],[-74.062642,40.706613],[-74.062426,40.706557],[-74.063765,40.705931],[-74.065541,40.704647],[-74.065615,40.704373],[-74.065901,40.704676],[-74.066697,40.704322],[-74.066012,40.704292],[-74.065831,40.704456],[-74.065507,40.704235],[-74.065833,40.704154],[-74.065689,40.704016],[-74.066088,40.703716],[-74.067785,40.70342],[-74.070136,40.702413],[-74.070394,40.701646],[-74.069172,40.700845],[-74.069607,40.70049],[-74.069533,40.700792],[-74.070288,40.701234],[-74.070616,40.700768],[-74.07094,40.700769],[-74.071082,40.701209],[-74.070756,40.701318],[-74.070863,40.70151],[-74.071728,40.701596],[-74.071766,40.701294],[-74.072163,40.701241],[-74.071914,40.7008],[-74.072238,40.700856],[-74.07206,40.700554],[-74.072348,40.700582],[-74.072567,40.700171],[-74.073068,40.700805],[-74.073249,40.700723],[-74.072892,40.700173],[-74.074189,40.700342],[-74.076432,40.699225],[-74.076219,40.698758],[-74.075534,40.698728],[-74.072895,40.699596],[-74.072282,40.699594],[-74.07521,40.698589],[-74.077663,40.698461],[-74.078425,40.69786],[-74.078646,40.697092],[-74.081546,40.694797],[-74.080927,40.695673],[-74.081289,40.695372],[-74.081325,40.695455]],[[-74.081144,40.695619],[-74.081108,40.695591],[-74.081108,40.695619],[-74.081144,40.695619]],[[-74.080962,40.69581],[-74.080926,40.695783],[-74.080926,40.69581],[-74.080962,40.69581]],[[-74.08089,40.695892],[-74.080854,40.695865],[-74.080853,40.695892],[-74.08089,40.695892]],[[-74.080418,40.696357],[-74.080382,40.69633],[-74.080382,40.696357],[-74.080418,40.696357]],[[-74.078711,40.698245],[-74.078675,40.698217],[-74.078675,40.698245],[-74.078711,40.698245]],[[-74.078312,40.698491],[-74.078276,40.698518],[-74.078312,40.698518],[-74.078312,40.698491]],[[-74.078276,40.698518],[-74.07824,40.698545],[-74.078276,40.698545],[-74.078276,40.698518]],[[-74.070309,40.703539],[-74.070273,40.703512],[-74.070273,40.703539],[-74.070309,40.703539]],[[-74.069296,40.703975],[-74.069333,40.703948],[-74.069297,40.703947],[-74.069296,40.703975]],[[-74.065174,40.705552],[-74.065138,40.705524],[-74.065138,40.705551],[-74.065174,40.705552]],[[-74.065102,40.705579],[-74.065066,40.705551],[-74.065066,40.705579],[-74.065102,40.705579]],[[-74.06257,40.706695],[-74.062606,40.706722],[-74.062606,40.706695],[-74.06257,40.706695]],[[-74.06257,40.706585],[-74.062679,40.70653],[-74.062571,40.706557],[-74.06257,40.706585]],[[-74.062679,40.706503],[-74.06286,40.706476],[-74.06286,40.706449],[-74.062679,40.706503]],[[-74.06286,40.706421],[-74.063113,40.706367],[-74.063149,40.706313],[-74.06286,40.706421]],[[-74.063149,40.706313],[-74.063186,40.706285],[-74.063149,40.706285],[-74.063149,40.706313]],[[-74.063186,40.706285],[-74.063258,40.706258],[-74.063186,40.706258],[-74.063186,40.706285]],[[-74.063258,40.706258],[-74.06333,40.706231],[-74.063258,40.706231],[-74.063258,40.706258]],[[-74.065901,40.704676],[-74.065937,40.704703],[-74.065937,40.704676],[-74.065901,40.704676]],[[-74.066735,40.704103],[-74.066806,40.704213],[-74.066951,40.704103],[-74.066735,40.704103]],[[-74.069927,40.701287],[-74.069963,40.70126],[-74.069927,40.70126],[-74.069927,40.701287]],[[-74.069963,40.701287],[-74.069999,40.701315],[-74.069999,40.701287],[-74.069963,40.701287]],[[-74.069352,40.700901],[-74.069389,40.700873],[-74.069352,40.700873],[-74.069352,40.700901]],[[-74.069281,40.700845],[-74.069317,40.700818],[-74.069281,40.700818],[-74.069281,40.700845]],[[-74.081216,40.695537],[-74.08118,40.695509],[-74.08118,40.695536],[-74.081216,40.695537]]],[[[-74.069948,40.703675],[-74.07002,40.703703],[-74.069947,40.703703],[-74.069948,40.703675]]],[[[-74.068469,40.70927],[-74.069302,40.708641],[-74.069307,40.70801],[-74.070171,40.708205],[-74.070641,40.707988],[-74.071073,40.708209],[-74.070382,40.709085],[-74.070132,40.70859],[-74.069734,40.708918],[-74.069337,40.708889],[-74.068972,40.709491],[-74.068469,40.70927]]],[[[-74.07756,40.737687],[-74.075362,40.737185],[-74.076299,40.737353],[-74.076735,40.736888],[-74.076733,40.737245],[-74.077633,40.737467],[-74.078141,40.73703],[-74.078175,40.737387],[-74.07756,40.737687]]],[[[-74.073101,40.740882],[-74.073571,40.740637],[-74.074327,40.740969],[-74.075374,40.740918],[-74.075918,40.740481],[-74.076139,40.739823],[-74.076536,40.739742],[-74.076895,40.740072],[-74.077041,40.739853],[-74.077546,40.739828],[-74.076718,40.739578],[-74.077154,40.739085],[-74.080073,40.73981],[-74.081865,40.740777],[-74.081365,40.74083],[-74.077094,40.743148],[-74.074821,40.7427],[-74.07504,40.742399],[-74.07486,40.742316],[-74.074533,40.742644],[-74.072515,40.742115],[-74.072807,40.741622],[-74.07353,40.74146],[-74.073135,40.741184],[-74.073101,40.740882]],[[-74.073279,40.741212],[-74.073315,40.741157],[-74.073279,40.741157],[-74.073279,40.741212]]],[[[-74.073322,40.751424],[-74.072749,40.750653],[-74.070338,40.749573],[-74.069621,40.748802],[-74.068308,40.745284],[-74.068457,40.744625],[-74.068815,40.745038],[-74.068996,40.744929],[-74.069823,40.745454],[-74.071449,40.745158],[-74.070984,40.744552],[-74.069617,40.743834],[-74.070158,40.743863],[-74.070087,40.743643],[-74.070594,40.74348],[-74.071177,40.742522],[-74.07381,40.742888],[-74.074132,40.743274],[-74.07464,40.742864],[-74.074711,40.743029],[-74.075721,40.743115],[-74.075613,40.743032],[-74.075686,40.742978],[-74.076947,40.743257],[-74.075151,40.745534],[-74.074869,40.746946],[-74.075017,40.747986],[-74.075707,40.748974],[-74.076586,40.749638],[-74.077145,40.749931],[-74.078852,40.750223],[-74.077279,40.752171],[-74.075228,40.752584],[-74.075238,40.753133],[-74.076523,40.754816],[-74.0763,40.755143],[-74.075215,40.755339],[-74.074894,40.75562],[-74.075146,40.757157],[-74.07465,40.758294],[-74.074044,40.756999],[-74.074299,40.756753],[-74.074013,40.75623],[-74.07358,40.756228],[-74.073293,40.75587],[-74.070939,40.751525],[-74.069755,40.750395],[-74.069367,40.748966],[-74.070696,40.750041],[-74.073322,40.751424]],[[-74.073358,40.751396],[-74.073394,40.751424],[-74.073394,40.751396],[-74.073358,40.751396]],[[-74.073394,40.751424],[-74.07343,40.751451],[-74.07343,40.751424],[-74.073394,40.751424]]],[[[-74.069633,40.752563],[-74.068127,40.751047],[-74.068201,40.750636],[-74.0686,40.75039],[-74.068995,40.750749],[-74.069633,40.752563]]],[[[-74.073875,40.758563],[-74.071278,40.754985],[-74.069933,40.750807],[-74.070614,40.751551],[-74.073394,40.757024],[-74.074396,40.7584],[-74.073875,40.758563]],[[-74.073962,40.758508],[-74.073927,40.758481],[-74.073926,40.758508],[-74.073962,40.758508]]],[[[-74.068555,40.757308],[-74.068592,40.75728],[-74.068591,40.757308],[-74.068555,40.757308]]],[[[-74.068555,40.75739],[-74.068627,40.757418],[-74.068555,40.757417],[-74.068555,40.75739]]],[[[-74.068663,40.757473],[-74.06859,40.7575],[-74.06859,40.757473],[-74.068663,40.757473]]],[[[-74.068697,40.757665],[-74.068662,40.757583],[-74.068698,40.757583],[-74.068697,40.757665]]],[[[-74.068697,40.757692],[-74.068734,40.757665],[-74.068733,40.757693],[-74.068697,40.757692]]],[[[-74.068769,40.757803],[-74.068733,40.757775],[-74.068769,40.757775],[-74.068769,40.757803]]],[[[-74.068624,40.757857],[-74.068804,40.757885],[-74.068624,40.757912],[-74.068624,40.757857]]],[[[-74.068804,40.757995],[-74.06884,40.75794],[-74.06884,40.757995],[-74.068804,40.757995]]],[[[-74.068695,40.758022],[-74.068731,40.757995],[-74.068731,40.758022],[-74.068695,40.758022]]],[[[-74.068875,40.758132],[-74.068767,40.758077],[-74.068875,40.75805],[-74.068875,40.758132]]],[[[-74.068694,40.758132],[-74.068731,40.758104],[-74.06873,40.758132],[-74.068694,40.758132]]],[[[-74.068875,40.75816],[-74.068911,40.758132],[-74.068911,40.75816],[-74.068875,40.75816]]],[[[-74.068946,40.758242],[-74.068874,40.758215],[-74.068947,40.758215],[-74.068946,40.758242]]],[[[-74.068766,40.758269],[-74.068838,40.758242],[-74.068838,40.758269],[-74.068766,40.758269]]],[[[-74.068946,40.758352],[-74.068982,40.758325],[-74.068982,40.758352],[-74.068946,40.758352]]],[[[-74.068765,40.758352],[-74.068838,40.758324],[-74.068837,40.758352],[-74.068765,40.758352]]],[[[-74.068945,40.758407],[-74.068982,40.75838],[-74.068981,40.758407],[-74.068945,40.758407]]],[[[-74.069016,40.7586],[-74.069017,40.758517],[-74.069053,40.758517],[-74.069052,40.7586],[-74.069016,40.7586]]],[[[-74.069088,40.758627],[-74.069052,40.7586],[-74.069088,40.7586],[-74.069088,40.758627]]],[[[-74.06898,40.758627],[-74.068908,40.758599],[-74.06898,40.758599],[-74.06898,40.758627]]],[[[-74.069016,40.758682],[-74.069052,40.758655],[-74.069052,40.758682],[-74.069016,40.758682]]],[[[-74.068907,40.758709],[-74.06898,40.758682],[-74.068979,40.758709],[-74.068907,40.758709]]],[[[-74.069087,40.758792],[-74.069123,40.758765],[-74.069123,40.758792],[-74.069087,40.758792]]],[[[-74.069123,40.758847],[-74.069159,40.75882],[-74.069159,40.758847],[-74.069123,40.758847]]],[[[-74.069051,40.758874],[-74.069087,40.758847],[-74.069087,40.758874],[-74.069051,40.758874]]],[[[-74.069123,40.758902],[-74.069123,40.758874],[-74.069159,40.758875],[-74.069159,40.758902],[-74.069123,40.758902]]],[[[-74.069195,40.75893],[-74.069159,40.758902],[-74.069195,40.758902],[-74.069195,40.75893]]],[[[-74.069014,40.758929],[-74.069087,40.758902],[-74.069086,40.758929],[-74.069014,40.758929]]],[[[-74.069194,40.759012],[-74.06923,40.758985],[-74.06923,40.759012],[-74.069194,40.759012]]],[[[-74.069266,40.759122],[-74.069229,40.759149],[-74.069229,40.759122],[-74.069266,40.759122]]],[[[-74.069265,40.759204],[-74.069302,40.75915],[-74.069301,40.759205],[-74.069265,40.759204]]],[[[-74.069157,40.759231],[-74.069265,40.759204],[-74.069265,40.759232],[-74.069157,40.759231]]],[[[-74.069337,40.759287],[-74.069301,40.759232],[-74.069337,40.759232],[-74.069337,40.759287]]],[[[-74.0693,40.759369],[-74.069372,40.759342],[-74.069372,40.759369],[-74.0693,40.759369]]],[[[-74.069228,40.759396],[-74.069264,40.759369],[-74.069264,40.759397],[-74.069228,40.759396]]],[[[-74.069372,40.759479],[-74.069408,40.759452],[-74.069408,40.759479],[-74.069372,40.759479]]],[[[-74.069407,40.759617],[-74.069443,40.759589],[-74.069443,40.759617],[-74.069407,40.759617]]],[[[-74.069443,40.759617],[-74.069479,40.759644],[-74.069443,40.759644],[-74.069443,40.759617]]],[[[-74.069442,40.759699],[-74.069479,40.759672],[-74.069478,40.759699],[-74.069442,40.759699]]],[[[-74.069478,40.759727],[-74.069515,40.759699],[-74.069514,40.759727],[-74.069478,40.759727]]],[[[-74.069334,40.759726],[-74.069442,40.759699],[-74.069442,40.759727],[-74.069334,40.759726]]],[[[-74.069549,40.759892],[-74.069514,40.759864],[-74.06955,40.759864],[-74.069549,40.759892]]],[[[-74.071679,40.759982],[-74.071751,40.76001],[-74.07175,40.760065],[-74.071679,40.759982]]],[[[-74.071858,40.76012],[-74.071895,40.760093],[-74.071894,40.76012],[-74.071858,40.76012]]],[[[-74.068312,40.700073],[-74.068276,40.700046],[-74.068312,40.700046],[-74.068312,40.700073]]],[[[-74.068311,40.700101],[-74.068348,40.700073],[-74.068348,40.700101],[-74.068311,40.700101]]],[[[-74.065975,40.704374],[-74.066012,40.704347],[-74.066011,40.704374],[-74.065975,40.704374]]],[[[-74.067994,40.704519],[-74.068067,40.704492],[-74.068067,40.704519],[-74.067994,40.704519]]],[[[-74.066047,40.704484],[-74.065938,40.704511],[-74.065975,40.704457],[-74.066047,40.704484]]],[[[-74.06583,40.704483],[-74.065902,40.704539],[-74.06583,40.704566],[-74.06583,40.704483]]],[[[-74.068173,40.704794],[-74.068137,40.704822],[-74.068137,40.704794],[-74.068173,40.704794]]],[[[-74.068137,40.704849],[-74.068101,40.704821],[-74.068137,40.704822],[-74.068137,40.704849]]],[[[-74.072153,40.702805],[-74.072873,40.70311],[-74.072836,40.703302],[-74.072584,40.703218],[-74.072149,40.703546],[-74.072475,40.7033],[-74.072223,40.703217],[-74.071786,40.703847],[-74.071353,40.703955],[-74.071101,40.703735],[-74.070884,40.703926],[-74.071242,40.704339],[-74.071531,40.704203],[-74.071709,40.704615],[-74.071312,40.704696],[-74.070989,40.704475],[-74.068637,40.705565],[-74.068276,40.705536],[-74.068131,40.705782],[-74.067987,40.705644],[-74.066754,40.706655],[-74.066252,40.70616],[-74.066431,40.70649],[-74.065237,40.706952],[-74.066038,40.705802],[-74.068136,40.704876],[-74.072153,40.702805]],[[-74.072225,40.70286],[-74.072153,40.702887],[-74.072225,40.702888],[-74.072225,40.70286]],[[-74.072153,40.702887],[-74.072117,40.702915],[-74.072153,40.702915],[-74.072153,40.702887]]],[[[-74.066219,40.705693],[-74.066183,40.70572],[-74.066183,40.705693],[-74.066219,40.705693]]],[[[-74.067732,40.745089],[-74.067696,40.745062],[-74.067732,40.745062],[-74.067732,40.745089]]],[[[-74.067659,40.745199],[-74.067768,40.745144],[-74.067767,40.745227],[-74.067659,40.745199]]],[[[-74.067585,40.745446],[-74.067551,40.745198],[-74.067587,40.745199],[-74.067585,40.745446]]],[[[-74.066997,40.74709],[-74.067034,40.747036],[-74.067033,40.747091],[-74.066997,40.74709]]],[[[-74.066995,40.74742],[-74.067069,40.747173],[-74.067067,40.747448],[-74.066995,40.74742]]],[[[-74.06703,40.747557],[-74.066994,40.74753],[-74.06703,40.74753],[-74.06703,40.747557]]],[[[-74.067137,40.747832],[-74.067173,40.747805],[-74.067173,40.747832],[-74.067137,40.747832]]],[[[-74.067172,40.747915],[-74.067209,40.747887],[-74.067208,40.747915],[-74.067172,40.747915]]],[[[-74.067208,40.74797],[-74.067244,40.747942],[-74.067244,40.74797],[-74.067208,40.74797]]],[[[-74.06771,40.748493],[-74.067746,40.748521],[-74.06771,40.748521],[-74.06771,40.748493]]],[[[-74.067746,40.748521],[-74.067782,40.748548],[-74.067746,40.748548],[-74.067746,40.748521]]],[[[-74.067782,40.748548],[-74.067818,40.748576],[-74.067782,40.748576],[-74.067782,40.748548]]],[[[-74.065255,40.748621],[-74.065364,40.748539],[-74.065291,40.748621],[-74.065255,40.748621]]],[[[-74.067925,40.748659],[-74.067962,40.748631],[-74.067962,40.748659],[-74.067925,40.748659]]],[[[-74.068212,40.748989],[-74.068176,40.749016],[-74.068176,40.748989],[-74.068212,40.748989]]],[[[-74.068248,40.749017],[-74.068212,40.749044],[-74.068212,40.749016],[-74.068248,40.749017]]],[[[-74.065214,40.749307],[-74.06525,40.74928],[-74.06525,40.749307],[-74.065214,40.749307]]],[[[-74.065502,40.749473],[-74.06543,40.749445],[-74.065502,40.749446],[-74.065502,40.749473]]],[[[-74.06543,40.749473],[-74.065393,40.7495],[-74.065394,40.749473],[-74.06543,40.749473]]],[[[-74.065139,40.749801],[-74.065103,40.749773],[-74.065139,40.749774],[-74.065139,40.749801]]],[[[-74.065097,40.750624],[-74.065061,40.750597],[-74.065097,40.750597],[-74.065097,40.750624]]],[[[-74.067632,40.754944],[-74.067668,40.754916],[-74.067668,40.754944],[-74.067632,40.754944]]],[[[-74.067524,40.754971],[-74.06756,40.754943],[-74.06756,40.754971],[-74.067524,40.754971]]],[[[-74.067668,40.755026],[-74.067704,40.754999],[-74.067704,40.755026],[-74.067668,40.755026]]],[[[-74.067487,40.755025],[-74.067523,40.754998],[-74.067523,40.755025],[-74.067487,40.755025]]],[[[-74.067595,40.755081],[-74.067667,40.755053],[-74.067667,40.755081],[-74.067595,40.755081]]],[[[-74.067739,40.755136],[-74.067631,40.755108],[-74.067739,40.755109],[-74.067739,40.755136]]],[[[-74.067594,40.7553],[-74.067702,40.755273],[-74.067702,40.755301],[-74.067594,40.7553]]],[[[-74.067916,40.755686],[-74.067952,40.755631],[-74.067952,40.755686],[-74.067916,40.755686]]],[[[-74.067807,40.755768],[-74.067988,40.755713],[-74.067988,40.755768],[-74.067807,40.755768]]],[[[-74.067987,40.755851],[-74.068023,40.755823],[-74.068023,40.755851],[-74.067987,40.755851]]],[[[-74.068023,40.755933],[-74.068059,40.755906],[-74.068059,40.755933],[-74.068023,40.755933]]],[[[-74.067951,40.755933],[-74.067915,40.755905],[-74.067951,40.755905],[-74.067951,40.755933]]],[[[-74.067986,40.756098],[-74.068022,40.75607],[-74.068022,40.756098],[-74.067986,40.756098]]],[[[-74.06813,40.756126],[-74.068094,40.756098],[-74.06813,40.756098],[-74.06813,40.756126]]],[[[-74.068166,40.756181],[-74.068129,40.756236],[-74.068129,40.756181],[-74.068166,40.756181]]],[[[-74.068201,40.756263],[-74.068165,40.756291],[-74.068165,40.756263],[-74.068201,40.756263]]],[[[-74.0682,40.756428],[-74.068236,40.756373],[-74.068236,40.756428],[-74.0682,40.756428]]],[[[-74.0682,40.756483],[-74.068236,40.756456],[-74.068236,40.756483],[-74.0682,40.756483]]],[[[-74.068307,40.756593],[-74.068271,40.756565],[-74.068307,40.756566],[-74.068307,40.756593]]],[[[-74.068307,40.756703],[-74.068343,40.756648],[-74.068343,40.756703],[-74.068307,40.756703]]],[[[-74.068379,40.756731],[-74.068342,40.756785],[-74.068342,40.75673],[-74.068379,40.756731]]],[[[-74.068342,40.756868],[-74.068414,40.75684],[-74.068341,40.756895],[-74.068342,40.756868]]],[[[-74.068341,40.756895],[-74.068269,40.756922],[-74.068269,40.756895],[-74.068341,40.756895]]],[[[-74.068449,40.756978],[-74.068413,40.75695],[-74.068449,40.75695],[-74.068449,40.756978]]],[[[-74.068305,40.756977],[-74.068377,40.75695],[-74.068377,40.756978],[-74.068305,40.756977]]],[[[-74.068449,40.756978],[-74.068485,40.757005],[-74.068449,40.757005],[-74.068449,40.756978]]],[[[-74.068413,40.757005],[-74.068485,40.75706],[-74.068412,40.757088],[-74.068413,40.757005]]],[[[-74.06834,40.75706],[-74.068377,40.757033],[-74.068376,40.75706],[-74.06834,40.75706]]],[[[-74.068376,40.757142],[-74.068448,40.757115],[-74.068448,40.757143],[-74.068376,40.757142]]],[[[-74.068484,40.75717],[-74.06852,40.757115],[-74.06852,40.75717],[-74.068484,40.75717]]],[[[-74.06852,40.757253],[-74.068556,40.757198],[-74.068556,40.757253],[-74.06852,40.757253]]],[[[-74.068517,40.757664],[-74.068589,40.757637],[-74.068589,40.757665],[-74.068517,40.757664]]],[[[-74.058137,40.706074],[-74.059295,40.705502],[-74.059762,40.70586],[-74.059724,40.706135],[-74.058638,40.706652],[-74.058137,40.706074]]],[[[-74.06257,40.706612],[-74.062534,40.70664],[-74.062534,40.706612],[-74.06257,40.706612]]],[[[-74.062785,40.706805],[-74.062749,40.706778],[-74.062785,40.706778],[-74.062785,40.706805]]],[[[-74.062388,40.706859],[-74.062316,40.706831],[-74.062388,40.706831],[-74.062388,40.706859]]],[[[-74.062749,40.70686],[-74.063219,40.706697],[-74.062531,40.707051],[-74.062749,40.70686]]],[[[-74.062171,40.706968],[-74.062244,40.706858],[-74.062316,40.706858],[-74.062171,40.706968]]],[[[-74.062099,40.706995],[-74.062027,40.706967],[-74.062099,40.706967],[-74.062099,40.706995]]],[[[-74.062749,40.706805],[-74.062459,40.707024],[-74.061953,40.707214],[-74.062749,40.706805]]],[[[-74.062027,40.706995],[-74.06199,40.707022],[-74.061991,40.706994],[-74.062027,40.706995]]],[[[-74.062531,40.707051],[-74.062459,40.707078],[-74.062459,40.707051],[-74.062531,40.707051]]],[[[-74.061846,40.707076],[-74.061918,40.707049],[-74.061918,40.707076],[-74.061846,40.707076]]],[[[-74.061665,40.707185],[-74.061629,40.707158],[-74.061665,40.707158],[-74.061665,40.707185]]],[[[-74.061629,40.707185],[-74.061556,40.707212],[-74.061556,40.707185],[-74.061629,40.707185]]],[[[-74.061953,40.707214],[-74.061881,40.707241],[-74.061881,40.707214],[-74.061953,40.707214]]],[[[-74.06152,40.707212],[-74.061556,40.70724],[-74.06152,40.70724],[-74.06152,40.707212]]],[[[-74.061881,40.707241],[-74.061844,40.707268],[-74.061845,40.707241],[-74.061881,40.707241]]],[[[-74.06152,40.70724],[-74.061448,40.707267],[-74.061448,40.707239],[-74.06152,40.70724]]],[[[-74.061448,40.707267],[-74.061411,40.707294],[-74.061412,40.707267],[-74.061448,40.707267]]],[[[-74.061411,40.707294],[-74.061375,40.707321],[-74.061375,40.707294],[-74.061411,40.707294]]],[[[-74.061303,40.707349],[-74.061339,40.707321],[-74.061339,40.707349],[-74.061303,40.707349]]],[[[-74.061267,40.707376],[-74.061231,40.707348],[-74.061267,40.707348],[-74.061267,40.707376]]],[[[-74.061194,40.707376],[-74.06123,40.707403],[-74.061194,40.707403],[-74.061194,40.707376]]],[[[-74.061158,40.70743],[-74.061122,40.707403],[-74.061158,40.707403],[-74.061158,40.70743]]],[[[-74.061122,40.70743],[-74.061086,40.707458],[-74.061086,40.70743],[-74.061122,40.70743]]],[[[-74.061013,40.707485],[-74.06105,40.707457],[-74.061049,40.707485],[-74.061013,40.707485]]],[[[-74.058002,40.715599],[-74.057571,40.715295],[-74.057569,40.715624],[-74.056739,40.715649],[-74.056922,40.715292],[-74.056705,40.715264],[-74.056559,40.71562],[-74.056098,40.714329],[-74.0561,40.714027],[-74.056533,40.714001],[-74.056824,40.713645],[-74.056281,40.713917],[-74.056066,40.71367],[-74.056719,40.713151],[-74.057152,40.713125],[-74.057118,40.712905],[-74.056684,40.713013],[-74.056577,40.712821],[-74.057445,40.712495],[-74.057194,40.712301],[-74.057522,40.711836],[-74.057343,40.711561],[-74.057849,40.711453],[-74.057635,40.711068],[-74.058642,40.711456],[-74.058749,40.711731],[-74.059038,40.711595],[-74.059433,40.711981],[-74.059358,40.712282],[-74.059792,40.712229],[-74.059753,40.712668],[-74.060689,40.712891],[-74.060543,40.71311],[-74.060866,40.713386],[-74.061262,40.713525],[-74.061732,40.713389],[-74.061948,40.713555],[-74.06187,40.714405],[-74.062767,40.715123],[-74.063093,40.714987],[-74.062621,40.715314],[-74.062048,40.714763],[-74.061328,40.714486],[-74.060711,40.715142],[-74.060132,40.715332],[-74.059268,40.714999],[-74.059266,40.715384],[-74.059625,40.715605],[-74.058579,40.715573],[-74.057639,40.715954],[-74.058002,40.715599]]],[[[-74.055695,40.720723],[-74.055297,40.720886],[-74.056067,40.71905],[-74.05626,40.717074],[-74.055943,40.715975],[-74.054872,40.714214],[-74.055417,40.713667],[-74.055488,40.713914],[-74.05549,40.713503],[-74.057867,40.719578],[-74.057866,40.719743],[-74.057362,40.719659],[-74.056968,40.719191],[-74.056571,40.719162],[-74.056205,40.719901],[-74.056888,40.720288],[-74.056526,40.720534],[-74.05645,40.721083],[-74.056017,40.721053],[-74.055695,40.720723]]],[[[-74.058154,40.719854],[-74.057125,40.717325],[-74.056702,40.715703],[-74.057457,40.716118],[-74.057166,40.716474],[-74.057485,40.717353],[-74.057631,40.717162],[-74.058243,40.717356],[-74.058931,40.716975],[-74.059067,40.718128],[-74.059607,40.71835],[-74.059861,40.718131],[-74.060508,40.718435],[-74.059669,40.71986],[-74.059419,40.719584],[-74.059781,40.719339],[-74.05993,40.718653],[-74.059246,40.718431],[-74.058451,40.718565],[-74.057979,40.719085],[-74.058154,40.719854]]],[[[-74.061845,40.718166],[-74.061955,40.717919],[-74.061704,40.717699],[-74.061995,40.717343],[-74.062244,40.717811],[-74.06282,40.71806],[-74.062314,40.71814],[-74.061915,40.718496],[-74.0617,40.71833],[-74.061373,40.718658],[-74.061449,40.718027],[-74.06181,40.718001],[-74.061845,40.718166]]],[[[-74.056033,40.718748],[-74.056069,40.71872],[-74.056069,40.718748],[-74.056033,40.718748]]],[[[-74.055995,40.71905],[-74.055996,40.718803],[-74.056069,40.718775],[-74.055995,40.71905]]],[[[-74.062326,40.721929],[-74.061535,40.721459],[-74.062328,40.721544],[-74.063704,40.720753],[-74.063775,40.720946],[-74.062794,40.722095],[-74.061779,40.72275],[-74.062326,40.721929]]],[[[-74.056913,40.722073],[-74.056037,40.723469],[-74.054561,40.723052],[-74.055224,40.721023],[-74.05562,40.721134],[-74.055359,40.722396],[-74.056123,40.721383],[-74.056376,40.721384],[-74.056553,40.721907],[-74.05608,40.722454],[-74.056187,40.722619],[-74.056805,40.721962],[-74.056913,40.722073]],[[-74.056768,40.722099],[-74.056732,40.722154],[-74.056768,40.722154],[-74.056768,40.722099]]],[[[-74.056947,40.72232],[-74.056874,40.722402],[-74.056911,40.72232],[-74.056947,40.72232]]],[[[-74.056802,40.722402],[-74.056873,40.722539],[-74.056801,40.722566],[-74.056802,40.722402]]],[[[-74.056801,40.722566],[-74.056729,40.722593],[-74.056729,40.722539],[-74.056801,40.722566]]],[[[-74.058243,40.722819],[-74.057808,40.723009],[-74.057919,40.722708],[-74.05727,40.722541],[-74.057272,40.722266],[-74.057597,40.722185],[-74.058893,40.722629],[-74.058675,40.722903],[-74.058243,40.722819]],[[-74.058712,40.722766],[-74.058676,40.722738],[-74.058676,40.722766],[-74.058712,40.722766]],[[-74.058676,40.722738],[-74.058568,40.72271],[-74.058568,40.722738],[-74.058676,40.722738]],[[-74.058568,40.72271],[-74.058496,40.722683],[-74.058496,40.72271],[-74.058568,40.72271]]],[[[-74.057269,40.722733],[-74.059283,40.723784],[-74.056509,40.723169],[-74.056291,40.723388],[-74.056765,40.722648],[-74.057269,40.722733]],[[-74.057269,40.722815],[-74.057232,40.722842],[-74.057268,40.722843],[-74.057269,40.722815]]],[[[-74.064019,40.749852],[-74.064092,40.74977],[-74.064092,40.749852],[-74.064019,40.749852]]],[[[-74.065065,40.750048],[-74.065029,40.75002],[-74.065065,40.75002],[-74.065065,40.750048]]],[[[-74.06135,40.749622],[-74.062071,40.74968],[-74.061814,40.75042],[-74.061416,40.750556],[-74.06135,40.749622]]],[[[-74.064342,40.750237],[-74.064306,40.75021],[-74.064342,40.75021],[-74.064342,40.750237]]],[[[-74.064484,40.750567],[-74.064556,40.750595],[-74.064484,40.750595],[-74.064484,40.750567]]],[[[-74.064556,40.750677],[-74.064592,40.75065],[-74.064592,40.750677],[-74.064556,40.750677]]],[[[-74.064986,40.751036],[-74.065023,40.751008],[-74.065022,40.751036],[-74.064986,40.751036]]],[[[-74.060977,40.751515],[-74.060941,40.751487],[-74.060977,40.751487],[-74.060977,40.751515]]],[[[-74.06094,40.751514],[-74.060904,40.751542],[-74.060904,40.751514],[-74.06094,40.751514]]],[[[-74.060831,40.751624],[-74.060868,40.751597],[-74.060868,40.751624],[-74.060831,40.751624]]],[[[-74.058581,40.753509],[-74.058617,40.753537],[-74.058581,40.753537],[-74.058581,40.753509]]],[[[-74.058508,40.753619],[-74.058472,40.753646],[-74.058472,40.753619],[-74.058508,40.753619]]],[[[-74.056839,40.754985],[-74.056875,40.754958],[-74.056875,40.754985],[-74.056839,40.754985]]],[[[-74.056802,40.755095],[-74.056766,40.755067],[-74.056802,40.755067],[-74.056802,40.755095]]],[[[-74.056621,40.755204],[-74.056657,40.755176],[-74.056657,40.755204],[-74.056621,40.755204]]],[[[-74.056403,40.755422],[-74.056367,40.755367],[-74.056475,40.75534],[-74.056403,40.755422]]],[[[-74.05633,40.75545],[-74.056366,40.755422],[-74.056366,40.75545],[-74.05633,40.75545]]],[[[-74.05633,40.755477],[-74.056294,40.755449],[-74.05633,40.75545],[-74.05633,40.755477]]],[[[-74.056004,40.755641],[-74.056077,40.755504],[-74.056222,40.755477],[-74.056185,40.755531],[-74.056004,40.755641]]],[[[-74.055823,40.755722],[-74.055859,40.755805],[-74.055822,40.755805],[-74.055823,40.755722]]],[[[-74.055677,40.755969],[-74.055641,40.755941],[-74.055677,40.755941],[-74.055677,40.755969]]],[[[-74.055605,40.755996],[-74.055641,40.755969],[-74.055641,40.755996],[-74.055605,40.755996]]],[[[-74.055604,40.756023],[-74.055568,40.755996],[-74.055605,40.755996],[-74.055604,40.756023]]],[[[-74.071606,40.760009],[-74.071786,40.760092],[-74.07193,40.76026],[-74.070191,40.761184],[-74.069657,40.760029],[-74.070084,40.761019],[-74.069902,40.761156],[-74.070155,40.761203],[-74.06972,40.761419],[-74.069613,40.761237],[-74.069684,40.761437],[-74.068594,40.761976],[-74.066427,40.76275],[-74.064835,40.763786],[-74.063801,40.763669],[-74.062501,40.762673],[-74.061794,40.76242],[-74.060022,40.76255],[-74.060002,40.76341],[-74.05963,40.764001],[-74.059993,40.765701],[-74.058474,40.766757],[-74.056954,40.769011],[-74.052159,40.761033],[-74.05225,40.761034],[-74.052322,40.760979],[-74.052396,40.760705],[-74.051863,40.760538],[-74.053095,40.758813],[-74.053203,40.758869],[-74.053494,40.758458],[-74.053602,40.758541],[-74.054405,40.757309],[-74.056185,40.755586],[-74.056258,40.755477],[-74.056186,40.755367],[-74.05753,40.754219],[-74.057206,40.753971],[-74.057281,40.753642],[-74.058478,40.752658],[-74.058228,40.752273],[-74.058555,40.752054],[-74.06,40.751868],[-74.060071,40.75206],[-74.058763,40.75329],[-74.058799,40.753345],[-74.060759,40.751624],[-74.060867,40.751651],[-74.061085,40.751488],[-74.061886,40.750475],[-74.062683,40.750039],[-74.063773,40.74889],[-74.064021,40.749632],[-74.063587,40.749685],[-74.063476,40.750124],[-74.063801,40.75018],[-74.064128,40.74988],[-74.064483,40.750677],[-74.064735,40.750843],[-74.064699,40.75076],[-74.064736,40.75065],[-74.06495,40.75109],[-74.06513,40.751146],[-74.065139,40.749828],[-74.065459,40.750488],[-74.065141,40.749417],[-74.065428,40.749665],[-74.06561,40.749556],[-74.065291,40.748621],[-74.065398,40.748731],[-74.065507,40.748704],[-74.065364,40.748484],[-74.065219,40.748511],[-74.065114,40.748126],[-74.065728,40.748019],[-74.065151,40.747907],[-74.065228,40.747194],[-74.065775,40.746372],[-74.066497,40.746238],[-74.066465,40.745634],[-74.066902,40.745059],[-74.067335,40.745088],[-74.067087,40.744373],[-74.067584,40.74561],[-74.067465,40.747339],[-74.066641,40.74632],[-74.066852,40.7472],[-74.066313,40.746813],[-74.066205,40.74684],[-74.066957,40.747667],[-74.067102,40.747612],[-74.067136,40.747914],[-74.067208,40.747997],[-74.067352,40.747998],[-74.06771,40.748438],[-74.06771,40.748493],[-74.067674,40.74852],[-74.068069,40.748796],[-74.068249,40.748824],[-74.067714,40.747862],[-74.067803,40.745282],[-74.069184,40.749404],[-74.069215,40.750146],[-74.068963,40.750117],[-74.068714,40.749458],[-74.068463,40.749264],[-74.06832,40.749017],[-74.068212,40.748962],[-74.068104,40.748989],[-74.068638,40.750116],[-74.067877,40.750552],[-74.067837,40.751211],[-74.069737,40.753167],[-74.071189,40.75751],[-74.0713,40.757126],[-74.070593,40.754762],[-74.073132,40.75856],[-74.073456,40.758726],[-74.072568,40.758994],[-74.072183,40.760144],[-74.071615,40.758692],[-74.071788,40.759763],[-74.071788,40.759873],[-74.071606,40.760009]],[[-74.069657,40.760029],[-74.069621,40.759919],[-74.069621,40.760029],[-74.069657,40.760029]],[[-74.069621,40.759919],[-74.067847,40.755219],[-74.067705,40.754889],[-74.06756,40.754888],[-74.067452,40.754943],[-74.067451,40.755053],[-74.067522,40.755218],[-74.067775,40.755191],[-74.067558,40.755245],[-74.067593,40.755355],[-74.067846,40.755356],[-74.067699,40.755712],[-74.068338,40.757362],[-74.068555,40.757363],[-74.068555,40.75739],[-74.06841,40.757417],[-74.06841,40.757527],[-74.068977,40.759039],[-74.069266,40.759067],[-74.069049,40.759121],[-74.069119,40.759396],[-74.069443,40.759534],[-74.069226,40.759589],[-74.069297,40.759781],[-74.069514,40.759754],[-74.06955,40.759809],[-74.069333,40.759863],[-74.069368,40.760001],[-74.069549,40.759892],[-74.069621,40.759919]],[[-74.069513,40.759946],[-74.069549,40.759974],[-74.069549,40.759947],[-74.069513,40.759946]],[[-74.069941,40.760799],[-74.06976,40.760798],[-74.06976,40.760853],[-74.069941,40.760799]],[[-74.069577,40.761182],[-74.06965,40.761127],[-74.069614,40.761127],[-74.069577,40.761182]],[[-74.053167,40.758869],[-74.05313,40.758923],[-74.053166,40.758924],[-74.053167,40.758869]],[[-74.05313,40.758923],[-74.053094,40.758951],[-74.05313,40.758951],[-74.05313,40.758923]],[[-74.055349,40.756461],[-74.055276,40.756489],[-74.055276,40.756544],[-74.055349,40.756461]],[[-74.055276,40.756544],[-74.05524,40.756571],[-74.055276,40.756571],[-74.055276,40.756544]],[[-74.056294,40.755477],[-74.056366,40.755532],[-74.056511,40.755423],[-74.056947,40.754958],[-74.056839,40.75493],[-74.056803,40.754957],[-74.056838,40.75504],[-74.05673,40.755039],[-74.056549,40.755176],[-74.056258,40.755422],[-74.056294,40.755477]],[[-74.056293,40.755587],[-74.056221,40.755559],[-74.056221,40.755614],[-74.056293,40.755587]],[[-74.056947,40.754903],[-74.057201,40.754794],[-74.057274,40.754657],[-74.056947,40.754903]],[[-74.057274,40.754602],[-74.057782,40.754302],[-74.057746,40.754247],[-74.057274,40.754602]],[[-74.057746,40.754192],[-74.058254,40.753892],[-74.058218,40.753837],[-74.057746,40.754192]],[[-74.056875,40.75493],[-74.056911,40.754903],[-74.056875,40.754903],[-74.056875,40.75493]],[[-74.059453,40.752607],[-74.059417,40.752579],[-74.059417,40.752607],[-74.059453,40.752607]],[[-74.058762,40.7534],[-74.05869,40.7534],[-74.058581,40.753509],[-74.058473,40.753536],[-74.0584,40.753646],[-74.058508,40.753674],[-74.058653,40.753537],[-74.058762,40.7534]],[[-74.05898,40.753236],[-74.059016,40.753291],[-74.059052,40.753237],[-74.05898,40.753236]],[[-74.060614,40.751788],[-74.060686,40.751843],[-74.060722,40.751761],[-74.060614,40.751788]],[[-74.063801,40.75018],[-74.063837,40.750208],[-74.063837,40.75018],[-74.063801,40.75018]],[[-74.064627,40.750787],[-74.064554,40.750842],[-74.064627,40.750842],[-74.064627,40.750787]],[[-74.06513,40.751146],[-74.065166,40.751229],[-74.065166,40.751146],[-74.06513,40.751146]],[[-74.065459,40.750516],[-74.06592,40.751835],[-74.066026,40.752083],[-74.066098,40.752083],[-74.065459,40.750516]],[[-74.06526,40.74788],[-74.065295,40.747908],[-74.065296,40.74788],[-74.06526,40.74788]],[[-74.06886,40.749266],[-74.068969,40.749211],[-74.06886,40.749184],[-74.06886,40.749266]],[[-74.068356,40.749072],[-74.068392,40.749045],[-74.068356,40.749044],[-74.068356,40.749072]],[[-74.06814,40.748961],[-74.068104,40.748934],[-74.068104,40.748961],[-74.06814,40.748961]],[[-74.071299,40.757263],[-74.071335,40.757236],[-74.071299,40.757236],[-74.071299,40.757263]],[[-74.071681,40.75968],[-74.071645,40.759625],[-74.071645,40.75968],[-74.071681,40.75968]],[[-74.071716,40.759872],[-74.071644,40.759817],[-74.071644,40.759845],[-74.071716,40.759872]],[[-74.071607,40.759899],[-74.071535,40.759817],[-74.071427,40.759899],[-74.071607,40.759899]],[[-74.071535,40.759817],[-74.071499,40.759789],[-74.071499,40.759817],[-74.071535,40.759817]],[[-74.071463,40.759844],[-74.071427,40.759816],[-74.071427,40.759844],[-74.071463,40.759844]]],[[[-74.05495,40.75668],[-74.054987,40.756652],[-74.054986,40.75668],[-74.05495,40.75668]]],[[[-74.054046,40.692146],[-74.054045,40.692196],[-74.054016,40.692196],[-74.054046,40.692146]]],[[[-74.053902,40.692387],[-74.054009,40.692207],[-74.054009,40.692278],[-74.053902,40.692387]]],[[[-74.053869,40.692442],[-74.0539,40.692391],[-74.053899,40.692442],[-74.053869,40.692442]]],[[[-74.0538,40.692552],[-74.053863,40.692452],[-74.053863,40.692524],[-74.0538,40.692552]]],[[[-74.05379,40.692568],[-74.053753,40.692689],[-74.053645,40.692798],[-74.05379,40.692568]]],[[[-74.053576,40.692908],[-74.053644,40.692799],[-74.053644,40.69288],[-74.053576,40.692908]]],[[[-74.053571,40.692962],[-74.053541,40.692962],[-74.053572,40.692914],[-74.053571,40.692962]]],[[[-74.053208,40.693483],[-74.053483,40.693055],[-74.053535,40.692972],[-74.053535,40.693045],[-74.053208,40.693483]]],[[[-74.053207,40.693538],[-74.053173,40.693537],[-74.053207,40.693484],[-74.053207,40.693538]]],[[[-74.05317,40.693592],[-74.053138,40.693592],[-74.053171,40.693541],[-74.05317,40.693592]]],[[[-74.053132,40.693602],[-74.053134,40.693647],[-74.053101,40.693647],[-74.053132,40.693602]]],[[[-74.053063,40.693702],[-74.053098,40.693651],[-74.053097,40.693702],[-74.053063,40.693702]]],[[[-74.053061,40.693757],[-74.053026,40.693756],[-74.053061,40.693704],[-74.053061,40.693757]]],[[[-74.052733,40.694249],[-74.05263,40.694331],[-74.053025,40.693757],[-74.052733,40.694249]]],[[[-74.052624,40.694386],[-74.052591,40.694386],[-74.052624,40.694339],[-74.052624,40.694386]]],[[[-74.052588,40.69439],[-74.052588,40.694441],[-74.052552,40.694441],[-74.052588,40.69439]]],[[[-74.052478,40.694605],[-74.052337,40.694742],[-74.052552,40.694441],[-74.052478,40.694605]]],[[[-74.052333,40.694748],[-74.052151,40.695071],[-74.052083,40.695098],[-74.052333,40.694748]]],[[[-74.051969,40.695317],[-74.051897,40.695344],[-74.052078,40.695104],[-74.051969,40.695317]]],[[[-74.068383,40.700238],[-74.06932,40.700352],[-74.068813,40.700624],[-74.067556,40.699741],[-74.066834,40.699848],[-74.066513,40.699353],[-74.066583,40.69971],[-74.06687,40.699931],[-74.067194,40.699987],[-74.066868,40.70015],[-74.06719,40.700591],[-74.066611,40.700918],[-74.06636,40.70067],[-74.066178,40.700916],[-74.066394,40.701082],[-74.065634,40.701436],[-74.065341,40.702039],[-74.065841,40.702864],[-74.065303,40.70245],[-74.064541,40.703106],[-74.064538,40.7036],[-74.065438,40.703741],[-74.065003,40.704178],[-74.064171,40.70456],[-74.063954,40.704559],[-74.064172,40.704367],[-74.0641,40.704312],[-74.063232,40.704666],[-74.061211,40.704795],[-74.059693,40.705366],[-74.059079,40.705446],[-74.05908,40.705309],[-74.057343,40.706098],[-74.057703,40.706209],[-74.057088,40.706564],[-74.055318,40.706832],[-74.0551,40.70716],[-74.053219,40.707839],[-74.052711,40.708414],[-74.052672,40.708853],[-74.053719,40.70861],[-74.05379,40.70883],[-74.055952,40.709195],[-74.05548,40.709577],[-74.054506,40.709711],[-74.054321,40.710286],[-74.05241,40.710224],[-74.05367,40.710613],[-74.053524,40.710805],[-74.054063,40.711191],[-74.053772,40.711492],[-74.054242,40.711384],[-74.054051,40.713003],[-74.054512,40.714185],[-74.053537,40.714346],[-74.051124,40.713623],[-74.0535,40.714428],[-74.054583,40.714295],[-74.054762,40.71457],[-74.055367,40.715753],[-74.055682,40.717182],[-74.055634,40.719021],[-74.055045,40.720775],[-74.054687,40.720362],[-74.053893,40.720386],[-74.053894,40.720222],[-74.052994,40.719944],[-74.052741,40.72008],[-74.052852,40.719586],[-74.052417,40.719887],[-74.052276,40.719502],[-74.051912,40.719857],[-74.052278,40.7192],[-74.051701,40.719033],[-74.05174,40.718676],[-74.052786,40.718708],[-74.051597,40.718401],[-74.051818,40.717853],[-74.051567,40.717578],[-74.052003,40.717058],[-74.05103,40.716944],[-74.050596,40.717107],[-74.049119,40.716717],[-74.04901,40.716936],[-74.049656,40.717351],[-74.048035,40.717097],[-74.047455,40.717397],[-74.047529,40.717178],[-74.046952,40.717093],[-74.046805,40.717504],[-74.04623,40.717227],[-74.046229,40.717419],[-74.045688,40.71739],[-74.045361,40.717691],[-74.045001,40.717579],[-74.045143,40.717827],[-74.044206,40.717713],[-74.044384,40.718071],[-74.044131,40.718235],[-74.043951,40.718042],[-74.043805,40.718316],[-74.044129,40.718482],[-74.043875,40.718673],[-74.043587,40.718617],[-74.043481,40.718232],[-74.043261,40.718698],[-74.041925,40.718995],[-74.041849,40.719461],[-74.041453,40.719295],[-74.041377,40.719953],[-74.042165,40.720697],[-74.041876,40.720779],[-74.042053,40.721246],[-74.041584,40.721244],[-74.041401,40.721628],[-74.041113,40.721654],[-74.040963,40.722449],[-74.041392,40.722973],[-74.041208,40.723494],[-74.042,40.723771],[-74.041134,40.72385],[-74.041094,40.724371],[-74.040769,40.72437],[-74.040548,40.725028],[-74.040079,40.725054],[-74.040008,40.724916],[-74.040297,40.72489],[-74.040344,40.723188],[-74.040563,40.722887],[-74.039337,40.722745],[-74.039231,40.722415],[-74.038763,40.722249],[-74.038147,40.722685],[-74.037463,40.72249],[-74.037219,40.721282],[-74.036499,40.720922],[-74.03549,40.720808],[-74.035782,40.720288],[-74.03517,40.720203],[-74.036001,40.719932],[-74.036253,40.720097],[-74.036508,40.719687],[-74.03651,40.719467],[-74.036041,40.719438],[-74.036078,40.719246],[-74.035572,40.719381],[-74.035826,40.719162],[-74.035432,40.718749],[-74.035508,40.718173],[-74.036735,40.718123],[-74.036015,40.717955],[-74.03573,40.717488],[-74.034861,40.717813],[-74.034429,40.717757],[-74.034431,40.7174],[-74.03436,40.717345],[-74.034067,40.717865],[-74.034107,40.717371],[-74.032917,40.717284],[-74.032542,40.719314],[-74.031676,40.719283],[-74.03182,40.719311],[-74.032608,40.720165],[-74.03239,40.720356],[-74.031778,40.720271],[-74.03145,40.720627],[-74.031447,40.721066],[-74.031736,40.721095],[-74.031514,40.721808],[-74.034327,40.722039],[-74.033991,40.723684],[-74.034419,40.72429],[-74.034022,40.724426],[-74.033945,40.725057],[-74.03481,40.725197],[-74.034732,40.725993],[-74.035352,40.725117],[-74.035494,40.725447],[-74.03564,40.725173],[-74.036324,40.725341],[-74.036214,40.725615],[-74.035672,40.725722],[-74.035595,40.726463],[-74.034869,40.727092],[-74.034726,40.726899],[-74.034401,40.727007],[-74.034438,40.72687],[-74.03332,40.726756],[-74.033066,40.726892],[-74.03328,40.727332],[-74.033677,40.727224],[-74.033602,40.727663],[-74.033026,40.727441],[-74.032627,40.727769],[-74.032268,40.727603],[-74.032521,40.727412],[-74.032269,40.727356],[-74.032012,40.728041],[-74.032409,40.728042],[-74.032334,40.728399],[-74.032586,40.728537],[-74.032187,40.728755],[-74.032511,40.728894],[-74.032006,40.728864],[-74.032366,40.729058],[-74.031897,40.729056],[-74.031677,40.729439],[-74.031316,40.729438],[-74.031165,40.730508],[-74.03138,40.730619],[-74.03138,40.730728],[-74.031163,40.730782],[-74.030947,40.730699],[-74.030836,40.73111],[-74.02828,40.730194],[-74.028167,40.730935],[-74.031015,40.731221],[-74.03105,40.731358],[-74.030867,40.731852],[-74.031365,40.732869],[-74.031582,40.73276],[-74.031868,40.733064],[-74.032554,40.733121],[-74.032624,40.733396],[-74.031866,40.733393],[-74.030709,40.733718],[-74.030927,40.733472],[-74.03066,40.733251],[-74.030856,40.731568],[-74.030967,40.731276],[-74.027997,40.731011],[-74.028094,40.730228],[-74.026851,40.72951],[-74.027419,40.729492],[-74.029127,40.730468],[-74.030633,40.73058],[-74.031254,40.730755],[-74.029758,40.729759],[-74.030478,40.729769],[-74.031141,40.730229],[-74.031232,40.729473],[-74.027341,40.729073],[-74.030966,40.729341],[-74.031006,40.728998],[-74.026548,40.728601],[-74.026604,40.72819],[-74.031034,40.728575],[-74.031086,40.728036],[-74.027374,40.727716],[-74.027376,40.727515],[-74.030342,40.727781],[-74.030405,40.727036],[-74.030021,40.726476],[-74.030287,40.726135],[-74.034452,40.726238],[-74.034525,40.725771],[-74.032072,40.725567],[-74.03211,40.725235],[-74.034559,40.725585],[-74.034614,40.725286],[-74.033817,40.725209],[-74.03384,40.725007],[-74.029447,40.724567],[-74.029605,40.723812],[-74.033812,40.724127],[-74.03423,40.722149],[-74.031422,40.721896],[-74.03133,40.720629],[-74.031476,40.720258],[-74.032552,40.720129],[-74.032062,40.719669],[-74.029269,40.719356],[-74.029375,40.718921],[-74.032487,40.719279],[-74.03275,40.717386],[-74.02993,40.717066],[-74.029999,40.716713],[-74.032075,40.716919],[-74.032169,40.71639],[-74.031289,40.716292],[-74.0315,40.715724],[-74.031699,40.716164],[-74.032624,40.716228],[-74.03315,40.714155],[-74.032997,40.713831],[-74.031663,40.713565],[-74.03302,40.713729],[-74.033733,40.711677],[-74.034832,40.711793],[-74.035525,40.711406],[-74.037113,40.711659],[-74.038075,40.711106],[-74.0395,40.711082],[-74.039514,40.71038],[-74.038623,40.710148],[-74.038499,40.709581],[-74.035384,40.70908],[-74.034716,40.709167],[-74.034344,40.70887],[-74.034501,40.707679],[-74.034081,40.707627],[-74.034058,40.707141],[-74.034162,40.706652],[-74.034692,40.706696],[-74.034873,40.705751],[-74.038839,40.706108],[-74.041372,40.70491],[-74.041351,40.70469],[-74.044924,40.702427],[-74.048464,40.699254],[-74.051896,40.695345],[-74.051423,40.696029],[-74.051604,40.695947],[-74.05419,40.692169],[-74.054237,40.691649],[-74.054851,40.69064],[-74.057814,40.691965],[-74.057479,40.69281],[-74.058322,40.693287],[-74.058756,40.692501],[-74.058952,40.692563],[-74.058686,40.693452],[-74.059387,40.693881],[-74.059784,40.693079],[-74.059994,40.693121],[-74.0597,40.694059],[-74.060237,40.694409],[-74.060745,40.693614],[-74.06137,40.693886],[-74.06103,40.695033],[-74.064731,40.697091],[-74.06515,40.697088],[-74.06524,40.697678],[-74.065774,40.698034],[-74.066106,40.698135],[-74.066563,40.696832],[-74.067029,40.696369],[-74.068257,40.696866],[-74.069577,40.695732],[-74.070581,40.694436],[-74.070378,40.693824],[-74.069619,40.694049],[-74.069813,40.694365],[-74.069068,40.695173],[-74.0678,40.695391],[-74.067688,40.695217],[-74.067452,40.695555],[-74.065882,40.694626],[-74.06693,40.694008],[-74.068929,40.691697],[-74.069459,40.690723],[-74.069929,40.688696],[-74.069624,40.685822],[-74.07021,40.684684],[-74.069889,40.68445],[-74.070559,40.683946],[-74.073359,40.686049],[-74.073182,40.686206],[-74.07347,40.686778],[-74.074685,40.687589],[-74.07484,40.687935],[-74.075758,40.68829],[-74.075897,40.688661],[-74.078013,40.688601],[-74.078733,40.688949],[-74.080104,40.68889],[-74.080103,40.689082],[-74.079237,40.689188],[-74.078874,40.689544],[-74.079738,40.689712],[-74.080461,40.689522],[-74.081216,40.689882],[-74.07999,40.689822],[-74.079698,40.690425],[-74.078758,40.690779],[-74.078543,40.690449],[-74.079123,40.690039],[-74.078546,40.690092],[-74.077431,40.689511],[-74.078516,40.689103],[-74.077256,40.688797],[-74.076065,40.688847],[-74.074306,40.687633],[-74.07434,40.688018],[-74.073434,40.6887],[-74.072062,40.68886],[-74.070091,40.686986],[-74.069874,40.68704],[-74.070224,40.688771],[-74.070242,40.691489],[-74.071036,40.691491],[-74.071636,40.693525],[-74.072859,40.694051],[-74.072821,40.694271],[-74.073467,40.694767],[-74.071093,40.693825],[-74.070256,40.695057],[-74.068549,40.69678],[-74.068296,40.696916],[-74.067935,40.696915],[-74.067037,40.696418],[-74.066638,40.6968],[-74.066159,40.698253],[-74.067127,40.699136],[-74.067309,40.698972],[-74.066415,40.697843],[-74.066526,40.697322],[-74.067896,40.697382],[-74.068322,40.698509],[-74.067779,40.698809],[-74.067741,40.69911],[-74.067417,40.699027],[-74.067271,40.699246],[-74.068133,40.699771],[-74.068097,40.69988],[-74.068383,40.700238]],[[-74.06752,40.699741],[-74.067484,40.699713],[-74.067484,40.699741],[-74.06752,40.699741]],[[-74.067484,40.699713],[-74.067449,40.699686],[-74.067448,40.699713],[-74.067484,40.699713]],[[-74.067449,40.699686],[-74.067413,40.699658],[-74.067412,40.699686],[-74.067449,40.699686]],[[-74.066178,40.700916],[-74.066142,40.700944],[-74.066178,40.700944],[-74.066178,40.700916]],[[-74.065303,40.70245],[-74.065231,40.702368],[-74.06523,40.70245],[-74.065303,40.70245]],[[-74.064173,40.704258],[-74.064245,40.704285],[-74.064245,40.70423],[-74.064173,40.704258]],[[-74.064245,40.70423],[-74.064281,40.704203],[-74.064245,40.704203],[-74.064245,40.70423]],[[-74.059585,40.705283],[-74.059621,40.705256],[-74.059585,40.705256],[-74.059585,40.705283]],[[-74.057343,40.706181],[-74.057306,40.706208],[-74.057342,40.706208],[-74.057343,40.706181]],[[-74.053574,40.708691],[-74.05361,40.708719],[-74.053611,40.708692],[-74.053574,40.708691]],[[-74.051088,40.713623],[-74.051053,40.713568],[-74.051016,40.713623],[-74.051088,40.713623]],[[-74.051016,40.713595],[-74.050873,40.71354],[-74.050872,40.713595],[-74.051016,40.713595]],[[-74.043625,40.718342],[-74.043661,40.718288],[-74.043625,40.718288],[-74.043625,40.718342]],[[-74.043697,40.718288],[-74.04381,40.717602],[-74.04363,40.717574],[-74.043737,40.717794],[-74.043304,40.717682],[-74.043194,40.717984],[-74.043697,40.718288]],[[-74.041876,40.720779],[-74.041841,40.720696],[-74.04184,40.720778],[-74.041876,40.720779]],[[-74.035477,40.717486],[-74.035441,40.717459],[-74.035441,40.717486],[-74.035477,40.717486]],[[-74.031676,40.719283],[-74.03164,40.719255],[-74.03164,40.719283],[-74.031676,40.719283]],[[-74.034732,40.725993],[-74.034696,40.72602],[-74.034732,40.72602],[-74.034732,40.725993]],[[-74.054335,40.69195],[-74.058827,40.694492],[-74.058861,40.694712],[-74.058142,40.694435],[-74.05839,40.695012],[-74.057993,40.695148],[-74.057699,40.695888],[-74.056217,40.696486],[-74.055784,40.69643],[-74.055421,40.69684],[-74.054806,40.69703],[-74.054984,40.697387],[-74.054223,40.697934],[-74.053859,40.698454],[-74.054147,40.698619],[-74.0532,40.699933],[-74.054065,40.700019],[-74.054393,40.699609],[-74.054289,40.698895],[-74.056286,40.696843],[-74.056937,40.696599],[-74.058088,40.697152],[-74.057871,40.697206],[-74.057941,40.697454],[-74.060458,40.698726],[-74.059516,40.699381],[-74.059264,40.699216],[-74.059411,40.698859],[-74.057112,40.697478],[-74.0561,40.697721],[-74.056132,40.698325],[-74.057893,40.69932],[-74.057998,40.699787],[-74.059004,40.70034],[-74.059476,40.69993],[-74.060051,40.700207],[-74.059692,40.699986],[-74.060018,40.69974],[-74.060738,40.700017],[-74.060992,40.699744],[-74.060742,40.699413],[-74.061032,40.699222],[-74.060852,40.699029],[-74.061644,40.699334],[-74.062005,40.699226],[-74.062987,40.698049],[-74.062954,40.697555],[-74.063496,40.697475],[-74.061951,40.696563],[-74.06108,40.697356],[-74.060001,40.696858],[-74.060585,40.695762],[-74.060008,40.695869],[-74.059866,40.695512],[-74.059039,40.695125],[-74.059041,40.694795],[-74.060982,40.695708],[-74.060551,40.69546],[-74.06095,40.695159],[-74.060918,40.694555],[-74.060053,40.694442],[-74.056927,40.692701],[-74.056712,40.692508],[-74.056789,40.691685],[-74.055423,40.691021],[-74.055135,40.691074],[-74.054848,40.690744],[-74.054335,40.69195]],[[-74.0569,40.696763],[-74.056972,40.696819],[-74.056972,40.696764],[-74.0569,40.696763]],[[-74.060982,40.695708],[-74.061054,40.695736],[-74.061055,40.695709],[-74.060982,40.695708]],[[-74.061054,40.695736],[-74.06109,40.695764],[-74.06109,40.695736],[-74.061054,40.695736]],[[-74.06109,40.695764],[-74.061126,40.695791],[-74.061126,40.695764],[-74.06109,40.695764]],[[-74.061198,40.695792],[-74.061162,40.695846],[-74.061234,40.695847],[-74.061198,40.695792]],[[-74.061234,40.695847],[-74.06127,40.695874],[-74.06127,40.695847],[-74.061234,40.695847]],[[-74.061342,40.695875],[-74.061306,40.695929],[-74.061378,40.69593],[-74.061342,40.695875]],[[-74.06145,40.69593],[-74.061449,40.696012],[-74.061521,40.696012],[-74.06145,40.69593]],[[-74.061521,40.696012],[-74.061593,40.69604],[-74.061594,40.696013],[-74.061521,40.696012]],[[-74.061593,40.69604],[-74.061629,40.696068],[-74.061629,40.69604],[-74.061593,40.69604]],[[-74.061629,40.696068],[-74.061665,40.696095],[-74.061665,40.696068],[-74.061629,40.696068]],[[-74.061665,40.696095],[-74.061737,40.696123],[-74.061737,40.696096],[-74.061665,40.696095]]],[[[-74.054419,40.711906],[-74.054526,40.712099],[-74.054417,40.712099],[-74.054419,40.711906]]],[[[-74.054873,40.714077],[-74.054377,40.712757],[-74.054984,40.713775],[-74.055094,40.713391],[-74.054563,40.71188],[-74.054602,40.711495],[-74.055238,40.713447],[-74.054873,40.714077]]],[[[-74.051652,40.721037],[-74.051547,40.720542],[-74.051907,40.720598],[-74.051729,40.720323],[-74.052128,40.72005],[-74.052488,40.720161],[-74.052305,40.720518],[-74.05371,40.72088],[-74.053634,40.721401],[-74.052122,40.720956],[-74.051503,40.721722],[-74.051254,40.721227],[-74.051652,40.721037]]],[[[-74.054273,40.722941],[-74.051825,40.722135],[-74.052367,40.722055],[-74.052875,40.721508],[-74.052835,40.722222],[-74.053375,40.722361],[-74.053668,40.721758],[-74.054316,40.721843],[-74.054575,40.720966],[-74.0549,40.720939],[-74.054273,40.722941]]],[[[-74.05398,40.723544],[-74.052654,40.727601],[-74.051175,40.727595],[-74.051171,40.728117],[-74.050703,40.728088],[-74.050452,40.727757],[-74.05016,40.728278],[-74.050158,40.728552],[-74.051098,40.728281],[-74.051673,40.72864],[-74.052287,40.728588],[-74.051374,40.730204],[-74.05138,40.729353],[-74.050836,40.729735],[-74.048311,40.729533],[-74.048127,40.730081],[-74.047951,40.729477],[-74.046652,40.729389],[-74.046432,40.729938],[-74.046328,40.729333],[-74.045318,40.729274],[-74.046698,40.728045],[-74.047089,40.728924],[-74.048063,40.728901],[-74.047523,40.728679],[-74.047921,40.728516],[-74.047562,40.728295],[-74.048211,40.728297],[-74.048213,40.728078],[-74.047239,40.727964],[-74.047063,40.72736],[-74.046451,40.72711],[-74.046239,40.726451],[-74.045735,40.726339],[-74.045881,40.72612],[-74.045592,40.726119],[-74.045594,40.725844],[-74.045341,40.725898],[-74.045235,40.725596],[-74.044839,40.725512],[-74.045165,40.725321],[-74.044912,40.725292],[-74.044987,40.724908],[-74.04448,40.725208],[-74.044266,40.724768],[-74.043544,40.72493],[-74.043582,40.724546],[-74.045171,40.724415],[-74.045426,40.724059],[-74.046039,40.724034],[-74.046113,40.723815],[-74.046906,40.723873],[-74.046836,40.723571],[-74.047344,40.723188],[-74.047919,40.723547],[-74.047521,40.723656],[-74.047556,40.723821],[-74.048168,40.723988],[-74.048424,40.723604],[-74.048209,40.723329],[-74.048606,40.723248],[-74.048356,40.72289],[-74.049296,40.722674],[-74.049511,40.722895],[-74.049764,40.722731],[-74.050196,40.722925],[-74.050632,40.722542],[-74.050701,40.722954],[-74.050669,40.72235],[-74.050995,40.722214],[-74.051318,40.722463],[-74.051028,40.722681],[-74.051498,40.722409],[-74.052508,40.722577],[-74.052506,40.722797],[-74.053478,40.72313],[-74.05326,40.723431],[-74.05398,40.723544]],[[-74.050158,40.728552],[-74.050122,40.728579],[-74.050158,40.72858],[-74.050158,40.728552]],[[-74.046906,40.7239],[-74.047122,40.723929],[-74.047158,40.724011],[-74.047159,40.723846],[-74.046906,40.7239]],[[-74.048606,40.723248],[-74.048786,40.723414],[-74.048859,40.723277],[-74.048606,40.723248]],[[-74.051028,40.722681],[-74.050991,40.722763],[-74.051027,40.722764],[-74.051028,40.722681]],[[-74.053511,40.723597],[-74.053475,40.723624],[-74.053511,40.723624],[-74.053511,40.723597]],[[-74.053475,40.723624],[-74.053438,40.723651],[-74.053475,40.723651],[-74.053475,40.723624]]],[[[-74.054762,40.725441],[-74.053846,40.727468],[-74.053769,40.728237],[-74.053589,40.728181],[-74.053552,40.728318],[-74.053224,40.728729],[-74.052864,40.72859],[-74.052756,40.72859],[-74.05272,40.728617],[-74.052755,40.728672],[-74.052575,40.728699],[-74.053519,40.727769],[-74.05298,40.72752],[-74.053701,40.727523],[-74.053847,40.727304],[-74.053921,40.727002],[-74.053274,40.726643],[-74.054157,40.724093],[-74.054517,40.724287],[-74.054762,40.725441]],[[-74.053589,40.728181],[-74.053553,40.728154],[-74.053552,40.728181],[-74.053589,40.728181]],[[-74.053589,40.728154],[-74.053625,40.728099],[-74.053589,40.728099],[-74.053589,40.728154]],[[-74.053626,40.728044],[-74.053734,40.728044],[-74.053734,40.727962],[-74.053626,40.728044]],[[-74.053552,40.728236],[-74.053516,40.728208],[-74.053516,40.728236],[-74.053552,40.728236]],[[-74.053516,40.728236],[-74.05348,40.728263],[-74.053516,40.728263],[-74.053516,40.728236]],[[-74.052683,40.728672],[-74.052647,40.728644],[-74.052647,40.728672],[-74.052683,40.728672]],[[-74.053921,40.727002],[-74.053957,40.726975],[-74.053921,40.726975],[-74.053921,40.727002]]],[[[-74.054283,40.726811],[-74.05432,40.726784],[-74.054319,40.726811],[-74.054283,40.726811]]],[[[-74.054247,40.726866],[-74.054283,40.726894],[-74.054247,40.726894],[-74.054247,40.726866]]],[[[-74.054174,40.727031],[-74.054209,40.727058],[-74.054173,40.727058],[-74.054174,40.727031]]],[[[-74.054137,40.727113],[-74.054173,40.72714],[-74.054137,40.72714],[-74.054137,40.727113]]],[[[-74.052756,40.728645],[-74.052792,40.728617],[-74.052792,40.728645],[-74.052756,40.728645]]],[[[-74.052357,40.728918],[-74.052321,40.72889],[-74.052357,40.72889],[-74.052357,40.728918]]],[[[-74.052682,40.728782],[-74.052536,40.729138],[-74.052391,40.729137],[-74.052502,40.728781],[-74.052682,40.728782]]],[[[-74.052211,40.729137],[-74.05232,40.729027],[-74.052283,40.729137],[-74.052211,40.729137]]],[[[-74.051159,40.729901],[-74.051232,40.729792],[-74.051232,40.729901],[-74.051159,40.729901]]],[[[-74.051625,40.730452],[-74.051627,40.730095],[-74.0517,40.730068],[-74.051625,40.730452]]],[[[-74.045382,40.73051],[-74.046285,40.730431],[-74.046609,40.730542],[-74.046611,40.730158],[-74.046214,40.730239],[-74.046215,40.730019],[-74.04672,40.729994],[-74.048884,40.730249],[-74.049242,40.730662],[-74.049891,40.730747],[-74.045382,40.73051]]],[[[-74.051589,40.730452],[-74.051552,40.730534],[-74.051553,40.730452],[-74.051589,40.730452]]],[[[-74.051373,40.730396],[-74.051515,40.730671],[-74.051227,40.730588],[-74.051373,40.730396]]],[[[-74.051804,40.730617],[-74.051768,40.730617],[-74.051768,40.73059],[-74.051804,40.73059],[-74.051804,40.730617]]],[[[-74.051804,40.730645],[-74.051804,40.730617],[-74.05184,40.730617],[-74.05184,40.730645],[-74.051804,40.730645]]],[[[-74.05184,40.730672],[-74.05184,40.730645],[-74.051876,40.730645],[-74.051876,40.730672],[-74.05184,40.730672]]],[[[-74.051912,40.7307],[-74.051876,40.730672],[-74.051912,40.730673],[-74.051912,40.7307]]],[[[-74.051839,40.730782],[-74.051622,40.730809],[-74.051732,40.730617],[-74.051876,40.7307],[-74.051839,40.730782]],[[-74.051767,40.730782],[-74.051731,40.730754],[-74.051731,40.730782],[-74.051767,40.730782]]],[[[-74.051983,40.730783],[-74.05202,40.730755],[-74.05202,40.730783],[-74.051983,40.730783]]],[[[-74.052019,40.730838],[-74.052019,40.73081],[-74.052055,40.73081],[-74.052055,40.730838],[-74.052019,40.730838]]],[[[-74.052091,40.730865],[-74.052055,40.730838],[-74.052091,40.730838],[-74.052091,40.730865]]],[[[-74.051875,40.730865],[-74.051838,40.730892],[-74.051839,40.730864],[-74.051875,40.730865]]],[[[-74.04906,40.730909],[-74.049168,40.730882],[-74.049168,40.730909],[-74.04906,40.730909]]],[[[-74.052162,40.731058],[-74.051874,40.731002],[-74.051911,40.730782],[-74.052162,40.731058]],[[-74.051911,40.730892],[-74.051946,40.73092],[-74.051947,40.730892],[-74.051911,40.730892]]],[[[-74.049889,40.730967],[-74.049276,40.730909],[-74.04989,40.730912],[-74.049889,40.730967]]],[[[-74.047472,40.730902],[-74.047002,40.731038],[-74.046895,40.730928],[-74.047472,40.730902]]],[[[-74.052198,40.731113],[-74.052234,40.731086],[-74.052234,40.731113],[-74.052198,40.731113]]],[[[-74.047321,40.731917],[-74.050139,40.731379],[-74.050318,40.731627],[-74.050172,40.731874],[-74.049521,40.732008],[-74.047321,40.731917]]],[[[-74.049918,40.73212],[-74.050026,40.732038],[-74.050026,40.73212],[-74.049918,40.73212]]],[[[-74.045414,40.736412],[-74.04545,40.736439],[-74.045414,40.736439],[-74.045414,40.736412]]],[[[-74.05495,40.756707],[-74.054914,40.756679],[-74.05495,40.75668],[-74.05495,40.756707]]],[[[-74.054877,40.756762],[-74.054914,40.756734],[-74.054914,40.756762],[-74.054877,40.756762]]],[[[-74.054877,40.756789],[-74.054841,40.756761],[-74.054877,40.756762],[-74.054877,40.756789]]],[[[-74.05324,40.758759],[-74.053204,40.758732],[-74.05324,40.758732],[-74.05324,40.758759]]],[[[-74.053203,40.758814],[-74.053167,40.758786],[-74.053203,40.758786],[-74.053203,40.758814]]],[[[-74.052035,40.760824],[-74.052028,40.760813],[-74.052035,40.760813],[-74.052035,40.760824]]],[[[-74.052142,40.761004],[-74.05225,40.760951],[-74.05225,40.761006],[-74.052142,40.761004]]],[[[-74.0413,40.704804],[-74.041264,40.704855],[-74.041206,40.704855],[-74.0413,40.704804]]],[[[-74.041156,40.704882],[-74.041192,40.704863],[-74.041192,40.704882],[-74.041156,40.704882]]],[[[-74.041105,40.704909],[-74.041156,40.704882],[-74.041155,40.70491],[-74.041105,40.704909]]],[[[-74.041062,40.704933],[-74.041083,40.704937],[-74.041055,40.704937],[-74.041062,40.704933]]],[[[-74.041047,40.704964],[-74.041,40.704964],[-74.041047,40.70494],[-74.041047,40.704964]]],[[[-74.040946,40.704991],[-74.040975,40.704977],[-74.040974,40.704991],[-74.040946,40.704991]]],[[[-74.040892,40.705018],[-74.040938,40.704995],[-74.040938,40.705019],[-74.040892,40.705018]]],[[[-74.040866,40.705046],[-74.040838,40.705046],[-74.040866,40.705032],[-74.040866,40.705046]]],[[[-74.04083,40.705073],[-74.040784,40.705073],[-74.04083,40.70505],[-74.04083,40.705073]]],[[[-74.040757,40.7051],[-74.04073,40.7051],[-74.040757,40.705086],[-74.040757,40.7051]]],[[[-74.040721,40.705127],[-74.040676,40.705127],[-74.040721,40.705104],[-74.040721,40.705127]]],[[[-74.040649,40.705141],[-74.040649,40.705155],[-74.040622,40.705155],[-74.040649,40.705141]]],[[[-74.040612,40.705182],[-74.040595,40.705168],[-74.040613,40.705159],[-74.040612,40.705182]]],[[[-74.04054,40.705209],[-74.04051,40.705209],[-74.04054,40.705195],[-74.04054,40.705209]]],[[[-74.040504,40.705212],[-74.040504,40.705236],[-74.040454,40.705236],[-74.040504,40.705212]]],[[[-74.040398,40.705263],[-74.040432,40.705247],[-74.040432,40.705264],[-74.040398,40.705263]]],[[[-74.040341,40.705291],[-74.040395,40.705265],[-74.040395,40.705291],[-74.040341,40.705291]]],[[[-74.040229,40.705345],[-74.040323,40.7053],[-74.040287,40.705345],[-74.040229,40.705345]]],[[[-74.040215,40.705352],[-74.040178,40.7054],[-74.040115,40.7054],[-74.040215,40.705352]]],[[[-74.040057,40.705427],[-74.040106,40.705404],[-74.040106,40.705427],[-74.040057,40.705427]]],[[[-74.039999,40.705454],[-74.040034,40.705438],[-74.040033,40.705454],[-74.039999,40.705454]]],[[[-74.039997,40.705481],[-74.039941,40.705481],[-74.039997,40.705455],[-74.039997,40.705481]]],[[[-74.039925,40.705509],[-74.039883,40.705508],[-74.039925,40.705489],[-74.039925,40.705509]]],[[[-74.039853,40.705536],[-74.039824,40.705536],[-74.039853,40.705522],[-74.039853,40.705536]]],[[[-74.039816,40.705539],[-74.039816,40.705563],[-74.039766,40.705563],[-74.039816,40.705539]]],[[[-74.039744,40.705573],[-74.039744,40.70559],[-74.039708,40.70559],[-74.039744,40.705573]]],[[[-74.039708,40.705618],[-74.039687,40.7056],[-74.039708,40.70559],[-74.039708,40.705618]]],[[[-74.046677,40.731036],[-74.04747,40.731232],[-74.047544,40.73093],[-74.047869,40.730931],[-74.050177,40.731187],[-74.045625,40.731911],[-74.045951,40.731692],[-74.045556,40.731444],[-74.045415,40.730922],[-74.044874,40.730837],[-74.044867,40.731963],[-74.044614,40.731934],[-74.044577,40.732154],[-74.045406,40.732294],[-74.046454,40.732051],[-74.049882,40.732065],[-74.048066,40.733842],[-74.0473,40.735047],[-74.047476,40.735596],[-74.047113,40.735952],[-74.047042,40.735732],[-74.046645,40.735813],[-74.046679,40.73606],[-74.047004,40.736116],[-74.046784,40.736554],[-74.045776,40.736276],[-74.045595,40.736303],[-74.045522,40.736412],[-74.045414,40.736384],[-74.045414,40.736412],[-74.045378,40.736412],[-74.045378,40.736439],[-74.045125,40.736383],[-74.045236,40.736027],[-74.044769,40.735723],[-74.04531,40.73578],[-74.045166,40.73567],[-74.042099,40.735657],[-74.040369,40.735349],[-74.039433,40.734961],[-74.03886,40.734354],[-74.038105,40.733995],[-74.038287,40.733693],[-74.0389,40.733778],[-74.039014,40.732983],[-74.03836,40.733556],[-74.037858,40.733225],[-74.037862,40.732539],[-74.038081,40.73221],[-74.038659,40.732103],[-74.03877,40.731691],[-74.036968,40.731437],[-74.036714,40.731573],[-74.036141,40.730967],[-74.036109,40.730445],[-74.037515,40.730643],[-74.037513,40.730863],[-74.037875,40.730645],[-74.038017,40.731002],[-74.038593,40.731252],[-74.039678,40.730926],[-74.039711,40.731256],[-74.040107,40.73145],[-74.039745,40.731613],[-74.040249,40.731752],[-74.03996,40.731779],[-74.04003,40.732136],[-74.040392,40.732],[-74.040643,40.732166],[-74.040536,40.732],[-74.040825,40.731947],[-74.041003,40.732359],[-74.042158,40.732309],[-74.042196,40.732034],[-74.0418,40.731896],[-74.042522,40.731844],[-74.041982,40.731649],[-74.042416,40.731596],[-74.042816,40.731076],[-74.043464,40.731271],[-74.042958,40.731434],[-74.042956,40.731681],[-74.044111,40.73174],[-74.044114,40.731164],[-74.043142,40.73094],[-74.04336,40.730639],[-74.044191,40.73045],[-74.043688,40.730201],[-74.044771,40.730068],[-74.044985,40.730453],[-74.04484,40.730535],[-74.04466,40.730507],[-74.044731,40.730645],[-74.046823,40.730845],[-74.046677,40.731036]],[[-74.042414,40.731788],[-74.042487,40.731761],[-74.042414,40.731761],[-74.042414,40.731788]],[[-74.044841,40.730508],[-74.044769,40.730425],[-74.044805,40.730508],[-74.044841,40.730508]]],[[[-74.042963,40.735935],[-74.042856,40.735743],[-74.044516,40.735749],[-74.045128,40.736054],[-74.044296,40.736215],[-74.042963,40.735935]]],[[[-74.038851,40.735617],[-74.040475,40.735678],[-74.041627,40.736123],[-74.039624,40.73643],[-74.037634,40.735942],[-74.038851,40.735617]],[[-74.038707,40.735699],[-74.038742,40.735726],[-74.038743,40.735699],[-74.038707,40.735699]]],[[[-74.041916,40.736068],[-74.041731,40.736107],[-74.041663,40.736118],[-74.041916,40.736068]]],[[[-74.042961,40.73621],[-74.042889,40.736237],[-74.042889,40.73621],[-74.042961,40.73621]]],[[[-74.045161,40.736493],[-74.045233,40.736466],[-74.045233,40.736493],[-74.045161,40.736493]]],[[[-74.042815,40.736237],[-74.04433,40.736655],[-74.045123,40.736658],[-74.04541,40.736988],[-74.045771,40.73699],[-74.045841,40.737292],[-74.04519,40.737454],[-74.045151,40.73792],[-74.044645,40.738083],[-74.044677,40.738687],[-74.044172,40.738548],[-74.044746,40.739127],[-74.044561,40.739757],[-74.043583,40.740357],[-74.042703,40.742275],[-74.043036,40.741124],[-74.042819,40.741233],[-74.042749,40.74093],[-74.042674,40.741342],[-74.042457,40.741286],[-74.042565,40.741341],[-74.042457,40.741341],[-74.042529,40.741424],[-74.042348,40.741505],[-74.042274,40.741697],[-74.04231,40.741752],[-74.04217,40.741697],[-74.042169,40.741354],[-74.043516,40.740349],[-74.043922,40.739012],[-74.04352,40.738505],[-74.043911,40.73754],[-74.042815,40.736237]],[[-74.042456,40.741451],[-74.04242,40.741423],[-74.04242,40.741451],[-74.042456,40.741451]]],[[[-74.042782,40.741287],[-74.042818,40.74126],[-74.042818,40.741288],[-74.042782,40.741287]]],[[[-74.04231,40.741725],[-74.042382,40.741698],[-74.042382,40.741725],[-74.04231,40.741725]]],[[[-74.042202,40.741752],[-74.042175,40.741724],[-74.042202,40.741724],[-74.042202,40.741752]]],[[[-74.042201,40.741861],[-74.042186,40.741779],[-74.042201,40.741779],[-74.042201,40.741861]]],[[[-74.042665,40.742632],[-74.042667,40.74233],[-74.042739,40.742303],[-74.042665,40.742632]]],[[[-74.042556,40.742741],[-74.042628,40.742659],[-74.042628,40.742769],[-74.042556,40.742741]]],[[[-74.042201,40.741862],[-74.042522,40.742357],[-74.04219,40.743426],[-74.041516,40.744494],[-74.041521,40.743999],[-74.042097,40.743235],[-74.042201,40.741862]]],[[[-74.041533,40.744549],[-74.041502,40.744521],[-74.041533,40.744522],[-74.041533,40.744549]]],[[[-74.04146,40.744604],[-74.041496,40.744576],[-74.041496,40.744604],[-74.04146,40.744604]]],[[[-74.041424,40.744658],[-74.04146,40.744604],[-74.04146,40.744659],[-74.041424,40.744658]]],[[[-74.041424,40.744686],[-74.041387,40.744713],[-74.041387,40.744686],[-74.041424,40.744686]]],[[[-74.041351,40.744768],[-74.041387,40.744713],[-74.041387,40.744768],[-74.041351,40.744768]]],[[[-74.041314,40.744823],[-74.041351,40.744768],[-74.04135,40.744823],[-74.041314,40.744823]]],[[[-74.041278,40.74485],[-74.041314,40.744823],[-74.041314,40.74485],[-74.041278,40.74485]]],[[[-74.041132,40.745042],[-74.040951,40.745233],[-74.041278,40.74485],[-74.041132,40.745042]]],[[[-74.040951,40.745233],[-74.040916,40.74526],[-74.040943,40.745233],[-74.040951,40.745233]]],[[[-74.040877,40.74537],[-74.040341,40.745862],[-74.040914,40.745262],[-74.040877,40.74537]]],[[[-74.040114,40.74619],[-74.040005,40.7463],[-74.040005,40.746218],[-74.040333,40.745871],[-74.040114,40.74619]],[[-74.040114,40.74619],[-74.040078,40.746163],[-74.040078,40.74619],[-74.040114,40.74619]]],[[[-74.039969,40.7463],[-74.039943,40.7463],[-74.039969,40.746266],[-74.039969,40.7463]]],[[[-74.039932,40.746354],[-74.039902,40.746354],[-74.039933,40.746314],[-74.039932,40.746354]]],[[[-74.039896,40.746362],[-74.039317,40.747368],[-74.039603,40.746747],[-74.039896,40.746362]]],[[[-74.039311,40.747422],[-74.039304,40.747397],[-74.039312,40.74738],[-74.039311,40.747422]]],[[[-74.039275,40.747505],[-74.039244,40.747505],[-74.039275,40.747449],[-74.039275,40.747505]]],[[[-74.039238,40.747559],[-74.039214,40.747559],[-74.039238,40.747515],[-74.039238,40.747559]]],[[[-74.039202,40.747581],[-74.039202,40.747614],[-74.039183,40.747614],[-74.039202,40.747581]]],[[[-74.039165,40.747696],[-74.039138,40.747696],[-74.039165,40.747646],[-74.039165,40.747696]]],[[[-74.039129,40.747751],[-74.039107,40.747751],[-74.039129,40.747712],[-74.039129,40.747751]]],[[[-74.039092,40.747833],[-74.039062,40.747833],[-74.039092,40.747778],[-74.039092,40.747833]]],[[[-74.039055,40.747888],[-74.039051,40.747853],[-74.039056,40.747844],[-74.039055,40.747888]]],[[[-74.039635,40.705645],[-74.039589,40.705644],[-74.039636,40.705623],[-74.039635,40.705645]]],[[[-74.039563,40.705672],[-74.03953,40.705672],[-74.039563,40.705656],[-74.039563,40.705672]]],[[[-74.039491,40.705689],[-74.039491,40.705699],[-74.03947,40.705699],[-74.039491,40.705689]]],[[[-74.03941,40.705726],[-74.039455,40.705706],[-74.039454,40.705726],[-74.03941,40.705726]]],[[[-74.03935,40.705753],[-74.039382,40.705739],[-74.039382,40.705753],[-74.03935,40.705753]]],[[[-74.03931,40.705781],[-74.039289,40.705781],[-74.03931,40.705771],[-74.03931,40.705781]]],[[[-74.039227,40.705808],[-74.039274,40.705787],[-74.039274,40.705808],[-74.039227,40.705808]]],[[[-74.039165,40.705835],[-74.039201,40.705819],[-74.039201,40.705835],[-74.039165,40.705835]]],[[[-74.039129,40.705862],[-74.039103,40.705862],[-74.039129,40.705851],[-74.039129,40.705862]]],[[[-74.039041,40.705889],[-74.039057,40.705882],[-74.039057,40.705889],[-74.039041,40.705889]]],[[[-74.038979,40.705917],[-74.03902,40.705898],[-74.03902,40.705917],[-74.038979,40.705917]]],[[[-74.038948,40.705944],[-74.038913,40.705944],[-74.038948,40.705929],[-74.038948,40.705944]]],[[[-74.038912,40.705971],[-74.038846,40.705971],[-74.038912,40.705944],[-74.038912,40.705971]]],[[[-74.038839,40.705998],[-74.038779,40.705998],[-74.03884,40.705974],[-74.038839,40.705998]]],[[[-74.038767,40.706003],[-74.038767,40.706026],[-74.038712,40.706025],[-74.038767,40.706003]]],[[[-74.038695,40.706032],[-74.038695,40.706053],[-74.038651,40.706052],[-74.038695,40.706032]]],[[[-74.038622,40.70608],[-74.038591,40.70608],[-74.038622,40.706065],[-74.038622,40.70608]]],[[[-74.034358,40.717564],[-74.034394,40.717537],[-74.034394,40.717564],[-74.034358,40.717564]]],[[[-74.034358,40.717619],[-74.034394,40.717592],[-74.034394,40.717619],[-74.034358,40.717619]]],[[[-74.03711,40.721309],[-74.037179,40.721748],[-74.037071,40.721803],[-74.036748,40.721554],[-74.036966,40.721308],[-74.036642,40.721169],[-74.03711,40.721309]]],[[[-74.035619,40.722977],[-74.035945,40.722814],[-74.036094,40.722128],[-74.03631,40.722239],[-74.036492,40.721937],[-74.037033,40.721995],[-74.03703,40.722461],[-74.036525,40.722514],[-74.036413,40.722925],[-74.036664,40.723146],[-74.036412,40.723172],[-74.036407,40.723804],[-74.036153,40.723995],[-74.035793,40.723966],[-74.035835,40.723143],[-74.035619,40.722977]]],[[[-74.036542,40.725204],[-74.036793,40.725452],[-74.03643,40.725698],[-74.036542,40.725204]]],[[[-74.034789,40.728272],[-74.034934,40.72808],[-74.035836,40.728139],[-74.035653,40.728577],[-74.034789,40.728272]]],[[[-74.035905,40.728551],[-74.03598,40.728222],[-74.036485,40.728224],[-74.036266,40.728552],[-74.035905,40.728551]]],[[[-74.034121,40.730849],[-74.034309,40.729779],[-74.035353,40.730168],[-74.035279,40.730387],[-74.03481,40.730413],[-74.034554,40.730878],[-74.034411,40.730713],[-74.034121,40.730849]]],[[[-74.034803,40.731428],[-74.034589,40.731071],[-74.03495,40.731017],[-74.035134,40.730551],[-74.035457,40.730717],[-74.035675,40.730554],[-74.036605,40.731683],[-74.035811,40.731762],[-74.034803,40.731428]]],[[[-74.035944,40.733355],[-74.036236,40.732944],[-74.036664,40.73355],[-74.036411,40.733713],[-74.035329,40.733654],[-74.035582,40.733518],[-74.035367,40.733352],[-74.035944,40.733355]]],[[[-74.036846,40.733441],[-74.036917,40.733578],[-74.036809,40.73355],[-74.036846,40.733441]]],[[[-74.030586,40.733635],[-74.03064,40.73331],[-74.030638,40.73358],[-74.030586,40.733635]]],[[[-74.031793,40.73353],[-74.031757,40.733502],[-74.031793,40.733502],[-74.031793,40.73353]]],[[[-74.030158,40.733715],[-74.030091,40.733695],[-74.030204,40.733705],[-74.030158,40.733715]]],[[[-74.035147,40.733763],[-74.035292,40.733736],[-74.035292,40.733764],[-74.035147,40.733763]]],[[[-74.030636,40.733858],[-74.030626,40.733855],[-74.030636,40.733855],[-74.030636,40.733858]]],[[[-74.031068,40.733966],[-74.031068,40.733986],[-74.030999,40.733966],[-74.031068,40.733966]]],[[[-74.031248,40.73404],[-74.031186,40.734022],[-74.031248,40.734022],[-74.031248,40.73404]]],[[[-74.03233,40.734163],[-74.0324,40.734383],[-74.031747,40.734189],[-74.031969,40.734162],[-74.03233,40.734163]]],[[[-74.038786,40.734711],[-74.038999,40.735124],[-74.037703,40.734707],[-74.035216,40.73423],[-74.034351,40.734172],[-74.034312,40.734583],[-74.034204,40.7345],[-74.033374,40.734525],[-74.033377,40.734058],[-74.033302,40.734524],[-74.032868,40.734522],[-74.032436,40.734394],[-74.032439,40.734054],[-74.03132,40.73405],[-74.031068,40.733939],[-74.031502,40.733913],[-74.031502,40.733858],[-74.030781,40.7338],[-74.032334,40.733505],[-74.036264,40.733987],[-74.0354,40.733764],[-74.036302,40.733823],[-74.037059,40.733935],[-74.037166,40.734128],[-74.037238,40.734101],[-74.037454,40.734129],[-74.038101,40.734489],[-74.038283,40.73438],[-74.038425,40.7346],[-74.038786,40.734711]],[[-74.037382,40.734156],[-74.037309,40.734211],[-74.037381,40.734239],[-74.037382,40.734156]]],[[[-74.038247,40.734352],[-74.038283,40.734325],[-74.038283,40.734352],[-74.038247,40.734352]]],[[[-74.034963,40.734311],[-74.034927,40.734284],[-74.035035,40.734284],[-74.034963,40.734311]]],[[[-74.03453,40.734392],[-74.034422,40.734282],[-74.035035,40.734367],[-74.03453,40.734392]]],[[[-74.034421,40.734474],[-74.034384,40.734501],[-74.034385,40.734474],[-74.034421,40.734474]]],[[[-74.038462,40.734572],[-74.038426,40.734545],[-74.038462,40.734545],[-74.038462,40.734572]]],[[[-74.034492,40.734556],[-74.03442,40.734501],[-74.034493,40.734502],[-74.034492,40.734556]]],[[[-74.03341,40.73458],[-74.033374,40.734552],[-74.03341,40.734552],[-74.03341,40.73458]]],[[[-74.033049,40.734576],[-74.032962,40.73455],[-74.033049,40.734551],[-74.033049,40.734576]]],[[[-74.034059,40.73461],[-74.033843,40.734554],[-74.034131,40.734555],[-74.034059,40.73461]]],[[[-74.033085,40.734551],[-74.033301,40.734651],[-74.033055,40.734578],[-74.033085,40.734551]]],[[[-74.033733,40.734773],[-74.033482,40.734552],[-74.033842,40.734636],[-74.033733,40.734718],[-74.033697,40.734718],[-74.033625,40.734663],[-74.033733,40.734773]]],[[[-74.033805,40.734746],[-74.033842,40.734719],[-74.033949,40.734829],[-74.033805,40.734746]]],[[[-74.038495,40.735012],[-74.038531,40.734984],[-74.038531,40.735012],[-74.038495,40.735012]]],[[[-74.038816,40.73559],[-74.038744,40.735562],[-74.038816,40.735562],[-74.038816,40.73559]]],[[[-74.037949,40.735641],[-74.038527,40.735561],[-74.038527,40.735588],[-74.037949,40.735641]]],[[[-74.039019,40.747915],[-74.039016,40.747915],[-74.039019,40.74791],[-74.039019,40.747915]]],[[[-74.038249,40.749669],[-74.038285,40.749642],[-74.038285,40.749669],[-74.038249,40.749669]]],[[[-74.038212,40.749751],[-74.038249,40.749724],[-74.038248,40.749751],[-74.038212,40.749751]]],[[[-74.038176,40.749806],[-74.038212,40.749779],[-74.038212,40.749806],[-74.038176,40.749806]]],[[[-74.038103,40.749943],[-74.038139,40.749916],[-74.038139,40.749943],[-74.038103,40.749943]]]]}}]}