{
"type": "FeatureCollection",
"name": "roads",
"crs": { "type": "name", "properties": { "name": "urn:ogc:def:crs:OGC:1.3:CRS84" } },
"features": [
{ "type": "Feature", "properties": { "id": "11629868-0", "osm_way": 11629868, "name": "Babbio Drive", "class": "residential", "is_priority": false, "length_m": 200.0 }, "geometry": { "type": "LineString", "coordinates": [ [ -74.0249336, 40.7467623 ], [ -74.0247022, 40.7467115 ], [ -74.0246037, 40.7466787 ], [ -74.0244988, 40.7466417 ], [ -74.0244388, 40.7466046 ], [ -74.0243141, 40.7465193 ], [ -74.0241757, 40.746401 ], [ -74.0241148, 40.7463051 ], [ -74.0240615, 40.7462093 ], [ -74.0239695, 40.7460187 ], [ -74.023949, 40.7459731 ], [ -74.0239393, 40.7459244 ], [ -74.0239343, 40.7458757 ], [ -74.0239395, 40.7458409 ], [ -74.0239927, 40.7456754 ], [ -74.0240211, 40.7455938 ], [ -74.0240494, 40.7455125 ], [ -74.0240824, 40.7454164 ], [ -74.0240996, 40.745382 ], [ -74.024128655022665, 40.745356058018992 ] ] } },
{ "type": "Feature", "properties": { "id": "11629868-1", "osm_way": 11629868, "name": "Babbio Drive", "class": "residential", "is_priority": false, "length_m": 5.5 }, "geometry": { "type": "LineString", "coordinates": [ [ -74.024128655022665, 40.745356058018992 ], [ -74.024136, 40.7453495 ], [ -74.0241801, 40.7453258 ] ] } },
{ "type": "Feature", "properties": { "id": "11630507-2", "osm_way": 11630507, "name": "Adams Street", "class": "residential", "is_priority": false, "length_m": 139.3 }, "geometry": { "type": "LineString", "coordinates": [ [ -74.0321293, 40.755556 ], [ -74.0321075, 40.7556286 ], [ -74.0319851, 40.7560348 ], [ -74.0319023, 40.7563098 ], [ -74.0317856, 40.7566927 ], [ -74.0317792, 40.7567138 ], [ -74.031761, 40.7567793 ] ] } },
{ "type": "Feature", "properties": { "id": "11630552-3", "osm_way": 11630552, "name": "Jackson Street", "class": "tertiary", "is_priority": false, "length_m": 113.6 }, "geometry": { "type": "LineString", "coordinates": [ [ -74.0418468, 40.7364318 ], [ -74.0418671, 40.73654590000001 ], [ -74.0418002, 40.7367596 ], [ -74.0417602, 40.7368873 ], [ -74.0416161, 40.7373473 ], [ -74.041588, 40.737429 ] ] } },
{ "type": "Feature", "properties": { "id": "11630841-4", "osm_way": 11630841, "name": "Walter Barry Independence Court", "class": "residential", "is_priority": false, "length_m": 99.9 }, "geometry": { "type": "LineString", "coordinates": [ [ -74.0248042, 40.7516796 ], [ -74.0247347, 40.7516695 ], [ -74.0245993, 40.7516448 ], [ -74.0242352, 40.7515831 ], [ -74.0237629, 40.7515029 ], [ -74.023730500000013, 40.751497399999984 ], [ -74.023649, 40.7514836 ] ] } },
{ "type": "Feature", "properties": { "id": "11630908-5", "osm_way": 11630908, "name": "Newark Street", "class": "unclassified", "is_priority": false, "length_m": 88.7 }, "geometry": { "type": "LineString", "coordinates": [ [ -74.0279739, 40.736364799999983 ], [ -74.0281357, 40.7363952 ], [ -74.0289045, 40.7365394 ], [ -74.0289943, 40.7365562 ] ] } },
{ "type": "Feature", "properties": { "id": "11631054-6", "osm_way": 11631054, "name": "4th Street", "class": "tertiary", "is_priority": false, "length_m": 45.8 }, "geometry": { "type": "LineString", "coordinates": [ [ -74.0271116, 40.7408699 ], [ -74.0271454, 40.7408573 ], [ -74.0272309, 40.7408518 ], [ -74.0275612, 40.7408949 ], [ -74.0276437, 40.740905699999985 ] ] } },
{ "type": "Feature", "properties": { "id": "11631102-7", "osm_way": 11631102, "name": "Newark Street", "class": "secondary", "is_priority": false, "length_m": 200.0 }, "geometry": { "type": "LineString", "coordinates": [ [ -74.0381371, 40.7370298 ], [ -74.0379908, 40.7370518 ], [ -74.0377439, 40.7370893 ], [ -74.0375931, 40.7371125 ], [ -74.0371901, 40.73717 ], [ -74.0367979, 40.7372259 ], [ -74.0367392, 40.7372337 ], [ -74.0365827, 40.7372583 ], [ -74.0362116, 40.7373167 ], [ -74.035813706745273, 40.737379368698839 ] ] } },
{ "type": "Feature", "properties": { "id": "11631102-8", "osm_way": 11631102, "name": "Newark Street", "class": "secondary", "is_priority": false, "length_m": 16.3 }, "geometry": { "type": "LineString", "coordinates": [ [ -74.035813706745273, 40.737379368698839 ], [ -74.035797, 40.737382 ], [ -74.0356249, 40.7374091 ] ] } },
{ "type": "Feature", "properties": { "id": "11631118-9", "osm_way": 11631118, "name": "9th Street", "class": "residential", "is_priority": false, "length_m": 200.0 }, "geometry": { "type": "LineString", "coordinates": [ [ -74.0380237, 40.7489893 ], [ -74.0380024, 40.7489911 ], [ -74.0379777, 40.7489903 ], [ -74.0379648, 40.7489889 ], [ -74.0372427, 40.7488685 ], [ -74.0372125, 40.7488635 ], [ -74.0371152, 40.7488455 ], [ -74.0370025, 40.7488258 ], [ -74.0362892, 40.7487016 ], [ -74.0361837, 40.7486832 ], [ -74.0360943, 40.7486692 ], [ -74.035711859935645, 40.748601969688629 ] ] } },
{ "type": "Feature", "properties": { "id": "11631118-10", "osm_way": 11631118, "name": "9th Street", "class": "residential", "is_priority": false, "length_m": 200.0 }, "geometry": { "type": "LineString", "coordinates": [ [ -74.035711859935645, 40.748601969688629 ], [ -74.0353457, 40.7485376 ], [ -74.0352673, 40.748523099999986 ], [ -74.0351621, 40.7485034 ], [ -74.0344498, 40.7483729 ], [ -74.0344096, 40.7483655 ], [ -74.03432, 40.7483864 ], [ -74.0342205, 40.7484067 ], [ -74.0334604, 40.7482672 ], [ -74.033410466334061, 40.74825805440139 ] ] } },
{ "type": "Feature", "properties": { "id": "11631118-11", "osm_way": 11631118, "name": "9th Street", "class": "residential", "is_priority": false, "length_m": 200.0 }, "geometry": { "type": "LineString", "coordinates": [ [ -74.033410466334061, 40.74825805440139 ], [ -74.0333856, 40.7482535 ], [ -74.0333758, 40.7482517 ], [ -74.0332873, 40.7482363 ], [ -74.0325523, 40.7481082 ], [ -74.0325226, 40.7481027 ], [ -74.0324288, 40.7480858 ], [ -74.0323483, 40.7480733 ], [ -74.0316517, 40.7479538 ], [ -74.0316137, 40.7479473 ], [ -74.0315151, 40.7479304 ], [ -74.0314199, 40.7479133 ], [ -74.031101317504891, 40.747856174827781 ] ] } },
{ "type": "Feature", "properties": { "id": "11631118-12", "osm_way": 11631118, "name": "9th Street", "class": "residential", "is_priority": false, "length_m": 200.0 }, "geometry": { "type": "LineString", "coordinates": [ [ -74.031101317504891, 40.747856174827781 ], [ -74.0307161, 40.747787099999989 ], [ -74.0306708, 40.747779 ], [ -74.030576, 40.747762 ], [ -74.0304836, 40.7477453 ], [ -74.0301247, 40.7476804 ], [ -74.0297742, 40.747617 ], [ -74.0297301, 40.747609 ], [ -74.0296462, 40.747593799999983 ], [ -74.0295581, 40.7475783 ], [ -74.028821600000015, 40.7474492 ], [ -74.028795111941307, 40.747444573917647 ] ] } },
{ "type": "Feature", "properties": { "id": "11631118-13", "osm_way": 11631118, "name": "9th Street", "class": "residential", "is_priority": false, "length_m": 173.3 }, "geometry": { "type": "LineString", "coordinates": [ [ -74.028795111941307, 40.747444573917647 ], [ -74.0287861, 40.747443 ], [ -74.028712, 40.74743 ], [ -74.0286289, 40.7474157 ], [ -74.0280466, 40.7473152 ], [ -74.0279033, 40.74729 ], [ -74.0277592, 40.7472638 ], [ -74.0269208, 40.7471093 ], [ -74.0268892, 40.747103499999987 ], [ -74.0267974, 40.7470867 ] ] } },
{ "type": "Feature", "properties": { "id": "11631405-14", "osm_way": 11631405, "name": "14th Street", "class": "tertiary", "is_priority": false, "length_m": 130.8 }, "geometry": { "type": "LineString", "coordinates": [ [ -74.0234977, 40.7527919 ], [ -74.0236253, 40.7528105 ], [ -74.024351, 40.7529296 ], [ -74.0244293, 40.7529425 ], [ -74.0245027, 40.7529556 ], [ -74.0249068, 40.7530278 ], [ -74.0250105, 40.7530448 ] ] } },
{ "type": "Feature", "properties": { "id": "11631413-15", "osm_way": 11631413, "name": "10th Street", "class": "residential", "is_priority": false, "length_m": 94.6 }, "geometry": { "type": "LineString", "coordinates": [ [ -74.02643, 40.7483674 ], [ -74.0265026, 40.7483807 ], [ -74.027388, 40.7485416 ], [ -74.0275197, 40.7485655 ] ] } },
{ "type": "Feature", "properties": { "id": "11631416-16", "osm_way": 11631416, "name": "10th Street", "class": "residential", "is_priority": false, "length_m": 79.9 }, "geometry": { "type": "LineString", "coordinates": [ [ -74.0348964, 40.7497296 ], [ -74.0349742, 40.7497428 ], [ -74.0357112, 40.749868099999986 ], [ -74.0357317, 40.7498716 ], [ -74.0358201, 40.7498867 ] ] } },
{ "type": "Feature", "properties": { "id": "11631436-17", "osm_way": 11631436, "name": "Madison Street", "class": "secondary", "is_priority": false, "length_m": 26.7 }, "geometry": { "type": "LineString", "coordinates": [ [ -74.0397479, 40.7368532 ], [ -74.0397662, 40.7368725 ], [ -74.0397738, 40.7368959 ], [ -74.0397665, 40.7369485 ], [ -74.0397496, 40.7370041 ], [ -74.0397286, 40.7370856 ] ] } },
{ "type": "Feature", "properties": { "id": "11631768-18", "osm_way": 11631768, "name": "Bernard McFeeley Shipyard Lane", "class": "residential", "is_priority": false, "length_m": 200.0 }, "geometry": { "type": "LineString", "coordinates": [ [ -74.0241533, 40.7538158 ], [ -74.0241747, 40.7537541 ], [ -74.0243846, 40.7530766 ], [ -74.024396800000019, 40.753037299999988 ], [ -74.0244293, 40.7529425 ], [ -74.0244611, 40.7528346 ], [ -74.024675, 40.7521406 ], [ -74.0246947, 40.7520776 ], [ -74.024698802178776, 40.752062698246448 ] ] } },
{ "type": "Feature", "properties": { "id": "11631768-19", "osm_way": 11631768, "name": "Bernard McFeeley Shipyard Lane", "class": "residential", "is_priority": false, "length_m": 142.5 }, "geometry": { "type": "LineString", "coordinates": [ [ -74.024698802178776, 40.752062698246448 ], [ -74.0247437, 40.7518996 ], [ -74.0247844, 40.7517547 ], [ -74.0248042, 40.7516796 ], [ -74.024816, 40.7516399 ], [ -74.025049400000015, 40.7509135 ], [ -74.0250594, 40.7508824 ], [ -74.0250833, 40.7508129 ] ] } },
{ "type": "Feature", "properties": { "id": "11631815-20", "osm_way": 11631815, "name": "Clinton Street", "class": "tertiary", "is_priority": false, "length_m": 96.2 }, "geometry": { "type": "LineString", "coordinates": [ [ -74.0356249, 40.7374091 ], [ -74.035644300000016, 40.7374768 ], [ -74.0356548, 40.7375467 ], [ -74.0355457, 40.7378939 ], [ -74.0354637, 40.738155 ], [ -74.0354549, 40.7381831 ], [ -74.035432, 40.73825380000001 ] ] } },
{ "type": "Feature", "properties": { "id": "11631853-21", "osm_way": 11631853, "name": "Bloomfield Street", "class": "tertiary", "is_priority": false, "length_m": 150.6 }, "geometry": { "type": "LineString", "coordinates": [ [ -74.0322678, 40.7357396 ], [ -74.0322356, 40.7358453 ], [ -74.0319807, 40.7366831 ], [ -74.0318853, 40.7370061 ], [ -74.031868900000021, 40.7370616 ] ] } },
{ "type": "Feature", "properties": { "id": "11631924-22", "osm_way": 11631924, "name": "Paterson Avenue", "class": "secondary", "is_priority": false, "length_m": 131.6 }, "geometry": { "type": "LineString", "coordinates": [ [ -74.0426286, 40.7391461 ], [ -74.0429205, 40.7394418 ], [ -74.0429352, 40.7394569 ], [ -74.0429509, 40.7394731 ], [ -74.04306, 40.7395851 ], [ -74.0432827, 40.7397964 ], [ -74.0433028, 40.7398192 ], [ -74.0433178, 40.7398362 ], [ -74.0433606, 40.7398847 ], [ -74.0433798, 40.7399064 ], [ -74.0434008, 40.7399303 ], [ -74.0435345, 40.7400886 ], [ -74.043544323401832, 40.740103996443338 ] ] } },
{ "type": "Feature", "properties": { "id": "11632042-23", "osm_way": 11632042, "name": "Marshall Street", "class": "residential", "is_priority": false, "length_m": 11.0 }, "geometry": { "type": "LineString", "coordinates": [ [ -74.0429509, 40.7394731 ], [ -74.042916, 40.7395686 ] ] } },
{ "type": "Feature", "properties": { "id": "11632051-24", "osm_way": 11632051, "name": "3rd Street", "class": "residential", "is_priority": false, "length_m": 200.0 }, "geometry": { "type": "LineString", "coordinates": [ [ -74.0356018, 40.7409676 ], [ -74.0355067, 40.7409514 ], [ -74.0347929, 40.7408297 ], [ -74.0347574, 40.7408237 ], [ -74.0346818, 40.7408109 ], [ -74.0345649, 40.7407895 ], [ -74.0338579, 40.7406599 ], [ -74.0338171, 40.7406524 ], [ -74.0337381, 40.7406379 ], [ -74.0336531, 40.740623 ], [ -74.033294581195079, 40.740560245164296 ] ] } },
{ "type": "Feature", "properties": { "id": "11632051-25", "osm_way": 11632051, "name": "3rd Street", "class": "residential", "is_priority": false, "length_m": 200.0 }, "geometry": { "type": "LineString", "coordinates": [ [ -74.033294581195079, 40.740560245164296 ], [ -74.0329207, 40.7404948 ], [ -74.0328879, 40.7404891 ], [ -74.0327986, 40.7404735 ], [ -74.0327252, 40.7404609 ], [ -74.0319844, 40.7403341 ], [ -74.0319492, 40.7403281 ], [ -74.0318666, 40.7403139 ], [ -74.0317823, 40.7402987 ], [ -74.0310647, 40.740169 ], [ -74.0310174, 40.7401605 ], [ -74.030986677136994, 40.740155082782486 ] ] } },
{ "type": "Feature", "properties": { "id": "11632051-26", "osm_way": 11632051, "name": "3rd Street", "class": "residential", "is_priority": false, "length_m": 75.0 }, "geometry": { "type": "LineString", "coordinates": [ [ -74.030986677136994, 40.740155082782486 ], [ -74.0309363, 40.7401462 ], [ -74.030863, 40.7401323 ], [ -74.0302469, 40.7400191 ], [ -74.0301237, 40.7399965 ] ] } },
{ "type": "Feature", "properties": { "id": "11632229-27", "osm_way": 11632229, "name": "River Terrace", "class": "residential", "is_priority": false, "length_m": 142.7 }, "geometry": { "type": "LineString", "coordinates": [ [ -74.0273785, 40.7418519 ], [ -74.0273519, 40.7419139 ], [ -74.0271767, 40.742493799999984 ], [ -74.0271557, 40.742564 ], [ -74.0270861, 40.742797299999985 ], [ -74.0270148, 40.7430373 ], [ -74.0269962, 40.7431038 ] ] } },
{ "type": "Feature", "properties": { "id": "11632549-28", "osm_way": 11632549, "name": "Louis DePascale Constitution Court", "class": "residential", "is_priority": false, "length_m": 101.5 }, "geometry": { "type": "LineString", "coordinates": [ [ -74.0235221, 40.751875 ], [ -74.0236083, 40.7518899 ], [ -74.0236282, 40.7518933 ], [ -74.0241087, 40.7519763 ], [ -74.0244639, 40.7520377 ], [ -74.0246283, 40.7520673 ], [ -74.0246947, 40.7520776 ] ] } },
{ "type": "Feature", "properties": { "id": "11632566-29", "osm_way": 11632566, "name": "13th Street", "class": "residential", "is_priority": false, "length_m": 200.0 }, "geometry": { "type": "LineString", "coordinates": [ [ -74.0263613, 40.752372 ], [ -74.0264903, 40.752393599999984 ], [ -74.0270652, 40.7524896 ], [ -74.0270946, 40.7524945 ], [ -74.027167, 40.7525075 ], [ -74.0272564, 40.7525238 ], [ -74.0279933, 40.752653100000018 ], [ -74.0280281, 40.752659199999989 ], [ -74.0281014, 40.7526723 ], [ -74.0281788, 40.7526875 ], [ -74.028669877539471, 40.752776151968391 ] ] } },
{ "type": "Feature", "properties": { "id": "11632566-30", "osm_way": 11632566, "name": "13th Street", "class": "residential", "is_priority": false, "length_m": 108.2 }, "geometry": { "type": "LineString", "coordinates": [ [ -74.028669877539471, 40.752776151968391 ], [ -74.0289305, 40.7528232 ], [ -74.0289576, 40.7528281 ], [ -74.0290419, 40.7528439 ], [ -74.0291155, 40.7528583 ], [ -74.0295935, 40.752951 ], [ -74.0297094, 40.75297350000001 ], [ -74.0297633, 40.752984 ], [ -74.0299132, 40.75301420000001 ] ] } },
{ "type": "Feature", "properties": { "id": "11632567-31", "osm_way": 11632567, "name": "13th Street", "class": "residential", "is_priority": false, "length_m": 83.5 }, "geometry": { "type": "LineString", "coordinates": [ [ -74.0300255, 40.7526683 ], [ -74.0301564, 40.7526936 ], [ -74.0302522, 40.7527106 ], [ -74.0308341, 40.7528138 ], [ -74.0308511, 40.7528168 ], [ -74.0308874, 40.75282330000001 ], [ -74.030988400000012, 40.7528414 ] ] } },
{ "type": "Feature", "properties": { "id": "11632624-32", "osm_way": 11632624, "name": "18th Street", "class": "residential", "is_priority": false, "length_m": 7.2 }, "geometry": { "type": "LineString", "coordinates": [ [ -74.03131484353365, 40.75887042762939 ], [ -74.0313343, 40.7588735 ], [ -74.031395334433341, 40.75889060079475 ] ] } },
{ "type": "Feature", "properties": { "id": "11632694-33", "osm_way": 11632694, "name": "1st Street", "class": "tertiary", "is_priority": false, "length_m": 12.3 }, "geometry": { "type": "LineString", "coordinates": [ [ -74.04306, 40.7395851 ], [ -74.042916, 40.7395686 ] ] } },
{ "type": "Feature", "properties": { "id": "11632708-34", "osm_way": 11632708, "name": "Monroe Street", "class": "residential", "is_priority": false, "length_m": 200.0 }, "geometry": { "type": "LineString", "coordinates": [ [ -74.0367584, 40.7500391 ], [ -74.0367752, 40.749983 ], [ -74.0370873, 40.748939 ], [ -74.0370937, 40.7489175 ], [ -74.0371152, 40.7488455 ], [ -74.0371366, 40.7487846 ], [ -74.0372388, 40.7484712 ], [ -74.037299447371254, 40.748285240803341 ] ] } },
{ "type": "Feature", "properties": { "id": "11632708-35", "osm_way": 11632708, "name": "Monroe Street", "class": "residential", "is_priority": false, "length_m": 200.0 }, "geometry": { "type": "LineString", "coordinates": [ [ -74.037299447371254, 40.748285240803341 ], [ -74.0374878, 40.7477077 ], [ -74.0375064, 40.7476474 ], [ -74.0375244, 40.7475866 ], [ -74.0376251, 40.7472419 ], [ -74.037833583745595, 40.746530171748361 ] ] } },
{ "type": "Feature", "properties": { "id": "11632708-36", "osm_way": 11632708, "name": "Monroe Street", "class": "residential", "is_priority": false, "length_m": 162.5 }, "geometry": { "type": "LineString", "coordinates": [ [ -74.037833583745595, 40.746530171748361 ], [ -74.0378636, 40.7464277 ], [ -74.0378805, 40.7463729 ], [ -74.037898, 40.7463165 ], [ -74.0382537, 40.745162 ], [ -74.0382708, 40.745105 ] ] } },
{ "type": "Feature", "properties": { "id": "11632929-37", "osm_way": 11632929, "name": "Willow Court North", "class": "residential", "is_priority": false, "length_m": 79.7 }, "geometry": { "type": "LineString", "coordinates": [ [ -74.0333265, 40.7451637 ], [ -74.0332544, 40.7451506 ], [ -74.0324876, 40.7450223 ], [ -74.0324052, 40.7450085 ] ] } },
{ "type": "Feature", "properties": { "id": "11633030-38", "osm_way": 11633030, "name": "Willow Court South", "class": "residential", "is_priority": false, "length_m": 79.7 }, "geometry": { "type": "LineString", "coordinates": [ [ -74.0325208, 40.744636 ], [ -74.032596, 40.7446491 ], [ -74.0333643, 40.744783 ], [ -74.0334405, 40.7447967 ] ] } },
{ "type": "Feature", "properties": { "id": "11633156-39", "osm_way": 11633156, "name": "Grand Street", "class": "residential", "is_priority": false, "length_m": 144.5 }, "geometry": { "type": "LineString", "coordinates": [ [ -74.0329811, 40.7495312 ], [ -74.0328751, 40.7498853 ], [ -74.0327128, 40.7504116 ], [ -74.0326096, 40.7507463 ], [ -74.0325933, 40.7507993 ] ] } },
{ "type": "Feature", "properties": { "id": "11633157-40", "osm_way": 11633157, "name": "Grand Street", "class": "residential", "is_priority": false, "length_m": 144.3 }, "geometry": { "type": "LineString", "coordinates": [ [ -74.0333856, 40.7482535 ], [ -74.0333979, 40.7482091 ], [ -74.0337401, 40.7470778 ], [ -74.0337487, 40.7470494 ], [ -74.0337676, 40.7469865 ] ] } },
{ "type": "Feature", "properties": { "id": "11633252-41", "osm_way": 11633252, "name": "16th Street", "class": "residential", "is_priority": false, "length_m": 82.8 }, "geometry": { "type": "LineString", "coordinates": [ [ -74.033666, 40.757102 ], [ -74.032709, 40.756938 ] ] } },
{ "type": "Feature", "properties": { "id": "11633304-42", "osm_way": 11633304, "name": "Grove Street", "class": "tertiary", "is_priority": false, "length_m": 30.6 }, "geometry": { "type": "LineString", "coordinates": [ [ -74.0404746, 40.7366521 ], [ -74.040454900000015, 40.7365608 ], [ -74.0404156, 40.7363798 ] ] } },
{ "type": "Feature", "properties": { "id": "11633447-43", "osm_way": 11633447, "name": "Harrison Street", "class": "residential", "is_priority": false, "length_m": 200.0 }, "geometry": { "type": "LineString", "coordinates": [ [ -74.0408022, 40.7432291 ], [ -74.0408192, 40.7431736 ], [ -74.0409404, 40.742784 ], [ -74.040978, 40.74265710000001 ], [ -74.0409956, 40.7425974 ], [ -74.0410246, 40.742502099999989 ], [ -74.0411739, 40.7420121 ], [ -74.0411897, 40.7419602 ], [ -74.0412857, 40.741648399999988 ], [ -74.041339579245559, 40.74147450162333 ] ] } },
{ "type": "Feature", "properties": { "id": "11633447-44", "osm_way": 11633447, "name": "Harrison Street", "class": "residential", "is_priority": false, "length_m": 90.5 }, "geometry": { "type": "LineString", "coordinates": [ [ -74.041339579245559, 40.74147450162333 ], [ -74.0414641, 40.7410726 ], [ -74.041556400000019, 40.7407663 ], [ -74.0415656, 40.7407356 ], [ -74.0415823, 40.740680500000011 ] ] } },
{ "type": "Feature", "properties": { "id": "11633491-45", "osm_way": 11633491, "name": "Marshall Drive", "class": "residential", "is_priority": false, "length_m": 157.1 }, "geometry": { "type": "LineString", "coordinates": [ [ -74.0408022, 40.7432291 ], [ -74.040882100000019, 40.7432456 ], [ -74.0412919, 40.743327299999983 ], [ -74.0413294, 40.7433422 ], [ -74.0413436, 40.74335150000001 ], [ -74.0413521, 40.743365 ], [ -74.0413543, 40.743385600000011 ], [ -74.0413498, 40.7434095 ], [ -74.041320500000012, 40.7435154 ], [ -74.0410915, 40.744312 ] ] } },
{ "type": "Feature", "properties": { "id": "11633522-46", "osm_way": 11633522, "name": "Jefferson Street", "class": "residential", "is_priority": false, "length_m": 140.1 }, "geometry": { "type": "LineString", "coordinates": [ [ -74.032709, 40.756938 ], [ -74.0329741, 40.756056799999989 ], [ -74.0330504, 40.7558031 ], [ -74.033079, 40.755708 ] ] } },
{ "type": "Feature", "properties": { "id": "11633695-47", "osm_way": 11633695, "name": "Garden Street", "class": "residential", "is_priority": false, "length_m": 91.6 }, "geometry": { "type": "LineString", "coordinates": [ [ -74.027459, 40.7547359 ], [ -74.02748, 40.7546787 ], [ -74.0274914, 40.7546475 ], [ -74.02772010000001, 40.7539349 ] ] } },
{ "type": "Feature", "properties": { "id": "11633843-48", "osm_way": 11633843, "name": "River Terrace", "class": "residential", "is_priority": false, "length_m": 70.3 }, "geometry": { "type": "LineString", "coordinates": [ [ -74.0269962, 40.7431038 ], [ -74.0269266, 40.743334 ], [ -74.0268346, 40.7436455 ], [ -74.0268123, 40.7437211 ] ] } },
{ "type": "Feature", "properties": { "id": "11633844-49", "osm_way": 11633844, "name": "River Street", "class": "tertiary", "is_priority": false, "length_m": 35.8 }, "geometry": { "type": "LineString", "coordinates": [ [ -74.0291848, 40.7359028 ], [ -74.0291661, 40.735967099999989 ], [ -74.0291298, 40.7360945 ], [ -74.0290948, 40.7362175 ] ] } },
{ "type": "Feature", "properties": { "id": "11633868-50", "osm_way": 11633868, "name": "5th Street", "class": "residential", "is_priority": false, "length_m": 200.0 }, "geometry": { "type": "LineString", "coordinates": [ [ -74.0410915, 40.744312 ], [ -74.0408555, 40.7442716 ], [ -74.0406284, 40.7442291 ], [ -74.0405693, 40.7442139 ], [ -74.0404316, 40.7441695 ], [ -74.0403083, 40.7441334 ], [ -74.0401131, 40.7440898 ], [ -74.039588, 40.7439958 ], [ -74.0394843, 40.7439772 ], [ -74.0388034432615, 40.743855322427279 ] ] } },
{ "type": "Feature", "properties": { "id": "11633868-51", "osm_way": 11633868, "name": "5th Street", "class": "residential", "is_priority": false, "length_m": 200.0 }, "geometry": { "type": "LineString", "coordinates": [ [ -74.0388034432615, 40.743855322427279 ], [ -74.0387536, 40.7438464 ], [ -74.0386614, 40.7438299 ], [ -74.0385641, 40.7438129 ], [ -74.0378044, 40.7436807 ], [ -74.0377208, 40.7436658 ], [ -74.037637, 40.7436511 ], [ -74.0369028, 40.7435261 ], [ -74.0368782, 40.7435219 ], [ -74.0367864, 40.7435063 ], [ -74.0367024, 40.7434912 ], [ -74.036494211053935, 40.743454130489113 ] ] } },
{ "type": "Feature", "properties": { "id": "11633868-52", "osm_way": 11633868, "name": "5th Street", "class": "residential", "is_priority": false, "length_m": 136.1 }, "geometry": { "type": "LineString", "coordinates": [ [ -74.036494211053935, 40.743454130489113 ], [ -74.0359768, 40.743362 ], [ -74.035944900000018, 40.7433563 ], [ -74.0358634, 40.7433408 ], [ -74.0357663, 40.7433234 ], [ -74.0350473, 40.7431947 ], [ -74.035008, 40.7431877 ], [ -74.0349252, 40.743172799999989 ] ] } },
{ "type": "Feature", "properties": { "id": "11633899-53", "osm_way": 11633899, "name": "Sinatra Drive", "class": "residential", "is_priority": false, "length_m": 200.0 }, "geometry": { "type": "LineString", "coordinates": [ [ -74.0279739, 40.736364799999983 ], [ -74.0278627, 40.7367467 ], [ -74.0278253, 40.7368737 ], [ -74.0278106, 40.7369237 ], [ -74.0277897, 40.736993 ], [ -74.0276163, 40.7375676 ], [ -74.0274536, 40.7381068 ], [ -74.0274491407678, 40.738121596558678 ] ] } },
{ "type": "Feature", "properties": { "id": "11633899-54", "osm_way": 11633899, "name": "Sinatra Drive", "class": "residential", "is_priority": false, "length_m": 153.3 }, "geometry": { "type": "LineString", "coordinates": [ [ -74.0274491407678, 40.738121596558678 ], [ -74.0274294, 40.7381871 ], [ -74.0274065, 40.738265499999983 ], [ -74.0270793, 40.7393836 ], [ -74.0270646, 40.7394338 ], [ -74.0270542, 40.7394695 ] ] } },
{ "type": "Feature", "properties": { "id": "11633902-55", "osm_way": 11633902, "name": "Sinatra Drive", "class": "tertiary", "is_priority": false, "length_m": 122.3 }, "geometry": { "type": "LineString", "coordinates": [ [ -74.0264558, 40.7414902 ], [ -74.0264341, 40.7415354 ], [ -74.026171, 40.74213 ], [ -74.0260535, 40.7423533 ], [ -74.0259926, 40.7424712 ], [ -74.0259641, 40.7425257 ] ] } },
{ "type": "Feature", "properties": { "id": "11633947-56", "osm_way": 11633947, "name": "Castle Point Terrace", "class": "residential", "is_priority": false, "length_m": 150.7 }, "geometry": { "type": "LineString", "coordinates": [ [ -74.0261887, 40.7455918 ], [ -74.0261708, 40.7456537 ], [ -74.0261218, 40.74581950000001 ], [ -74.0257893, 40.7469147 ] ] } },
{ "type": "Feature", "properties": { "id": "11634067-57", "osm_way": 11634067, "name": "Park Avenue", "class": "residential", "is_priority": false, "length_m": 200.0 }, "geometry": { "type": "LineString", "coordinates": [ [ -74.0341351, 40.7360678 ], [ -74.0341022, 40.7361733 ], [ -74.0338528, 40.7370282 ], [ -74.0337714, 40.7373082 ], [ -74.033763, 40.7373373 ], [ -74.0337443, 40.7374016 ], [ -74.0337276, 40.7374575 ], [ -74.033617604893479, 40.737825840233498 ] ] } },
{ "type": "Feature", "properties": { "id": "11634067-58", "osm_way": 11634067, "name": "Park Avenue", "class": "residential", "is_priority": false, "length_m": 200.0 }, "geometry": { "type": "LineString", "coordinates": [ [ -74.033617604893479, 40.737825840233498 ], [ -74.0336126, 40.7378426 ], [ -74.0336055, 40.7378663 ], [ -74.033587200000014, 40.737926799999983 ], [ -74.0335641, 40.7380004 ], [ -74.0332056, 40.7391465 ], [ -74.0331866, 40.7392056 ], [ -74.033171300000021, 40.7392582 ], [ -74.033074941398496, 40.739579479075566 ] ] } },
{ "type": "Feature", "properties": { "id": "11634067-59", "osm_way": 11634067, "name": "Park Avenue", "class": "residential", "is_priority": false, "length_m": 200.0 }, "geometry": { "type": "LineString", "coordinates": [ [ -74.033074941398496, 40.739579479075566 ], [ -74.033016, 40.739776 ], [ -74.0328165, 40.7404162 ], [ -74.0327986, 40.7404735 ], [ -74.0327815, 40.7405309 ], [ -74.032540926243342, 40.741334658616942 ] ] } },
{ "type": "Feature", "properties": { "id": "11634067-60", "osm_way": 11634067, "name": "Park Avenue", "class": "residential", "is_priority": false, "length_m": 46.7 }, "geometry": { "type": "LineString", "coordinates": [ [ -74.032540926243342, 40.741334658616942 ], [ -74.0324419, 40.7416655 ], [ -74.0324349, 40.7416889 ], [ -74.032418, 40.7417451 ] ] } },
{ "type": "Feature", "properties": { "id": "11634112-61", "osm_way": 11634112, "name": "Adams Street", "class": "residential", "is_priority": false, "length_m": 170.8 }, "geometry": { "type": "LineString", "coordinates": [ [ -74.0377439, 40.7370893 ], [ -74.0377318, 40.737177699999982 ], [ -74.0375582, 40.7377467 ], [ -74.0373346, 40.7384931 ], [ -74.0373266, 40.7385182 ], [ -74.0373053, 40.7385905 ] ] } },
{ "type": "Feature", "properties": { "id": "11634197-62", "osm_way": 11634197, "name": "15th Street", "class": "tertiary", "is_priority": false, "length_m": 43.7 }, "geometry": { "type": "LineString", "coordinates": [ [ -74.0284272, 40.7549247 ], [ -74.0284979, 40.754934899999988 ], [ -74.0289316, 40.755013899999987 ] ] } },
{ "type": "Feature", "properties": { "id": "11634214-63", "osm_way": 11634214, "name": "11th Street", "class": "tertiary", "is_priority": false, "length_m": 200.0 }, "geometry": { "type": "LineString", "coordinates": [ [ -74.0298157, 40.7503068 ], [ -74.0297238, 40.7502928 ], [ -74.0290057, 40.7501782 ], [ -74.0289602, 40.7501709 ], [ -74.0288805, 40.750158799999987 ], [ -74.028786, 40.7501449 ], [ -74.0280548, 40.7500194 ], [ -74.0280075, 40.7500113 ], [ -74.027939, 40.7499875 ], [ -74.0278652, 40.7499635 ], [ -74.027509852584501, 40.749904154706812 ] ] } },
{ "type": "Feature", "properties": { "id": "11634214-64", "osm_way": 11634214, "name": "11th Street", "class": "tertiary", "is_priority": false, "length_m": 32.6 }, "geometry": { "type": "LineString", "coordinates": [ [ -74.027509852584501, 40.749904154706812 ], [ -74.0272784, 40.7498655 ], [ -74.0271321, 40.7498417 ] ] } },
{ "type": "Feature", "properties": { "id": "11634262-65", "osm_way": 11634262, "name": "Washington Street", "class": "secondary", "is_priority": false, "length_m": 75.5 }, "geometry": { "type": "LineString", "coordinates": [ [ -74.0313638, 40.7359108 ], [ -74.0311785, 40.7365224 ], [ -74.031163, 40.736573699999987 ] ] } },
{ "type": "Feature", "properties": { "id": "26443818-66", "osm_way": 26443818, "name": "12th Street", "class": "residential", "is_priority": false, "length_m": 81.9 }, "geometry": { "type": "LineString", "coordinates": [ [ -74.0350825, 40.7522996 ], [ -74.0351964, 40.7523189 ], [ -74.0360293, 40.7524597 ] ] } },
{ "type": "Feature", "properties": { "id": "26443819-67", "osm_way": 26443819, "name": "Hudson Street", "class": "tertiary", "is_priority": false, "length_m": 99.9 }, "geometry": { "type": "LineString", "coordinates": [ [ -74.0250105, 40.7530448 ], [ -74.0250377, 40.752956 ], [ -74.0252396, 40.7522239 ], [ -74.0252561, 40.7521647 ] ] } },
{ "type": "Feature", "properties": { "id": "26444696-68", "osm_way": 26444696, "name": "Park Avenue", "class": "secondary", "is_priority": false, "length_m": 35.8 }, "geometry": { "type": "LineString", "coordinates": [ [ -74.0278085, 40.756798 ], [ -74.027713466200211, 40.757112526025217 ] ] } },
{ "type": "Feature", "properties": { "id": "26444698-69", "osm_way": 26444698, "name": "Willow Avenue", "class": "secondary", "is_priority": false, "length_m": 200.0 }, "geometry": { "type": "LineString", "coordinates": [ [ -74.0315151, 40.7479304 ], [ -74.0315311, 40.7478784 ], [ -74.0316282, 40.7475622 ], [ -74.0318814, 40.7467174 ], [ -74.031896, 40.7466624 ], [ -74.0319145, 40.7466049 ], [ -74.032044951477303, 40.746174496599615 ] ] } },
{ "type": "Feature", "properties": { "id": "26444698-70", "osm_way": 26444698, "name": "Willow Avenue", "class": "secondary", "is_priority": false, "length_m": 200.0 }, "geometry": { "type": "LineString", "coordinates": [ [ -74.032044951477303, 40.746174496599615 ], [ -74.0322669, 40.7454422 ], [ -74.0322865, 40.745377499999989 ], [ -74.0323021, 40.745329 ], [ -74.0324052, 40.7450085 ], [ -74.0325208, 40.744636 ], [ -74.032586810796133, 40.744420709826393 ] ] } },
{ "type": "Feature", "properties": { "id": "26444698-71", "osm_way": 26444698, "name": "Willow Avenue", "class": "secondary", "is_priority": false, "length_m": 200.0 }, "geometry": { "type": "LineString", "coordinates": [ [ -74.032586810796133, 40.744420709826393 ], [ -74.0326627, 40.7441732 ], [ -74.0326789, 40.7441203 ], [ -74.0326956, 40.7440642 ], [ -74.0328431, 40.743580399999985 ], [ -74.0330517, 40.7429081 ], [ -74.0330696, 40.7428505 ], [ -74.033089, 40.7427907 ], [ -74.033126267133213, 40.742666482659452 ] ] } },
{ "type": "Feature", "properties": { "id": "26444698-72", "osm_way": 26444698, "name": "Willow Avenue", "class": "secondary", "is_priority": false, "length_m": 200.0 }, "geometry": { "type": "LineString", "coordinates": [ [ -74.033126267133213, 40.742666482659452 ], [ -74.0333345, 40.7419724 ], [ -74.0333506, 40.741911300000012 ], [ -74.0333723, 40.7418421 ], [ -74.0335491, 40.7412602 ], [ -74.0336237, 40.7410146 ], [ -74.033655335564603, 40.74091044634806 ] ] } },
{ "type": "Feature", "properties": { "id": "26444698-73", "osm_way": 26444698, "name": "Willow Avenue", "class": "secondary", "is_priority": false, "length_m": 200.0 }, "geometry": { "type": "LineString", "coordinates": [ [ -74.033655335564603, 40.74091044634806 ], [ -74.0337212, 40.7406936 ], [ -74.0337381, 40.7406379 ], [ -74.0337553, 40.7405811 ], [ -74.0340815, 40.7395065 ], [ -74.0341062, 40.739425300000015 ], [ -74.0341239, 40.7393623 ], [ -74.0341395, 40.7393114 ], [ -74.034187279713976, 40.739154894505724 ] ] } },
{ "type": "Feature", "properties": { "id": "26444698-74", "osm_way": 26444698, "name": "Willow Avenue", "class": "secondary", "is_priority": false, "length_m": 121.9 }, "geometry": { "type": "LineString", "coordinates": [ [ -74.034187279713976, 40.739154894505724 ], [ -74.0344889, 40.7381669 ], [ -74.0345149, 40.7380858 ] ] } },
{ "type": "Feature", "properties": { "id": "26444699-75", "osm_way": 26444699, "name": "11th Street", "class": "residential", "is_priority": false, "length_m": 164.2 }, "geometry": { "type": "LineString", "coordinates": [ [ -74.0307021, 40.750511499999988 ], [ -74.0308362, 40.750483 ], [ -74.0315385, 40.7506112 ], [ -74.0315753, 40.7506179 ], [ -74.0316663, 40.7506367 ], [ -74.0317551, 40.7506525 ], [ -74.0324704, 40.750778 ], [ -74.0325047, 40.750784 ], [ -74.0325933, 40.7507993 ] ] } },
{ "type": "Feature", "properties": { "id": "26444700-76", "osm_way": 26444700, "name": "Hudson Street", "class": "tertiary", "is_priority": false, "length_m": 107.1 }, "geometry": { "type": "LineString", "coordinates": [ [ -74.0261289, 40.7493046 ], [ -74.0264198, 40.7483997 ], [ -74.02643, 40.7483674 ] ] } },
{ "type": "Feature", "properties": { "id": "26444701-77", "osm_way": 26444701, "name": "4th Street", "class": "tertiary", "is_priority": false, "length_m": 87.8 }, "geometry": { "type": "LineString", "coordinates": [ [ -74.0276437, 40.740905699999985 ], [ -74.0277835, 40.7409305 ], [ -74.028163, 40.7409974 ], [ -74.0285472, 40.741058199999983 ], [ -74.028656, 40.7410844 ] ] } },
{ "type": "Feature", "properties": { "id": "26444709-78", "osm_way": 26444709, "name": "Newark Street", "class": "tertiary", "is_priority": false, "length_m": 46.3 }, "geometry": { "type": "LineString", "coordinates": [ [ -74.0289943, 40.7365562 ], [ -74.0290953, 40.7365725 ], [ -74.0295318, 40.7366396 ] ] } },
{ "type": "Feature", "properties": { "id": "26444714-79", "osm_way": 26444714, "name": "Hudson Place", "class": "tertiary", "is_priority": false, "length_m": 85.0 }, "geometry": { "type": "LineString", "coordinates": [ [ -74.0301706, 40.736038 ], [ -74.0300568, 40.7360195 ], [ -74.0293289, 40.7358966 ], [ -74.0292896, 40.735898 ], [ -74.0291848, 40.7359028 ] ] } },
{ "type": "Feature", "properties": { "id": "26446380-80", "osm_way": 26446380, "name": "Grand Street", "class": "residential", "is_priority": false, "length_m": 119.2 }, "geometry": { "type": "LineString", "coordinates": [ [ -74.0304914, 40.7576584 ], [ -74.0305518, 40.7574619 ], [ -74.0307347, 40.7568769 ], [ -74.0307839, 40.7567194 ], [ -74.0308169, 40.7566139 ] ] } },
{ "type": "Feature", "properties": { "id": "26446601-81", "osm_way": 26446601, "name": "Madison Street", "class": "tertiary", "is_priority": false, "length_m": 137.2 }, "geometry": { "type": "LineString", "coordinates": [ [ -74.0354541, 40.751096099999984 ], [ -74.0354384, 40.7511463 ], [ -74.0351145, 40.7521973 ], [ -74.0351061, 40.7522241 ], [ -74.0350825, 40.7522996 ] ] } },
{ "type": "Feature", "properties": { "id": "26446602-82", "osm_way": 26446602, "name": "Jefferson Street", "class": "tertiary", "is_priority": false, "length_m": 200.0 }, "geometry": { "type": "LineString", "coordinates": [ [ -74.033079, 40.755708 ], [ -74.0331006, 40.7556379 ], [ -74.033375, 40.7547461 ], [ -74.0333861, 40.7547101 ], [ -74.0333908, 40.754695499999983 ], [ -74.0334465, 40.754521599999983 ], [ -74.0334879, 40.7543764 ], [ -74.033606695457394, 40.753951776448687 ] ] } },
{ "type": "Feature", "properties": { "id": "26446602-83", "osm_way": 26446602, "name": "Jefferson Street", "class": "tertiary", "is_priority": false, "length_m": 69.3 }, "geometry": { "type": "LineString", "coordinates": [ [ -74.033606695457394, 40.753951776448687 ], [ -74.0336928, 40.753644 ], [ -74.0337633, 40.7533924 ], [ -74.0337779, 40.7533409 ] ] } },
{ "type": "Feature", "properties": { "id": "26738579-84", "osm_way": 26738579, "name": "Jackson Street", "class": "residential", "is_priority": false, "length_m": 135.8 }, "geometry": { "type": "LineString", "coordinates": [ [ -74.03842, 40.7478129 ], [ -74.0384035, 40.7478665 ], [ -74.038078, 40.748923 ], [ -74.0380673, 40.7489572 ], [ -74.038056, 40.748972 ], [ -74.0380421, 40.7489828 ], [ -74.0380237, 40.7489893 ] ] } },
{ "type": "Feature", "properties": { "id": "26738582-85", "osm_way": 26738582, "name": "15th Street", "class": "residential", "is_priority": false, "length_m": 138.0 }, "geometry": { "type": "LineString", "coordinates": [ [ -74.027459, 40.7547359 ], [ -74.027394, 40.7547233 ], [ -74.0273134, 40.754707800000013 ], [ -74.0272629, 40.7546981 ], [ -74.0269017, 40.7546287 ], [ -74.0266292, 40.7545764 ], [ -74.0265299, 40.7545573 ], [ -74.0264631, 40.7545445 ], [ -74.0261238, 40.7544793 ], [ -74.0258736, 40.7544313 ] ] } },
{ "type": "Feature", "properties": { "id": "26738583-86", "osm_way": 26738583, "name": "Hudson Street", "class": "residential", "is_priority": false, "length_m": 132.2 }, "geometry": { "type": "LineString", "coordinates": [ [ -74.0250105, 40.7530448 ], [ -74.0249836, 40.7531337 ], [ -74.0246663, 40.754144600000011 ], [ -74.0246509, 40.75420410000001 ] ] } },
{ "type": "Feature", "properties": { "id": "26740284-87", "osm_way": 26740284, "name": "11th Street", "class": "unclassified", "is_priority": false, "length_m": 154.5 }, "geometry": { "type": "LineString", "coordinates": [ [ -74.0239667, 40.7493911 ], [ -74.0240508, 40.7494058 ], [ -74.0249322, 40.749561 ], [ -74.024966, 40.7495669 ], [ -74.0250464, 40.7495802 ], [ -74.0251198, 40.7495944 ], [ -74.025749, 40.7497071 ] ] } },
{ "type": "Feature", "properties": { "id": "26741404-88", "osm_way": 26741404, "name": "", "class": "residential", "is_priority": false, "length_m": 17.3 }, "geometry": { "type": "LineString", "coordinates": [ [ -74.0424534, 40.7410559 ], [ -74.042399068592587, 40.741206465456301 ] ] } },
{ "type": "Feature", "properties": { "id": "26741404-89", "osm_way": 26741404, "name": "", "class": "residential", "is_priority": false, "length_m": 33.6 }, "geometry": { "type": "LineString", "coordinates": [ [ -74.04231116039864, 40.741470122308357 ], [ -74.0422653, 40.741621 ], [ -74.0422651, 40.7416546 ], [ -74.0422725, 40.741687 ], [ -74.0422918, 40.7417173 ], [ -74.042315500000015, 40.7417369 ], [ -74.042338009140622, 40.74174914181561 ] ] } },
{ "type": "Feature", "properties": { "id": "26741407-90", "osm_way": 26741407, "name": "Marshall Drive", "class": "residential", "is_priority": false, "length_m": 172.2 }, "geometry": { "type": "LineString", "coordinates": [ [ -74.0405256, 40.7455037 ], [ -74.0405877, 40.7455007 ], [ -74.0406603, 40.7454582 ], [ -74.0406753, 40.7454409 ], [ -74.0408319, 40.7452604 ], [ -74.041009, 40.7450772 ], [ -74.0411044, 40.7449528 ], [ -74.0411576, 40.7448794 ], [ -74.041291, 40.7446864 ], [ -74.0413025, 40.7446528 ], [ -74.0413252, 40.7444245 ], [ -74.0413364, 40.7443558 ], [ -74.0410915, 40.744312 ] ] } },
{ "type": "Feature", "properties": { "id": "26741484-91", "osm_way": 26741484, "name": "Marin Boulevard", "class": "secondary", "is_priority": false, "length_m": 34.0 }, "geometry": { "type": "LineString", "coordinates": [ [ -74.0386515, 40.7365639 ], [ -74.0386828, 40.7364615 ], [ -74.038714174815979, 40.736262183325998 ] ] } },
{ "type": "Feature", "properties": { "id": "26741485-92", "osm_way": 26741485, "name": "Observer Highway", "class": "secondary", "is_priority": false, "length_m": 109.8 }, "geometry": { "type": "LineString", "coordinates": [ [ -74.0341351, 40.7360678 ], [ -74.0340364, 40.7360505 ], [ -74.0333215, 40.7359248 ], [ -74.0332164, 40.7359063 ], [ -74.0330972, 40.7358854 ], [ -74.032868, 40.7358451 ] ] } },
{ "type": "Feature", "properties": { "id": "26743473-93", "osm_way": 26743473, "name": "8th Street", "class": "residential", "is_priority": false, "length_m": 43.0 }, "geometry": { "type": "LineString", "coordinates": [ [ -74.0389174, 40.7478905 ], [ -74.0388917, 40.7478937 ], [ -74.0388667, 40.7478921 ], [ -74.038536, 40.747833499999984 ], [ -74.03842, 40.7478129 ] ] } },
{ "type": "Feature", "properties": { "id": "26743474-94", "osm_way": 26743474, "name": "Harrison Street", "class": "residential", "is_priority": false, "length_m": 92.7 }, "geometry": { "type": "LineString", "coordinates": [ [ -74.0401291, 40.7454334 ], [ -74.0401063, 40.7455098 ], [ -74.0399057, 40.746180699999982 ], [ -74.0398857, 40.7462476 ] ] } },
{ "type": "Feature", "properties": { "id": "26744890-95", "osm_way": 26744890, "name": "Jefferson Street", "class": "tertiary", "is_priority": false, "length_m": 200.0 }, "geometry": { "type": "LineString", "coordinates": [ [ -74.0360067, 40.7460379 ], [ -74.0360251, 40.745979 ], [ -74.0363849, 40.7448356 ], [ -74.0364045, 40.7447717 ], [ -74.0364232, 40.7447097 ], [ -74.036551484682079, 40.744284627895482 ] ] } },
{ "type": "Feature", "properties": { "id": "26744890-96", "osm_way": 26744890, "name": "Jefferson Street", "class": "tertiary", "is_priority": false, "length_m": 200.0 }, "geometry": { "type": "LineString", "coordinates": [ [ -74.036551484682079, 40.744284627895482 ], [ -74.0367702, 40.7435599 ], [ -74.0367864, 40.7435063 ], [ -74.0368037, 40.743443700000014 ], [ -74.0368721, 40.7432143 ], [ -74.0370489, 40.7426229 ], [ -74.0370639, 40.7425635 ], [ -74.037074992532524, 40.742527642754993 ] ] } },
{ "type": "Feature", "properties": { "id": "26744890-97", "osm_way": 26744890, "name": "Jefferson Street", "class": "tertiary", "is_priority": false, "length_m": 200.0 }, "geometry": { "type": "LineString", "coordinates": [ [ -74.037074992532524, 40.742527642754993 ], [ -74.0370811, 40.7425079 ], [ -74.0371517, 40.7422855 ], [ -74.0374413, 40.7413735 ], [ -74.0374488, 40.7413498 ], [ -74.037467, 40.7412925 ], [ -74.0374835, 40.7412385 ], [ -74.0375035, 40.7411666 ], [ -74.0375964, 40.7408691 ], [ -74.037625044435458, 40.740775342903007 ] ] } },
{ "type": "Feature", "properties": { "id": "26744890-98", "osm_way": 26744890, "name": "Jefferson Street", "class": "tertiary", "is_priority": false, "length_m": 200.0 }, "geometry": { "type": "LineString", "coordinates": [ [ -74.037625044435458, 40.740775342903007 ], [ -74.0376623, 40.7406534 ], [ -74.0378297, 40.7401055 ], [ -74.0378369, 40.7400819 ], [ -74.0378547, 40.7400235 ], [ -74.0378712, 40.7399671 ], [ -74.038149606798072, 40.739018513483266 ] ] } },
{ "type": "Feature", "properties": { "id": "26744890-99", "osm_way": 26744890, "name": "Jefferson Street", "class": "tertiary", "is_priority": false, "length_m": 200.0 }, "geometry": { "type": "LineString", "coordinates": [ [ -74.038149606798072, 40.739018513483266 ], [ -74.0382015, 40.7388417 ], [ -74.0382095, 40.7388143 ], [ -74.0382306, 40.7387423 ], [ -74.0382483, 40.7386847 ], [ -74.038684619619772, 40.737263505116275 ] ] } },
{ "type": "Feature", "properties": { "id": "26744890-100", "osm_way": 26744890, "name": "Jefferson Street", "class": "tertiary", "is_priority": false, "length_m": 37.2 }, "geometry": { "type": "LineString", "coordinates": [ [ -74.038684619619772, 40.737263505116275 ], [ -74.0387521, 40.7370437 ], [ -74.0387598, 40.7370187 ], [ -74.0387871, 40.7369377 ] ] } },
{ "type": "Feature", "properties": { "id": "26745009-101", "osm_way": 26745009, "name": "Willow Avenue", "class": "secondary", "is_priority": false, "length_m": 35.3 }, "geometry": { "type": "LineString", "coordinates": [ [ -74.0284966, 40.7576058 ], [ -74.028404217216192, 40.75791620278887 ] ] } },
{ "type": "Feature", "properties": { "id": "26745012-102", "osm_way": 26745012, "name": "Park Avenue", "class": "secondary", "is_priority": false, "length_m": 77.2 }, "geometry": { "type": "LineString", "coordinates": [ [ -74.0278085, 40.756798 ], [ -74.0279292, 40.756418599999989 ], [ -74.0280226, 40.7561797 ], [ -74.0280474, 40.756127 ] ] } },
{ "type": "Feature", "properties": { "id": "26770111-103", "osm_way": 26770111, "name": "14th Street", "class": "secondary", "is_priority": false, "length_m": 92.9 }, "geometry": { "type": "LineString", "coordinates": [ [ -74.0296288, 40.753911 ], [ -74.0297803, 40.7539481 ], [ -74.0306963, 40.7541144 ] ] } },
{ "type": "Feature", "properties": { "id": "26783326-104", "osm_way": 26783326, "name": "Sinatra Drive North", "class": "residential", "is_priority": false, "length_m": 171.5 }, "geometry": { "type": "LineString", "coordinates": [ [ -74.0241533, 40.7538158 ], [ -74.024069, 40.7537991 ], [ -74.0234097, 40.7536794 ], [ -74.0233417, 40.7536555 ], [ -74.0233098, 40.7536373 ], [ -74.0232867, 40.7536151 ], [ -74.02327, 40.753587399999986 ], [ -74.0232621, 40.753557 ], [ -74.0232716, 40.7534962 ], [ -74.0233062, 40.7533881 ], [ -74.0234594, 40.7529101 ], [ -74.0234977, 40.7527919 ] ] } },
{ "type": "Feature", "properties": { "id": "26783335-105", "osm_way": 26783335, "name": "Bernard McFeeley Shipyard Lane", "class": "residential", "is_priority": false, "length_m": 33.9 }, "geometry": { "type": "LineString", "coordinates": [ [ -74.0241533, 40.7538158 ], [ -74.0240804, 40.7540353 ], [ -74.0240751, 40.754054600000011 ], [ -74.0240801, 40.7540738 ], [ -74.0240881, 40.7540923 ], [ -74.0241065, 40.7541063 ] ] } },
{ "type": "Feature", "properties": { "id": "27030038-106", "osm_way": 27030038, "name": "14th Street", "class": "tertiary", "is_priority": false, "length_m": 92.9 }, "geometry": { "type": "LineString", "coordinates": [ [ -74.0250105, 40.7530448 ], [ -74.0251152, 40.7530656 ], [ -74.0255948, 40.753148 ], [ -74.0259354, 40.7532122 ], [ -74.0260827, 40.7532342 ] ] } },
{ "type": "Feature", "properties": { "id": "27038574-107", "osm_way": 27038574, "name": "7th Street", "class": "residential", "is_priority": false, "length_m": 200.0 }, "geometry": { "type": "LineString", "coordinates": [ [ -74.0332177, 40.7455457 ], [ -74.0331276, 40.7455295 ], [ -74.0323712, 40.7453928 ], [ -74.0322865, 40.745377499999989 ], [ -74.0322039, 40.7453633 ], [ -74.0314777, 40.745238299999983 ], [ -74.0314402, 40.7452318 ], [ -74.031352, 40.7452166 ], [ -74.0312785, 40.7452038 ], [ -74.03090983470743, 40.745139834080959 ] ] } },
{ "type": "Feature", "properties": { "id": "27038574-108", "osm_way": 27038574, "name": "7th Street", "class": "residential", "is_priority": false, "length_m": 192.6 }, "geometry": { "type": "LineString", "coordinates": [ [ -74.03090983470743, 40.745139834080959 ], [ -74.0305477, 40.745077 ], [ -74.0305035, 40.7450693 ], [ -74.0304233, 40.745055399999984 ], [ -74.0303439, 40.7450412 ], [ -74.0296158, 40.7449107 ], [ -74.029571, 40.7449027 ], [ -74.0294896, 40.7448905 ], [ -74.0294119, 40.7448778 ], [ -74.0287919, 40.7447751 ], [ -74.0286848, 40.7447598 ] ] } },
{ "type": "Feature", "properties": { "id": "27038575-109", "osm_way": 27038575, "name": "Harrison Street", "class": "residential", "is_priority": false, "length_m": 56.3 }, "geometry": { "type": "LineString", "coordinates": [ [ -74.0398857, 40.7462476 ], [ -74.0396747, 40.7466684 ], [ -74.0396461, 40.7467204 ] ] } },
{ "type": "Feature", "properties": { "id": "27038576-110", "osm_way": 27038576, "name": "Harrison Street", "class": "residential", "is_priority": false, "length_m": 145.3 }, "geometry": { "type": "LineString", "coordinates": [ [ -74.0396461, 40.7467204 ], [ -74.0396488, 40.7467366 ], [ -74.0396447, 40.746758 ], [ -74.0396297, 40.7467834 ], [ -74.0393358, 40.7472476 ], [ -74.0390598, 40.7477228 ], [ -74.0389915, 40.7478498 ], [ -74.0389838, 40.747859599999984 ], [ -74.0389705, 40.7478694 ], [ -74.0389436, 40.7478818 ], [ -74.0389174, 40.7478905 ] ] } },
{ "type": "Feature", "properties": { "id": "27074988-111", "osm_way": 27074988, "name": "Maxwell Lane", "class": "residential", "is_priority": false, "length_m": 142.5 }, "geometry": { "type": "LineString", "coordinates": [ [ -74.0250464, 40.7495802 ], [ -74.0250223, 40.7496583 ], [ -74.0250162, 40.7496761 ], [ -74.0249854, 40.7497661 ], [ -74.0249568, 40.7499194 ], [ -74.0249718, 40.749993 ], [ -74.0251815, 40.7503618 ], [ -74.0251926, 40.7504591 ], [ -74.025115, 40.7507103 ], [ -74.0251052, 40.7507419 ], [ -74.0250833, 40.7508129 ] ] } },
{ "type": "Feature", "properties": { "id": "27074993-112", "osm_way": 27074993, "name": "12th Street", "class": "residential", "is_priority": false, "length_m": 149.7 }, "geometry": { "type": "LineString", "coordinates": [ [ -74.0256399, 40.7509127 ], [ -74.0255433, 40.7508964 ], [ -74.0250833, 40.7508129 ], [ -74.0249996, 40.7507974 ], [ -74.0249693, 40.7507918 ], [ -74.0240641, 40.7506249 ], [ -74.0240244, 40.7506176 ], [ -74.0239155, 40.750597500000012 ] ] } },
{ "type": "Feature", "properties": { "id": "27076137-113", "osm_way": 27076137, "name": "5th Street", "class": "residential", "is_priority": false, "length_m": 79.0 }, "geometry": { "type": "LineString", "coordinates": [ [ -74.03398, 40.7430145 ], [ -74.0338969, 40.7430001 ], [ -74.033185, 40.7428713 ], [ -74.0331486, 40.7428647 ], [ -74.0330696, 40.7428505 ] ] } },
{ "type": "Feature", "properties": { "id": "27479720-114", "osm_way": 27479720, "name": "Clinton Street", "class": "residential", "is_priority": false, "length_m": 118.7 }, "geometry": { "type": "LineString", "coordinates": [ [ -74.029882500000014, 40.7564538 ], [ -74.0298637, 40.7565349 ], [ -74.0298359, 40.7566389 ], [ -74.0297305, 40.7569877 ], [ -74.0295768, 40.757497299999983 ] ] } },
{ "type": "Feature", "properties": { "id": "27479721-115", "osm_way": 27479721, "name": "Grand Street", "class": "residential", "is_priority": false, "length_m": 139.1 }, "geometry": { "type": "LineString", "coordinates": [ [ -74.0308169, 40.7566139 ], [ -74.0308387, 40.7565484 ], [ -74.0310497, 40.7558387 ], [ -74.0311528, 40.755502 ], [ -74.0311577, 40.7554859 ], [ -74.031186, 40.755393 ] ] } },
{ "type": "Feature", "properties": { "id": "27479722-116", "osm_way": 27479722, "name": "16th Street", "class": "residential", "is_priority": false, "length_m": 200.0 }, "geometry": { "type": "LineString", "coordinates": [ [ -74.032709, 40.756938 ], [ -74.0322416, 40.756859699999985 ], [ -74.031979, 40.7568158 ], [ -74.031761, 40.7567793 ], [ -74.0316374, 40.7567576 ], [ -74.0315441, 40.7567413 ], [ -74.0308169, 40.7566139 ], [ -74.0306783, 40.7565901 ], [ -74.030397749639221, 40.756542079441218 ] ] } },
{ "type": "Feature", "properties": { "id": "27479722-117", "osm_way": 27479722, "name": "16th Street", "class": "residential", "is_priority": false, "length_m": 44.6 }, "geometry": { "type": "LineString", "coordinates": [ [ -74.030397749639221, 40.756542079441218 ], [ -74.0303412, 40.7565324 ], [ -74.0302414, 40.7565153 ], [ -74.0300589, 40.756484 ], [ -74.029882500000014, 40.7564538 ] ] } },
{ "type": "Feature", "properties": { "id": "27523411-118", "osm_way": 27523411, "name": "Newark Street", "class": "secondary", "is_priority": false, "length_m": 44.7 }, "geometry": { "type": "LineString", "coordinates": [ [ -74.042833007756855, 40.736303276753354 ], [ -74.0426788, 40.7363183 ], [ -74.0425808, 40.7363278 ], [ -74.0424723, 40.7363384 ], [ -74.0424137, 40.7363469 ], [ -74.042309900000021, 40.73636170000001 ] ] } },
{ "type": "Feature", "properties": { "id": "27523592-119", "osm_way": 27523592, "name": "Willow Avenue", "class": "secondary", "is_priority": false, "length_m": 66.9 }, "geometry": { "type": "LineString", "coordinates": [ [ -74.0294422, 40.754496199999984 ], [ -74.0294824, 40.754354 ], [ -74.0295441, 40.7541694 ], [ -74.0295707, 40.7540744 ], [ -74.029585, 40.7540361 ], [ -74.0296288, 40.753911 ] ] } },
{ "type": "Feature", "properties": { "id": "27523621-120", "osm_way": 27523621, "name": "Garden Street", "class": "residential", "is_priority": false, "length_m": 200.0 }, "geometry": { "type": "LineString", "coordinates": [ [ -74.0278375, 40.7535492 ], [ -74.0278666, 40.753452 ], [ -74.0280757, 40.7527554 ], [ -74.028083400000014, 40.7527299 ], [ -74.0281014, 40.7526723 ], [ -74.028115, 40.7526266 ], [ -74.028377625150299, 40.751795101976562 ] ] } },
{ "type": "Feature", "properties": { "id": "27523621-121", "osm_way": 27523621, "name": "Garden Street", "class": "residential", "is_priority": false, "length_m": 200.0 }, "geometry": { "type": "LineString", "coordinates": [ [ -74.028377625150299, 40.751795101976562 ], [ -74.0284798, 40.7514716 ], [ -74.0285016, 40.7514116 ], [ -74.0285173, 40.7513607 ], [ -74.0288208, 40.7503414 ], [ -74.0288283, 40.7503162 ], [ -74.0288493, 40.750255 ], [ -74.0288805, 40.750158799999987 ], [ -74.0289002, 40.7500954 ], [ -74.028916643398944, 40.750040892704106 ] ] } },
{ "type": "Feature", "properties": { "id": "27523621-122", "osm_way": 27523621, "name": "Garden Street", "class": "residential", "is_priority": false, "length_m": 200.0 }, "geometry": { "type": "LineString", "coordinates": [ [ -74.028916643398944, 40.750040892704106 ], [ -74.0292438, 40.7489564 ], [ -74.029251, 40.7489326 ], [ -74.0292688, 40.7488694 ], [ -74.0292831, 40.7488198 ], [ -74.029441775278826, 40.748284147696317 ] ] } },
{ "type": "Feature", "properties": { "id": "27523621-123", "osm_way": 27523621, "name": "Garden Street", "class": "residential", "is_priority": false, "length_m": 35.9 }, "geometry": { "type": "LineString", "coordinates": [ [ -74.029441775278826, 40.748284147696317 ], [ -74.0295351, 40.7479691 ] ] } },
{ "type": "Feature", "properties": { "id": "27523629-124", "osm_way": 27523629, "name": "15th Street", "class": "tertiary", "is_priority": false, "length_m": 200.0 }, "geometry": { "type": "LineString", "coordinates": [ [ -74.0321293, 40.755556 ], [ -74.0312935, 40.7554117 ], [ -74.031186, 40.755393 ], [ -74.0310313, 40.7553667 ], [ -74.030372, 40.755254599999986 ], [ -74.0302647, 40.7552364 ], [ -74.0301617, 40.7552197 ], [ -74.029817015245399, 40.755163766997335 ] ] } },
{ "type": "Feature", "properties": { "id": "27523629-125", "osm_way": 27523629, "name": "15th Street", "class": "tertiary", "is_priority": false, "length_m": 47.0 }, "geometry": { "type": "LineString", "coordinates": [ [ -74.029817015245399, 40.755163766997335 ], [ -74.0294179, 40.755099 ], [ -74.029272, 40.7550762 ] ] } },
{ "type": "Feature", "properties": { "id": "27523630-126", "osm_way": 27523630, "name": "16th Street", "class": "unclassified", "is_priority": false, "length_m": 74.0 }, "geometry": { "type": "LineString", "coordinates": [ [ -74.028901, 40.756275699999989 ], [ -74.0287427, 40.7562454 ], [ -74.0281555, 40.7561377 ], [ -74.0280474, 40.756127 ] ] } },
{ "type": "Feature", "properties": { "id": "27552450-127", "osm_way": 27552450, "name": "Adams Street", "class": "residential", "is_priority": false, "length_m": 114.5 }, "geometry": { "type": "LineString", "coordinates": [ [ -74.0335288, 40.750970799999983 ], [ -74.0332694, 40.7518881 ], [ -74.0332413, 40.7519784 ] ] } },
{ "type": "Feature", "properties": { "id": "46690195-128", "osm_way": 46690195, "name": "Observer Highway", "class": "tertiary", "is_priority": false, "length_m": 63.4 }, "geometry": { "type": "LineString", "coordinates": [ [ -74.0408631, 40.7372833 ], [ -74.0414982, 40.7374022 ], [ -74.041588, 40.737429 ] ] } },
{ "type": "Feature", "properties": { "id": "46690196-129", "osm_way": 46690196, "name": "Madison Street", "class": "tertiary", "is_priority": false, "length_m": 200.0 }, "geometry": { "type": "LineString", "coordinates": [ [ -74.0397286, 40.7370856 ], [ -74.0397004, 40.7371705 ], [ -74.039635, 40.7373839 ], [ -74.03919430000002, 40.738822 ], [ -74.039188874572503, 40.738839771047267 ] ] } },
{ "type": "Feature", "properties": { "id": "46690196-130", "osm_way": 46690196, "name": "Madison Street", "class": "tertiary", "is_priority": false, "length_m": 153.0 }, "geometry": { "type": "LineString", "coordinates": [ [ -74.039188874572503, 40.738839771047267 ], [ -74.0391845, 40.7388541 ], [ -74.0391673, 40.7389109 ], [ -74.0391447, 40.7389862 ], [ -74.0388952, 40.7398163 ], [ -74.0388099, 40.7401 ], [ -74.0387997, 40.740134 ], [ -74.0387854, 40.7401835 ] ] } },
{ "type": "Feature", "properties": { "id": "47345095-131", "osm_way": 47345095, "name": "5th Street", "class": "unclassified", "is_priority": false, "length_m": 200.0 }, "geometry": { "type": "LineString", "coordinates": [ [ -74.0330696, 40.7428505 ], [ -74.0329773, 40.742834 ], [ -74.0322089, 40.7427034 ], [ -74.032132, 40.7426893 ], [ -74.032049, 40.7426746 ], [ -74.0312811, 40.742537 ], [ -74.0311896, 40.7425205 ], [ -74.0311121, 40.742506 ], [ -74.03076317907977, 40.742440372079407 ] ] } },
{ "type": "Feature", "properties": { "id": "47345095-132", "osm_way": 47345095, "name": "5th Street", "class": "unclassified", "is_priority": false, "length_m": 200.0 }, "geometry": { "type": "LineString", "coordinates": [ [ -74.03076317907977, 40.742440372079407 ], [ -74.0303497, 40.7423626 ], [ -74.0302637, 40.7423464 ], [ -74.0301906, 40.742333 ], [ -74.0295766, 40.7422209 ], [ -74.0294565, 40.742199 ], [ -74.0293366, 40.7421772 ], [ -74.0289025, 40.742102 ], [ -74.0284708, 40.7420287 ], [ -74.028457927813207, 40.742026532745655 ] ] } },
{ "type": "Feature", "properties": { "id": "47345095-133", "osm_way": 47345095, "name": "5th Street", "class": "unclassified", "is_priority": false, "length_m": 8.3 }, "geometry": { "type": "LineString", "coordinates": [ [ -74.028457927813207, 40.742026532745655 ], [ -74.0284316, 40.7420221 ], [ -74.0283621, 40.7420104 ] ] } },
{ "type": "Feature", "properties": { "id": "47345096-134", "osm_way": 47345096, "name": "5th Street", "class": "residential", "is_priority": false, "length_m": 200.0 }, "geometry": { "type": "LineString", "coordinates": [ [ -74.0283621, 40.7420104 ], [ -74.0282806, 40.7419965 ], [ -74.0274749, 40.741866199999983 ], [ -74.0273785, 40.7418519 ], [ -74.0273126, 40.7418412 ], [ -74.0268259, 40.7417609 ], [ -74.0266537, 40.7417316 ], [ -74.0266006, 40.7417249 ], [ -74.0265671, 40.7417302 ], [ -74.026536, 40.7417545 ], [ -74.026414773645342, 40.742114599424994 ] ] } },
{ "type": "Feature", "properties": { "id": "47345096-135", "osm_way": 47345096, "name": "5th Street", "class": "residential", "is_priority": false, "length_m": 46.8 }, "geometry": { "type": "LineString", "coordinates": [ [ -74.026414773645342, 40.742114599424994 ], [ -74.0264107, 40.7421267 ], [ -74.0262292, 40.7423576 ], [ -74.0262062, 40.7423678 ], [ -74.0261855, 40.7423728 ], [ -74.0261423, 40.7423735 ], [ -74.0260535, 40.7423533 ] ] } },
{ "type": "Feature", "properties": { "id": "47345097-136", "osm_way": 47345097, "name": "4th Street", "class": "tertiary", "is_priority": false, "length_m": 80.9 }, "geometry": { "type": "LineString", "coordinates": [ [ -74.0333506, 40.741911300000012 ], [ -74.033437, 40.7419257 ], [ -74.0335567, 40.7419469 ], [ -74.0339434, 40.7420155 ], [ -74.0341593, 40.7420503 ], [ -74.034189, 40.7420551 ], [ -74.0342799, 40.7420842 ] ] } },
{ "type": "Feature", "properties": { "id": "47345098-137", "osm_way": 47345098, "name": "4th Street", "class": "tertiary", "is_priority": false, "length_m": 164.0 }, "geometry": { "type": "LineString", "coordinates": [ [ -74.028656, 40.7410844 ], [ -74.0287429, 40.7410994 ], [ -74.0291833, 40.741175299999988 ], [ -74.0296096, 40.7412536 ], [ -74.029739, 40.7412773 ], [ -74.0298529, 40.7412967 ], [ -74.030446, 40.7413977 ], [ -74.0304714, 40.741402 ], [ -74.0305487, 40.7414154 ] ] } },
{ "type": "Feature", "properties": { "id": "59582313-138", "osm_way": 59582313, "name": "11th Street", "class": "residential", "is_priority": false, "length_m": 93.9 }, "geometry": { "type": "LineString", "coordinates": [ [ -74.0250752, 40.749484099999989 ], [ -74.0249942, 40.749469499999989 ], [ -74.0241037, 40.7493152 ], [ -74.0240782, 40.7493108 ], [ -74.0239912, 40.7492958 ] ] } },
{ "type": "Feature", "properties": { "id": "60356195-139", "osm_way": 60356195, "name": "1st Street", "class": "tertiary", "is_priority": false, "length_m": 84.0 }, "geometry": { "type": "LineString", "coordinates": [ [ -74.0297969, 40.7372689 ], [ -74.029685, 40.73724880000001 ], [ -74.0289402, 40.7371215 ], [ -74.0288271, 40.7371021 ] ] } },
{ "type": "Feature", "properties": { "id": "60419743-140", "osm_way": 60419743, "name": "1st Street", "class": "unclassified", "is_priority": false, "length_m": 88.1 }, "geometry": { "type": "LineString", "coordinates": [ [ -74.0288271, 40.7371021 ], [ -74.0287174, 40.7370825 ], [ -74.0278955, 40.7369386 ], [ -74.0278106, 40.7369237 ] ] } },
{ "type": "Feature", "properties": { "id": "60419748-141", "osm_way": 60419748, "name": "16th Street", "class": "unclassified", "is_priority": false, "length_m": 85.2 }, "geometry": { "type": "LineString", "coordinates": [ [ -74.029882500000014, 40.7564538 ], [ -74.0297634, 40.7564319 ], [ -74.02908, 40.7563065 ], [ -74.028901, 40.756275699999989 ] ] } },
{ "type": "Feature", "properties": { "id": "60419760-142", "osm_way": 60419760, "name": "Jackson Street", "class": "residential", "is_priority": false, "length_m": 200.0 }, "geometry": { "type": "LineString", "coordinates": [ [ -74.039865, 40.7430582 ], [ -74.0398468, 40.7431199 ], [ -74.0396153, 40.7439033 ], [ -74.0396071, 40.7439309 ], [ -74.039588, 40.7439958 ], [ -74.0395641, 40.7440734 ], [ -74.039336028668643, 40.744814267864442 ] ] } },
{ "type": "Feature", "properties": { "id": "60419760-143", "osm_way": 60419760, "name": "Jackson Street", "class": "residential", "is_priority": false, "length_m": 51.9 }, "geometry": { "type": "LineString", "coordinates": [ [ -74.039336028668643, 40.744814267864442 ], [ -74.0392235, 40.7451798 ], [ -74.0392152, 40.7452069 ], [ -74.0391957, 40.7452694 ] ] } },
{ "type": "Feature", "properties": { "id": "60419762-144", "osm_way": 60419762, "name": "4th Street", "class": "residential", "is_priority": false, "length_m": 81.4 }, "geometry": { "type": "LineString", "coordinates": [ [ -74.039865, 40.7430582 ], [ -74.0399595, 40.7430738 ], [ -74.0407016, 40.7432106 ], [ -74.0408022, 40.7432291 ] ] } },
{ "type": "Feature", "properties": { "id": "60419777-145", "osm_way": 60419777, "name": "Monroe Street", "class": "tertiary", "is_priority": false, "length_m": 200.0 }, "geometry": { "type": "LineString", "coordinates": [ [ -74.0389372, 40.7428997 ], [ -74.0389595, 40.7428271 ], [ -74.0393123, 40.7416808 ], [ -74.0393323, 40.7416155 ], [ -74.0393483, 40.7415636 ], [ -74.039478378598901, 40.741145770015784 ] ] } },
{ "type": "Feature", "properties": { "id": "60419777-146", "osm_way": 60419777, "name": "Monroe Street", "class": "tertiary", "is_priority": false, "length_m": 200.0 }, "geometry": { "type": "LineString", "coordinates": [ [ -74.039478378598901, 40.741145770015784 ], [ -74.0395656, 40.7408656 ], [ -74.0396331, 40.7406462 ], [ -74.0397045, 40.7404129 ], [ -74.0397188, 40.7403665 ], [ -74.0397236, 40.7403494 ], [ -74.0397413, 40.7402906 ], [ -74.0399169, 40.7397054 ], [ -74.040011431612328, 40.739390413527303 ] ] } },
{ "type": "Feature", "properties": { "id": "60419777-147", "osm_way": 60419777, "name": "Monroe Street", "class": "tertiary", "is_priority": false, "length_m": 200.0 }, "geometry": { "type": "LineString", "coordinates": [ [ -74.040011431612328, 40.739390413527303 ], [ -74.0400774, 40.7391706 ], [ -74.0400851, 40.7391448 ], [ -74.0401056, 40.7390765 ], [ -74.040125, 40.739013300000011 ], [ -74.040548735629486, 40.737635801094719 ] ] } },
{ "type": "Feature", "properties": { "id": "60419777-148", "osm_way": 60419777, "name": "Monroe Street", "class": "tertiary", "is_priority": false, "length_m": 43.7 }, "geometry": { "type": "LineString", "coordinates": [ [ -74.040548735629486, 40.737635801094719 ], [ -74.0405671, 40.7375761 ], [ -74.0406439, 40.7373204 ], [ -74.0406626, 40.7372519 ] ] } },
{ "type": "Feature", "properties": { "id": "60419778-149", "osm_way": 60419778, "name": "12th Street", "class": "tertiary", "is_priority": false, "length_m": 71.0 }, "geometry": { "type": "LineString", "coordinates": [ [ -74.034060600000018, 40.7521225 ], [ -74.0333138, 40.7519914 ], [ -74.0332413, 40.7519784 ] ] } },
{ "type": "Feature", "properties": { "id": "60419782-150", "osm_way": 60419782, "name": "Bloomfield Street", "class": "residential", "is_priority": false, "length_m": 134.3 }, "geometry": { "type": "LineString", "coordinates": [ [ -74.0268982, 40.753380599999986 ], [ -74.0268712, 40.7534689 ], [ -74.0267789, 40.7537617 ], [ -74.0267344, 40.7539039 ], [ -74.026545, 40.7545091 ], [ -74.0265299, 40.7545573 ] ] } },
{ "type": "Feature", "properties": { "id": "60419793-151", "osm_way": 60419793, "name": "Adams Street", "class": "tertiary", "is_priority": false, "length_m": 154.1 }, "geometry": { "type": "LineString", "coordinates": [ [ -74.0328655, 40.7531736 ], [ -74.0328454, 40.7532338 ], [ -74.0325463, 40.7542233 ], [ -74.0325062, 40.7543552 ], [ -74.0324554, 40.7545265 ] ] } },
{ "type": "Feature", "properties": { "id": "60419794-152", "osm_way": 60419794, "name": "Washington Street", "class": "residential", "is_priority": false, "length_m": 133.2 }, "geometry": { "type": "LineString", "coordinates": [ [ -74.0260827, 40.7532342 ], [ -74.0260524, 40.7533355 ], [ -74.0260014, 40.7535052 ], [ -74.0259692, 40.75361250000001 ], [ -74.0257508, 40.7543464 ], [ -74.0257318, 40.7544041 ] ] } },
{ "type": "Feature", "properties": { "id": "60421283-153", "osm_way": 60421283, "name": "Park Avenue", "class": "residential", "is_priority": false, "length_m": 200.0 }, "geometry": { "type": "LineString", "coordinates": [ [ -74.030576, 40.747762 ], [ -74.030554400000014, 40.747835400000014 ], [ -74.0302264, 40.7489532 ], [ -74.0302178, 40.7489824 ], [ -74.0302012, 40.7490376 ], [ -74.0301821, 40.7490972 ], [ -74.030054474395939, 40.749519359621097 ] ] } },
{ "type": "Feature", "properties": { "id": "60421283-154", "osm_way": 60421283, "name": "Park Avenue", "class": "residential", "is_priority": false, "length_m": 89.7 }, "geometry": { "type": "LineString", "coordinates": [ [ -74.030054474395939, 40.749519359621097 ], [ -74.0298393, 40.7502311 ], [ -74.0298313, 40.7502574 ], [ -74.0298157, 40.7503068 ] ] } },
{ "type": "Feature", "properties": { "id": "60428207-155", "osm_way": 60428207, "name": "14th Street", "class": "secondary", "is_priority": false, "length_m": 153.9 }, "geometry": { "type": "LineString", "coordinates": [ [ -74.0264129, 40.753293699999986 ], [ -74.0268078, 40.7533645 ], [ -74.0268982, 40.753380599999986 ], [ -74.0269976, 40.753401599999989 ], [ -74.027697, 40.7535242 ], [ -74.0277381, 40.753531399999986 ], [ -74.0278375, 40.7535492 ], [ -74.0279513, 40.7535696 ], [ -74.0279892, 40.7535764 ], [ -74.0281868, 40.7536119 ] ] } },
{ "type": "Feature", "properties": { "id": "60428208-156", "osm_way": 60428208, "name": "Park Avenue", "class": "tertiary", "is_priority": false, "length_m": 200.0 }, "geometry": { "type": "LineString", "coordinates": [ [ -74.0298157, 40.7503068 ], [ -74.0297838, 40.7504216 ], [ -74.0297676, 40.7504786 ], [ -74.0294518, 40.7515025 ], [ -74.0294454, 40.751523399999989 ], [ -74.0294267, 40.7515859 ], [ -74.0294129, 40.7516406 ], [ -74.029283507371858, 40.75206225336153 ] ] } },
{ "type": "Feature", "properties": { "id": "60428208-157", "osm_way": 60428208, "name": "Park Avenue", "class": "tertiary", "is_priority": false, "length_m": 149.3 }, "geometry": { "type": "LineString", "coordinates": [ [ -74.029283507371858, 40.75206225336153 ], [ -74.0290584, 40.7527958 ], [ -74.0290419, 40.7528439 ], [ -74.0290255, 40.752897599999983 ], [ -74.0288818, 40.7533718 ] ] } },
{ "type": "Feature", "properties": { "id": "60428619-158", "osm_way": 60428619, "name": "Newark Street", "class": "secondary", "is_priority": false, "length_m": 70.2 }, "geometry": { "type": "LineString", "coordinates": [ [ -74.0310572, 40.7369245 ], [ -74.0311814, 40.7369429 ], [ -74.0317788, 40.7370512 ], [ -74.031868900000021, 40.7370616 ] ] } },
{ "type": "Feature", "properties": { "id": "60428620-159", "osm_way": 60428620, "name": "Observer Highway", "class": "tertiary", "is_priority": false, "length_m": 67.2 }, "geometry": { "type": "LineString", "coordinates": [ [ -74.0311455, 40.73555 ], [ -74.0309047, 40.7355078 ], [ -74.0308362, 40.7355015 ], [ -74.0307783, 40.7354988 ], [ -74.0307324, 40.7354967 ], [ -74.0306928, 40.7354914 ], [ -74.0305333, 40.7354643 ], [ -74.0304576, 40.7354509 ], [ -74.0304255, 40.7354478 ], [ -74.0304023, 40.7354489 ], [ -74.0303844, 40.73545270000001 ], [ -74.0303669, 40.735461 ] ] } },
{ "type": "Feature", "properties": { "id": "96041496-160", "osm_way": 96041496, "name": "Sinatra Drive North", "class": "residential", "is_priority": false, "length_m": 75.5 }, "geometry": { "type": "LineString", "coordinates": [ [ -74.0234977, 40.7527919 ], [ -74.0235339, 40.7526682 ], [ -74.0235698, 40.7525277 ], [ -74.023572, 40.7525046 ], [ -74.023567, 40.7524787 ], [ -74.0235544, 40.7524473 ], [ -74.0235231, 40.7524053 ], [ -74.0234273, 40.7522817 ], [ -74.0234176, 40.7522574 ], [ -74.0234139, 40.7522341 ], [ -74.0234152, 40.7521948 ], [ -74.0234292, 40.7521476 ] ] } },
{ "type": "Feature", "properties": { "id": "96041504-161", "osm_way": 96041504, "name": "Hudson Street", "class": "tertiary", "is_priority": false, "length_m": 12.1 }, "geometry": { "type": "LineString", "coordinates": [ [ -74.0259955, 40.7497506 ], [ -74.0260286, 40.7496447 ] ] } },
{ "type": "Feature", "properties": { "id": "156898650-162", "osm_way": 156898650, "name": "2nd Street", "class": "residential", "is_priority": false, "length_m": 88.3 }, "geometry": { "type": "LineString", "coordinates": [ [ -74.0274294, 40.7381871 ], [ -74.02755, 40.7382082 ], [ -74.0283413, 40.7383465 ], [ -74.028449, 40.7383653 ] ] } },
{ "type": "Feature", "properties": { "id": "173623354-163", "osm_way": 173623354, "name": "11th Street", "class": "tertiary", "is_priority": false, "length_m": 95.6 }, "geometry": { "type": "LineString", "coordinates": [ [ -74.0259955, 40.7497506 ], [ -74.026088, 40.7497671 ], [ -74.026942, 40.7499185 ], [ -74.0270988, 40.749946299999984 ] ] } },
{ "type": "Feature", "properties": { "id": "222857228-164", "osm_way": 222857228, "name": "Jackson Street", "class": "tertiary", "is_priority": false, "length_m": 153.0 }, "geometry": { "type": "LineString", "coordinates": [ [ -74.041445100000018, 40.7378992 ], [ -74.0414011, 40.7380455 ], [ -74.0410729, 40.7391487 ], [ -74.0410624, 40.7391838 ], [ -74.0410449, 40.7392437 ] ] } },
{ "type": "Feature", "properties": { "id": "222857275-165", "osm_way": 222857275, "name": "Newark Street", "class": "secondary", "is_priority": false, "length_m": 118.4 }, "geometry": { "type": "LineString", "coordinates": [ [ -74.0404746, 40.7366521 ], [ -74.0407827, 40.7366025 ], [ -74.0409307, 40.7365768 ], [ -74.0417062, 40.736455 ], [ -74.0418468, 40.7364318 ] ] } },
{ "type": "Feature", "properties": { "id": "222857276-166", "osm_way": 222857276, "name": "Observer Highway", "class": "secondary", "is_priority": false, "length_m": 81.3 }, "geometry": { "type": "LineString", "coordinates": [ [ -74.0397286, 40.7370856 ], [ -74.0396111, 40.7370675 ], [ -74.0392267, 40.7369968 ], [ -74.0389477, 40.7369455 ], [ -74.0387871, 40.7369377 ] ] } },
{ "type": "Feature", "properties": { "id": "222857301-167", "osm_way": 222857301, "name": "Washington Street", "class": "secondary", "is_priority": false, "length_m": 59.5 }, "geometry": { "type": "LineString", "coordinates": [ [ -74.0310572, 40.7369245 ], [ -74.031033, 40.7370029 ], [ -74.030925700000012, 40.7373588 ], [ -74.0308991, 40.737447 ] ] } },
{ "type": "Feature", "properties": { "id": "222857305-168", "osm_way": 222857305, "name": "Willow Avenue", "class": "secondary", "is_priority": false, "length_m": 97.4 }, "geometry": { "type": "LineString", "coordinates": [ [ -74.0346844, 40.7375485 ], [ -74.0347102, 40.7374511 ], [ -74.0347332, 40.7373693 ], [ -74.0349437, 40.736694 ] ] } },
{ "type": "Feature", "properties": { "id": "222857308-169", "osm_way": 222857308, "name": "14th Street", "class": "secondary", "is_priority": false, "length_m": 74.4 }, "geometry": { "type": "LineString", "coordinates": [ [ -74.0287819, 40.7537252 ], [ -74.028878, 40.7537472 ], [ -74.0289389, 40.7537598 ], [ -74.0290094, 40.7537752 ], [ -74.0292206, 40.7538212 ], [ -74.0294696, 40.7538755 ], [ -74.0296288, 40.753911 ] ] } },
{ "type": "Feature", "properties": { "id": "232065119-170", "osm_way": 232065119, "name": "7th Street", "class": "residential", "is_priority": false, "length_m": 74.5 }, "geometry": { "type": "LineString", "coordinates": [ [ -74.0388055, 40.7465382 ], [ -74.0388946, 40.7465541 ], [ -74.0390435, 40.74658070000001 ], [ -74.0395012, 40.7466627 ], [ -74.0395558, 40.7466743 ], [ -74.0396035, 40.7466885 ], [ -74.0396272, 40.7467028 ], [ -74.0396461, 40.7467204 ] ] } },
{ "type": "Feature", "properties": { "id": "276657750-171", "osm_way": 276657750, "name": "Willow Avenue", "class": "secondary", "is_priority": false, "length_m": 105.6 }, "geometry": { "type": "LineString", "coordinates": [ [ -74.0300255, 40.7526683 ], [ -74.0302904, 40.7517926 ], [ -74.030306, 40.7517412 ] ] } },
{ "type": "Feature", "properties": { "id": "333008797-172", "osm_way": 333008797, "name": "Hudson Street", "class": "tertiary", "is_priority": false, "length_m": 66.3 }, "geometry": { "type": "LineString", "coordinates": [ [ -74.0303669, 40.735461 ], [ -74.030355, 40.7354725 ], [ -74.0303464, 40.7354878 ], [ -74.0303365, 40.7355137 ], [ -74.0303246, 40.7355509 ], [ -74.0302248, 40.7358614 ], [ -74.030203, 40.7359287 ], [ -74.0301706, 40.736038 ] ] } },
{ "type": "Feature", "properties": { "id": "353232803-173", "osm_way": 353232803, "name": "Marshall Drive", "class": "residential", "is_priority": false, "length_m": 26.5 }, "geometry": { "type": "LineString", "coordinates": [ [ -74.0408555, 40.7442716 ], [ -74.0407928, 40.7445057 ] ] } },
{ "type": "Feature", "properties": { "id": "358396712-174", "osm_way": 358396712, "name": "Marshall Drive", "class": "residential", "is_priority": false, "length_m": 92.0 }, "geometry": { "type": "LineString", "coordinates": [ [ -74.0409956, 40.7425974 ], [ -74.0410737, 40.7426109 ], [ -74.0415958, 40.7427057 ], [ -74.0414628, 40.7430505 ] ] } },
{ "type": "Feature", "properties": { "id": "358396713-175", "osm_way": 358396713, "name": "Marshall Drive", "class": "residential", "is_priority": false, "length_m": 115.0 }, "geometry": { "type": "LineString", "coordinates": [ [ -74.0415958, 40.7427057 ], [ -74.0416999, 40.7423985 ], [ -74.0417021, 40.742360199999986 ], [ -74.0416959, 40.7423209 ], [ -74.0416816, 40.7422722 ], [ -74.0416668, 40.7421511 ], [ -74.0416601, 40.7420707 ], [ -74.0416512, 40.7420497 ], [ -74.0416359, 40.7420355 ], [ -74.0416153, 40.7420276 ], [ -74.0412704, 40.741973 ], [ -74.0411897, 40.7419602 ] ] } },
{ "type": "Feature", "properties": { "id": "368774430-176", "osm_way": 368774430, "name": "3rd Street", "class": "residential", "is_priority": false, "length_m": 85.5 }, "geometry": { "type": "LineString", "coordinates": [ [ -74.0270542, 40.7394695 ], [ -74.027124, 40.739480199999988 ], [ -74.0271579, 40.7394861 ], [ -74.0275638, 40.7395564 ], [ -74.027845900000017, 40.7396028 ], [ -74.0279346, 40.739619 ], [ -74.0280421, 40.7396374 ] ] } },
{ "type": "Feature", "properties": { "id": "368774432-177", "osm_way": 368774432, "name": "Hudson Street", "class": "tertiary", "is_priority": false, "length_m": 200.0 }, "geometry": { "type": "LineString", "coordinates": [ [ -74.028656, 40.7410844 ], [ -74.0286725, 40.741027199999976 ], [ -74.0289991, 40.739895799999985 ], [ -74.0290054, 40.7398738 ], [ -74.0290253, 40.7398049 ], [ -74.029044, 40.7397462 ], [ -74.029172831581164, 40.739326269804415 ] ] } },
{ "type": "Feature", "properties": { "id": "368774432-178", "osm_way": 368774432, "name": "Hudson Street", "class": "tertiary", "is_priority": false, "length_m": 118.6 }, "geometry": { "type": "LineString", "coordinates": [ [ -74.029172831581164, 40.739326269804415 ], [ -74.0293942, 40.7386047 ], [ -74.0294127, 40.7385382 ], [ -74.0294341, 40.7384646 ], [ -74.0294898, 40.7382853 ] ] } },
{ "type": "Feature", "properties": { "id": "368777976-179", "osm_way": 368777976, "name": "Sinatra Drive", "class": "residential", "is_priority": false, "length_m": 183.1 }, "geometry": { "type": "LineString", "coordinates": [ [ -74.0268813, 40.7410228 ], [ -74.0268115, 40.7409765 ], [ -74.0267887, 40.740959 ], [ -74.0267591, 40.7409363 ], [ -74.026702, 40.7408851 ], [ -74.0266787, 40.7408529 ], [ -74.0266679, 40.7408213 ], [ -74.0266628, 40.7407895 ], [ -74.0266645, 40.7407544 ], [ -74.0266946, 40.740653 ], [ -74.0270327, 40.7395353 ], [ -74.0270542, 40.7394695 ] ] } },
{ "type": "Feature", "properties": { "id": "368777977-180", "osm_way": 368777977, "name": "River Street", "class": "tertiary", "is_priority": false, "length_m": 200.0 }, "geometry": { "type": "LineString", "coordinates": [ [ -74.0289943, 40.7365562 ], [ -74.028974, 40.7366228 ], [ -74.028844, 40.7370471 ], [ -74.0288271, 40.7371021 ], [ -74.0288077, 40.7371669 ], [ -74.0286651, 40.7376433 ], [ -74.0284687, 40.7382994 ], [ -74.028464875989684, 40.738312192004749 ] ] } },
{ "type": "Feature", "properties": { "id": "368777977-181", "osm_way": 368777977, "name": "River Street", "class": "tertiary", "is_priority": false, "length_m": 6.0 }, "geometry": { "type": "LineString", "coordinates": [ [ -74.028464875989684, 40.738312192004749 ], [ -74.028449, 40.7383653 ] ] } },
{ "type": "Feature", "properties": { "id": "404720476-182", "osm_way": 404720476, "name": "Clinton Street", "class": "unclassified", "is_priority": false, "length_m": 115.7 }, "geometry": { "type": "LineString", "coordinates": [ [ -74.0306, 40.7542352 ], [ -74.0305636, 40.7542568 ], [ -74.0305468, 40.7542775 ], [ -74.0303081, 40.7550911 ], [ -74.0302988, 40.7551221 ], [ -74.0302647, 40.7552364 ] ] } },
{ "type": "Feature", "properties": { "id": "404721441-183", "osm_way": 404721441, "name": "14th Street", "class": "residential", "is_priority": false, "length_m": 78.3 }, "geometry": { "type": "LineString", "coordinates": [ [ -74.0315057, 40.7543705 ], [ -74.0314142, 40.7543554 ], [ -74.030644, 40.754228 ], [ -74.0306141, 40.754231 ], [ -74.0306, 40.7542352 ] ] } },
{ "type": "Feature", "properties": { "id": "417673267-184", "osm_way": 417673267, "name": "Adams Street", "class": "residential", "is_priority": false, "length_m": 58.6 }, "geometry": { "type": "LineString", "coordinates": [ [ -74.03432, 40.7483864 ], [ -74.0342916, 40.7484748 ], [ -74.0341508, 40.7488988 ] ] } },
{ "type": "Feature", "properties": { "id": "420620242-185", "osm_way": 420620242, "name": "14th Street", "class": "secondary", "is_priority": false, "length_m": 58.4 }, "geometry": { "type": "LineString", "coordinates": [ [ -74.0306963, 40.7541144 ], [ -74.0313672, 40.7542434 ] ] } },
{ "type": "Feature", "properties": { "id": "420620243-186", "osm_way": 420620243, "name": "14th Street", "class": "secondary", "is_priority": false, "length_m": 51.8 }, "geometry": { "type": "LineString", "coordinates": [ [ -74.0281868, 40.7536119 ], [ -74.0286656, 40.7537026 ], [ -74.0287819, 40.7537252 ] ] } },
{ "type": "Feature", "properties": { "id": "420620252-187", "osm_way": 420620252, "name": "Park Avenue", "class": "secondary", "is_priority": false, "length_m": 40.4 }, "geometry": { "type": "LineString", "coordinates": [ [ -74.0286718, 40.7540797 ], [ -74.028685, 40.7540371 ], [ -74.0287502, 40.7538267 ], [ -74.0287819, 40.7537252 ] ] } },
{ "type": "Feature", "properties": { "id": "420620253-188", "osm_way": 420620253, "name": "Park Avenue", "class": "secondary", "is_priority": false, "length_m": 35.1 }, "geometry": { "type": "LineString", "coordinates": [ [ -74.0284272, 40.7549247 ], [ -74.0284476, 40.7548607 ], [ -74.0285236, 40.7546175 ] ] } },
{ "type": "Feature", "properties": { "id": "420620254-189", "osm_way": 420620254, "name": "Park Avenue", "class": "secondary", "is_priority": false, "length_m": 46.6 }, "geometry": { "type": "LineString", "coordinates": [ [ -74.0283016, 40.7553336 ], [ -74.0284272, 40.7549247 ] ] } },
{ "type": "Feature", "properties": { "id": "420620255-190", "osm_way": 420620255, "name": "Park Avenue", "class": "secondary", "is_priority": false, "length_m": 11.0 }, "geometry": { "type": "LineString", "coordinates": [ [ -74.028107100000014, 40.7559369 ], [ -74.028139, 40.755859 ], [ -74.0281456, 40.755842599999987 ] ] } },
{ "type": "Feature", "properties": { "id": "420620256-191", "osm_way": 420620256, "name": "Park Avenue", "class": "secondary", "is_priority": false, "length_m": 58.0 }, "geometry": { "type": "LineString", "coordinates": [ [ -74.0281456, 40.755842599999987 ], [ -74.0282979, 40.7553455 ], [ -74.0283016, 40.7553336 ] ] } },
{ "type": "Feature", "properties": { "id": "420620257-192", "osm_way": 420620257, "name": "Park Avenue", "class": "secondary", "is_priority": false, "length_m": 61.0 }, "geometry": { "type": "LineString", "coordinates": [ [ -74.0285236, 40.7546175 ], [ -74.0286393, 40.75419680000001 ], [ -74.0286478, 40.754167700000011 ], [ -74.028663, 40.7541152 ], [ -74.0286718, 40.7540797 ] ] } },
{ "type": "Feature", "properties": { "id": "420620263-193", "osm_way": 420620263, "name": "Willow Avenue", "class": "secondary", "is_priority": false, "length_m": 63.8 }, "geometry": { "type": "LineString", "coordinates": [ [ -74.0296288, 40.753911 ], [ -74.0296757, 40.7537743 ], [ -74.0298044, 40.7533521 ] ] } },
{ "type": "Feature", "properties": { "id": "420620264-194", "osm_way": 420620264, "name": "Willow Avenue", "class": "secondary", "is_priority": false, "length_m": 66.0 }, "geometry": { "type": "LineString", "coordinates": [ [ -74.029272, 40.7550762 ], [ -74.0293068, 40.7549779 ], [ -74.0293511, 40.7548203 ], [ -74.0293954, 40.754662599999989 ], [ -74.0294422, 40.754496199999984 ] ] } },
{ "type": "Feature", "properties": { "id": "420896646-195", "osm_way": 420896646, "name": "Newark Street", "class": "secondary", "is_priority": false, "length_m": 39.9 }, "geometry": { "type": "LineString", "coordinates": [ [ -74.042309900000021, 40.73636170000001 ], [ -74.0422117, 40.7363766 ], [ -74.0419485, 40.7364164 ], [ -74.0418468, 40.7364318 ] ] } },
{ "type": "Feature", "properties": { "id": "420896647-196", "osm_way": 420896647, "name": "Newark Street", "class": "secondary", "is_priority": false, "length_m": 50.7 }, "geometry": { "type": "LineString", "coordinates": [ [ -74.0398848, 40.736737 ], [ -74.0400238, 40.7367166 ], [ -74.0402296, 40.7366865 ], [ -74.0403558, 40.736668 ], [ -74.0404746, 40.7366521 ] ] } },
{ "type": "Feature", "properties": { "id": "420896648-197", "osm_way": 420896648, "name": "Newark Street", "class": "secondary", "is_priority": false, "length_m": 31.6 }, "geometry": { "type": "LineString", "coordinates": [ [ -74.0391426, 40.7368469 ], [ -74.0392532, 40.7368404 ], [ -74.0393992, 40.7368218 ], [ -74.0395112, 40.7367995 ] ] } },
{ "type": "Feature", "properties": { "id": "420896649-198", "osm_way": 420896649, "name": "Observer Highway", "class": "secondary", "is_priority": false, "length_m": 49.0 }, "geometry": { "type": "LineString", "coordinates": [ [ -74.0406626, 40.7372519 ], [ -74.0405606, 40.7372318 ], [ -74.0400977, 40.7371492 ] ] } },
{ "type": "Feature", "properties": { "id": "420896651-199", "osm_way": 420896651, "name": "Observer Highway", "class": "secondary", "is_priority": false, "length_m": 17.3 }, "geometry": { "type": "LineString", "coordinates": [ [ -74.0408631, 40.7372833 ], [ -74.0407549, 40.7372668 ], [ -74.0406626, 40.7372519 ] ] } },
{ "type": "Feature", "properties": { "id": "420896652-200", "osm_way": 420896652, "name": "Paterson Avenue", "class": "secondary", "is_priority": false, "length_m": 62.4 }, "geometry": { "type": "LineString", "coordinates": [ [ -74.0421962, 40.73869 ], [ -74.042374, 40.7388775 ], [ -74.0426286, 40.7391461 ] ] } },
{ "type": "Feature", "properties": { "id": "420896653-201", "osm_way": 420896653, "name": "Paterson Avenue", "class": "secondary", "is_priority": false, "length_m": 84.2 }, "geometry": { "type": "LineString", "coordinates": [ [ -74.0408631, 40.7372833 ], [ -74.0409873, 40.7374267 ], [ -74.0410481, 40.7374914 ], [ -74.0413522, 40.7378017 ], [ -74.041445100000018, 40.7378992 ] ] } },
{ "type": "Feature", "properties": { "id": "450255899-202", "osm_way": 450255899, "name": "4th Street", "class": "tertiary", "is_priority": false, "length_m": 200.0 }, "geometry": { "type": "LineString", "coordinates": [ [ -74.0305487, 40.7414154 ], [ -74.0306299, 40.7414298 ], [ -74.0313725, 40.7415628 ], [ -74.0313869, 40.7415654 ], [ -74.0314939, 40.741584599999989 ], [ -74.0315618, 40.7415953 ], [ -74.0323373, 40.741731 ], [ -74.032418, 40.7417451 ], [ -74.0324928, 40.741759 ], [ -74.032855636838704, 40.741823876514957 ] ] } },
{ "type": "Feature", "properties": { "id": "450255899-203", "osm_way": 450255899, "name": "4th Street", "class": "tertiary", "is_priority": false, "length_m": 42.9 }, "geometry": { "type": "LineString", "coordinates": [ [ -74.032855636838704, 40.741823876514957 ], [ -74.033237200000016, 40.7418921 ], [ -74.0332611, 40.7418964 ], [ -74.0333506, 40.741911300000012 ] ] } },
{ "type": "Feature", "properties": { "id": "450255900-204", "osm_way": 450255900, "name": "Bloomfield Street", "class": "tertiary", "is_priority": false, "length_m": 200.0 }, "geometry": { "type": "LineString", "coordinates": [ [ -74.0305487, 40.7414154 ], [ -74.0305179, 40.7414756 ], [ -74.0303765, 40.7419372 ], [ -74.0303544, 40.7420092 ], [ -74.0302837, 40.742271800000012 ], [ -74.0302776, 40.7422946 ], [ -74.0302637, 40.7423464 ], [ -74.0302452, 40.7424049 ], [ -74.030017837782424, 40.74317034004747 ] ] } },
{ "type": "Feature", "properties": { "id": "450255900-205", "osm_way": 450255900, "name": "Bloomfield Street", "class": "tertiary", "is_priority": false, "length_m": 200.0 }, "geometry": { "type": "LineString", "coordinates": [ [ -74.030017837782424, 40.74317034004747 ], [ -74.0299004, 40.7435657 ], [ -74.0298711, 40.743622799999983 ], [ -74.0298447, 40.743676 ], [ -74.0295048, 40.7448383 ], [ -74.0294896, 40.7448905 ], [ -74.029480215137795, 40.744923671663464 ] ] } },
{ "type": "Feature", "properties": { "id": "450255900-206", "osm_way": 450255900, "name": "Bloomfield Street", "class": "tertiary", "is_priority": false, "length_m": 200.0 }, "geometry": { "type": "LineString", "coordinates": [ [ -74.029480215137795, 40.744923671663464 ], [ -74.0294737, 40.744946699999986 ], [ -74.0291248, 40.7461088 ], [ -74.0291091, 40.7461675 ], [ -74.0290933, 40.7462176 ], [ -74.028948139087021, 40.746679169949154 ] ] } },
{ "type": "Feature", "properties": { "id": "450255900-207", "osm_way": 450255900, "name": "Bloomfield Street", "class": "tertiary", "is_priority": false, "length_m": 200.0 }, "geometry": { "type": "LineString", "coordinates": [ [ -74.028948139087021, 40.746679169949154 ], [ -74.0287282, 40.747378500000018 ], [ -74.028712, 40.74743 ], [ -74.0286933, 40.7474942 ], [ -74.028416950315687, 40.748434818145057 ] ] } },
{ "type": "Feature", "properties": { "id": "450255900-208", "osm_way": 450255900, "name": "Bloomfield Street", "class": "tertiary", "is_priority": false, "length_m": 200.0 }, "geometry": { "type": "LineString", "coordinates": [ [ -74.028416950315687, 40.748434818145057 ], [ -74.0283594, 40.748630699999985 ], [ -74.0283523, 40.7486549 ], [ -74.0283372, 40.748704 ], [ -74.0283185, 40.7487639 ], [ -74.0279625, 40.7499114 ], [ -74.0279541, 40.7499386 ], [ -74.027939, 40.7499875 ], [ -74.027907400000018, 40.7500873 ], [ -74.0278892, 40.7501477 ], [ -74.02787679482185, 40.750188919141088 ] ] } },
{ "type": "Feature", "properties": { "id": "450255900-209", "osm_way": 450255900, "name": "Bloomfield Street", "class": "tertiary", "is_priority": false, "length_m": 200.0 }, "geometry": { "type": "LineString", "coordinates": [ [ -74.02787679482185, 40.750188919141088 ], [ -74.0275762, 40.75118770000001 ], [ -74.027555, 40.7512559 ], [ -74.0275403, 40.7513041 ], [ -74.027341617896468, 40.751943911305887 ] ] } },
{ "type": "Feature", "properties": { "id": "450255900-210", "osm_way": 450255900, "name": "Bloomfield Street", "class": "tertiary", "is_priority": false, "length_m": 163.8 }, "geometry": { "type": "LineString", "coordinates": [ [ -74.027341617896468, 40.751943911305887 ], [ -74.0271798, 40.752465 ], [ -74.027167, 40.7525075 ], [ -74.0271484, 40.7525675 ], [ -74.0269284, 40.7532917 ], [ -74.0268982, 40.753380599999986 ] ] } },
{ "type": "Feature", "properties": { "id": "450255901-211", "osm_way": 450255901, "name": "Bloomfield Street", "class": "tertiary", "is_priority": false, "length_m": 60.1 }, "geometry": { "type": "LineString", "coordinates": [ [ -74.031868900000021, 40.7370616 ], [ -74.0318497, 40.7371275 ], [ -74.0317415, 40.7375138 ], [ -74.0317347, 40.7375381 ], [ -74.031719800000019, 40.7375912 ] ] } },
{ "type": "Feature", "properties": { "id": "450255902-212", "osm_way": 450255902, "name": "Newark Street", "class": "secondary", "is_priority": false, "length_m": 200.0 }, "geometry": { "type": "LineString", "coordinates": [ [ -74.031868900000021, 40.7370616 ], [ -74.0319787, 40.7370742 ], [ -74.0327198, 40.7372086 ], [ -74.0328158, 40.737226 ], [ -74.0329035, 40.7372424 ], [ -74.0336545, 40.7373839 ], [ -74.0337443, 40.7374016 ], [ -74.033823900000016, 40.7374164 ], [ -74.034173058869911, 40.737477167665922 ] ] } },
{ "type": "Feature", "properties": { "id": "450255902-213", "osm_way": 450255902, "name": "Newark Street", "class": "secondary", "is_priority": false, "length_m": 44.0 }, "geometry": { "type": "LineString", "coordinates": [ [ -74.034173058869911, 40.737477167665922 ], [ -74.0342353, 40.737488 ], [ -74.0345544, 40.7375427 ], [ -74.0345772, 40.7375466 ], [ -74.0346844, 40.7375485 ] ] } },
{ "type": "Feature", "properties": { "id": "450255903-214", "osm_way": 450255903, "name": "1st Street", "class": "tertiary", "is_priority": false, "length_m": 80.2 }, "geometry": { "type": "LineString", "coordinates": [ [ -74.0419701, 40.7394061 ], [ -74.0418811, 40.7393905 ], [ -74.0411324, 40.739259 ], [ -74.0410449, 40.7392437 ] ] } },
{ "type": "Feature", "properties": { "id": "450255904-215", "osm_way": 450255904, "name": "Harrison Street", "class": "residential", "is_priority": false, "length_m": 81.8 }, "geometry": { "type": "LineString", "coordinates": [ [ -74.0419701, 40.7394061 ], [ -74.0419852, 40.7393563 ], [ -74.0421675, 40.7387931 ], [ -74.0421962, 40.73869 ] ] } },
{ "type": "Feature", "properties": { "id": "450255905-216", "osm_way": 450255905, "name": "Hudson Street", "class": "tertiary", "is_priority": false, "length_m": 31.9 }, "geometry": { "type": "LineString", "coordinates": [ [ -74.0297969, 40.7372689 ], [ -74.0298214, 40.7372104 ], [ -74.0298909, 40.7369911 ] ] } },
{ "type": "Feature", "properties": { "id": "450257298-217", "osm_way": 450257298, "name": "2nd Street", "class": "residential", "is_priority": false, "length_m": 200.0 }, "geometry": { "type": "LineString", "coordinates": [ [ -74.028449, 40.7383653 ], [ -74.0285567, 40.7383845 ], [ -74.0292899, 40.7385156 ], [ -74.0293047, 40.7385182 ], [ -74.0294127, 40.7385382 ], [ -74.0295308, 40.7385585 ], [ -74.0299485, 40.7386331 ], [ -74.0303812, 40.7387103 ], [ -74.0305073, 40.7387315 ], [ -74.0306285, 40.7387544 ], [ -74.030754905993945, 40.738776794721581 ] ] } },
{ "type": "Feature", "properties": { "id": "450257298-218", "osm_way": 450257298, "name": "2nd Street", "class": "residential", "is_priority": false, "length_m": 49.1 }, "geometry": { "type": "LineString", "coordinates": [ [ -74.030754905993945, 40.738776794721581 ], [ -74.0312319, 40.7388613 ], [ -74.0313215, 40.7388763 ] ] } },
{ "type": "Feature", "properties": { "id": "450257300-219", "osm_way": 450257300, "name": "Madison Street", "class": "tertiary", "is_priority": false, "length_m": 200.0 }, "geometry": { "type": "LineString", "coordinates": [ [ -74.0373222, 40.7449347 ], [ -74.0373044, 40.7449948 ], [ -74.0371098, 40.7456516 ], [ -74.0369704, 40.7461223 ], [ -74.0369624, 40.7461495 ], [ -74.0369577, 40.7461653 ], [ -74.0369457, 40.7462058 ], [ -74.0369294, 40.7462607 ], [ -74.0368508, 40.74651690000001 ], [ -74.036797513263863, 40.746691522128579 ] ] } },
{ "type": "Feature", "properties": { "id": "450257300-220", "osm_way": 450257300, "name": "Madison Street", "class": "tertiary", "is_priority": false, "length_m": 200.0 }, "geometry": { "type": "LineString", "coordinates": [ [ -74.036797513263863, 40.746691522128579 ], [ -74.036791600000015, 40.7467109 ], [ -74.0367549, 40.7468301 ], [ -74.036655, 40.7471586 ], [ -74.0365763, 40.7474163 ], [ -74.0365538, 40.7474833 ], [ -74.0365381, 40.7475381 ], [ -74.036258543249318, 40.748445829429564 ] ] } },
{ "type": "Feature", "properties": { "id": "450257300-221", "osm_way": 450257300, "name": "Madison Street", "class": "tertiary", "is_priority": false, "length_m": 164.2 }, "geometry": { "type": "LineString", "coordinates": [ [ -74.036258543249318, 40.748445829429564 ], [ -74.0362106, 40.7486015 ], [ -74.0362015, 40.7486309 ], [ -74.0361837, 40.7486832 ], [ -74.0361619, 40.7487474 ], [ -74.0359792, 40.749319 ], [ -74.035838, 40.749823 ], [ -74.0358201, 40.7498867 ] ] } },
{ "type": "Feature", "properties": { "id": "450257301-222", "osm_way": 450257301, "name": "2nd Street", "class": "residential", "is_priority": false, "length_m": 161.6 }, "geometry": { "type": "LineString", "coordinates": [ [ -74.0387854, 40.7401835 ], [ -74.0388683, 40.7401992 ], [ -74.039587, 40.7403247 ], [ -74.0396168, 40.7403299 ], [ -74.0397236, 40.7403494 ], [ -74.039811, 40.740365400000016 ], [ -74.0405189, 40.7404949 ], [ -74.0405541, 40.7405013 ], [ -74.0406483, 40.7405185 ] ] } },
{ "type": "Feature", "properties": { "id": "450257302-223", "osm_way": 450257302, "name": "Madison Street", "class": "tertiary", "is_priority": false, "length_m": 200.0 }, "geometry": { "type": "LineString", "coordinates": [ [ -74.0350825, 40.7522996 ], [ -74.0350628, 40.7523624 ], [ -74.035054, 40.7523908 ], [ -74.0350186, 40.7525137 ], [ -74.0347461, 40.7534242 ], [ -74.0347254, 40.7534934 ], [ -74.0347207, 40.7535092 ], [ -74.0345778, 40.754032 ], [ -74.034563627031758, 40.754056863004756 ] ] } },
{ "type": "Feature", "properties": { "id": "450257302-224", "osm_way": 450257302, "name": "Madison Street", "class": "tertiary", "is_priority": false, "length_m": 91.5 }, "geometry": { "type": "LineString", "coordinates": [ [ -74.034563627031758, 40.754056863004756 ], [ -74.0345249, 40.7541248 ], [ -74.034515900000017, 40.7541407 ], [ -74.0343689, 40.754626099999989 ], [ -74.0343493, 40.754684699999977 ], [ -74.0343038, 40.7548556 ] ] } },
{ "type": "Feature", "properties": { "id": "450257303-225", "osm_way": 450257303, "name": "15th Street", "class": "tertiary", "is_priority": false, "length_m": 160.8 }, "geometry": { "type": "LineString", "coordinates": [ [ -74.0321293, 40.755556 ], [ -74.0326365, 40.7556356 ], [ -74.0327235, 40.7556511 ], [ -74.033079, 40.755708 ], [ -74.0334143, 40.7557626 ], [ -74.0338991, 40.7558416 ], [ -74.0339924, 40.7558568 ] ] } },
{ "type": "Feature", "properties": { "id": "450257304-226", "osm_way": 450257304, "name": "Willow Avenue", "class": "secondary", "is_priority": false, "length_m": 85.3 }, "geometry": { "type": "LineString", "coordinates": [ [ -74.0292006, 40.7553044 ], [ -74.0291424, 40.7554955 ], [ -74.0289678, 40.7560521 ] ] } },
{ "type": "Feature", "properties": { "id": "450258110-227", "osm_way": 450258110, "name": "Adams Street", "class": "residential", "is_priority": false, "length_m": 200.0 }, "geometry": { "type": "LineString", "coordinates": [ [ -74.0369178, 40.7398548 ], [ -74.0368989, 40.739917 ], [ -74.0365445, 40.741067299999983 ], [ -74.0365256, 40.7411284 ], [ -74.0365084, 40.7411839 ], [ -74.036376715786204, 40.741608745050904 ] ] } },
{ "type": "Feature", "properties": { "id": "450258110-228", "osm_way": 450258110, "name": "Adams Street", "class": "residential", "is_priority": false, "length_m": 200.0 }, "geometry": { "type": "LineString", "coordinates": [ [ -74.036376715786204, 40.741608745050904 ], [ -74.0361512, 40.7423363 ], [ -74.0361338, 40.7423954 ], [ -74.0361186, 40.7424531 ], [ -74.0359452, 40.7430537 ], [ -74.0358812, 40.743281299999985 ], [ -74.0358634, 40.7433408 ], [ -74.035854745496522, 40.74336594615157 ] ] } },
{ "type": "Feature", "properties": { "id": "450258110-229", "osm_way": 450258110, "name": "Adams Street", "class": "residential", "is_priority": false, "length_m": 200.0 }, "geometry": { "type": "LineString", "coordinates": [ [ -74.035854745496522, 40.74336594615157 ], [ -74.0358454, 40.7433931 ], [ -74.0354932, 40.744541 ], [ -74.035471, 40.7446133 ], [ -74.0354567, 40.7446585 ], [ -74.035311093633368, 40.745119419377389 ] ] } },
{ "type": "Feature", "properties": { "id": "450258110-230", "osm_way": 450258110, "name": "Adams Street", "class": "residential", "is_priority": false, "length_m": 85.9 }, "geometry": { "type": "LineString", "coordinates": [ [ -74.035311093633368, 40.745119419377389 ], [ -74.0350911, 40.7458158 ], [ -74.0350733, 40.745872099999985 ] ] } },
{ "type": "Feature", "properties": { "id": "450258111-231", "osm_way": 450258111, "name": "2nd Street", "class": "residential", "is_priority": false, "length_m": 161.9 }, "geometry": { "type": "LineString", "coordinates": [ [ -74.0369178, 40.7398548 ], [ -74.0370042, 40.7398685 ], [ -74.0373866, 40.7399373 ], [ -74.0377626, 40.7400067 ], [ -74.0378547, 40.7400235 ], [ -74.0379375, 40.740037 ], [ -74.0386945, 40.74016730000001 ], [ -74.0387854, 40.7401835 ] ] } },
{ "type": "Feature", "properties": { "id": "450258112-232", "osm_way": 450258112, "name": "Adams Street", "class": "residential", "is_priority": false, "length_m": 200.0 }, "geometry": { "type": "LineString", "coordinates": [ [ -74.0350733, 40.745872099999985 ], [ -74.035056400000016, 40.7459333 ], [ -74.0349631, 40.7462426 ], [ -74.0347071, 40.7470908 ], [ -74.0346894, 40.7471498 ], [ -74.0346705, 40.7472109 ], [ -74.034547051584298, 40.747628646778992 ] ] } },
{ "type": "Feature", "properties": { "id": "450258112-233", "osm_way": 450258112, "name": "Adams Street", "class": "residential", "is_priority": false, "length_m": 86.3 }, "geometry": { "type": "LineString", "coordinates": [ [ -74.034547051584298, 40.747628646778992 ], [ -74.0344585, 40.7479283 ], [ -74.0343397, 40.7483294 ], [ -74.03432, 40.7483864 ] ] } },
{ "type": "Feature", "properties": { "id": "450258116-234", "osm_way": 450258116, "name": "12th Street", "class": "tertiary", "is_priority": false, "length_m": 163.8 }, "geometry": { "type": "LineString", "coordinates": [ [ -74.0331563, 40.7522339 ], [ -74.0330463, 40.752215099999987 ], [ -74.0323356, 40.7520895 ], [ -74.0322972, 40.7520827 ], [ -74.0322175, 40.7520687 ], [ -74.0321186, 40.7520516 ], [ -74.031402300000011, 40.751928 ], [ -74.0313575, 40.7519203 ], [ -74.0312647, 40.7519043 ] ] } },
{ "type": "Feature", "properties": { "id": "450258117-235", "osm_way": 450258117, "name": "Clinton Street", "class": "unclassified", "is_priority": false, "length_m": 106.6 }, "geometry": { "type": "LineString", "coordinates": [ [ -74.0312647, 40.7519043 ], [ -74.0312494, 40.7519564 ], [ -74.031106, 40.7524425 ], [ -74.0310068, 40.752779 ], [ -74.030988400000012, 40.7528414 ] ] } },
{ "type": "Feature", "properties": { "id": "450258118-236", "osm_way": 450258118, "name": "Hudson Street", "class": "tertiary", "is_priority": false, "length_m": 132.5 }, "geometry": { "type": "LineString", "coordinates": [ [ -74.0256399, 40.7509127 ], [ -74.025662, 40.7508406 ], [ -74.0259756, 40.7498186 ], [ -74.0259955, 40.7497506 ] ] } },
{ "type": "Feature", "properties": { "id": "450259392-237", "osm_way": 450259392, "name": "Bloomfield Street", "class": "tertiary", "is_priority": false, "length_m": 200.0 }, "geometry": { "type": "LineString", "coordinates": [ [ -74.0313215, 40.7388763 ], [ -74.0313048, 40.7389321 ], [ -74.0309482, 40.7400849 ], [ -74.0309363, 40.7401462 ], [ -74.0309273, 40.7402068 ], [ -74.030797526293625, 40.740632634168037 ] ] } },
{ "type": "Feature", "properties": { "id": "450259392-238", "osm_way": 450259392, "name": "Bloomfield Street", "class": "tertiary", "is_priority": false, "length_m": 89.4 }, "geometry": { "type": "LineString", "coordinates": [ [ -74.030797526293625, 40.740632634168037 ], [ -74.0305793, 40.7413487 ], [ -74.0305487, 40.7414154 ] ] } },
{ "type": "Feature", "properties": { "id": "450259395-239", "osm_way": 450259395, "name": "1st Street", "class": "tertiary", "is_priority": false, "length_m": 41.4 }, "geometry": { "type": "LineString", "coordinates": [ [ -74.031719800000019, 40.7375912 ], [ -74.0316331, 40.737576 ], [ -74.0312422, 40.7375073 ] ] } },
{ "type": "Feature", "properties": { "id": "450259399-240", "osm_way": 450259399, "name": "Washington Street", "class": "secondary", "is_priority": false, "length_m": 160.4 }, "geometry": { "type": "LineString", "coordinates": [ [ -74.0305525, 40.7385889 ], [ -74.0305338, 40.7386503 ], [ -74.0305073, 40.7387315 ], [ -74.0304825, 40.7388066 ], [ -74.0301488, 40.73991560000001 ], [ -74.0301237, 40.7399965 ] ] } },
{ "type": "Feature", "properties": { "id": "450259402-241", "osm_way": 450259402, "name": "1st Street", "class": "tertiary", "is_priority": false, "length_m": 95.1 }, "geometry": { "type": "LineString", "coordinates": [ [ -74.0308991, 40.737447 ], [ -74.03077420000001, 40.7374269 ], [ -74.0303365, 40.737356399999989 ], [ -74.0299427, 40.7372919 ], [ -74.0299044, 40.7372856 ], [ -74.0297969, 40.7372689 ] ] } },
{ "type": "Feature", "properties": { "id": "450259404-242", "osm_way": 450259404, "name": "Washington Street", "class": "secondary", "is_priority": false, "length_m": 160.4 }, "geometry": { "type": "LineString", "coordinates": [ [ -74.0291155, 40.7433529 ], [ -74.0291015, 40.7434003 ], [ -74.0290771, 40.7434827 ], [ -74.0290514, 40.743567 ], [ -74.0287123, 40.7446702 ], [ -74.0286848, 40.7447598 ] ] } },
{ "type": "Feature", "properties": { "id": "450259405-243", "osm_way": 450259405, "name": "Clinton Street", "class": "tertiary", "is_priority": false, "length_m": 200.0 }, "geometry": { "type": "LineString", "coordinates": [ [ -74.0332177, 40.7455457 ], [ -74.0331973, 40.7456139 ], [ -74.0328509, 40.7467702 ], [ -74.0328336, 40.7468281 ], [ -74.0328149, 40.7468856 ], [ -74.032677274703744, 40.747299671519649 ] ] } },
{ "type": "Feature", "properties": { "id": "450259405-244", "osm_way": 450259405, "name": "Clinton Street", "class": "tertiary", "is_priority": false, "length_m": 200.0 }, "geometry": { "type": "LineString", "coordinates": [ [ -74.032677274703744, 40.747299671519649 ], [ -74.032538, 40.7477187 ], [ -74.0324429, 40.7480386 ], [ -74.0324288, 40.7480858 ], [ -74.0324087, 40.7481497 ], [ -74.0322287, 40.7487324 ], [ -74.03213028149618, 40.749052491829964 ] ] } },
{ "type": "Feature", "properties": { "id": "450259405-245", "osm_way": 450259405, "name": "Clinton Street", "class": "tertiary", "is_priority": false, "length_m": 200.0 }, "geometry": { "type": "LineString", "coordinates": [ [ -74.03213028149618, 40.749052491829964 ], [ -74.0320579, 40.7492879 ], [ -74.0320506, 40.7493116 ], [ -74.0320364, 40.749362799999986 ], [ -74.03202, 40.7494206 ], [ -74.0319405, 40.7497053 ], [ -74.0316832, 40.7505801 ], [ -74.0316663, 40.7506367 ], [ -74.0316437, 40.7507017 ], [ -74.031610324468446, 40.750810047179961 ] ] } },
{ "type": "Feature", "properties": { "id": "450259405-246", "osm_way": 450259405, "name": "Clinton Street", "class": "tertiary", "is_priority": false, "length_m": 124.9 }, "geometry": { "type": "LineString", "coordinates": [ [ -74.031610324468446, 40.750810047179961 ], [ -74.031409, 40.7514636 ], [ -74.031293, 40.7518227 ], [ -74.0312874, 40.7518401 ], [ -74.0312647, 40.7519043 ] ] } },
{ "type": "Feature", "properties": { "id": "450259406-247", "osm_way": 450259406, "name": "4th Street", "class": "tertiary", "is_priority": false, "length_m": 80.9 }, "geometry": { "type": "LineString", "coordinates": [ [ -74.0342799, 40.7420842 ], [ -74.034366800000015, 40.7421067 ], [ -74.0351073, 40.742236199999986 ], [ -74.035211, 40.7422543 ] ] } },
{ "type": "Feature", "properties": { "id": "450259407-248", "osm_way": 450259407, "name": "Washington Street", "class": "secondary", "is_priority": false, "length_m": 53.0 }, "geometry": { "type": "LineString", "coordinates": [ [ -74.0285648, 40.7451547 ], [ -74.0285459, 40.745216799999987 ], [ -74.0284375, 40.7455729 ], [ -74.0284231, 40.7456201 ] ] } },
{ "type": "Feature", "properties": { "id": "450259410-249", "osm_way": 450259410, "name": "Washington Street", "class": "secondary", "is_priority": false, "length_m": 159.5 }, "geometry": { "type": "LineString", "coordinates": [ [ -74.0282998, 40.7460235 ], [ -74.0282764, 40.7460981 ], [ -74.0279281, 40.747211099999987 ], [ -74.0279033, 40.74729 ], [ -74.0278785, 40.7473695 ], [ -74.0278623, 40.7474214 ] ] } },
{ "type": "Feature", "properties": { "id": "450259412-250", "osm_way": 450259412, "name": "8th Street", "class": "residential", "is_priority": false, "length_m": 200.0 }, "geometry": { "type": "LineString", "coordinates": [ [ -74.0282998, 40.7460235 ], [ -74.0284217, 40.7460454 ], [ -74.0289867, 40.7461466 ], [ -74.0290179, 40.7461522 ], [ -74.0291091, 40.7461675 ], [ -74.029184900000018, 40.7461803 ], [ -74.0299172, 40.7463103 ], [ -74.0299484, 40.7463158 ], [ -74.030028, 40.746329899999985 ], [ -74.0301094, 40.7463449 ], [ -74.030605606843736, 40.746436174558951 ] ] } },
{ "type": "Feature", "properties": { "id": "450259412-251", "osm_way": 450259412, "name": "8th Street", "class": "residential", "is_priority": false, "length_m": 30.6 }, "geometry": { "type": "LineString", "coordinates": [ [ -74.030605606843736, 40.746436174558951 ], [ -74.030858, 40.7464826 ], [ -74.0308839, 40.7464874 ], [ -74.0309581, 40.7465019 ] ] } },
{ "type": "Feature", "properties": { "id": "450259414-252", "osm_way": 450259414, "name": "Washington Street", "class": "secondary", "is_priority": false, "length_m": 11.9 }, "geometry": { "type": "LineString", "coordinates": [ [ -74.0271321, 40.7498417 ], [ -74.0270988, 40.749946299999984 ] ] } },
{ "type": "Feature", "properties": { "id": "450259416-253", "osm_way": 450259416, "name": "Washington Street", "class": "secondary", "is_priority": false, "length_m": 59.0 }, "geometry": { "type": "LineString", "coordinates": [ [ -74.02625, 40.7527182 ], [ -74.0262298, 40.7527814 ], [ -74.0261145, 40.7531422 ], [ -74.0260827, 40.7532342 ] ] } },
{ "type": "Feature", "properties": { "id": "450259417-254", "osm_way": 450259417, "name": "Willow Avenue", "class": "secondary", "is_priority": false, "length_m": 39.6 }, "geometry": { "type": "LineString", "coordinates": [ [ -74.0299132, 40.75301420000001 ], [ -74.0299357, 40.752952 ], [ -74.0300255, 40.7526683 ] ] } },
{ "type": "Feature", "properties": { "id": "450259418-255", "osm_way": 450259418, "name": "Willow Avenue", "class": "secondary", "is_priority": false, "length_m": 38.6 }, "geometry": { "type": "LineString", "coordinates": [ [ -74.0298044, 40.7533521 ], [ -74.0298114, 40.7533313 ], [ -74.0298607, 40.75318080000001 ], [ -74.0298631, 40.7531734 ], [ -74.0298956, 40.753070400000013 ], [ -74.0299132, 40.75301420000001 ] ] } },
{ "type": "Feature", "properties": { "id": "450259419-256", "osm_way": 450259419, "name": "Grand Street", "class": "residential", "is_priority": false, "length_m": 200.0 }, "geometry": { "type": "LineString", "coordinates": [ [ -74.0319298, 40.7530122 ], [ -74.031951, 40.752942699999984 ], [ -74.0321977, 40.7521334 ], [ -74.0322175, 40.7520687 ], [ -74.0322346, 40.7520097 ], [ -74.0322799, 40.7518542 ], [ -74.0323454, 40.7516294 ], [ -74.032454240706187, 40.751255344480604 ] ] } },
{ "type": "Feature", "properties": { "id": "450259419-257", "osm_way": 450259419, "name": "Grand Street", "class": "residential", "is_priority": false, "length_m": 52.0 }, "geometry": { "type": "LineString", "coordinates": [ [ -74.032454240706187, 40.751255344480604 ], [ -74.032475, 40.751184 ], [ -74.0325628, 40.7508911 ], [ -74.0325713, 40.7508627 ], [ -74.0325933, 40.7507993 ] ] } },
{ "type": "Feature", "properties": { "id": "450259420-258", "osm_way": 450259420, "name": "13th Street", "class": "residential", "is_priority": false, "length_m": 161.0 }, "geometry": { "type": "LineString", "coordinates": [ [ -74.0328655, 40.7531736 ], [ -74.0329625, 40.7531928 ], [ -74.0336943, 40.7533257 ], [ -74.0337779, 40.7533409 ], [ -74.0338625, 40.753356 ], [ -74.0346214, 40.7534915 ], [ -74.0347207, 40.7535092 ] ] } },
{ "type": "Feature", "properties": { "id": "450259421-259", "osm_way": 450259421, "name": "Adams Street", "class": "residential", "is_priority": false, "length_m": 60.6 }, "geometry": { "type": "LineString", "coordinates": [ [ -74.0335958, 40.7507645 ], [ -74.0336434, 40.7506063 ], [ -74.0336793, 40.7504868 ], [ -74.033756, 40.750232 ] ] } },
{ "type": "Feature", "properties": { "id": "450259429-260", "osm_way": 450259429, "name": "4th Street", "class": "tertiary", "is_priority": false, "length_m": 200.0 }, "geometry": { "type": "LineString", "coordinates": [ [ -74.035211, 40.7422543 ], [ -74.0352929, 40.7422524 ], [ -74.0360285, 40.7423771 ], [ -74.0360506, 40.7423808 ], [ -74.0361338, 40.7423954 ], [ -74.036237, 40.7424125 ], [ -74.0369569, 40.7425441 ], [ -74.0369852, 40.7425493 ], [ -74.0370639, 40.7425635 ], [ -74.0371653, 40.7425828 ], [ -74.037519862635321, 40.742647217501172 ] ] } },
{ "type": "Feature", "properties": { "id": "450259429-261", "osm_way": 450259429, "name": "4th Street", "class": "tertiary", "is_priority": false, "length_m": 42.2 }, "geometry": { "type": "LineString", "coordinates": [ [ -74.037519862635321, 40.742647217501172 ], [ -74.037888, 40.7427141 ], [ -74.037916800000019, 40.7427193 ], [ -74.0380059, 40.7427355 ] ] } },
{ "type": "Feature", "properties": { "id": "450259430-262", "osm_way": 450259430, "name": "Grand Street", "class": "residential", "is_priority": false, "length_m": 146.6 }, "geometry": { "type": "LineString", "coordinates": [ [ -74.035211, 40.7422543 ], [ -74.035234, 40.7421785 ], [ -74.0355861, 40.7410195 ], [ -74.0356018, 40.7409676 ] ] } },
{ "type": "Feature", "properties": { "id": "450259433-263", "osm_way": 450259433, "name": "4th Street", "class": "tertiary", "is_priority": false, "length_m": 80.7 }, "geometry": { "type": "LineString", "coordinates": [ [ -74.0380059, 40.7427355 ], [ -74.0380875, 40.7427499 ], [ -74.0388138, 40.7428784 ], [ -74.0388503, 40.7428849 ], [ -74.0389372, 40.7428997 ] ] } },
{ "type": "Feature", "properties": { "id": "450259437-264", "osm_way": 450259437, "name": "6th Street", "class": "residential", "is_priority": false, "length_m": 8.0 }, "geometry": { "type": "LineString", "coordinates": [ [ -74.0269962, 40.7431038 ], [ -74.0270859, 40.7431256 ] ] } },
{ "type": "Feature", "properties": { "id": "450259438-265", "osm_way": 450259438, "name": "1st Street", "class": "tertiary", "is_priority": false, "length_m": 200.0 }, "geometry": { "type": "LineString", "coordinates": [ [ -74.0410449, 40.7392437 ], [ -74.0409327, 40.739223699999989 ], [ -74.0402403, 40.7391005 ], [ -74.0401967, 40.7390927 ], [ -74.0401056, 40.7390765 ], [ -74.0399995, 40.7390578 ], [ -74.0392631, 40.7389278 ], [ -74.0391673, 40.7389109 ], [ -74.0390683, 40.738893 ], [ -74.038738493413916, 40.738833676771165 ] ] } },
{ "type": "Feature", "properties": { "id": "450259438-266", "osm_way": 450259438, "name": "1st Street", "class": "tertiary", "is_priority": false, "length_m": 124.0 }, "geometry": { "type": "LineString", "coordinates": [ [ -74.038738493413916, 40.738833676771165 ], [ -74.0383339, 40.7387609 ], [ -74.0382306, 40.7387423 ], [ -74.0381424, 40.7387278 ], [ -74.037731, 40.7386612 ], [ -74.037407, 40.7386072 ], [ -74.0373053, 40.7385905 ] ] } },
{ "type": "Feature", "properties": { "id": "450259439-267", "osm_way": 450259439, "name": "Jackson Street", "class": "tertiary", "is_priority": false, "length_m": 145.4 }, "geometry": { "type": "LineString", "coordinates": [ [ -74.0410449, 40.7392437 ], [ -74.0410219, 40.7393177 ], [ -74.0406739, 40.740436 ], [ -74.040666700000017, 40.740459199999975 ], [ -74.0406483, 40.7405185 ] ] } },
{ "type": "Feature", "properties": { "id": "450259442-268", "osm_way": 450259442, "name": "Grand Street", "class": "residential", "is_priority": false, "length_m": 200.0 }, "geometry": { "type": "LineString", "coordinates": [ [ -74.0356018, 40.7409676 ], [ -74.0356193, 40.740909600000016 ], [ -74.0359681, 40.739749899999985 ], [ -74.0359849, 40.7396939 ], [ -74.0360049, 40.739629799999989 ], [ -74.036135213130478, 40.739212308746929 ] ] } },
{ "type": "Feature", "properties": { "id": "450259442-269", "osm_way": 450259442, "name": "Grand Street", "class": "residential", "is_priority": false, "length_m": 90.1 }, "geometry": { "type": "LineString", "coordinates": [ [ -74.036135213130478, 40.739212308746929 ], [ -74.0361909, 40.7390339 ], [ -74.0362407, 40.73887 ], [ -74.0363511, 40.738514 ], [ -74.0363584, 40.7384907 ], [ -74.0363796, 40.7384224 ] ] } },
{ "type": "Feature", "properties": { "id": "450259443-270", "osm_way": 450259443, "name": "1st Street", "class": "tertiary", "is_priority": false, "length_m": 161.8 }, "geometry": { "type": "LineString", "coordinates": [ [ -74.0363796, 40.7384224 ], [ -74.0362764, 40.73840389999998 ], [ -74.035548, 40.7382741 ], [ -74.035432, 40.73825380000001 ], [ -74.0353085, 40.7382306 ], [ -74.0346135, 40.7381028 ], [ -74.0345149, 40.7380858 ] ] } },
{ "type": "Feature", "properties": { "id": "450259444-271", "osm_way": 450259444, "name": "Grand Street", "class": "residential", "is_priority": false, "length_m": 135.4 }, "geometry": { "type": "LineString", "coordinates": [ [ -74.0363796, 40.7384224 ], [ -74.0363981, 40.7383619 ], [ -74.0364734, 40.7381114 ], [ -74.0366251, 40.7376086 ], [ -74.0366269, 40.7376025 ], [ -74.0366961, 40.7373699 ], [ -74.0367012, 40.7373535 ], [ -74.03671, 40.7373256 ], [ -74.0367392, 40.7372337 ] ] } },
{ "type": "Feature", "properties": { "id": "450259445-272", "osm_way": 450259445, "name": "Willow Avenue", "class": "secondary", "is_priority": false, "length_m": 61.3 }, "geometry": { "type": "LineString", "coordinates": [ [ -74.0345149, 40.7380858 ], [ -74.0345321, 40.7380329 ], [ -74.0346539, 40.7376458 ], [ -74.0346628, 40.7376175 ], [ -74.0346844, 40.7375485 ] ] } },
{ "type": "Feature", "properties": { "id": "450259446-273", "osm_way": 450259446, "name": "1st Street", "class": "tertiary", "is_priority": false, "length_m": 200.0 }, "geometry": { "type": "LineString", "coordinates": [ [ -74.0345149, 40.7380858 ], [ -74.0344169, 40.7380688 ], [ -74.0336705, 40.7379415 ], [ -74.033587200000014, 40.737926799999983 ], [ -74.0334842, 40.7379096 ], [ -74.0327412, 40.7377743 ], [ -74.0326528, 40.7377573 ], [ -74.0325546, 40.7377382 ], [ -74.032208197886817, 40.737677169449796 ] ] } },
{ "type": "Feature", "properties": { "id": "450259446-274", "osm_way": 450259446, "name": "1st Street", "class": "tertiary", "is_priority": false, "length_m": 42.3 }, "geometry": { "type": "LineString", "coordinates": [ [ -74.032208197886817, 40.737677169449796 ], [ -74.0317895, 40.7376034 ], [ -74.031719800000019, 40.7375912 ] ] } },
{ "type": "Feature", "properties": { "id": "509522181-275", "osm_way": 509522181, "name": "Adams Street", "class": "residential", "is_priority": false, "length_m": 144.1 }, "geometry": { "type": "LineString", "coordinates": [ [ -74.0373053, 40.7385905 ], [ -74.0372847, 40.7386576 ], [ -74.0369368, 40.7397941 ], [ -74.0369178, 40.7398548 ] ] } },
{ "type": "Feature", "properties": { "id": "509522182-276", "osm_way": 509522182, "name": "1st Street", "class": "tertiary", "is_priority": false, "length_m": 80.4 }, "geometry": { "type": "LineString", "coordinates": [ [ -74.0373053, 40.7385905 ], [ -74.0372013, 40.7385716 ], [ -74.0370334, 40.738541 ], [ -74.0366013, 40.7384625 ], [ -74.0364732, 40.7384393 ], [ -74.0363796, 40.7384224 ] ] } },
{ "type": "Feature", "properties": { "id": "551933931-277", "osm_way": 551933931, "name": "13th Street", "class": "residential", "is_priority": false, "length_m": 81.7 }, "geometry": { "type": "LineString", "coordinates": [ [ -74.030988400000012, 40.7528414 ], [ -74.0310837, 40.7528587 ], [ -74.0317939, 40.7529876 ], [ -74.0318276, 40.752993700000012 ], [ -74.0319298, 40.7530122 ] ] } },
{ "type": "Feature", "properties": { "id": "551933932-278", "osm_way": 551933932, "name": "Clinton Street", "class": "unclassified", "is_priority": false, "length_m": 128.2 }, "geometry": { "type": "LineString", "coordinates": [ [ -74.030988400000012, 40.7528414 ], [ -74.0309675, 40.7529022 ], [ -74.0309612, 40.7529217 ], [ -74.030874, 40.7531928 ], [ -74.0308249, 40.753351499999987 ], [ -74.0306399, 40.7539658 ] ] } },
{ "type": "Feature", "properties": { "id": "555580422-279", "osm_way": 555580422, "name": "Sinatra Drive North", "class": "residential", "is_priority": false, "length_m": 154.6 }, "geometry": { "type": "LineString", "coordinates": [ [ -74.0239155, 40.750597500000012 ], [ -74.0239085, 40.7505634 ], [ -74.023839, 40.7501334 ], [ -74.0238148, 40.750032399999988 ], [ -74.0238088, 40.7499463 ], [ -74.0238127, 40.7499023 ], [ -74.02394390000002, 40.7494732 ], [ -74.0239667, 40.7493911 ], [ -74.0239912, 40.7492958 ], [ -74.024011, 40.7492268 ] ] } },
{ "type": "Feature", "properties": { "id": "572095813-280", "osm_way": 572095813, "name": "", "class": "residential", "is_priority": false, "length_m": 23.0 }, "geometry": { "type": "LineString", "coordinates": [ [ -74.0425191, 40.7408547 ], [ -74.0424776, 40.7409832 ], [ -74.0424655, 40.7410196 ], [ -74.0424534, 40.7410559 ] ] } },
{ "type": "Feature", "properties": { "id": "579737258-281", "osm_way": 579737258, "name": "Hudson Street", "class": "tertiary", "is_priority": false, "length_m": 78.9 }, "geometry": { "type": "LineString", "coordinates": [ [ -74.029973, 40.7367322 ], [ -74.0299936, 40.7366483 ], [ -74.0300731, 40.7364047 ], [ -74.030154, 40.7361277 ], [ -74.0301706, 40.736038 ] ] } },
{ "type": "Feature", "properties": { "id": "579737263-282", "osm_way": 579737263, "name": "Newark Street", "class": "tertiary", "is_priority": false, "length_m": 11.5 }, "geometry": { "type": "LineString", "coordinates": [ [ -74.029973, 40.7367322 ], [ -74.0300658, 40.7367585 ], [ -74.0301019, 40.7367637 ] ] } },
{ "type": "Feature", "properties": { "id": "579737264-283", "osm_way": 579737264, "name": "Paterson Avenue", "class": "secondary", "is_priority": false, "length_m": 73.7 }, "geometry": { "type": "LineString", "coordinates": [ [ -74.041445100000018, 40.7378992 ], [ -74.0415261, 40.7379846 ], [ -74.0418313, 40.7383048 ], [ -74.0418962, 40.738373 ], [ -74.0419573, 40.7384372 ] ] } },
{ "type": "Feature", "properties": { "id": "579737265-284", "osm_way": 579737265, "name": "Observer Highway", "class": "secondary", "is_priority": false, "length_m": 200.0 }, "geometry": { "type": "LineString", "coordinates": [ [ -74.0350767, 40.7362369 ], [ -74.0351778, 40.7362524 ], [ -74.0361078, 40.73641270000001 ], [ -74.037385538333581, 40.736638483090978 ] ] } },
{ "type": "Feature", "properties": { "id": "579737265-285", "osm_way": 579737265, "name": "Observer Highway", "class": "secondary", "is_priority": false, "length_m": 4.5 }, "geometry": { "type": "LineString", "coordinates": [ [ -74.037385538333581, 40.736638483090978 ], [ -74.0374377, 40.7366477 ] ] } },
{ "type": "Feature", "properties": { "id": "579899389-286", "osm_way": 579899389, "name": "Observer Highway", "class": "secondary", "is_priority": false, "length_m": 50.6 }, "geometry": { "type": "LineString", "coordinates": [ [ -74.038544900000019, 40.7368263 ], [ -74.0388237, 40.7368453 ], [ -74.0389629, 40.7368497 ], [ -74.0391426, 40.7368469 ] ] } },
{ "type": "Feature", "properties": { "id": "582399790-287", "osm_way": 582399790, "name": "12th Street", "class": "tertiary", "is_priority": false, "length_m": 200.0 }, "geometry": { "type": "LineString", "coordinates": [ [ -74.030306, 40.7517412 ], [ -74.0301436, 40.751712 ], [ -74.0295388, 40.7516057 ], [ -74.0295043, 40.7515996 ], [ -74.0294267, 40.7515859 ], [ -74.0293386, 40.7515549 ], [ -74.0286071, 40.7514239 ], [ -74.0285743, 40.751418 ], [ -74.0285016, 40.7514116 ], [ -74.0284078, 40.7514051 ], [ -74.028001733045159, 40.751334169097376 ] ] } },
{ "type": "Feature", "properties": { "id": "582399790-288", "osm_way": 582399790, "name": "12th Street", "class": "tertiary", "is_priority": false, "length_m": 200.0 }, "geometry": { "type": "LineString", "coordinates": [ [ -74.028001733045159, 40.751334169097376 ], [ -74.027659, 40.7512743 ], [ -74.0276271, 40.7512687 ], [ -74.027555, 40.7512559 ], [ -74.0274754, 40.7512409 ], [ -74.0268867, 40.7511338 ], [ -74.0267436, 40.7511092 ], [ -74.0265977, 40.7510831 ], [ -74.0257542, 40.7509323 ], [ -74.025695522824449, 40.750922238137655 ] ] } },
{ "type": "Feature", "properties": { "id": "582399790-289", "osm_way": 582399790, "name": "12th Street", "class": "tertiary", "is_priority": false, "length_m": 4.8 }, "geometry": { "type": "LineString", "coordinates": [ [ -74.025695522824449, 40.750922238137655 ], [ -74.0256399, 40.7509127 ] ] } },
{ "type": "Feature", "properties": { "id": "582399804-290", "osm_way": 582399804, "name": "Harrison Street", "class": "residential", "is_priority": false, "length_m": 107.8 }, "geometry": { "type": "LineString", "coordinates": [ [ -74.0425249, 40.7376055 ], [ -74.042547, 40.7375381 ], [ -74.0426747, 40.7370955 ], [ -74.042803491790082, 40.736658220849215 ] ] } },
{ "type": "Feature", "properties": { "id": "582399808-291", "osm_way": 582399808, "name": "Monroe Street", "class": "secondary", "is_priority": false, "length_m": 11.1 }, "geometry": { "type": "LineString", "coordinates": [ [ -74.0406626, 40.7372519 ], [ -74.0406877, 40.737153399999983 ] ] } },
{ "type": "Feature", "properties": { "id": "582410884-292", "osm_way": 582410884, "name": "Clinton Street", "class": "unclassified", "is_priority": false, "length_m": 138.9 }, "geometry": { "type": "LineString", "coordinates": [ [ -74.0302647, 40.7552364 ], [ -74.0302353, 40.755322299999989 ], [ -74.0301799, 40.7554991 ], [ -74.0301273, 40.755667 ], [ -74.0299048, 40.756377 ], [ -74.029882500000014, 40.7564538 ] ] } },
{ "type": "Feature", "properties": { "id": "582410887-293", "osm_way": 582410887, "name": "2nd Street", "class": "residential", "is_priority": false, "length_m": 200.0 }, "geometry": { "type": "LineString", "coordinates": [ [ -74.0313215, 40.7388763 ], [ -74.031401, 40.7388902 ], [ -74.0321547, 40.7390223 ], [ -74.0321798, 40.7390267 ], [ -74.0322599, 40.7390407 ], [ -74.0323342, 40.7390543 ], [ -74.0329917, 40.7391713 ], [ -74.033109400000015, 40.7391923 ], [ -74.0331866, 40.7392056 ], [ -74.0332652, 40.7392182 ], [ -74.033629916740708, 40.739279607546784 ] ] } },
{ "type": "Feature", "properties": { "id": "582410887-294", "osm_way": 582410887, "name": "2nd Street", "class": "residential", "is_priority": false, "length_m": 200.0 }, "geometry": { "type": "LineString", "coordinates": [ [ -74.033629916740708, 40.739279607546784 ], [ -74.0340094, 40.7393435 ], [ -74.0340433, 40.7393492 ], [ -74.0341239, 40.7393623 ], [ -74.0342116, 40.7393784 ], [ -74.0349226, 40.7395089 ], [ -74.034957, 40.7395152 ], [ -74.0350536, 40.739533 ], [ -74.0351573, 40.7395509 ], [ -74.0354466, 40.7396009 ], [ -74.0358698, 40.739674 ], [ -74.0358966, 40.739678599999984 ], [ -74.035937463731969, 40.739685680587939 ] ] } },
{ "type": "Feature", "properties": { "id": "582410887-295", "osm_way": 582410887, "name": "2nd Street", "class": "residential", "is_priority": false, "length_m": 84.9 }, "geometry": { "type": "LineString", "coordinates": [ [ -74.035937463731969, 40.739685680587939 ], [ -74.0359849, 40.7396939 ], [ -74.0360688, 40.7397084 ], [ -74.0368036, 40.7398355 ], [ -74.0368216, 40.739838599999985 ], [ -74.0369178, 40.7398548 ] ] } },
{ "type": "Feature", "properties": { "id": "582410890-296", "osm_way": 582410890, "name": "11th Street", "class": "residential", "is_priority": false, "length_m": 80.9 }, "geometry": { "type": "LineString", "coordinates": [ [ -74.0335958, 40.7507645 ], [ -74.0337047, 40.750784 ], [ -74.0339714, 40.7508325 ], [ -74.0341786, 40.75087 ], [ -74.0344018, 40.7509098 ], [ -74.0344291, 40.7509147 ], [ -74.0345276, 40.7509327 ] ] } },
{ "type": "Feature", "properties": { "id": "582410892-297", "osm_way": 582410892, "name": "Grand Street", "class": "residential", "is_priority": false, "length_m": 134.0 }, "geometry": { "type": "LineString", "coordinates": [ [ -74.0315601, 40.7541864 ], [ -74.0315786, 40.7541273 ], [ -74.0319119, 40.7530655 ], [ -74.0319298, 40.7530122 ] ] } },
{ "type": "Feature", "properties": { "id": "582410895-298", "osm_way": 582410895, "name": "Madison Street", "class": "unclassified", "is_priority": false, "length_m": 84.3 }, "geometry": { "type": "LineString", "coordinates": [ [ -74.0339924, 40.7558568 ], [ -74.0339623, 40.755952 ], [ -74.0338673, 40.7562523 ], [ -74.0337589, 40.7565948 ] ] } },
{ "type": "Feature", "properties": { "id": "582410898-299", "osm_way": 582410898, "name": "3rd Street", "class": "residential", "is_priority": false, "length_m": 200.0 }, "geometry": { "type": "LineString", "coordinates": [ [ -74.0402513, 40.74177550000001 ], [ -74.040165, 40.7417605 ], [ -74.0397794, 40.7416934 ], [ -74.0397452, 40.7416874 ], [ -74.0397139, 40.741682 ], [ -74.0396808, 40.7416762 ], [ -74.0394597, 40.741637699999984 ], [ -74.0394241, 40.7416315 ], [ -74.0393323, 40.7416155 ], [ -74.0392349, 40.741599 ], [ -74.0385107, 40.7414764 ], [ -74.0384812, 40.7414714 ], [ -74.0383941, 40.7414567 ], [ -74.0383079, 40.7414413 ], [ -74.037941496534913, 40.741376452224507 ] ] } },
{ "type": "Feature", "properties": { "id": "582410898-300", "osm_way": 582410898, "name": "3rd Street", "class": "residential", "is_priority": false, "length_m": 122.7 }, "geometry": { "type": "LineString", "coordinates": [ [ -74.037941496534913, 40.741376452224507 ], [ -74.037544, 40.7413061 ], [ -74.037467, 40.7412925 ], [ -74.0373795, 40.7412773 ], [ -74.0366495, 40.7411499 ], [ -74.0366189, 40.7411446 ], [ -74.0365256, 40.7411284 ] ] } },
{ "type": "Feature", "properties": { "id": "582796421-301", "osm_way": 582796421, "name": "Willow Avenue", "class": "secondary", "is_priority": false, "length_m": 115.6 }, "geometry": { "type": "LineString", "coordinates": [ [ -74.030306, 40.7517412 ], [ -74.03033, 40.7516625 ], [ -74.0306147, 40.75072680000001 ] ] } },
{ "type": "Feature", "properties": { "id": "582796426-302", "osm_way": 582796426, "name": "12th Street", "class": "tertiary", "is_priority": false, "length_m": 54.3 }, "geometry": { "type": "LineString", "coordinates": [ [ -74.0312647, 40.7519043 ], [ -74.0311784, 40.7518885 ], [ -74.0309163, 40.7518447 ], [ -74.0306959, 40.751807 ], [ -74.0306367, 40.7517969 ] ] } },
{ "type": "Feature", "properties": { "id": "582796431-303", "osm_way": 582796431, "name": "Newark Street", "class": "secondary", "is_priority": false, "length_m": 80.9 }, "geometry": { "type": "LineString", "coordinates": [ [ -74.0356249, 40.7374091 ], [ -74.0355049, 40.737426699999986 ], [ -74.0352888, 40.7374584 ], [ -74.0348244, 40.7375266 ], [ -74.0347669, 40.737535 ], [ -74.0346844, 40.7375485 ] ] } },
{ "type": "Feature", "properties": { "id": "583837409-304", "osm_way": 583837409, "name": "8th Street", "class": "residential", "is_priority": false, "length_m": 200.0 }, "geometry": { "type": "LineString", "coordinates": [ [ -74.0337676, 40.7469865 ], [ -74.0338492, 40.7469994 ], [ -74.0345699, 40.7471278 ], [ -74.0346009, 40.7471333 ], [ -74.0346894, 40.7471498 ], [ -74.0347948, 40.7471682 ], [ -74.0354984, 40.7472908 ], [ -74.0355264, 40.7472957 ], [ -74.035626, 40.7473138 ], [ -74.0357131, 40.747331699999989 ], [ -74.03607410422353, 40.74739680797839 ] ] } },
{ "type": "Feature", "properties": { "id": "583837409-305", "osm_way": 583837409, "name": "8th Street", "class": "residential", "is_priority": false, "length_m": 200.0 }, "geometry": { "type": "LineString", "coordinates": [ [ -74.03607410422353, 40.74739680797839 ], [ -74.0364317, 40.7474613 ], [ -74.0364635, 40.747467 ], [ -74.0365538, 40.7474833 ], [ -74.0366395, 40.7474985 ], [ -74.0369191, 40.74754810000001 ], [ -74.0373596, 40.7476218 ], [ -74.0373962, 40.7476281 ], [ -74.0375064, 40.7476474 ], [ -74.0375603, 40.7476666 ], [ -74.0376168, 40.7476759 ], [ -74.038275, 40.7477882 ], [ -74.0383162, 40.7477952 ], [ -74.03837965109669, 40.747806019707852 ] ] } },
{ "type": "Feature", "properties": { "id": "583837409-306", "osm_way": 583837409, "name": "8th Street", "class": "residential", "is_priority": false, "length_m": 3.5 }, "geometry": { "type": "LineString", "coordinates": [ [ -74.03837965109669, 40.747806019707852 ], [ -74.03842, 40.7478129 ] ] } },
{ "type": "Feature", "properties": { "id": "583837411-307", "osm_way": 583837411, "name": "Grand Street", "class": "residential", "is_priority": false, "length_m": 200.0 }, "geometry": { "type": "LineString", "coordinates": [ [ -74.0343741, 40.7450036 ], [ -74.034528, 40.7445007 ], [ -74.0345432, 40.744451 ], [ -74.0345704, 40.7443602 ], [ -74.0349009, 40.743254199999988 ], [ -74.034902902852139, 40.743247490865421 ] ] } },
{ "type": "Feature", "properties": { "id": "583837411-308", "osm_way": 583837411, "name": "Grand Street", "class": "residential", "is_priority": false, "length_m": 113.3 }, "geometry": { "type": "LineString", "coordinates": [ [ -74.034902902852139, 40.743247490865421 ], [ -74.0349252, 40.743172799999989 ], [ -74.0349438, 40.7431131 ], [ -74.0349653, 40.743043900000011 ], [ -74.0351471, 40.7424596 ], [ -74.0351778, 40.7423626 ], [ -74.0351883, 40.7423295 ], [ -74.035211, 40.7422543 ] ] } },
{ "type": "Feature", "properties": { "id": "584850114-309", "osm_way": 584850114, "name": "3rd Street", "class": "residential", "is_priority": false, "length_m": 80.0 }, "geometry": { "type": "LineString", "coordinates": [ [ -74.0365256, 40.7411284 ], [ -74.0364448, 40.7411143 ], [ -74.0357189, 40.7409879 ], [ -74.0356796, 40.7409811 ], [ -74.0356018, 40.7409676 ] ] } },
{ "type": "Feature", "properties": { "id": "584850115-310", "osm_way": 584850115, "name": "Madison Street", "class": "tertiary", "is_priority": false, "length_m": 200.0 }, "geometry": { "type": "LineString", "coordinates": [ [ -74.0380059, 40.7427355 ], [ -74.0379905, 40.7427859 ], [ -74.0377456, 40.7435878 ], [ -74.0377392, 40.7436088 ], [ -74.0377208, 40.7436658 ], [ -74.0376998, 40.7437266 ], [ -74.037461525100227, 40.744488830605206 ] ] } },
{ "type": "Feature", "properties": { "id": "584850115-311", "osm_way": 584850115, "name": "Madison Street", "class": "tertiary", "is_priority": false, "length_m": 50.9 }, "geometry": { "type": "LineString", "coordinates": [ [ -74.037461525100227, 40.744488830605206 ], [ -74.0373429, 40.7448683 ], [ -74.0373222, 40.7449347 ] ] } },
{ "type": "Feature", "properties": { "id": "584850116-312", "osm_way": 584850116, "name": "Jackson Street", "class": "tertiary", "is_priority": false, "length_m": 146.1 }, "geometry": { "type": "LineString", "coordinates": [ [ -74.0402513, 40.74177550000001 ], [ -74.0402268, 40.7418554 ], [ -74.0399904, 40.7426265 ], [ -74.0399786, 40.742665 ], [ -74.0398922, 40.7429642 ], [ -74.0398838, 40.7429932 ], [ -74.039865, 40.7430582 ] ] } },
{ "type": "Feature", "properties": { "id": "584850117-313", "osm_way": 584850117, "name": "Madison Street", "class": "tertiary", "is_priority": false, "length_m": 200.0 }, "geometry": { "type": "LineString", "coordinates": [ [ -74.0387854, 40.7401835 ], [ -74.0387666, 40.7402459 ], [ -74.0384182, 40.7413801 ], [ -74.0384108, 40.741404 ], [ -74.0383941, 40.7414567 ], [ -74.0383776, 40.7415144 ], [ -74.0383333, 40.741668899999986 ], [ -74.038250547610772, 40.74193852804634 ] ] } },
{ "type": "Feature", "properties": { "id": "584850117-314", "osm_way": 584850117, "name": "Madison Street", "class": "tertiary", "is_priority": false, "length_m": 90.9 }, "geometry": { "type": "LineString", "coordinates": [ [ -74.038250547610772, 40.74193852804634 ], [ -74.0382272, 40.7420146 ], [ -74.0380255, 40.7426716 ], [ -74.0380059, 40.7427355 ] ] } },
{ "type": "Feature", "properties": { "id": "584850119-315", "osm_way": 584850119, "name": "6th Street", "class": "residential", "is_priority": false, "length_m": 195.5 }, "geometry": { "type": "LineString", "coordinates": [ [ -74.0382708, 40.745105 ], [ -74.0383486, 40.745118799999986 ], [ -74.0391041, 40.745253200000015 ], [ -74.0391957, 40.7452694 ], [ -74.0392764, 40.7452833 ], [ -74.0394257, 40.7453091 ], [ -74.0398779, 40.7453871 ], [ -74.0399285, 40.745395799999983 ], [ -74.0401291, 40.7454334 ], [ -74.0402432, 40.7454536 ], [ -74.0405256, 40.7455037 ] ] } },
{ "type": "Feature", "properties": { "id": "584850124-316", "osm_way": 584850124, "name": "6th Street", "class": "residential", "is_priority": false, "length_m": 82.3 }, "geometry": { "type": "LineString", "coordinates": [ [ -74.0373222, 40.7449347 ], [ -74.0374195, 40.7449522 ], [ -74.0381468, 40.7450828 ], [ -74.0381759, 40.745088 ], [ -74.0382708, 40.745105 ] ] } },
{ "type": "Feature", "properties": { "id": "584850127-317", "osm_way": 584850127, "name": "Monroe Street", "class": "residential", "is_priority": false, "length_m": 200.0 }, "geometry": { "type": "LineString", "coordinates": [ [ -74.0382708, 40.745105 ], [ -74.0382912, 40.7450384 ], [ -74.03863130000002, 40.7439259 ], [ -74.0386392, 40.7439 ], [ -74.0386614, 40.7438299 ], [ -74.0386769, 40.743776 ], [ -74.038803556922545, 40.743349589346678 ] ] } },
{ "type": "Feature", "properties": { "id": "584850127-318", "osm_way": 584850127, "name": "Monroe Street", "class": "residential", "is_priority": false, "length_m": 51.2 }, "geometry": { "type": "LineString", "coordinates": [ [ -74.038803556922545, 40.743349589346678 ], [ -74.0389218, 40.742951499999982 ], [ -74.0389372, 40.7428997 ] ] } },
{ "type": "Feature", "properties": { "id": "584850128-319", "osm_way": 584850128, "name": "4th Street", "class": "tertiary", "is_priority": false, "length_m": 80.3 }, "geometry": { "type": "LineString", "coordinates": [ [ -74.0389372, 40.7428997 ], [ -74.0390268, 40.742915 ], [ -74.0395242, 40.743 ], [ -74.0397454, 40.74303780000001 ], [ -74.039865, 40.7430582 ] ] } },
{ "type": "Feature", "properties": { "id": "584850133-320", "osm_way": 584850133, "name": "7th Street", "class": "residential", "is_priority": false, "length_m": 80.9 }, "geometry": { "type": "LineString", "coordinates": [ [ -74.0360067, 40.7460379 ], [ -74.0359302, 40.7460245 ], [ -74.0352116, 40.745896700000017 ], [ -74.0351686, 40.7458891 ], [ -74.0350733, 40.745872099999985 ] ] } },
{ "type": "Feature", "properties": { "id": "584850134-321", "osm_way": 584850134, "name": "Jefferson Street", "class": "tertiary", "is_priority": false, "length_m": 200.0 }, "geometry": { "type": "LineString", "coordinates": [ [ -74.0348964, 40.7497296 ], [ -74.0349145, 40.74967070000001 ], [ -74.0351752, 40.7488208 ], [ -74.03524, 40.7486095 ], [ -74.0352487, 40.748581 ], [ -74.0352673, 40.748523099999986 ], [ -74.0352827, 40.7484653 ], [ -74.03542931579382, 40.747974233035251 ] ] } },
{ "type": "Feature", "properties": { "id": "584850134-322", "osm_way": 584850134, "name": "Jefferson Street", "class": "tertiary", "is_priority": false, "length_m": 200.0 }, "geometry": { "type": "LineString", "coordinates": [ [ -74.03542931579382, 40.747974233035251 ], [ -74.0354762, 40.7478172 ], [ -74.035608, 40.7473758 ], [ -74.035626, 40.7473138 ], [ -74.0356445, 40.7472518 ], [ -74.0356873, 40.74710850000001 ], [ -74.0358965, 40.7464077 ], [ -74.035953342404454, 40.746217288273705 ] ] } },
{ "type": "Feature", "properties": { "id": "584850134-323", "osm_way": 584850134, "name": "Jefferson Street", "class": "tertiary", "is_priority": false, "length_m": 20.4 }, "geometry": { "type": "LineString", "coordinates": [ [ -74.035953342404454, 40.746217288273705 ], [ -74.0359814, 40.7461233 ], [ -74.035989500000014, 40.7460961 ], [ -74.0360067, 40.7460379 ] ] } },
{ "type": "Feature", "properties": { "id": "584850135-324", "osm_way": 584850135, "name": "Jefferson Street", "class": "tertiary", "is_priority": false, "length_m": 137.1 }, "geometry": { "type": "LineString", "coordinates": [ [ -74.0345276, 40.7509327 ], [ -74.0345445, 40.7508706 ], [ -74.0348823, 40.7497753 ], [ -74.0348964, 40.7497296 ] ] } },
{ "type": "Feature", "properties": { "id": "584850136-325", "osm_way": 584850136, "name": "Monroe Street", "class": "residential", "is_priority": false, "length_m": 139.2 }, "geometry": { "type": "LineString", "coordinates": [ [ -74.0363935, 40.7512617 ], [ -74.036414, 40.7511941 ], [ -74.0364645, 40.7510269 ], [ -74.0367584, 40.7500391 ] ] } },
{ "type": "Feature", "properties": { "id": "584850137-326", "osm_way": 584850137, "name": "Monroe Street", "class": "residential", "is_priority": false, "length_m": 136.5 }, "geometry": { "type": "LineString", "coordinates": [ [ -74.0360293, 40.7524597 ], [ -74.0362378, 40.751773900000011 ], [ -74.0363935, 40.7512617 ] ] } },
{ "type": "Feature", "properties": { "id": "584850138-327", "osm_way": 584850138, "name": "Adams Street", "class": "residential", "is_priority": false, "length_m": 23.6 }, "geometry": { "type": "LineString", "coordinates": [ [ -74.0335288, 40.750970799999983 ], [ -74.0335469, 40.750912 ], [ -74.0335958, 40.7507645 ] ] } },
{ "type": "Feature", "properties": { "id": "584850139-328", "osm_way": 584850139, "name": "11th Street", "class": "residential", "is_priority": false, "length_m": 81.2 }, "geometry": { "type": "LineString", "coordinates": [ [ -74.0325933, 40.7507993 ], [ -74.0326834, 40.7508166 ], [ -74.0333926, 40.7509448 ], [ -74.0334303, 40.7509516 ], [ -74.0335288, 40.750970799999983 ] ] } },
{ "type": "Feature", "properties": { "id": "584850140-329", "osm_way": 584850140, "name": "13th Street", "class": "residential", "is_priority": false, "length_m": 96.3 }, "geometry": { "type": "LineString", "coordinates": [ [ -74.0252561, 40.7521647 ], [ -74.0253638, 40.752201 ], [ -74.0262109, 40.7523448 ], [ -74.0263613, 40.752372 ] ] } },
{ "type": "Feature", "properties": { "id": "584850141-330", "osm_way": 584850141, "name": "11th Street", "class": "tertiary", "is_priority": false, "length_m": 95.7 }, "geometry": { "type": "LineString", "coordinates": [ [ -74.0271321, 40.7498417 ], [ -74.0269718, 40.7498131 ], [ -74.0261181, 40.7496609 ], [ -74.0260286, 40.7496447 ] ] } },
{ "type": "Feature", "properties": { "id": "584850142-331", "osm_way": 584850142, "name": "11th Street", "class": "tertiary", "is_priority": false, "length_m": 78.8 }, "geometry": { "type": "LineString", "coordinates": [ [ -74.0307021, 40.750511499999988 ], [ -74.0305674, 40.7504479 ], [ -74.0299327, 40.7503273 ], [ -74.0298979, 40.7503207 ], [ -74.0298157, 40.7503068 ] ] } },
{ "type": "Feature", "properties": { "id": "584850143-332", "osm_way": 584850143, "name": "Park Avenue", "class": "residential", "is_priority": false, "length_m": 200.0 }, "geometry": { "type": "LineString", "coordinates": [ [ -74.032132, 40.7426893 ], [ -74.0321165, 40.7427407 ], [ -74.0317676, 40.74389810000001 ], [ -74.0317517, 40.7439508 ], [ -74.0317318, 40.7440139 ], [ -74.0316682, 40.7442155 ], [ -74.031595997922977, 40.744444130498415 ] ] } },
{ "type": "Feature", "properties": { "id": "584850143-333", "osm_way": 584850143, "name": "Park Avenue", "class": "residential", "is_priority": false, "length_m": 200.0 }, "geometry": { "type": "LineString", "coordinates": [ [ -74.031595997922977, 40.744444130498415 ], [ -74.0313685, 40.7451645 ], [ -74.031352, 40.7452166 ], [ -74.0313326, 40.7452787 ], [ -74.031051931752245, 40.746197533623764 ] ] } },
{ "type": "Feature", "properties": { "id": "584850143-334", "osm_way": 584850143, "name": "Park Avenue", "class": "residential", "is_priority": false, "length_m": 34.7 }, "geometry": { "type": "LineString", "coordinates": [ [ -74.031051931752245, 40.746197533623764 ], [ -74.0309764, 40.7464448 ], [ -74.0309581, 40.7465019 ] ] } },
{ "type": "Feature", "properties": { "id": "584850144-335", "osm_way": 584850144, "name": "8th Street", "class": "residential", "is_priority": false, "length_m": 200.0 }, "geometry": { "type": "LineString", "coordinates": [ [ -74.0309581, 40.7465019 ], [ -74.0310454, 40.746517 ], [ -74.0317797, 40.7466425 ], [ -74.0318137, 40.7466483 ], [ -74.031896, 40.7466624 ], [ -74.0319797, 40.746677599999984 ], [ -74.0327038, 40.7468067 ], [ -74.0327364, 40.7468125 ], [ -74.0328336, 40.7468281 ], [ -74.0329163, 40.7468415 ], [ -74.033267894473667, 40.746901464336922 ] ] } },
{ "type": "Feature", "properties": { "id": "584850144-336", "osm_way": 584850144, "name": "8th Street", "class": "residential", "is_priority": false, "length_m": 43.2 }, "geometry": { "type": "LineString", "coordinates": [ [ -74.033267894473667, 40.746901464336922 ], [ -74.0336592, 40.7469682 ], [ -74.0337676, 40.7469865 ] ] } },
{ "type": "Feature", "properties": { "id": "584850145-337", "osm_way": 584850145, "name": "8th Street", "class": "residential", "is_priority": false, "length_m": 96.1 }, "geometry": { "type": "LineString", "coordinates": [ [ -74.0272062, 40.745802500000011 ], [ -74.0272739, 40.7458416 ], [ -74.0281699, 40.7460005 ], [ -74.0282998, 40.7460235 ] ] } },
{ "type": "Feature", "properties": { "id": "584850146-338", "osm_way": 584850146, "name": "7th Street", "class": "residential", "is_priority": false, "length_m": 96.3 }, "geometry": { "type": "LineString", "coordinates": [ [ -74.0286848, 40.7447598 ], [ -74.0285541, 40.7447373 ], [ -74.0281143, 40.7446607 ], [ -74.0276971, 40.7445888 ], [ -74.0276611, 40.7445826 ], [ -74.0275723, 40.7445679 ] ] } },
{ "type": "Feature", "properties": { "id": "584850147-339", "osm_way": 584850147, "name": "7th Street", "class": "residential", "is_priority": false, "length_m": 19.2 }, "geometry": { "type": "LineString", "coordinates": [ [ -74.0334378, 40.7455886 ], [ -74.0333072, 40.7455632 ], [ -74.0332177, 40.7455457 ] ] } },
{ "type": "Feature", "properties": { "id": "584850148-340", "osm_way": 584850148, "name": "River Street", "class": "tertiary", "is_priority": false, "length_m": 144.8 }, "geometry": { "type": "LineString", "coordinates": [ [ -74.0280421, 40.7396374 ], [ -74.0280229, 40.7396996 ], [ -74.0277504, 40.7405657 ], [ -74.0276718, 40.7408155 ], [ -74.0276437, 40.740905699999985 ] ] } },
{ "type": "Feature", "properties": { "id": "584850149-341", "osm_way": 584850149, "name": "3rd Street", "class": "residential", "is_priority": false, "length_m": 180.2 }, "geometry": { "type": "LineString", "coordinates": [ [ -74.0301237, 40.7399965 ], [ -74.0300066, 40.7399748 ], [ -74.0297414, 40.7399258 ], [ -74.0295615, 40.739894799999988 ], [ -74.0291642, 40.7398281 ], [ -74.0291289, 40.7398222 ], [ -74.0290253, 40.7398049 ], [ -74.0289335, 40.739789 ], [ -74.0281681, 40.739658799999987 ], [ -74.0280421, 40.7396374 ] ] } },
{ "type": "Feature", "properties": { "id": "584850150-342", "osm_way": 584850150, "name": "Observer Highway", "class": "secondary", "is_priority": false, "length_m": 33.0 }, "geometry": { "type": "LineString", "coordinates": [ [ -74.0318394, 40.7356634 ], [ -74.0316515, 40.7356309 ], [ -74.0316052, 40.7356249 ], [ -74.0314563, 40.7356055 ] ] } },
{ "type": "Feature", "properties": { "id": "584850151-343", "osm_way": 584850151, "name": "Clinton Street", "class": "tertiary", "is_priority": false, "length_m": 106.3 }, "geometry": { "type": "LineString", "coordinates": [ [ -74.0342799, 40.7420842 ], [ -74.0342491, 40.742171 ], [ -74.0339931, 40.7429719 ], [ -74.03398, 40.7430145 ] ] } },
{ "type": "Feature", "properties": { "id": "584850153-344", "osm_way": 584850153, "name": "7th Street", "class": "residential", "is_priority": false, "length_m": 141.6 }, "geometry": { "type": "LineString", "coordinates": [ [ -74.0350733, 40.745872099999985 ], [ -74.0349885, 40.7458588 ], [ -74.0342389, 40.7457339 ], [ -74.0341528, 40.7457196 ], [ -74.0340528, 40.7457013 ], [ -74.0334378, 40.7455886 ] ] } },
{ "type": "Feature", "properties": { "id": "584850154-345", "osm_way": 584850154, "name": "7th Street", "class": "residential", "is_priority": false, "length_m": 162.5 }, "geometry": { "type": "LineString", "coordinates": [ [ -74.0378805, 40.7463729 ], [ -74.0377826, 40.7463554 ], [ -74.037030300000012, 40.7462209 ], [ -74.0369457, 40.7462058 ], [ -74.0368563, 40.7461898 ], [ -74.0366173, 40.7461471 ], [ -74.0360995, 40.7460545 ], [ -74.0360067, 40.7460379 ] ] } },
{ "type": "Feature", "properties": { "id": "584850157-346", "osm_way": 584850157, "name": "River Street", "class": "tertiary", "is_priority": false, "length_m": 145.3 }, "geometry": { "type": "LineString", "coordinates": [ [ -74.028449, 40.7383653 ], [ -74.0284263, 40.7384354 ], [ -74.0280618, 40.7395755 ], [ -74.0280421, 40.7396374 ] ] } },
{ "type": "Feature", "properties": { "id": "605544884-347", "osm_way": 605544884, "name": "", "class": "residential", "is_priority": false, "length_m": 81.5 }, "geometry": { "type": "LineString", "coordinates": [ [ -74.0413364, 40.7443558 ], [ -74.0413848, 40.7442141 ], [ -74.0414006, 40.7441678 ], [ -74.0414441, 40.7440533 ], [ -74.0414879, 40.743995 ], [ -74.0416147, 40.7436546 ] ] } },
{ "type": "Feature", "properties": { "id": "605544885-348", "osm_way": 605544885, "name": "", "class": "residential", "is_priority": false, "length_m": 30.5 }, "geometry": { "type": "LineString", "coordinates": [ [ -74.0416147, 40.7436546 ], [ -74.0415746, 40.743605100000011 ], [ -74.0415108, 40.7435633 ], [ -74.0414096, 40.743535799999989 ], [ -74.041320500000012, 40.7435154 ] ] } },
{ "type": "Feature", "properties": { "id": "625974243-349", "osm_way": 625974243, "name": "Park Avenue", "class": "secondary", "is_priority": false, "length_m": 21.7 }, "geometry": { "type": "LineString", "coordinates": [ [ -74.0280474, 40.756127 ], [ -74.028066, 40.7560642 ], [ -74.028107100000014, 40.7559369 ] ] } },
{ "type": "Feature", "properties": { "id": "629227017-350", "osm_way": 629227017, "name": "Sinatra Drive North", "class": "residential", "is_priority": false, "length_m": 114.8 }, "geometry": { "type": "LineString", "coordinates": [ [ -74.024011, 40.7492268 ], [ -74.024107, 40.7488973 ], [ -74.0241165, 40.7488697 ], [ -74.0241991, 40.7485683 ], [ -74.0242337, 40.7484482 ], [ -74.0243018, 40.7483664 ], [ -74.0243769, 40.7483217 ], [ -74.0244258, 40.7483049 ], [ -74.0244578, 40.7482939 ] ] } },
{ "type": "Feature", "properties": { "id": "633770724-351", "osm_way": 633770724, "name": "Sinatra Drive North", "class": "residential", "is_priority": false, "length_m": 7.7 }, "geometry": { "type": "LineString", "coordinates": [ [ -74.0244578, 40.7482939 ], [ -74.0244682, 40.7482903 ], [ -74.0245398, 40.748263199999975 ] ] } },
{ "type": "Feature", "properties": { "id": "633770725-352", "osm_way": 633770725, "name": "Sinatra Drive", "class": "tertiary", "is_priority": false, "length_m": 189.5 }, "geometry": { "type": "LineString", "coordinates": [ [ -74.0245398, 40.748263199999975 ], [ -74.024589, 40.7483146 ], [ -74.0247622, 40.7484954 ], [ -74.0249841, 40.7486511 ], [ -74.0252129, 40.7487842 ], [ -74.0254479, 40.7489372 ], [ -74.0256352, 40.7490572 ], [ -74.0258904, 40.749238 ], [ -74.0259915, 40.7493747 ], [ -74.0260697, 40.7494874 ] ] } },
{ "type": "Feature", "properties": { "id": "633770727-353", "osm_way": 633770727, "name": "Sinatra Drive", "class": "tertiary", "is_priority": false, "length_m": 63.1 }, "geometry": { "type": "LineString", "coordinates": [ [ -74.0268813, 40.7410228 ], [ -74.0264558, 40.7414902 ] ] } },
{ "type": "Feature", "properties": { "id": "634471157-354", "osm_way": 634471157, "name": "Hudson Place", "class": "residential", "is_priority": false, "length_m": 24.5 }, "geometry": { "type": "LineString", "coordinates": [ [ -74.0279825, 40.73568920000001 ], [ -74.0282653, 40.7357398 ] ] } },
{ "type": "Feature", "properties": { "id": "638367795-355", "osm_way": 638367795, "name": "Monroe Street", "class": "secondary", "is_priority": false, "length_m": 62.4 }, "geometry": { "type": "LineString", "coordinates": [ [ -74.0406877, 40.737153399999983 ], [ -74.040807, 40.7366831 ], [ -74.0407827, 40.7366025 ] ] } },
{ "type": "Feature", "properties": { "id": "638367796-356", "osm_way": 638367796, "name": "Grove Street", "class": "tertiary", "is_priority": false, "length_m": 9.6 }, "geometry": { "type": "LineString", "coordinates": [ [ -74.0404156, 40.7363798 ], [ -74.0403998, 40.7363071 ], [ -74.040401479651948, 40.736294068628219 ] ] } },
{ "type": "Feature", "properties": { "id": "638546378-357", "osm_way": 638546378, "name": "Newark Street", "class": "secondary", "is_priority": false, "length_m": 32.3 }, "geometry": { "type": "LineString", "coordinates": [ [ -74.0395112, 40.7367995 ], [ -74.0398374, 40.736744 ], [ -74.0398848, 40.736737 ] ] } },
{ "type": "Feature", "properties": { "id": "638546379-358", "osm_way": 638546379, "name": "Jackson Street", "class": "tertiary", "is_priority": false, "length_m": 53.6 }, "geometry": { "type": "LineString", "coordinates": [ [ -74.041588, 40.737429 ], [ -74.0415711, 40.737489599999989 ], [ -74.0415495, 40.7375554 ], [ -74.0414762, 40.7377879 ], [ -74.041445100000018, 40.7378992 ] ] } },
{ "type": "Feature", "properties": { "id": "656794913-359", "osm_way": 656794913, "name": "Washington Street", "class": "secondary", "is_priority": false, "length_m": 157.1 }, "geometry": { "type": "LineString", "coordinates": [ [ -74.0267795, 40.750993 ], [ -74.026768, 40.7510302 ], [ -74.0267436, 40.7511092 ], [ -74.0267211, 40.7511797 ], [ -74.0266904, 40.7512756 ], [ -74.0263834, 40.7523005 ], [ -74.0263613, 40.752372 ] ] } },
{ "type": "Feature", "properties": { "id": "656794914-360", "osm_way": 656794914, "name": "11th Street", "class": "tertiary", "is_priority": false, "length_m": 200.0 }, "geometry": { "type": "LineString", "coordinates": [ [ -74.0270988, 40.749946299999984 ], [ -74.0272436, 40.7499736 ], [ -74.0277992, 40.7500679 ], [ -74.027832, 40.7500735 ], [ -74.027907400000018, 40.7500873 ], [ -74.0279821, 40.7501006 ], [ -74.0287228, 40.7502331 ], [ -74.0287567, 40.7502392 ], [ -74.0288493, 40.750255 ], [ -74.0289335, 40.750270799999988 ], [ -74.02940614412536, 40.750354327076444 ] ] } },
{ "type": "Feature", "properties": { "id": "656794914-361", "osm_way": 656794914, "name": "11th Street", "class": "tertiary", "is_priority": false, "length_m": 112.7 }, "geometry": { "type": "LineString", "coordinates": [ [ -74.02940614412536, 40.750354327076444 ], [ -74.0296595, 40.750399099999989 ], [ -74.0296924, 40.7504049 ], [ -74.0297838, 40.7504216 ], [ -74.0298573, 40.7504344 ], [ -74.0305214, 40.7505538 ], [ -74.0307021, 40.750511499999988 ] ] } },
{ "type": "Feature", "properties": { "id": "656813184-362", "osm_way": 656813184, "name": "Sinatra Drive", "class": "tertiary", "is_priority": false, "length_m": 200.0 }, "geometry": { "type": "LineString", "coordinates": [ [ -74.0259641, 40.7425257 ], [ -74.0259441, 40.7425563 ], [ -74.0258858, 40.7426266 ], [ -74.025869, 40.7426448 ], [ -74.0258528, 40.7426624 ], [ -74.0257722, 40.7427499 ], [ -74.025669, 40.742862 ], [ -74.0255944, 40.7429249 ], [ -74.0255198, 40.7429879 ], [ -74.0253636, 40.7431119 ], [ -74.0251575, 40.7432346 ], [ -74.0248385, 40.743408799999983 ], [ -74.0248242, 40.7434159 ], [ -74.0244428, 40.743611199999989 ], [ -74.0242592, 40.7437032 ], [ -74.024228453487652, 40.743718606827599 ] ] } },
{ "type": "Feature", "properties": { "id": "656813184-363", "osm_way": 656813184, "name": "Sinatra Drive", "class": "tertiary", "is_priority": false, "length_m": 200.0 }, "geometry": { "type": "LineString", "coordinates": [ [ -74.024228453487652, 40.743718606827599 ], [ -74.0235689, 40.7440491 ], [ -74.0232537, 40.7442503 ], [ -74.023192, 40.7443055 ], [ -74.02314, 40.7443706 ], [ -74.0230987, 40.7444396 ], [ -74.0229475, 40.7448189 ], [ -74.022853585488662, 40.745076274301233 ] ] } },
{ "type": "Feature", "properties": { "id": "656813184-364", "osm_way": 656813184, "name": "Sinatra Drive", "class": "tertiary", "is_priority": false, "length_m": 200.0 }, "geometry": { "type": "LineString", "coordinates": [ [ -74.022853585488662, 40.745076274301233 ], [ -74.0228026, 40.745216 ], [ -74.0227733, 40.7452953 ], [ -74.022763, 40.74535 ], [ -74.0227586, 40.7454097 ], [ -74.0227601, 40.745491 ], [ -74.0227704, 40.7455572 ], [ -74.0227955, 40.7456403 ], [ -74.0228551, 40.7457485 ], [ -74.0231386, 40.7461675 ], [ -74.023522025327097, 40.74673425947924 ] ] } },
{ "type": "Feature", "properties": { "id": "656813184-365", "osm_way": 656813184, "name": "Sinatra Drive", "class": "tertiary", "is_priority": false, "length_m": 190.3 }, "geometry": { "type": "LineString", "coordinates": [ [ -74.023522025327097, 40.74673425947924 ], [ -74.024377, 40.747998 ], [ -74.0245398, 40.748263199999975 ] ] } },
{ "type": "Feature", "properties": { "id": "657035676-366", "osm_way": 657035676, "name": "10th Street", "class": "residential", "is_priority": false, "length_m": 200.0 }, "geometry": { "type": "LineString", "coordinates": [ [ -74.0302012, 40.7490376 ], [ -74.0302863, 40.7490536 ], [ -74.0310175, 40.749185 ], [ -74.031041, 40.7491892 ], [ -74.0311312, 40.7492063 ], [ -74.0312099, 40.7492207 ], [ -74.0319531, 40.7493486 ], [ -74.0320364, 40.749362799999986 ], [ -74.0321311, 40.7493805 ], [ -74.032508025005768, 40.749447240134813 ] ] } },
{ "type": "Feature", "properties": { "id": "657035676-367", "osm_way": 657035676, "name": "10th Street", "class": "residential", "is_priority": false, "length_m": 41.0 }, "geometry": { "type": "LineString", "coordinates": [ [ -74.032508025005768, 40.749447240134813 ], [ -74.0328958, 40.7495159 ], [ -74.0329811, 40.7495312 ] ] } },
{ "type": "Feature", "properties": { "id": "657035677-368", "osm_way": 657035677, "name": "Washington Street", "class": "secondary", "is_priority": false, "length_m": 145.4 }, "geometry": { "type": "LineString", "coordinates": [ [ -74.0275197, 40.7485655 ], [ -74.0274963, 40.748642399999987 ], [ -74.027153, 40.749773 ], [ -74.0271321, 40.7498417 ] ] } },
{ "type": "Feature", "properties": { "id": "671301758-369", "osm_way": 671301758, "name": "Observer Highway", "class": "tertiary", "is_priority": false, "length_m": 106.3 }, "geometry": { "type": "LineString", "coordinates": [ [ -74.0425249, 40.7376055 ], [ -74.0426203, 40.73762510000001 ], [ -74.0434446, 40.7377739 ], [ -74.0435613, 40.7377934 ], [ -74.043749867249531, 40.737824211551441 ] ] } },
{ "type": "Feature", "properties": { "id": "678484525-370", "osm_way": 678484525, "name": "Jackson Street", "class": "residential", "is_priority": false, "length_m": 144.7 }, "geometry": { "type": "LineString", "coordinates": [ [ -74.0391957, 40.7452694 ], [ -74.0391784, 40.74532330000001 ], [ -74.0388288, 40.746458 ], [ -74.038823, 40.7464781 ], [ -74.0388055, 40.7465382 ] ] } },
{ "type": "Feature", "properties": { "id": "679469806-371", "osm_way": 679469806, "name": "Hudson Street", "class": "tertiary", "is_priority": false, "length_m": 200.0 }, "geometry": { "type": "LineString", "coordinates": [ [ -74.0270713, 40.7462219 ], [ -74.0271752, 40.7459013 ], [ -74.0271849, 40.7458708 ], [ -74.0272062, 40.745802500000011 ], [ -74.0272263, 40.7457445 ], [ -74.027558, 40.7446204 ], [ -74.0275723, 40.7445679 ], [ -74.0275917, 40.7444968 ], [ -74.027601301323969, 40.744466118815573 ] ] } },
{ "type": "Feature", "properties": { "id": "679469806-372", "osm_way": 679469806, "name": "Hudson Street", "class": "tertiary", "is_priority": false, "length_m": 134.5 }, "geometry": { "type": "LineString", "coordinates": [ [ -74.027601301323969, 40.744466118815573 ], [ -74.027944, 40.743371 ], [ -74.027953200000013, 40.7433415 ], [ -74.0279714, 40.7432875 ] ] } },
{ "type": "Feature", "properties": { "id": "679469813-373", "osm_way": 679469813, "name": "Hudson Street", "class": "tertiary", "is_priority": false, "length_m": 17.8 }, "geometry": { "type": "LineString", "coordinates": [ [ -74.0260286, 40.7496447 ], [ -74.0260452, 40.749581 ], [ -74.0260697, 40.7494874 ] ] } },
{ "type": "Feature", "properties": { "id": "719009979-374", "osm_way": 719009979, "name": "Hudson Street", "class": "tertiary", "is_priority": false, "length_m": 145.6 }, "geometry": { "type": "LineString", "coordinates": [ [ -74.0279714, 40.7432875 ], [ -74.0279955, 40.743208 ], [ -74.028340600000021, 40.742074 ], [ -74.0283621, 40.7420104 ] ] } },
{ "type": "Feature", "properties": { "id": "719009980-375", "osm_way": 719009980, "name": "6th Street", "class": "residential", "is_priority": false, "length_m": 200.0 }, "geometry": { "type": "LineString", "coordinates": [ [ -74.0290771, 40.7434827 ], [ -74.0291901, 40.7435037 ], [ -74.0297683, 40.7436113 ], [ -74.0297974, 40.7436167 ], [ -74.0298711, 40.743622799999983 ], [ -74.0299721, 40.7436308 ], [ -74.0306956, 40.743770099999985 ], [ -74.0307221, 40.7437752 ], [ -74.0308083, 40.74379 ], [ -74.0308857, 40.7438032 ], [ -74.0313223, 40.7438776 ], [ -74.031383523264495, 40.743888031274381 ] ] } },
{ "type": "Feature", "properties": { "id": "719009980-376", "osm_way": 719009980, "name": "6th Street", "class": "residential", "is_priority": false, "length_m": 200.0 }, "geometry": { "type": "LineString", "coordinates": [ [ -74.031383523264495, 40.743888031274381 ], [ -74.031641, 40.7439319 ], [ -74.031671, 40.743937 ], [ -74.0317517, 40.7439508 ], [ -74.0318316, 40.7439654 ], [ -74.0325598, 40.744098499999986 ], [ -74.0325886, 40.7441038 ], [ -74.0326789, 40.7441203 ], [ -74.0327532, 40.7441333 ], [ -74.0331824, 40.7442078 ], [ -74.0334899, 40.7442612 ], [ -74.033517700000019, 40.744266 ], [ -74.0336047, 40.7442834 ], [ -74.033689839903261, 40.744298648938702 ] ] } },
{ "type": "Feature", "properties": { "id": "719009980-377", "osm_way": 719009980, "name": "6th Street", "class": "residential", "is_priority": false, "length_m": 200.0 }, "geometry": { "type": "LineString", "coordinates": [ [ -74.033689839903261, 40.744298648938702 ], [ -74.0336918, 40.744299 ], [ -74.034417, 40.7444285 ], [ -74.0344445, 40.7444334 ], [ -74.0345432, 40.744451 ], [ -74.0346235, 40.7444651 ], [ -74.0353551, 40.744593 ], [ -74.0353697, 40.7445956 ], [ -74.035471, 40.7446133 ], [ -74.0355561, 40.744627699999988 ], [ -74.0358394, 40.7446758 ], [ -74.035998219382662, 40.744702756126735 ] ] } },
{ "type": "Feature", "properties": { "id": "719009980-378", "osm_way": 719009980, "name": "6th Street", "class": "residential", "is_priority": false, "length_m": 114.7 }, "geometry": { "type": "LineString", "coordinates": [ [ -74.035998219382662, 40.744702756126735 ], [ -74.036286, 40.7447516 ], [ -74.0363048, 40.7447548 ], [ -74.0364045, 40.7447717 ], [ -74.0364911, 40.7447871 ], [ -74.0369248, 40.7448641 ], [ -74.0372136, 40.744915399999989 ], [ -74.0372446, 40.7449209 ], [ -74.0373222, 40.7449347 ] ] } },
{ "type": "Feature", "properties": { "id": "719092503-379", "osm_way": 719092503, "name": "Stanley Drive", "class": "residential", "is_priority": false, "length_m": 117.2 }, "geometry": { "type": "LineString", "coordinates": [ [ -74.0241801, 40.7453258 ], [ -74.0243187, 40.745376 ], [ -74.0244752, 40.7454267 ], [ -74.0246214, 40.7454879 ], [ -74.0247308, 40.745525699999988 ], [ -74.0247397, 40.7455288 ], [ -74.0248356, 40.7455578 ], [ -74.024858900000012, 40.7455627 ], [ -74.0250399, 40.7455756 ], [ -74.0250801, 40.7455752 ], [ -74.0251805, 40.7455711 ], [ -74.0252363, 40.7455649 ], [ -74.0252838, 40.745554 ], [ -74.025336700000011, 40.7455333 ], [ -74.025397, 40.7454937 ], [ -74.0254518, 40.7454574 ] ] } },
{ "type": "Feature", "properties": { "id": "720329126-380", "osm_way": 720329126, "name": "6th Street", "class": "residential", "is_priority": false, "length_m": 31.3 }, "geometry": { "type": "LineString", "coordinates": [ [ -74.0270859, 40.7431256 ], [ -74.0274462, 40.7431924 ] ] } },
{ "type": "Feature", "properties": { "id": "721061978-381", "osm_way": 721061978, "name": "Sinatra Drive North", "class": "residential", "is_priority": false, "length_m": 176.9 }, "geometry": { "type": "LineString", "coordinates": [ [ -74.0234292, 40.7521476 ], [ -74.0234759, 40.7519901 ], [ -74.0234902, 40.7519544 ], [ -74.023499, 40.751932399999987 ], [ -74.0235221, 40.751875 ], [ -74.0235363, 40.7518297 ], [ -74.0235401, 40.751818 ], [ -74.0236275, 40.75155 ], [ -74.023649, 40.7514836 ], [ -74.0236621, 40.75144 ], [ -74.0236693, 40.7514161 ], [ -74.0239155, 40.750597500000012 ] ] } },
{ "type": "Feature", "properties": { "id": "721957643-382", "osm_way": 721957643, "name": "River Street", "class": "tertiary", "is_priority": false, "length_m": 38.5 }, "geometry": { "type": "LineString", "coordinates": [ [ -74.0290948, 40.7362175 ], [ -74.0290302, 40.7364344 ], [ -74.0290135, 40.7364911 ], [ -74.0289943, 40.7365562 ] ] } },
{ "type": "Feature", "properties": { "id": "721957681-383", "osm_way": 721957681, "name": "Newark Street", "class": "tertiary", "is_priority": false, "length_m": 14.8 }, "geometry": { "type": "LineString", "coordinates": [ [ -74.0308853, 40.7368969 ], [ -74.0309332, 40.7369046 ], [ -74.0310572, 40.7369245 ] ] } },
{ "type": "Feature", "properties": { "id": "721957682-384", "osm_way": 721957682, "name": "Newark Street", "class": "tertiary", "is_priority": false, "length_m": 67.8 }, "geometry": { "type": "LineString", "coordinates": [ [ -74.0301019, 40.7367637 ], [ -74.030484900000019, 40.736829 ], [ -74.0304968, 40.736831 ], [ -74.0308853, 40.7368969 ] ] } },
{ "type": "Feature", "properties": { "id": "744680930-385", "osm_way": 744680930, "name": "8th Street", "class": "residential", "is_priority": false, "length_m": 64.0 }, "geometry": { "type": "LineString", "coordinates": [ [ -74.0254518, 40.7454574 ], [ -74.02571690000002, 40.7455026 ], [ -74.0260575, 40.745567 ], [ -74.0261372, 40.7455821 ], [ -74.0261887, 40.7455918 ] ] } },
{ "type": "Feature", "properties": { "id": "755016652-386", "osm_way": 755016652, "name": "6th Street", "class": "residential", "is_priority": false, "length_m": 30.5 }, "geometry": { "type": "LineString", "coordinates": [ [ -74.0276203, 40.7432222 ], [ -74.0278568, 40.7432674 ], [ -74.0278875, 40.7432728 ], [ -74.0279714, 40.7432875 ] ] } },
{ "type": "Feature", "properties": { "id": "760178667-387", "osm_way": 760178667, "name": "Jefferson Street", "class": "tertiary", "is_priority": false, "length_m": 135.0 }, "geometry": { "type": "LineString", "coordinates": [ [ -74.0345276, 40.7509327 ], [ -74.0345135, 40.7509875 ], [ -74.0345081, 40.7510047 ], [ -74.0341736, 40.7520719 ], [ -74.0341619, 40.752093599999988 ], [ -74.0341416, 40.7521097 ] ] } },
{ "type": "Feature", "properties": { "id": "760178668-388", "osm_way": 760178668, "name": "12th Street", "class": "tertiary", "is_priority": false, "length_m": 7.1 }, "geometry": { "type": "LineString", "coordinates": [ [ -74.0341416, 40.7521097 ], [ -74.0341075, 40.7521217 ], [ -74.034060600000018, 40.7521225 ] ] } },
{ "type": "Feature", "properties": { "id": "767338834-389", "osm_way": 767338834, "name": "Willow Avenue", "class": "secondary", "is_priority": false, "length_m": 36.2 }, "geometry": { "type": "LineString", "coordinates": [ [ -74.028901, 40.756275699999989 ], [ -74.0288903, 40.7563089 ], [ -74.028806, 40.7565937 ] ] } },
{ "type": "Feature", "properties": { "id": "771190869-390", "osm_way": 771190869, "name": "Grand Street", "class": "residential", "is_priority": false, "length_m": 200.0 }, "geometry": { "type": "LineString", "coordinates": [ [ -74.0337676, 40.7469865 ], [ -74.0337856, 40.7469285 ], [ -74.0341263, 40.7458069 ], [ -74.0341327, 40.7457858 ], [ -74.0341528, 40.7457196 ], [ -74.0341733, 40.7456531 ], [ -74.034303596740273, 40.745231648683308 ] ] } },
{ "type": "Feature", "properties": { "id": "771190869-391", "osm_way": 771190869, "name": "Grand Street", "class": "residential", "is_priority": false, "length_m": 26.0 }, "geometry": { "type": "LineString", "coordinates": [ [ -74.034303596740273, 40.745231648683308 ], [ -74.0343741, 40.7450036 ] ] } },
{ "type": "Feature", "properties": { "id": "773611134-392", "osm_way": 773611134, "name": "Hudson Street", "class": "tertiary", "is_priority": false, "length_m": 142.7 }, "geometry": { "type": "LineString", "coordinates": [ [ -74.0252561, 40.7521647 ], [ -74.0252691, 40.7521258 ], [ -74.0256188, 40.75098160000001 ], [ -74.0256399, 40.7509127 ] ] } },
{ "type": "Feature", "properties": { "id": "800211284-393", "osm_way": 800211284, "name": "Willow Avenue", "class": "secondary", "is_priority": false, "length_m": 83.0 }, "geometry": { "type": "LineString", "coordinates": [ [ -74.0287217, 40.756878399999977 ], [ -74.0284966, 40.7576058 ] ] } },
{ "type": "Feature", "properties": { "id": "800211289-394", "osm_way": 800211289, "name": "14th Street", "class": "secondary", "is_priority": false, "length_m": 200.0 }, "geometry": { "type": "LineString", "coordinates": [ [ -74.0313672, 40.7542434 ], [ -74.033668867988283, 40.754670210673915 ] ] } },
{ "type": "Feature", "properties": { "id": "800211289-395", "osm_way": 800211289, "name": "14th Street", "class": "secondary", "is_priority": false, "length_m": 118.6 }, "geometry": { "type": "LineString", "coordinates": [ [ -74.033668867988283, 40.754670210673915 ], [ -74.0344643, 40.7548177 ], [ -74.035038031805456, 40.754907787094453 ] ] } },
{ "type": "Feature", "properties": { "id": "844172454-396", "osm_way": 844172454, "name": "Hudson Street", "class": "tertiary", "is_priority": false, "length_m": 17.8 }, "geometry": { "type": "LineString", "coordinates": [ [ -74.0295634, 40.738049099999984 ], [ -74.0296103, 40.7378925 ] ] } },
{ "type": "Feature", "properties": { "id": "844172455-397", "osm_way": 844172455, "name": "Hudson Street", "class": "tertiary", "is_priority": false, "length_m": 62.3 }, "geometry": { "type": "LineString", "coordinates": [ [ -74.0296133, 40.7378116 ], [ -74.029746, 40.7373797 ], [ -74.0297719, 40.7373365 ], [ -74.0297969, 40.7372689 ] ] } },
{ "type": "Feature", "properties": { "id": "844172456-398", "osm_way": 844172456, "name": "Hudson Street", "class": "tertiary", "is_priority": false, "length_m": 20.6 }, "geometry": { "type": "LineString", "coordinates": [ [ -74.0295071, 40.7382298 ], [ -74.0295634, 40.738049099999984 ] ] } },
{ "type": "Feature", "properties": { "id": "844172457-399", "osm_way": 844172457, "name": "Hudson Street", "class": "tertiary", "is_priority": false, "length_m": 6.3 }, "geometry": { "type": "LineString", "coordinates": [ [ -74.0294898, 40.7382853 ], [ -74.0295071, 40.7382298 ] ] } },
{ "type": "Feature", "properties": { "id": "844172458-400", "osm_way": 844172458, "name": "Hudson Street", "class": "tertiary", "is_priority": false, "length_m": 9.0 }, "geometry": { "type": "LineString", "coordinates": [ [ -74.0296103, 40.7378925 ], [ -74.0296133, 40.7378116 ] ] } },
{ "type": "Feature", "properties": { "id": "846850508-401", "osm_way": 846850508, "name": "Willow Avenue", "class": "secondary", "is_priority": false, "length_m": 25.0 }, "geometry": { "type": "LineString", "coordinates": [ [ -74.0306147, 40.75072680000001 ], [ -74.0306394, 40.7506575 ], [ -74.0307021, 40.750511499999988 ] ] } },
{ "type": "Feature", "properties": { "id": "846850509-402", "osm_way": 846850509, "name": "Clinton Street", "class": "tertiary", "is_priority": false, "length_m": 117.4 }, "geometry": { "type": "LineString", "coordinates": [ [ -74.0335299, 40.7445157 ], [ -74.0334405, 40.7447967 ], [ -74.0334002, 40.7449309 ], [ -74.0333265, 40.7451637 ], [ -74.033242, 40.7454605 ], [ -74.0332328, 40.7454928 ], [ -74.0332177, 40.7455457 ] ] } },
{ "type": "Feature", "properties": { "id": "846850514-403", "osm_way": 846850514, "name": "Clinton Street", "class": "tertiary", "is_priority": false, "length_m": 200.0 }, "geometry": { "type": "LineString", "coordinates": [ [ -74.035432, 40.73825380000001 ], [ -74.0354091, 40.7383325 ], [ -74.0350714, 40.7394719 ], [ -74.0350536, 40.739533 ], [ -74.0350345, 40.7395928 ], [ -74.034913220192578, 40.74001162359729 ] ] } },
{ "type": "Feature", "properties": { "id": "846850514-404", "osm_way": 846850514, "name": "Clinton Street", "class": "tertiary", "is_priority": false, "length_m": 200.0 }, "geometry": { "type": "LineString", "coordinates": [ [ -74.034913220192578, 40.74001162359729 ], [ -74.0347998, 40.7404033 ], [ -74.0347008, 40.7407452 ], [ -74.0346818, 40.7408109 ], [ -74.0346658, 40.740862 ], [ -74.034383193834827, 40.741767459874389 ] ] } },
{ "type": "Feature", "properties": { "id": "846850514-405", "osm_way": 846850514, "name": "Clinton Street", "class": "tertiary", "is_priority": false, "length_m": 36.2 }, "geometry": { "type": "LineString", "coordinates": [ [ -74.034383193834827, 40.741767459874389 ], [ -74.0343064, 40.7420135 ], [ -74.0342799, 40.7420842 ] ] } },
{ "type": "Feature", "properties": { "id": "846850515-406", "osm_way": 846850515, "name": "Hudson Place", "class": "residential", "is_priority": false, "length_m": 79.7 }, "geometry": { "type": "LineString", "coordinates": [ [ -74.0282653, 40.7357398 ], [ -74.0290861, 40.7358852 ], [ -74.0291848, 40.7359028 ] ] } },
{ "type": "Feature", "properties": { "id": "846850524-407", "osm_way": 846850524, "name": "Clinton Street", "class": "tertiary", "is_priority": false, "length_m": 171.0 }, "geometry": { "type": "LineString", "coordinates": [ [ -74.03398, 40.7430145 ], [ -74.0339699, 40.7430477 ], [ -74.033706, 40.743969799999988 ], [ -74.0336429, 40.7441755 ], [ -74.0336047, 40.7442834 ], [ -74.0335849, 40.7443396 ], [ -74.0335299, 40.7445157 ] ] } },
{ "type": "Feature", "properties": { "id": "900664242-408", "osm_way": 900664242, "name": "Marshall Street", "class": "residential", "is_priority": false, "length_m": 146.7 }, "geometry": { "type": "LineString", "coordinates": [ [ -74.042916, 40.7395686 ], [ -74.0428865, 40.7396609 ], [ -74.0425494, 40.7407565 ], [ -74.0425412, 40.740783 ], [ -74.0425191, 40.7408547 ] ] } },
{ "type": "Feature", "properties": { "id": "900664243-409", "osm_way": 900664243, "name": "1st Street", "class": "tertiary", "is_priority": false, "length_m": 81.9 }, "geometry": { "type": "LineString", "coordinates": [ [ -74.042916, 40.7395686 ], [ -74.042791300000019, 40.7395488 ], [ -74.0424513, 40.7394904 ], [ -74.0421849, 40.7394437 ], [ -74.0420526, 40.7394202 ], [ -74.0419701, 40.7394061 ] ] } },
{ "type": "Feature", "properties": { "id": "908894882-410", "osm_way": 908894882, "name": "Washington Street", "class": "secondary", "is_priority": false, "length_m": 15.9 }, "geometry": { "type": "LineString", "coordinates": [ [ -74.0301237, 40.7399965 ], [ -74.030095, 40.7400899 ], [ -74.0300811, 40.7401364 ] ] } },
{ "type": "Feature", "properties": { "id": "908894883-411", "osm_way": 908894883, "name": "Washington Street", "class": "secondary", "is_priority": false, "length_m": 20.9 }, "geometry": { "type": "LineString", "coordinates": [ [ -74.0300811, 40.7401364 ], [ -74.0300263, 40.7403199 ] ] } },
{ "type": "Feature", "properties": { "id": "908894884-412", "osm_way": 908894884, "name": "Washington Street", "class": "secondary", "is_priority": false, "length_m": 57.1 }, "geometry": { "type": "LineString", "coordinates": [ [ -74.0300263, 40.7403199 ], [ -74.0300078, 40.7403819 ], [ -74.0299807, 40.7404728 ], [ -74.0298765, 40.7408216 ] ] } },
{ "type": "Feature", "properties": { "id": "908894885-413", "osm_way": 908894885, "name": "Washington Street", "class": "secondary", "is_priority": false, "length_m": 37.3 }, "geometry": { "type": "LineString", "coordinates": [ [ -74.0298765, 40.7408216 ], [ -74.0297786, 40.7411494 ] ] } },
{ "type": "Feature", "properties": { "id": "908894886-414", "osm_way": 908894886, "name": "Washington Street", "class": "secondary", "is_priority": false, "length_m": 135.8 }, "geometry": { "type": "LineString", "coordinates": [ [ -74.0297786, 40.7411494 ], [ -74.0297675, 40.7411865 ], [ -74.029739, 40.7412773 ], [ -74.0297132, 40.7413616 ], [ -74.0294758, 40.7421354 ], [ -74.0294565, 40.742199 ], [ -74.0294258, 40.742302699999989 ], [ -74.0294144, 40.7423413 ] ] } },
{ "type": "Feature", "properties": { "id": "908894887-415", "osm_way": 908894887, "name": "Washington Street", "class": "secondary", "is_priority": false, "length_m": 28.4 }, "geometry": { "type": "LineString", "coordinates": [ [ -74.0294144, 40.7423413 ], [ -74.0293406, 40.7425912 ] ] } },
{ "type": "Feature", "properties": { "id": "908894888-416", "osm_way": 908894888, "name": "Washington Street", "class": "secondary", "is_priority": false, "length_m": 59.3 }, "geometry": { "type": "LineString", "coordinates": [ [ -74.0293406, 40.7425912 ], [ -74.0293267, 40.7426383 ], [ -74.0291865, 40.7431125 ] ] } },
{ "type": "Feature", "properties": { "id": "908894889-417", "osm_way": 908894889, "name": "Washington Street", "class": "secondary", "is_priority": false, "length_m": 27.4 }, "geometry": { "type": "LineString", "coordinates": [ [ -74.0291865, 40.7431125 ], [ -74.0291155, 40.7433529 ] ] } },
{ "type": "Feature", "properties": { "id": "908894890-418", "osm_way": 908894890, "name": "Washington Street", "class": "secondary", "is_priority": false, "length_m": 29.0 }, "geometry": { "type": "LineString", "coordinates": [ [ -74.0286422, 40.7449005 ], [ -74.0285648, 40.7451547 ] ] } },
{ "type": "Feature", "properties": { "id": "908894891-419", "osm_way": 908894891, "name": "Washington Street", "class": "secondary", "is_priority": false, "length_m": 16.0 }, "geometry": { "type": "LineString", "coordinates": [ [ -74.0286848, 40.7447598 ], [ -74.0286639, 40.7448293 ], [ -74.0286422, 40.7449005 ] ] } },
{ "type": "Feature", "properties": { "id": "908894892-420", "osm_way": 908894892, "name": "Washington Street", "class": "secondary", "is_priority": false, "length_m": 28.6 }, "geometry": { "type": "LineString", "coordinates": [ [ -74.0284231, 40.7456201 ], [ -74.0283492, 40.7458629 ], [ -74.0283466, 40.7458714 ] ] } },
{ "type": "Feature", "properties": { "id": "908894893-421", "osm_way": 908894893, "name": "Washington Street", "class": "secondary", "is_priority": false, "length_m": 17.3 }, "geometry": { "type": "LineString", "coordinates": [ [ -74.0283466, 40.7458714 ], [ -74.0283277, 40.7459327 ], [ -74.0282998, 40.7460235 ] ] } },
{ "type": "Feature", "properties": { "id": "908894894-422", "osm_way": 908894894, "name": "Washington Street", "class": "secondary", "is_priority": false, "length_m": 53.2 }, "geometry": { "type": "LineString", "coordinates": [ [ -74.0277846, 40.7476807 ], [ -74.027763, 40.7477528 ], [ -74.0276565, 40.7481086 ], [ -74.0276446, 40.7481484 ] ] } },
{ "type": "Feature", "properties": { "id": "908894895-423", "osm_way": 908894895, "name": "Washington Street", "class": "secondary", "is_priority": false, "length_m": 29.5 }, "geometry": { "type": "LineString", "coordinates": [ [ -74.0278623, 40.7474214 ], [ -74.0277846, 40.7476807 ] ] } },
{ "type": "Feature", "properties": { "id": "908894896-424", "osm_way": 908894896, "name": "Washington Street", "class": "secondary", "is_priority": false, "length_m": 13.6 }, "geometry": { "type": "LineString", "coordinates": [ [ -74.0275555, 40.7484458 ], [ -74.0275439, 40.7484844 ], [ -74.0275197, 40.7485655 ] ] } },
{ "type": "Feature", "properties": { "id": "908894897-425", "osm_way": 908894897, "name": "Washington Street", "class": "secondary", "is_priority": false, "length_m": 33.9 }, "geometry": { "type": "LineString", "coordinates": [ [ -74.0276446, 40.7481484 ], [ -74.0275555, 40.7484458 ] ] } },
{ "type": "Feature", "properties": { "id": "908894898-426", "osm_way": 908894898, "name": "Washington Street", "class": "secondary", "is_priority": false, "length_m": 13.9 }, "geometry": { "type": "LineString", "coordinates": [ [ -74.0270988, 40.749946299999984 ], [ -74.0270716, 40.75003 ], [ -74.0270594, 40.7500677 ] ] } },
{ "type": "Feature", "properties": { "id": "908894899-427", "osm_way": 908894899, "name": "Washington Street", "class": "secondary", "is_priority": false, "length_m": 35.2 }, "geometry": { "type": "LineString", "coordinates": [ [ -74.0270594, 40.7500677 ], [ -74.026966, 40.7503767 ] ] } },
{ "type": "Feature", "properties": { "id": "908894900-428", "osm_way": 908894900, "name": "Washington Street", "class": "secondary", "is_priority": false, "length_m": 37.1 }, "geometry": { "type": "LineString", "coordinates": [ [ -74.026966, 40.7503767 ], [ -74.0269413, 40.7504582 ], [ -74.0268805, 40.7506589 ], [ -74.0268673, 40.7507026 ] ] } },
{ "type": "Feature", "properties": { "id": "908894901-429", "osm_way": 908894901, "name": "Washington Street", "class": "secondary", "is_priority": false, "length_m": 33.1 }, "geometry": { "type": "LineString", "coordinates": [ [ -74.0268673, 40.7507026 ], [ -74.0267795, 40.750993 ] ] } },
{ "type": "Feature", "properties": { "id": "908894902-430", "osm_way": 908894902, "name": "Washington Street", "class": "secondary", "is_priority": false, "length_m": 13.3 }, "geometry": { "type": "LineString", "coordinates": [ [ -74.0263613, 40.752372 ], [ -74.0263355, 40.7524511 ], [ -74.0263235, 40.752488 ] ] } },
{ "type": "Feature", "properties": { "id": "908894903-431", "osm_way": 908894903, "name": "Washington Street", "class": "secondary", "is_priority": false, "length_m": 26.3 }, "geometry": { "type": "LineString", "coordinates": [ [ -74.0263235, 40.752488 ], [ -74.02625, 40.7527182 ] ] } },
{ "type": "Feature", "properties": { "id": "908894904-432", "osm_way": 908894904, "name": "Washington Street", "class": "secondary", "is_priority": false, "length_m": 55.2 }, "geometry": { "type": "LineString", "coordinates": [ [ -74.0307781, 40.737847399999985 ], [ -74.0307585, 40.7379118 ], [ -74.0306502, 40.7382677 ], [ -74.0306306, 40.7383322 ] ] } },
{ "type": "Feature", "properties": { "id": "908894905-433", "osm_way": 908894905, "name": "Washington Street", "class": "secondary", "is_priority": false, "length_m": 29.3 }, "geometry": { "type": "LineString", "coordinates": [ [ -74.0306306, 40.7383322 ], [ -74.0305525, 40.7385889 ] ] } },
{ "type": "Feature", "properties": { "id": "908894906-434", "osm_way": 908894906, "name": "Washington Street", "class": "secondary", "is_priority": false, "length_m": 16.5 }, "geometry": { "type": "LineString", "coordinates": [ [ -74.0308991, 40.737447 ], [ -74.0308732, 40.7375338 ], [ -74.030856, 40.7375917 ] ] } },
{ "type": "Feature", "properties": { "id": "908894907-435", "osm_way": 908894907, "name": "Washington Street", "class": "secondary", "is_priority": false, "length_m": 29.1 }, "geometry": { "type": "LineString", "coordinates": [ [ -74.030856, 40.7375917 ], [ -74.0307781, 40.737847399999985 ] ] } },
{ "type": "Feature", "properties": { "id": "908894908-436", "osm_way": 908894908, "name": "Washington Street", "class": "secondary", "is_priority": false, "length_m": 18.4 }, "geometry": { "type": "LineString", "coordinates": [ [ -74.0311057, 40.7367627 ], [ -74.0310816, 40.7368423 ], [ -74.0310572, 40.7369245 ] ] } },
{ "type": "Feature", "properties": { "id": "908894909-437", "osm_way": 908894909, "name": "Washington Street", "class": "secondary", "is_priority": false, "length_m": 21.5 }, "geometry": { "type": "LineString", "coordinates": [ [ -74.031163, 40.736573699999987 ], [ -74.0311057, 40.7367627 ] ] } },
{ "type": "Feature", "properties": { "id": "912170222-438", "osm_way": 912170222, "name": "Observer Highway", "class": "secondary", "is_priority": false, "length_m": 20.9 }, "geometry": { "type": "LineString", "coordinates": [ [ -74.0374377, 40.7366477 ], [ -74.037678900000017, 40.736690399999986 ] ] } },
{ "type": "Feature", "properties": { "id": "912170223-439", "osm_way": 912170223, "name": "Observer Highway", "class": "secondary", "is_priority": false, "length_m": 32.9 }, "geometry": { "type": "LineString", "coordinates": [ [ -74.0349753, 40.736218 ], [ -74.0345961, 40.736151 ] ] } },
{ "type": "Feature", "properties": { "id": "912170224-440", "osm_way": 912170224, "name": "Observer Highway", "class": "secondary", "is_priority": false, "length_m": 52.0 }, "geometry": { "type": "LineString", "coordinates": [ [ -74.032868, 40.7358451 ], [ -74.0324037, 40.7357635 ], [ -74.0322678, 40.7357396 ] ] } },
{ "type": "Feature", "properties": { "id": "912170225-441", "osm_way": 912170225, "name": "Washington Street", "class": "secondary", "is_priority": false, "length_m": 34.8 }, "geometry": { "type": "LineString", "coordinates": [ [ -74.0314563, 40.7356055 ], [ -74.0314277, 40.7356998 ], [ -74.0313638, 40.7359108 ] ] } },
{ "type": "Feature", "properties": { "id": "912170226-442", "osm_way": 912170226, "name": "Observer Highway", "class": "tertiary", "is_priority": false, "length_m": 27.0 }, "geometry": { "type": "LineString", "coordinates": [ [ -74.0314563, 40.7356055 ], [ -74.0312832, 40.7355746 ], [ -74.0311455, 40.73555 ] ] } },
{ "type": "Feature", "properties": { "id": "919069122-443", "osm_way": 919069122, "name": "14th Street", "class": "residential", "is_priority": false, "length_m": 160.3 }, "geometry": { "type": "LineString", "coordinates": [ [ -74.0324554, 40.7545265 ], [ -74.032506, 40.7545368 ], [ -74.0331653, 40.7546546 ], [ -74.0333908, 40.754695499999983 ], [ -74.0337728, 40.7547643 ], [ -74.0343038, 40.7548556 ] ] } },
{ "type": "Feature", "properties": { "id": "944908423-444", "osm_way": 944908423, "name": "Observer Highway", "class": "tertiary", "is_priority": false, "length_m": 81.5 }, "geometry": { "type": "LineString", "coordinates": [ [ -74.041588, 40.737429 ], [ -74.0416893, 40.7374552 ], [ -74.0424295, 40.7375868 ], [ -74.0425249, 40.7376055 ] ] } },
{ "type": "Feature", "properties": { "id": "944908424-445", "osm_way": 944908424, "name": "Observer Highway", "class": "secondary", "is_priority": false, "length_m": 32.0 }, "geometry": { "type": "LineString", "coordinates": [ [ -74.0400977, 40.7371492 ], [ -74.0398237, 40.7371027 ], [ -74.0397286, 40.7370856 ] ] } },
{ "type": "Feature", "properties": { "id": "962843924-446", "osm_way": 962843924, "name": "Willow Avenue", "class": "secondary", "is_priority": false, "length_m": 52.0 }, "geometry": { "type": "LineString", "coordinates": [ [ -74.0349437, 40.736694 ], [ -74.0350459, 40.7363307 ], [ -74.0350767, 40.7362369 ] ] } },
{ "type": "Feature", "properties": { "id": "988019894-447", "osm_way": 988019894, "name": "2nd Street", "class": "residential", "is_priority": false, "length_m": 81.4 }, "geometry": { "type": "LineString", "coordinates": [ [ -74.0415823, 40.740680500000011 ], [ -74.0416635, 40.7406956 ], [ -74.0416994, 40.7407023 ], [ -74.042385, 40.7408298 ], [ -74.0424133, 40.7408351 ], [ -74.0425191, 40.7408547 ] ] } },
{ "type": "Feature", "properties": { "id": "988019895-448", "osm_way": 988019895, "name": "Jackson Street", "class": "tertiary", "is_priority": false, "length_m": 143.5 }, "geometry": { "type": "LineString", "coordinates": [ [ -74.0406483, 40.7405185 ], [ -74.0406313, 40.7405705 ], [ -74.0405492, 40.7408237 ], [ -74.0403343, 40.7414863 ], [ -74.0402664, 40.7417217 ], [ -74.0402513, 40.74177550000001 ] ] } },
{ "type": "Feature", "properties": { "id": "988300235-449", "osm_way": 988300235, "name": "Harrison Street", "class": "residential", "is_priority": false, "length_m": 123.6 }, "geometry": { "type": "LineString", "coordinates": [ [ -74.0421962, 40.73869 ], [ -74.04222590000002, 40.7385799 ], [ -74.0422737, 40.7384202 ], [ -74.0424548, 40.7378354 ], [ -74.0425022, 40.7376828 ], [ -74.0425249, 40.7376055 ] ] } },
{ "type": "Feature", "properties": { "id": "1003355619-450", "osm_way": 1003355619, "name": "", "class": "residential", "is_priority": false, "length_m": 10.2 }, "geometry": { "type": "LineString", "coordinates": [ [ -74.042519011160181, 40.741132712468023 ], [ -74.0424534, 40.7410559 ] ] } },
{ "type": "Feature", "properties": { "id": "1020576047-451", "osm_way": 1020576047, "name": "Castle Point Terrace", "class": "residential", "is_priority": false, "length_m": 134.3 }, "geometry": { "type": "LineString", "coordinates": [ [ -74.0257893, 40.7469147 ], [ -74.0257724, 40.7469722 ], [ -74.025431, 40.7480938 ] ] } },
{ "type": "Feature", "properties": { "id": "1024738231-452", "osm_way": 1024738231, "name": "Observer Highway", "class": "secondary", "is_priority": false, "length_m": 8.8 }, "geometry": { "type": "LineString", "coordinates": [ [ -74.0350767, 40.7362369 ], [ -74.0349753, 40.736218 ] ] } },
{ "type": "Feature", "properties": { "id": "1024738232-453", "osm_way": 1024738232, "name": "Observer Highway", "class": "secondary", "is_priority": false, "length_m": 9.4 }, "geometry": { "type": "LineString", "coordinates": [ [ -74.034243, 40.7360871 ], [ -74.0341351, 40.7360678 ] ] } },
{ "type": "Feature", "properties": { "id": "1026373602-454", "osm_way": 1026373602, "name": "Observer Highway", "class": "secondary", "is_priority": false, "length_m": 24.6 }, "geometry": { "type": "LineString", "coordinates": [ [ -74.037678900000017, 40.736690399999986 ], [ -74.0379625, 40.7367405 ] ] } },
{ "type": "Feature", "properties": { "id": "1026373603-455", "osm_way": 1026373603, "name": "Observer Highway", "class": "secondary", "is_priority": false, "length_m": 50.2 }, "geometry": { "type": "LineString", "coordinates": [ [ -74.0379625, 40.7367405 ], [ -74.0381918, 40.736781 ], [ -74.0383149, 40.7368028 ], [ -74.0384048, 40.7368169 ], [ -74.038544900000019, 40.7368263 ] ] } },
{ "type": "Feature", "properties": { "id": "1030292714-456", "osm_way": 1030292714, "name": "12th Street", "class": "tertiary", "is_priority": false, "length_m": 28.6 }, "geometry": { "type": "LineString", "coordinates": [ [ -74.0306367, 40.7517969 ], [ -74.0304987, 40.7517733 ], [ -74.0304386, 40.751763 ], [ -74.030306, 40.7517412 ] ] } },
{ "type": "Feature", "properties": { "id": "1032816253-457", "osm_way": 1032816253, "name": "Newark Street", "class": "tertiary", "is_priority": false, "length_m": 38.9 }, "geometry": { "type": "LineString", "coordinates": [ [ -74.0295318, 40.7366396 ], [ -74.0297938, 40.7366798 ], [ -74.0298889, 40.7366974 ], [ -74.029973, 40.7367322 ] ] } },
{ "type": "Feature", "properties": { "id": "1036506850-458", "osm_way": 1036506850, "name": "Park Avenue", "class": "tertiary", "is_priority": false, "length_m": 40.1 }, "geometry": { "type": "LineString", "coordinates": [ [ -74.0288818, 40.7533718 ], [ -74.0288757, 40.7533918 ], [ -74.0288061, 40.7536267 ], [ -74.0287819, 40.7537252 ] ] } },
{ "type": "Feature", "properties": { "id": "1037056287-459", "osm_way": 1037056287, "name": "Hudson Street", "class": "tertiary", "is_priority": false, "length_m": 29.6 }, "geometry": { "type": "LineString", "coordinates": [ [ -74.0298909, 40.7369911 ], [ -74.0299526, 40.7367966 ], [ -74.029973, 40.7367322 ] ] } },
{ "type": "Feature", "properties": { "id": "1037062666-460", "osm_way": 1037062666, "name": "1st Street", "class": "tertiary", "is_priority": false, "length_m": 29.7 }, "geometry": { "type": "LineString", "coordinates": [ [ -74.0312422, 40.7375073 ], [ -74.0310188, 40.7374681 ], [ -74.0308991, 40.737447 ] ] } },
{ "type": "Feature", "properties": { "id": "1041365527-461", "osm_way": 1041365527, "name": "11th Street", "class": "unclassified", "is_priority": false, "length_m": 21.4 }, "geometry": { "type": "LineString", "coordinates": [ [ -74.025749, 40.7497071 ], [ -74.0258951, 40.7497333 ], [ -74.0259955, 40.7497506 ] ] } },
{ "type": "Feature", "properties": { "id": "1046871878-462", "osm_way": 1046871878, "name": "15th Street", "class": "tertiary", "is_priority": false, "length_m": 29.6 }, "geometry": { "type": "LineString", "coordinates": [ [ -74.0289316, 40.755013899999987 ], [ -74.0291328, 40.7550506 ], [ -74.029272, 40.7550762 ] ] } },
{ "type": "Feature", "properties": { "id": "1047069365-463", "osm_way": 1047069365, "name": "Maxwell Place", "class": "residential", "is_priority": false, "length_m": 39.4 }, "geometry": { "type": "LineString", "coordinates": [ [ -74.0251811, 40.7491384 ], [ -74.0251254, 40.7493265 ], [ -74.0251043, 40.7493923 ], [ -74.0250958, 40.7494187 ], [ -74.0250752, 40.749484099999989 ] ] } },
{ "type": "Feature", "properties": { "id": "1047069366-464", "osm_way": 1047069366, "name": "11th Street", "class": "residential", "is_priority": false, "length_m": 82.4 }, "geometry": { "type": "LineString", "coordinates": [ [ -74.0260286, 40.7496447 ], [ -74.025922, 40.749627299999986 ], [ -74.0251857, 40.7495037 ], [ -74.0251523, 40.7494981 ], [ -74.0250752, 40.749484099999989 ] ] } },
{ "type": "Feature", "properties": { "id": "1047069808-465", "osm_way": 1047069808, "name": "Hudson Street", "class": "tertiary", "is_priority": false, "length_m": 105.8 }, "geometry": { "type": "LineString", "coordinates": [ [ -74.0283621, 40.7420104 ], [ -74.0283802, 40.7419611 ], [ -74.0285532, 40.7414053 ], [ -74.0286347, 40.7411436 ], [ -74.028656, 40.7410844 ] ] } },
{ "type": "Feature", "properties": { "id": "1047752031-466", "osm_way": 1047752031, "name": "Observer Highway", "class": "secondary", "is_priority": false, "length_m": 18.3 }, "geometry": { "type": "LineString", "coordinates": [ [ -74.0322678, 40.7357396 ], [ -74.032174, 40.7357224 ], [ -74.0320573, 40.7357011 ] ] } },
{ "type": "Feature", "properties": { "id": "1047752032-467", "osm_way": 1047752032, "name": "Observer Highway", "class": "secondary", "is_priority": false, "length_m": 18.9 }, "geometry": { "type": "LineString", "coordinates": [ [ -74.0320573, 40.7357011 ], [ -74.0318394, 40.7356634 ] ] } },
{ "type": "Feature", "properties": { "id": "1047756149-468", "osm_way": 1047756149, "name": "", "class": "residential", "is_priority": false, "length_m": 10.9 }, "geometry": { "type": "LineString", "coordinates": [ [ -74.0250752, 40.749484099999989 ], [ -74.0250464, 40.7495802 ] ] } },
{ "type": "Feature", "properties": { "id": "1057788574-469", "osm_way": 1057788574, "name": "Hudson Street", "class": "tertiary", "is_priority": false, "length_m": 200.0 }, "geometry": { "type": "LineString", "coordinates": [ [ -74.02643, 40.7483674 ], [ -74.0267792, 40.7471501 ], [ -74.0267974, 40.7470867 ], [ -74.0268124, 40.7470397 ], [ -74.026948560893118, 40.746609604643211 ] ] } },
{ "type": "Feature", "properties": { "id": "1057788574-470", "osm_way": 1057788574, "name": "Hudson Street", "class": "tertiary", "is_priority": false, "length_m": 44.3 }, "geometry": { "type": "LineString", "coordinates": [ [ -74.026948560893118, 40.746609604643211 ], [ -74.0270713, 40.7462219 ] ] } },
{ "type": "Feature", "properties": { "id": "1057788575-471", "osm_way": 1057788575, "name": "Hudson Street", "class": "tertiary", "is_priority": false, "length_m": 20.9 }, "geometry": { "type": "LineString", "coordinates": [ [ -74.0260697, 40.7494874 ], [ -74.0261289, 40.7493046 ] ] } },
{ "type": "Feature", "properties": { "id": "1057788576-472", "osm_way": 1057788576, "name": "15th Street", "class": "residential", "is_priority": false, "length_m": 78.0 }, "geometry": { "type": "LineString", "coordinates": [ [ -74.0250041, 40.7542673 ], [ -74.0247458, 40.7542193 ], [ -74.0246509, 40.75420410000001 ], [ -74.0245464, 40.7541874 ], [ -74.0241427, 40.7541213 ], [ -74.0241065, 40.7541063 ] ] } },
{ "type": "Feature", "properties": { "id": "1057788579-473", "osm_way": 1057788579, "name": "15th Street", "class": "residential", "is_priority": false, "length_m": 63.4 }, "geometry": { "type": "LineString", "coordinates": [ [ -74.0284272, 40.7549247 ], [ -74.0283042, 40.7549171 ], [ -74.0276965, 40.7547966 ] ] } },
{ "type": "Feature", "properties": { "id": "1057788580-474", "osm_way": 1057788580, "name": "Park Avenue", "class": "residential", "is_priority": false, "length_m": 143.6 }, "geometry": { "type": "LineString", "coordinates": [ [ -74.0309581, 40.7465019 ], [ -74.0309413, 40.7465532 ], [ -74.030767, 40.747103 ], [ -74.0305934, 40.7477021 ], [ -74.030576, 40.747762 ] ] } },
{ "type": "Feature", "properties": { "id": "1057788581-475", "osm_way": 1057788581, "name": "Garden Street", "class": "residential", "is_priority": false, "length_m": 200.0 }, "geometry": { "type": "LineString", "coordinates": [ [ -74.0311896, 40.7425205 ], [ -74.0312096, 40.7424571 ], [ -74.03133720000001, 40.7420445 ], [ -74.0314714, 40.7416477 ], [ -74.0314939, 40.741584599999989 ], [ -74.0315115, 40.7415248 ], [ -74.031733671090819, 40.740767275401154 ] ] } },
{ "type": "Feature", "properties": { "id": "1057788581-476", "osm_way": 1057788581, "name": "Garden Street", "class": "residential", "is_priority": false, "length_m": 200.0 }, "geometry": { "type": "LineString", "coordinates": [ [ -74.031733671090819, 40.740767275401154 ], [ -74.0318508, 40.7403679 ], [ -74.0318666, 40.7403139 ], [ -74.0318869, 40.7402483 ], [ -74.0322439, 40.7390939 ], [ -74.0322599, 40.7390407 ], [ -74.032269020744934, 40.739012340197966 ] ] } },
{ "type": "Feature", "properties": { "id": "1057788581-477", "osm_way": 1057788581, "name": "Garden Street", "class": "residential", "is_priority": false, "length_m": 200.0 }, "geometry": { "type": "LineString", "coordinates": [ [ -74.032269020744934, 40.739012340197966 ], [ -74.0322791, 40.738981 ], [ -74.0326231, 40.7378567 ], [ -74.032631600000016, 40.7378289 ], [ -74.0326528, 40.7377573 ], [ -74.0326697, 40.7377065 ], [ -74.0328011, 40.7372979 ], [ -74.03280917858973, 40.737258386374073 ] ] } },
{ "type": "Feature", "properties": { "id": "1057788581-478", "osm_way": 1057788581, "name": "Garden Street", "class": "residential", "is_priority": false, "length_m": 154.0 }, "geometry": { "type": "LineString", "coordinates": [ [ -74.03280917858973, 40.737258386374073 ], [ -74.0328158, 40.737226 ], [ -74.0328362, 40.7371599 ], [ -74.0329901, 40.736657 ], [ -74.033014, 40.7365788 ], [ -74.0331769, 40.7360344 ], [ -74.033184, 40.7360107 ], [ -74.0332164, 40.7359063 ] ] } },
{ "type": "Feature", "properties": { "id": "1057788582-479", "osm_way": 1057788582, "name": "Garden Street", "class": "residential", "is_priority": false, "length_m": 200.0 }, "geometry": { "type": "LineString", "coordinates": [ [ -74.0295351, 40.7479691 ], [ -74.0296263, 40.7476612 ], [ -74.0296462, 40.747593799999983 ], [ -74.0296622, 40.7475407 ], [ -74.0300099, 40.7463896 ], [ -74.030028, 40.746329899999985 ], [ -74.0300423, 40.7462797 ], [ -74.03006310517469, 40.746212853545167 ] ] } },
{ "type": "Feature", "properties": { "id": "1057788582-480", "osm_way": 1057788582, "name": "Garden Street", "class": "residential", "is_priority": false, "length_m": 200.0 }, "geometry": { "type": "LineString", "coordinates": [ [ -74.03006310517469, 40.746212853545167 ], [ -74.0304061, 40.7451108 ], [ -74.0304233, 40.745055399999984 ], [ -74.0304398, 40.7450013 ], [ -74.030604142965728, 40.74445890320456 ] ] } },
{ "type": "Feature", "properties": { "id": "1057788582-481", "osm_way": 1057788582, "name": "Garden Street", "class": "residential", "is_priority": false, "length_m": 200.0 }, "geometry": { "type": "LineString", "coordinates": [ [ -74.030604142965728, 40.74445890320456 ], [ -74.0307903, 40.7438445 ], [ -74.0308083, 40.74379 ], [ -74.0308258, 40.7437316 ], [ -74.031134816656802, 40.742703129836478 ] ] } },
{ "type": "Feature", "properties": { "id": "1057788582-482", "osm_way": 1057788582, "name": "Garden Street", "class": "residential", "is_priority": false, "length_m": 20.8 }, "geometry": { "type": "LineString", "coordinates": [ [ -74.031134816656802, 40.742703129836478 ], [ -74.031164, 40.742606 ], [ -74.0311732, 40.7425753 ], [ -74.0311896, 40.7425205 ] ] } },
{ "type": "Feature", "properties": { "id": "1057788583-483", "osm_way": 1057788583, "name": "4th Street", "class": "tertiary", "is_priority": false, "length_m": 25.9 }, "geometry": { "type": "LineString", "coordinates": [ [ -74.0268813, 40.7410228 ], [ -74.0269435, 40.7409786 ], [ -74.027076, 40.7408864 ], [ -74.0271116, 40.7408699 ] ] } },
{ "type": "Feature", "properties": { "id": "1104600857-484", "osm_way": 1104600857, "name": "6th Street", "class": "residential", "is_priority": false, "length_m": 11.4 }, "geometry": { "type": "LineString", "coordinates": [ [ -74.0274462, 40.7431924 ], [ -74.0275777, 40.7432151 ] ] } },
{ "type": "Feature", "properties": { "id": "1104600858-485", "osm_way": 1104600858, "name": "6th Street", "class": "residential", "is_priority": false, "length_m": 3.7 }, "geometry": { "type": "LineString", "coordinates": [ [ -74.0275777, 40.7432151 ], [ -74.0276203, 40.7432222 ] ] } },
{ "type": "Feature", "properties": { "id": "1120280021-486", "osm_way": 1120280021, "name": "Willow Avenue", "class": "secondary", "is_priority": false, "length_m": 25.5 }, "geometry": { "type": "LineString", "coordinates": [ [ -74.0289678, 40.7560521 ], [ -74.028917, 40.7562141 ], [ -74.028901, 40.756275699999989 ] ] } },
{ "type": "Feature", "properties": { "id": "1120280022-487", "osm_way": 1120280022, "name": "Willow Avenue", "class": "secondary", "is_priority": false, "length_m": 26.0 }, "geometry": { "type": "LineString", "coordinates": [ [ -74.029272, 40.7550762 ], [ -74.0292523, 40.7551348 ], [ -74.0292006, 40.7553044 ] ] } },
{ "type": "Feature", "properties": { "id": "1120556251-488", "osm_way": 1120556251, "name": "Madison Street", "class": "secondary", "is_priority": false, "length_m": 21.0 }, "geometry": { "type": "LineString", "coordinates": [ [ -74.0395112, 40.7367995 ], [ -74.039634, 40.7368197 ], [ -74.0396971, 40.7368324 ], [ -74.0397479, 40.7368532 ] ] } },
{ "type": "Feature", "properties": { "id": "1121689629-489", "osm_way": 1121689629, "name": "Observer Highway", "class": "secondary", "is_priority": false, "length_m": 30.6 }, "geometry": { "type": "LineString", "coordinates": [ [ -74.0345961, 40.736151 ], [ -74.034243, 40.7360871 ] ] } },
{ "type": "Feature", "properties": { "id": "1121988372-490", "osm_way": 1121988372, "name": "Paterson Avenue", "class": "secondary", "is_priority": false, "length_m": 34.6 }, "geometry": { "type": "LineString", "coordinates": [ [ -74.0419573, 40.7384372 ], [ -74.0421129, 40.7386008 ], [ -74.0421962, 40.73869 ] ] } },
{ "type": "Feature", "properties": { "id": "1135736188-491", "osm_way": 1135736188, "name": "Newark Street", "class": "secondary", "is_priority": false, "length_m": 21.6 }, "geometry": { "type": "LineString", "coordinates": [ [ -74.0387871, 40.7369377 ], [ -74.0386178, 40.7369553 ], [ -74.038535, 40.7369685 ] ] } },
{ "type": "Feature", "properties": { "id": "1135736189-492", "osm_way": 1135736189, "name": "Newark Street", "class": "secondary", "is_priority": false, "length_m": 34.3 }, "geometry": { "type": "LineString", "coordinates": [ [ -74.038535, 40.7369685 ], [ -74.0383701, 40.7369939 ], [ -74.0381371, 40.7370298 ] ] } },
{ "type": "Feature", "properties": { "id": "1136978170-493", "osm_way": 1136978170, "name": "Willow Avenue", "class": "secondary", "is_priority": false, "length_m": 32.4 }, "geometry": { "type": "LineString", "coordinates": [ [ -74.028806, 40.7565937 ], [ -74.0287217, 40.756878399999977 ] ] } },
{ "type": "Feature", "properties": { "id": "1204253420-494", "osm_way": 1204253420, "name": "Marin Boulevard", "class": "secondary", "is_priority": false, "length_m": 10.7 }, "geometry": { "type": "LineString", "coordinates": [ [ -74.038544900000019, 40.7368263 ], [ -74.0385824, 40.7367341 ] ] } },
{ "type": "Feature", "properties": { "id": "1258439197-495", "osm_way": 1258439197, "name": "Willow Avenue", "class": "secondary", "is_priority": false, "length_m": 200.0 }, "geometry": { "type": "LineString", "coordinates": [ [ -74.0307021, 40.750511499999988 ], [ -74.0307562, 40.7504159 ], [ -74.0307856, 40.7503141 ], [ -74.0311153, 40.7492564 ], [ -74.0311312, 40.7492063 ], [ -74.0311501, 40.7491475 ], [ -74.031265353814675, 40.74876317741635 ] ] } },
{ "type": "Feature", "properties": { "id": "1258439197-496", "osm_way": 1258439197, "name": "Willow Avenue", "class": "secondary", "is_priority": false, "length_m": 94.8 }, "geometry": { "type": "LineString", "coordinates": [ [ -74.031265353814675, 40.74876317741635 ], [ -74.0314881, 40.7480204 ], [ -74.0314951, 40.747997 ], [ -74.0315151, 40.7479304 ] ] } },
{ "type": "Feature", "properties": { "id": "1303625538-497", "osm_way": 1303625538, "name": "7th Street", "class": "residential", "is_priority": false, "length_m": 80.2 }, "geometry": { "type": "LineString", "coordinates": [ [ -74.0388055, 40.7465382 ], [ -74.0387224, 40.7465233 ], [ -74.0382993, 40.7464478 ], [ -74.0379968, 40.7463937 ], [ -74.0379722, 40.7463893 ], [ -74.0378805, 40.7463729 ] ] } },
{ "type": "Feature", "properties": { "id": "1317487523-498", "osm_way": 1317487523, "name": "Grand Street", "class": "residential", "is_priority": false, "length_m": 137.6 }, "geometry": { "type": "LineString", "coordinates": [ [ -74.031186, 40.755393 ], [ -74.031217, 40.7552933 ], [ -74.0314939, 40.7544111 ], [ -74.0315057, 40.7543705 ], [ -74.0315601, 40.7541864 ] ] } },
{ "type": "Feature", "properties": { "id": "1317613752-499", "osm_way": 1317613752, "name": "15th Street", "class": "residential", "is_priority": false, "length_m": 75.6 }, "geometry": { "type": "LineString", "coordinates": [ [ -74.0258736, 40.7544313 ], [ -74.0258177, 40.7544206 ], [ -74.0257318, 40.7544041 ], [ -74.0256613, 40.7543905 ], [ -74.025462, 40.7543523 ], [ -74.0250041, 40.7542673 ] ] } },
{ "type": "Feature", "properties": { "id": "1317735329-500", "osm_way": 1317735329, "name": "8th Street", "class": "residential", "is_priority": false, "length_m": 89.5 }, "geometry": { "type": "LineString", "coordinates": [ [ -74.0261887, 40.7455918 ], [ -74.026305600000015, 40.7456133 ], [ -74.0266941, 40.745685 ], [ -74.0269927, 40.7457391 ], [ -74.0270919, 40.745756 ], [ -74.027133400000011, 40.7457635 ], [ -74.0272062, 40.745802500000011 ] ] } },
{ "type": "Feature", "properties": { "id": "1318153241-501", "osm_way": 1318153241, "name": "Adams Street", "class": "tertiary", "is_priority": false, "length_m": 29.3 }, "geometry": { "type": "LineString", "coordinates": [ [ -74.0332413, 40.7519784 ], [ -74.0332277, 40.7520192 ], [ -74.0331741, 40.7521804 ], [ -74.0331563, 40.7522339 ] ] } },
{ "type": "Feature", "properties": { "id": "1318153242-502", "osm_way": 1318153242, "name": "10th Street", "class": "residential", "is_priority": false, "length_m": 200.0 }, "geometry": { "type": "LineString", "coordinates": [ [ -74.0275197, 40.7485655 ], [ -74.027663, 40.7485909 ], [ -74.0282236, 40.748685 ], [ -74.0282537, 40.7486901 ], [ -74.0283372, 40.748704 ], [ -74.0284098, 40.7487166 ], [ -74.0291801, 40.7488536 ], [ -74.0292688, 40.7488694 ], [ -74.0293453, 40.7488845 ], [ -74.029827601526179, 40.748971476244868 ] ] } },
{ "type": "Feature", "properties": { "id": "1318153242-503", "osm_way": 1318153242, "name": "10th Street", "class": "residential", "is_priority": false, "length_m": 32.4 }, "geometry": { "type": "LineString", "coordinates": [ [ -74.029827601526179, 40.748971476244868 ], [ -74.0300684, 40.7490149 ], [ -74.0301006, 40.74902070000001 ], [ -74.0302012, 40.7490376 ] ] } },
{ "type": "Feature", "properties": { "id": "1376950609-504", "osm_way": 1376950609, "name": "Marin Boulevard", "class": "secondary", "is_priority": false, "length_m": 19.8 }, "geometry": { "type": "LineString", "coordinates": [ [ -74.0385824, 40.7367341 ], [ -74.0386265, 40.736633 ], [ -74.0386515, 40.7365639 ] ] } },
{ "type": "Feature", "properties": { "id": "1422401909-505", "osm_way": 1422401909, "name": "11th Street", "class": "residential", "is_priority": false, "length_m": 81.4 }, "geometry": { "type": "LineString", "coordinates": [ [ -74.0363935, 40.7512617 ], [ -74.0362875, 40.751243 ], [ -74.035562, 40.7511151 ], [ -74.0354541, 40.751096099999984 ] ] } },
{ "type": "Feature", "properties": { "id": "1426679048-506", "osm_way": 1426679048, "name": "15th Street", "class": "residential", "is_priority": false, "length_m": 23.4 }, "geometry": { "type": "LineString", "coordinates": [ [ -74.027459, 40.7547359 ], [ -74.0274925, 40.7547782 ], [ -74.0275621, 40.7547967 ], [ -74.027607, 40.7548088 ], [ -74.0276965, 40.7547966 ] ] } },
{ "type": "Feature", "properties": { "id": "1426679049-507", "osm_way": 1426679049, "name": "15th Street", "class": "residential", "is_priority": false, "length_m": 22.8 }, "geometry": { "type": "LineString", "coordinates": [ [ -74.0276965, 40.7547966 ], [ -74.0276364, 40.7547506 ], [ -74.0275833, 40.7547378 ], [ -74.0275247, 40.7547236 ], [ -74.027459, 40.7547359 ] ] } },
{ "type": "Feature", "properties": { "id": "1451159051-508", "osm_way": 1451159051, "name": "6th Street", "class": "residential", "is_priority": false, "length_m": 95.9 }, "geometry": { "type": "LineString", "coordinates": [ [ -74.0279714, 40.7432875 ], [ -74.0280479, 40.7432967 ], [ -74.0285158, 40.7433786 ], [ -74.0289508, 40.7434593 ], [ -74.0290771, 40.7434827 ] ] } },
{ "type": "Feature", "properties": { "id": "1452435363-509", "osm_way": 1452435363, "name": "9th Street", "class": "residential", "is_priority": false, "length_m": 161.4 }, "geometry": { "type": "LineString", "coordinates": [ [ -74.0267974, 40.7470867 ], [ -74.0267234, 40.747073 ], [ -74.0262163, 40.7469858 ], [ -74.025914, 40.7469351 ], [ -74.0258797, 40.7469294 ], [ -74.0257893, 40.7469147 ], [ -74.0256914, 40.7468975 ], [ -74.0252764, 40.7468248 ], [ -74.0249336, 40.7467623 ] ] } },
{ "type": "Feature", "properties": { "id": "1466029804-510", "osm_way": 1466029804, "name": "11th Street", "class": "residential", "is_priority": false, "length_m": 80.3 }, "geometry": { "type": "LineString", "coordinates": [ [ -74.0354541, 40.751096099999984 ], [ -74.035349, 40.751077499999987 ], [ -74.0346102, 40.7509473 ], [ -74.0345276, 40.7509327 ] ] } },
{ "type": "Feature", "properties": { "id": "1466044812-511", "osm_way": 1466044812, "name": "Bloomfield Street", "class": "tertiary", "is_priority": false, "length_m": 146.6 }, "geometry": { "type": "LineString", "coordinates": [ [ -74.031719800000019, 40.7375912 ], [ -74.0316969, 40.737665 ], [ -74.0313503, 40.738785 ], [ -74.0313422, 40.7388112 ], [ -74.0313215, 40.7388763 ] ] } },
{ "type": "Feature", "properties": { "id": "1466052410-512", "osm_way": 1466052410, "name": "13th Street", "class": "residential", "is_priority": false, "length_m": 81.0 }, "geometry": { "type": "LineString", "coordinates": [ [ -74.0319298, 40.7530122 ], [ -74.032025, 40.7530274 ], [ -74.0327263, 40.7531496 ], [ -74.0327535, 40.7531543 ], [ -74.0328655, 40.7531736 ] ] } },
{ "type": "Feature", "properties": { "id": "1466052411-513", "osm_way": 1466052411, "name": "Adams Street", "class": "tertiary", "is_priority": false, "length_m": 107.2 }, "geometry": { "type": "LineString", "coordinates": [ [ -74.0331563, 40.7522339 ], [ -74.0331371, 40.7522952 ], [ -74.0328865, 40.7531043 ], [ -74.0328655, 40.7531736 ] ] } },
{ "type": "Feature", "properties": { "id": "1466052412-514", "osm_way": 1466052412, "name": "Adams Street", "class": "tertiary", "is_priority": false, "length_m": 117.6 }, "geometry": { "type": "LineString", "coordinates": [ [ -74.0324554, 40.7545265 ], [ -74.0324497, 40.7545457 ], [ -74.0324417, 40.754571 ], [ -74.0321687, 40.7554337 ], [ -74.0321641, 40.755448099999988 ], [ -74.0321293, 40.755556 ] ] } },
{ "type": "Feature", "properties": { "id": "1466052413-515", "osm_way": 1466052413, "name": "14th Street", "class": "residential", "is_priority": false, "length_m": 82.0 }, "geometry": { "type": "LineString", "coordinates": [ [ -74.0315057, 40.7543705 ], [ -74.0315835, 40.7543827 ], [ -74.0318727, 40.7544278 ], [ -74.0323827, 40.7545142 ], [ -74.0324554, 40.7545265 ] ] } },
{ "type": "Feature", "properties": { "id": "1466052414-516", "osm_way": 1466052414, "name": "Madison Street", "class": "tertiary", "is_priority": false, "length_m": 114.2 }, "geometry": { "type": "LineString", "coordinates": [ [ -74.0343038, 40.7548556 ], [ -74.0342992, 40.7548729 ], [ -74.0341367, 40.7553942 ], [ -74.0339924, 40.7558568 ] ] } },
{ "type": "Feature", "properties": { "id": "1466052415-517", "osm_way": 1466052415, "name": "Madison Street", "class": "tertiary", "is_priority": false, "length_m": 137.8 }, "geometry": { "type": "LineString", "coordinates": [ [ -74.0358201, 40.7498867 ], [ -74.0357995, 40.7499535 ], [ -74.0355179, 40.75086550000001 ], [ -74.0354738, 40.7510257 ], [ -74.0354541, 40.751096099999984 ] ] } },
{ "type": "Feature", "properties": { "id": "1466052416-518", "osm_way": 1466052416, "name": "Harrison Street", "class": "residential", "is_priority": false, "length_m": 145.2 }, "geometry": { "type": "LineString", "coordinates": [ [ -74.0415823, 40.740680500000011 ], [ -74.0415994, 40.7406242 ], [ -74.0419459, 40.7394859 ], [ -74.0419519, 40.739466099999987 ], [ -74.0419701, 40.7394061 ] ] } },
{ "type": "Feature", "properties": { "id": "1466052417-519", "osm_way": 1466052417, "name": "2nd Street", "class": "residential", "is_priority": false, "length_m": 80.9 }, "geometry": { "type": "LineString", "coordinates": [ [ -74.0406483, 40.7405185 ], [ -74.0407343, 40.7405335 ], [ -74.040776, 40.7405407 ], [ -74.0414578, 40.7406589 ], [ -74.0414849, 40.7406636 ], [ -74.0415823, 40.740680500000011 ] ] } },
{ "type": "Feature", "properties": { "id": "1482627848-520", "osm_way": 1482627848, "name": "14th Street", "class": "secondary", "is_priority": false, "length_m": 28.6 }, "geometry": { "type": "LineString", "coordinates": [ [ -74.0260827, 40.7532342 ], [ -74.0262653, 40.7532672 ], [ -74.0264129, 40.753293699999986 ] ] } }
]
}
