{
"type": "FeatureCollection",
"name": "roads",
"crs": { "type": "name", "properties": { "name": "urn:ogc:def:crs:OGC:1.3:CRS84" } },
"features": [
{ "type": "Feature", "properties": { "id": "11648446-0", "name": "Harned Street", "class": "residential", "is_priority": false }, "geometry": { "type": "LineString", "coordinates": [ [ -74.283838, 40.532592 ], [ -74.283673, 40.532687 ], [ -74.283631, 40.532752 ], [ -74.283677, 40.532816 ], [ -74.283751, 40.532846 ], [ -74.283802, 40.532846 ], [ -74.283897, 40.532796 ], [ -74.283905, 40.532731 ], [ -74.283838, 40.532592 ] ] } },
{ "type": "Feature", "properties": { "id": "11648446-1", "name": "Harned Street", "class": "residential", "is_priority": false }, "geometry": { "type": "LineString", "coordinates": [ [ -74.283838, 40.532592 ], [ -74.284589, 40.532004 ] ] } },
{ "type": "Feature", "properties": { "id": "11649176-2", "name": "", "class": "residential", "is_priority": false }, "geometry": { "type": "LineString", "coordinates": [ [ -74.265366, 40.516733 ], [ -74.264704, 40.516548 ] ] } },
{ "type": "Feature", "properties": { "id": "11649234-3", "name": "", "class": "secondary_link", "is_priority": false }, "geometry": { "type": "LineString", "coordinates": [ [ -74.302734, 40.515452 ], [ -74.30267, 40.515447 ], [ -74.302608, 40.515465 ], [ -74.302562, 40.515504 ], [ -74.302543, 40.515558 ], [ -74.302569, 40.515635 ], [ -74.302708, 40.515699 ] ] } },
{ "type": "Feature", "properties": { "id": "11649360-4", "name": "Inslee Street", "class": "residential", "is_priority": false }, "geometry": { "type": "LineString", "coordinates": [ [ -74.267788, 40.532144 ], [ -74.270131, 40.532365 ] ] } },
{ "type": "Feature", "properties": { "id": "11649360-5", "name": "Inslee Street", "class": "residential", "is_priority": false }, "geometry": { "type": "LineString", "coordinates": [ [ -74.270131, 40.532365 ], [ -74.272356, 40.53258 ] ] } },
{ "type": "Feature", "properties": { "id": "11650222-6", "name": "Pulaski Avenue", "class": "residential", "is_priority": false }, "geometry": { "type": "LineString", "coordinates": [ [ -74.261484, 40.523857 ], [ -74.262929, 40.524264 ], [ -74.263742, 40.524347 ] ] } },
{ "type": "Feature", "properties": { "id": "11650222-7", "name": "Pulaski Avenue", "class": "residential", "is_priority": false }, "geometry": { "type": "LineString", "coordinates": [ [ -74.263742, 40.524347 ], [ -74.264452, 40.524416 ] ] } },
{ "type": "Feature", "properties": { "id": "11650982-8", "name": "Huntington Street", "class": "residential", "is_priority": false }, "geometry": { "type": "LineString", "coordinates": [ [ -74.268166, 40.52124 ], [ -74.265884, 40.520777 ] ] } },
{ "type": "Feature", "properties": { "id": "11650982-9", "name": "Huntington Street", "class": "residential", "is_priority": false }, "geometry": { "type": "LineString", "coordinates": [ [ -74.265884, 40.520777 ], [ -74.265059, 40.520609 ] ] } },
{ "type": "Feature", "properties": { "id": "11651027-10", "name": "", "class": "secondary_link", "is_priority": false }, "geometry": { "type": "LineString", "coordinates": [ [ -74.301837, 40.515631 ], [ -74.302121, 40.515604 ], [ -74.302253, 40.515568 ], [ -74.30231, 40.515495 ], [ -74.30231, 40.515388 ], [ -74.302272, 40.515314 ], [ -74.302175, 40.515221 ], [ -74.301564, 40.514892 ] ] } },
{ "type": "Feature", "properties": { "id": "11651154-11", "name": "Colgate Avenue", "class": "residential", "is_priority": false }, "geometry": { "type": "LineString", "coordinates": [ [ -74.284156, 40.529341 ], [ -74.284436, 40.528786 ] ] } },
{ "type": "Feature", "properties": { "id": "11651744-12", "name": "", "class": "residential", "is_priority": false }, "geometry": { "type": "LineString", "coordinates": [ [ -74.27875, 40.523691 ], [ -74.278892, 40.523696 ] ] } },
{ "type": "Feature", "properties": { "id": "11651903-13", "name": "", "class": "tertiary_link", "is_priority": false }, "geometry": { "type": "LineString", "coordinates": [ [ -74.289594, 40.525717 ], [ -74.289569, 40.525413 ], [ -74.289569, 40.525156 ], [ -74.289627, 40.524921 ], [ -74.289725, 40.52475 ] ] } },
{ "type": "Feature", "properties": { "id": "11653262-14", "name": "Sadowski Parkway", "class": "residential", "is_priority": false }, "geometry": { "type": "LineString", "coordinates": [ [ -74.26851, 40.499808 ], [ -74.269137, 40.499841 ], [ -74.269262, 40.49983 ] ] } },
{ "type": "Feature", "properties": { "id": "11655310-15", "name": "", "class": "residential", "is_priority": false }, "geometry": { "type": "LineString", "coordinates": [ [ -74.272135, 40.533082 ], [ -74.271934, 40.533031 ], [ -74.271759, 40.532885 ], [ -74.26988, 40.532728 ] ] } },
{ "type": "Feature", "properties": { "id": "11655310-16", "name": "", "class": "residential", "is_priority": false }, "geometry": { "type": "LineString", "coordinates": [ [ -74.26988, 40.532728 ], [ -74.268412, 40.532607 ] ] } },
{ "type": "Feature", "properties": { "id": "11655635-17", "name": "", "class": "tertiary_link", "is_priority": false }, "geometry": { "type": "LineString", "coordinates": [ [ -74.288198, 40.518014 ], [ -74.288779, 40.518012 ], [ -74.289042, 40.518043 ], [ -74.289265, 40.518091 ] ] } },
{ "type": "Feature", "properties": { "id": "11655788-18", "name": "Hazel Avenue", "class": "residential", "is_priority": false }, "geometry": { "type": "LineString", "coordinates": [ [ -74.289342, 40.522507 ], [ -74.288669, 40.524233 ] ] } },
{ "type": "Feature", "properties": { "id": "11655788-19", "name": "Hazel Avenue", "class": "residential", "is_priority": false }, "geometry": { "type": "LineString", "coordinates": [ [ -74.288669, 40.524233 ], [ -74.288413, 40.524891 ], [ -74.287875, 40.525928 ] ] } },
{ "type": "Feature", "properties": { "id": "11655788-20", "name": "Hazel Avenue", "class": "residential", "is_priority": false }, "geometry": { "type": "LineString", "coordinates": [ [ -74.287875, 40.525928 ], [ -74.287746, 40.526149 ], [ -74.287652, 40.526249 ], [ -74.287569, 40.526294 ] ] } },
{ "type": "Feature", "properties": { "id": "11655817-21", "name": "Ashley Street", "class": "residential", "is_priority": false }, "geometry": { "type": "LineString", "coordinates": [ [ -74.267196, 40.529793 ], [ -74.269342, 40.530545 ] ] } },
{ "type": "Feature", "properties": { "id": "11655817-22", "name": "Ashley Street", "class": "residential", "is_priority": false }, "geometry": { "type": "LineString", "coordinates": [ [ -74.269342, 40.530545 ], [ -74.270648, 40.531009 ], [ -74.271559, 40.531109 ] ] } },
{ "type": "Feature", "properties": { "id": "11655817-23", "name": "Ashley Street", "class": "residential", "is_priority": false }, "geometry": { "type": "LineString", "coordinates": [ [ -74.271559, 40.531109 ], [ -74.272958, 40.531249 ] ] } },
{ "type": "Feature", "properties": { "id": "11655858-24", "name": "West Pond Road/Route 184", "class": "secondary", "is_priority": false }, "geometry": { "type": "LineString", "coordinates": [ [ -74.290547, 40.531542 ], [ -74.29116, 40.531937 ] ] } },
{ "type": "Feature", "properties": { "id": "11655896-25", "name": "Kelly Avenue", "class": "residential", "is_priority": false }, "geometry": { "type": "LineString", "coordinates": [ [ -74.278388, 40.536027 ], [ -74.280513, 40.536294 ] ] } },
{ "type": "Feature", "properties": { "id": "11655934-26", "name": "Mc Clellan Street", "class": "residential", "is_priority": false }, "geometry": { "type": "LineString", "coordinates": [ [ -74.271777, 40.507919 ], [ -74.271021, 40.509453 ] ] } },
{ "type": "Feature", "properties": { "id": "11655948-27", "name": "Hartford Street", "class": "residential", "is_priority": false }, "geometry": { "type": "LineString", "coordinates": [ [ -74.260654, 40.515197 ], [ -74.260041, 40.516448 ] ] } },
{ "type": "Feature", "properties": { "id": "11655949-28", "name": "Mary Fee Lane", "class": "residential", "is_priority": false }, "geometry": { "type": "LineString", "coordinates": [ [ -74.293899, 40.529422 ], [ -74.294187, 40.530848 ] ] } },
{ "type": "Feature", "properties": { "id": "11656195-29", "name": "Holly Drive", "class": "residential", "is_priority": false }, "geometry": { "type": "LineString", "coordinates": [ [ -74.274826, 40.514987 ], [ -74.274821, 40.514945 ], [ -74.274529, 40.514784 ], [ -74.274395, 40.514753 ], [ -74.273649, 40.514761 ], [ -74.273568, 40.514778 ], [ -74.272918, 40.515031 ] ] } },
{ "type": "Feature", "properties": { "id": "11656200-30", "name": "Holly Drive", "class": "residential", "is_priority": false }, "geometry": { "type": "LineString", "coordinates": [ [ -74.273727, 40.515256 ], [ -74.273956, 40.51476 ] ] } },
{ "type": "Feature", "properties": { "id": "11656280-31", "name": "Capalta Avenue", "class": "residential", "is_priority": false }, "geometry": { "type": "LineString", "coordinates": [ [ -74.272015, 40.500073 ], [ -74.27181, 40.501796 ] ] } },
{ "type": "Feature", "properties": { "id": "11656308-32", "name": "Water Street", "class": "residential", "is_priority": false }, "geometry": { "type": "LineString", "coordinates": [ [ -74.268519, 40.499614 ], [ -74.268336, 40.499563 ], [ -74.267953, 40.499597 ], [ -74.267891, 40.499614 ], [ -74.267729, 40.499686 ], [ -74.267134, 40.500031 ], [ -74.266537, 40.500412 ] ] } },
{ "type": "Feature", "properties": { "id": "11656308-33", "name": "Water Street", "class": "residential", "is_priority": false }, "geometry": { "type": "LineString", "coordinates": [ [ -74.266537, 40.500412 ], [ -74.266299, 40.500563 ] ] } },
{ "type": "Feature", "properties": { "id": "11656449-34", "name": "Fulton Street Overpass", "class": "residential", "is_priority": false }, "geometry": { "type": "LineString", "coordinates": [ [ -74.274887, 40.548274 ], [ -74.27495, 40.548427 ], [ -74.274974, 40.548757 ], [ -74.27503, 40.548922 ], [ -74.275624, 40.549835 ] ] } },
{ "type": "Feature", "properties": { "id": "11656482-35", "name": "Bunns Lane", "class": "residential", "is_priority": false }, "geometry": { "type": "LineString", "coordinates": [ [ -74.279235, 40.549511 ], [ -74.279508, 40.549428 ], [ -74.281222, 40.548739 ] ] } },
{ "type": "Feature", "properties": { "id": "11656482-36", "name": "Bunns Lane", "class": "residential", "is_priority": false }, "geometry": { "type": "LineString", "coordinates": [ [ -74.281636, 40.548571 ], [ -74.28373, 40.547737 ] ] } },
{ "type": "Feature", "properties": { "id": "11656482-37", "name": "Bunns Lane", "class": "residential", "is_priority": false }, "geometry": { "type": "LineString", "coordinates": [ [ -74.28373, 40.547737 ], [ -74.28582, 40.546897 ] ] } },
{ "type": "Feature", "properties": { "id": "11656482-38", "name": "Bunns Lane", "class": "residential", "is_priority": false }, "geometry": { "type": "LineString", "coordinates": [ [ -74.28582, 40.546897 ], [ -74.286067, 40.546803 ], [ -74.286324, 40.546737 ] ] } },
{ "type": "Feature", "properties": { "id": "11656592-39", "name": "Herbert Street", "class": "residential", "is_priority": false }, "geometry": { "type": "LineString", "coordinates": [ [ -74.285891, 40.508407 ], [ -74.285725, 40.508507 ], [ -74.285153, 40.509627 ], [ -74.28513, 40.509775 ], [ -74.285298, 40.510034 ] ] } },
{ "type": "Feature", "properties": { "id": "11656592-40", "name": "Herbert Street", "class": "residential", "is_priority": false }, "geometry": { "type": "LineString", "coordinates": [ [ -74.285298, 40.510034 ], [ -74.28549, 40.51033 ], [ -74.284872, 40.511561 ] ] } },
{ "type": "Feature", "properties": { "id": "11656626-41", "name": "Bruck Avenue", "class": "residential", "is_priority": false }, "geometry": { "type": "LineString", "coordinates": [ [ -74.26715, 40.526738 ], [ -74.269289, 40.527501 ] ] } },
{ "type": "Feature", "properties": { "id": "11656626-42", "name": "Bruck Avenue", "class": "residential", "is_priority": false }, "geometry": { "type": "LineString", "coordinates": [ [ -74.269289, 40.527501 ], [ -74.271428, 40.528264 ] ] } },
{ "type": "Feature", "properties": { "id": "11656626-43", "name": "Bruck Avenue", "class": "residential", "is_priority": false }, "geometry": { "type": "LineString", "coordinates": [ [ -74.271428, 40.528264 ], [ -74.273567, 40.529028 ] ] } },
{ "type": "Feature", "properties": { "id": "11656626-44", "name": "Bruck Avenue", "class": "residential", "is_priority": false }, "geometry": { "type": "LineString", "coordinates": [ [ -74.273567, 40.529028 ], [ -74.274344, 40.529305 ] ] } },
{ "type": "Feature", "properties": { "id": "11656637-45", "name": "Hunter Avenue", "class": "residential", "is_priority": false }, "geometry": { "type": "LineString", "coordinates": [ [ -74.28129, 40.537791 ], [ -74.281706, 40.537851 ], [ -74.281985, 40.53786 ], [ -74.282542, 40.537951 ], [ -74.282713, 40.537926 ], [ -74.28287, 40.537807 ] ] } },
{ "type": "Feature", "properties": { "id": "11656665-46", "name": "Silzer Street", "class": "residential", "is_priority": false }, "geometry": { "type": "LineString", "coordinates": [ [ -74.284171, 40.511366 ], [ -74.283366, 40.513059 ] ] } },
{ "type": "Feature", "properties": { "id": "11656665-47", "name": "Silzer Street", "class": "residential", "is_priority": false }, "geometry": { "type": "LineString", "coordinates": [ [ -74.283366, 40.513059 ], [ -74.282616, 40.514636 ] ] } },
{ "type": "Feature", "properties": { "id": "11656745-48", "name": "Dekalb Avenue", "class": "residential", "is_priority": false }, "geometry": { "type": "LineString", "coordinates": [ [ -74.26367, 40.514081 ], [ -74.264919, 40.514438 ] ] } },
{ "type": "Feature", "properties": { "id": "11656760-49", "name": "Krochmally Avenue", "class": "residential", "is_priority": false }, "geometry": { "type": "LineString", "coordinates": [ [ -74.276128, 40.528028 ], [ -74.275993, 40.528095 ], [ -74.275924, 40.528166 ] ] } },
{ "type": "Feature", "properties": { "id": "11656819-50", "name": "Clement Street", "class": "residential", "is_priority": false }, "geometry": { "type": "LineString", "coordinates": [ [ -74.287945, 40.515291 ], [ -74.287592, 40.515993 ] ] } },
{ "type": "Feature", "properties": { "id": "11656895-51", "name": "Wagner Avenue", "class": "residential", "is_priority": false }, "geometry": { "type": "LineString", "coordinates": [ [ -74.266992, 40.528976 ], [ -74.269137, 40.529728 ] ] } },
{ "type": "Feature", "properties": { "id": "11656895-52", "name": "Wagner Avenue", "class": "residential", "is_priority": false }, "geometry": { "type": "LineString", "coordinates": [ [ -74.269137, 40.529728 ], [ -74.270907, 40.530354 ], [ -74.271313, 40.5304 ] ] } },
{ "type": "Feature", "properties": { "id": "11656895-53", "name": "Wagner Avenue", "class": "residential", "is_priority": false }, "geometry": { "type": "LineString", "coordinates": [ [ -74.271313, 40.5304 ], [ -74.271671, 40.530434 ], [ -74.271809, 40.530496 ], [ -74.272163, 40.530725 ], [ -74.2725, 40.530891 ], [ -74.273052, 40.531092 ] ] } },
{ "type": "Feature", "properties": { "id": "11656953-54", "name": "Arbor Street", "class": "residential", "is_priority": false }, "geometry": { "type": "LineString", "coordinates": [ [ -74.259434, 40.548811 ], [ -74.26172, 40.549263 ] ] } },
{ "type": "Feature", "properties": { "id": "11656953-55", "name": "Arbor Street", "class": "residential", "is_priority": false }, "geometry": { "type": "LineString", "coordinates": [ [ -74.26172, 40.549263 ], [ -74.261963, 40.54926 ], [ -74.262062, 40.549351 ], [ -74.26218, 40.549517 ], [ -74.262277, 40.549728 ] ] } },
{ "type": "Feature", "properties": { "id": "11656955-56", "name": "Arbor Street", "class": "residential", "is_priority": false }, "geometry": { "type": "LineString", "coordinates": [ [ -74.261963, 40.54926 ], [ -74.262787, 40.54902 ] ] } },
{ "type": "Feature", "properties": { "id": "11657036-57", "name": "Waltrous Avenue", "class": "tertiary", "is_priority": false }, "geometry": { "type": "LineString", "coordinates": [ [ -74.275752, 40.528843 ], [ -74.276209, 40.529017 ], [ -74.276757, 40.529189 ], [ -74.277325, 40.529321 ], [ -74.277971, 40.529438 ] ] } },
{ "type": "Feature", "properties": { "id": "11657036-58", "name": "Waltrous Avenue", "class": "tertiary", "is_priority": false }, "geometry": { "type": "LineString", "coordinates": [ [ -74.277971, 40.529438 ], [ -74.278787, 40.52954 ], [ -74.278942, 40.529576 ], [ -74.279048, 40.529644 ] ] } },
{ "type": "Feature", "properties": { "id": "11657070-59", "name": "Hickory Street", "class": "residential", "is_priority": false }, "geometry": { "type": "LineString", "coordinates": [ [ -74.274006, 40.528211 ], [ -74.273516, 40.52901 ] ] } },
{ "type": "Feature", "properties": { "id": "11657195-60", "name": "Market Street", "class": "residential", "is_priority": false }, "geometry": { "type": "LineString", "coordinates": [ [ -74.263543, 40.505588 ], [ -74.265708, 40.506213 ] ] } },
{ "type": "Feature", "properties": { "id": "11657223-61", "name": "Louis Street", "class": "residential", "is_priority": false }, "geometry": { "type": "LineString", "coordinates": [ [ -74.296217, 40.529162 ], [ -74.296521, 40.530754 ], [ -74.296551, 40.530828 ], [ -74.296648, 40.530916 ] ] } },
{ "type": "Feature", "properties": { "id": "11657223-62", "name": "Louis Street", "class": "residential", "is_priority": false }, "geometry": { "type": "LineString", "coordinates": [ [ -74.296648, 40.530916 ], [ -74.296831, 40.53103 ] ] } },
{ "type": "Feature", "properties": { "id": "11657330-63", "name": "Elizabeth Street", "class": "residential", "is_priority": false }, "geometry": { "type": "LineString", "coordinates": [ [ -74.266038, 40.517778 ], [ -74.265437, 40.51952 ] ] } },
{ "type": "Feature", "properties": { "id": "11657330-64", "name": "Elizabeth Street", "class": "residential", "is_priority": false }, "geometry": { "type": "LineString", "coordinates": [ [ -74.265437, 40.51952 ], [ -74.264833, 40.521262 ] ] } },
{ "type": "Feature", "properties": { "id": "11657330-65", "name": "Elizabeth Street", "class": "residential", "is_priority": false }, "geometry": { "type": "LineString", "coordinates": [ [ -74.264833, 40.521262 ], [ -74.264636, 40.521828 ] ] } },
{ "type": "Feature", "properties": { "id": "11657417-66", "name": "Francis Street", "class": "residential", "is_priority": false }, "geometry": { "type": "LineString", "coordinates": [ [ -74.269929, 40.526748 ], [ -74.268938, 40.528383 ] ] } },
{ "type": "Feature", "properties": { "id": "11657417-67", "name": "Francis Street", "class": "residential", "is_priority": false }, "geometry": { "type": "LineString", "coordinates": [ [ -74.268938, 40.528383 ], [ -74.267947, 40.530019 ] ] } },
{ "type": "Feature", "properties": { "id": "11657417-68", "name": "Francis Street", "class": "residential", "is_priority": false }, "geometry": { "type": "LineString", "coordinates": [ [ -74.267947, 40.530019 ], [ -74.267552, 40.530671 ] ] } },
{ "type": "Feature", "properties": { "id": "11657418-69", "name": "Francis Street", "class": "residential", "is_priority": false }, "geometry": { "type": "LineString", "coordinates": [ [ -74.271633, 40.523569 ], [ -74.271274, 40.524535 ], [ -74.270842, 40.525261 ] ] } },
{ "type": "Feature", "properties": { "id": "11657418-70", "name": "Francis Street", "class": "residential", "is_priority": false }, "geometry": { "type": "LineString", "coordinates": [ [ -74.270842, 40.525261 ], [ -74.270273, 40.526206 ] ] } },
{ "type": "Feature", "properties": { "id": "11657436-71", "name": "Russell Street", "class": "residential", "is_priority": false }, "geometry": { "type": "LineString", "coordinates": [ [ -74.276609, 40.546908 ], [ -74.277006, 40.547732 ], [ -74.277014, 40.547815 ], [ -74.276944, 40.547891 ] ] } },
{ "type": "Feature", "properties": { "id": "11657624-72", "name": "Broadhead Place", "class": "residential", "is_priority": false }, "geometry": { "type": "LineString", "coordinates": [ [ -74.280726, 40.518393 ], [ -74.281917, 40.517269 ] ] } },
{ "type": "Feature", "properties": { "id": "11657629-73", "name": "Longview Circle", "class": "residential", "is_priority": false }, "geometry": { "type": "LineString", "coordinates": [ [ -74.299179, 40.530151 ], [ -74.299385, 40.53073 ], [ -74.299539, 40.531074 ], [ -74.299774, 40.531473 ], [ -74.300034, 40.531821 ] ] } },
{ "type": "Feature", "properties": { "id": "11657629-74", "name": "Longview Circle", "class": "residential", "is_priority": false }, "geometry": { "type": "LineString", "coordinates": [ [ -74.300034, 40.531821 ], [ -74.300902, 40.532816 ], [ -74.301066, 40.532948 ], [ -74.301166, 40.533003 ], [ -74.301276, 40.533035 ], [ -74.301475, 40.533066 ] ] } },
{ "type": "Feature", "properties": { "id": "11657870-75", "name": "Adams Avenue", "class": "residential", "is_priority": false }, "geometry": { "type": "LineString", "coordinates": [ [ -74.278515, 40.538101 ], [ -74.279594, 40.538239 ], [ -74.279755, 40.538297 ], [ -74.27998, 40.538426 ] ] } },
{ "type": "Feature", "properties": { "id": "11657907-76", "name": "Groom Street", "class": "residential", "is_priority": false }, "geometry": { "type": "LineString", "coordinates": [ [ -74.280111, 40.519228 ], [ -74.27927, 40.520912 ] ] } },
{ "type": "Feature", "properties": { "id": "11657907-77", "name": "Groom Street", "class": "residential", "is_priority": false }, "geometry": { "type": "LineString", "coordinates": [ [ -74.27927, 40.520912 ], [ -74.279123, 40.521207 ] ] } },
{ "type": "Feature", "properties": { "id": "11657971-78", "name": "Milton Avenue", "class": "residential", "is_priority": false }, "geometry": { "type": "LineString", "coordinates": [ [ -74.275545, 40.549269 ], [ -74.276411, 40.548971 ], [ -74.27711, 40.548766 ], [ -74.277236, 40.548693 ], [ -74.277596, 40.548424 ] ] } },
{ "type": "Feature", "properties": { "id": "11657971-79", "name": "Milton Avenue", "class": "residential", "is_priority": false }, "geometry": { "type": "LineString", "coordinates": [ [ -74.277596, 40.548424 ], [ -74.277793, 40.548276 ], [ -74.277818, 40.548233 ] ] } },
{ "type": "Feature", "properties": { "id": "11657994-80", "name": "Forbes Avenue", "class": "residential", "is_priority": false }, "geometry": { "type": "LineString", "coordinates": [ [ -74.28888, 40.533561 ], [ -74.287718, 40.533173 ], [ -74.287543, 40.533142 ], [ -74.287438, 40.533159 ], [ -74.28729, 40.533239 ], [ -74.286975, 40.533647 ] ] } },
{ "type": "Feature", "properties": { "id": "11657994-81", "name": "Forbes Avenue", "class": "residential", "is_priority": false }, "geometry": { "type": "LineString", "coordinates": [ [ -74.286975, 40.533647 ], [ -74.286617, 40.534038 ], [ -74.286369, 40.534277 ], [ -74.285938, 40.534631 ], [ -74.285747, 40.534766 ] ] } },
{ "type": "Feature", "properties": { "id": "11658117-82", "name": "Lynd Street", "class": "residential", "is_priority": false }, "geometry": { "type": "LineString", "coordinates": [ [ -74.262422, 40.521985 ], [ -74.26366, 40.522345 ], [ -74.263809, 40.522355 ] ] } },
{ "type": "Feature", "properties": { "id": "11658123-83", "name": "Bud Court", "class": "residential", "is_priority": false }, "geometry": { "type": "LineString", "coordinates": [ [ -74.282494, 40.53737 ], [ -74.283221, 40.536989 ] ] } },
{ "type": "Feature", "properties": { "id": "11658140-84", "name": "Dunlop Drive", "class": "residential", "is_priority": false }, "geometry": { "type": "LineString", "coordinates": [ [ -74.259307, 40.550091 ], [ -74.261586, 40.550566 ] ] } },
{ "type": "Feature", "properties": { "id": "11658140-85", "name": "Dunlop Drive", "class": "residential", "is_priority": false }, "geometry": { "type": "LineString", "coordinates": [ [ -74.261586, 40.550566 ], [ -74.26235, 40.550725 ] ] } },
{ "type": "Feature", "properties": { "id": "11658214-86", "name": "Harding Avenue", "class": "residential", "is_priority": false }, "geometry": { "type": "LineString", "coordinates": [ [ -74.27751, 40.527597 ], [ -74.278397, 40.527705 ] ] } },
{ "type": "Feature", "properties": { "id": "11658354-87", "name": "Maple Street", "class": "residential", "is_priority": false }, "geometry": { "type": "LineString", "coordinates": [ [ -74.270727, 40.512123 ], [ -74.271566, 40.510439 ] ] } },
{ "type": "Feature", "properties": { "id": "11658354-88", "name": "Maple Street", "class": "residential", "is_priority": false }, "geometry": { "type": "LineString", "coordinates": [ [ -74.271566, 40.510439 ], [ -74.271952, 40.509711 ], [ -74.272407, 40.508756 ] ] } },
{ "type": "Feature", "properties": { "id": "11658354-89", "name": "Maple Street", "class": "residential", "is_priority": false }, "geometry": { "type": "LineString", "coordinates": [ [ -74.272407, 40.508756 ], [ -74.272684, 40.508172 ] ] } },
{ "type": "Feature", "properties": { "id": "11658395-90", "name": "Laura Place", "class": "residential", "is_priority": false }, "geometry": { "type": "LineString", "coordinates": [ [ -74.271445, 40.531098 ], [ -74.27127, 40.531767 ] ] } },
{ "type": "Feature", "properties": { "id": "11658398-91", "name": "Franklin Drive", "class": "residential", "is_priority": false }, "geometry": { "type": "LineString", "coordinates": [ [ -74.278537, 40.53535 ], [ -74.280492, 40.535607 ], [ -74.280696, 40.535656 ], [ -74.280843, 40.53571 ] ] } },
{ "type": "Feature", "properties": { "id": "11658398-92", "name": "Franklin Drive", "class": "residential", "is_priority": false }, "geometry": { "type": "LineString", "coordinates": [ [ -74.280843, 40.53571 ], [ -74.281081, 40.535862 ], [ -74.282273, 40.537134 ] ] } },
{ "type": "Feature", "properties": { "id": "11658398-93", "name": "Franklin Drive", "class": "residential", "is_priority": false }, "geometry": { "type": "LineString", "coordinates": [ [ -74.282273, 40.537134 ], [ -74.283141, 40.538123 ], [ -74.283222, 40.538381 ], [ -74.283158, 40.538708 ] ] } },
{ "type": "Feature", "properties": { "id": "11658425-94", "name": "Riverton Boulevard", "class": "primary", "is_priority": true }, "geometry": { "type": "LineString", "coordinates": [ [ -74.299633, 40.495531 ], [ -74.299263, 40.495682 ] ] } },
{ "type": "Feature", "properties": { "id": "11658635-95", "name": "Charles Street", "class": "residential", "is_priority": false }, "geometry": { "type": "LineString", "coordinates": [ [ -74.266953, 40.517912 ], [ -74.266352, 40.519654 ] ] } },
{ "type": "Feature", "properties": { "id": "11658635-96", "name": "Charles Street", "class": "residential", "is_priority": false }, "geometry": { "type": "LineString", "coordinates": [ [ -74.266352, 40.519654 ], [ -74.265749, 40.521396 ] ] } },
{ "type": "Feature", "properties": { "id": "11658635-97", "name": "Charles Street", "class": "residential", "is_priority": false }, "geometry": { "type": "LineString", "coordinates": [ [ -74.265749, 40.521396 ], [ -74.265147, 40.523138 ] ] } },
{ "type": "Feature", "properties": { "id": "11658635-98", "name": "Charles Street", "class": "residential", "is_priority": false }, "geometry": { "type": "LineString", "coordinates": [ [ -74.265147, 40.523138 ], [ -74.264947, 40.523719 ] ] } },
{ "type": "Feature", "properties": { "id": "11658978-99", "name": "South Park Drive", "class": "residential", "is_priority": false }, "geometry": { "type": "LineString", "coordinates": [ [ -74.27935, 40.531645 ], [ -74.279202, 40.531588 ], [ -74.277328, 40.530716 ] ] } },
{ "type": "Feature", "properties": { "id": "11658978-100", "name": "South Park Drive", "class": "residential", "is_priority": false }, "geometry": { "type": "LineString", "coordinates": [ [ -74.277328, 40.530716 ], [ -74.276605, 40.53038 ], [ -74.276438, 40.530333 ], [ -74.276331, 40.530344 ], [ -74.27627, 40.530402 ], [ -74.276225, 40.530648 ] ] } },
{ "type": "Feature", "properties": { "id": "11659033-101", "name": "Kennedy Street", "class": "residential", "is_priority": false }, "geometry": { "type": "LineString", "coordinates": [ [ -74.279035, 40.52285 ], [ -74.279198, 40.522986 ], [ -74.279464, 40.523068 ], [ -74.280282, 40.523181 ], [ -74.281121, 40.523262 ], [ -74.281178, 40.523282 ] ] } },
{ "type": "Feature", "properties": { "id": "11659137-102", "name": "Hidden Village Drive", "class": "residential", "is_priority": false }, "geometry": { "type": "LineString", "coordinates": [ [ -74.271587, 40.51449 ], [ -74.27194, 40.513668 ], [ -74.272371, 40.513154 ] ] } },
{ "type": "Feature", "properties": { "id": "11659194-103", "name": "Chester Street", "class": "residential", "is_priority": false }, "geometry": { "type": "LineString", "coordinates": [ [ -74.274223, 40.525582 ], [ -74.273228, 40.527216 ] ] } },
{ "type": "Feature", "properties": { "id": "11659194-104", "name": "Chester Street", "class": "residential", "is_priority": false }, "geometry": { "type": "LineString", "coordinates": [ [ -74.273228, 40.527216 ], [ -74.273214, 40.527241 ] ] } },
{ "type": "Feature", "properties": { "id": "11659248-105", "name": "Kirkland Place", "class": "residential", "is_priority": false }, "geometry": { "type": "LineString", "coordinates": [ [ -74.280974, 40.514187 ], [ -74.281569, 40.512444 ] ] } },
{ "type": "Feature", "properties": { "id": "11659248-106", "name": "Kirkland Place", "class": "residential", "is_priority": false }, "geometry": { "type": "LineString", "coordinates": [ [ -74.281569, 40.512444 ], [ -74.281585, 40.5124 ] ] } },
{ "type": "Feature", "properties": { "id": "11659306-107", "name": "Raritan Avenue", "class": "residential", "is_priority": false }, "geometry": { "type": "LineString", "coordinates": [ [ -74.286534, 40.52295 ], [ -74.285656, 40.524623 ] ] } },
{ "type": "Feature", "properties": { "id": "11659306-108", "name": "Raritan Avenue", "class": "residential", "is_priority": false }, "geometry": { "type": "LineString", "coordinates": [ [ -74.285656, 40.524623 ], [ -74.284774, 40.526294 ] ] } },
{ "type": "Feature", "properties": { "id": "11659306-109", "name": "Raritan Avenue", "class": "residential", "is_priority": false }, "geometry": { "type": "LineString", "coordinates": [ [ -74.284774, 40.526294 ], [ -74.283892, 40.527965 ] ] } },
{ "type": "Feature", "properties": { "id": "11659306-110", "name": "Raritan Avenue", "class": "residential", "is_priority": false }, "geometry": { "type": "LineString", "coordinates": [ [ -74.283892, 40.527965 ], [ -74.283788, 40.528161 ] ] } },
{ "type": "Feature", "properties": { "id": "11659316-111", "name": "McKeon Street", "class": "residential", "is_priority": false }, "geometry": { "type": "LineString", "coordinates": [ [ -74.289098, 40.520804 ], [ -74.288413, 40.522528 ] ] } },
{ "type": "Feature", "properties": { "id": "11659316-112", "name": "McKeon Street", "class": "residential", "is_priority": false }, "geometry": { "type": "LineString", "coordinates": [ [ -74.288413, 40.522528 ], [ -74.287719, 40.52425 ] ] } },
{ "type": "Feature", "properties": { "id": "11659316-113", "name": "McKeon Street", "class": "residential", "is_priority": false }, "geometry": { "type": "LineString", "coordinates": [ [ -74.287719, 40.52425 ], [ -74.28765, 40.524424 ], [ -74.287597, 40.524508 ] ] } },
{ "type": "Feature", "properties": { "id": "11659348-114", "name": "Dorsey Street", "class": "residential", "is_priority": false }, "geometry": { "type": "LineString", "coordinates": [ [ -74.285999, 40.513611 ], [ -74.285687, 40.514277 ] ] } },
{ "type": "Feature", "properties": { "id": "11659355-115", "name": "Jefferson Street", "class": "residential", "is_priority": false }, "geometry": { "type": "LineString", "coordinates": [ [ -74.264874, 40.508694 ], [ -74.267081, 40.509333 ] ] } },
{ "type": "Feature", "properties": { "id": "11659355-116", "name": "Jefferson Street", "class": "residential", "is_priority": false }, "geometry": { "type": "LineString", "coordinates": [ [ -74.267081, 40.509333 ], [ -74.267381, 40.50942 ] ] } },
{ "type": "Feature", "properties": { "id": "11659358-117", "name": "Jefferson Street", "class": "residential", "is_priority": false }, "geometry": { "type": "LineString", "coordinates": [ [ -74.268258, 40.509687 ], [ -74.270486, 40.510282 ] ] } },
{ "type": "Feature", "properties": { "id": "11659358-118", "name": "Jefferson Street", "class": "residential", "is_priority": false }, "geometry": { "type": "LineString", "coordinates": [ [ -74.270486, 40.510282 ], [ -74.271505, 40.510555 ], [ -74.272211, 40.510788 ], [ -74.27247, 40.510837 ] ] } },
{ "type": "Feature", "properties": { "id": "11659536-119", "name": "Penn Street", "class": "residential", "is_priority": false }, "geometry": { "type": "LineString", "coordinates": [ [ -74.272366, 40.515511 ], [ -74.271564, 40.517205 ] ] } },
{ "type": "Feature", "properties": { "id": "11659536-120", "name": "Penn Street", "class": "residential", "is_priority": false }, "geometry": { "type": "LineString", "coordinates": [ [ -74.271564, 40.517205 ], [ -74.271413, 40.517525 ], [ -74.270922, 40.518938 ] ] } },
{ "type": "Feature", "properties": { "id": "11659536-121", "name": "Penn Street", "class": "residential", "is_priority": false }, "geometry": { "type": "LineString", "coordinates": [ [ -74.270922, 40.518938 ], [ -74.270317, 40.52068 ] ] } },
{ "type": "Feature", "properties": { "id": "11659536-122", "name": "Penn Street", "class": "residential", "is_priority": false }, "geometry": { "type": "LineString", "coordinates": [ [ -74.270317, 40.52068 ], [ -74.269713, 40.522421 ] ] } },
{ "type": "Feature", "properties": { "id": "11659536-123", "name": "Penn Street", "class": "residential", "is_priority": false }, "geometry": { "type": "LineString", "coordinates": [ [ -74.269713, 40.522421 ], [ -74.269468, 40.523127 ] ] } },
{ "type": "Feature", "properties": { "id": "11659623-124", "name": "Emmett Avenue", "class": "residential", "is_priority": false }, "geometry": { "type": "LineString", "coordinates": [ [ -74.298312, 40.52296 ], [ -74.297697, 40.524512 ] ] } },
{ "type": "Feature", "properties": { "id": "11659741-125", "name": "Neville Street", "class": "residential", "is_priority": false }, "geometry": { "type": "LineString", "coordinates": [ [ -74.270485, 40.517262 ], [ -74.272697, 40.51789 ] ] } },
{ "type": "Feature", "properties": { "id": "11659741-126", "name": "Neville Street", "class": "residential", "is_priority": false }, "geometry": { "type": "LineString", "coordinates": [ [ -74.272697, 40.51789 ], [ -74.27491, 40.518518 ] ] } },
{ "type": "Feature", "properties": { "id": "11659741-127", "name": "Neville Street", "class": "residential", "is_priority": false }, "geometry": { "type": "LineString", "coordinates": [ [ -74.27491, 40.518518 ], [ -74.277123, 40.519147 ] ] } },
{ "type": "Feature", "properties": { "id": "11659741-128", "name": "Neville Street", "class": "residential", "is_priority": false }, "geometry": { "type": "LineString", "coordinates": [ [ -74.277123, 40.519147 ], [ -74.279335, 40.519775 ] ] } },
{ "type": "Feature", "properties": { "id": "11659741-129", "name": "Neville Street", "class": "residential", "is_priority": false }, "geometry": { "type": "LineString", "coordinates": [ [ -74.279335, 40.519775 ], [ -74.281548, 40.520403 ] ] } },
{ "type": "Feature", "properties": { "id": "11659741-130", "name": "Neville Street", "class": "residential", "is_priority": false }, "geometry": { "type": "LineString", "coordinates": [ [ -74.281548, 40.520403 ], [ -74.282118, 40.520565 ] ] } },
{ "type": "Feature", "properties": { "id": "11659743-131", "name": "Compton Avenue", "class": "residential", "is_priority": false }, "geometry": { "type": "LineString", "coordinates": [ [ -74.275767, 40.519503 ], [ -74.277968, 40.520154 ] ] } },
{ "type": "Feature", "properties": { "id": "11659743-132", "name": "Compton Avenue", "class": "residential", "is_priority": false }, "geometry": { "type": "LineString", "coordinates": [ [ -74.277968, 40.520154 ], [ -74.280176, 40.520791 ] ] } },
{ "type": "Feature", "properties": { "id": "11659743-133", "name": "Compton Avenue", "class": "residential", "is_priority": false }, "geometry": { "type": "LineString", "coordinates": [ [ -74.280176, 40.520791 ], [ -74.281774, 40.521252 ] ] } },
{ "type": "Feature", "properties": { "id": "11659809-134", "name": "Elf Road", "class": "residential", "is_priority": false }, "geometry": { "type": "LineString", "coordinates": [ [ -74.259087, 40.547654 ], [ -74.259104, 40.547532 ], [ -74.259012, 40.546972 ], [ -74.258936, 40.546727 ], [ -74.258797, 40.546419 ], [ -74.258681, 40.54621 ] ] } },
{ "type": "Feature", "properties": { "id": "11660002-135", "name": "Colgate Avenue", "class": "residential", "is_priority": false }, "geometry": { "type": "LineString", "coordinates": [ [ -74.287708, 40.522118 ], [ -74.287016, 40.52384 ] ] } },
{ "type": "Feature", "properties": { "id": "11660002-136", "name": "Colgate Avenue", "class": "residential", "is_priority": false }, "geometry": { "type": "LineString", "coordinates": [ [ -74.287016, 40.52384 ], [ -74.286897, 40.524106 ] ] } },
{ "type": "Feature", "properties": { "id": "11660003-137", "name": "Colgate Avenue", "class": "residential", "is_priority": false }, "geometry": { "type": "LineString", "coordinates": [ [ -74.286897, 40.524106 ], [ -74.286008, 40.525776 ] ] } },
{ "type": "Feature", "properties": { "id": "11660003-138", "name": "Colgate Avenue", "class": "residential", "is_priority": false }, "geometry": { "type": "LineString", "coordinates": [ [ -74.286008, 40.525776 ], [ -74.285136, 40.52745 ] ] } },
{ "type": "Feature", "properties": { "id": "11660003-139", "name": "Colgate Avenue", "class": "residential", "is_priority": false }, "geometry": { "type": "LineString", "coordinates": [ [ -74.285136, 40.52745 ], [ -74.284975, 40.527755 ] ] } },
{ "type": "Feature", "properties": { "id": "11660058-140", "name": "Highland Avenue", "class": "residential", "is_priority": false }, "geometry": { "type": "LineString", "coordinates": [ [ -74.29542, 40.515354 ], [ -74.295407, 40.515469 ] ] } },
{ "type": "Feature", "properties": { "id": "11660091-141", "name": "Mitchell Place", "class": "residential", "is_priority": false }, "geometry": { "type": "LineString", "coordinates": [ [ -74.286208, 40.519633 ], [ -74.285152, 40.520804 ] ] } },
{ "type": "Feature", "properties": { "id": "11660094-142", "name": "Sutton Street", "class": "residential", "is_priority": false }, "geometry": { "type": "LineString", "coordinates": [ [ -74.270182, 40.518109 ], [ -74.272465, 40.518566 ] ] } },
{ "type": "Feature", "properties": { "id": "11660094-143", "name": "Sutton Street", "class": "residential", "is_priority": false }, "geometry": { "type": "LineString", "coordinates": [ [ -74.272465, 40.518566 ], [ -74.274748, 40.519026 ] ] } },
{ "type": "Feature", "properties": { "id": "11660094-144", "name": "Sutton Street", "class": "residential", "is_priority": false }, "geometry": { "type": "LineString", "coordinates": [ [ -74.274748, 40.519026 ], [ -74.275751, 40.519227 ] ] } },
{ "type": "Feature", "properties": { "id": "11660148-145", "name": "Arnold Avenue", "class": "residential", "is_priority": false }, "geometry": { "type": "LineString", "coordinates": [ [ -74.26927, 40.520861 ], [ -74.27155, 40.521327 ] ] } },
{ "type": "Feature", "properties": { "id": "11660148-146", "name": "Arnold Avenue", "class": "residential", "is_priority": false }, "geometry": { "type": "LineString", "coordinates": [ [ -74.27155, 40.521327 ], [ -74.273831, 40.521793 ] ] } },
{ "type": "Feature", "properties": { "id": "11660148-147", "name": "Arnold Avenue", "class": "residential", "is_priority": false }, "geometry": { "type": "LineString", "coordinates": [ [ -74.273831, 40.521793 ], [ -74.276111, 40.52226 ] ] } },
{ "type": "Feature", "properties": { "id": "11660148-148", "name": "Arnold Avenue", "class": "residential", "is_priority": false }, "geometry": { "type": "LineString", "coordinates": [ [ -74.276111, 40.52226 ], [ -74.276212, 40.522281 ] ] } },
{ "type": "Feature", "properties": { "id": "11660162-149", "name": "Clark Avenue", "class": "residential", "is_priority": false }, "geometry": { "type": "LineString", "coordinates": [ [ -74.27824, 40.5367 ], [ -74.280413, 40.53698 ] ] } },
{ "type": "Feature", "properties": { "id": "11660210-150", "name": "Mechanic Street", "class": "residential", "is_priority": false }, "geometry": { "type": "LineString", "coordinates": [ [ -74.265732, 40.509926 ], [ -74.264896, 40.511611 ] ] } },
{ "type": "Feature", "properties": { "id": "11660210-151", "name": "Mechanic Street", "class": "residential", "is_priority": false }, "geometry": { "type": "LineString", "coordinates": [ [ -74.264896, 40.511611 ], [ -74.264059, 40.513296 ] ] } },
{ "type": "Feature", "properties": { "id": "11660210-152", "name": "Mechanic Street", "class": "residential", "is_priority": false }, "geometry": { "type": "LineString", "coordinates": [ [ -74.264059, 40.513296 ], [ -74.263223, 40.514981 ] ] } },
{ "type": "Feature", "properties": { "id": "11660210-153", "name": "Mechanic Street", "class": "residential", "is_priority": false }, "geometry": { "type": "LineString", "coordinates": [ [ -74.263223, 40.514981 ], [ -74.262387, 40.516666 ] ] } },
{ "type": "Feature", "properties": { "id": "11660210-154", "name": "Mechanic Street", "class": "residential", "is_priority": false }, "geometry": { "type": "LineString", "coordinates": [ [ -74.262387, 40.516666 ], [ -74.26226, 40.516921 ] ] } },
{ "type": "Feature", "properties": { "id": "11660252-155", "name": "Valley Place", "class": "residential", "is_priority": false }, "geometry": { "type": "LineString", "coordinates": [ [ -74.263568, 40.52433 ], [ -74.263472, 40.524945 ] ] } },
{ "type": "Feature", "properties": { "id": "11660404-156", "name": "Coddington Avenue", "class": "residential", "is_priority": false }, "geometry": { "type": "LineString", "coordinates": [ [ -74.289571, 40.536139 ], [ -74.289703, 40.536197 ], [ -74.291851, 40.536584 ] ] } },
{ "type": "Feature", "properties": { "id": "11660404-157", "name": "Coddington Avenue", "class": "residential", "is_priority": false }, "geometry": { "type": "LineString", "coordinates": [ [ -74.291851, 40.536584 ], [ -74.293699, 40.536944 ] ] } },
{ "type": "Feature", "properties": { "id": "11660604-158", "name": "Columbus Avenue", "class": "residential", "is_priority": false }, "geometry": { "type": "LineString", "coordinates": [ [ -74.281845, 40.548486 ], [ -74.281869, 40.54852 ] ] } },
{ "type": "Feature", "properties": { "id": "11660670-159", "name": "Eagle Avenue", "class": "residential", "is_priority": false }, "geometry": { "type": "LineString", "coordinates": [ [ -74.269006, 40.523034 ], [ -74.271288, 40.523496 ] ] } },
{ "type": "Feature", "properties": { "id": "11660670-160", "name": "Eagle Avenue", "class": "residential", "is_priority": false }, "geometry": { "type": "LineString", "coordinates": [ [ -74.271288, 40.523496 ], [ -74.273571, 40.523953 ] ] } },
{ "type": "Feature", "properties": { "id": "11660670-161", "name": "Eagle Avenue", "class": "residential", "is_priority": false }, "geometry": { "type": "LineString", "coordinates": [ [ -74.273571, 40.523953 ], [ -74.275736, 40.524379 ] ] } },
{ "type": "Feature", "properties": { "id": "11660690-162", "name": "Division Street", "class": "residential", "is_priority": false }, "geometry": { "type": "LineString", "coordinates": [ [ -74.267983, 40.513182 ], [ -74.267163, 40.514871 ] ] } },
{ "type": "Feature", "properties": { "id": "11660690-163", "name": "Division Street", "class": "residential", "is_priority": false }, "geometry": { "type": "LineString", "coordinates": [ [ -74.267163, 40.514871 ], [ -74.266349, 40.516541 ] ] } },
{ "type": "Feature", "properties": { "id": "11660691-164", "name": "Division Street", "class": "residential", "is_priority": false }, "geometry": { "type": "LineString", "coordinates": [ [ -74.268627, 40.510745 ], [ -74.26798, 40.512035 ] ] } },
{ "type": "Feature", "properties": { "id": "11660701-165", "name": "Birch Street", "class": "residential", "is_priority": false }, "geometry": { "type": "LineString", "coordinates": [ [ -74.272379, 40.527624 ], [ -74.27189, 40.52843 ] ] } },
{ "type": "Feature", "properties": { "id": "11660843-166", "name": "Central Place", "class": "residential", "is_priority": false }, "geometry": { "type": "LineString", "coordinates": [ [ -74.263411, 40.523754 ], [ -74.263211, 40.524183 ], [ -74.263187, 40.524293 ] ] } },
{ "type": "Feature", "properties": { "id": "11661074-167", "name": "Robbins Street", "class": "residential", "is_priority": false }, "geometry": { "type": "LineString", "coordinates": [ [ -74.287149, 40.530038 ], [ -74.2871, 40.530153 ], [ -74.286195, 40.531685 ] ] } },
{ "type": "Feature", "properties": { "id": "11661074-168", "name": "Robbins Street", "class": "residential", "is_priority": false }, "geometry": { "type": "LineString", "coordinates": [ [ -74.286195, 40.531685 ], [ -74.286009, 40.532013 ] ] } },
{ "type": "Feature", "properties": { "id": "11661185-169", "name": "Stockton Street", "class": "residential", "is_priority": false }, "geometry": { "type": "LineString", "coordinates": [ [ -74.278508, 40.511548 ], [ -74.277664, 40.513231 ] ] } },
{ "type": "Feature", "properties": { "id": "11661185-170", "name": "Stockton Street", "class": "residential", "is_priority": false }, "geometry": { "type": "LineString", "coordinates": [ [ -74.277664, 40.513231 ], [ -74.277282, 40.514001 ] ] } },
{ "type": "Feature", "properties": { "id": "11661203-171", "name": "Jacques Street", "class": "residential", "is_priority": false }, "geometry": { "type": "LineString", "coordinates": [ [ -74.274515, 40.518406 ], [ -74.27391, 40.520148 ] ] } },
{ "type": "Feature", "properties": { "id": "11661203-172", "name": "Jacques Street", "class": "residential", "is_priority": false }, "geometry": { "type": "LineString", "coordinates": [ [ -74.27391, 40.520148 ], [ -74.273304, 40.521889 ] ] } },
{ "type": "Feature", "properties": { "id": "11661203-173", "name": "Jacques Street", "class": "residential", "is_priority": false }, "geometry": { "type": "LineString", "coordinates": [ [ -74.273304, 40.521889 ], [ -74.272699, 40.523631 ] ] } },
{ "type": "Feature", "properties": { "id": "11661203-174", "name": "Jacques Street", "class": "residential", "is_priority": false }, "geometry": { "type": "LineString", "coordinates": [ [ -74.272699, 40.523631 ], [ -74.272651, 40.523768 ] ] } },
{ "type": "Feature", "properties": { "id": "11661241-175", "name": "Spring Street", "class": "residential", "is_priority": false }, "geometry": { "type": "LineString", "coordinates": [ [ -74.272759, 40.525058 ], [ -74.271758, 40.52669 ] ] } },
{ "type": "Feature", "properties": { "id": "11661241-176", "name": "Spring Street", "class": "residential", "is_priority": false }, "geometry": { "type": "LineString", "coordinates": [ [ -74.271758, 40.52669 ], [ -74.271744, 40.526714 ] ] } },
{ "type": "Feature", "properties": { "id": "11661278-177", "name": "South Robert Street", "class": "residential", "is_priority": false }, "geometry": { "type": "LineString", "coordinates": [ [ -74.260597, 40.551381 ], [ -74.262888, 40.55182 ] ] } },
{ "type": "Feature", "properties": { "id": "11661278-178", "name": "South Robert Street", "class": "residential", "is_priority": false }, "geometry": { "type": "LineString", "coordinates": [ [ -74.262888, 40.55182 ], [ -74.26379, 40.551992 ] ] } },
{ "type": "Feature", "properties": { "id": "11661280-179", "name": "South Robert Street", "class": "residential", "is_priority": false }, "geometry": { "type": "LineString", "coordinates": [ [ -74.26444, 40.552263 ], [ -74.264534, 40.552226 ], [ -74.264638, 40.55222 ], [ -74.26538, 40.55236 ] ] } },
{ "type": "Feature", "properties": { "id": "11661416-180", "name": "Broad Street", "class": "residential", "is_priority": false }, "geometry": { "type": "LineString", "coordinates": [ [ -74.262156, 40.511505 ], [ -74.264365, 40.51214 ] ] } },
{ "type": "Feature", "properties": { "id": "11661416-181", "name": "Broad Street", "class": "residential", "is_priority": false }, "geometry": { "type": "LineString", "coordinates": [ [ -74.264365, 40.51214 ], [ -74.266574, 40.512776 ] ] } },
{ "type": "Feature", "properties": { "id": "11661416-182", "name": "Broad Street", "class": "residential", "is_priority": false }, "geometry": { "type": "LineString", "coordinates": [ [ -74.266574, 40.512776 ], [ -74.268782, 40.513412 ] ] } },
{ "type": "Feature", "properties": { "id": "11661416-183", "name": "Broad Street", "class": "residential", "is_priority": false }, "geometry": { "type": "LineString", "coordinates": [ [ -74.268782, 40.513412 ], [ -74.270446, 40.513891 ] ] } },
{ "type": "Feature", "properties": { "id": "11661418-184", "name": "Broad Street", "class": "residential", "is_priority": false }, "geometry": { "type": "LineString", "coordinates": [ [ -74.256611, 40.545611 ], [ -74.256982, 40.54739 ] ] } },
{ "type": "Feature", "properties": { "id": "11661418-185", "name": "Broad Street", "class": "residential", "is_priority": false }, "geometry": { "type": "LineString", "coordinates": [ [ -74.256982, 40.54739 ], [ -74.257348, 40.54917 ] ] } },
{ "type": "Feature", "properties": { "id": "11661418-186", "name": "Broad Street", "class": "residential", "is_priority": false }, "geometry": { "type": "LineString", "coordinates": [ [ -74.257348, 40.54917 ], [ -74.257417, 40.549506 ], [ -74.257416, 40.549798 ] ] } },
{ "type": "Feature", "properties": { "id": "11661471-187", "name": "Albert Street", "class": "residential", "is_priority": false }, "geometry": { "type": "LineString", "coordinates": [ [ -74.276162, 40.527401 ], [ -74.276113, 40.527938 ], [ -74.276128, 40.528028 ] ] } },
{ "type": "Feature", "properties": { "id": "11661475-188", "name": "Albert Street", "class": "residential", "is_priority": false }, "geometry": { "type": "LineString", "coordinates": [ [ -74.276449, 40.550544 ], [ -74.276498, 40.550509 ], [ -74.278642, 40.54989 ] ] } },
{ "type": "Feature", "properties": { "id": "11661475-189", "name": "Albert Street", "class": "residential", "is_priority": false }, "geometry": { "type": "LineString", "coordinates": [ [ -74.278642, 40.54989 ], [ -74.278745, 40.54986 ] ] } },
{ "type": "Feature", "properties": { "id": "11661649-190", "name": "Oak Street", "class": "residential", "is_priority": false }, "geometry": { "type": "LineString", "coordinates": [ [ -74.274911, 40.510533 ], [ -74.274074, 40.512217 ] ] } },
{ "type": "Feature", "properties": { "id": "11661649-191", "name": "Oak Street", "class": "residential", "is_priority": false }, "geometry": { "type": "LineString", "coordinates": [ [ -74.274074, 40.512217 ], [ -74.27332, 40.51375 ] ] } },
{ "type": "Feature", "properties": { "id": "11661690-192", "name": "Florida Grove Road", "class": "tertiary", "is_priority": false }, "geometry": { "type": "LineString", "coordinates": [ [ -74.290044, 40.522671 ], [ -74.289948, 40.52316 ], [ -74.289883, 40.523307 ], [ -74.289787, 40.523454 ], [ -74.289618, 40.523628 ], [ -74.289052, 40.524034 ], [ -74.288922, 40.524181 ] ] } },
{ "type": "Feature", "properties": { "id": "11661690-193", "name": "Florida Grove Road", "class": "tertiary", "is_priority": false }, "geometry": { "type": "LineString", "coordinates": [ [ -74.288922, 40.524181 ], [ -74.288849, 40.524324 ], [ -74.288831, 40.524464 ], [ -74.288861, 40.524599 ], [ -74.28897, 40.524767 ] ] } },
{ "type": "Feature", "properties": { "id": "11661856-194", "name": "Truxton Place", "class": "residential", "is_priority": false }, "geometry": { "type": "LineString", "coordinates": [ [ -74.281689, 40.53651 ], [ -74.281464, 40.536689 ], [ -74.281421, 40.536754 ], [ -74.281236, 40.538228 ] ] } },
{ "type": "Feature", "properties": { "id": "11661856-195", "name": "Truxton Place", "class": "residential", "is_priority": false }, "geometry": { "type": "LineString", "coordinates": [ [ -74.281236, 40.538228 ], [ -74.281265, 40.538365 ], [ -74.28155, 40.538838 ] ] } },
{ "type": "Feature", "properties": { "id": "11661969-196", "name": "Cortlandt Street", "class": "residential", "is_priority": false }, "geometry": { "type": "LineString", "coordinates": [ [ -74.267866, 40.518076 ], [ -74.267265, 40.519818 ] ] } },
{ "type": "Feature", "properties": { "id": "11661969-197", "name": "Cortlandt Street", "class": "residential", "is_priority": false }, "geometry": { "type": "LineString", "coordinates": [ [ -74.267265, 40.519818 ], [ -74.266662, 40.52156 ] ] } },
{ "type": "Feature", "properties": { "id": "11661969-198", "name": "Cortlandt Street", "class": "residential", "is_priority": false }, "geometry": { "type": "LineString", "coordinates": [ [ -74.266662, 40.52156 ], [ -74.266059, 40.523302 ] ] } },
{ "type": "Feature", "properties": { "id": "11661969-199", "name": "Cortlandt Street", "class": "residential", "is_priority": false }, "geometry": { "type": "LineString", "coordinates": [ [ -74.266059, 40.523302 ], [ -74.265456, 40.525044 ] ] } },
{ "type": "Feature", "properties": { "id": "11661969-200", "name": "Cortlandt Street", "class": "residential", "is_priority": false }, "geometry": { "type": "LineString", "coordinates": [ [ -74.265456, 40.525044 ], [ -74.265441, 40.525088 ] ] } },
{ "type": "Feature", "properties": { "id": "11662245-201", "name": "Cedar Street", "class": "residential", "is_priority": false }, "geometry": { "type": "LineString", "coordinates": [ [ -74.283946, 40.513858 ], [ -74.285687, 40.514277 ] ] } },
{ "type": "Feature", "properties": { "id": "11662276-202", "name": "Olive Street", "class": "residential", "is_priority": false }, "geometry": { "type": "LineString", "coordinates": [ [ -74.278329, 40.509289 ], [ -74.278148, 40.509691 ] ] } },
{ "type": "Feature", "properties": { "id": "11662428-203", "name": "Oakland Avenue", "class": "residential", "is_priority": false }, "geometry": { "type": "LineString", "coordinates": [ [ -74.2938, 40.516096 ], [ -74.296141, 40.51633 ] ] } },
{ "type": "Feature", "properties": { "id": "11662428-204", "name": "Oakland Avenue", "class": "residential", "is_priority": false }, "geometry": { "type": "LineString", "coordinates": [ [ -74.296141, 40.51633 ], [ -74.296607, 40.516376 ] ] } },
{ "type": "Feature", "properties": { "id": "11662485-205", "name": "Quincy Court", "class": "residential", "is_priority": false }, "geometry": { "type": "LineString", "coordinates": [ [ -74.29917, 40.523158 ], [ -74.297641, 40.522806 ] ] } },
{ "type": "Feature", "properties": { "id": "11662539-206", "name": "Florida Grove Road", "class": "residential", "is_priority": false }, "geometry": { "type": "LineString", "coordinates": [ [ -74.294003, 40.515435 ], [ -74.29399, 40.515551 ], [ -74.293424, 40.51718 ] ] } },
{ "type": "Feature", "properties": { "id": "11662539-207", "name": "Florida Grove Road", "class": "residential", "is_priority": false }, "geometry": { "type": "LineString", "coordinates": [ [ -74.293424, 40.51718 ], [ -74.29296, 40.518518 ] ] } },
{ "type": "Feature", "properties": { "id": "11662591-208", "name": "Pfeiffer Boulevard", "class": "secondary", "is_priority": false }, "geometry": { "type": "LineString", "coordinates": [ [ -74.285671, 40.529716 ], [ -74.287149, 40.530038 ], [ -74.287929, 40.530241 ] ] } },
{ "type": "Feature", "properties": { "id": "11662591-209", "name": "Pfeiffer Boulevard", "class": "secondary", "is_priority": false }, "geometry": { "type": "LineString", "coordinates": [ [ -74.287929, 40.530241 ], [ -74.288494, 40.530442 ], [ -74.288987, 40.530656 ], [ -74.289347, 40.530842 ], [ -74.289937, 40.531177 ] ] } },
{ "type": "Feature", "properties": { "id": "11662591-210", "name": "Pfeiffer Boulevard", "class": "secondary", "is_priority": false }, "geometry": { "type": "LineString", "coordinates": [ [ -74.289937, 40.531177 ], [ -74.290547, 40.531542 ] ] } },
{ "type": "Feature", "properties": { "id": "11662595-211", "name": "Pfeiffer Boulevard East", "class": "tertiary", "is_priority": false }, "geometry": { "type": "LineString", "coordinates": [ [ -74.280171, 40.527938 ], [ -74.280085, 40.528055 ], [ -74.279982, 40.528144 ], [ -74.279472, 40.528532 ], [ -74.279391, 40.528569 ], [ -74.279293, 40.528587 ], [ -74.279095, 40.528582 ], [ -74.278192, 40.528469 ] ] } },
{ "type": "Feature", "properties": { "id": "11662595-212", "name": "Pfeiffer Boulevard East", "class": "tertiary", "is_priority": false }, "geometry": { "type": "LineString", "coordinates": [ [ -74.278192, 40.528469 ], [ -74.276325, 40.528233 ] ] } },
{ "type": "Feature", "properties": { "id": "11662618-213", "name": "Jersey Avenue", "class": "residential", "is_priority": false }, "geometry": { "type": "LineString", "coordinates": [ [ -74.300913, 40.523555 ], [ -74.300291, 40.525129 ] ] } },
{ "type": "Feature", "properties": { "id": "11662682-214", "name": "Colfax Street", "class": "residential", "is_priority": false }, "geometry": { "type": "LineString", "coordinates": [ [ -74.279236, 40.507424 ], [ -74.280169, 40.507687 ] ] } },
{ "type": "Feature", "properties": { "id": "11662752-215", "name": "Bingle Street", "class": "residential", "is_priority": false }, "geometry": { "type": "LineString", "coordinates": [ [ -74.28832, 40.526548 ], [ -74.288958, 40.526748 ], [ -74.289759, 40.526708 ] ] } },
{ "type": "Feature", "properties": { "id": "11662776-216", "name": "Wilson Street", "class": "residential", "is_priority": false }, "geometry": { "type": "LineString", "coordinates": [ [ -74.283325, 40.511131 ], [ -74.282594, 40.512676 ] ] } },
{ "type": "Feature", "properties": { "id": "11662842-217", "name": "Worden Avenue", "class": "residential", "is_priority": false }, "geometry": { "type": "LineString", "coordinates": [ [ -74.289889, 40.527453 ], [ -74.292244, 40.527319 ] ] } },
{ "type": "Feature", "properties": { "id": "11662842-218", "name": "Worden Avenue", "class": "residential", "is_priority": false }, "geometry": { "type": "LineString", "coordinates": [ [ -74.292244, 40.527319 ], [ -74.294599, 40.527185 ] ] } },
{ "type": "Feature", "properties": { "id": "11662842-219", "name": "Worden Avenue", "class": "residential", "is_priority": false }, "geometry": { "type": "LineString", "coordinates": [ [ -74.294599, 40.527185 ], [ -74.296953, 40.527051 ] ] } },
{ "type": "Feature", "properties": { "id": "11662842-220", "name": "Worden Avenue", "class": "residential", "is_priority": false }, "geometry": { "type": "LineString", "coordinates": [ [ -74.296953, 40.527051 ], [ -74.297174, 40.527039 ] ] } },
{ "type": "Feature", "properties": { "id": "11662910-221", "name": "Hamilton Avenue", "class": "residential", "is_priority": false }, "geometry": { "type": "LineString", "coordinates": [ [ -74.284302, 40.535555 ], [ -74.284382, 40.535557 ], [ -74.284564, 40.535647 ], [ -74.285726, 40.536948 ] ] } },
{ "type": "Feature", "properties": { "id": "11662910-222", "name": "Hamilton Avenue", "class": "residential", "is_priority": false }, "geometry": { "type": "LineString", "coordinates": [ [ -74.285726, 40.536948 ], [ -74.285819, 40.537074 ], [ -74.285824, 40.537351 ] ] } },
{ "type": "Feature", "properties": { "id": "11662933-223", "name": "Kamm Street", "class": "residential", "is_priority": false }, "geometry": { "type": "LineString", "coordinates": [ [ -74.278949, 40.525183 ], [ -74.280799, 40.525421 ], [ -74.281259, 40.525538 ] ] } },
{ "type": "Feature", "properties": { "id": "11662933-224", "name": "Kamm Street", "class": "residential", "is_priority": false }, "geometry": { "type": "LineString", "coordinates": [ [ -74.281259, 40.525538 ], [ -74.283469, 40.526173 ] ] } },
{ "type": "Feature", "properties": { "id": "11662933-225", "name": "Kamm Street", "class": "residential", "is_priority": false }, "geometry": { "type": "LineString", "coordinates": [ [ -74.283469, 40.526173 ], [ -74.283795, 40.526265 ] ] } },
{ "type": "Feature", "properties": { "id": "11662947-226", "name": "Zambory Street", "class": "residential", "is_priority": false }, "geometry": { "type": "LineString", "coordinates": [ [ -74.273906, 40.529901 ], [ -74.274391, 40.530048 ], [ -74.274493, 40.53005 ], [ -74.274652, 40.530024 ], [ -74.274787, 40.529963 ], [ -74.274884, 40.529889 ], [ -74.275072, 40.52962 ], [ -74.275218, 40.529504 ], [ -74.275356, 40.529437 ], [ -74.275562, 40.529376 ], [ -74.275659, 40.529352 ], [ -74.275841, 40.529335 ] ] } },
{ "type": "Feature", "properties": { "id": "11662947-227", "name": "Zambory Street", "class": "residential", "is_priority": false }, "geometry": { "type": "LineString", "coordinates": [ [ -74.275841, 40.529335 ], [ -74.276154, 40.529336 ], [ -74.276498, 40.529411 ], [ -74.277643, 40.529944 ], [ -74.277732, 40.52997 ] ] } },
{ "type": "Feature", "properties": { "id": "11662983-228", "name": "Alpine Street", "class": "residential", "is_priority": false }, "geometry": { "type": "LineString", "coordinates": [ [ -74.267757, 40.523956 ], [ -74.269895, 40.52472 ] ] } },
{ "type": "Feature", "properties": { "id": "11662983-229", "name": "Alpine Street", "class": "residential", "is_priority": false }, "geometry": { "type": "LineString", "coordinates": [ [ -74.269895, 40.52472 ], [ -74.272036, 40.525479 ] ] } },
{ "type": "Feature", "properties": { "id": "11662983-230", "name": "Alpine Street", "class": "residential", "is_priority": false }, "geometry": { "type": "LineString", "coordinates": [ [ -74.272036, 40.525479 ], [ -74.274183, 40.526229 ] ] } },
{ "type": "Feature", "properties": { "id": "11662983-231", "name": "Alpine Street", "class": "residential", "is_priority": false }, "geometry": { "type": "LineString", "coordinates": [ [ -74.274183, 40.526229 ], [ -74.275295, 40.526616 ] ] } },
{ "type": "Feature", "properties": { "id": "11663012-232", "name": "Judy Drive", "class": "residential", "is_priority": false }, "geometry": { "type": "LineString", "coordinates": [ [ -74.293378, 40.515472 ], [ -74.293381, 40.515586 ], [ -74.292819, 40.517217 ] ] } },
{ "type": "Feature", "properties": { "id": "11663012-233", "name": "Judy Drive", "class": "residential", "is_priority": false }, "geometry": { "type": "LineString", "coordinates": [ [ -74.292819, 40.517217 ], [ -74.292553, 40.517988 ], [ -74.292536, 40.51802 ], [ -74.292471, 40.518065 ] ] } },
{ "type": "Feature", "properties": { "id": "11663054-234", "name": "Lindbergh Avenue", "class": "residential", "is_priority": false }, "geometry": { "type": "LineString", "coordinates": [ [ -74.278685, 40.534674 ], [ -74.279532, 40.534782 ] ] } },
{ "type": "Feature", "properties": { "id": "11663055-235", "name": "Dillon Lane", "class": "residential", "is_priority": false }, "geometry": { "type": "LineString", "coordinates": [ [ -74.269542, 40.505 ], [ -74.270707, 40.505338 ] ] } },
{ "type": "Feature", "properties": { "id": "11663129-236", "name": "Elm Street", "class": "residential", "is_priority": false }, "geometry": { "type": "LineString", "coordinates": [ [ -74.274819, 40.508765 ], [ -74.274447, 40.50949 ], [ -74.273999, 40.510455 ] ] } },
{ "type": "Feature", "properties": { "id": "11663129-237", "name": "Elm Street", "class": "residential", "is_priority": false }, "geometry": { "type": "LineString", "coordinates": [ [ -74.273999, 40.510455 ], [ -74.273173, 40.512043 ] ] } },
{ "type": "Feature", "properties": { "id": "11663187-238", "name": "Columbus Way", "class": "residential", "is_priority": false }, "geometry": { "type": "LineString", "coordinates": [ [ -74.285583, 40.528428 ], [ -74.285894, 40.528512 ], [ -74.2862, 40.52849 ] ] } },
{ "type": "Feature", "properties": { "id": "11663261-239", "name": "Convery Boulevard", "class": "secondary", "is_priority": false }, "geometry": { "type": "LineString", "coordinates": [ [ -74.286631, 40.514398 ], [ -74.286056, 40.515575 ] ] } },
{ "type": "Feature", "properties": { "id": "11663373-240", "name": "West Side Avenue", "class": "residential", "is_priority": false }, "geometry": { "type": "LineString", "coordinates": [ [ -74.267361, 40.525167 ], [ -74.267248, 40.525727 ], [ -74.267135, 40.526676 ], [ -74.26715, 40.526738 ] ] } },
{ "type": "Feature", "properties": { "id": "11663427-241", "name": "Sheridan Street", "class": "residential", "is_priority": false }, "geometry": { "type": "LineString", "coordinates": [ [ -74.282986, 40.507995 ], [ -74.282181, 40.509689 ] ] } },
{ "type": "Feature", "properties": { "id": "11663427-242", "name": "Sheridan Street", "class": "residential", "is_priority": false }, "geometry": { "type": "LineString", "coordinates": [ [ -74.282181, 40.509689 ], [ -74.281705, 40.51068 ] ] } },
{ "type": "Feature", "properties": { "id": "11663607-243", "name": "Johnstone Street", "class": "residential", "is_priority": false }, "geometry": { "type": "LineString", "coordinates": [ [ -74.274826, 40.514987 ], [ -74.273989, 40.516672 ] ] } },
{ "type": "Feature", "properties": { "id": "11663607-244", "name": "Johnstone Street", "class": "residential", "is_priority": false }, "geometry": { "type": "LineString", "coordinates": [ [ -74.273989, 40.516672 ], [ -74.273151, 40.518356 ] ] } },
{ "type": "Feature", "properties": { "id": "11663607-245", "name": "Johnstone Street", "class": "residential", "is_priority": false }, "geometry": { "type": "LineString", "coordinates": [ [ -74.273151, 40.518356 ], [ -74.272327, 40.520045 ] ] } },
{ "type": "Feature", "properties": { "id": "11663607-246", "name": "Johnstone Street", "class": "residential", "is_priority": false }, "geometry": { "type": "LineString", "coordinates": [ [ -74.272327, 40.520045 ], [ -74.272015, 40.520686 ], [ -74.271637, 40.521766 ] ] } },
{ "type": "Feature", "properties": { "id": "11663607-247", "name": "Johnstone Street", "class": "residential", "is_priority": false }, "geometry": { "type": "LineString", "coordinates": [ [ -74.271637, 40.521766 ], [ -74.271049, 40.523446 ] ] } },
{ "type": "Feature", "properties": { "id": "11663662-248", "name": "Anton Street", "class": "residential", "is_priority": false }, "geometry": { "type": "LineString", "coordinates": [ [ -74.270199, 40.531627 ], [ -74.270059, 40.532358 ] ] } },
{ "type": "Feature", "properties": { "id": "11663664-249", "name": "Desota Avenue", "class": "residential", "is_priority": false }, "geometry": { "type": "LineString", "coordinates": [ [ -74.283685, 40.547754 ], [ -74.283836, 40.547975 ] ] } },
{ "type": "Feature", "properties": { "id": "11663752-250", "name": "South Fulton Street", "class": "residential", "is_priority": false }, "geometry": { "type": "LineString", "coordinates": [ [ -74.27222, 40.544161 ], [ -74.273264, 40.545777 ] ] } },
{ "type": "Feature", "properties": { "id": "11663752-251", "name": "South Fulton Street", "class": "residential", "is_priority": false }, "geometry": { "type": "LineString", "coordinates": [ [ -74.273264, 40.545777 ], [ -74.274313, 40.547391 ] ] } },
{ "type": "Feature", "properties": { "id": "11663752-252", "name": "South Fulton Street", "class": "residential", "is_priority": false }, "geometry": { "type": "LineString", "coordinates": [ [ -74.274313, 40.547391 ], [ -74.274887, 40.548274 ] ] } },
{ "type": "Feature", "properties": { "id": "11663755-253", "name": "South Fulton Street", "class": "residential", "is_priority": false }, "geometry": { "type": "LineString", "coordinates": [ [ -74.274887, 40.548274 ], [ -74.275746, 40.549574 ] ] } },
{ "type": "Feature", "properties": { "id": "11663836-254", "name": "Ruddy Place", "class": "residential", "is_priority": false }, "geometry": { "type": "LineString", "coordinates": [ [ -74.275782, 40.547978 ], [ -74.274887, 40.548274 ] ] } },
{ "type": "Feature", "properties": { "id": "11663987-255", "name": "Kreil Street", "class": "residential", "is_priority": false }, "geometry": { "type": "LineString", "coordinates": [ [ -74.268404, 40.526169 ], [ -74.268298, 40.526242 ], [ -74.268213, 40.526328 ], [ -74.267829, 40.52698 ] ] } },
{ "type": "Feature", "properties": { "id": "11664067-256", "name": "Clinton Street", "class": "residential", "is_priority": false }, "geometry": { "type": "LineString", "coordinates": [ [ -74.285635, 40.547764 ], [ -74.285821, 40.547689 ] ] } },
{ "type": "Feature", "properties": { "id": "11664082-257", "name": "Lawrence Street", "class": "residential", "is_priority": false }, "geometry": { "type": "LineString", "coordinates": [ [ -74.30267, 40.530032 ], [ -74.300418, 40.530572 ] ] } },
{ "type": "Feature", "properties": { "id": "11664082-258", "name": "Lawrence Street", "class": "residential", "is_priority": false }, "geometry": { "type": "LineString", "coordinates": [ [ -74.300418, 40.530572 ], [ -74.299419, 40.530812 ] ] } },
{ "type": "Feature", "properties": { "id": "11664267-259", "name": "Sadowski Parkway", "class": "residential", "is_priority": false }, "geometry": { "type": "LineString", "coordinates": [ [ -74.274237, 40.500751 ], [ -74.274189, 40.5007 ], [ -74.274119, 40.500663 ], [ -74.272061, 40.500085 ] ] } },
{ "type": "Feature", "properties": { "id": "11664267-260", "name": "Sadowski Parkway", "class": "residential", "is_priority": false }, "geometry": { "type": "LineString", "coordinates": [ [ -74.272061, 40.500085 ], [ -74.27155, 40.499945 ], [ -74.27017, 40.499897 ], [ -74.269737, 40.499865 ] ] } },
{ "type": "Feature", "properties": { "id": "11664267-261", "name": "Sadowski Parkway", "class": "residential", "is_priority": false }, "geometry": { "type": "LineString", "coordinates": [ [ -74.269737, 40.499865 ], [ -74.269262, 40.49983 ] ] } },
{ "type": "Feature", "properties": { "id": "11664428-262", "name": "New Brunswick Avenue", "class": "tertiary", "is_priority": false }, "geometry": { "type": "LineString", "coordinates": [ [ -74.267804, 40.50856 ], [ -74.267926, 40.508712 ], [ -74.268465, 40.510281 ] ] } },
{ "type": "Feature", "properties": { "id": "11664428-263", "name": "New Brunswick Avenue", "class": "tertiary", "is_priority": false }, "geometry": { "type": "LineString", "coordinates": [ [ -74.268465, 40.510281 ], [ -74.268627, 40.510745 ] ] } },
{ "type": "Feature", "properties": { "id": "11664457-264", "name": "New Brunswick Avenue", "class": "tertiary", "is_priority": false }, "geometry": { "type": "LineString", "coordinates": [ [ -74.268627, 40.510745 ], [ -74.268738, 40.510883 ], [ -74.268802, 40.510934 ], [ -74.269409, 40.511326 ], [ -74.270402, 40.511918 ] ] } },
{ "type": "Feature", "properties": { "id": "11664457-265", "name": "New Brunswick Avenue", "class": "tertiary", "is_priority": false }, "geometry": { "type": "LineString", "coordinates": [ [ -74.270402, 40.511918 ], [ -74.271807, 40.512805 ] ] } },
{ "type": "Feature", "properties": { "id": "11664478-266", "name": "Hobart Street", "class": "residential", "is_priority": false }, "geometry": { "type": "LineString", "coordinates": [ [ -74.27, 40.507425 ], [ -74.269218, 40.508952 ] ] } },
{ "type": "Feature", "properties": { "id": "11664489-267", "name": "Maurer Road", "class": "tertiary", "is_priority": false }, "geometry": { "type": "LineString", "coordinates": [ [ -74.262155, 40.536239 ], [ -74.263093, 40.53664 ], [ -74.263388, 40.53669 ] ] } },
{ "type": "Feature", "properties": { "id": "11664495-268", "name": "Vale Place", "class": "residential", "is_priority": false }, "geometry": { "type": "LineString", "coordinates": [ [ -74.261166, 40.549147 ], [ -74.260555, 40.550888 ] ] } },
{ "type": "Feature", "properties": { "id": "11664495-269", "name": "Vale Place", "class": "residential", "is_priority": false }, "geometry": { "type": "LineString", "coordinates": [ [ -74.260555, 40.550888 ], [ -74.260413, 40.551323 ] ] } },
{ "type": "Feature", "properties": { "id": "11664720-270", "name": "Stanford Street", "class": "residential", "is_priority": false }, "geometry": { "type": "LineString", "coordinates": [ [ -74.27584, 40.512785 ], [ -74.275455, 40.513511 ], [ -74.275132, 40.514174 ] ] } },
{ "type": "Feature", "properties": { "id": "11664724-271", "name": "Bridge Street", "class": "residential", "is_priority": false }, "geometry": { "type": "LineString", "coordinates": [ [ -74.26444, 40.552263 ], [ -74.264396, 40.552346 ] ] } },
{ "type": "Feature", "properties": { "id": "11664730-272", "name": "Baker Place", "class": "residential", "is_priority": false }, "geometry": { "type": "LineString", "coordinates": [ [ -74.282156, 40.519238 ], [ -74.283254, 40.518006 ] ] } },
{ "type": "Feature", "properties": { "id": "11664916-273", "name": "Dorothy Street", "class": "residential", "is_priority": false }, "geometry": { "type": "LineString", "coordinates": [ [ -74.279278, 40.531966 ], [ -74.28069, 40.532147 ] ] } },
{ "type": "Feature", "properties": { "id": "11664945-274", "name": "Cliff Road", "class": "residential", "is_priority": false }, "geometry": { "type": "LineString", "coordinates": [ [ -74.254498, 40.545475 ], [ -74.254677, 40.546063 ], [ -74.254972, 40.546751 ], [ -74.255093, 40.547061 ], [ -74.255127, 40.547209 ] ] } },
{ "type": "Feature", "properties": { "id": "11664945-275", "name": "Cliff Road", "class": "residential", "is_priority": false }, "geometry": { "type": "LineString", "coordinates": [ [ -74.255127, 40.547209 ], [ -74.255339, 40.548132 ], [ -74.255341, 40.548513 ], [ -74.25538, 40.548691 ], [ -74.255489, 40.548983 ] ] } },
{ "type": "Feature", "properties": { "id": "11664945-276", "name": "Cliff Road", "class": "residential", "is_priority": false }, "geometry": { "type": "LineString", "coordinates": [ [ -74.255489, 40.548983 ], [ -74.255609, 40.549308 ] ] } },
{ "type": "Feature", "properties": { "id": "11665123-277", "name": "Dino Drive", "class": "residential", "is_priority": false }, "geometry": { "type": "LineString", "coordinates": [ [ -74.291865, 40.517254 ], [ -74.291012, 40.517085 ] ] } },
{ "type": "Feature", "properties": { "id": "11665228-278", "name": "Steadman Place", "class": "residential", "is_priority": false }, "geometry": { "type": "LineString", "coordinates": [ [ -74.28265, 40.517673 ], [ -74.281424, 40.518827 ] ] } },
{ "type": "Feature", "properties": { "id": "11665242-279", "name": "Paderewski Avenue", "class": "residential", "is_priority": false }, "geometry": { "type": "LineString", "coordinates": [ [ -74.269093, 40.522311 ], [ -74.271376, 40.522773 ] ] } },
{ "type": "Feature", "properties": { "id": "11665242-280", "name": "Paderewski Avenue", "class": "residential", "is_priority": false }, "geometry": { "type": "LineString", "coordinates": [ [ -74.271376, 40.522773 ], [ -74.273658, 40.523235 ] ] } },
{ "type": "Feature", "properties": { "id": "11665242-281", "name": "Paderewski Avenue", "class": "residential", "is_priority": false }, "geometry": { "type": "LineString", "coordinates": [ [ -74.273658, 40.523235 ], [ -74.275892, 40.523687 ] ] } },
{ "type": "Feature", "properties": { "id": "11665307-282", "name": "Anthony Court", "class": "residential", "is_priority": false }, "geometry": { "type": "LineString", "coordinates": [ [ -74.275699, 40.547813 ], [ -74.276169, 40.54768 ], [ -74.276238, 40.547633 ], [ -74.27629, 40.547569 ] ] } },
{ "type": "Feature", "properties": { "id": "11665509-283", "name": "Lucille Drive", "class": "residential", "is_priority": false }, "geometry": { "type": "LineString", "coordinates": [ [ -74.29304, 40.518286 ], [ -74.292947, 40.518322 ], [ -74.292859, 40.518336 ], [ -74.292767, 40.51833 ], [ -74.292692, 40.518307 ], [ -74.292634, 40.518262 ], [ -74.292471, 40.518065 ] ] } },
{ "type": "Feature", "properties": { "id": "11665712-284", "name": "Gordon Street", "class": "residential", "is_priority": false }, "geometry": { "type": "LineString", "coordinates": [ [ -74.263569, 40.503866 ], [ -74.26578, 40.504498 ] ] } },
{ "type": "Feature", "properties": { "id": "11665712-285", "name": "Gordon Street", "class": "residential", "is_priority": false }, "geometry": { "type": "LineString", "coordinates": [ [ -74.26578, 40.504498 ], [ -74.267989, 40.505133 ] ] } },
{ "type": "Feature", "properties": { "id": "11665712-286", "name": "Gordon Street", "class": "residential", "is_priority": false }, "geometry": { "type": "LineString", "coordinates": [ [ -74.267989, 40.505133 ], [ -74.270198, 40.505767 ] ] } },
{ "type": "Feature", "properties": { "id": "11665712-287", "name": "Gordon Street", "class": "residential", "is_priority": false }, "geometry": { "type": "LineString", "coordinates": [ [ -74.270198, 40.505767 ], [ -74.272407, 40.506402 ] ] } },
{ "type": "Feature", "properties": { "id": "11665712-288", "name": "Gordon Street", "class": "residential", "is_priority": false }, "geometry": { "type": "LineString", "coordinates": [ [ -74.272407, 40.506402 ], [ -74.274101, 40.506888 ] ] } },
{ "type": "Feature", "properties": { "id": "11665719-289", "name": "Gordon Street", "class": "residential", "is_priority": false }, "geometry": { "type": "LineString", "coordinates": [ [ -74.279805, 40.508442 ], [ -74.28202, 40.509064 ] ] } },
{ "type": "Feature", "properties": { "id": "11665719-290", "name": "Gordon Street", "class": "residential", "is_priority": false }, "geometry": { "type": "LineString", "coordinates": [ [ -74.28202, 40.509064 ], [ -74.282424, 40.509184 ] ] } },
{ "type": "Feature", "properties": { "id": "11665726-291", "name": "Meredith Street", "class": "residential", "is_priority": false }, "geometry": { "type": "LineString", "coordinates": [ [ -74.26918, 40.521599 ], [ -74.271463, 40.522059 ] ] } },
{ "type": "Feature", "properties": { "id": "11665726-292", "name": "Meredith Street", "class": "residential", "is_priority": false }, "geometry": { "type": "LineString", "coordinates": [ [ -74.271463, 40.522059 ], [ -74.273746, 40.522518 ] ] } },
{ "type": "Feature", "properties": { "id": "11665726-293", "name": "Meredith Street", "class": "residential", "is_priority": false }, "geometry": { "type": "LineString", "coordinates": [ [ -74.273746, 40.522518 ], [ -74.276028, 40.522979 ] ] } },
{ "type": "Feature", "properties": { "id": "11665726-294", "name": "Meredith Street", "class": "residential", "is_priority": false }, "geometry": { "type": "LineString", "coordinates": [ [ -74.276028, 40.522979 ], [ -74.276052, 40.522984 ] ] } },
{ "type": "Feature", "properties": { "id": "11665848-295", "name": "Kosciusko Street", "class": "residential", "is_priority": false }, "geometry": { "type": "LineString", "coordinates": [ [ -74.284285, 40.52722 ], [ -74.285172, 40.527494 ], [ -74.285717, 40.527593 ] ] } },
{ "type": "Feature", "properties": { "id": "11665894-296", "name": "Mary Street", "class": "residential", "is_priority": false }, "geometry": { "type": "LineString", "coordinates": [ [ -74.279269, 40.523725 ], [ -74.27888, 40.525502 ] ] } },
{ "type": "Feature", "properties": { "id": "11665894-297", "name": "Mary Street", "class": "residential", "is_priority": false }, "geometry": { "type": "LineString", "coordinates": [ [ -74.27888, 40.525502 ], [ -74.278497, 40.527248 ] ] } },
{ "type": "Feature", "properties": { "id": "11665947-298", "name": "Watson Avenue", "class": "residential", "is_priority": false }, "geometry": { "type": "LineString", "coordinates": [ [ -74.277586, 40.509535 ], [ -74.27678, 40.511228 ] ] } },
{ "type": "Feature", "properties": { "id": "11665947-299", "name": "Watson Avenue", "class": "residential", "is_priority": false }, "geometry": { "type": "LineString", "coordinates": [ [ -74.27678, 40.511228 ], [ -74.276015, 40.512833 ] ] } },
{ "type": "Feature", "properties": { "id": "11666118-300", "name": "Shannon Avenue", "class": "residential", "is_priority": false }, "geometry": { "type": "LineString", "coordinates": [ [ -74.285168, 40.534241 ], [ -74.286681, 40.535625 ] ] } },
{ "type": "Feature", "properties": { "id": "11666118-301", "name": "Shannon Avenue", "class": "residential", "is_priority": false }, "geometry": { "type": "LineString", "coordinates": [ [ -74.286681, 40.535625 ], [ -74.28809, 40.536906 ] ] } },
{ "type": "Feature", "properties": { "id": "11666291-302", "name": "Linden Street", "class": "residential", "is_priority": false }, "geometry": { "type": "LineString", "coordinates": [ [ -74.269262, 40.49983 ], [ -74.269128, 40.501352 ] ] } },
{ "type": "Feature", "properties": { "id": "11666512-303", "name": "Vincent Place", "class": "residential", "is_priority": false }, "geometry": { "type": "LineString", "coordinates": [ [ -74.287663, 40.521225 ], [ -74.28992, 40.521754 ] ] } },
{ "type": "Feature", "properties": { "id": "11666512-304", "name": "Vincent Place", "class": "residential", "is_priority": false }, "geometry": { "type": "LineString", "coordinates": [ [ -74.28992, 40.521754 ], [ -74.29016, 40.521811 ] ] } },
{ "type": "Feature", "properties": { "id": "11667217-305", "name": "Dillman Lane", "class": "residential", "is_priority": false }, "geometry": { "type": "LineString", "coordinates": [ [ -74.269062, 40.522571 ], [ -74.268374, 40.522516 ], [ -74.268277, 40.522531 ] ] } },
{ "type": "Feature", "properties": { "id": "11667322-306", "name": "Ogden Place", "class": "residential", "is_priority": false }, "geometry": { "type": "LineString", "coordinates": [ [ -74.278449, 40.514887 ], [ -74.277677, 40.515633 ] ] } },
{ "type": "Feature", "properties": { "id": "11667436-307", "name": "Carlock Avenue", "class": "residential", "is_priority": false }, "geometry": { "type": "LineString", "coordinates": [ [ -74.28764, 40.52453 ], [ -74.286759, 40.526202 ] ] } },
{ "type": "Feature", "properties": { "id": "11667436-308", "name": "Carlock Avenue", "class": "residential", "is_priority": false }, "geometry": { "type": "LineString", "coordinates": [ [ -74.286759, 40.526202 ], [ -74.286237, 40.527184 ], [ -74.286166, 40.527257 ], [ -74.285835, 40.527439 ], [ -74.285741, 40.527536 ], [ -74.285708, 40.527622 ] ] } },
{ "type": "Feature", "properties": { "id": "11667438-309", "name": "Brighton Avenue", "class": "residential", "is_priority": false }, "geometry": { "type": "LineString", "coordinates": [ [ -74.273162, 40.50039 ], [ -74.272323, 40.502074 ] ] } },
{ "type": "Feature", "properties": { "id": "11667438-310", "name": "Brighton Avenue", "class": "residential", "is_priority": false }, "geometry": { "type": "LineString", "coordinates": [ [ -74.272323, 40.502074 ], [ -74.271489, 40.50376 ] ] } },
{ "type": "Feature", "properties": { "id": "11667438-311", "name": "Brighton Avenue", "class": "residential", "is_priority": false }, "geometry": { "type": "LineString", "coordinates": [ [ -74.271489, 40.50376 ], [ -74.270654, 40.505445 ] ] } },
{ "type": "Feature", "properties": { "id": "11667438-312", "name": "Brighton Avenue", "class": "residential", "is_priority": false }, "geometry": { "type": "LineString", "coordinates": [ [ -74.270654, 40.505445 ], [ -74.269824, 40.507131 ] ] } },
{ "type": "Feature", "properties": { "id": "11667438-313", "name": "Brighton Avenue", "class": "residential", "is_priority": false }, "geometry": { "type": "LineString", "coordinates": [ [ -74.269824, 40.507131 ], [ -74.269718, 40.507346 ] ] } },
{ "type": "Feature", "properties": { "id": "11667490-314", "name": "Meade Street", "class": "residential", "is_priority": false }, "geometry": { "type": "LineString", "coordinates": [ [ -74.281234, 40.507516 ], [ -74.280429, 40.50921 ] ] } },
{ "type": "Feature", "properties": { "id": "11667490-315", "name": "Meade Street", "class": "residential", "is_priority": false }, "geometry": { "type": "LineString", "coordinates": [ [ -74.280429, 40.50921 ], [ -74.279973, 40.510198 ] ] } },
{ "type": "Feature", "properties": { "id": "11667638-316", "name": "Leon Avenue", "class": "residential", "is_priority": false }, "geometry": { "type": "LineString", "coordinates": [ [ -74.266989, 40.527463 ], [ -74.269132, 40.528219 ] ] } },
{ "type": "Feature", "properties": { "id": "11667638-317", "name": "Leon Avenue", "class": "residential", "is_priority": false }, "geometry": { "type": "LineString", "coordinates": [ [ -74.269132, 40.528219 ], [ -74.271276, 40.528974 ] ] } },
{ "type": "Feature", "properties": { "id": "11667638-318", "name": "Leon Avenue", "class": "residential", "is_priority": false }, "geometry": { "type": "LineString", "coordinates": [ [ -74.271276, 40.528974 ], [ -74.27342, 40.52973 ] ] } },
{ "type": "Feature", "properties": { "id": "11667638-319", "name": "Leon Avenue", "class": "residential", "is_priority": false }, "geometry": { "type": "LineString", "coordinates": [ [ -74.27342, 40.52973 ], [ -74.273906, 40.529901 ] ] } },
{ "type": "Feature", "properties": { "id": "11667648-320", "name": "Russell Street", "class": "residential", "is_priority": false }, "geometry": { "type": "LineString", "coordinates": [ [ -74.273829, 40.543595 ], [ -74.275036, 40.545144 ] ] } },
{ "type": "Feature", "properties": { "id": "11667648-321", "name": "Russell Street", "class": "residential", "is_priority": false }, "geometry": { "type": "LineString", "coordinates": [ [ -74.275036, 40.545144 ], [ -74.275493, 40.545741 ], [ -74.276084, 40.546755 ] ] } },
{ "type": "Feature", "properties": { "id": "11667648-322", "name": "Russell Street", "class": "residential", "is_priority": false }, "geometry": { "type": "LineString", "coordinates": [ [ -74.276084, 40.546755 ], [ -74.276128, 40.546831 ] ] } },
{ "type": "Feature", "properties": { "id": "11667671-323", "name": "Parker Street", "class": "residential", "is_priority": false }, "geometry": { "type": "LineString", "coordinates": [ [ -74.263287, 40.520295 ], [ -74.263241, 40.52033 ], [ -74.262431, 40.521968 ] ] } },
{ "type": "Feature", "properties": { "id": "11667671-324", "name": "Parker Street", "class": "residential", "is_priority": false }, "geometry": { "type": "LineString", "coordinates": [ [ -74.262431, 40.521968 ], [ -74.261587, 40.52365 ] ] } },
{ "type": "Feature", "properties": { "id": "11667671-325", "name": "Parker Street", "class": "residential", "is_priority": false }, "geometry": { "type": "LineString", "coordinates": [ [ -74.261587, 40.52365 ], [ -74.261082, 40.524691 ] ] } },
{ "type": "Feature", "properties": { "id": "11667749-326", "name": "Florida Grove Road", "class": "tertiary", "is_priority": false }, "geometry": { "type": "LineString", "coordinates": [ [ -74.289571, 40.536139 ], [ -74.289336, 40.53627 ], [ -74.288855, 40.536465 ], [ -74.288583, 40.5366 ], [ -74.287651, 40.537176 ] ] } },
{ "type": "Feature", "properties": { "id": "11667749-327", "name": "Florida Grove Road", "class": "tertiary", "is_priority": false }, "geometry": { "type": "LineString", "coordinates": [ [ -74.287651, 40.537176 ], [ -74.286714, 40.537684 ], [ -74.286416, 40.537795 ], [ -74.285683, 40.538167 ] ] } },
{ "type": "Feature", "properties": { "id": "11667749-328", "name": "Florida Grove Road", "class": "tertiary", "is_priority": false }, "geometry": { "type": "LineString", "coordinates": [ [ -74.285683, 40.538167 ], [ -74.284585, 40.538726 ], [ -74.28417, 40.538818 ], [ -74.283567, 40.538753 ] ] } },
{ "type": "Feature", "properties": { "id": "11667749-329", "name": "Florida Grove Road", "class": "tertiary", "is_priority": false }, "geometry": { "type": "LineString", "coordinates": [ [ -74.283567, 40.538753 ], [ -74.282726, 40.538671 ], [ -74.282434, 40.538663 ], [ -74.282188, 40.538674 ], [ -74.281876, 40.538729 ], [ -74.281281, 40.538935 ] ] } },
{ "type": "Feature", "properties": { "id": "11667749-330", "name": "Florida Grove Road", "class": "tertiary", "is_priority": false }, "geometry": { "type": "LineString", "coordinates": [ [ -74.281281, 40.538935 ], [ -74.279151, 40.539714 ] ] } },
{ "type": "Feature", "properties": { "id": "11667749-331", "name": "Florida Grove Road", "class": "tertiary", "is_priority": false }, "geometry": { "type": "LineString", "coordinates": [ [ -74.279151, 40.539714 ], [ -74.278886, 40.539807 ], [ -74.278699, 40.539856 ], [ -74.277869, 40.540021 ] ] } },
{ "type": "Feature", "properties": { "id": "11667821-332", "name": "Edward Place", "class": "residential", "is_priority": false }, "geometry": { "type": "LineString", "coordinates": [ [ -74.288751, 40.53442 ], [ -74.289693, 40.534344 ] ] } },
{ "type": "Feature", "properties": { "id": "11667898-333", "name": "Rathbun Place", "class": "residential", "is_priority": false }, "geometry": { "type": "LineString", "coordinates": [ [ -74.286946, 40.520039 ], [ -74.285886, 40.521188 ] ] } },
{ "type": "Feature", "properties": { "id": "11667977-334", "name": "State Street", "class": "residential", "is_priority": false }, "geometry": { "type": "LineString", "coordinates": [ [ -74.271066, 40.499929 ], [ -74.270878, 40.50155 ], [ -74.270851, 40.501635 ] ] } },
{ "type": "Feature", "properties": { "id": "11667989-335", "name": "Ferry Street", "class": "residential", "is_priority": false }, "geometry": { "type": "LineString", "coordinates": [ [ -74.254498, 40.545475 ], [ -74.256852, 40.545625 ] ] } },
{ "type": "Feature", "properties": { "id": "11667989-336", "name": "Ferry Street", "class": "residential", "is_priority": false }, "geometry": { "type": "LineString", "coordinates": [ [ -74.256852, 40.545625 ], [ -74.258724, 40.54573 ] ] } },
{ "type": "Feature", "properties": { "id": "11668024-337", "name": "Center Street", "class": "residential", "is_priority": false }, "geometry": { "type": "LineString", "coordinates": [ [ -74.264125, 40.510229 ], [ -74.266336, 40.510859 ] ] } },
{ "type": "Feature", "properties": { "id": "11668024-338", "name": "Center Street", "class": "residential", "is_priority": false }, "geometry": { "type": "LineString", "coordinates": [ [ -74.266336, 40.510859 ], [ -74.266631, 40.510943 ] ] } },
{ "type": "Feature", "properties": { "id": "11668113-339", "name": "Howard Street", "class": "residential", "is_priority": false }, "geometry": { "type": "LineString", "coordinates": [ [ -74.290147, 40.52881 ], [ -74.292501, 40.528676 ] ] } },
{ "type": "Feature", "properties": { "id": "11668113-340", "name": "Howard Street", "class": "residential", "is_priority": false }, "geometry": { "type": "LineString", "coordinates": [ [ -74.292501, 40.528676 ], [ -74.294856, 40.528544 ] ] } },
{ "type": "Feature", "properties": { "id": "11668113-341", "name": "Howard Street", "class": "residential", "is_priority": false }, "geometry": { "type": "LineString", "coordinates": [ [ -74.294856, 40.528544 ], [ -74.297211, 40.528416 ] ] } },
{ "type": "Feature", "properties": { "id": "11668113-342", "name": "Howard Street", "class": "residential", "is_priority": false }, "geometry": { "type": "LineString", "coordinates": [ [ -74.297211, 40.528416 ], [ -74.297277, 40.528419 ] ] } },
{ "type": "Feature", "properties": { "id": "11668125-343", "name": "Clinton Avenue", "class": "residential", "is_priority": false }, "geometry": { "type": "LineString", "coordinates": [ [ -74.293337, 40.517432 ], [ -74.295676, 40.517674 ] ] } },
{ "type": "Feature", "properties": { "id": "11668125-344", "name": "Clinton Avenue", "class": "residential", "is_priority": false }, "geometry": { "type": "LineString", "coordinates": [ [ -74.295676, 40.517674 ], [ -74.296378, 40.517744 ] ] } },
{ "type": "Feature", "properties": { "id": "11668231-345", "name": "Hommann Avenue", "class": "residential", "is_priority": false }, "geometry": { "type": "LineString", "coordinates": [ [ -74.283455, 40.523054 ], [ -74.282615, 40.524738 ] ] } },
{ "type": "Feature", "properties": { "id": "11668231-346", "name": "Hommann Avenue", "class": "residential", "is_priority": false }, "geometry": { "type": "LineString", "coordinates": [ [ -74.282615, 40.524738 ], [ -74.281803, 40.52643 ] ] } },
{ "type": "Feature", "properties": { "id": "11668231-347", "name": "Hommann Avenue", "class": "residential", "is_priority": false }, "geometry": { "type": "LineString", "coordinates": [ [ -74.281803, 40.52643 ], [ -74.28166, 40.526758 ], [ -74.281343, 40.528193 ] ] } },
{ "type": "Feature", "properties": { "id": "11668231-348", "name": "Hommann Avenue", "class": "residential", "is_priority": false }, "geometry": { "type": "LineString", "coordinates": [ [ -74.281343, 40.528193 ], [ -74.281274, 40.528506 ] ] } },
{ "type": "Feature", "properties": { "id": "11668372-349", "name": "Raritan Street", "class": "residential", "is_priority": false }, "geometry": { "type": "LineString", "coordinates": [ [ -74.291902, 40.493309 ], [ -74.291982, 40.493205 ] ] } },
{ "type": "Feature", "properties": { "id": "11668427-350", "name": "Oak Avenue", "class": "residential", "is_priority": false }, "geometry": { "type": "LineString", "coordinates": [ [ -74.286324, 40.546737 ], [ -74.286992, 40.547587 ] ] } },
{ "type": "Feature", "properties": { "id": "11668516-351", "name": "Atlantic Avenue", "class": "residential", "is_priority": false }, "geometry": { "type": "LineString", "coordinates": [ [ -74.27863, 40.52107 ], [ -74.278325, 40.521968 ], [ -74.278106, 40.522723 ] ] } },
{ "type": "Feature", "properties": { "id": "11668524-352", "name": "Sherman Street", "class": "residential", "is_priority": false }, "geometry": { "type": "LineString", "coordinates": [ [ -74.282109, 40.507756 ], [ -74.28131, 40.509452 ] ] } },
{ "type": "Feature", "properties": { "id": "11668524-353", "name": "Sherman Street", "class": "residential", "is_priority": false }, "geometry": { "type": "LineString", "coordinates": [ [ -74.28131, 40.509452 ], [ -74.280841, 40.51044 ] ] } },
{ "type": "Feature", "properties": { "id": "11668623-354", "name": "Lehigh Avenue", "class": "residential", "is_priority": false }, "geometry": { "type": "LineString", "coordinates": [ [ -74.274609, 40.51326 ], [ -74.275455, 40.513511 ], [ -74.276826, 40.513879 ] ] } },
{ "type": "Feature", "properties": { "id": "11668623-355", "name": "Lehigh Avenue", "class": "residential", "is_priority": false }, "geometry": { "type": "LineString", "coordinates": [ [ -74.276826, 40.513879 ], [ -74.278787, 40.514369 ], [ -74.278924, 40.514437 ], [ -74.279001, 40.514521 ] ] } },
{ "type": "Feature", "properties": { "id": "11668623-356", "name": "Lehigh Avenue", "class": "residential", "is_priority": false }, "geometry": { "type": "LineString", "coordinates": [ [ -74.279001, 40.514521 ], [ -74.27918, 40.514712 ] ] } },
{ "type": "Feature", "properties": { "id": "11668808-357", "name": "Cornell Street", "class": "residential", "is_priority": false }, "geometry": { "type": "LineString", "coordinates": [ [ -74.278081, 40.516744 ], [ -74.277583, 40.517755 ], [ -74.277608, 40.518476 ] ] } },
{ "type": "Feature", "properties": { "id": "11668808-358", "name": "Cornell Street", "class": "residential", "is_priority": false }, "geometry": { "type": "LineString", "coordinates": [ [ -74.277608, 40.518476 ], [ -74.277661, 40.520065 ], [ -74.277687, 40.520277 ] ] } },
{ "type": "Feature", "properties": { "id": "11668808-359", "name": "Cornell Street", "class": "residential", "is_priority": false }, "geometry": { "type": "LineString", "coordinates": [ [ -74.277687, 40.520277 ], [ -74.277753, 40.520821 ], [ -74.277744, 40.520867 ], [ -74.277414, 40.521783 ], [ -74.277341, 40.522035 ] ] } },
{ "type": "Feature", "properties": { "id": "11668808-360", "name": "Cornell Street", "class": "residential", "is_priority": false }, "geometry": { "type": "LineString", "coordinates": [ [ -74.277341, 40.522035 ], [ -74.277155, 40.5227 ] ] } },
{ "type": "Feature", "properties": { "id": "11668865-361", "name": "Park Avenue", "class": "residential", "is_priority": false }, "geometry": { "type": "LineString", "coordinates": [ [ -74.270179, 40.511778 ], [ -74.269366, 40.51347 ] ] } },
{ "type": "Feature", "properties": { "id": "11668865-362", "name": "Park Avenue", "class": "residential", "is_priority": false }, "geometry": { "type": "LineString", "coordinates": [ [ -74.269366, 40.51347 ], [ -74.269319, 40.513566 ] ] } },
{ "type": "Feature", "properties": { "id": "11668879-363", "name": "Harned Avenue", "class": "residential", "is_priority": false }, "geometry": { "type": "LineString", "coordinates": [ [ -74.290088, 40.53326 ], [ -74.290195, 40.5333 ], [ -74.292045, 40.534267 ] ] } },
{ "type": "Feature", "properties": { "id": "11668879-364", "name": "Harned Avenue", "class": "residential", "is_priority": false }, "geometry": { "type": "LineString", "coordinates": [ [ -74.292045, 40.534267 ], [ -74.293016, 40.534775 ] ] } },
{ "type": "Feature", "properties": { "id": "11669098-365", "name": "Carson Avenue", "class": "residential", "is_priority": false }, "geometry": { "type": "LineString", "coordinates": [ [ -74.283156, 40.521652 ], [ -74.282645, 40.5227 ], [ -74.282579, 40.52289 ], [ -74.282354, 40.523346 ] ] } },
{ "type": "Feature", "properties": { "id": "11669098-366", "name": "Carson Avenue", "class": "residential", "is_priority": false }, "geometry": { "type": "LineString", "coordinates": [ [ -74.282354, 40.523346 ], [ -74.281528, 40.525033 ] ] } },
{ "type": "Feature", "properties": { "id": "11669098-367", "name": "Carson Avenue", "class": "residential", "is_priority": false }, "geometry": { "type": "LineString", "coordinates": [ [ -74.281528, 40.525033 ], [ -74.280853, 40.526396 ], [ -74.280821, 40.526512 ] ] } },
{ "type": "Feature", "properties": { "id": "11669129-368", "name": "Myrtle Street", "class": "residential", "is_priority": false }, "geometry": { "type": "LineString", "coordinates": [ [ -74.271274, 40.524535 ], [ -74.273416, 40.525294 ] ] } },
{ "type": "Feature", "properties": { "id": "11669129-369", "name": "Myrtle Street", "class": "residential", "is_priority": false }, "geometry": { "type": "LineString", "coordinates": [ [ -74.273416, 40.525294 ], [ -74.275373, 40.525995 ] ] } },
{ "type": "Feature", "properties": { "id": "11669136-370", "name": "Christopher Court", "class": "residential", "is_priority": false }, "geometry": { "type": "LineString", "coordinates": [ [ -74.288171, 40.5282 ], [ -74.288251, 40.528222 ], [ -74.288368, 40.528222 ], [ -74.288473, 40.528192 ], [ -74.288521, 40.528143 ], [ -74.288548, 40.528079 ], [ -74.288487, 40.527611 ], [ -74.288448, 40.527547 ], [ -74.288024, 40.527401 ] ] } },
{ "type": "Feature", "properties": { "id": "11669633-371", "name": "Lincoln Drive", "class": "residential", "is_priority": false }, "geometry": { "type": "LineString", "coordinates": [ [ -74.285168, 40.529215 ], [ -74.286877, 40.529742 ], [ -74.287374, 40.529854 ] ] } },
{ "type": "Feature", "properties": { "id": "11669633-372", "name": "Lincoln Drive", "class": "residential", "is_priority": false }, "geometry": { "type": "LineString", "coordinates": [ [ -74.287374, 40.529854 ], [ -74.288397, 40.530078 ] ] } },
{ "type": "Feature", "properties": { "id": "11669762-373", "name": "Jeffries Street", "class": "residential", "is_priority": false }, "geometry": { "type": "LineString", "coordinates": [ [ -74.269689, 40.519485 ], [ -74.271972, 40.519944 ] ] } },
{ "type": "Feature", "properties": { "id": "11669762-374", "name": "Jeffries Street", "class": "residential", "is_priority": false }, "geometry": { "type": "LineString", "coordinates": [ [ -74.271972, 40.519944 ], [ -74.274257, 40.5204 ] ] } },
{ "type": "Feature", "properties": { "id": "11669762-375", "name": "Jeffries Street", "class": "residential", "is_priority": false }, "geometry": { "type": "LineString", "coordinates": [ [ -74.274257, 40.5204 ], [ -74.276077, 40.520764 ] ] } },
{ "type": "Feature", "properties": { "id": "11669994-376", "name": "", "class": "motorway", "is_priority": true }, "geometry": { "type": "LineString", "coordinates": [ [ -74.296355, 40.519737 ], [ -74.295263, 40.520083 ], [ -74.294217, 40.520495 ] ] } },
{ "type": "Feature", "properties": { "id": "11669994-377", "name": "", "class": "motorway", "is_priority": true }, "geometry": { "type": "LineString", "coordinates": [ [ -74.294217, 40.520495 ], [ -74.293349, 40.520903 ], [ -74.292797, 40.5212 ], [ -74.292271, 40.521512 ] ] } },
{ "type": "Feature", "properties": { "id": "11669994-378", "name": "", "class": "motorway", "is_priority": true }, "geometry": { "type": "LineString", "coordinates": [ [ -74.292271, 40.521512 ], [ -74.291806, 40.521823 ], [ -74.29135, 40.522171 ], [ -74.290951, 40.522532 ], [ -74.290668, 40.522826 ] ] } },
{ "type": "Feature", "properties": { "id": "11669994-379", "name": "", "class": "motorway", "is_priority": true }, "geometry": { "type": "LineString", "coordinates": [ [ -74.290668, 40.522826 ], [ -74.29038, 40.523159 ], [ -74.289446, 40.524367 ] ] } },
{ "type": "Feature", "properties": { "id": "11669994-380", "name": "", "class": "motorway", "is_priority": true }, "geometry": { "type": "LineString", "coordinates": [ [ -74.289446, 40.524367 ], [ -74.288628, 40.525417 ], [ -74.28821, 40.525902 ] ] } },
{ "type": "Feature", "properties": { "id": "11669994-381", "name": "", "class": "motorway", "is_priority": true }, "geometry": { "type": "LineString", "coordinates": [ [ -74.28821, 40.525902 ], [ -74.287812, 40.526316 ], [ -74.287532, 40.526571 ], [ -74.287042, 40.526972 ], [ -74.286649, 40.527247 ] ] } },
{ "type": "Feature", "properties": { "id": "11669994-382", "name": "", "class": "motorway", "is_priority": true }, "geometry": { "type": "LineString", "coordinates": [ [ -74.286649, 40.527247 ], [ -74.286442, 40.52738 ] ] } },
{ "type": "Feature", "properties": { "id": "11670166-383", "name": "Holton Street", "class": "residential", "is_priority": false }, "geometry": { "type": "LineString", "coordinates": [ [ -74.255167, 40.547386 ], [ -74.25752, 40.547547 ] ] } },
{ "type": "Feature", "properties": { "id": "11670166-384", "name": "Holton Street", "class": "residential", "is_priority": false }, "geometry": { "type": "LineString", "coordinates": [ [ -74.25752, 40.547547 ], [ -74.259087, 40.547654 ] ] } },
{ "type": "Feature", "properties": { "id": "11670172-385", "name": "May Avenue", "class": "residential", "is_priority": false }, "geometry": { "type": "LineString", "coordinates": [ [ -74.286369, 40.534277 ], [ -74.28788, 40.535662 ] ] } },
{ "type": "Feature", "properties": { "id": "11670172-386", "name": "May Avenue", "class": "residential", "is_priority": false }, "geometry": { "type": "LineString", "coordinates": [ [ -74.28788, 40.535662 ], [ -74.288168, 40.535927 ] ] } },
{ "type": "Feature", "properties": { "id": "11670205-387", "name": "", "class": "motorway", "is_priority": true }, "geometry": { "type": "LineString", "coordinates": [ [ -74.301782, 40.519459 ], [ -74.302303, 40.519544 ] ] } },
{ "type": "Feature", "properties": { "id": "11670223-388", "name": "Barry Avenue", "class": "residential", "is_priority": false }, "geometry": { "type": "LineString", "coordinates": [ [ -74.28693, 40.53215 ], [ -74.288935, 40.532846 ], [ -74.289054, 40.532924 ] ] } },
{ "type": "Feature", "properties": { "id": "11670223-389", "name": "Barry Avenue", "class": "residential", "is_priority": false }, "geometry": { "type": "LineString", "coordinates": [ [ -74.289054, 40.532924 ], [ -74.289112, 40.533021 ], [ -74.289105, 40.533159 ], [ -74.28884, 40.533643 ], [ -74.288759, 40.533912 ], [ -74.288738, 40.534305 ], [ -74.288767, 40.534514 ], [ -74.288812, 40.53466 ] ] } },
{ "type": "Feature", "properties": { "id": "11670223-390", "name": "Barry Avenue", "class": "residential", "is_priority": false }, "geometry": { "type": "LineString", "coordinates": [ [ -74.288812, 40.53466 ], [ -74.288869, 40.534818 ], [ -74.289076, 40.535248 ], [ -74.289054, 40.535457 ], [ -74.288984, 40.535558 ], [ -74.288824, 40.535674 ], [ -74.288288, 40.535868 ], [ -74.288042, 40.536006 ] ] } },
{ "type": "Feature", "properties": { "id": "11670223-391", "name": "Barry Avenue", "class": "residential", "is_priority": false }, "geometry": { "type": "LineString", "coordinates": [ [ -74.288042, 40.536006 ], [ -74.287455, 40.536337 ] ] } },
{ "type": "Feature", "properties": { "id": "11670224-392", "name": "Barry Avenue", "class": "residential", "is_priority": false }, "geometry": { "type": "LineString", "coordinates": [ [ -74.285455, 40.531266 ], [ -74.287116, 40.531837 ] ] } },
{ "type": "Feature", "properties": { "id": "11670298-393", "name": "Earl Street", "class": "residential", "is_priority": false }, "geometry": { "type": "LineString", "coordinates": [ [ -74.276944, 40.547891 ], [ -74.277076, 40.547951 ], [ -74.277228, 40.54797 ], [ -74.277539, 40.5479 ], [ -74.277613, 40.547896 ] ] } },
{ "type": "Feature", "properties": { "id": "11670331-394", "name": "Greenbrook Avenue", "class": "residential", "is_priority": false }, "geometry": { "type": "LineString", "coordinates": [ [ -74.293571, 40.516757 ], [ -74.29591, 40.517001 ] ] } },
{ "type": "Feature", "properties": { "id": "11670331-395", "name": "Greenbrook Avenue", "class": "residential", "is_priority": false }, "geometry": { "type": "LineString", "coordinates": [ [ -74.29591, 40.517001 ], [ -74.296588, 40.517069 ] ] } },
{ "type": "Feature", "properties": { "id": "11670333-396", "name": "Strawberry Hill Avenue", "class": "residential", "is_priority": false }, "geometry": { "type": "LineString", "coordinates": [ [ -74.27299, 40.543895 ], [ -74.274215, 40.545435 ] ] } },
{ "type": "Feature", "properties": { "id": "11670333-397", "name": "Strawberry Hill Avenue", "class": "residential", "is_priority": false }, "geometry": { "type": "LineString", "coordinates": [ [ -74.274215, 40.545435 ], [ -74.27464, 40.545985 ], [ -74.275265, 40.547046 ] ] } },
{ "type": "Feature", "properties": { "id": "11670333-398", "name": "Strawberry Hill Avenue", "class": "residential", "is_priority": false }, "geometry": { "type": "LineString", "coordinates": [ [ -74.275265, 40.547046 ], [ -74.275608, 40.547632 ], [ -74.276152, 40.548715 ] ] } },
{ "type": "Feature", "properties": { "id": "11670333-399", "name": "Strawberry Hill Avenue", "class": "residential", "is_priority": false }, "geometry": { "type": "LineString", "coordinates": [ [ -74.276152, 40.548715 ], [ -74.276299, 40.549008 ] ] } },
{ "type": "Feature", "properties": { "id": "11670347-400", "name": "Jennetty Court", "class": "residential", "is_priority": false }, "geometry": { "type": "LineString", "coordinates": [ [ -74.287836, 40.534044 ], [ -74.287807, 40.534352 ], [ -74.288004, 40.535 ], [ -74.287998, 40.53505 ], [ -74.287969, 40.535117 ], [ -74.287854, 40.535228 ], [ -74.287592, 40.535397 ] ] } },
{ "type": "Feature", "properties": { "id": "11670534-401", "name": "Columbus Circle", "class": "residential", "is_priority": false }, "geometry": { "type": "LineString", "coordinates": [ [ -74.288407, 40.52945 ], [ -74.286605, 40.528905 ], [ -74.286449, 40.528828 ], [ -74.286301, 40.528688 ] ] } },
{ "type": "Feature", "properties": { "id": "11670534-402", "name": "Columbus Circle", "class": "residential", "is_priority": false }, "geometry": { "type": "LineString", "coordinates": [ [ -74.286301, 40.528688 ], [ -74.286243, 40.528608 ], [ -74.2862, 40.52849 ], [ -74.286195, 40.528343 ], [ -74.286248, 40.528192 ], [ -74.286331, 40.52808 ], [ -74.286452, 40.527986 ], [ -74.286608, 40.527909 ], [ -74.286782, 40.52787 ], [ -74.286975, 40.52786 ], [ -74.287141, 40.527884 ], [ -74.287708, 40.528058 ] ] } },
{ "type": "Feature", "properties": { "id": "11670534-403", "name": "Columbus Circle", "class": "residential", "is_priority": false }, "geometry": { "type": "LineString", "coordinates": [ [ -74.287708, 40.528058 ], [ -74.288171, 40.5282 ] ] } },
{ "type": "Feature", "properties": { "id": "11670539-404", "name": "East Avenue", "class": "residential", "is_priority": false }, "geometry": { "type": "LineString", "coordinates": [ [ -74.258515, 40.545721 ], [ -74.258681, 40.54621 ], [ -74.258258, 40.547466 ] ] } },
{ "type": "Feature", "properties": { "id": "11670539-405", "name": "East Avenue", "class": "residential", "is_priority": false }, "geometry": { "type": "LineString", "coordinates": [ [ -74.258258, 40.547466 ], [ -74.257632, 40.549203 ] ] } },
{ "type": "Feature", "properties": { "id": "11670539-406", "name": "East Avenue", "class": "residential", "is_priority": false }, "geometry": { "type": "LineString", "coordinates": [ [ -74.257632, 40.549203 ], [ -74.257416, 40.549798 ], [ -74.257365, 40.549993 ] ] } },
{ "type": "Feature", "properties": { "id": "11670540-407", "name": "East Avenue", "class": "residential", "is_priority": false }, "geometry": { "type": "LineString", "coordinates": [ [ -74.271178, 40.512408 ], [ -74.270347, 40.514094 ] ] } },
{ "type": "Feature", "properties": { "id": "11670540-408", "name": "East Avenue", "class": "residential", "is_priority": false }, "geometry": { "type": "LineString", "coordinates": [ [ -74.270347, 40.514094 ], [ -74.269986, 40.514834 ] ] } },
{ "type": "Feature", "properties": { "id": "11670768-409", "name": "Cutters Dock Road", "class": "residential", "is_priority": false }, "geometry": { "type": "LineString", "coordinates": [ [ -74.269578, 40.544605 ], [ -74.270903, 40.544572 ], [ -74.271106, 40.544528 ], [ -74.271585, 40.54437 ] ] } },
{ "type": "Feature", "properties": { "id": "11670791-410", "name": "South Maplewood Avenue", "class": "residential", "is_priority": false }, "geometry": { "type": "LineString", "coordinates": [ [ -74.293105, 40.518101 ], [ -74.295445, 40.518338 ] ] } },
{ "type": "Feature", "properties": { "id": "11670791-411", "name": "South Maplewood Avenue", "class": "residential", "is_priority": false }, "geometry": { "type": "LineString", "coordinates": [ [ -74.295445, 40.518338 ], [ -74.296253, 40.518417 ] ] } },
{ "type": "Feature", "properties": { "id": "11670805-412", "name": "Pine Street", "class": "residential", "is_priority": false }, "geometry": { "type": "LineString", "coordinates": [ [ -74.271564, 40.52733 ], [ -74.27057, 40.528965 ] ] } },
{ "type": "Feature", "properties": { "id": "11670805-413", "name": "Pine Street", "class": "residential", "is_priority": false }, "geometry": { "type": "LineString", "coordinates": [ [ -74.27057, 40.528965 ], [ -74.269576, 40.530599 ] ] } },
{ "type": "Feature", "properties": { "id": "11670805-414", "name": "Pine Street", "class": "residential", "is_priority": false }, "geometry": { "type": "LineString", "coordinates": [ [ -74.269576, 40.530599 ], [ -74.268821, 40.531842 ] ] } },
{ "type": "Feature", "properties": { "id": "11670809-415", "name": "Pine Street", "class": "residential", "is_priority": false }, "geometry": { "type": "LineString", "coordinates": [ [ -74.268544, 40.531749 ], [ -74.268456, 40.532203 ] ] } },
{ "type": "Feature", "properties": { "id": "11670896-416", "name": "First Street", "class": "residential", "is_priority": false }, "geometry": { "type": "LineString", "coordinates": [ [ -74.27534, 40.501323 ], [ -74.275307, 40.501559 ], [ -74.274589, 40.503024 ] ] } },
{ "type": "Feature", "properties": { "id": "11670896-417", "name": "First Street", "class": "residential", "is_priority": false }, "geometry": { "type": "LineString", "coordinates": [ [ -74.274589, 40.503024 ], [ -74.273746, 40.504707 ] ] } },
{ "type": "Feature", "properties": { "id": "11670896-418", "name": "First Street", "class": "residential", "is_priority": false }, "geometry": { "type": "LineString", "coordinates": [ [ -74.273746, 40.504707 ], [ -74.272898, 40.506388 ] ] } },
{ "type": "Feature", "properties": { "id": "11670896-419", "name": "First Street", "class": "residential", "is_priority": false }, "geometry": { "type": "LineString", "coordinates": [ [ -74.272898, 40.506388 ], [ -74.272085, 40.508005 ] ] } },
{ "type": "Feature", "properties": { "id": "11670931-420", "name": "Harbor Terrace", "class": "residential", "is_priority": false }, "geometry": { "type": "LineString", "coordinates": [ [ -74.263264, 40.507281 ], [ -74.263177, 40.507439 ] ] } },
{ "type": "Feature", "properties": { "id": "11670941-421", "name": "St James Avenue", "class": "residential", "is_priority": false }, "geometry": { "type": "LineString", "coordinates": [ [ -74.285386, 40.547072 ], [ -74.28586, 40.547743 ] ] } },
{ "type": "Feature", "properties": { "id": "11670983-422", "name": "Sewaren Avenue", "class": "residential", "is_priority": false }, "geometry": { "type": "LineString", "coordinates": [ [ -74.262277, 40.549728 ], [ -74.262277, 40.549894 ], [ -74.261698, 40.551469 ] ] } },
{ "type": "Feature", "properties": { "id": "11670983-423", "name": "Sewaren Avenue", "class": "residential", "is_priority": false }, "geometry": { "type": "LineString", "coordinates": [ [ -74.261698, 40.551469 ], [ -74.26163, 40.551655 ] ] } },
{ "type": "Feature", "properties": { "id": "11671269-424", "name": "Seaman Avenue", "class": "residential", "is_priority": false }, "geometry": { "type": "LineString", "coordinates": [ [ -74.277711, 40.515602 ], [ -74.279544, 40.516738 ] ] } },
{ "type": "Feature", "properties": { "id": "11671269-425", "name": "Seaman Avenue", "class": "residential", "is_priority": false }, "geometry": { "type": "LineString", "coordinates": [ [ -74.279544, 40.516738 ], [ -74.279915, 40.516968 ] ] } },
{ "type": "Feature", "properties": { "id": "11671403-426", "name": "Sterling Court", "class": "residential", "is_priority": false }, "geometry": { "type": "LineString", "coordinates": [ [ -74.283501, 40.536177 ], [ -74.283843, 40.536521 ], [ -74.283971, 40.536563 ], [ -74.2841, 40.536538 ], [ -74.284205, 40.536487 ] ] } },
{ "type": "Feature", "properties": { "id": "11671635-427", "name": "Grant Street", "class": "residential", "is_priority": false }, "geometry": { "type": "LineString", "coordinates": [ [ -74.280967, 40.505993 ], [ -74.280768, 40.506446 ], [ -74.280169, 40.507688 ] ] } },
{ "type": "Feature", "properties": { "id": "11671635-428", "name": "Grant Street", "class": "residential", "is_priority": false }, "geometry": { "type": "LineString", "coordinates": [ [ -74.280169, 40.507688 ], [ -74.279353, 40.509379 ] ] } },
{ "type": "Feature", "properties": { "id": "11671635-429", "name": "Grant Street", "class": "residential", "is_priority": false }, "geometry": { "type": "LineString", "coordinates": [ [ -74.279353, 40.509379 ], [ -74.279077, 40.509949 ] ] } },
{ "type": "Feature", "properties": { "id": "11671706-430", "name": "Lewis Street", "class": "residential", "is_priority": false }, "geometry": { "type": "LineString", "coordinates": [ [ -74.266299, 40.500563 ], [ -74.2683, 40.501152 ], [ -74.268487, 40.501234 ] ] } },
{ "type": "Feature", "properties": { "id": "11671706-431", "name": "Lewis Street", "class": "residential", "is_priority": false }, "geometry": { "type": "LineString", "coordinates": [ [ -74.268487, 40.501234 ], [ -74.268526, 40.501252 ], [ -74.270788, 40.501625 ] ] } },
{ "type": "Feature", "properties": { "id": "11671706-432", "name": "Lewis Street", "class": "residential", "is_priority": false }, "geometry": { "type": "LineString", "coordinates": [ [ -74.270788, 40.501625 ], [ -74.27181, 40.501796 ], [ -74.273043, 40.502143 ] ] } },
{ "type": "Feature", "properties": { "id": "11671706-433", "name": "Lewis Street", "class": "residential", "is_priority": false }, "geometry": { "type": "LineString", "coordinates": [ [ -74.273043, 40.502143 ], [ -74.275252, 40.502779 ] ] } },
{ "type": "Feature", "properties": { "id": "11671706-434", "name": "Lewis Street", "class": "residential", "is_priority": false }, "geometry": { "type": "LineString", "coordinates": [ [ -74.275252, 40.502779 ], [ -74.276012, 40.502998 ] ] } },
{ "type": "Feature", "properties": { "id": "11671716-435", "name": "Stephen Avenue", "class": "residential", "is_priority": false }, "geometry": { "type": "LineString", "coordinates": [ [ -74.287335, 40.531464 ], [ -74.289485, 40.532209 ] ] } },
{ "type": "Feature", "properties": { "id": "11671716-436", "name": "Stephen Avenue", "class": "residential", "is_priority": false }, "geometry": { "type": "LineString", "coordinates": [ [ -74.289485, 40.532209 ], [ -74.290051, 40.532405 ], [ -74.290316, 40.532458 ] ] } },
{ "type": "Feature", "properties": { "id": "11671901-437", "name": "Columbus Drive", "class": "residential", "is_priority": false }, "geometry": { "type": "LineString", "coordinates": [ [ -74.288171, 40.5282 ], [ -74.288469, 40.529819 ], [ -74.288432, 40.529982 ] ] } },
{ "type": "Feature", "properties": { "id": "11671901-438", "name": "Columbus Drive", "class": "residential", "is_priority": false }, "geometry": { "type": "LineString", "coordinates": [ [ -74.288432, 40.529982 ], [ -74.288282, 40.53036 ] ] } },
{ "type": "Feature", "properties": { "id": "11672013-439", "name": "Oregon Avenue", "class": "residential", "is_priority": false }, "geometry": { "type": "LineString", "coordinates": [ [ -74.301825, 40.526737 ], [ -74.302105, 40.528526 ] ] } },
{ "type": "Feature", "properties": { "id": "11672013-440", "name": "Oregon Avenue", "class": "residential", "is_priority": false }, "geometry": { "type": "LineString", "coordinates": [ [ -74.302105, 40.528526 ], [ -74.302187, 40.529045 ] ] } },
{ "type": "Feature", "properties": { "id": "11672101-441", "name": "Clembil Court", "class": "residential", "is_priority": false }, "geometry": { "type": "LineString", "coordinates": [ [ -74.295066, 40.532793 ], [ -74.293976, 40.532163 ], [ -74.293859, 40.532139 ], [ -74.293681, 40.532159 ], [ -74.293545, 40.532235 ], [ -74.293499, 40.532311 ] ] } },
{ "type": "Feature", "properties": { "id": "11672119-442", "name": "Woodruff Place", "class": "residential", "is_priority": false }, "geometry": { "type": "LineString", "coordinates": [ [ -74.266834, 40.501726 ], [ -74.268143, 40.5021 ] ] } },
{ "type": "Feature", "properties": { "id": "11672137-443", "name": "South Church Street", "class": "residential", "is_priority": false }, "geometry": { "type": "LineString", "coordinates": [ [ -74.294019, 40.533478 ], [ -74.292917, 40.534723 ] ] } },
{ "type": "Feature", "properties": { "id": "11672150-444", "name": "Buckingham Avenue", "class": "residential", "is_priority": false }, "geometry": { "type": "LineString", "coordinates": [ [ -74.258739, 40.514645 ], [ -74.260948, 40.515281 ] ] } },
{ "type": "Feature", "properties": { "id": "11672150-445", "name": "Buckingham Avenue", "class": "residential", "is_priority": false }, "geometry": { "type": "LineString", "coordinates": [ [ -74.260948, 40.515281 ], [ -74.263157, 40.515917 ] ] } },
{ "type": "Feature", "properties": { "id": "11672150-446", "name": "Buckingham Avenue", "class": "residential", "is_priority": false }, "geometry": { "type": "LineString", "coordinates": [ [ -74.263157, 40.515917 ], [ -74.264083, 40.516184 ] ] } },
{ "type": "Feature", "properties": { "id": "11672162-447", "name": "Wayne Street", "class": "residential", "is_priority": false }, "geometry": { "type": "LineString", "coordinates": [ [ -74.262756, 40.521312 ], [ -74.263607, 40.521562 ], [ -74.263748, 40.521583 ] ] } },
{ "type": "Feature", "properties": { "id": "11672404-448", "name": "Kearny Avenue", "class": "residential", "is_priority": false }, "geometry": { "type": "LineString", "coordinates": [ [ -74.2697, 40.501448 ], [ -74.269384, 40.502533 ], [ -74.269065, 40.503179 ] ] } },
{ "type": "Feature", "properties": { "id": "11672404-449", "name": "Kearny Avenue", "class": "residential", "is_priority": false }, "geometry": { "type": "LineString", "coordinates": [ [ -74.269065, 40.503179 ], [ -74.268256, 40.504871 ] ] } },
{ "type": "Feature", "properties": { "id": "11672404-450", "name": "Kearny Avenue", "class": "residential", "is_priority": false }, "geometry": { "type": "LineString", "coordinates": [ [ -74.268256, 40.504871 ], [ -74.268116, 40.505169 ], [ -74.267397, 40.506549 ] ] } },
{ "type": "Feature", "properties": { "id": "11672404-451", "name": "Kearny Avenue", "class": "residential", "is_priority": false }, "geometry": { "type": "LineString", "coordinates": [ [ -74.267397, 40.506549 ], [ -74.267328, 40.506682 ] ] } },
{ "type": "Feature", "properties": { "id": "11672414-452", "name": "James Street", "class": "residential", "is_priority": false }, "geometry": { "type": "LineString", "coordinates": [ [ -74.263287, 40.520295 ], [ -74.263359, 40.520292 ], [ -74.263924, 40.520383 ] ] } },
{ "type": "Feature", "properties": { "id": "11672425-453", "name": "James Street", "class": "residential", "is_priority": false }, "geometry": { "type": "LineString", "coordinates": [ [ -74.290001, 40.528139 ], [ -74.292356, 40.528004 ] ] } },
{ "type": "Feature", "properties": { "id": "11672425-454", "name": "James Street", "class": "residential", "is_priority": false }, "geometry": { "type": "LineString", "coordinates": [ [ -74.292356, 40.528004 ], [ -74.29471, 40.527869 ] ] } },
{ "type": "Feature", "properties": { "id": "11672425-455", "name": "James Street", "class": "residential", "is_priority": false }, "geometry": { "type": "LineString", "coordinates": [ [ -74.29471, 40.527869 ], [ -74.297065, 40.527734 ] ] } },
{ "type": "Feature", "properties": { "id": "11672425-456", "name": "James Street", "class": "residential", "is_priority": false }, "geometry": { "type": "LineString", "coordinates": [ [ -74.297065, 40.527734 ], [ -74.297241, 40.527724 ] ] } },
{ "type": "Feature", "properties": { "id": "11672450-457", "name": "Garretson Avenue", "class": "residential", "is_priority": false }, "geometry": { "type": "LineString", "coordinates": [ [ -74.267631, 40.531442 ], [ -74.268821, 40.531842 ] ] } },
{ "type": "Feature", "properties": { "id": "11672500-458", "name": "Rowson Avenue", "class": "residential", "is_priority": false }, "geometry": { "type": "LineString", "coordinates": [ [ -74.28369, 40.537531 ], [ -74.285427, 40.536612 ] ] } },
{ "type": "Feature", "properties": { "id": "11672632-459", "name": "Davidson Avenue", "class": "residential", "is_priority": false }, "geometry": { "type": "LineString", "coordinates": [ [ -74.277857, 40.511358 ], [ -74.278595, 40.509815 ] ] } },
{ "type": "Feature", "properties": { "id": "11672658-460", "name": "Stevenson Place", "class": "residential", "is_priority": false }, "geometry": { "type": "LineString", "coordinates": [ [ -74.284743, 40.518826 ], [ -74.283665, 40.520025 ] ] } },
{ "type": "Feature", "properties": { "id": "11672742-461", "name": "Hall Avenue Honorary Avenida Puerto Rico", "class": "residential", "is_priority": false }, "geometry": { "type": "LineString", "coordinates": [ [ -74.264265, 40.519121 ], [ -74.266549, 40.519579 ] ] } },
{ "type": "Feature", "properties": { "id": "11672742-462", "name": "Hall Avenue Honorary Avenida Puerto Rico", "class": "residential", "is_priority": false }, "geometry": { "type": "LineString", "coordinates": [ [ -74.266549, 40.519579 ], [ -74.268755, 40.52002 ] ] } },
{ "type": "Feature", "properties": { "id": "11672744-463", "name": "Hall Avenue", "class": "residential", "is_priority": false }, "geometry": { "type": "LineString", "coordinates": [ [ -74.279715, 40.522443 ], [ -74.280408, 40.522525 ] ] } },
{ "type": "Feature", "properties": { "id": "11672778-464", "name": "Harned Street", "class": "residential", "is_priority": false }, "geometry": { "type": "LineString", "coordinates": [ [ -74.286264, 40.529845 ], [ -74.286202, 40.529997 ], [ -74.285455, 40.531266 ] ] } },
{ "type": "Feature", "properties": { "id": "11673126-465", "name": "Pacific Avenue", "class": "residential", "is_priority": false }, "geometry": { "type": "LineString", "coordinates": [ [ -74.27949, 40.521308 ], [ -74.279174, 40.522234 ], [ -74.279015, 40.522796 ], [ -74.279072, 40.522966 ], [ -74.279054, 40.523058 ] ] } },
{ "type": "Feature", "properties": { "id": "11673126-466", "name": "Pacific Avenue", "class": "residential", "is_priority": false }, "geometry": { "type": "LineString", "coordinates": [ [ -74.279054, 40.523058 ], [ -74.278892, 40.523696 ] ] } },
{ "type": "Feature", "properties": { "id": "11673166-467", "name": "Geraldine Street", "class": "residential", "is_priority": false }, "geometry": { "type": "LineString", "coordinates": [ [ -74.294789, 40.524548 ], [ -74.294775, 40.524643 ], [ -74.294827, 40.525107 ] ] } },
{ "type": "Feature", "properties": { "id": "11673203-468", "name": "Walnut Street", "class": "residential", "is_priority": false }, "geometry": { "type": "LineString", "coordinates": [ [ -74.277435, 40.509079 ], [ -74.277248, 40.50944 ] ] } },
{ "type": "Feature", "properties": { "id": "11673238-469", "name": "Harrington Street", "class": "residential", "is_priority": false }, "geometry": { "type": "LineString", "coordinates": [ [ -74.278892, 40.523696 ], [ -74.279118, 40.523703 ], [ -74.281224, 40.523971 ] ] } },
{ "type": "Feature", "properties": { "id": "11673238-470", "name": "Harrington Street", "class": "residential", "is_priority": false }, "geometry": { "type": "LineString", "coordinates": [ [ -74.281224, 40.523971 ], [ -74.281374, 40.523994 ], [ -74.283444, 40.52458 ] ] } },
{ "type": "Feature", "properties": { "id": "11673238-471", "name": "Harrington Street", "class": "residential", "is_priority": false }, "geometry": { "type": "LineString", "coordinates": [ [ -74.283444, 40.52458 ], [ -74.28448, 40.524884 ] ] } },
{ "type": "Feature", "properties": { "id": "11673241-472", "name": "Luther Avenue", "class": "residential", "is_priority": false }, "geometry": { "type": "LineString", "coordinates": [ [ -74.289666, 40.526082 ], [ -74.29202, 40.525949 ] ] } },
{ "type": "Feature", "properties": { "id": "11673241-473", "name": "Luther Avenue", "class": "residential", "is_priority": false }, "geometry": { "type": "LineString", "coordinates": [ [ -74.29202, 40.525949 ], [ -74.294375, 40.525816 ] ] } },
{ "type": "Feature", "properties": { "id": "11673241-474", "name": "Luther Avenue", "class": "residential", "is_priority": false }, "geometry": { "type": "LineString", "coordinates": [ [ -74.294375, 40.525816 ], [ -74.29673, 40.525683 ] ] } },
{ "type": "Feature", "properties": { "id": "11673241-475", "name": "Luther Avenue", "class": "residential", "is_priority": false }, "geometry": { "type": "LineString", "coordinates": [ [ -74.29673, 40.525683 ], [ -74.29704, 40.525665 ] ] } },
{ "type": "Feature", "properties": { "id": "11673264-476", "name": "Hornsby Avenue", "class": "residential", "is_priority": false }, "geometry": { "type": "LineString", "coordinates": [ [ -74.278662, 40.537416 ], [ -74.280351, 40.537645 ] ] } },
{ "type": "Feature", "properties": { "id": "11673315-477", "name": "Pennsylvania Avenue", "class": "residential", "is_priority": false }, "geometry": { "type": "LineString", "coordinates": [ [ -74.296904, 40.524062 ], [ -74.297154, 40.52255 ] ] } },
{ "type": "Feature", "properties": { "id": "11673517-478", "name": "Harrison Place", "class": "residential", "is_priority": false }, "geometry": { "type": "LineString", "coordinates": [ [ -74.267461, 40.503502 ], [ -74.268727, 40.503865 ], [ -74.269678, 40.504119 ] ] } },
{ "type": "Feature", "properties": { "id": "11673517-479", "name": "Harrison Place", "class": "residential", "is_priority": false }, "geometry": { "type": "LineString", "coordinates": [ [ -74.269678, 40.504119 ], [ -74.269942, 40.50419 ] ] } },
{ "type": "Feature", "properties": { "id": "11673549-480", "name": "Crestview Road", "class": "residential", "is_priority": false }, "geometry": { "type": "LineString", "coordinates": [ [ -74.300274, 40.530607 ], [ -74.300416, 40.530898 ], [ -74.300639, 40.531248 ], [ -74.30084, 40.531514 ], [ -74.301141, 40.531861 ], [ -74.301219, 40.531932 ], [ -74.301267, 40.531952 ], [ -74.301581, 40.531995 ] ] } },
{ "type": "Feature", "properties": { "id": "11673549-481", "name": "Crestview Road", "class": "residential", "is_priority": false }, "geometry": { "type": "LineString", "coordinates": [ [ -74.301581, 40.531995 ], [ -74.301788, 40.532015 ] ] } },
{ "type": "Feature", "properties": { "id": "11673568-482", "name": "Barclay Street", "class": "residential", "is_priority": false }, "geometry": { "type": "LineString", "coordinates": [ [ -74.271032, 40.515874 ], [ -74.273242, 40.516508 ] ] } },
{ "type": "Feature", "properties": { "id": "11673568-483", "name": "Barclay Street", "class": "residential", "is_priority": false }, "geometry": { "type": "LineString", "coordinates": [ [ -74.273242, 40.516508 ], [ -74.275451, 40.517143 ] ] } },
{ "type": "Feature", "properties": { "id": "11673568-484", "name": "Barclay Street", "class": "residential", "is_priority": false }, "geometry": { "type": "LineString", "coordinates": [ [ -74.275451, 40.517143 ], [ -74.277661, 40.517777 ] ] } },
{ "type": "Feature", "properties": { "id": "11673568-485", "name": "Barclay Street", "class": "residential", "is_priority": false }, "geometry": { "type": "LineString", "coordinates": [ [ -74.277661, 40.517777 ], [ -74.27987, 40.518412 ] ] } },
{ "type": "Feature", "properties": { "id": "11673568-486", "name": "Barclay Street", "class": "residential", "is_priority": false }, "geometry": { "type": "LineString", "coordinates": [ [ -74.27987, 40.518412 ], [ -74.280437, 40.518575 ] ] } },
{ "type": "Feature", "properties": { "id": "11673599-487", "name": "Weirupp Street", "class": "residential", "is_priority": false }, "geometry": { "type": "LineString", "coordinates": [ [ -74.285346, 40.523396 ], [ -74.285587, 40.522925 ] ] } },
{ "type": "Feature", "properties": { "id": "11673852-488", "name": "Barracks Street", "class": "residential", "is_priority": false }, "geometry": { "type": "LineString", "coordinates": [ [ -74.26798, 40.512035 ], [ -74.269801, 40.512574 ] ] } },
{ "type": "Feature", "properties": { "id": "11674088-489", "name": "Grace Street", "class": "residential", "is_priority": false }, "geometry": { "type": "LineString", "coordinates": [ [ -74.282154, 40.510799 ], [ -74.28144, 40.512357 ] ] } },
{ "type": "Feature", "properties": { "id": "11674114-490", "name": "Meinzer Street", "class": "residential", "is_priority": false }, "geometry": { "type": "LineString", "coordinates": [ [ -74.267207, 40.526049 ], [ -74.267323, 40.526073 ], [ -74.268183, 40.526374 ] ] } },
{ "type": "Feature", "properties": { "id": "11674151-491", "name": "Rector Street", "class": "residential", "is_priority": false }, "geometry": { "type": "LineString", "coordinates": [ [ -74.262156, 40.511505 ], [ -74.26297, 40.509813 ] ] } },
{ "type": "Feature", "properties": { "id": "11674151-492", "name": "Rector Street", "class": "residential", "is_priority": false }, "geometry": { "type": "LineString", "coordinates": [ [ -74.26297, 40.509813 ], [ -74.263802, 40.508127 ] ] } },
{ "type": "Feature", "properties": { "id": "11674151-493", "name": "Rector Street", "class": "residential", "is_priority": false }, "geometry": { "type": "LineString", "coordinates": [ [ -74.263802, 40.508127 ], [ -74.264105, 40.507517 ] ] } },
{ "type": "Feature", "properties": { "id": "11674154-494", "name": "Rector Street", "class": "residential", "is_priority": false }, "geometry": { "type": "LineString", "coordinates": [ [ -74.264026, 40.507495 ], [ -74.264816, 40.505797 ] ] } },
{ "type": "Feature", "properties": { "id": "11674154-495", "name": "Rector Street", "class": "residential", "is_priority": false }, "geometry": { "type": "LineString", "coordinates": [ [ -74.264816, 40.505797 ], [ -74.265639, 40.504108 ] ] } },
{ "type": "Feature", "properties": { "id": "11674154-496", "name": "Rector Street", "class": "residential", "is_priority": false }, "geometry": { "type": "LineString", "coordinates": [ [ -74.265639, 40.504108 ], [ -74.266483, 40.502426 ] ] } },
{ "type": "Feature", "properties": { "id": "11674154-497", "name": "Rector Street", "class": "residential", "is_priority": false }, "geometry": { "type": "LineString", "coordinates": [ [ -74.266483, 40.502426 ], [ -74.267265, 40.500846 ] ] } },
{ "type": "Feature", "properties": { "id": "11674270-498", "name": "South Charles Street", "class": "residential", "is_priority": false }, "geometry": { "type": "LineString", "coordinates": [ [ -74.291717, 40.523072 ], [ -74.291006, 40.52479 ] ] } },
{ "type": "Feature", "properties": { "id": "11674270-499", "name": "South Charles Street", "class": "residential", "is_priority": false }, "geometry": { "type": "LineString", "coordinates": [ [ -74.291006, 40.52479 ], [ -74.29064, 40.525705 ], [ -74.290715, 40.526547 ] ] } },
{ "type": "Feature", "properties": { "id": "11674270-500", "name": "South Charles Street", "class": "residential", "is_priority": false }, "geometry": { "type": "LineString", "coordinates": [ [ -74.290715, 40.526547 ], [ -74.290868, 40.528089 ] ] } },
{ "type": "Feature", "properties": { "id": "11674279-501", "name": "Read Street", "class": "residential", "is_priority": false }, "geometry": { "type": "LineString", "coordinates": [ [ -74.284817, 40.514068 ], [ -74.284346, 40.515108 ] ] } },
{ "type": "Feature", "properties": { "id": "11674460-502", "name": "Chauncey Street", "class": "residential", "is_priority": false }, "geometry": { "type": "LineString", "coordinates": [ [ -74.262085, 40.522648 ], [ -74.264054, 40.523215 ] ] } },
{ "type": "Feature", "properties": { "id": "11674637-503", "name": "Miller Street", "class": "residential", "is_priority": false }, "geometry": { "type": "LineString", "coordinates": [ [ -74.265396, 40.515104 ], [ -74.264585, 40.516796 ] ] } },
{ "type": "Feature", "properties": { "id": "11674637-504", "name": "Miller Street", "class": "residential", "is_priority": false }, "geometry": { "type": "LineString", "coordinates": [ [ -74.264585, 40.516796 ], [ -74.264447, 40.517085 ] ] } },
{ "type": "Feature", "properties": { "id": "11674710-505", "name": "Mc Guire Place", "class": "residential", "is_priority": false }, "geometry": { "type": "LineString", "coordinates": [ [ -74.280664, 40.513132 ], [ -74.280265, 40.51399 ], [ -74.279911, 40.514619 ] ] } },
{ "type": "Feature", "properties": { "id": "11674923-506", "name": "May Street", "class": "residential", "is_priority": false }, "geometry": { "type": "LineString", "coordinates": [ [ -74.289725, 40.52475 ], [ -74.289869, 40.524806 ], [ -74.291966, 40.525309 ] ] } },
{ "type": "Feature", "properties": { "id": "11674923-507", "name": "May Street", "class": "residential", "is_priority": false }, "geometry": { "type": "LineString", "coordinates": [ [ -74.291966, 40.525309 ], [ -74.292359, 40.525404 ], [ -74.292476, 40.525418 ] ] } },
{ "type": "Feature", "properties": { "id": "11675042-508", "name": "Amy Way", "class": "residential", "is_priority": false }, "geometry": { "type": "LineString", "coordinates": [ [ -74.295894, 40.533096 ], [ -74.294417, 40.533445 ] ] } },
{ "type": "Feature", "properties": { "id": "11675174-509", "name": "Newton Street", "class": "residential", "is_priority": false }, "geometry": { "type": "LineString", "coordinates": [ [ -74.299517, 40.515669 ], [ -74.299518, 40.515151 ] ] } },
{ "type": "Feature", "properties": { "id": "11675254-510", "name": "New Jersey Turnpike", "class": "motorway", "is_priority": true }, "geometry": { "type": "LineString", "coordinates": [ [ -74.279266, 40.548298 ], [ -74.279936, 40.547933 ], [ -74.281221, 40.547287 ] ] } },
{ "type": "Feature", "properties": { "id": "11675254-511", "name": "New Jersey Turnpike", "class": "motorway", "is_priority": true }, "geometry": { "type": "LineString", "coordinates": [ [ -74.281221, 40.547287 ], [ -74.282101, 40.546875 ], [ -74.283256, 40.546374 ] ] } },
{ "type": "Feature", "properties": { "id": "11675254-512", "name": "New Jersey Turnpike", "class": "motorway", "is_priority": true }, "geometry": { "type": "LineString", "coordinates": [ [ -74.283256, 40.546374 ], [ -74.284544, 40.54585 ], [ -74.285353, 40.545545 ] ] } },
{ "type": "Feature", "properties": { "id": "11675254-513", "name": "New Jersey Turnpike", "class": "motorway", "is_priority": true }, "geometry": { "type": "LineString", "coordinates": [ [ -74.285353, 40.545545 ], [ -74.286116, 40.545275 ], [ -74.287512, 40.544815 ] ] } },
{ "type": "Feature", "properties": { "id": "11675254-514", "name": "New Jersey Turnpike", "class": "motorway", "is_priority": true }, "geometry": { "type": "LineString", "coordinates": [ [ -74.287512, 40.544815 ], [ -74.28857, 40.544492 ], [ -74.289715, 40.544167 ] ] } },
{ "type": "Feature", "properties": { "id": "11675254-515", "name": "New Jersey Turnpike", "class": "motorway", "is_priority": true }, "geometry": { "type": "LineString", "coordinates": [ [ -74.289715, 40.544167 ], [ -74.29107, 40.54382 ], [ -74.291961, 40.543611 ] ] } },
{ "type": "Feature", "properties": { "id": "11675254-516", "name": "New Jersey Turnpike", "class": "motorway", "is_priority": true }, "geometry": { "type": "LineString", "coordinates": [ [ -74.291961, 40.543611 ], [ -74.292958, 40.543396 ], [ -74.294245, 40.543152 ] ] } },
{ "type": "Feature", "properties": { "id": "11675254-517", "name": "New Jersey Turnpike", "class": "motorway", "is_priority": true }, "geometry": { "type": "LineString", "coordinates": [ [ -74.294245, 40.543152 ], [ -74.295646, 40.542919 ], [ -74.296557, 40.542784 ] ] } },
{ "type": "Feature", "properties": { "id": "11675254-518", "name": "New Jersey Turnpike", "class": "motorway", "is_priority": true }, "geometry": { "type": "LineString", "coordinates": [ [ -74.296557, 40.542784 ], [ -74.297764, 40.542606 ] ] } },
{ "type": "Feature", "properties": { "id": "11675267-519", "name": "Richard Avenue", "class": "residential", "is_priority": false }, "geometry": { "type": "LineString", "coordinates": [ [ -74.295538, 40.532322 ], [ -74.295603, 40.532395 ], [ -74.296134, 40.533682 ] ] } },
{ "type": "Feature", "properties": { "id": "11675355-520", "name": "Florida Grove Road", "class": "tertiary", "is_priority": false }, "geometry": { "type": "LineString", "coordinates": [ [ -74.290383, 40.518407 ], [ -74.290362, 40.518483 ], [ -74.290365, 40.518562 ], [ -74.290436, 40.518847 ], [ -74.29045, 40.518985 ], [ -74.290434, 40.519297 ] ] } },
{ "type": "Feature", "properties": { "id": "11675398-521", "name": "Dayna Court", "class": "residential", "is_priority": false }, "geometry": { "type": "LineString", "coordinates": [ [ -74.284578, 40.521664 ], [ -74.284217, 40.522405 ], [ -74.284205, 40.52246 ], [ -74.284223, 40.522588 ], [ -74.284122, 40.522809 ] ] } },
{ "type": "Feature", "properties": { "id": "11675625-522", "name": "Saint Joseph Street", "class": "residential", "is_priority": false }, "geometry": { "type": "LineString", "coordinates": [ [ -74.277655, 40.545712 ], [ -74.276679, 40.546048 ] ] } },
{ "type": "Feature", "properties": { "id": "11675707-523", "name": "Morris Street", "class": "residential", "is_priority": false }, "geometry": { "type": "LineString", "coordinates": [ [ -74.286347, 40.514965 ], [ -74.28827, 40.515356 ], [ -74.288433, 40.515402 ], [ -74.288584, 40.515498 ] ] } },
{ "type": "Feature", "properties": { "id": "11675707-524", "name": "Morris Street", "class": "residential", "is_priority": false }, "geometry": { "type": "LineString", "coordinates": [ [ -74.288584, 40.515498 ], [ -74.288707, 40.515586 ], [ -74.288816, 40.515781 ] ] } },
{ "type": "Feature", "properties": { "id": "11675816-525", "name": "North Park Drive", "class": "residential", "is_priority": false }, "geometry": { "type": "LineString", "coordinates": [ [ -74.276225, 40.530648 ], [ -74.276192, 40.530832 ], [ -74.276238, 40.530948 ], [ -74.276344, 40.53103 ], [ -74.277892, 40.531743 ] ] } },
{ "type": "Feature", "properties": { "id": "11675816-526", "name": "North Park Drive", "class": "residential", "is_priority": false }, "geometry": { "type": "LineString", "coordinates": [ [ -74.277892, 40.531743 ], [ -74.279049, 40.532276 ], [ -74.279202, 40.532315 ] ] } },
{ "type": "Feature", "properties": { "id": "11675822-527", "name": "Patterson Street", "class": "residential", "is_priority": false }, "geometry": { "type": "LineString", "coordinates": [ [ -74.270232, 40.503601 ], [ -74.272442, 40.504234 ] ] } },
{ "type": "Feature", "properties": { "id": "11675822-528", "name": "Patterson Street", "class": "residential", "is_priority": false }, "geometry": { "type": "LineString", "coordinates": [ [ -74.272442, 40.504234 ], [ -74.274652, 40.504867 ] ] } },
{ "type": "Feature", "properties": { "id": "11675822-529", "name": "Patterson Street", "class": "residential", "is_priority": false }, "geometry": { "type": "LineString", "coordinates": [ [ -74.274652, 40.504867 ], [ -74.275043, 40.504979 ] ] } },
{ "type": "Feature", "properties": { "id": "11675823-530", "name": "Paterson Street", "class": "residential", "is_priority": false }, "geometry": { "type": "LineString", "coordinates": [ [ -74.279295, 40.506976 ], [ -74.280368, 40.507274 ] ] } },
{ "type": "Feature", "properties": { "id": "11675825-531", "name": "Hoover Way", "class": "residential", "is_priority": false }, "geometry": { "type": "LineString", "coordinates": [ [ -74.296894, 40.536931 ], [ -74.298191, 40.538436 ] ] } },
{ "type": "Feature", "properties": { "id": "11675825-532", "name": "Hoover Way", "class": "residential", "is_priority": false }, "geometry": { "type": "LineString", "coordinates": [ [ -74.298191, 40.538436 ], [ -74.298617, 40.53893 ] ] } },
{ "type": "Feature", "properties": { "id": "11675857-533", "name": "William Street", "class": "residential", "is_priority": false }, "geometry": { "type": "LineString", "coordinates": [ [ -74.264699, 40.514898 ], [ -74.2669, 40.51555 ] ] } },
{ "type": "Feature", "properties": { "id": "11675857-534", "name": "William Street", "class": "residential", "is_priority": false }, "geometry": { "type": "LineString", "coordinates": [ [ -74.2669, 40.51555 ], [ -74.268033, 40.515884 ] ] } },
{ "type": "Feature", "properties": { "id": "11675868-535", "name": "Pearl Place", "class": "residential", "is_priority": false }, "geometry": { "type": "LineString", "coordinates": [ [ -74.261907, 40.516352 ], [ -74.263748, 40.516882 ] ] } },
{ "type": "Feature", "properties": { "id": "11675887-536", "name": "Manor Avenue", "class": "residential", "is_priority": false }, "geometry": { "type": "LineString", "coordinates": [ [ -74.280614, 40.548985 ], [ -74.28064, 40.549022 ] ] } },
{ "type": "Feature", "properties": { "id": "11676040-537", "name": "King Street", "class": "residential", "is_priority": false }, "geometry": { "type": "LineString", "coordinates": [ [ -74.267498, 40.506729 ], [ -74.266756, 40.508264 ] ] } },
{ "type": "Feature", "properties": { "id": "11676075-538", "name": "Rudyard Drive", "class": "residential", "is_priority": false }, "geometry": { "type": "LineString", "coordinates": [ [ -74.28075, 40.535676 ], [ -74.280577, 40.535877 ], [ -74.280413, 40.53698 ], [ -74.280371, 40.53743 ] ] } },
{ "type": "Feature", "properties": { "id": "11676075-539", "name": "Rudyard Drive", "class": "residential", "is_priority": false }, "geometry": { "type": "LineString", "coordinates": [ [ -74.280371, 40.53743 ], [ -74.280351, 40.537645 ], [ -74.280293, 40.537949 ], [ -74.280173, 40.538221 ], [ -74.27998, 40.538426 ], [ -74.279647, 40.538657 ], [ -74.279195, 40.538852 ] ] } },
{ "type": "Feature", "properties": { "id": "11676075-540", "name": "Rudyard Drive", "class": "residential", "is_priority": false }, "geometry": { "type": "LineString", "coordinates": [ [ -74.279195, 40.538852 ], [ -74.2788, 40.539019 ], [ -74.278626, 40.539063 ], [ -74.278308, 40.539069 ], [ -74.277736, 40.539002 ] ] } },
{ "type": "Feature", "properties": { "id": "11676094-541", "name": "Scott Avenue", "class": "residential", "is_priority": false }, "geometry": { "type": "LineString", "coordinates": [ [ -74.294867, 40.4912 ], [ -74.294077, 40.492898 ] ] } },
{ "type": "Feature", "properties": { "id": "11676094-542", "name": "Scott Avenue", "class": "residential", "is_priority": false }, "geometry": { "type": "LineString", "coordinates": [ [ -74.294077, 40.492898 ], [ -74.29359, 40.493941 ] ] } },
{ "type": "Feature", "properties": { "id": "11676179-543", "name": "Gadek Place", "class": "residential", "is_priority": false }, "geometry": { "type": "LineString", "coordinates": [ [ -74.262732, 40.523261 ], [ -74.261987, 40.524787 ] ] } },
{ "type": "Feature", "properties": { "id": "11676181-544", "name": "Corey Street", "class": "residential", "is_priority": false }, "geometry": { "type": "LineString", "coordinates": [ [ -74.302624, 40.529326 ], [ -74.300371, 40.529866 ] ] } },
{ "type": "Feature", "properties": { "id": "11676181-545", "name": "Corey Street", "class": "residential", "is_priority": false }, "geometry": { "type": "LineString", "coordinates": [ [ -74.300371, 40.529866 ], [ -74.299179, 40.530151 ] ] } },
{ "type": "Feature", "properties": { "id": "11676219-546", "name": "High Street", "class": "residential", "is_priority": false }, "geometry": { "type": "LineString", "coordinates": [ [ -74.268519, 40.499614 ], [ -74.268395, 40.501413 ] ] } },
{ "type": "Feature", "properties": { "id": "11676219-547", "name": "High Street", "class": "residential", "is_priority": false }, "geometry": { "type": "LineString", "coordinates": [ [ -74.268395, 40.501413 ], [ -74.268372, 40.501651 ], [ -74.26765, 40.503114 ] ] } },
{ "type": "Feature", "properties": { "id": "11676219-548", "name": "High Street", "class": "residential", "is_priority": false }, "geometry": { "type": "LineString", "coordinates": [ [ -74.26765, 40.503114 ], [ -74.266816, 40.504799 ] ] } },
{ "type": "Feature", "properties": { "id": "11676219-549", "name": "High Street", "class": "residential", "is_priority": false }, "geometry": { "type": "LineString", "coordinates": [ [ -74.266816, 40.504799 ], [ -74.266218, 40.505979 ] ] } },
{ "type": "Feature", "properties": { "id": "11676220-550", "name": "High Street", "class": "tertiary", "is_priority": false }, "geometry": { "type": "LineString", "coordinates": [ [ -74.265708, 40.506213 ], [ -74.265676, 40.506341 ], [ -74.26572, 40.506487 ], [ -74.265766, 40.506589 ], [ -74.265864, 40.506658 ] ] } },
{ "type": "Feature", "properties": { "id": "11676222-551", "name": "High Street", "class": "tertiary", "is_priority": false }, "geometry": { "type": "LineString", "coordinates": [ [ -74.266218, 40.505979 ], [ -74.266031, 40.505979 ], [ -74.26584, 40.506075 ], [ -74.265708, 40.506213 ] ] } },
{ "type": "Feature", "properties": { "id": "11676227-552", "name": "Ida Way", "class": "residential", "is_priority": false }, "geometry": { "type": "LineString", "coordinates": [ [ -74.291249, 40.538554 ], [ -74.291141, 40.53856 ], [ -74.29104, 40.538526 ], [ -74.290939, 40.538468 ], [ -74.289758, 40.537661 ], [ -74.289569, 40.537498 ], [ -74.289517, 40.537396 ] ] } },
{ "type": "Feature", "properties": { "id": "11676227-553", "name": "Ida Way", "class": "residential", "is_priority": false }, "geometry": { "type": "LineString", "coordinates": [ [ -74.289517, 40.537396 ], [ -74.28949, 40.536933 ], [ -74.289545, 40.536505 ], [ -74.289534, 40.536461 ], [ -74.289518, 40.536428 ], [ -74.289451, 40.536379 ], [ -74.289331, 40.536344 ], [ -74.289206, 40.53633 ] ] } },
{ "type": "Feature", "properties": { "id": "11676228-554", "name": "Ida Way", "class": "residential", "is_priority": false }, "geometry": { "type": "LineString", "coordinates": [ [ -74.289545, 40.536505 ], [ -74.289703, 40.536197 ] ] } },
{ "type": "Feature", "properties": { "id": "11676238-555", "name": "Glenn Drive", "class": "residential", "is_priority": false }, "geometry": { "type": "LineString", "coordinates": [ [ -74.292911, 40.516951 ], [ -74.292198, 40.516812 ], [ -74.29208, 40.516818 ], [ -74.292024, 40.516851 ], [ -74.291991, 40.516897 ], [ -74.291865, 40.517254 ], [ -74.291657, 40.517907 ] ] } },
{ "type": "Feature", "properties": { "id": "11676238-556", "name": "Glenn Drive", "class": "residential", "is_priority": false }, "geometry": { "type": "LineString", "coordinates": [ [ -74.291657, 40.517907 ], [ -74.291609, 40.518055 ] ] } },
{ "type": "Feature", "properties": { "id": "11676332-557", "name": "Washington Street", "class": "residential", "is_priority": false }, "geometry": { "type": "LineString", "coordinates": [ [ -74.265366, 40.513515 ], [ -74.267577, 40.514146 ] ] } },
{ "type": "Feature", "properties": { "id": "11676332-558", "name": "Washington Street", "class": "residential", "is_priority": false }, "geometry": { "type": "LineString", "coordinates": [ [ -74.267577, 40.514146 ], [ -74.269788, 40.514778 ] ] } },
{ "type": "Feature", "properties": { "id": "11676332-559", "name": "Washington Street", "class": "residential", "is_priority": false }, "geometry": { "type": "LineString", "coordinates": [ [ -74.269788, 40.514778 ], [ -74.270851, 40.515081 ] ] } },
{ "type": "Feature", "properties": { "id": "11676349-560", "name": "Ridgeley Street", "class": "residential", "is_priority": false }, "geometry": { "type": "LineString", "coordinates": [ [ -74.269935, 40.518798 ], [ -74.272218, 40.519258 ] ] } },
{ "type": "Feature", "properties": { "id": "11676349-561", "name": "Ridgeley Street", "class": "residential", "is_priority": false }, "geometry": { "type": "LineString", "coordinates": [ [ -74.272218, 40.519258 ], [ -74.274502, 40.519713 ] ] } },
{ "type": "Feature", "properties": { "id": "11676349-562", "name": "Ridgeley Street", "class": "residential", "is_priority": false }, "geometry": { "type": "LineString", "coordinates": [ [ -74.274502, 40.519713 ], [ -74.275837, 40.519981 ] ] } },
{ "type": "Feature", "properties": { "id": "11676357-563", "name": "Thomas Street", "class": "residential", "is_priority": false }, "geometry": { "type": "LineString", "coordinates": [ [ -74.267445, 40.530634 ], [ -74.269582, 40.531399 ] ] } },
{ "type": "Feature", "properties": { "id": "11676357-564", "name": "Thomas Street", "class": "residential", "is_priority": false }, "geometry": { "type": "LineString", "coordinates": [ [ -74.269582, 40.531399 ], [ -74.270199, 40.531627 ], [ -74.270477, 40.531698 ], [ -74.27185, 40.531825 ] ] } },
{ "type": "Feature", "properties": { "id": "11676357-565", "name": "Thomas Street", "class": "residential", "is_priority": false }, "geometry": { "type": "LineString", "coordinates": [ [ -74.27185, 40.531825 ], [ -74.272671, 40.531908 ] ] } },
{ "type": "Feature", "properties": { "id": "11676412-566", "name": "Lawton Place", "class": "residential", "is_priority": false }, "geometry": { "type": "LineString", "coordinates": [ [ -74.281156, 40.516873 ], [ -74.28107, 40.516986 ], [ -74.280033, 40.517957 ] ] } },
{ "type": "Feature", "properties": { "id": "11676455-567", "name": "Keene Street", "class": "residential", "is_priority": false }, "geometry": { "type": "LineString", "coordinates": [ [ -74.267551, 40.524563 ], [ -74.269693, 40.525321 ] ] } },
{ "type": "Feature", "properties": { "id": "11676455-568", "name": "Keene Street", "class": "residential", "is_priority": false }, "geometry": { "type": "LineString", "coordinates": [ [ -74.269693, 40.525321 ], [ -74.271838, 40.526074 ] ] } },
{ "type": "Feature", "properties": { "id": "11676455-569", "name": "Keene Street", "class": "residential", "is_priority": false }, "geometry": { "type": "LineString", "coordinates": [ [ -74.271838, 40.526074 ], [ -74.273975, 40.526841 ] ] } },
{ "type": "Feature", "properties": { "id": "11676455-570", "name": "Keene Street", "class": "residential", "is_priority": false }, "geometry": { "type": "LineString", "coordinates": [ [ -74.273975, 40.526841 ], [ -74.274996, 40.527196 ], [ -74.275223, 40.527238 ] ] } },
{ "type": "Feature", "properties": { "id": "11676616-571", "name": "Commerce Street", "class": "residential", "is_priority": false }, "geometry": { "type": "LineString", "coordinates": [ [ -74.261388, 40.510203 ], [ -74.261853, 40.510348 ], [ -74.263598, 40.510836 ] ] } },
{ "type": "Feature", "properties": { "id": "11676616-572", "name": "Commerce Street", "class": "residential", "is_priority": false }, "geometry": { "type": "LineString", "coordinates": [ [ -74.263598, 40.510836 ], [ -74.265809, 40.511468 ] ] } },
{ "type": "Feature", "properties": { "id": "11676616-573", "name": "Commerce Street", "class": "residential", "is_priority": false }, "geometry": { "type": "LineString", "coordinates": [ [ -74.265809, 40.511468 ], [ -74.266303, 40.511609 ] ] } },
{ "type": "Feature", "properties": { "id": "11676617-574", "name": "Boggs Street", "class": "residential", "is_priority": false }, "geometry": { "type": "LineString", "coordinates": [ [ -74.269732, 40.524157 ], [ -74.268811, 40.525683 ] ] } },
{ "type": "Feature", "properties": { "id": "11676630-575", "name": "East Smith Street", "class": "residential", "is_priority": false }, "geometry": { "type": "LineString", "coordinates": [ [ -74.278425, 40.549952 ], [ -74.278445, 40.549989 ] ] } },
{ "type": "Feature", "properties": { "id": "11676673-576", "name": "Gifford Street", "class": "residential", "is_priority": false }, "geometry": { "type": "LineString", "coordinates": [ [ -74.279404, 40.511796 ], [ -74.279199, 40.51218 ] ] } },
{ "type": "Feature", "properties": { "id": "11676706-577", "name": "John Street", "class": "residential", "is_priority": false }, "geometry": { "type": "LineString", "coordinates": [ [ -74.294879, 40.528543 ], [ -74.294702, 40.526746 ] ] } },
{ "type": "Feature", "properties": { "id": "11676706-578", "name": "John Street", "class": "residential", "is_priority": false }, "geometry": { "type": "LineString", "coordinates": [ [ -74.294702, 40.526746 ], [ -74.294609, 40.525803 ] ] } },
{ "type": "Feature", "properties": { "id": "11676770-579", "name": "Summit Avenue", "class": "residential", "is_priority": false }, "geometry": { "type": "LineString", "coordinates": [ [ -74.26694, 40.528209 ], [ -74.269084, 40.528963 ] ] } },
{ "type": "Feature", "properties": { "id": "11676770-580", "name": "Summit Avenue", "class": "residential", "is_priority": false }, "geometry": { "type": "LineString", "coordinates": [ [ -74.269084, 40.528963 ], [ -74.271229, 40.529717 ] ] } },
{ "type": "Feature", "properties": { "id": "11676770-581", "name": "Summit Avenue", "class": "residential", "is_priority": false }, "geometry": { "type": "LineString", "coordinates": [ [ -74.271229, 40.529717 ], [ -74.273373, 40.530471 ] ] } },
{ "type": "Feature", "properties": { "id": "11676770-582", "name": "Summit Avenue", "class": "residential", "is_priority": false }, "geometry": { "type": "LineString", "coordinates": [ [ -74.273373, 40.530471 ], [ -74.273454, 40.5305 ] ] } },
{ "type": "Feature", "properties": { "id": "11676947-583", "name": "Lawrie Street", "class": "residential", "is_priority": false }, "geometry": { "type": "LineString", "coordinates": [ [ -74.270733, 40.516565 ], [ -74.272945, 40.517193 ] ] } },
{ "type": "Feature", "properties": { "id": "11676947-584", "name": "Lawrie Street", "class": "residential", "is_priority": false }, "geometry": { "type": "LineString", "coordinates": [ [ -74.272945, 40.517193 ], [ -74.275158, 40.517822 ] ] } },
{ "type": "Feature", "properties": { "id": "11676947-585", "name": "Lawrie Street", "class": "residential", "is_priority": false }, "geometry": { "type": "LineString", "coordinates": [ [ -74.275158, 40.517822 ], [ -74.277371, 40.51845 ] ] } },
{ "type": "Feature", "properties": { "id": "11676947-586", "name": "Lawrie Street", "class": "residential", "is_priority": false }, "geometry": { "type": "LineString", "coordinates": [ [ -74.277371, 40.51845 ], [ -74.279583, 40.519079 ] ] } },
{ "type": "Feature", "properties": { "id": "11676947-587", "name": "Lawrie Street", "class": "residential", "is_priority": false }, "geometry": { "type": "LineString", "coordinates": [ [ -74.279583, 40.519079 ], [ -74.280111, 40.519228 ] ] } },
{ "type": "Feature", "properties": { "id": "11677003-588", "name": "Alta Vista Place", "class": "residential", "is_priority": false }, "geometry": { "type": "LineString", "coordinates": [ [ -74.275202, 40.521336 ], [ -74.274604, 40.523079 ] ] } },
{ "type": "Feature", "properties": { "id": "11677003-589", "name": "Alta Vista Place", "class": "residential", "is_priority": false }, "geometry": { "type": "LineString", "coordinates": [ [ -74.274604, 40.523079 ], [ -74.274257, 40.524091 ] ] } },
{ "type": "Feature", "properties": { "id": "11677113-590", "name": "Augustus Street", "class": "residential", "is_priority": false }, "geometry": { "type": "LineString", "coordinates": [ [ -74.277283, 40.550282 ], [ -74.277331, 40.550374 ] ] } },
{ "type": "Feature", "properties": { "id": "11677248-591", "name": "Spruce Street", "class": "residential", "is_priority": false }, "geometry": { "type": "LineString", "coordinates": [ [ -74.273198, 40.527919 ], [ -74.272205, 40.529554 ] ] } },
{ "type": "Feature", "properties": { "id": "11677248-592", "name": "Spruce Street", "class": "residential", "is_priority": false }, "geometry": { "type": "LineString", "coordinates": [ [ -74.272205, 40.529554 ], [ -74.271671, 40.530434 ] ] } },
{ "type": "Feature", "properties": { "id": "11677266-593", "name": "Fulton Street", "class": "residential", "is_priority": false }, "geometry": { "type": "LineString", "coordinates": [ [ -74.276449, 40.550544 ], [ -74.276457, 40.550619 ] ] } },
{ "type": "Feature", "properties": { "id": "11677268-594", "name": "Lee Street", "class": "residential", "is_priority": false }, "geometry": { "type": "LineString", "coordinates": [ [ -74.285583, 40.52103 ], [ -74.285189, 40.521562 ], [ -74.284629, 40.522672 ] ] } },
{ "type": "Feature", "properties": { "id": "11677268-595", "name": "Lee Street", "class": "residential", "is_priority": false }, "geometry": { "type": "LineString", "coordinates": [ [ -74.284629, 40.522672 ], [ -74.284413, 40.523108 ], [ -74.284299, 40.523299 ], [ -74.283783, 40.524354 ] ] } },
{ "type": "Feature", "properties": { "id": "11677268-596", "name": "Lee Street", "class": "residential", "is_priority": false }, "geometry": { "type": "LineString", "coordinates": [ [ -74.283783, 40.524354 ], [ -74.282943, 40.526038 ] ] } },
{ "type": "Feature", "properties": { "id": "11677268-597", "name": "Lee Street", "class": "residential", "is_priority": false }, "geometry": { "type": "LineString", "coordinates": [ [ -74.282943, 40.526038 ], [ -74.282605, 40.526753 ], [ -74.282376, 40.527779 ] ] } },
{ "type": "Feature", "properties": { "id": "11677268-598", "name": "Lee Street", "class": "residential", "is_priority": false }, "geometry": { "type": "LineString", "coordinates": [ [ -74.282376, 40.527779 ], [ -74.282284, 40.528205 ] ] } },
{ "type": "Feature", "properties": { "id": "11677269-599", "name": "Lee Avenue", "class": "residential", "is_priority": false }, "geometry": { "type": "LineString", "coordinates": [ [ -74.28977, 40.526768 ], [ -74.292125, 40.526635 ] ] } },
{ "type": "Feature", "properties": { "id": "11677269-600", "name": "Lee Avenue", "class": "residential", "is_priority": false }, "geometry": { "type": "LineString", "coordinates": [ [ -74.292125, 40.526635 ], [ -74.29448, 40.526502 ] ] } },
{ "type": "Feature", "properties": { "id": "11677269-601", "name": "Lee Avenue", "class": "residential", "is_priority": false }, "geometry": { "type": "LineString", "coordinates": [ [ -74.29448, 40.526502 ], [ -74.296834, 40.526369 ] ] } },
{ "type": "Feature", "properties": { "id": "11677269-602", "name": "Lee Avenue", "class": "residential", "is_priority": false }, "geometry": { "type": "LineString", "coordinates": [ [ -74.296834, 40.526369 ], [ -74.297107, 40.526354 ] ] } },
{ "type": "Feature", "properties": { "id": "11677320-603", "name": "South Columbus Avenue", "class": "residential", "is_priority": false }, "geometry": { "type": "LineString", "coordinates": [ [ -74.301149, 40.525332 ], [ -74.30175, 40.523794 ] ] } },
{ "type": "Feature", "properties": { "id": "11677339-604", "name": "Gornik Drive", "class": "residential", "is_priority": false }, "geometry": { "type": "LineString", "coordinates": [ [ -74.284302, 40.535555 ], [ -74.283136, 40.536463 ], [ -74.283039, 40.536585 ], [ -74.283028, 40.536716 ], [ -74.283071, 40.536823 ], [ -74.283179, 40.536942 ] ] } },
{ "type": "Feature", "properties": { "id": "11677339-605", "name": "Gornik Drive", "class": "residential", "is_priority": false }, "geometry": { "type": "LineString", "coordinates": [ [ -74.283179, 40.536942 ], [ -74.283998, 40.53787 ], [ -74.28413, 40.537937 ], [ -74.284248, 40.537962 ], [ -74.284393, 40.53796 ], [ -74.284524, 40.53793 ], [ -74.284802, 40.537791 ] ] } },
{ "type": "Feature", "properties": { "id": "11677339-606", "name": "Gornik Drive", "class": "residential", "is_priority": false }, "geometry": { "type": "LineString", "coordinates": [ [ -74.284802, 40.537791 ], [ -74.285619, 40.537382 ], [ -74.285725, 40.537346 ], [ -74.286034, 40.537383 ], [ -74.286126, 40.53743 ], [ -74.286212, 40.537511 ], [ -74.286416, 40.537795 ] ] } },
{ "type": "Feature", "properties": { "id": "11677340-607", "name": "Gornik Drive", "class": "residential", "is_priority": false }, "geometry": { "type": "LineString", "coordinates": [ [ -74.28405, 40.535025 ], [ -74.284228, 40.535269 ], [ -74.284277, 40.535392 ], [ -74.284302, 40.535555 ] ] } },
{ "type": "Feature", "properties": { "id": "11677373-608", "name": "Wolff Street", "class": "residential", "is_priority": false }, "geometry": { "type": "LineString", "coordinates": [ [ -74.269126, 40.526462 ], [ -74.26863, 40.527266 ] ] } },
{ "type": "Feature", "properties": { "id": "11677429-609", "name": "South Grove Avenue", "class": "residential", "is_priority": false }, "geometry": { "type": "LineString", "coordinates": [ [ -74.290298, 40.532571 ], [ -74.290419, 40.532593 ], [ -74.292268, 40.533552 ] ] } },
{ "type": "Feature", "properties": { "id": "11677429-610", "name": "South Grove Avenue", "class": "residential", "is_priority": false }, "geometry": { "type": "LineString", "coordinates": [ [ -74.292268, 40.533552 ], [ -74.293425, 40.534152 ] ] } },
{ "type": "Feature", "properties": { "id": "11677442-611", "name": "Wisteria Street", "class": "residential", "is_priority": false }, "geometry": { "type": "LineString", "coordinates": [ [ -74.27017, 40.499897 ], [ -74.269978, 40.501494 ] ] } },
{ "type": "Feature", "properties": { "id": "11677459-612", "name": "Andrews Drive", "class": "residential", "is_priority": false }, "geometry": { "type": "LineString", "coordinates": [ [ -74.2788, 40.536772 ], [ -74.278419, 40.53855 ] ] } },
{ "type": "Feature", "properties": { "id": "11677459-613", "name": "Andrews Drive", "class": "residential", "is_priority": false }, "geometry": { "type": "LineString", "coordinates": [ [ -74.278419, 40.53855 ], [ -74.278308, 40.539069 ] ] } },
{ "type": "Feature", "properties": { "id": "11677487-614", "name": "New Street", "class": "residential", "is_priority": false }, "geometry": { "type": "LineString", "coordinates": [ [ -74.25681, 40.546518 ], [ -74.258547, 40.546596 ] ] } },
{ "type": "Feature", "properties": { "id": "11677494-615", "name": "New Street", "class": "residential", "is_priority": false }, "geometry": { "type": "LineString", "coordinates": [ [ -74.269409, 40.511326 ], [ -74.268917, 40.512313 ] ] } },
{ "type": "Feature", "properties": { "id": "11677525-616", "name": "Catherine Street", "class": "residential", "is_priority": false }, "geometry": { "type": "LineString", "coordinates": [ [ -74.268201, 40.519909 ], [ -74.267595, 40.521651 ] ] } },
{ "type": "Feature", "properties": { "id": "11677525-617", "name": "Catherine Street", "class": "residential", "is_priority": false }, "geometry": { "type": "LineString", "coordinates": [ [ -74.267595, 40.521651 ], [ -74.26699, 40.523392 ] ] } },
{ "type": "Feature", "properties": { "id": "11677525-618", "name": "Catherine Street", "class": "residential", "is_priority": false }, "geometry": { "type": "LineString", "coordinates": [ [ -74.26699, 40.523392 ], [ -74.266529, 40.52472 ] ] } },
{ "type": "Feature", "properties": { "id": "11677557-619", "name": "Bertrand Avenue", "class": "residential", "is_priority": false }, "geometry": { "type": "LineString", "coordinates": [ [ -74.278966, 40.511677 ], [ -74.279681, 40.510117 ] ] } },
{ "type": "Feature", "properties": { "id": "11677566-620", "name": "Packer Place", "class": "residential", "is_priority": false }, "geometry": { "type": "LineString", "coordinates": [ [ -74.284406, 40.520413 ], [ -74.285474, 40.519228 ] ] } },
{ "type": "Feature", "properties": { "id": "11677703-621", "name": "Goodwin Street", "class": "tertiary", "is_priority": false }, "geometry": { "type": "LineString", "coordinates": [ [ -74.280908, 40.510458 ], [ -74.28012, 40.512157 ] ] } },
{ "type": "Feature", "properties": { "id": "11677703-622", "name": "Goodwin Street", "class": "tertiary", "is_priority": false }, "geometry": { "type": "LineString", "coordinates": [ [ -74.28012, 40.512157 ], [ -74.27951, 40.513468 ] ] } },
{ "type": "Feature", "properties": { "id": "11677729-623", "name": "Donald Avenue", "class": "residential", "is_priority": false }, "geometry": { "type": "LineString", "coordinates": [ [ -74.279095, 40.528582 ], [ -74.279478, 40.526805 ] ] } },
{ "type": "Feature", "properties": { "id": "11677729-624", "name": "Donald Avenue", "class": "residential", "is_priority": false }, "geometry": { "type": "LineString", "coordinates": [ [ -74.279478, 40.526805 ], [ -74.279867, 40.525028 ] ] } },
{ "type": "Feature", "properties": { "id": "11677729-625", "name": "Donald Avenue", "class": "residential", "is_priority": false }, "geometry": { "type": "LineString", "coordinates": [ [ -74.279867, 40.525028 ], [ -74.280265, 40.523252 ] ] } },
{ "type": "Feature", "properties": { "id": "11677729-626", "name": "Donald Avenue", "class": "residential", "is_priority": false }, "geometry": { "type": "LineString", "coordinates": [ [ -74.280265, 40.523252 ], [ -74.280592, 40.521617 ] ] } },
{ "type": "Feature", "properties": { "id": "11677831-627", "name": "Prospect Street", "class": "residential", "is_priority": false }, "geometry": { "type": "LineString", "coordinates": [ [ -74.276551, 40.508809 ], [ -74.276347, 40.50919 ] ] } },
{ "type": "Feature", "properties": { "id": "11677964-628", "name": "Madison Avenue", "class": "residential", "is_priority": false }, "geometry": { "type": "LineString", "coordinates": [ [ -74.274237, 40.500751 ], [ -74.274248, 40.500874 ], [ -74.273466, 40.502442 ] ] } },
{ "type": "Feature", "properties": { "id": "11677964-629", "name": "Madison Avenue", "class": "residential", "is_priority": false }, "geometry": { "type": "LineString", "coordinates": [ [ -74.273466, 40.502442 ], [ -74.272629, 40.504127 ] ] } },
{ "type": "Feature", "properties": { "id": "11677964-630", "name": "Madison Avenue", "class": "residential", "is_priority": false }, "geometry": { "type": "LineString", "coordinates": [ [ -74.272629, 40.504127 ], [ -74.271799, 40.505813 ] ] } },
{ "type": "Feature", "properties": { "id": "11677964-631", "name": "Madison Avenue", "class": "residential", "is_priority": false }, "geometry": { "type": "LineString", "coordinates": [ [ -74.271799, 40.505813 ], [ -74.27098, 40.507503 ] ] } },
{ "type": "Feature", "properties": { "id": "11677964-632", "name": "Madison Avenue", "class": "residential", "is_priority": false }, "geometry": { "type": "LineString", "coordinates": [ [ -74.27098, 40.507503 ], [ -74.270118, 40.50918 ] ] } },
{ "type": "Feature", "properties": { "id": "11677964-633", "name": "Madison Avenue", "class": "residential", "is_priority": false }, "geometry": { "type": "LineString", "coordinates": [ [ -74.270118, 40.50918 ], [ -74.269698, 40.51007 ] ] } },
{ "type": "Feature", "properties": { "id": "11678075-634", "name": "Front Street", "class": "residential", "is_priority": false }, "geometry": { "type": "LineString", "coordinates": [ [ -74.261853, 40.510348 ], [ -74.26142, 40.511293 ], [ -74.261038, 40.512039 ] ] } },
{ "type": "Feature", "properties": { "id": "11678075-635", "name": "Front Street", "class": "residential", "is_priority": false }, "geometry": { "type": "LineString", "coordinates": [ [ -74.261038, 40.512039 ], [ -74.260938, 40.512235 ] ] } },
{ "type": "Feature", "properties": { "id": "11678081-636", "name": "Front Street", "class": "residential", "is_priority": false }, "geometry": { "type": "LineString", "coordinates": [ [ -74.264214, 40.502819 ], [ -74.263569, 40.503866 ] ] } },
{ "type": "Feature", "properties": { "id": "11683919-637", "name": "Garden State Parkway", "class": "motorway", "is_priority": true }, "geometry": { "type": "LineString", "coordinates": [ [ -74.300876, 40.533738 ], [ -74.300491, 40.533414 ], [ -74.300125, 40.533076 ], [ -74.29979, 40.532725 ], [ -74.299451, 40.532308 ] ] } },
{ "type": "Feature", "properties": { "id": "11683919-638", "name": "Garden State Parkway", "class": "motorway", "is_priority": true }, "geometry": { "type": "LineString", "coordinates": [ [ -74.299451, 40.532308 ], [ -74.299145, 40.531865 ], [ -74.298971, 40.53157 ], [ -74.298763, 40.53116 ], [ -74.298559, 40.530645 ] ] } },
{ "type": "Feature", "properties": { "id": "11683919-639", "name": "Garden State Parkway", "class": "motorway", "is_priority": true }, "geometry": { "type": "LineString", "coordinates": [ [ -74.298559, 40.530645 ], [ -74.298427, 40.530206 ], [ -74.29836, 40.529879 ] ] } },
{ "type": "Feature", "properties": { "id": "23211670-640", "name": "", "class": "motorway", "is_priority": true }, "geometry": { "type": "LineString", "coordinates": [ [ -74.272036, 40.527233 ], [ -74.274009, 40.527937 ] ] } },
{ "type": "Feature", "properties": { "id": "23211671-641", "name": "", "class": "secondary_link", "is_priority": false }, "geometry": { "type": "LineString", "coordinates": [ [ -74.298408, 40.515206 ], [ -74.298253, 40.51534 ], [ -74.298218, 40.515415 ], [ -74.298227, 40.515492 ], [ -74.298309, 40.515578 ], [ -74.298592, 40.51567 ] ] } },
{ "type": "Feature", "properties": { "id": "23211678-642", "name": "", "class": "motorway_link", "is_priority": false }, "geometry": { "type": "LineString", "coordinates": [ [ -74.300275, 40.51893 ], [ -74.300287, 40.51864 ], [ -74.300324, 40.518473 ], [ -74.300391, 40.51826 ], [ -74.300676, 40.517578 ], [ -74.300725, 40.517369 ], [ -74.30074, 40.517175 ] ] } },
{ "type": "Feature", "properties": { "id": "23211678-643", "name": "", "class": "motorway_link", "is_priority": false }, "geometry": { "type": "LineString", "coordinates": [ [ -74.30074, 40.517175 ], [ -74.300714, 40.516523 ], [ -74.300591, 40.515759 ] ] } },
{ "type": "Feature", "properties": { "id": "23211681-644", "name": "", "class": "motorway_link", "is_priority": false }, "geometry": { "type": "LineString", "coordinates": [ [ -74.299774, 40.515661 ], [ -74.300023, 40.515695 ], [ -74.300224, 40.515758 ], [ -74.300375, 40.51586 ], [ -74.300509, 40.516026 ], [ -74.300556, 40.516165 ], [ -74.300602, 40.516529 ], [ -74.300629, 40.517112 ] ] } },
{ "type": "Feature", "properties": { "id": "23211681-645", "name": "", "class": "motorway_link", "is_priority": false }, "geometry": { "type": "LineString", "coordinates": [ [ -74.300629, 40.517112 ], [ -74.300613, 40.517246 ], [ -74.300544, 40.517333 ], [ -74.300468, 40.517372 ], [ -74.300382, 40.517389 ], [ -74.300294, 40.517387 ], [ -74.30021, 40.517358 ], [ -74.30015, 40.51731 ], [ -74.300103, 40.517216 ], [ -74.300023, 40.516735 ] ] } },
{ "type": "Feature", "properties": { "id": "23211688-646", "name": "", "class": "motorway_link", "is_priority": false }, "geometry": { "type": "LineString", "coordinates": [ [ -74.298478, 40.519207 ], [ -74.298097, 40.519161 ], [ -74.297838, 40.51908 ] ] } },
{ "type": "Feature", "properties": { "id": "23211698-647", "name": "", "class": "motorway_link", "is_priority": false }, "geometry": { "type": "LineString", "coordinates": [ [ -74.299978, 40.514731 ], [ -74.299635, 40.514728 ], [ -74.299082, 40.514753 ], [ -74.29852, 40.514806 ], [ -74.298244, 40.514863 ], [ -74.298047, 40.514924 ], [ -74.297709, 40.515084 ] ] } },
{ "type": "Feature", "properties": { "id": "23211698-648", "name": "", "class": "motorway_link", "is_priority": false }, "geometry": { "type": "LineString", "coordinates": [ [ -74.297709, 40.515084 ], [ -74.297437, 40.515283 ] ] } },
{ "type": "Feature", "properties": { "id": "23211699-649", "name": "", "class": "motorway_link", "is_priority": false }, "geometry": { "type": "LineString", "coordinates": [ [ -74.297077, 40.518896 ], [ -74.297018, 40.519083 ], [ -74.296915, 40.519244 ], [ -74.296828, 40.519338 ], [ -74.29668, 40.519449 ] ] } },
{ "type": "Feature", "properties": { "id": "23211704-650", "name": "", "class": "motorway_link", "is_priority": false }, "geometry": { "type": "LineString", "coordinates": [ [ -74.300861, 40.515954 ], [ -74.30091, 40.51654 ], [ -74.300923, 40.516955 ], [ -74.300911, 40.517284 ], [ -74.300855, 40.517752 ] ] } },
{ "type": "Feature", "properties": { "id": "23211704-651", "name": "", "class": "motorway_link", "is_priority": false }, "geometry": { "type": "LineString", "coordinates": [ [ -74.300855, 40.517752 ], [ -74.30075, 40.518267 ], [ -74.300504, 40.51909 ] ] } },
{ "type": "Feature", "properties": { "id": "23211712-652", "name": "", "class": "motorway_link", "is_priority": false }, "geometry": { "type": "LineString", "coordinates": [ [ -74.297838, 40.51908 ], [ -74.297311, 40.518833 ], [ -74.297118, 40.51878 ], [ -74.296991, 40.518763 ], [ -74.296738, 40.518764 ], [ -74.296037, 40.518856 ], [ -74.295597, 40.518894 ] ] } },
{ "type": "Feature", "properties": { "id": "23211712-653", "name": "", "class": "motorway_link", "is_priority": false }, "geometry": { "type": "LineString", "coordinates": [ [ -74.295597, 40.518894 ], [ -74.29517, 40.518899 ], [ -74.29332, 40.518745 ] ] } },
{ "type": "Feature", "properties": { "id": "23211717-654", "name": "", "class": "motorway_link", "is_priority": false }, "geometry": { "type": "LineString", "coordinates": [ [ -74.299265, 40.519967 ], [ -74.299117, 40.520109 ], [ -74.298851, 40.52027 ], [ -74.298523, 40.520376 ], [ -74.298247, 40.520414 ], [ -74.297948, 40.520408 ], [ -74.297721, 40.520366 ], [ -74.297503, 40.520293 ], [ -74.297192, 40.520137 ] ] } },
{ "type": "Feature", "properties": { "id": "23211717-655", "name": "", "class": "motorway_link", "is_priority": false }, "geometry": { "type": "LineString", "coordinates": [ [ -74.297192, 40.520137 ], [ -74.297012, 40.520021 ], [ -74.296907, 40.519989 ] ] } },
{ "type": "Feature", "properties": { "id": "23211724-656", "name": "", "class": "motorway_link", "is_priority": false }, "geometry": { "type": "LineString", "coordinates": [ [ -74.29489, 40.520443 ], [ -74.295262, 40.520357 ], [ -74.295487, 40.520323 ], [ -74.295993, 40.520295 ], [ -74.296297, 40.520313 ], [ -74.296589, 40.520351 ], [ -74.296907, 40.520428 ], [ -74.29718, 40.520523 ] ] } },
{ "type": "Feature", "properties": { "id": "23211724-657", "name": "", "class": "motorway_link", "is_priority": false }, "geometry": { "type": "LineString", "coordinates": [ [ -74.29718, 40.520523 ], [ -74.297449, 40.520645 ], [ -74.297624, 40.520751 ], [ -74.297716, 40.520831 ], [ -74.297834, 40.520977 ], [ -74.297937, 40.521212 ], [ -74.298017, 40.521659 ], [ -74.298055, 40.521779 ], [ -74.298103, 40.52188 ], [ -74.298225, 40.522037 ] ] } },
{ "type": "Feature", "properties": { "id": "23211724-658", "name": "", "class": "motorway_link", "is_priority": false }, "geometry": { "type": "LineString", "coordinates": [ [ -74.298225, 40.522037 ], [ -74.298336, 40.522136 ], [ -74.298538, 40.522256 ], [ -74.298598, 40.522283 ], [ -74.298897, 40.522352 ] ] } },
{ "type": "Feature", "properties": { "id": "23211734-659", "name": "", "class": "motorway_link", "is_priority": false }, "geometry": { "type": "LineString", "coordinates": [ [ -74.302349, 40.519101 ], [ -74.302194, 40.519025 ], [ -74.302082, 40.518946 ] ] } },
{ "type": "Feature", "properties": { "id": "23211735-660", "name": "", "class": "motorway_link", "is_priority": false }, "geometry": { "type": "LineString", "coordinates": [ [ -74.302345, 40.519138 ], [ -74.302082, 40.518946 ] ] } },
{ "type": "Feature", "properties": { "id": "23211746-661", "name": "", "class": "motorway_link", "is_priority": false }, "geometry": { "type": "LineString", "coordinates": [ [ -74.302109, 40.52113 ], [ -74.301903, 40.521002 ], [ -74.301726, 40.520859 ], [ -74.301564, 40.520685 ], [ -74.301437, 40.520497 ], [ -74.301349, 40.520292 ], [ -74.301303, 40.52007 ], [ -74.301272, 40.519535 ] ] } },
{ "type": "Feature", "properties": { "id": "23211746-662", "name": "", "class": "motorway_link", "is_priority": false }, "geometry": { "type": "LineString", "coordinates": [ [ -74.301272, 40.519535 ], [ -74.30123, 40.519132 ] ] } },
{ "type": "Feature", "properties": { "id": "23211747-663", "name": "", "class": "motorway_link", "is_priority": false }, "geometry": { "type": "LineString", "coordinates": [ [ -74.30206, 40.521432 ], [ -74.301888, 40.521384 ] ] } },
{ "type": "Feature", "properties": { "id": "23211749-664", "name": "", "class": "motorway_link", "is_priority": false }, "geometry": { "type": "LineString", "coordinates": [ [ -74.299712, 40.520256 ], [ -74.299618, 40.520586 ], [ -74.299504, 40.52075 ], [ -74.299372, 40.520875 ], [ -74.299268, 40.520947 ], [ -74.29873, 40.521228 ], [ -74.298616, 40.521305 ], [ -74.29853, 40.521386 ], [ -74.298468, 40.521475 ], [ -74.298405, 40.521658 ] ] } },
{ "type": "Feature", "properties": { "id": "23211749-665", "name": "", "class": "motorway_link", "is_priority": false }, "geometry": { "type": "LineString", "coordinates": [ [ -74.298405, 40.521658 ], [ -74.2984, 40.521776 ], [ -74.29845, 40.521936 ], [ -74.298505, 40.522026 ], [ -74.298635, 40.522146 ], [ -74.298858, 40.522266 ], [ -74.299488, 40.522482 ] ] } },
{ "type": "Feature", "properties": { "id": "23211752-666", "name": "", "class": "motorway_link", "is_priority": false }, "geometry": { "type": "LineString", "coordinates": [ [ -74.299234, 40.520619 ], [ -74.298802, 40.520753 ], [ -74.298615, 40.520835 ], [ -74.29841, 40.520983 ], [ -74.298289, 40.52112 ], [ -74.298184, 40.521317 ], [ -74.29815, 40.521533 ], [ -74.298159, 40.521642 ], [ -74.298199, 40.521788 ], [ -74.298312, 40.521979 ] ] } },
{ "type": "Feature", "properties": { "id": "23211752-667", "name": "", "class": "motorway_link", "is_priority": false }, "geometry": { "type": "LineString", "coordinates": [ [ -74.298312, 40.521979 ], [ -74.298461, 40.52213 ], [ -74.298723, 40.522286 ], [ -74.299094, 40.522407 ], [ -74.299488, 40.522482 ] ] } },
{ "type": "Feature", "properties": { "id": "23211799-668", "name": "", "class": "motorway_link", "is_priority": false }, "geometry": { "type": "LineString", "coordinates": [ [ -74.301898, 40.534241 ], [ -74.301663, 40.533961 ], [ -74.301597, 40.533856 ], [ -74.301544, 40.5337 ], [ -74.301546, 40.533548 ], [ -74.301613, 40.533401 ], [ -74.301763, 40.533273 ], [ -74.301939, 40.533208 ], [ -74.302058, 40.533193 ], [ -74.302184, 40.533196 ] ] } },
{ "type": "Feature", "properties": { "id": "23211804-669", "name": "", "class": "motorway_link", "is_priority": false }, "geometry": { "type": "LineString", "coordinates": [ [ -74.298535, 40.525627 ], [ -74.298149, 40.526145 ], [ -74.297988, 40.526232 ], [ -74.297811, 40.526262 ], [ -74.297668, 40.526246 ], [ -74.297534, 40.526196 ], [ -74.297429, 40.526119 ], [ -74.297358, 40.526027 ], [ -74.297326, 40.525925 ], [ -74.297337, 40.525811 ], [ -74.297394, 40.525703 ], [ -74.297508, 40.525601 ] ] } },
{ "type": "Feature", "properties": { "id": "23211804-670", "name": "", "class": "motorway_link", "is_priority": false }, "geometry": { "type": "LineString", "coordinates": [ [ -74.297508, 40.525601 ], [ -74.29773, 40.525425 ], [ -74.297827, 40.525303 ], [ -74.298118, 40.524612 ] ] } },
{ "type": "Feature", "properties": { "id": "23211808-671", "name": "", "class": "motorway_link", "is_priority": false }, "geometry": { "type": "LineString", "coordinates": [ [ -74.299108, 40.528239 ], [ -74.299312, 40.527195 ] ] } },
{ "type": "Feature", "properties": { "id": "23211817-672", "name": "", "class": "motorway_link", "is_priority": false }, "geometry": { "type": "LineString", "coordinates": [ [ -74.297606, 40.528604 ], [ -74.297613, 40.52968 ], [ -74.29767, 40.530227 ] ] } },
{ "type": "Feature", "properties": { "id": "23211852-673", "name": "", "class": "motorway_link", "is_priority": false }, "geometry": { "type": "LineString", "coordinates": [ [ -74.299819, 40.539745 ], [ -74.299463, 40.539782 ] ] } },
{ "type": "Feature", "properties": { "id": "23211867-674", "name": "", "class": "motorway_link", "is_priority": false }, "geometry": { "type": "LineString", "coordinates": [ [ -74.288325, 40.542617 ], [ -74.288022, 40.542999 ], [ -74.287228, 40.544081 ] ] } },
{ "type": "Feature", "properties": { "id": "23211894-675", "name": "", "class": "motorway_link", "is_priority": false }, "geometry": { "type": "LineString", "coordinates": [ [ -74.281326, 40.547545 ], [ -74.283454, 40.546764 ] ] } },
{ "type": "Feature", "properties": { "id": "23211894-676", "name": "", "class": "motorway_link", "is_priority": false }, "geometry": { "type": "LineString", "coordinates": [ [ -74.283454, 40.546764 ], [ -74.284178, 40.546515 ], [ -74.284742, 40.54635 ], [ -74.285198, 40.546276 ], [ -74.285694, 40.546262 ] ] } },
{ "type": "Feature", "properties": { "id": "23211894-677", "name": "", "class": "motorway_link", "is_priority": false }, "geometry": { "type": "LineString", "coordinates": [ [ -74.285694, 40.546262 ], [ -74.286386, 40.546307 ], [ -74.286568, 40.546305 ], [ -74.286944, 40.546242 ], [ -74.287123, 40.546185 ], [ -74.287426, 40.54603 ], [ -74.287679, 40.545822 ], [ -74.287765, 40.545712 ] ] } },
{ "type": "Feature", "properties": { "id": "23211894-678", "name": "", "class": "motorway_link", "is_priority": false }, "geometry": { "type": "LineString", "coordinates": [ [ -74.287765, 40.545712 ], [ -74.287909, 40.545431 ], [ -74.287939, 40.545284 ] ] } },
{ "type": "Feature", "properties": { "id": "23211896-679", "name": "", "class": "motorway_link", "is_priority": false }, "geometry": { "type": "LineString", "coordinates": [ [ -74.300525, 40.53488 ], [ -74.300082, 40.534845 ], [ -74.299876, 40.534802 ], [ -74.299755, 40.534751 ], [ -74.299657, 40.534679 ], [ -74.29959, 40.53461 ], [ -74.299542, 40.534531 ], [ -74.299521, 40.534406 ], [ -74.299537, 40.534321 ], [ -74.299599, 40.534202 ], [ -74.299668, 40.534129 ], [ -74.299804, 40.534045 ], [ -74.299943, 40.533994 ], [ -74.300061, 40.533979 ], [ -74.300244, 40.534004 ] ] } },
{ "type": "Feature", "properties": { "id": "23211896-680", "name": "", "class": "motorway_link", "is_priority": false }, "geometry": { "type": "LineString", "coordinates": [ [ -74.300244, 40.534004 ], [ -74.300424, 40.534079 ], [ -74.301016, 40.534452 ] ] } },
{ "type": "Feature", "properties": { "id": "23211898-681", "name": "", "class": "motorway_link", "is_priority": false }, "geometry": { "type": "LineString", "coordinates": [ [ -74.299959, 40.535016 ], [ -74.300284, 40.535064 ], [ -74.30084, 40.535102 ], [ -74.301134, 40.535145 ] ] } },
{ "type": "Feature", "properties": { "id": "23211904-682", "name": "", "class": "motorway_link", "is_priority": false }, "geometry": { "type": "LineString", "coordinates": [ [ -74.29815, 40.54231 ], [ -74.297445, 40.542359 ], [ -74.297085, 40.542331 ], [ -74.296742, 40.542245 ], [ -74.296479, 40.542107 ], [ -74.296369, 40.542011 ], [ -74.296286, 40.541899 ], [ -74.296219, 40.541778 ], [ -74.296197, 40.541702 ] ] } },
{ "type": "Feature", "properties": { "id": "23211904-683", "name": "", "class": "motorway_link", "is_priority": false }, "geometry": { "type": "LineString", "coordinates": [ [ -74.296197, 40.541702 ], [ -74.296176, 40.541511 ], [ -74.296203, 40.541375 ], [ -74.296273, 40.541238 ], [ -74.296388, 40.541124 ], [ -74.296533, 40.54103 ], [ -74.296715, 40.540949 ], [ -74.296919, 40.540882 ], [ -74.297144, 40.540833 ], [ -74.297344, 40.540816 ] ] } },
{ "type": "Feature", "properties": { "id": "23211905-684", "name": "", "class": "motorway_link", "is_priority": false }, "geometry": { "type": "LineString", "coordinates": [ [ -74.297469, 40.54203 ], [ -74.29717, 40.542024 ], [ -74.296916, 40.542048 ] ] } },
{ "type": "Feature", "properties": { "id": "23211906-685", "name": "", "class": "motorway_link", "is_priority": false }, "geometry": { "type": "LineString", "coordinates": [ [ -74.297664, 40.53997 ], [ -74.296712, 40.540205 ], [ -74.295932, 40.540488 ], [ -74.295496, 40.540671 ] ] } },
{ "type": "Feature", "properties": { "id": "23211906-686", "name": "", "class": "motorway_link", "is_priority": false }, "geometry": { "type": "LineString", "coordinates": [ [ -74.295496, 40.540671 ], [ -74.295183, 40.540832 ], [ -74.294996, 40.540955 ], [ -74.294628, 40.541248 ] ] } },
{ "type": "Feature", "properties": { "id": "23211913-687", "name": "", "class": "motorway_link", "is_priority": false }, "geometry": { "type": "LineString", "coordinates": [ [ -74.294631, 40.54327 ], [ -74.294932, 40.543299 ], [ -74.295294, 40.54326 ], [ -74.296905, 40.542867 ] ] } },
{ "type": "Feature", "properties": { "id": "23211913-688", "name": "", "class": "motorway_link", "is_priority": false }, "geometry": { "type": "LineString", "coordinates": [ [ -74.296905, 40.542867 ], [ -74.297558, 40.542754 ] ] } },
{ "type": "Feature", "properties": { "id": "23211944-689", "name": "", "class": "motorway_link", "is_priority": false }, "geometry": { "type": "LineString", "coordinates": [ [ -74.289284, 40.524999 ], [ -74.289803, 40.524483 ], [ -74.29065, 40.523531 ] ] } },
{ "type": "Feature", "properties": { "id": "23211944-690", "name": "", "class": "motorway_link", "is_priority": false }, "geometry": { "type": "LineString", "coordinates": [ [ -74.29065, 40.523531 ], [ -74.291037, 40.523128 ] ] } },
{ "type": "Feature", "properties": { "id": "23211997-691", "name": "", "class": "motorway_link", "is_priority": false }, "geometry": { "type": "LineString", "coordinates": [ [ -74.29016, 40.521811 ], [ -74.290228, 40.521694 ], [ -74.290348, 40.521565 ], [ -74.290432, 40.521516 ], [ -74.290529, 40.521486 ], [ -74.29063, 40.521478 ], [ -74.290785, 40.521499 ], [ -74.290937, 40.521559 ], [ -74.291052, 40.521638 ], [ -74.2911, 40.521701 ], [ -74.291132, 40.521784 ], [ -74.291107, 40.521949 ], [ -74.290748, 40.52246 ] ] } },
{ "type": "Feature", "properties": { "id": "23211997-692", "name": "", "class": "motorway_link", "is_priority": false }, "geometry": { "type": "LineString", "coordinates": [ [ -74.290748, 40.52246 ], [ -74.289603, 40.524035 ] ] } },
{ "type": "Feature", "properties": { "id": "23211997-693", "name": "", "class": "motorway_link", "is_priority": false }, "geometry": { "type": "LineString", "coordinates": [ [ -74.289603, 40.524035 ], [ -74.289114, 40.524803 ] ] } },
{ "type": "Feature", "properties": { "id": "23211999-694", "name": "", "class": "motorway_link", "is_priority": false }, "geometry": { "type": "LineString", "coordinates": [ [ -74.290214, 40.521307 ], [ -74.290792, 40.521445 ], [ -74.290908, 40.521492 ], [ -74.290994, 40.521546 ], [ -74.291058, 40.521612 ], [ -74.291122, 40.521742 ] ] } },
{ "type": "Feature", "properties": { "id": "23212121-695", "name": "Exit to GSP and US Route 9", "class": "motorway_link", "is_priority": false }, "geometry": { "type": "LineString", "coordinates": [ [ -74.279266, 40.548298 ], [ -74.280746, 40.547609 ] ] } },
{ "type": "Feature", "properties": { "id": "23226333-696", "name": "", "class": "motorway_link", "is_priority": false }, "geometry": { "type": "LineString", "coordinates": [ [ -74.298521, 40.534737 ], [ -74.298373, 40.534613 ], [ -74.298352, 40.534547 ], [ -74.298353, 40.534389 ], [ -74.298333, 40.534287 ], [ -74.298289, 40.534196 ], [ -74.298211, 40.534097 ], [ -74.298121, 40.534023 ], [ -74.298011, 40.533963 ], [ -74.297631, 40.533844 ], [ -74.297534, 40.533755 ], [ -74.297511, 40.533685 ], [ -74.297481, 40.533352 ] ] } },
{ "type": "Feature", "properties": { "id": "23529091-697", "name": "Route 440 Connector", "class": "secondary", "is_priority": false }, "geometry": { "type": "LineString", "coordinates": [ [ -74.279378, 40.513751 ], [ -74.27925, 40.513891 ], [ -74.27919, 40.514057 ], [ -74.279188, 40.514222 ], [ -74.279243, 40.514388 ], [ -74.279354, 40.514529 ], [ -74.280158, 40.515262 ] ] } },
{ "type": "Feature", "properties": { "id": "23529091-698", "name": "Route 440 Connector", "class": "secondary", "is_priority": false }, "geometry": { "type": "LineString", "coordinates": [ [ -74.280158, 40.515262 ], [ -74.280392, 40.515433 ], [ -74.280617, 40.515562 ], [ -74.281402, 40.515975 ], [ -74.282075, 40.516307 ] ] } },
{ "type": "Feature", "properties": { "id": "23529091-699", "name": "Route 440 Connector", "class": "secondary", "is_priority": false }, "geometry": { "type": "LineString", "coordinates": [ [ -74.282075, 40.516307 ], [ -74.282972, 40.516737 ], [ -74.284101, 40.517232 ] ] } },
{ "type": "Feature", "properties": { "id": "23529091-700", "name": "Route 440 Connector", "class": "secondary", "is_priority": false }, "geometry": { "type": "LineString", "coordinates": [ [ -74.284101, 40.517232 ], [ -74.284846, 40.517543 ], [ -74.28524, 40.517685 ], [ -74.285744, 40.51783 ], [ -74.286262, 40.517937 ] ] } },
{ "type": "Feature", "properties": { "id": "23529091-701", "name": "Route 440 Connector", "class": "secondary", "is_priority": false }, "geometry": { "type": "LineString", "coordinates": [ [ -74.286262, 40.517937 ], [ -74.28691, 40.518018 ], [ -74.287481, 40.518043 ], [ -74.288052, 40.518026 ], [ -74.288606, 40.517967 ] ] } },
{ "type": "Feature", "properties": { "id": "23529091-702", "name": "Route 440 Connector", "class": "secondary", "is_priority": false }, "geometry": { "type": "LineString", "coordinates": [ [ -74.288606, 40.517967 ], [ -74.288906, 40.517914 ], [ -74.289198, 40.517832 ] ] } },
{ "type": "Feature", "properties": { "id": "26378693-703", "name": "", "class": "motorway_link", "is_priority": false }, "geometry": { "type": "LineString", "coordinates": [ [ -74.299456, 40.535665 ], [ -74.299677, 40.535567 ], [ -74.300166, 40.535305 ], [ -74.300363, 40.53522 ], [ -74.300518, 40.535175 ], [ -74.300669, 40.535152 ], [ -74.301134, 40.535145 ] ] } },
{ "type": "Feature", "properties": { "id": "27828703-704", "name": "", "class": "primary", "is_priority": true }, "geometry": { "type": "LineString", "coordinates": [ [ -74.28703, 40.513898 ], [ -74.287472, 40.513275 ] ] } },
{ "type": "Feature", "properties": { "id": "28885391-705", "name": "Mutton Hollow Road", "class": "tertiary", "is_priority": false }, "geometry": { "type": "LineString", "coordinates": [ [ -74.294154, 40.544704 ], [ -74.293561, 40.544606 ], [ -74.293299, 40.544605 ], [ -74.293145, 40.544627 ] ] } },
{ "type": "Feature", "properties": { "id": "28891138-706", "name": "Amboy Avenue", "class": "secondary", "is_priority": false }, "geometry": { "type": "LineString", "coordinates": [ [ -74.277259, 40.544997 ], [ -74.277733, 40.545865 ], [ -74.278092, 40.546682 ] ] } },
{ "type": "Feature", "properties": { "id": "28891138-707", "name": "Amboy Avenue", "class": "secondary", "is_priority": false }, "geometry": { "type": "LineString", "coordinates": [ [ -74.278092, 40.546682 ], [ -74.278543, 40.547736 ] ] } },
{ "type": "Feature", "properties": { "id": "28891180-708", "name": "Market Street", "class": "residential", "is_priority": false }, "geometry": { "type": "LineString", "coordinates": [ [ -74.284872, 40.511561 ], [ -74.286006, 40.511876 ] ] } },
{ "type": "Feature", "properties": { "id": "28891181-709", "name": "Herbert Street", "class": "residential", "is_priority": false }, "geometry": { "type": "LineString", "coordinates": [ [ -74.284279, 40.513145 ], [ -74.283485, 40.514841 ] ] } },
{ "type": "Feature", "properties": { "id": "28891181-710", "name": "Herbert Street", "class": "residential", "is_priority": false }, "geometry": { "type": "LineString", "coordinates": [ [ -74.283485, 40.514841 ], [ -74.283472, 40.514869 ] ] } },
{ "type": "Feature", "properties": { "id": "28891182-711", "name": "Herbert Street", "class": "tertiary", "is_priority": false }, "geometry": { "type": "LineString", "coordinates": [ [ -74.284872, 40.511561 ], [ -74.284279, 40.513145 ] ] } },
{ "type": "Feature", "properties": { "id": "28891186-712", "name": "Market Street", "class": "tertiary", "is_priority": false }, "geometry": { "type": "LineString", "coordinates": [ [ -74.268561, 40.507025 ], [ -74.270778, 40.507641 ] ] } },
{ "type": "Feature", "properties": { "id": "28891186-713", "name": "Market Street", "class": "tertiary", "is_priority": false }, "geometry": { "type": "LineString", "coordinates": [ [ -74.270778, 40.507641 ], [ -74.272996, 40.508258 ] ] } },
{ "type": "Feature", "properties": { "id": "28891186-714", "name": "Market Street", "class": "tertiary", "is_priority": false }, "geometry": { "type": "LineString", "coordinates": [ [ -74.272996, 40.508258 ], [ -74.273924, 40.508516 ] ] } },
{ "type": "Feature", "properties": { "id": "28891420-715", "name": "State Street", "class": "tertiary", "is_priority": false }, "geometry": { "type": "LineString", "coordinates": [ [ -74.264655, 40.528909 ], [ -74.264755, 40.528759 ] ] } },
{ "type": "Feature", "properties": { "id": "28891428-716", "name": "Smith Street", "class": "tertiary", "is_priority": false }, "geometry": { "type": "LineString", "coordinates": [ [ -74.264105, 40.507517 ], [ -74.263264, 40.507281 ] ] } },
{ "type": "Feature", "properties": { "id": "28891438-717", "name": "Front Street", "class": "residential", "is_priority": false }, "geometry": { "type": "LineString", "coordinates": [ [ -74.262251, 40.506994 ], [ -74.261428, 40.508683 ] ] } },
{ "type": "Feature", "properties": { "id": "28891438-718", "name": "Front Street", "class": "residential", "is_priority": false }, "geometry": { "type": "LineString", "coordinates": [ [ -74.261428, 40.508683 ], [ -74.26142, 40.508699 ] ] } },
{ "type": "Feature", "properties": { "id": "28891448-719", "name": "Fayette Street", "class": "tertiary", "is_priority": false }, "geometry": { "type": "LineString", "coordinates": [ [ -74.268627, 40.510745 ], [ -74.270835, 40.511383 ] ] } },
{ "type": "Feature", "properties": { "id": "28891448-720", "name": "Fayette Street", "class": "tertiary", "is_priority": false }, "geometry": { "type": "LineString", "coordinates": [ [ -74.270835, 40.511383 ], [ -74.272369, 40.511817 ] ] } },
{ "type": "Feature", "properties": { "id": "31790509-721", "name": "", "class": "primary", "is_priority": true }, "geometry": { "type": "LineString", "coordinates": [ [ -74.287343, 40.513219 ], [ -74.28689, 40.513858 ] ] } },
{ "type": "Feature", "properties": { "id": "31790546-722", "name": "", "class": "motorway", "is_priority": true }, "geometry": { "type": "LineString", "coordinates": [ [ -74.301807, 40.519337 ], [ -74.301189, 40.51927 ], [ -74.300532, 40.519226 ], [ -74.299991, 40.519215 ], [ -74.299456, 40.519226 ] ] } },
{ "type": "Feature", "properties": { "id": "31790546-723", "name": "", "class": "motorway", "is_priority": true }, "geometry": { "type": "LineString", "coordinates": [ [ -74.299456, 40.519226 ], [ -74.299166, 40.519244 ] ] } },
{ "type": "Feature", "properties": { "id": "31790547-724", "name": "", "class": "motorway", "is_priority": true }, "geometry": { "type": "LineString", "coordinates": [ [ -74.298398, 40.519313 ], [ -74.297527, 40.519451 ], [ -74.296751, 40.519628 ] ] } },
{ "type": "Feature", "properties": { "id": "31790671-725", "name": "", "class": "motorway_link", "is_priority": false }, "geometry": { "type": "LineString", "coordinates": [ [ -74.300388, 40.519437 ], [ -74.300325, 40.519802 ], [ -74.300037, 40.520623 ] ] } },
{ "type": "Feature", "properties": { "id": "31790681-726", "name": "", "class": "motorway_link", "is_priority": false }, "geometry": { "type": "LineString", "coordinates": [ [ -74.300037, 40.520623 ], [ -74.299885, 40.521165 ], [ -74.299831, 40.521447 ], [ -74.29977, 40.521954 ], [ -74.29968, 40.522402 ] ] } },
{ "type": "Feature", "properties": { "id": "31790681-727", "name": "", "class": "motorway_link", "is_priority": false }, "geometry": { "type": "LineString", "coordinates": [ [ -74.29968, 40.522402 ], [ -74.299526, 40.523024 ], [ -74.299463, 40.52323 ], [ -74.299342, 40.523514 ] ] } },
{ "type": "Feature", "properties": { "id": "31790688-728", "name": "", "class": "motorway_link", "is_priority": false }, "geometry": { "type": "LineString", "coordinates": [ [ -74.299234, 40.520619 ], [ -74.298876, 40.520675 ], [ -74.298604, 40.520694 ], [ -74.298423, 40.520689 ], [ -74.298119, 40.520647 ], [ -74.297823, 40.520564 ], [ -74.297649, 40.520496 ], [ -74.29731, 40.520311 ], [ -74.297082, 40.520158 ] ] } },
{ "type": "Feature", "properties": { "id": "31790688-729", "name": "", "class": "motorway_link", "is_priority": false }, "geometry": { "type": "LineString", "coordinates": [ [ -74.297082, 40.520158 ], [ -74.296965, 40.520067 ], [ -74.296907, 40.519989 ] ] } },
{ "type": "Feature", "properties": { "id": "31790721-730", "name": "", "class": "motorway_link", "is_priority": false }, "geometry": { "type": "LineString", "coordinates": [ [ -74.299488, 40.522482 ], [ -74.301029, 40.522841 ] ] } },
{ "type": "Feature", "properties": { "id": "31790798-731", "name": "", "class": "motorway_link", "is_priority": false }, "geometry": { "type": "LineString", "coordinates": [ [ -74.300783, 40.523094 ], [ -74.301227, 40.522314 ], [ -74.30141, 40.52209 ], [ -74.301567, 40.521951 ], [ -74.301681, 40.521873 ], [ -74.301863, 40.521788 ], [ -74.302014, 40.521743 ] ] } },
{ "type": "Feature", "properties": { "id": "31790809-732", "name": "", "class": "motorway_link", "is_priority": false }, "geometry": { "type": "LineString", "coordinates": [ [ -74.302058, 40.521446 ], [ -74.30182, 40.521358 ], [ -74.301567, 40.521243 ], [ -74.301333, 40.521098 ], [ -74.301138, 40.520937 ], [ -74.300888, 40.520653 ], [ -74.300659, 40.520328 ], [ -74.300546, 40.520132 ] ] } },
{ "type": "Feature", "properties": { "id": "31790809-733", "name": "", "class": "motorway_link", "is_priority": false }, "geometry": { "type": "LineString", "coordinates": [ [ -74.300546, 40.520132 ], [ -74.300433, 40.519936 ], [ -74.300281, 40.519602 ], [ -74.300144, 40.519233 ], [ -74.300081, 40.518965 ], [ -74.299997, 40.518391 ] ] } },
{ "type": "Feature", "properties": { "id": "31790809-734", "name": "", "class": "motorway_link", "is_priority": false }, "geometry": { "type": "LineString", "coordinates": [ [ -74.299997, 40.518391 ], [ -74.299922, 40.517628 ], [ -74.299996, 40.517245 ] ] } },
{ "type": "Feature", "properties": { "id": "31790818-735", "name": "Garden State Parkway", "class": "motorway", "is_priority": true }, "geometry": { "type": "LineString", "coordinates": [ [ -74.298607, 40.526181 ], [ -74.298321, 40.526941 ], [ -74.298168, 40.527472 ], [ -74.298063, 40.527932 ] ] } },
{ "type": "Feature", "properties": { "id": "31790818-736", "name": "Garden State Parkway", "class": "motorway", "is_priority": true }, "geometry": { "type": "LineString", "coordinates": [ [ -74.298063, 40.527932 ], [ -74.297995, 40.528401 ], [ -74.297973, 40.528796 ], [ -74.297984, 40.529343 ], [ -74.298028, 40.529729 ] ] } },
{ "type": "Feature", "properties": { "id": "31790819-737", "name": "Garden State Parkway", "class": "motorway", "is_priority": true }, "geometry": { "type": "LineString", "coordinates": [ [ -74.300884, 40.519801 ], [ -74.300738, 40.520692 ] ] } },
{ "type": "Feature", "properties": { "id": "31790828-738", "name": "Garden State Parkway", "class": "motorway", "is_priority": true }, "geometry": { "type": "LineString", "coordinates": [ [ -74.301106, 40.520165 ], [ -74.30123, 40.519132 ] ] } },
{ "type": "Feature", "properties": { "id": "31790831-739", "name": "Garden State Parkway", "class": "motorway", "is_priority": true }, "geometry": { "type": "LineString", "coordinates": [ [ -74.300978, 40.520997 ], [ -74.301106, 40.520165 ] ] } },
{ "type": "Feature", "properties": { "id": "31790834-740", "name": "", "class": "motorway", "is_priority": true }, "geometry": { "type": "LineString", "coordinates": [ [ -74.300275, 40.51893 ], [ -74.30012, 40.518432 ], [ -74.300049, 40.518031 ], [ -74.299999, 40.517476 ], [ -74.3, 40.517148 ] ] } },
{ "type": "Feature", "properties": { "id": "31790834-741", "name": "", "class": "motorway", "is_priority": true }, "geometry": { "type": "LineString", "coordinates": [ [ -74.3, 40.517148 ], [ -74.300023, 40.516735 ] ] } },
{ "type": "Feature", "properties": { "id": "31790837-742", "name": "", "class": "motorway", "is_priority": true }, "geometry": { "type": "LineString", "coordinates": [ [ -74.301314, 40.521375 ], [ -74.301293, 40.521058 ], [ -74.301232, 40.520785 ] ] } },
{ "type": "Feature", "properties": { "id": "31790845-743", "name": "", "class": "motorway", "is_priority": true }, "geometry": { "type": "LineString", "coordinates": [ [ -74.299834, 40.516072 ], [ -74.29981, 40.517231 ], [ -74.299836, 40.517873 ] ] } },
{ "type": "Feature", "properties": { "id": "31790845-744", "name": "", "class": "motorway", "is_priority": true }, "geometry": { "type": "LineString", "coordinates": [ [ -74.299836, 40.517873 ], [ -74.299908, 40.518705 ], [ -74.299996, 40.519275 ], [ -74.300082, 40.519663 ] ] } },
{ "type": "Feature", "properties": { "id": "31790845-745", "name": "", "class": "motorway", "is_priority": true }, "geometry": { "type": "LineString", "coordinates": [ [ -74.300082, 40.519663 ], [ -74.300179, 40.520098 ], [ -74.300256, 40.520568 ], [ -74.300262, 40.521008 ], [ -74.300207, 40.521452 ] ] } },
{ "type": "Feature", "properties": { "id": "31790845-746", "name": "", "class": "motorway", "is_priority": true }, "geometry": { "type": "LineString", "coordinates": [ [ -74.300207, 40.521452 ], [ -74.30004, 40.522072 ], [ -74.299606, 40.523193 ] ] } },
{ "type": "Feature", "properties": { "id": "31790845-747", "name": "", "class": "motorway", "is_priority": true }, "geometry": { "type": "LineString", "coordinates": [ [ -74.299606, 40.523193 ], [ -74.299268, 40.523994 ], [ -74.299066, 40.524366 ] ] } },
{ "type": "Feature", "properties": { "id": "31790853-748", "name": "", "class": "motorway_link", "is_priority": false }, "geometry": { "type": "LineString", "coordinates": [ [ -74.299542, 40.518195 ], [ -74.299709, 40.518472 ], [ -74.299996, 40.519275 ] ] } },
{ "type": "Feature", "properties": { "id": "31790854-749", "name": "", "class": "motorway_link", "is_priority": false }, "geometry": { "type": "LineString", "coordinates": [ [ -74.299207, 40.517901 ], [ -74.2994, 40.518048 ], [ -74.299542, 40.518195 ] ] } },
{ "type": "Feature", "properties": { "id": "31790865-750", "name": "Garden State Parkway", "class": "motorway", "is_priority": true }, "geometry": { "type": "LineString", "coordinates": [ [ -74.301363, 40.515899 ], [ -74.301204, 40.514102 ] ] } },
{ "type": "Feature", "properties": { "id": "31790865-751", "name": "Garden State Parkway", "class": "motorway", "is_priority": true }, "geometry": { "type": "LineString", "coordinates": [ [ -74.301204, 40.514102 ], [ -74.301162, 40.513095 ], [ -74.301164, 40.512301 ] ] } },
{ "type": "Feature", "properties": { "id": "31790865-752", "name": "Garden State Parkway", "class": "motorway", "is_priority": true }, "geometry": { "type": "LineString", "coordinates": [ [ -74.301164, 40.512301 ], [ -74.301262, 40.510501 ] ] } },
{ "type": "Feature", "properties": { "id": "31790865-753", "name": "Garden State Parkway", "class": "motorway", "is_priority": true }, "geometry": { "type": "LineString", "coordinates": [ [ -74.301262, 40.510501 ], [ -74.301377, 40.508701 ] ] } },
{ "type": "Feature", "properties": { "id": "31790865-754", "name": "Garden State Parkway", "class": "motorway", "is_priority": true }, "geometry": { "type": "LineString", "coordinates": [ [ -74.301377, 40.508701 ], [ -74.301491, 40.506902 ] ] } },
{ "type": "Feature", "properties": { "id": "31790865-755", "name": "Garden State Parkway", "class": "motorway", "is_priority": true }, "geometry": { "type": "LineString", "coordinates": [ [ -74.301491, 40.506902 ], [ -74.301606, 40.505102 ] ] } },
{ "type": "Feature", "properties": { "id": "31790865-756", "name": "Garden State Parkway", "class": "motorway", "is_priority": true }, "geometry": { "type": "LineString", "coordinates": [ [ -74.301606, 40.505102 ], [ -74.301701, 40.503602 ] ] } },
{ "type": "Feature", "properties": { "id": "31790868-757", "name": "Garden State Parkway", "class": "motorway", "is_priority": true }, "geometry": { "type": "LineString", "coordinates": [ [ -74.301701, 40.503602 ], [ -74.301737, 40.503102 ] ] } },
{ "type": "Feature", "properties": { "id": "31790875-758", "name": "Garden State Parkway", "class": "motorway_link", "is_priority": false }, "geometry": { "type": "LineString", "coordinates": [ [ -74.301176, 40.503738 ], [ -74.301061, 40.505538 ] ] } },
{ "type": "Feature", "properties": { "id": "31790875-759", "name": "Garden State Parkway", "class": "motorway_link", "is_priority": false }, "geometry": { "type": "LineString", "coordinates": [ [ -74.301061, 40.505538 ], [ -74.300947, 40.507337 ] ] } },
{ "type": "Feature", "properties": { "id": "31790875-760", "name": "Garden State Parkway", "class": "motorway_link", "is_priority": false }, "geometry": { "type": "LineString", "coordinates": [ [ -74.300947, 40.507337 ], [ -74.300832, 40.509137 ] ] } },
{ "type": "Feature", "properties": { "id": "31790875-761", "name": "Garden State Parkway", "class": "motorway_link", "is_priority": false }, "geometry": { "type": "LineString", "coordinates": [ [ -74.300832, 40.509137 ], [ -74.300717, 40.510936 ] ] } },
{ "type": "Feature", "properties": { "id": "31790875-762", "name": "Garden State Parkway", "class": "motorway_link", "is_priority": false }, "geometry": { "type": "LineString", "coordinates": [ [ -74.300717, 40.510936 ], [ -74.30065, 40.512006 ], [ -74.300625, 40.512737 ] ] } },
{ "type": "Feature", "properties": { "id": "31790875-763", "name": "Garden State Parkway", "class": "motorway_link", "is_priority": false }, "geometry": { "type": "LineString", "coordinates": [ [ -74.300625, 40.512737 ], [ -74.300633, 40.513544 ], [ -74.30069, 40.514537 ] ] } },
{ "type": "Feature", "properties": { "id": "31790875-764", "name": "Garden State Parkway", "class": "motorway_link", "is_priority": false }, "geometry": { "type": "LineString", "coordinates": [ [ -74.30069, 40.514537 ], [ -74.300742, 40.515086 ], [ -74.300839, 40.515786 ] ] } },
{ "type": "Feature", "properties": { "id": "31790881-765", "name": "", "class": "motorway", "is_priority": true }, "geometry": { "type": "LineString", "coordinates": [ [ -74.300069, 40.515984 ], [ -74.300183, 40.514184 ] ] } },
{ "type": "Feature", "properties": { "id": "31790881-766", "name": "", "class": "motorway", "is_priority": true }, "geometry": { "type": "LineString", "coordinates": [ [ -74.300183, 40.514184 ], [ -74.300218, 40.51364 ] ] } },
{ "type": "Feature", "properties": { "id": "31790882-767", "name": "", "class": "motorway", "is_priority": true }, "geometry": { "type": "LineString", "coordinates": [ [ -74.300858, 40.503642 ], [ -74.300907, 40.502748 ], [ -74.300899, 40.502203 ] ] } },
{ "type": "Feature", "properties": { "id": "31790882-768", "name": "", "class": "motorway", "is_priority": true }, "geometry": { "type": "LineString", "coordinates": [ [ -74.300655, 40.500737 ], [ -74.300469, 40.500149 ] ] } },
{ "type": "Feature", "properties": { "id": "31790884-769", "name": "", "class": "motorway", "is_priority": true }, "geometry": { "type": "LineString", "coordinates": [ [ -74.300629, 40.503634 ], [ -74.300515, 40.505434 ] ] } },
{ "type": "Feature", "properties": { "id": "31790884-770", "name": "", "class": "motorway", "is_priority": true }, "geometry": { "type": "LineString", "coordinates": [ [ -74.300515, 40.505434 ], [ -74.3004, 40.507233 ] ] } },
{ "type": "Feature", "properties": { "id": "31790884-771", "name": "", "class": "motorway", "is_priority": true }, "geometry": { "type": "LineString", "coordinates": [ [ -74.3004, 40.507233 ], [ -74.300285, 40.509033 ] ] } },
{ "type": "Feature", "properties": { "id": "31790884-772", "name": "", "class": "motorway", "is_priority": true }, "geometry": { "type": "LineString", "coordinates": [ [ -74.300285, 40.509033 ], [ -74.300171, 40.510832 ] ] } },
{ "type": "Feature", "properties": { "id": "31790884-773", "name": "", "class": "motorway", "is_priority": true }, "geometry": { "type": "LineString", "coordinates": [ [ -74.300171, 40.510832 ], [ -74.300056, 40.512632 ] ] } },
{ "type": "Feature", "properties": { "id": "31790884-774", "name": "", "class": "motorway", "is_priority": true }, "geometry": { "type": "LineString", "coordinates": [ [ -74.300056, 40.512632 ], [ -74.299942, 40.514432 ] ] } },
{ "type": "Feature", "properties": { "id": "31790884-775", "name": "", "class": "motorway", "is_priority": true }, "geometry": { "type": "LineString", "coordinates": [ [ -74.299942, 40.514432 ], [ -74.299844, 40.515971 ] ] } },
{ "type": "Feature", "properties": { "id": "31790886-776", "name": "", "class": "motorway_link", "is_priority": false }, "geometry": { "type": "LineString", "coordinates": [ [ -74.299834, 40.516072 ], [ -74.299747, 40.516468 ], [ -74.299488, 40.517406 ], [ -74.299433, 40.517845 ] ] } },
{ "type": "Feature", "properties": { "id": "31790886-777", "name": "", "class": "motorway_link", "is_priority": false }, "geometry": { "type": "LineString", "coordinates": [ [ -74.299433, 40.517845 ], [ -74.299426, 40.518035 ] ] } },
{ "type": "Feature", "properties": { "id": "31790901-778", "name": "", "class": "motorway_link", "is_priority": false }, "geometry": { "type": "LineString", "coordinates": [ [ -74.300591, 40.515759 ], [ -74.300532, 40.51553 ] ] } },
{ "type": "Feature", "properties": { "id": "31790902-779", "name": "", "class": "motorway_link", "is_priority": false }, "geometry": { "type": "LineString", "coordinates": [ [ -74.300532, 40.51553 ], [ -74.300418, 40.515332 ], [ -74.300221, 40.51515 ], [ -74.299992, 40.515024 ], [ -74.299763, 40.514954 ], [ -74.299519, 40.514924 ], [ -74.299189, 40.51495 ], [ -74.299039, 40.514987 ], [ -74.298588, 40.515147 ] ] } },
{ "type": "Feature", "properties": { "id": "31790902-780", "name": "", "class": "motorway_link", "is_priority": false }, "geometry": { "type": "LineString", "coordinates": [ [ -74.298588, 40.515147 ], [ -74.298408, 40.515206 ] ] } },
{ "type": "Feature", "properties": { "id": "31790934-781", "name": "", "class": "motorway_link", "is_priority": false }, "geometry": { "type": "LineString", "coordinates": [ [ -74.297531, 40.51575 ], [ -74.297631, 40.515853 ], [ -74.297668, 40.515973 ], [ -74.297651, 40.516722 ], [ -74.297657, 40.516831 ], [ -74.297688, 40.516944 ], [ -74.297771, 40.517097 ], [ -74.297853, 40.517197 ], [ -74.297961, 40.517298 ], [ -74.298118, 40.517405 ] ] } },
{ "type": "Feature", "properties": { "id": "31790934-782", "name": "", "class": "motorway_link", "is_priority": false }, "geometry": { "type": "LineString", "coordinates": [ [ -74.298118, 40.517405 ], [ -74.298463, 40.517583 ] ] } },
{ "type": "Feature", "properties": { "id": "31790938-783", "name": "Smith Street", "class": "secondary", "is_priority": false }, "geometry": { "type": "LineString", "coordinates": [ [ -74.29758, 40.515611 ], [ -74.298306, 40.515658 ], [ -74.298802, 40.515675 ], [ -74.299937, 40.515655 ] ] } },
{ "type": "Feature", "properties": { "id": "31790938-784", "name": "Smith Street", "class": "secondary", "is_priority": false }, "geometry": { "type": "LineString", "coordinates": [ [ -74.299937, 40.515655 ], [ -74.301266, 40.51561 ], [ -74.301668, 40.51562 ], [ -74.302165, 40.515658 ] ] } },
{ "type": "Feature", "properties": { "id": "31790939-785", "name": "Smith Street", "class": "secondary", "is_priority": false }, "geometry": { "type": "LineString", "coordinates": [ [ -74.296792, 40.515559 ], [ -74.29758, 40.515611 ] ] } },
{ "type": "Feature", "properties": { "id": "31790942-786", "name": "Smith Street", "class": "secondary", "is_priority": false }, "geometry": { "type": "LineString", "coordinates": [ [ -74.297714, 40.51544 ], [ -74.297562, 40.515466 ], [ -74.297332, 40.515481 ], [ -74.296891, 40.515457 ] ] } },
{ "type": "Feature", "properties": { "id": "31790956-787", "name": "", "class": "motorway_link", "is_priority": false }, "geometry": { "type": "LineString", "coordinates": [ [ -74.29709, 40.518644 ], [ -74.297077, 40.518896 ] ] } },
{ "type": "Feature", "properties": { "id": "31790959-788", "name": "", "class": "motorway_link", "is_priority": false }, "geometry": { "type": "LineString", "coordinates": [ [ -74.297437, 40.515283 ], [ -74.29728, 40.515421 ], [ -74.297124, 40.515605 ], [ -74.296995, 40.515828 ], [ -74.296938, 40.515977 ], [ -74.296882, 40.516313 ], [ -74.296933, 40.516973 ] ] } },
{ "type": "Feature", "properties": { "id": "31790959-789", "name": "", "class": "motorway_link", "is_priority": false }, "geometry": { "type": "LineString", "coordinates": [ [ -74.296933, 40.516973 ], [ -74.29709, 40.518644 ] ] } },
{ "type": "Feature", "properties": { "id": "31790980-790", "name": "", "class": "motorway_link", "is_priority": false }, "geometry": { "type": "LineString", "coordinates": [ [ -74.296096, 40.519687 ], [ -74.295517, 40.519888 ], [ -74.295031, 40.52008 ], [ -74.294677, 40.520234 ], [ -74.294039, 40.520562 ] ] } },
{ "type": "Feature", "properties": { "id": "31790980-791", "name": "", "class": "motorway_link", "is_priority": false }, "geometry": { "type": "LineString", "coordinates": [ [ -74.294039, 40.520562 ], [ -74.293883, 40.520642 ] ] } },
{ "type": "Feature", "properties": { "id": "31790981-792", "name": "", "class": "motorway_link", "is_priority": false }, "geometry": { "type": "LineString", "coordinates": [ [ -74.29668, 40.519449 ], [ -74.296453, 40.519565 ], [ -74.296096, 40.519687 ] ] } },
{ "type": "Feature", "properties": { "id": "31790984-793", "name": "", "class": "motorway", "is_priority": true }, "geometry": { "type": "LineString", "coordinates": [ [ -74.296823, 40.519744 ], [ -74.297262, 40.519634 ], [ -74.297947, 40.519504 ], [ -74.298552, 40.519418 ], [ -74.299126, 40.519366 ] ] } },
{ "type": "Feature", "properties": { "id": "31790984-794", "name": "", "class": "motorway", "is_priority": true }, "geometry": { "type": "LineString", "coordinates": [ [ -74.299126, 40.519366 ], [ -74.299169, 40.519363 ] ] } },
{ "type": "Feature", "properties": { "id": "31790985-795", "name": "", "class": "motorway", "is_priority": true }, "geometry": { "type": "LineString", "coordinates": [ [ -74.29652, 40.519823 ], [ -74.296823, 40.519744 ] ] } },
{ "type": "Feature", "properties": { "id": "31790989-796", "name": "", "class": "motorway", "is_priority": true }, "geometry": { "type": "LineString", "coordinates": [ [ -74.296751, 40.519628 ], [ -74.296355, 40.519737 ] ] } },
{ "type": "Feature", "properties": { "id": "42681041-797", "name": "", "class": "motorway_link", "is_priority": false }, "geometry": { "type": "LineString", "coordinates": [ [ -74.287976, 40.543827 ], [ -74.288072, 40.543485 ] ] } },
{ "type": "Feature", "properties": { "id": "42681042-798", "name": "", "class": "motorway_link", "is_priority": false }, "geometry": { "type": "LineString", "coordinates": [ [ -74.286109, 40.545486 ], [ -74.286576, 40.545323 ], [ -74.286968, 40.545109 ], [ -74.287148, 40.544978 ], [ -74.287317, 40.544829 ], [ -74.287451, 40.544681 ], [ -74.287569, 40.544511 ], [ -74.287704, 40.544247 ] ] } },
{ "type": "Feature", "properties": { "id": "42681042-799", "name": "", "class": "motorway_link", "is_priority": false }, "geometry": { "type": "LineString", "coordinates": [ [ -74.287704, 40.544247 ], [ -74.287846, 40.543848 ] ] } },
{ "type": "Feature", "properties": { "id": "42681043-800", "name": "", "class": "motorway_link", "is_priority": false }, "geometry": { "type": "LineString", "coordinates": [ [ -74.287846, 40.543848 ], [ -74.288033, 40.543356 ], [ -74.288242, 40.543025 ], [ -74.288462, 40.542763 ] ] } },
{ "type": "Feature", "properties": { "id": "42681044-801", "name": "", "class": "motorway_link", "is_priority": false }, "geometry": { "type": "LineString", "coordinates": [ [ -74.286785, 40.544513 ], [ -74.286574, 40.544668 ], [ -74.286123, 40.544915 ], [ -74.284782, 40.54545 ] ] } },
{ "type": "Feature", "properties": { "id": "42681044-802", "name": "", "class": "motorway_link", "is_priority": false }, "geometry": { "type": "LineString", "coordinates": [ [ -74.284782, 40.54545 ], [ -74.283765, 40.545873 ], [ -74.282756, 40.546319 ] ] } },
{ "type": "Feature", "properties": { "id": "42681046-803", "name": "", "class": "motorway_link", "is_priority": false }, "geometry": { "type": "LineString", "coordinates": [ [ -74.287228, 40.544081 ], [ -74.286952, 40.544373 ], [ -74.286785, 40.544513 ] ] } },
{ "type": "Feature", "properties": { "id": "42681051-804", "name": "", "class": "motorway_link", "is_priority": false }, "geometry": { "type": "LineString", "coordinates": [ [ -74.287939, 40.545284 ], [ -74.287944, 40.544183 ], [ -74.287976, 40.543827 ] ] } },
{ "type": "Feature", "properties": { "id": "42681052-805", "name": "", "class": "motorway_link", "is_priority": false }, "geometry": { "type": "LineString", "coordinates": [ [ -74.293505, 40.543464 ], [ -74.293553, 40.543568 ], [ -74.293622, 40.543659 ], [ -74.293703, 40.543737 ], [ -74.293826, 40.543823 ], [ -74.294111, 40.543951 ], [ -74.294269, 40.543985 ], [ -74.294435, 40.543998 ], [ -74.294596, 40.543989 ], [ -74.294754, 40.54396 ], [ -74.295482, 40.543716 ] ] } },
{ "type": "Feature", "properties": { "id": "42681052-806", "name": "", "class": "motorway_link", "is_priority": false }, "geometry": { "type": "LineString", "coordinates": [ [ -74.295482, 40.543716 ], [ -74.296677, 40.54332 ] ] } },
{ "type": "Feature", "properties": { "id": "42681053-807", "name": "New Jersey Turnpike", "class": "motorway", "is_priority": true }, "geometry": { "type": "LineString", "coordinates": [ [ -74.293552, 40.543843 ], [ -74.294167, 40.543714 ] ] } },
{ "type": "Feature", "properties": { "id": "42681075-808", "name": "New Jersey Turnpike", "class": "motorway", "is_priority": true }, "geometry": { "type": "LineString", "coordinates": [ [ -74.29634, 40.542204 ], [ -74.295497, 40.542346 ], [ -74.294046, 40.542631 ] ] } },
{ "type": "Feature", "properties": { "id": "42681075-809", "name": "New Jersey Turnpike", "class": "motorway", "is_priority": true }, "geometry": { "type": "LineString", "coordinates": [ [ -74.294046, 40.542631 ], [ -74.291789, 40.543162 ] ] } },
{ "type": "Feature", "properties": { "id": "42681075-810", "name": "New Jersey Turnpike", "class": "motorway", "is_priority": true }, "geometry": { "type": "LineString", "coordinates": [ [ -74.291789, 40.543162 ], [ -74.289536, 40.543703 ] ] } },
{ "type": "Feature", "properties": { "id": "42681075-811", "name": "New Jersey Turnpike", "class": "motorway", "is_priority": true }, "geometry": { "type": "LineString", "coordinates": [ [ -74.289536, 40.543703 ], [ -74.287286, 40.54425 ] ] } },
{ "type": "Feature", "properties": { "id": "42681075-812", "name": "New Jersey Turnpike", "class": "motorway", "is_priority": true }, "geometry": { "type": "LineString", "coordinates": [ [ -74.287286, 40.54425 ], [ -74.28615, 40.544547 ], [ -74.285509, 40.544753 ], [ -74.285091, 40.544909 ] ] } },
{ "type": "Feature", "properties": { "id": "42681075-813", "name": "New Jersey Turnpike", "class": "motorway", "is_priority": true }, "geometry": { "type": "LineString", "coordinates": [ [ -74.285091, 40.544909 ], [ -74.284393, 40.545187 ], [ -74.283829, 40.545448 ], [ -74.283066, 40.545832 ] ] } },
{ "type": "Feature", "properties": { "id": "42681075-814", "name": "New Jersey Turnpike", "class": "motorway", "is_priority": true }, "geometry": { "type": "LineString", "coordinates": [ [ -74.283066, 40.545832 ], [ -74.281114, 40.546847 ] ] } },
{ "type": "Feature", "properties": { "id": "42681075-815", "name": "New Jersey Turnpike", "class": "motorway", "is_priority": true }, "geometry": { "type": "LineString", "coordinates": [ [ -74.281114, 40.546847 ], [ -74.280699, 40.547063 ] ] } },
{ "type": "Feature", "properties": { "id": "42681080-816", "name": "New Jersey Turnpike", "class": "motorway", "is_priority": true }, "geometry": { "type": "LineString", "coordinates": [ [ -74.296984, 40.542102 ], [ -74.29634, 40.542204 ] ] } },
{ "type": "Feature", "properties": { "id": "42681082-817", "name": "", "class": "motorway_link", "is_priority": false }, "geometry": { "type": "LineString", "coordinates": [ [ -74.294025, 40.542443 ], [ -74.294025, 40.542588 ], [ -74.294049, 40.54273 ], [ -74.294098, 40.542865 ], [ -74.294173, 40.542989 ], [ -74.294261, 40.543093 ], [ -74.294371, 40.543175 ], [ -74.294503, 40.543236 ], [ -74.294631, 40.54327 ] ] } },
{ "type": "Feature", "properties": { "id": "42681083-818", "name": "", "class": "motorway_link", "is_priority": false }, "geometry": { "type": "LineString", "coordinates": [ [ -74.294628, 40.541248 ], [ -74.294392, 40.541531 ], [ -74.294293, 40.541678 ] ] } },
{ "type": "Feature", "properties": { "id": "42681085-819", "name": "", "class": "motorway_link", "is_priority": false }, "geometry": { "type": "LineString", "coordinates": [ [ -74.293652, 40.542529 ], [ -74.29358, 40.542714 ], [ -74.293497, 40.543014 ], [ -74.293473, 40.54326 ], [ -74.293475, 40.543358 ], [ -74.293505, 40.543464 ] ] } },
{ "type": "Feature", "properties": { "id": "42681450-820", "name": "Amboy Avenue", "class": "secondary", "is_priority": false }, "geometry": { "type": "LineString", "coordinates": [ [ -74.278543, 40.547736 ], [ -74.279068, 40.549085 ] ] } },
{ "type": "Feature", "properties": { "id": "42681451-821", "name": "Fulton Street Overpass", "class": "residential", "is_priority": false }, "geometry": { "type": "LineString", "coordinates": [ [ -74.275624, 40.549835 ], [ -74.276126, 40.550587 ] ] } },
{ "type": "Feature", "properties": { "id": "42681452-822", "name": "Fulton Street Overpass", "class": "residential", "is_priority": false }, "geometry": { "type": "LineString", "coordinates": [ [ -74.276126, 40.550587 ], [ -74.276196, 40.550701 ] ] } },
{ "type": "Feature", "properties": { "id": "46677982-823", "name": "Garden State Parkway", "class": "motorway", "is_priority": true }, "geometry": { "type": "LineString", "coordinates": [ [ -74.300328, 40.496947 ], [ -74.300492, 40.497695 ], [ -74.300685, 40.498439 ] ] } },
{ "type": "Feature", "properties": { "id": "46694145-824", "name": "", "class": "motorway_link", "is_priority": false }, "geometry": { "type": "LineString", "coordinates": [ [ -74.296154, 40.519398 ], [ -74.295937, 40.519307 ], [ -74.295693, 40.519255 ], [ -74.29535, 40.519253 ], [ -74.29505, 40.519312 ], [ -74.294842, 40.519394 ], [ -74.294614, 40.519546 ], [ -74.294489, 40.519684 ], [ -74.294289, 40.519988 ] ] } },
{ "type": "Feature", "properties": { "id": "46694145-825", "name": "", "class": "motorway_link", "is_priority": false }, "geometry": { "type": "LineString", "coordinates": [ [ -74.294289, 40.519988 ], [ -74.294062, 40.520295 ], [ -74.293838, 40.520495 ], [ -74.292605, 40.521216 ] ] } },
{ "type": "Feature", "properties": { "id": "46694145-826", "name": "", "class": "motorway_link", "is_priority": false }, "geometry": { "type": "LineString", "coordinates": [ [ -74.292605, 40.521216 ], [ -74.292089, 40.521572 ], [ -74.291572, 40.521994 ] ] } },
{ "type": "Feature", "properties": { "id": "46694178-827", "name": "Smith Street", "class": "tertiary", "is_priority": false }, "geometry": { "type": "LineString", "coordinates": [ [ -74.288804, 40.514398 ], [ -74.287747, 40.514096 ] ] } },
{ "type": "Feature", "properties": { "id": "46694232-828", "name": "New Brunswick Avenue", "class": "tertiary", "is_priority": false }, "geometry": { "type": "LineString", "coordinates": [ [ -74.29876, 40.524765 ], [ -74.300049, 40.525072 ] ] } },
{ "type": "Feature", "properties": { "id": "46694265-829", "name": "West Pond Road", "class": "secondary", "is_priority": false }, "geometry": { "type": "LineString", "coordinates": [ [ -74.296976, 40.53452 ], [ -74.297335, 40.534613 ] ] } },
{ "type": "Feature", "properties": { "id": "46694266-830", "name": "King Georges Road", "class": "secondary", "is_priority": false }, "geometry": { "type": "LineString", "coordinates": [ [ -74.301881, 40.534321 ], [ -74.301134, 40.534704 ] ] } },
{ "type": "Feature", "properties": { "id": "46694349-831", "name": "Garden State Parkway", "class": "motorway", "is_priority": true }, "geometry": { "type": "LineString", "coordinates": [ [ -74.301833, 40.53453 ], [ -74.300876, 40.533738 ] ] } },
{ "type": "Feature", "properties": { "id": "46694356-832", "name": "", "class": "motorway_link", "is_priority": false }, "geometry": { "type": "LineString", "coordinates": [ [ -74.298063, 40.531318 ], [ -74.298298, 40.531709 ], [ -74.298543, 40.532073 ], [ -74.298835, 40.532458 ], [ -74.299214, 40.532888 ] ] } },
{ "type": "Feature", "properties": { "id": "46694356-833", "name": "", "class": "motorway_link", "is_priority": false }, "geometry": { "type": "LineString", "coordinates": [ [ -74.299214, 40.532888 ], [ -74.299483, 40.533172 ], [ -74.299846, 40.533508 ], [ -74.300756, 40.534249 ] ] } },
{ "type": "Feature", "properties": { "id": "46694356-834", "name": "", "class": "motorway_link", "is_priority": false }, "geometry": { "type": "LineString", "coordinates": [ [ -74.300756, 40.534249 ], [ -74.301016, 40.534452 ] ] } },
{ "type": "Feature", "properties": { "id": "46694358-835", "name": "", "class": "motorway_link", "is_priority": false }, "geometry": { "type": "LineString", "coordinates": [ [ -74.29767, 40.530227 ], [ -74.2978, 40.530725 ], [ -74.297924, 40.531039 ], [ -74.298063, 40.531318 ] ] } },
{ "type": "Feature", "properties": { "id": "46694396-836", "name": "Garden State Parkway", "class": "motorway", "is_priority": true }, "geometry": { "type": "LineString", "coordinates": [ [ -74.29836, 40.529879 ], [ -74.298301, 40.529498 ], [ -74.298273, 40.529123 ] ] } },
{ "type": "Feature", "properties": { "id": "46694455-837", "name": "Garden State Parkway", "class": "motorway", "is_priority": true }, "geometry": { "type": "LineString", "coordinates": [ [ -74.298029, 40.529733 ], [ -74.298186, 40.530443 ] ] } },
{ "type": "Feature", "properties": { "id": "46694457-838", "name": "Garden State Parkway", "class": "motorway", "is_priority": true }, "geometry": { "type": "LineString", "coordinates": [ [ -74.298186, 40.530443 ], [ -74.298329, 40.530883 ], [ -74.298507, 40.531297 ], [ -74.298768, 40.531795 ], [ -74.298983, 40.532134 ] ] } },
{ "type": "Feature", "properties": { "id": "46694457-839", "name": "Garden State Parkway", "class": "motorway", "is_priority": true }, "geometry": { "type": "LineString", "coordinates": [ [ -74.298983, 40.532134 ], [ -74.29921, 40.532454 ], [ -74.299517, 40.532832 ], [ -74.299859, 40.533196 ], [ -74.300312, 40.533617 ] ] } },
{ "type": "Feature", "properties": { "id": "46694457-840", "name": "Garden State Parkway", "class": "motorway", "is_priority": true }, "geometry": { "type": "LineString", "coordinates": [ [ -74.300312, 40.533617 ], [ -74.301371, 40.534466 ] ] } },
{ "type": "Feature", "properties": { "id": "46694535-841", "name": "", "class": "motorway_link", "is_priority": false }, "geometry": { "type": "LineString", "coordinates": [ [ -74.296916, 40.542048 ], [ -74.296528, 40.542088 ], [ -74.296168, 40.542088 ] ] } },
{ "type": "Feature", "properties": { "id": "46694537-842", "name": "", "class": "motorway_link", "is_priority": false }, "geometry": { "type": "LineString", "coordinates": [ [ -74.296168, 40.542088 ], [ -74.295967, 40.54207 ], [ -74.295629, 40.541976 ], [ -74.295511, 40.541911 ], [ -74.295412, 40.541827 ], [ -74.295342, 40.541738 ], [ -74.295297, 40.541628 ], [ -74.295291, 40.541422 ], [ -74.295331, 40.541316 ], [ -74.295401, 40.541218 ], [ -74.295516, 40.541122 ], [ -74.295661, 40.54104 ], [ -74.295926, 40.540925 ] ] } },
{ "type": "Feature", "properties": { "id": "46694537-843", "name": "", "class": "motorway_link", "is_priority": false }, "geometry": { "type": "LineString", "coordinates": [ [ -74.295926, 40.540925 ], [ -74.296061, 40.54081 ] ] } },
{ "type": "Feature", "properties": { "id": "47344647-844", "name": "New Brunswick Avenue", "class": "tertiary", "is_priority": false }, "geometry": { "type": "LineString", "coordinates": [ [ -74.291136, 40.522934 ], [ -74.293269, 40.52344 ] ] } },
{ "type": "Feature", "properties": { "id": "47344648-845", "name": "New Brunswick Avenue", "class": "tertiary", "is_priority": false }, "geometry": { "type": "LineString", "coordinates": [ [ -74.290299, 40.522731 ], [ -74.291136, 40.522934 ] ] } },
{ "type": "Feature", "properties": { "id": "47344651-846", "name": "Florida Grove Road", "class": "tertiary", "is_priority": false }, "geometry": { "type": "LineString", "coordinates": [ [ -74.28897, 40.524767 ], [ -74.289247, 40.525174 ] ] } },
{ "type": "Feature", "properties": { "id": "47344657-847", "name": "Carlock Avenue", "class": "residential", "is_priority": false }, "geometry": { "type": "LineString", "coordinates": [ [ -74.285629, 40.52823 ], [ -74.285583, 40.528428 ], [ -74.285004, 40.529537 ] ] } },
{ "type": "Feature", "properties": { "id": "47344658-848", "name": "Carlock Avenue", "class": "residential", "is_priority": false }, "geometry": { "type": "LineString", "coordinates": [ [ -74.285708, 40.527622 ], [ -74.285629, 40.52823 ] ] } },
{ "type": "Feature", "properties": { "id": "47344882-849", "name": "", "class": "motorway_link", "is_priority": false }, "geometry": { "type": "LineString", "coordinates": [ [ -74.281754, 40.529684 ], [ -74.282126, 40.529736 ], [ -74.282367, 40.52975 ] ] } },
{ "type": "Feature", "properties": { "id": "47344883-850", "name": "", "class": "motorway_link", "is_priority": false }, "geometry": { "type": "LineString", "coordinates": [ [ -74.280613, 40.529435 ], [ -74.280794, 40.52949 ], [ -74.280922, 40.529547 ], [ -74.281042, 40.529642 ], [ -74.281088, 40.529719 ], [ -74.281111, 40.529841 ], [ -74.281096, 40.529922 ], [ -74.28106, 40.530002 ], [ -74.280969, 40.530106 ], [ -74.280881, 40.530157 ], [ -74.280716, 40.530207 ], [ -74.280581, 40.530216 ], [ -74.280438, 40.530205 ], [ -74.280232, 40.530158 ], [ -74.280104, 40.530102 ], [ -74.280004, 40.530038 ], [ -74.279936, 40.529958 ] ] } },
{ "type": "Feature", "properties": { "id": "47344883-851", "name": "", "class": "motorway_link", "is_priority": false }, "geometry": { "type": "LineString", "coordinates": [ [ -74.279936, 40.529958 ], [ -74.279897, 40.529866 ], [ -74.279834, 40.529491 ] ] } },
{ "type": "Feature", "properties": { "id": "47344884-852", "name": "", "class": "motorway_link", "is_priority": false }, "geometry": { "type": "LineString", "coordinates": [ [ -74.274664, 40.52817 ], [ -74.274938, 40.528337 ], [ -74.275403, 40.528503 ], [ -74.275978, 40.528744 ], [ -74.276309, 40.528857 ], [ -74.276762, 40.528973 ] ] } },
{ "type": "Feature", "properties": { "id": "47344884-853", "name": "", "class": "motorway_link", "is_priority": false }, "geometry": { "type": "LineString", "coordinates": [ [ -74.276762, 40.528973 ], [ -74.27727, 40.529076 ], [ -74.27822, 40.52922 ], [ -74.278314, 40.52925 ] ] } },
{ "type": "Feature", "properties": { "id": "47344885-854", "name": "", "class": "motorway_link", "is_priority": false }, "geometry": { "type": "LineString", "coordinates": [ [ -74.279613, 40.529337 ], [ -74.280183, 40.529339 ], [ -74.280611, 40.529324 ], [ -74.28133, 40.529274 ], [ -74.281825, 40.529218 ] ] } },
{ "type": "Feature", "properties": { "id": "47344886-855", "name": "", "class": "secondary_link", "is_priority": false }, "geometry": { "type": "LineString", "coordinates": [ [ -74.280674, 40.530324 ], [ -74.281107, 40.53026 ], [ -74.281452, 40.530147 ], [ -74.281754, 40.529988 ], [ -74.282165, 40.529659 ], [ -74.28229, 40.52958 ], [ -74.282469, 40.529513 ], [ -74.282684, 40.529504 ] ] } },
{ "type": "Feature", "properties": { "id": "47344886-856", "name": "", "class": "secondary_link", "is_priority": false }, "geometry": { "type": "LineString", "coordinates": [ [ -74.282684, 40.529504 ], [ -74.283192, 40.529545 ], [ -74.283309, 40.52953 ], [ -74.283411, 40.52949 ], [ -74.283502, 40.529397 ], [ -74.283516, 40.529321 ], [ -74.283496, 40.529225 ], [ -74.283425, 40.529054 ] ] } },
{ "type": "Feature", "properties": { "id": "47344888-857", "name": "Pfeiffer Boulevard", "class": "secondary", "is_priority": false }, "geometry": { "type": "LineString", "coordinates": [ [ -74.283425, 40.529054 ], [ -74.282875, 40.528598 ] ] } },
{ "type": "Feature", "properties": { "id": "47344890-858", "name": "", "class": "motorway_link", "is_priority": false }, "geometry": { "type": "LineString", "coordinates": [ [ -74.275752, 40.528843 ], [ -74.275977, 40.528878 ], [ -74.276685, 40.529048 ], [ -74.278051, 40.529242 ] ] } },
{ "type": "Feature", "properties": { "id": "47344890-859", "name": "", "class": "motorway_link", "is_priority": false }, "geometry": { "type": "LineString", "coordinates": [ [ -74.278051, 40.529242 ], [ -74.278223, 40.52926 ], [ -74.278314, 40.52925 ] ] } },
{ "type": "Feature", "properties": { "id": "47344891-860", "name": "", "class": "motorway_link", "is_priority": false }, "geometry": { "type": "LineString", "coordinates": [ [ -74.282367, 40.52975 ], [ -74.28277, 40.529734 ], [ -74.283817, 40.529598 ], [ -74.284237, 40.529586 ] ] } },
{ "type": "Feature", "properties": { "id": "47344892-861", "name": "", "class": "secondary_link", "is_priority": false }, "geometry": { "type": "LineString", "coordinates": [ [ -74.283206, 40.528353 ], [ -74.282943, 40.528296 ], [ -74.282284, 40.528205 ], [ -74.282095, 40.528196 ] ] } },
{ "type": "Feature", "properties": { "id": "47344893-862", "name": "Raritan Avenue", "class": "residential", "is_priority": false }, "geometry": { "type": "LineString", "coordinates": [ [ -74.283788, 40.528161 ], [ -74.283743, 40.528211 ], [ -74.283612, 40.528284 ], [ -74.28335, 40.528348 ] ] } },
{ "type": "Feature", "properties": { "id": "47344894-863", "name": "", "class": "secondary_link", "is_priority": false }, "geometry": { "type": "LineString", "coordinates": [ [ -74.28268, 40.528508 ], [ -74.282485, 40.528475 ], [ -74.282202, 40.528499 ] ] } },
{ "type": "Feature", "properties": { "id": "47344895-864", "name": "", "class": "motorway_link", "is_priority": false }, "geometry": { "type": "LineString", "coordinates": [ [ -74.285787, 40.527654 ], [ -74.285365, 40.527816 ], [ -74.284574, 40.528087 ], [ -74.283995, 40.528252 ], [ -74.283605, 40.528327 ] ] } },
{ "type": "Feature", "properties": { "id": "47344895-865", "name": "", "class": "motorway_link", "is_priority": false }, "geometry": { "type": "LineString", "coordinates": [ [ -74.283605, 40.528327 ], [ -74.28335, 40.528348 ] ] } },
{ "type": "Feature", "properties": { "id": "47344896-866", "name": "", "class": "motorway_link", "is_priority": false }, "geometry": { "type": "LineString", "coordinates": [ [ -74.281512, 40.528732 ], [ -74.280903, 40.528888 ], [ -74.280417, 40.52895 ], [ -74.279878, 40.528984 ], [ -74.279213, 40.52898 ] ] } },
{ "type": "Feature", "properties": { "id": "47344897-867", "name": "", "class": "tertiary_link", "is_priority": false }, "geometry": { "type": "LineString", "coordinates": [ [ -74.279048, 40.529644 ], [ -74.279138, 40.529879 ], [ -74.279231, 40.530021 ], [ -74.279396, 40.530196 ], [ -74.279446, 40.530278 ], [ -74.279506, 40.530568 ], [ -74.279521, 40.530858 ] ] } },
{ "type": "Feature", "properties": { "id": "47344899-868", "name": "Pfeiffer Boulevard", "class": "secondary", "is_priority": false }, "geometry": { "type": "LineString", "coordinates": [ [ -74.280674, 40.530324 ], [ -74.2811, 40.530305 ], [ -74.281513, 40.530237 ], [ -74.282913, 40.529803 ] ] } },
{ "type": "Feature", "properties": { "id": "47344899-869", "name": "Pfeiffer Boulevard", "class": "secondary", "is_priority": false }, "geometry": { "type": "LineString", "coordinates": [ [ -74.282913, 40.529803 ], [ -74.283258, 40.529719 ], [ -74.28367, 40.529642 ], [ -74.284237, 40.529586 ] ] } },
{ "type": "Feature", "properties": { "id": "47344900-870", "name": "Pfeiffer Boulevard", "class": "secondary", "is_priority": false }, "geometry": { "type": "LineString", "coordinates": [ [ -74.285671, 40.529716 ], [ -74.285141, 40.52957 ], [ -74.283886, 40.529273 ], [ -74.283696, 40.529203 ], [ -74.283474, 40.529083 ] ] } },
{ "type": "Feature", "properties": { "id": "47344900-871", "name": "Pfeiffer Boulevard", "class": "secondary", "is_priority": false }, "geometry": { "type": "LineString", "coordinates": [ [ -74.283474, 40.529083 ], [ -74.283425, 40.529054 ] ] } },
{ "type": "Feature", "properties": { "id": "47344901-872", "name": "Pfeiffer Boulevard", "class": "secondary", "is_priority": false }, "geometry": { "type": "LineString", "coordinates": [ [ -74.282875, 40.528598 ], [ -74.282824, 40.528564 ], [ -74.282699, 40.528418 ], [ -74.282631, 40.528374 ], [ -74.282414, 40.528284 ], [ -74.282095, 40.528196 ] ] } },
{ "type": "Feature", "properties": { "id": "47344902-873", "name": "Amboy Avenue", "class": "tertiary", "is_priority": false }, "geometry": { "type": "LineString", "coordinates": [ [ -74.274853, 40.528512 ], [ -74.274595, 40.528941 ], [ -74.274242, 40.529445 ] ] } },
{ "type": "Feature", "properties": { "id": "47344905-874", "name": "Convery Boulevard", "class": "secondary", "is_priority": false }, "geometry": { "type": "LineString", "coordinates": [ [ -74.280001, 40.528748 ], [ -74.279834, 40.529491 ] ] } },
{ "type": "Feature", "properties": { "id": "47344906-875", "name": "Waltrous Avenue", "class": "residential", "is_priority": false }, "geometry": { "type": "LineString", "coordinates": [ [ -74.278157, 40.529605 ], [ -74.278226, 40.529611 ], [ -74.278666, 40.529581 ], [ -74.278787, 40.52954 ] ] } },
{ "type": "Feature", "properties": { "id": "47344909-876", "name": "", "class": "motorway_link", "is_priority": false }, "geometry": { "type": "LineString", "coordinates": [ [ -74.27467, 40.528306 ], [ -74.274721, 40.528286 ], [ -74.274762, 40.528241 ], [ -74.274834, 40.528067 ], [ -74.274837, 40.527974 ] ] } },
{ "type": "Feature", "properties": { "id": "47344911-877", "name": "Amboy Avenue", "class": "tertiary", "is_priority": false }, "geometry": { "type": "LineString", "coordinates": [ [ -74.27498, 40.528218 ], [ -74.274906, 40.528396 ] ] } },
{ "type": "Feature", "properties": { "id": "47344917-878", "name": "", "class": "motorway_link", "is_priority": false }, "geometry": { "type": "LineString", "coordinates": [ [ -74.272183, 40.52737 ], [ -74.272915, 40.527703 ], [ -74.274068, 40.528141 ] ] } },
{ "type": "Feature", "properties": { "id": "47344918-879", "name": "", "class": "motorway_link", "is_priority": false }, "geometry": { "type": "LineString", "coordinates": [ [ -74.262146, 40.527771 ], [ -74.262063, 40.527556 ], [ -74.262047, 40.527404 ], [ -74.262077, 40.527312 ], [ -74.262183, 40.527204 ] ] } },
{ "type": "Feature", "properties": { "id": "47344919-880", "name": "", "class": "motorway_link", "is_priority": false }, "geometry": { "type": "LineString", "coordinates": [ [ -74.264332, 40.5274 ], [ -74.264526, 40.52726 ], [ -74.264637, 40.527144 ] ] } },
{ "type": "Feature", "properties": { "id": "47344920-881", "name": "", "class": "motorway_link", "is_priority": false }, "geometry": { "type": "LineString", "coordinates": [ [ -74.264637, 40.527144 ], [ -74.264718, 40.527004 ], [ -74.264774, 40.526842 ], [ -74.26486, 40.526357 ], [ -74.264867, 40.52589 ], [ -74.264808, 40.525387 ] ] } },
{ "type": "Feature", "properties": { "id": "47344921-882", "name": "", "class": "motorway_link", "is_priority": false }, "geometry": { "type": "LineString", "coordinates": [ [ -74.262696, 40.527143 ], [ -74.26283, 40.527282 ], [ -74.263001, 40.527397 ], [ -74.263215, 40.527481 ], [ -74.263378, 40.527517 ], [ -74.263621, 40.527543 ], [ -74.263918, 40.527535 ], [ -74.264111, 40.527496 ], [ -74.264332, 40.5274 ] ] } },
{ "type": "Feature", "properties": { "id": "47344922-883", "name": "", "class": "motorway_link", "is_priority": false }, "geometry": { "type": "LineString", "coordinates": [ [ -74.2642, 40.526148 ], [ -74.263985, 40.526175 ], [ -74.263283, 40.526309 ], [ -74.263084, 40.526375 ], [ -74.26291, 40.526471 ] ] } },
{ "type": "Feature", "properties": { "id": "47344923-884", "name": "", "class": "motorway_link", "is_priority": false }, "geometry": { "type": "LineString", "coordinates": [ [ -74.269333, 40.526036 ], [ -74.268755, 40.525812 ], [ -74.268156, 40.525558 ] ] } },
{ "type": "Feature", "properties": { "id": "47344924-885", "name": "", "class": "motorway_link", "is_priority": false }, "geometry": { "type": "LineString", "coordinates": [ [ -74.268295, 40.52603 ], [ -74.268591, 40.526085 ], [ -74.269175, 40.526283 ] ] } },
{ "type": "Feature", "properties": { "id": "47344925-886", "name": "", "class": "motorway_link", "is_priority": false }, "geometry": { "type": "LineString", "coordinates": [ [ -74.269175, 40.526283 ], [ -74.270194, 40.526641 ] ] } },
{ "type": "Feature", "properties": { "id": "47344926-887", "name": "", "class": "motorway_link", "is_priority": false }, "geometry": { "type": "LineString", "coordinates": [ [ -74.270354, 40.526428 ], [ -74.269333, 40.526036 ] ] } },
{ "type": "Feature", "properties": { "id": "47344927-888", "name": "", "class": "motorway_link", "is_priority": false }, "geometry": { "type": "LineString", "coordinates": [ [ -74.26496, 40.526795 ], [ -74.265051, 40.526509 ], [ -74.265158, 40.526312 ], [ -74.265355, 40.526084 ], [ -74.265497, 40.525972 ], [ -74.265724, 40.525842 ], [ -74.265975, 40.525745 ], [ -74.266249, 40.525682 ], [ -74.266527, 40.525655 ] ] } },
{ "type": "Feature", "properties": { "id": "47344927-889", "name": "", "class": "motorway_link", "is_priority": false }, "geometry": { "type": "LineString", "coordinates": [ [ -74.266527, 40.525655 ], [ -74.266954, 40.525677 ] ] } },
{ "type": "Feature", "properties": { "id": "47344928-890", "name": "", "class": "motorway", "is_priority": true }, "geometry": { "type": "LineString", "coordinates": [ [ -74.269226, 40.526203 ], [ -74.270402, 40.526632 ] ] } },
{ "type": "Feature", "properties": { "id": "47344930-891", "name": "", "class": "motorway_link", "is_priority": false }, "geometry": { "type": "LineString", "coordinates": [ [ -74.264755, 40.528759 ], [ -74.264797, 40.528524 ], [ -74.264879, 40.527312 ], [ -74.264926, 40.526963 ] ] } },
{ "type": "Feature", "properties": { "id": "47344930-892", "name": "", "class": "motorway_link", "is_priority": false }, "geometry": { "type": "LineString", "coordinates": [ [ -74.264926, 40.526963 ], [ -74.26496, 40.526795 ] ] } },
{ "type": "Feature", "properties": { "id": "47344931-893", "name": "", "class": "motorway_link", "is_priority": false }, "geometry": { "type": "LineString", "coordinates": [ [ -74.269123, 40.526364 ], [ -74.270032, 40.526698 ], [ -74.270939, 40.527105 ] ] } },
{ "type": "Feature", "properties": { "id": "47344933-894", "name": "State Street", "class": "tertiary", "is_priority": false }, "geometry": { "type": "LineString", "coordinates": [ [ -74.264354, 40.529839 ], [ -74.264154, 40.530411 ] ] } },
{ "type": "Feature", "properties": { "id": "47344934-895", "name": "State Street", "class": "tertiary", "is_priority": false }, "geometry": { "type": "LineString", "coordinates": [ [ -74.264621, 40.524937 ], [ -74.264054, 40.523215 ] ] } },
{ "type": "Feature", "properties": { "id": "47344935-896", "name": "State Street", "class": "tertiary", "is_priority": false }, "geometry": { "type": "LineString", "coordinates": [ [ -74.264552, 40.526876 ], [ -74.264517, 40.527117 ], [ -74.264528, 40.527391 ], [ -74.264665, 40.528017 ], [ -74.264691, 40.528216 ], [ -74.264649, 40.528664 ] ] } },
{ "type": "Feature", "properties": { "id": "47344935-897", "name": "State Street", "class": "tertiary", "is_priority": false }, "geometry": { "type": "LineString", "coordinates": [ [ -74.264649, 40.528664 ], [ -74.264655, 40.528909 ] ] } },
{ "type": "Feature", "properties": { "id": "47344936-898", "name": "", "class": "motorway_link", "is_priority": false }, "geometry": { "type": "LineString", "coordinates": [ [ -74.270273, 40.526206 ], [ -74.26992, 40.52616 ], [ -74.269367, 40.525981 ] ] } },
{ "type": "Feature", "properties": { "id": "47344937-899", "name": "", "class": "motorway_link", "is_priority": false }, "geometry": { "type": "LineString", "coordinates": [ [ -74.264264, 40.526274 ], [ -74.265044, 40.526045 ], [ -74.265353, 40.525922 ], [ -74.265695, 40.525764 ], [ -74.265856, 40.525709 ], [ -74.266108, 40.525651 ], [ -74.266442, 40.525626 ] ] } },
{ "type": "Feature", "properties": { "id": "47344937-900", "name": "", "class": "motorway_link", "is_priority": false }, "geometry": { "type": "LineString", "coordinates": [ [ -74.266442, 40.525626 ], [ -74.266954, 40.525677 ] ] } },
{ "type": "Feature", "properties": { "id": "48210282-901", "name": "", "class": "motorway_link", "is_priority": false }, "geometry": { "type": "LineString", "coordinates": [ [ -74.294628, 40.541248 ], [ -74.294317, 40.541546 ], [ -74.294175, 40.541705 ] ] } },
{ "type": "Feature", "properties": { "id": "48210283-902", "name": "", "class": "motorway_link", "is_priority": false }, "geometry": { "type": "LineString", "coordinates": [ [ -74.294175, 40.541705 ], [ -74.293869, 40.542133 ], [ -74.293652, 40.542529 ] ] } },
{ "type": "Feature", "properties": { "id": "48210743-903", "name": "New Jersey Turnpike", "class": "motorway", "is_priority": true }, "geometry": { "type": "LineString", "coordinates": [ [ -74.291777, 40.544217 ], [ -74.293552, 40.543843 ] ] } },
{ "type": "Feature", "properties": { "id": "48210744-904", "name": "New Jersey Turnpike", "class": "motorway", "is_priority": true }, "geometry": { "type": "LineString", "coordinates": [ [ -74.291165, 40.544344 ], [ -74.291777, 40.544217 ] ] } },
{ "type": "Feature", "properties": { "id": "51654376-905", "name": "", "class": "secondary_link", "is_priority": false }, "geometry": { "type": "LineString", "coordinates": [ [ -74.276852, 40.543127 ], [ -74.276776, 40.5433 ], [ -74.276692, 40.543416 ], [ -74.276612, 40.543465 ], [ -74.276539, 40.543488 ], [ -74.276338, 40.543493 ] ] } },
{ "type": "Feature", "properties": { "id": "51654401-906", "name": "Amboy Avenue", "class": "secondary", "is_priority": false }, "geometry": { "type": "LineString", "coordinates": [ [ -74.277259, 40.544997 ], [ -74.277193, 40.544749 ], [ -74.277176, 40.544556 ], [ -74.277278, 40.543925 ], [ -74.277273, 40.54382 ], [ -74.277241, 40.543759 ], [ -74.277149, 40.543682 ], [ -74.277019, 40.543639 ], [ -74.276838, 40.543604 ] ] } },
{ "type": "Feature", "properties": { "id": "51654423-907", "name": "Amboy Avenue", "class": "tertiary", "is_priority": false }, "geometry": { "type": "LineString", "coordinates": [ [ -74.275539, 40.543242 ], [ -74.276499, 40.544154 ], [ -74.276774, 40.544449 ] ] } },
{ "type": "Feature", "properties": { "id": "52430144-908", "name": "Convery Boulevard", "class": "secondary", "is_priority": false }, "geometry": { "type": "LineString", "coordinates": [ [ -74.282901, 40.519625 ], [ -74.282573, 40.519928 ], [ -74.282413, 40.520121 ], [ -74.282118, 40.520565 ], [ -74.281799, 40.521202 ] ] } },
{ "type": "Feature", "properties": { "id": "52430144-909", "name": "Convery Boulevard", "class": "secondary", "is_priority": false }, "geometry": { "type": "LineString", "coordinates": [ [ -74.281799, 40.521202 ], [ -74.281605, 40.521591 ], [ -74.28148, 40.521905 ], [ -74.28125, 40.522948 ] ] } },
{ "type": "Feature", "properties": { "id": "52430144-910", "name": "Convery Boulevard", "class": "secondary", "is_priority": false }, "geometry": { "type": "LineString", "coordinates": [ [ -74.28125, 40.522948 ], [ -74.280861, 40.524725 ] ] } },
{ "type": "Feature", "properties": { "id": "52430144-911", "name": "Convery Boulevard", "class": "secondary", "is_priority": false }, "geometry": { "type": "LineString", "coordinates": [ [ -74.280861, 40.524725 ], [ -74.280471, 40.526502 ] ] } },
{ "type": "Feature", "properties": { "id": "52430144-912", "name": "Convery Boulevard", "class": "secondary", "is_priority": false }, "geometry": { "type": "LineString", "coordinates": [ [ -74.280471, 40.526502 ], [ -74.280249, 40.527524 ] ] } },
{ "type": "Feature", "properties": { "id": "52430147-913", "name": "Convery Boulevard", "class": "secondary", "is_priority": false }, "geometry": { "type": "LineString", "coordinates": [ [ -74.285022, 40.517139 ], [ -74.284442, 40.51779 ] ] } },
{ "type": "Feature", "properties": { "id": "52430982-914", "name": "", "class": "tertiary_link", "is_priority": false }, "geometry": { "type": "LineString", "coordinates": [ [ -74.264334, 40.524054 ], [ -74.26435, 40.52388 ], [ -74.264515, 40.523532 ], [ -74.264503, 40.523424 ], [ -74.264395, 40.523319 ], [ -74.264054, 40.523215 ] ] } },
{ "type": "Feature", "properties": { "id": "54614120-915", "name": "", "class": "motorway_link", "is_priority": false }, "geometry": { "type": "LineString", "coordinates": [ [ -74.262696, 40.527143 ], [ -74.262758, 40.527253 ], [ -74.262874, 40.527391 ], [ -74.262961, 40.527471 ], [ -74.263122, 40.527577 ], [ -74.263367, 40.527682 ], [ -74.263926, 40.527828 ] ] } },
{ "type": "Feature", "properties": { "id": "54614121-916", "name": "", "class": "motorway_link", "is_priority": false }, "geometry": { "type": "LineString", "coordinates": [ [ -74.26291, 40.526471 ], [ -74.262743, 40.526632 ], [ -74.262665, 40.526784 ], [ -74.262652, 40.527002 ], [ -74.262696, 40.527143 ] ] } },
{ "type": "Feature", "properties": { "id": "54614123-917", "name": "High Street", "class": "tertiary", "is_priority": false }, "geometry": { "type": "LineString", "coordinates": [ [ -74.262993, 40.529907 ], [ -74.262757, 40.529586 ], [ -74.26269, 40.529425 ], [ -74.262636, 40.529211 ], [ -74.26252, 40.528436 ], [ -74.262433, 40.528179 ] ] } },
{ "type": "Feature", "properties": { "id": "54614123-918", "name": "High Street", "class": "tertiary", "is_priority": false }, "geometry": { "type": "LineString", "coordinates": [ [ -74.262433, 40.528179 ], [ -74.262343, 40.52801 ] ] } },
{ "type": "Feature", "properties": { "id": "54614124-919", "name": "", "class": "tertiary_link", "is_priority": false }, "geometry": { "type": "LineString", "coordinates": [ [ -74.263769, 40.530117 ], [ -74.263662, 40.53013 ], [ -74.263599, 40.530158 ], [ -74.263563, 40.530235 ], [ -74.263589, 40.530283 ] ] } },
{ "type": "Feature", "properties": { "id": "54614125-920", "name": "", "class": "tertiary_link", "is_priority": false }, "geometry": { "type": "LineString", "coordinates": [ [ -74.264354, 40.529839 ], [ -74.264235, 40.529976 ], [ -74.264115, 40.53006 ], [ -74.263981, 40.530104 ], [ -74.26384, 40.530117 ], [ -74.263632, 40.530107 ], [ -74.263394, 40.530062 ], [ -74.262993, 40.529907 ] ] } },
{ "type": "Feature", "properties": { "id": "54614127-921", "name": "High Street", "class": "residential", "is_priority": false }, "geometry": { "type": "LineString", "coordinates": [ [ -74.264456, 40.509555 ], [ -74.263626, 40.511242 ] ] } },
{ "type": "Feature", "properties": { "id": "54614127-922", "name": "High Street", "class": "residential", "is_priority": false }, "geometry": { "type": "LineString", "coordinates": [ [ -74.263626, 40.511242 ], [ -74.262867, 40.512785 ] ] } },
{ "type": "Feature", "properties": { "id": "54614128-923", "name": "", "class": "motorway_link", "is_priority": false }, "geometry": { "type": "LineString", "coordinates": [ [ -74.264575, 40.526097 ], [ -74.264223, 40.526198 ] ] } },
{ "type": "Feature", "properties": { "id": "54779089-924", "name": "", "class": "motorway_link", "is_priority": false }, "geometry": { "type": "LineString", "coordinates": [ [ -74.298726, 40.528431 ], [ -74.298768, 40.528065 ], [ -74.299102, 40.526654 ] ] } },
{ "type": "Feature", "properties": { "id": "54779089-925", "name": "", "class": "motorway_link", "is_priority": false }, "geometry": { "type": "LineString", "coordinates": [ [ -74.299102, 40.526654 ], [ -74.299282, 40.525995 ], [ -74.299662, 40.524905 ] ] } },
{ "type": "Feature", "properties": { "id": "54779089-926", "name": "", "class": "motorway_link", "is_priority": false }, "geometry": { "type": "LineString", "coordinates": [ [ -74.299662, 40.524905 ], [ -74.299793, 40.524421 ] ] } },
{ "type": "Feature", "properties": { "id": "54779090-927", "name": "Garden State Parkway", "class": "motorway", "is_priority": true }, "geometry": { "type": "LineString", "coordinates": [ [ -74.300685, 40.498439 ], [ -74.300714, 40.498523 ] ] } },
{ "type": "Feature", "properties": { "id": "54779090-928", "name": "Garden State Parkway", "class": "motorway", "is_priority": true }, "geometry": { "type": "LineString", "coordinates": [ [ -74.301456, 40.502781 ], [ -74.301402, 40.503745 ] ] } },
{ "type": "Feature", "properties": { "id": "54779347-929", "name": "Garden State Parkway", "class": "motorway", "is_priority": true }, "geometry": { "type": "LineString", "coordinates": [ [ -74.301061, 40.51576 ], [ -74.301141, 40.516677 ], [ -74.301156, 40.517559 ] ] } },
{ "type": "Feature", "properties": { "id": "54779347-930", "name": "Garden State Parkway", "class": "motorway", "is_priority": true }, "geometry": { "type": "LineString", "coordinates": [ [ -74.301156, 40.517559 ], [ -74.301096, 40.518422 ], [ -74.300966, 40.519354 ] ] } },
{ "type": "Feature", "properties": { "id": "54779347-931", "name": "Garden State Parkway", "class": "motorway", "is_priority": true }, "geometry": { "type": "LineString", "coordinates": [ [ -74.300966, 40.519354 ], [ -74.300884, 40.519801 ] ] } },
{ "type": "Feature", "properties": { "id": "54779379-932", "name": "Garden State Parkway", "class": "motorway", "is_priority": true }, "geometry": { "type": "LineString", "coordinates": [ [ -74.301402, 40.503745 ], [ -74.301288, 40.505544 ] ] } },
{ "type": "Feature", "properties": { "id": "54779379-933", "name": "Garden State Parkway", "class": "motorway", "is_priority": true }, "geometry": { "type": "LineString", "coordinates": [ [ -74.301288, 40.505544 ], [ -74.301173, 40.507344 ] ] } },
{ "type": "Feature", "properties": { "id": "54779379-934", "name": "Garden State Parkway", "class": "motorway", "is_priority": true }, "geometry": { "type": "LineString", "coordinates": [ [ -74.301173, 40.507344 ], [ -74.301059, 40.509144 ] ] } },
{ "type": "Feature", "properties": { "id": "54779379-935", "name": "Garden State Parkway", "class": "motorway", "is_priority": true }, "geometry": { "type": "LineString", "coordinates": [ [ -74.301059, 40.509144 ], [ -74.300944, 40.510943 ] ] } },
{ "type": "Feature", "properties": { "id": "54779379-936", "name": "Garden State Parkway", "class": "motorway", "is_priority": true }, "geometry": { "type": "LineString", "coordinates": [ [ -74.300944, 40.510943 ], [ -74.300873, 40.512048 ], [ -74.30085, 40.512743 ] ] } },
{ "type": "Feature", "properties": { "id": "54779379-937", "name": "Garden State Parkway", "class": "motorway", "is_priority": true }, "geometry": { "type": "LineString", "coordinates": [ [ -74.30085, 40.512743 ], [ -74.300861, 40.513604 ], [ -74.300918, 40.514544 ] ] } },
{ "type": "Feature", "properties": { "id": "54779379-938", "name": "Garden State Parkway", "class": "motorway", "is_priority": true }, "geometry": { "type": "LineString", "coordinates": [ [ -74.300918, 40.514544 ], [ -74.301061, 40.51576 ] ] } },
{ "type": "Feature", "properties": { "id": "54927629-939", "name": "Garden State Parkway", "class": "motorway_link", "is_priority": false }, "geometry": { "type": "LineString", "coordinates": [ [ -74.300685, 40.498439 ], [ -74.30076, 40.498979 ] ] } },
{ "type": "Feature", "properties": { "id": "60011733-940", "name": "", "class": "trunk", "is_priority": true }, "geometry": { "type": "LineString", "coordinates": [ [ -74.296309, 40.536437 ], [ -74.296027, 40.536923 ], [ -74.29582, 40.537236 ], [ -74.295514, 40.537661 ], [ -74.295216, 40.538032 ] ] } },
{ "type": "Feature", "properties": { "id": "60011733-941", "name": "", "class": "trunk", "is_priority": true }, "geometry": { "type": "LineString", "coordinates": [ [ -74.295216, 40.538032 ], [ -74.293941, 40.539548 ] ] } },
{ "type": "Feature", "properties": { "id": "60011733-942", "name": "", "class": "trunk", "is_priority": true }, "geometry": { "type": "LineString", "coordinates": [ [ -74.293941, 40.539548 ], [ -74.292658, 40.541061 ] ] } },
{ "type": "Feature", "properties": { "id": "60011733-943", "name": "", "class": "trunk", "is_priority": true }, "geometry": { "type": "LineString", "coordinates": [ [ -74.292658, 40.541061 ], [ -74.292553, 40.541193 ] ] } },
{ "type": "Feature", "properties": { "id": "60725692-944", "name": "", "class": "trunk", "is_priority": true }, "geometry": { "type": "LineString", "coordinates": [ [ -74.291438, 40.543936 ], [ -74.291209, 40.545729 ] ] } },
{ "type": "Feature", "properties": { "id": "60725692-945", "name": "", "class": "trunk", "is_priority": true }, "geometry": { "type": "LineString", "coordinates": [ [ -74.291209, 40.545729 ], [ -74.29114, 40.546252 ] ] } },
{ "type": "Feature", "properties": { "id": "60725693-946", "name": "", "class": "trunk", "is_priority": true }, "geometry": { "type": "LineString", "coordinates": [ [ -74.291626, 40.542998 ], [ -74.291507, 40.543483 ], [ -74.291438, 40.543936 ] ] } },
{ "type": "Feature", "properties": { "id": "60725694-947", "name": "", "class": "trunk", "is_priority": true }, "geometry": { "type": "LineString", "coordinates": [ [ -74.291825, 40.542953 ], [ -74.292036, 40.542379 ], [ -74.292184, 40.542074 ], [ -74.292379, 40.54174 ] ] } },
{ "type": "Feature", "properties": { "id": "60725695-948", "name": "", "class": "trunk", "is_priority": true }, "geometry": { "type": "LineString", "coordinates": [ [ -74.291622, 40.543893 ], [ -74.291719, 40.543333 ], [ -74.291825, 40.542953 ] ] } },
{ "type": "Feature", "properties": { "id": "60725696-949", "name": "", "class": "trunk", "is_priority": true }, "geometry": { "type": "LineString", "coordinates": [ [ -74.292553, 40.541193 ], [ -74.292189, 40.541724 ] ] } },
{ "type": "Feature", "properties": { "id": "60725697-950", "name": "", "class": "trunk", "is_priority": true }, "geometry": { "type": "LineString", "coordinates": [ [ -74.295548, 40.537875 ], [ -74.29586, 40.537501 ], [ -74.296128, 40.537116 ], [ -74.296358, 40.536721 ], [ -74.296585, 40.536263 ] ] } },
{ "type": "Feature", "properties": { "id": "60725697-951", "name": "", "class": "trunk", "is_priority": true }, "geometry": { "type": "LineString", "coordinates": [ [ -74.296585, 40.536263 ], [ -74.296853, 40.535671 ] ] } },
{ "type": "Feature", "properties": { "id": "60725698-952", "name": "", "class": "trunk", "is_priority": true }, "geometry": { "type": "LineString", "coordinates": [ [ -74.292379, 40.54174 ], [ -74.292752, 40.541214 ] ] } },
{ "type": "Feature", "properties": { "id": "60725699-953", "name": "", "class": "trunk_link", "is_priority": false }, "geometry": { "type": "LineString", "coordinates": [ [ -74.296894, 40.536931 ], [ -74.296717, 40.536981 ], [ -74.296604, 40.536986 ], [ -74.296511, 40.536963 ], [ -74.296444, 40.536919 ], [ -74.296394, 40.536855 ], [ -74.296358, 40.536721 ] ] } },
{ "type": "Feature", "properties": { "id": "60725700-954", "name": "", "class": "trunk_link", "is_priority": false }, "geometry": { "type": "LineString", "coordinates": [ [ -74.295548, 40.537875 ], [ -74.295853, 40.537608 ], [ -74.296147, 40.53738 ], [ -74.296894, 40.536931 ] ] } },
{ "type": "Feature", "properties": { "id": "60725701-955", "name": "", "class": "trunk", "is_priority": true }, "geometry": { "type": "LineString", "coordinates": [ [ -74.292189, 40.541724 ], [ -74.292003, 40.542058 ], [ -74.291854, 40.542372 ], [ -74.291724, 40.542686 ], [ -74.291626, 40.542998 ] ] } },
{ "type": "Feature", "properties": { "id": "60725702-956", "name": "", "class": "motorway_link", "is_priority": false }, "geometry": { "type": "LineString", "coordinates": [ [ -74.297333, 40.533232 ], [ -74.2972, 40.533524 ], [ -74.297151, 40.533591 ], [ -74.297094, 40.533638 ], [ -74.296967, 40.533671 ], [ -74.296624, 40.533664 ], [ -74.296451, 40.533695 ], [ -74.296301, 40.533767 ], [ -74.29602, 40.533995 ], [ -74.295938, 40.534018 ], [ -74.295637, 40.534053 ] ] } },
{ "type": "Feature", "properties": { "id": "60725703-957", "name": "", "class": "trunk_link", "is_priority": false }, "geometry": { "type": "LineString", "coordinates": [ [ -74.295809, 40.534113 ], [ -74.295933, 40.534216 ], [ -74.296013, 40.534326 ], [ -74.296027, 40.534406 ], [ -74.296001, 40.534689 ], [ -74.296017, 40.534787 ], [ -74.296085, 40.534919 ], [ -74.296159, 40.535005 ], [ -74.296253, 40.535078 ], [ -74.296592, 40.535228 ], [ -74.296679, 40.53533 ], [ -74.29669, 40.535403 ], [ -74.296648, 40.535628 ] ] } },
{ "type": "Feature", "properties": { "id": "60725703-958", "name": "", "class": "trunk_link", "is_priority": false }, "geometry": { "type": "LineString", "coordinates": [ [ -74.296648, 40.535628 ], [ -74.296619, 40.535807 ] ] } },
{ "type": "Feature", "properties": { "id": "60725705-959", "name": "King George's Post Road", "class": "secondary", "is_priority": false }, "geometry": { "type": "LineString", "coordinates": [ [ -74.299434, 40.534848 ], [ -74.299557, 40.535308 ], [ -74.299544, 40.535438 ], [ -74.299508, 40.535514 ], [ -74.299408, 40.535624 ], [ -74.299099, 40.535824 ] ] } },
{ "type": "Feature", "properties": { "id": "60725706-960", "name": "", "class": "trunk_link", "is_priority": false }, "geometry": { "type": "LineString", "coordinates": [ [ -74.297295, 40.534363 ], [ -74.297458, 40.534123 ], [ -74.297596, 40.53402 ], [ -74.297697, 40.533988 ], [ -74.297815, 40.533982 ], [ -74.297981, 40.53402 ], [ -74.298078, 40.534077 ], [ -74.298179, 40.534169 ], [ -74.298243, 40.534277 ], [ -74.298274, 40.534402 ], [ -74.298266, 40.534495 ], [ -74.298212, 40.534581 ], [ -74.29815, 40.534625 ], [ -74.297983, 40.534677 ] ] } },
{ "type": "Feature", "properties": { "id": "60725707-961", "name": "", "class": "motorway_link", "is_priority": false }, "geometry": { "type": "LineString", "coordinates": [ [ -74.296987, 40.534841 ], [ -74.296813, 40.535016 ], [ -74.296708, 40.535068 ], [ -74.296584, 40.535088 ], [ -74.296469, 40.535084 ], [ -74.296352, 40.53505 ], [ -74.296258, 40.534999 ], [ -74.296184, 40.534931 ], [ -74.29611, 40.534815 ], [ -74.29608, 40.534686 ], [ -74.296097, 40.534555 ], [ -74.296143, 40.534464 ], [ -74.296215, 40.534406 ], [ -74.296307, 40.534371 ], [ -74.296413, 40.534362 ], [ -74.296534, 40.53437 ] ] } },
{ "type": "Feature", "properties": { "id": "60725719-962", "name": "", "class": "motorway_link", "is_priority": false }, "geometry": { "type": "LineString", "coordinates": [ [ -74.296323, 40.534296 ], [ -74.296208, 40.534144 ], [ -74.296188, 40.534067 ], [ -74.296205, 40.533994 ], [ -74.296251, 40.533916 ], [ -74.29632, 40.533853 ], [ -74.296403, 40.533798 ], [ -74.29653, 40.53375 ], [ -74.296746, 40.533739 ], [ -74.296949, 40.5338 ], [ -74.297072, 40.533896 ], [ -74.297177, 40.534108 ] ] } },
{ "type": "Feature", "properties": { "id": "61047080-963", "name": "Fayette Street", "class": "residential", "is_priority": false }, "geometry": { "type": "LineString", "coordinates": [ [ -74.26142, 40.508699 ], [ -74.263634, 40.509323 ] ] } },
{ "type": "Feature", "properties": { "id": "61047080-964", "name": "Fayette Street", "class": "residential", "is_priority": false }, "geometry": { "type": "LineString", "coordinates": [ [ -74.263634, 40.509323 ], [ -74.264456, 40.509555 ] ] } },
{ "type": "Feature", "properties": { "id": "61047082-965", "name": "Water Street", "class": "residential", "is_priority": false }, "geometry": { "type": "LineString", "coordinates": [ [ -74.263543, 40.505588 ], [ -74.262783, 40.507144 ] ] } },
{ "type": "Feature", "properties": { "id": "61047083-966", "name": "Fayette Street", "class": "residential", "is_priority": false }, "geometry": { "type": "LineString", "coordinates": [ [ -74.264456, 40.509555 ], [ -74.266666, 40.51019 ] ] } },
{ "type": "Feature", "properties": { "id": "61047083-967", "name": "Fayette Street", "class": "residential", "is_priority": false }, "geometry": { "type": "LineString", "coordinates": [ [ -74.266666, 40.51019 ], [ -74.266962, 40.510273 ] ] } },
{ "type": "Feature", "properties": { "id": "61230557-968", "name": "High Street", "class": "tertiary", "is_priority": false }, "geometry": { "type": "LineString", "coordinates": [ [ -74.265864, 40.506658 ], [ -74.266007, 40.506656 ], [ -74.266169, 40.506585 ], [ -74.266282, 40.506509 ], [ -74.266351, 40.50641 ] ] } },
{ "type": "Feature", "properties": { "id": "61230563-969", "name": "High Street", "class": "tertiary", "is_priority": false }, "geometry": { "type": "LineString", "coordinates": [ [ -74.266351, 40.50641 ], [ -74.266367, 40.506256 ], [ -74.26632, 40.506089 ], [ -74.266218, 40.505979 ] ] } },
{ "type": "Feature", "properties": { "id": "61266947-970", "name": "Paterson Street", "class": "residential", "is_priority": false }, "geometry": { "type": "LineString", "coordinates": [ [ -74.280368, 40.507274 ], [ -74.282588, 40.507887 ] ] } },
{ "type": "Feature", "properties": { "id": "61266947-971", "name": "Paterson Street", "class": "residential", "is_priority": false }, "geometry": { "type": "LineString", "coordinates": [ [ -74.282588, 40.507887 ], [ -74.282986, 40.507995 ] ] } },
{ "type": "Feature", "properties": { "id": "61833488-972", "name": "Convery Boulevard", "class": "secondary", "is_priority": false }, "geometry": { "type": "LineString", "coordinates": [ [ -74.280171, 40.527938 ], [ -74.280001, 40.528748 ] ] } },
{ "type": "Feature", "properties": { "id": "61833489-973", "name": "Convery Boulevard", "class": "secondary", "is_priority": false }, "geometry": { "type": "LineString", "coordinates": [ [ -74.279672, 40.530127 ], [ -74.279834, 40.529491 ] ] } },
{ "type": "Feature", "properties": { "id": "61833491-974", "name": "", "class": "motorway_link", "is_priority": false }, "geometry": { "type": "LineString", "coordinates": [ [ -74.274068, 40.528141 ], [ -74.274552, 40.528299 ] ] } },
{ "type": "Feature", "properties": { "id": "61833493-975", "name": "High Street", "class": "tertiary", "is_priority": false }, "geometry": { "type": "LineString", "coordinates": [ [ -74.262146, 40.527771 ], [ -74.261802, 40.527425 ] ] } },
{ "type": "Feature", "properties": { "id": "61833495-976", "name": "Grove Street", "class": "tertiary", "is_priority": false }, "geometry": { "type": "LineString", "coordinates": [ [ -74.274588, 40.527774 ], [ -74.27434, 40.527658 ], [ -74.273847, 40.527468 ], [ -74.272473, 40.526975 ] ] } },
{ "type": "Feature", "properties": { "id": "61833495-977", "name": "Grove Street", "class": "tertiary", "is_priority": false }, "geometry": { "type": "LineString", "coordinates": [ [ -74.272473, 40.526975 ], [ -74.270327, 40.526224 ] ] } },
{ "type": "Feature", "properties": { "id": "61833495-978", "name": "Grove Street", "class": "tertiary", "is_priority": false }, "geometry": { "type": "LineString", "coordinates": [ [ -74.270327, 40.526224 ], [ -74.270273, 40.526206 ] ] } },
{ "type": "Feature", "properties": { "id": "61833496-979", "name": "Amboy Avenue", "class": "tertiary", "is_priority": false }, "geometry": { "type": "LineString", "coordinates": [ [ -74.276774, 40.544449 ], [ -74.277259, 40.544997 ] ] } },
{ "type": "Feature", "properties": { "id": "61833499-980", "name": "Convery Boulevard", "class": "secondary", "is_priority": false }, "geometry": { "type": "LineString", "coordinates": [ [ -74.276838, 40.543604 ], [ -74.276897, 40.544033 ], [ -74.276979, 40.544345 ], [ -74.2771, 40.544659 ], [ -74.277259, 40.544997 ] ] } },
{ "type": "Feature", "properties": { "id": "61833500-981", "name": "State Street", "class": "tertiary", "is_priority": false }, "geometry": { "type": "LineString", "coordinates": [ [ -74.26369, 40.531732 ], [ -74.263471, 40.532412 ] ] } },
{ "type": "Feature", "properties": { "id": "62261987-982", "name": "Florida Grove Road", "class": "tertiary", "is_priority": false }, "geometry": { "type": "LineString", "coordinates": [ [ -74.289084, 40.517753 ], [ -74.28913, 40.517995 ], [ -74.28918, 40.518052 ], [ -74.289535, 40.518177 ], [ -74.289754, 40.518277 ], [ -74.289938, 40.518393 ], [ -74.290083, 40.518518 ], [ -74.290273, 40.518769 ], [ -74.29032, 40.518875 ], [ -74.290381, 40.519112 ] ] } },
{ "type": "Feature", "properties": { "id": "62261987-983", "name": "Florida Grove Road", "class": "tertiary", "is_priority": false }, "geometry": { "type": "LineString", "coordinates": [ [ -74.290381, 40.519112 ], [ -74.290434, 40.519297 ] ] } },
{ "type": "Feature", "properties": { "id": "62261988-984", "name": "Florida Grove Road", "class": "tertiary", "is_priority": false }, "geometry": { "type": "LineString", "coordinates": [ [ -74.290383, 40.518407 ], [ -74.29, 40.518293 ], [ -74.289754, 40.51819 ], [ -74.289524, 40.518065 ], [ -74.289198, 40.517832 ] ] } },
{ "type": "Feature", "properties": { "id": "85773397-985", "name": "", "class": "motorway", "is_priority": true }, "geometry": { "type": "LineString", "coordinates": [ [ -74.299169, 40.519363 ], [ -74.299739, 40.519338 ], [ -74.3003, 40.519339 ], [ -74.300924, 40.519369 ], [ -74.301523, 40.519425 ] ] } },
{ "type": "Feature", "properties": { "id": "85773397-986", "name": "", "class": "motorway", "is_priority": true }, "geometry": { "type": "LineString", "coordinates": [ [ -74.301523, 40.519425 ], [ -74.301782, 40.519459 ] ] } },
{ "type": "Feature", "properties": { "id": "86094574-987", "name": "", "class": "residential", "is_priority": false }, "geometry": { "type": "LineString", "coordinates": [ [ -74.275053, 40.548968 ], [ -74.275286, 40.548878 ] ] } },
{ "type": "Feature", "properties": { "id": "86094781-988", "name": "", "class": "motorway_link", "is_priority": false }, "geometry": { "type": "LineString", "coordinates": [ [ -74.294293, 40.541678 ], [ -74.294145, 40.541974 ], [ -74.294084, 40.542147 ], [ -74.294025, 40.542443 ] ] } },
{ "type": "Feature", "properties": { "id": "86097142-989", "name": "", "class": "motorway_link", "is_priority": false }, "geometry": { "type": "LineString", "coordinates": [ [ -74.2992, 40.534215 ], [ -74.299418, 40.534149 ], [ -74.299808, 40.533997 ], [ -74.300061, 40.533979 ] ] } },
{ "type": "Feature", "properties": { "id": "86097954-990", "name": "Outerbridge Crossing", "class": "motorway", "is_priority": true }, "geometry": { "type": "LineString", "coordinates": [ [ -74.269187, 40.526109 ], [ -74.268399, 40.525829 ], [ -74.267871, 40.525663 ], [ -74.266991, 40.525456 ] ] } },
{ "type": "Feature", "properties": { "id": "86097954-991", "name": "Outerbridge Crossing", "class": "motorway", "is_priority": true }, "geometry": { "type": "LineString", "coordinates": [ [ -74.266991, 40.525456 ], [ -74.266633, 40.525384 ], [ -74.266207, 40.525327 ], [ -74.264664, 40.52516 ] ] } },
{ "type": "Feature", "properties": { "id": "86097954-992", "name": "Outerbridge Crossing", "class": "motorway", "is_priority": true }, "geometry": { "type": "LineString", "coordinates": [ [ -74.264664, 40.52516 ], [ -74.262327, 40.524905 ] ] } },
{ "type": "Feature", "properties": { "id": "86097954-993", "name": "Outerbridge Crossing", "class": "motorway", "is_priority": true }, "geometry": { "type": "LineString", "coordinates": [ [ -74.262327, 40.524905 ], [ -74.259989, 40.524651 ] ] } },
{ "type": "Feature", "properties": { "id": "86097954-994", "name": "Outerbridge Crossing", "class": "motorway", "is_priority": true }, "geometry": { "type": "LineString", "coordinates": [ [ -74.259989, 40.524651 ], [ -74.257651, 40.524398 ] ] } },
{ "type": "Feature", "properties": { "id": "86097954-995", "name": "Outerbridge Crossing", "class": "motorway", "is_priority": true }, "geometry": { "type": "LineString", "coordinates": [ [ -74.257651, 40.524398 ], [ -74.256691, 40.524323 ], [ -74.255817, 40.524302 ], [ -74.255296, 40.524309 ] ] } },
{ "type": "Feature", "properties": { "id": "86097954-996", "name": "Outerbridge Crossing", "class": "motorway", "is_priority": true }, "geometry": { "type": "LineString", "coordinates": [ [ -74.255296, 40.524309 ], [ -74.25294, 40.524428 ] ] } },
{ "type": "Feature", "properties": { "id": "86097954-997", "name": "Outerbridge Crossing", "class": "motorway", "is_priority": true }, "geometry": { "type": "LineString", "coordinates": [ [ -74.25294, 40.524428 ], [ -74.251825, 40.524486 ] ] } },
{ "type": "Feature", "properties": { "id": "86097957-998", "name": "Outerbridge Crossing", "class": "motorway", "is_priority": true }, "geometry": { "type": "LineString", "coordinates": [ [ -74.254207, 40.524433 ], [ -74.255366, 40.524377 ], [ -74.256049, 40.524375 ], [ -74.256566, 40.52439 ] ] } },
{ "type": "Feature", "properties": { "id": "86097957-999", "name": "Outerbridge Crossing", "class": "motorway", "is_priority": true }, "geometry": { "type": "LineString", "coordinates": [ [ -74.256566, 40.52439 ], [ -74.25709, 40.524418 ], [ -74.257807, 40.524485 ] ] } },
{ "type": "Feature", "properties": { "id": "86098635-1000", "name": "Florida Grove Road", "class": "tertiary", "is_priority": false }, "geometry": { "type": "LineString", "coordinates": [ [ -74.290268, 40.52088 ], [ -74.290044, 40.522671 ] ] } },
{ "type": "Feature", "properties": { "id": "86098636-1001", "name": "Florida Grove Road", "class": "tertiary", "is_priority": false }, "geometry": { "type": "LineString", "coordinates": [ [ -74.290361, 40.520245 ], [ -74.290268, 40.52088 ] ] } },
{ "type": "Feature", "properties": { "id": "86098871-1002", "name": "Pershing Avenue", "class": "residential", "is_priority": false }, "geometry": { "type": "LineString", "coordinates": [ [ -74.277349, 40.528362 ], [ -74.27751, 40.527597 ] ] } },
{ "type": "Feature", "properties": { "id": "86197949-1003", "name": "", "class": "primary", "is_priority": true }, "geometry": { "type": "LineString", "coordinates": [ [ -74.295648, 40.503096 ], [ -74.296882, 40.501561 ] ] } },
{ "type": "Feature", "properties": { "id": "86197949-1004", "name": "", "class": "primary", "is_priority": true }, "geometry": { "type": "LineString", "coordinates": [ [ -74.296882, 40.501561 ], [ -74.297168, 40.501146 ], [ -74.297389, 40.500739 ], [ -74.297565, 40.500324 ], [ -74.297701, 40.49988 ] ] } },
{ "type": "Feature", "properties": { "id": "86197949-1005", "name": "", "class": "primary", "is_priority": true }, "geometry": { "type": "LineString", "coordinates": [ [ -74.297701, 40.49988 ], [ -74.297798, 40.499384 ], [ -74.297832, 40.49906 ], [ -74.297841, 40.49865 ], [ -74.297812, 40.498182 ] ] } },
{ "type": "Feature", "properties": { "id": "86197951-1006", "name": "Victory Bridge", "class": "primary", "is_priority": true }, "geometry": { "type": "LineString", "coordinates": [ [ -74.287948, 40.512605 ], [ -74.289072, 40.51102 ] ] } },
{ "type": "Feature", "properties": { "id": "86197951-1007", "name": "Victory Bridge", "class": "primary", "is_priority": true }, "geometry": { "type": "LineString", "coordinates": [ [ -74.289072, 40.51102 ], [ -74.2897, 40.510154 ], [ -74.29026, 40.509464 ] ] } },
{ "type": "Feature", "properties": { "id": "86197951-1008", "name": "Victory Bridge", "class": "primary", "is_priority": true }, "geometry": { "type": "LineString", "coordinates": [ [ -74.29026, 40.509464 ], [ -74.291578, 40.50797 ] ] } },
{ "type": "Feature", "properties": { "id": "86197951-1009", "name": "Victory Bridge", "class": "primary", "is_priority": true }, "geometry": { "type": "LineString", "coordinates": [ [ -74.291578, 40.50797 ], [ -74.292382, 40.507057 ], [ -74.292874, 40.506464 ] ] } },
{ "type": "Feature", "properties": { "id": "86197951-1010", "name": "Victory Bridge", "class": "primary", "is_priority": true }, "geometry": { "type": "LineString", "coordinates": [ [ -74.292874, 40.506464 ], [ -74.293713, 40.505379 ], [ -74.294089, 40.50492 ] ] } },
{ "type": "Feature", "properties": { "id": "86197951-1011", "name": "Victory Bridge", "class": "primary", "is_priority": true }, "geometry": { "type": "LineString", "coordinates": [ [ -74.294089, 40.50492 ], [ -74.295377, 40.50341 ] ] } },
{ "type": "Feature", "properties": { "id": "86197951-1012", "name": "Victory Bridge", "class": "primary", "is_priority": true }, "geometry": { "type": "LineString", "coordinates": [ [ -74.295377, 40.50341 ], [ -74.295648, 40.503096 ] ] } },
{ "type": "Feature", "properties": { "id": "86197986-1013", "name": "Victory Bridge", "class": "primary", "is_priority": true }, "geometry": { "type": "LineString", "coordinates": [ [ -74.295528, 40.50307 ], [ -74.294235, 40.504577 ] ] } },
{ "type": "Feature", "properties": { "id": "86197986-1014", "name": "Victory Bridge", "class": "primary", "is_priority": true }, "geometry": { "type": "LineString", "coordinates": [ [ -74.294235, 40.504577 ], [ -74.293736, 40.505175 ], [ -74.293009, 40.506117 ] ] } },
{ "type": "Feature", "properties": { "id": "86197986-1015", "name": "Victory Bridge", "class": "primary", "is_priority": true }, "geometry": { "type": "LineString", "coordinates": [ [ -74.293009, 40.506117 ], [ -74.292405, 40.506862 ], [ -74.291733, 40.507632 ] ] } },
{ "type": "Feature", "properties": { "id": "86197986-1016", "name": "Victory Bridge", "class": "primary", "is_priority": true }, "geometry": { "type": "LineString", "coordinates": [ [ -74.291733, 40.507632 ], [ -74.290413, 40.509126 ] ] } },
{ "type": "Feature", "properties": { "id": "86197986-1017", "name": "Victory Bridge", "class": "primary", "is_priority": true }, "geometry": { "type": "LineString", "coordinates": [ [ -74.290413, 40.509126 ], [ -74.289779, 40.509875 ], [ -74.289188, 40.510665 ] ] } },
{ "type": "Feature", "properties": { "id": "86197986-1018", "name": "Victory Bridge", "class": "primary", "is_priority": true }, "geometry": { "type": "LineString", "coordinates": [ [ -74.289188, 40.510665 ], [ -74.28805, 40.512243 ] ] } },
{ "type": "Feature", "properties": { "id": "86197986-1019", "name": "Victory Bridge", "class": "primary", "is_priority": true }, "geometry": { "type": "LineString", "coordinates": [ [ -74.28805, 40.512243 ], [ -74.287824, 40.51255 ] ] } },
{ "type": "Feature", "properties": { "id": "90553630-1020", "name": "", "class": "motorway", "is_priority": true }, "geometry": { "type": "LineString", "coordinates": [ [ -74.270511, 40.52655 ], [ -74.269268, 40.526137 ] ] } },
{ "type": "Feature", "properties": { "id": "96660133-1021", "name": "", "class": "trunk_link", "is_priority": false }, "geometry": { "type": "LineString", "coordinates": [ [ -74.296494, 40.536079 ], [ -74.296371, 40.536131 ], [ -74.296274, 40.536133 ], [ -74.296183, 40.536111 ], [ -74.296095, 40.53606 ] ] } },
{ "type": "Feature", "properties": { "id": "96660182-1022", "name": "Park Road", "class": "unclassified", "is_priority": false }, "geometry": { "type": "LineString", "coordinates": [ [ -74.298709, 40.53602 ], [ -74.298886, 40.536221 ] ] } },
{ "type": "Feature", "properties": { "id": "96661067-1023", "name": "", "class": "trunk_link", "is_priority": false }, "geometry": { "type": "LineString", "coordinates": [ [ -74.293915, 40.539815 ], [ -74.294135, 40.539701 ], [ -74.294306, 40.539665 ], [ -74.294462, 40.539692 ], [ -74.294607, 40.539769 ] ] } },
{ "type": "Feature", "properties": { "id": "96661068-1024", "name": "", "class": "trunk_link", "is_priority": false }, "geometry": { "type": "LineString", "coordinates": [ [ -74.294607, 40.539769 ], [ -74.294457, 40.539584 ], [ -74.29441, 40.539496 ], [ -74.2944, 40.539359 ], [ -74.29446, 40.539168 ] ] } },
{ "type": "Feature", "properties": { "id": "116563659-1025", "name": "Harding Avenue", "class": "secondary", "is_priority": false }, "geometry": { "type": "LineString", "coordinates": [ [ -74.282095, 40.528196 ], [ -74.280829, 40.52804 ], [ -74.280552, 40.527987 ], [ -74.280171, 40.527938 ] ] } },
{ "type": "Feature", "properties": { "id": "116645661-1026", "name": "", "class": "trunk", "is_priority": true }, "geometry": { "type": "LineString", "coordinates": [ [ -74.291317, 40.546166 ], [ -74.291556, 40.544373 ] ] } },
{ "type": "Feature", "properties": { "id": "116645661-1027", "name": "", "class": "trunk", "is_priority": true }, "geometry": { "type": "LineString", "coordinates": [ [ -74.291556, 40.544373 ], [ -74.291622, 40.543893 ] ] } },
{ "type": "Feature", "properties": { "id": "120718283-1028", "name": "", "class": "motorway", "is_priority": true }, "geometry": { "type": "LineString", "coordinates": [ [ -74.299066, 40.524366 ], [ -74.298665, 40.525325 ] ] } },
{ "type": "Feature", "properties": { "id": "120718300-1029", "name": "", "class": "motorway_link", "is_priority": false }, "geometry": { "type": "LineString", "coordinates": [ [ -74.299342, 40.523514 ], [ -74.299066, 40.524366 ] ] } },
{ "type": "Feature", "properties": { "id": "120718301-1030", "name": "", "class": "motorway_link", "is_priority": false }, "geometry": { "type": "LineString", "coordinates": [ [ -74.29973, 40.520759 ], [ -74.299691, 40.521688 ], [ -74.299636, 40.522191 ], [ -74.299575, 40.522555 ] ] } },
{ "type": "Feature", "properties": { "id": "120718301-1031", "name": "", "class": "motorway_link", "is_priority": false }, "geometry": { "type": "LineString", "coordinates": [ [ -74.299575, 40.522555 ], [ -74.299342, 40.523514 ] ] } },
{ "type": "Feature", "properties": { "id": "122095952-1032", "name": "New Jersey Turnpike", "class": "motorway", "is_priority": true }, "geometry": { "type": "LineString", "coordinates": [ [ -74.278864, 40.548055 ], [ -74.277481, 40.548836 ], [ -74.276977, 40.549139 ] ] } },
{ "type": "Feature", "properties": { "id": "122095952-1033", "name": "New Jersey Turnpike", "class": "motorway", "is_priority": true }, "geometry": { "type": "LineString", "coordinates": [ [ -74.276977, 40.549139 ], [ -74.275132, 40.550263 ] ] } },
{ "type": "Feature", "properties": { "id": "122095952-1034", "name": "New Jersey Turnpike", "class": "motorway", "is_priority": true }, "geometry": { "type": "LineString", "coordinates": [ [ -74.275132, 40.550263 ], [ -74.273281, 40.551382 ] ] } },
{ "type": "Feature", "properties": { "id": "122095952-1035", "name": "New Jersey Turnpike", "class": "motorway", "is_priority": true }, "geometry": { "type": "LineString", "coordinates": [ [ -74.273281, 40.551382 ], [ -74.272719, 40.55171 ] ] } },
{ "type": "Feature", "properties": { "id": "122095961-1036", "name": "New Jersey Turnpike", "class": "motorway", "is_priority": true }, "geometry": { "type": "LineString", "coordinates": [ [ -74.28581, 40.545762 ], [ -74.286903, 40.545397 ], [ -74.287999, 40.545088 ] ] } },
{ "type": "Feature", "properties": { "id": "122095961-1037", "name": "New Jersey Turnpike", "class": "motorway", "is_priority": true }, "geometry": { "type": "LineString", "coordinates": [ [ -74.287999, 40.545088 ], [ -74.288971, 40.544835 ], [ -74.290247, 40.544538 ] ] } },
{ "type": "Feature", "properties": { "id": "122095961-1038", "name": "New Jersey Turnpike", "class": "motorway", "is_priority": true }, "geometry": { "type": "LineString", "coordinates": [ [ -74.290247, 40.544538 ], [ -74.291165, 40.544344 ] ] } },
{ "type": "Feature", "properties": { "id": "122603867-1039", "name": "", "class": "motorway_link", "is_priority": false }, "geometry": { "type": "LineString", "coordinates": [ [ -74.300861, 40.515954 ], [ -74.300978, 40.516377 ], [ -74.301011, 40.516714 ], [ -74.301029, 40.517297 ], [ -74.301017, 40.517745 ] ] } },
{ "type": "Feature", "properties": { "id": "122603867-1040", "name": "", "class": "motorway_link", "is_priority": false }, "geometry": { "type": "LineString", "coordinates": [ [ -74.301017, 40.517745 ], [ -74.300865, 40.519311 ], [ -74.300874, 40.519542 ] ] } },
{ "type": "Feature", "properties": { "id": "122603867-1041", "name": "", "class": "motorway_link", "is_priority": false }, "geometry": { "type": "LineString", "coordinates": [ [ -74.300874, 40.519542 ], [ -74.300884, 40.519801 ] ] } },
{ "type": "Feature", "properties": { "id": "122603884-1042", "name": "Garden State Parkway", "class": "motorway", "is_priority": true }, "geometry": { "type": "LineString", "coordinates": [ [ -74.299793, 40.524421 ], [ -74.300291, 40.523292 ], [ -74.300521, 40.522708 ] ] } },
{ "type": "Feature", "properties": { "id": "122603884-1043", "name": "Garden State Parkway", "class": "motorway", "is_priority": true }, "geometry": { "type": "LineString", "coordinates": [ [ -74.300521, 40.522708 ], [ -74.300815, 40.521734 ], [ -74.300978, 40.520997 ] ] } },
{ "type": "Feature", "properties": { "id": "122603948-1044", "name": "", "class": "motorway_link", "is_priority": false }, "geometry": { "type": "LineString", "coordinates": [ [ -74.300388, 40.519437 ], [ -74.300208, 40.519881 ], [ -74.300028, 40.520166 ], [ -74.299895, 40.520286 ], [ -74.2997, 40.520418 ], [ -74.299517, 40.52051 ], [ -74.299234, 40.520619 ] ] } },
{ "type": "Feature", "properties": { "id": "124801545-1045", "name": "New Jersey Turnpike", "class": "motorway", "is_priority": true }, "geometry": { "type": "LineString", "coordinates": [ [ -74.280471, 40.54795 ], [ -74.281326, 40.547545 ] ] } },
{ "type": "Feature", "properties": { "id": "148880066-1046", "name": "Washington Street", "class": "residential", "is_priority": false }, "geometry": { "type": "LineString", "coordinates": [ [ -74.271104, 40.515153 ], [ -74.273317, 40.51578 ] ] } },
{ "type": "Feature", "properties": { "id": "148880066-1047", "name": "Washington Street", "class": "residential", "is_priority": false }, "geometry": { "type": "LineString", "coordinates": [ [ -74.273317, 40.51578 ], [ -74.275531, 40.516407 ] ] } },
{ "type": "Feature", "properties": { "id": "148880066-1048", "name": "Washington Street", "class": "residential", "is_priority": false }, "geometry": { "type": "LineString", "coordinates": [ [ -74.275531, 40.516407 ], [ -74.277744, 40.517034 ] ] } },
{ "type": "Feature", "properties": { "id": "148880066-1049", "name": "Washington Street", "class": "residential", "is_priority": false }, "geometry": { "type": "LineString", "coordinates": [ [ -74.277744, 40.517034 ], [ -74.279228, 40.517454 ] ] } },
{ "type": "Feature", "properties": { "id": "148880070-1050", "name": "Smith Street", "class": "tertiary", "is_priority": false }, "geometry": { "type": "LineString", "coordinates": [ [ -74.273547, 40.510154 ], [ -74.273226, 40.510065 ] ] } },
{ "type": "Feature", "properties": { "id": "148880077-1051", "name": "Hall Avenue Honorary Avenida Puerto Rico", "class": "residential", "is_priority": false }, "geometry": { "type": "LineString", "coordinates": [ [ -74.262081, 40.518967 ], [ -74.262254, 40.518951 ] ] } },
{ "type": "Feature", "properties": { "id": "148880090-1052", "name": "Smith Street", "class": "tertiary", "is_priority": false }, "geometry": { "type": "LineString", "coordinates": [ [ -74.273226, 40.510065 ], [ -74.271008, 40.509449 ] ] } },
{ "type": "Feature", "properties": { "id": "148880090-1053", "name": "Smith Street", "class": "tertiary", "is_priority": false }, "geometry": { "type": "LineString", "coordinates": [ [ -74.271008, 40.509449 ], [ -74.26879, 40.508833 ] ] } },
{ "type": "Feature", "properties": { "id": "148880090-1054", "name": "Smith Street", "class": "tertiary", "is_priority": false }, "geometry": { "type": "LineString", "coordinates": [ [ -74.26879, 40.508833 ], [ -74.267804, 40.50856 ] ] } },
{ "type": "Feature", "properties": { "id": "148880096-1055", "name": "Market Street", "class": "tertiary", "is_priority": false }, "geometry": { "type": "LineString", "coordinates": [ [ -74.273924, 40.508516 ], [ -74.274335, 40.508631 ] ] } },
{ "type": "Feature", "properties": { "id": "148880110-1056", "name": "Hall Avenue", "class": "residential", "is_priority": false }, "geometry": { "type": "LineString", "coordinates": [ [ -74.268755, 40.52002 ], [ -74.269189, 40.520109 ] ] } },
{ "type": "Feature", "properties": { "id": "148880114-1057", "name": "New Brunswick Avenue", "class": "tertiary", "is_priority": false }, "geometry": { "type": "LineString", "coordinates": [ [ -74.271807, 40.512805 ], [ -74.272198, 40.513046 ] ] } },
{ "type": "Feature", "properties": { "id": "148880118-1058", "name": "Hall Avenue", "class": "residential", "is_priority": false }, "geometry": { "type": "LineString", "coordinates": [ [ -74.269189, 40.520109 ], [ -74.271469, 40.520574 ] ] } },
{ "type": "Feature", "properties": { "id": "148880118-1059", "name": "Hall Avenue", "class": "residential", "is_priority": false }, "geometry": { "type": "LineString", "coordinates": [ [ -74.271469, 40.520574 ], [ -74.27375, 40.52104 ] ] } },
{ "type": "Feature", "properties": { "id": "148880118-1060", "name": "Hall Avenue", "class": "residential", "is_priority": false }, "geometry": { "type": "LineString", "coordinates": [ [ -74.27375, 40.52104 ], [ -74.276031, 40.521505 ] ] } },
{ "type": "Feature", "properties": { "id": "148880118-1061", "name": "Hall Avenue", "class": "residential", "is_priority": false }, "geometry": { "type": "LineString", "coordinates": [ [ -74.276031, 40.521505 ], [ -74.276354, 40.521571 ] ] } },
{ "type": "Feature", "properties": { "id": "148880143-1062", "name": "Washington Street", "class": "residential", "is_priority": false }, "geometry": { "type": "LineString", "coordinates": [ [ -74.270851, 40.515081 ], [ -74.271104, 40.515153 ] ] } },
{ "type": "Feature", "properties": { "id": "148880150-1063", "name": "Fayette Street", "class": "tertiary", "is_priority": false }, "geometry": { "type": "LineString", "coordinates": [ [ -74.272369, 40.511817 ], [ -74.272745, 40.511924 ] ] } },
{ "type": "Feature", "properties": { "id": "148880154-1064", "name": "New Brunswick Avenue", "class": "tertiary", "is_priority": false }, "geometry": { "type": "LineString", "coordinates": [ [ -74.282901, 40.519625 ], [ -74.283112, 40.519736 ] ] } },
{ "type": "Feature", "properties": { "id": "148880175-1065", "name": "Market Street", "class": "tertiary", "is_priority": false }, "geometry": { "type": "LineString", "coordinates": [ [ -74.274335, 40.508631 ], [ -74.276553, 40.509247 ] ] } },
{ "type": "Feature", "properties": { "id": "148880175-1066", "name": "Market Street", "class": "tertiary", "is_priority": false }, "geometry": { "type": "LineString", "coordinates": [ [ -74.276553, 40.509247 ], [ -74.278771, 40.509864 ] ] } },
{ "type": "Feature", "properties": { "id": "148880175-1067", "name": "Market Street", "class": "tertiary", "is_priority": false }, "geometry": { "type": "LineString", "coordinates": [ [ -74.278771, 40.509864 ], [ -74.280989, 40.510481 ] ] } },
{ "type": "Feature", "properties": { "id": "148880175-1068", "name": "Market Street", "class": "tertiary", "is_priority": false }, "geometry": { "type": "LineString", "coordinates": [ [ -74.280989, 40.510481 ], [ -74.283207, 40.511098 ] ] } },
{ "type": "Feature", "properties": { "id": "148880175-1069", "name": "Market Street", "class": "tertiary", "is_priority": false }, "geometry": { "type": "LineString", "coordinates": [ [ -74.283207, 40.511098 ], [ -74.283325, 40.511131 ] ] } },
{ "type": "Feature", "properties": { "id": "148887451-1070", "name": "Cutters Dock Road", "class": "residential", "is_priority": false }, "geometry": { "type": "LineString", "coordinates": [ [ -74.271933, 40.544257 ], [ -74.27408, 40.543506 ] ] } },
{ "type": "Feature", "properties": { "id": "148887451-1071", "name": "Cutters Dock Road", "class": "residential", "is_priority": false }, "geometry": { "type": "LineString", "coordinates": [ [ -74.27408, 40.543506 ], [ -74.275357, 40.543049 ] ] } },
{ "type": "Feature", "properties": { "id": "148887452-1072", "name": "Cutters Dock Road", "class": "residential", "is_priority": false }, "geometry": { "type": "LineString", "coordinates": [ [ -74.271585, 40.54437 ], [ -74.271933, 40.544257 ] ] } },
{ "type": "Feature", "properties": { "id": "171926106-1073", "name": "", "class": "motorway_link", "is_priority": false }, "geometry": { "type": "LineString", "coordinates": [ [ -74.300616, 40.539553 ], [ -74.30027, 40.539488 ], [ -74.299015, 40.539563 ] ] } },
{ "type": "Feature", "properties": { "id": "175783595-1074", "name": "Central Place", "class": "residential", "is_priority": false }, "geometry": { "type": "LineString", "coordinates": [ [ -74.262929, 40.524264 ], [ -74.26273, 40.524866 ] ] } },
{ "type": "Feature", "properties": { "id": "175783596-1075", "name": "Great Beds Court", "class": "residential", "is_priority": false }, "geometry": { "type": "LineString", "coordinates": [ [ -74.261073, 40.517126 ], [ -74.260766, 40.517164 ], [ -74.260624, 40.517206 ], [ -74.260289, 40.51735 ], [ -74.259952, 40.517539 ], [ -74.259697, 40.517731 ], [ -74.259356, 40.518228 ] ] } },
{ "type": "Feature", "properties": { "id": "175783596-1076", "name": "Great Beds Court", "class": "residential", "is_priority": false }, "geometry": { "type": "LineString", "coordinates": [ [ -74.259356, 40.518228 ], [ -74.259317, 40.518359 ] ] } },
{ "type": "Feature", "properties": { "id": "175783597-1077", "name": "Harbortown Boulevard", "class": "residential", "is_priority": false }, "geometry": { "type": "LineString", "coordinates": [ [ -74.260157, 40.5191 ], [ -74.260159, 40.519213 ], [ -74.260121, 40.519375 ], [ -74.259552, 40.520445 ], [ -74.259492, 40.520529 ], [ -74.259304, 40.520704 ], [ -74.259249, 40.520726 ] ] } },
{ "type": "Feature", "properties": { "id": "175783597-1078", "name": "Harbortown Boulevard", "class": "residential", "is_priority": false }, "geometry": { "type": "LineString", "coordinates": [ [ -74.259249, 40.520726 ], [ -74.258901, 40.520843 ], [ -74.258696, 40.520838 ], [ -74.258462, 40.520773 ], [ -74.257937, 40.520571 ], [ -74.257117, 40.520224 ] ] } },
{ "type": "Feature", "properties": { "id": "175783597-1079", "name": "Harbortown Boulevard", "class": "residential", "is_priority": false }, "geometry": { "type": "LineString", "coordinates": [ [ -74.257117, 40.520224 ], [ -74.256847, 40.520094 ], [ -74.256336, 40.5198 ] ] } },
{ "type": "Feature", "properties": { "id": "175783598-1080", "name": "Long Ferry Road", "class": "residential", "is_priority": false }, "geometry": { "type": "LineString", "coordinates": [ [ -74.259304, 40.520704 ], [ -74.259533, 40.52096 ], [ -74.259656, 40.521054 ], [ -74.259825, 40.521151 ], [ -74.260811, 40.521515 ], [ -74.260988, 40.521566 ] ] } },
{ "type": "Feature", "properties": { "id": "179905358-1081", "name": "Union Court", "class": "residential", "is_priority": false }, "geometry": { "type": "LineString", "coordinates": [ [ -74.275316, 40.513802 ], [ -74.275992, 40.513995 ], [ -74.276131, 40.514087 ], [ -74.27704, 40.514322 ], [ -74.277116, 40.514312 ], [ -74.277157, 40.514279 ], [ -74.277273, 40.514022 ] ] } },
{ "type": "Feature", "properties": { "id": "179905358-1082", "name": "Union Court", "class": "residential", "is_priority": false }, "geometry": { "type": "LineString", "coordinates": [ [ -74.277273, 40.514022 ], [ -74.277282, 40.514001 ] ] } },
{ "type": "Feature", "properties": { "id": "180020320-1083", "name": "Flynn Court", "class": "residential", "is_priority": false }, "geometry": { "type": "LineString", "coordinates": [ [ -74.262016, 40.519851 ], [ -74.261872, 40.519729 ], [ -74.261294, 40.519598 ] ] } },
{ "type": "Feature", "properties": { "id": "180020338-1084", "name": "Peterson Court", "class": "residential", "is_priority": false }, "geometry": { "type": "LineString", "coordinates": [ [ -74.259737, 40.521103 ], [ -74.259923, 40.520858 ], [ -74.260296, 40.520248 ], [ -74.259754, 40.52007 ] ] } },
{ "type": "Feature", "properties": { "id": "180020343-1085", "name": "Brocek Court", "class": "residential", "is_priority": false }, "geometry": { "type": "LineString", "coordinates": [ [ -74.260318, 40.521336 ], [ -74.260889, 40.520422 ] ] } },
{ "type": "Feature", "properties": { "id": "180655990-1086", "name": "Federal Court", "class": "residential", "is_priority": false }, "geometry": { "type": "LineString", "coordinates": [ [ -74.278542, 40.514299 ], [ -74.278726, 40.513859 ], [ -74.27849, 40.513798 ], [ -74.278285, 40.514238 ] ] } },
{ "type": "Feature", "properties": { "id": "183056597-1087", "name": "", "class": "residential", "is_priority": false }, "geometry": { "type": "LineString", "coordinates": [ [ -74.26031, 40.519738 ], [ -74.260442, 40.519492 ], [ -74.260521, 40.519278 ], [ -74.260521, 40.519082 ], [ -74.260487, 40.518945 ] ] } },
{ "type": "Feature", "properties": { "id": "196553825-1088", "name": "", "class": "motorway_link", "is_priority": false }, "geometry": { "type": "LineString", "coordinates": [ [ -74.298856, 40.496395 ], [ -74.298865, 40.49617 ], [ -74.298901, 40.496086 ], [ -74.298957, 40.496014 ], [ -74.299096, 40.495916 ], [ -74.299454, 40.495739 ] ] } },
{ "type": "Feature", "properties": { "id": "196553828-1089", "name": "", "class": "motorway", "is_priority": true }, "geometry": { "type": "LineString", "coordinates": [ [ -74.298027, 40.495834 ], [ -74.297839, 40.49543 ], [ -74.297685, 40.494986 ], [ -74.297573, 40.494513 ], [ -74.297517, 40.494082 ] ] } },
{ "type": "Feature", "properties": { "id": "196553828-1090", "name": "", "class": "motorway", "is_priority": true }, "geometry": { "type": "LineString", "coordinates": [ [ -74.297517, 40.494082 ], [ -74.297498, 40.49365 ], [ -74.297529, 40.493187 ] ] } },
{ "type": "Feature", "properties": { "id": "196553830-1091", "name": "", "class": "motorway_link", "is_priority": false }, "geometry": { "type": "LineString", "coordinates": [ [ -74.297789, 40.497912 ], [ -74.297824, 40.497584 ], [ -74.297819, 40.497396 ], [ -74.297838, 40.497328 ], [ -74.297882, 40.497269 ], [ -74.297994, 40.497203 ], [ -74.298128, 40.497186 ], [ -74.29827, 40.497212 ], [ -74.298398, 40.497268 ] ] } },
{ "type": "Feature", "properties": { "id": "196553831-1092", "name": "", "class": "trunk_link", "is_priority": false }, "geometry": { "type": "LineString", "coordinates": [ [ -74.297676, 40.494025 ], [ -74.297691, 40.493857 ], [ -74.297727, 40.493808 ], [ -74.297814, 40.49378 ], [ -74.297958, 40.493797 ] ] } },
{ "type": "Feature", "properties": { "id": "196553832-1093", "name": "", "class": "motorway_link", "is_priority": false }, "geometry": { "type": "LineString", "coordinates": [ [ -74.300021, 40.499084 ], [ -74.299905, 40.498645 ], [ -74.299715, 40.498169 ], [ -74.29959, 40.497927 ], [ -74.299262, 40.497386 ] ] } },
{ "type": "Feature", "properties": { "id": "196553832-1094", "name": "", "class": "motorway_link", "is_priority": false }, "geometry": { "type": "LineString", "coordinates": [ [ -74.299262, 40.497386 ], [ -74.299049, 40.497001 ] ] } },
{ "type": "Feature", "properties": { "id": "196553833-1095", "name": "", "class": "motorway", "is_priority": true }, "geometry": { "type": "LineString", "coordinates": [ [ -74.298531, 40.496653 ], [ -74.298226, 40.496189 ], [ -74.298027, 40.495834 ] ] } },
{ "type": "Feature", "properties": { "id": "196553839-1096", "name": "Riverton Boulevard", "class": "primary", "is_priority": true }, "geometry": { "type": "LineString", "coordinates": [ [ -74.29804, 40.496667 ], [ -74.298249, 40.496387 ], [ -74.298337, 40.496298 ], [ -74.298478, 40.496165 ], [ -74.29869, 40.496049 ] ] } },
{ "type": "Feature", "properties": { "id": "196553841-1097", "name": "", "class": "motorway_link", "is_priority": false }, "geometry": { "type": "LineString", "coordinates": [ [ -74.297682, 40.496433 ], [ -74.297573, 40.496429 ], [ -74.297451, 40.496397 ], [ -74.297068, 40.496202 ], [ -74.297002, 40.496138 ], [ -74.296961, 40.496061 ], [ -74.296957, 40.495918 ], [ -74.297026, 40.495802 ], [ -74.297104, 40.495739 ], [ -74.297247, 40.495689 ], [ -74.297367, 40.49568 ], [ -74.297529, 40.495717 ], [ -74.297611, 40.495759 ], [ -74.297695, 40.495828 ], [ -74.297818, 40.496009 ] ] } },
{ "type": "Feature", "properties": { "id": "196553843-1098", "name": "Main Street", "class": "secondary", "is_priority": false }, "geometry": { "type": "LineString", "coordinates": [ [ -74.297312, 40.496576 ], [ -74.297079, 40.496439 ], [ -74.296884, 40.496279 ] ] } },
{ "type": "Feature", "properties": { "id": "196553846-1099", "name": "", "class": "motorway", "is_priority": true }, "geometry": { "type": "LineString", "coordinates": [ [ -74.298894, 40.497481 ], [ -74.299472, 40.498393 ], [ -74.299789, 40.498976 ] ] } },
{ "type": "Feature", "properties": { "id": "196553847-1100", "name": "", "class": "trunk_link", "is_priority": false }, "geometry": { "type": "LineString", "coordinates": [ [ -74.297958, 40.493797 ], [ -74.297713, 40.493675 ], [ -74.297656, 40.493621 ], [ -74.297609, 40.493534 ] ] } },
{ "type": "Feature", "properties": { "id": "196553852-1101", "name": "", "class": "motorway", "is_priority": true }, "geometry": { "type": "LineString", "coordinates": [ [ -74.297364, 40.493089 ], [ -74.297328, 40.493608 ], [ -74.297339, 40.494037 ], [ -74.297387, 40.494447 ], [ -74.297481, 40.494882 ] ] } },
{ "type": "Feature", "properties": { "id": "196553852-1102", "name": "", "class": "motorway", "is_priority": true }, "geometry": { "type": "LineString", "coordinates": [ [ -74.297481, 40.494882 ], [ -74.297673, 40.495459 ], [ -74.297919, 40.495973 ] ] } },
{ "type": "Feature", "properties": { "id": "196553854-1103", "name": "", "class": "primary", "is_priority": true }, "geometry": { "type": "LineString", "coordinates": [ [ -74.297664, 40.497993 ], [ -74.297718, 40.49846 ], [ -74.297726, 40.498911 ], [ -74.297686, 40.49936 ], [ -74.297606, 40.499787 ] ] } },
{ "type": "Feature", "properties": { "id": "196553854-1104", "name": "", "class": "primary", "is_priority": true }, "geometry": { "type": "LineString", "coordinates": [ [ -74.297606, 40.499787 ], [ -74.297471, 40.500248 ], [ -74.2973, 40.500661 ], [ -74.297072, 40.501085 ], [ -74.29681, 40.501474 ] ] } },
{ "type": "Feature", "properties": { "id": "196553854-1105", "name": "", "class": "primary", "is_priority": true }, "geometry": { "type": "LineString", "coordinates": [ [ -74.29681, 40.501474 ], [ -74.295577, 40.50301 ] ] } },
{ "type": "Feature", "properties": { "id": "196553854-1106", "name": "", "class": "primary", "is_priority": true }, "geometry": { "type": "LineString", "coordinates": [ [ -74.295577, 40.50301 ], [ -74.295528, 40.50307 ] ] } },
{ "type": "Feature", "properties": { "id": "196553857-1107", "name": "", "class": "motorway", "is_priority": true }, "geometry": { "type": "LineString", "coordinates": [ [ -74.297919, 40.495973 ], [ -74.298149, 40.496367 ], [ -74.298446, 40.496809 ] ] } },
{ "type": "Feature", "properties": { "id": "196553859-1108", "name": "Victory Plaza", "class": "primary", "is_priority": true }, "geometry": { "type": "LineString", "coordinates": [ [ -74.297789, 40.497912 ], [ -74.297752, 40.497422 ] ] } },
{ "type": "Feature", "properties": { "id": "196553863-1109", "name": "", "class": "trunk_link", "is_priority": false }, "geometry": { "type": "LineString", "coordinates": [ [ -74.299135, 40.495734 ], [ -74.29885, 40.495788 ], [ -74.298735, 40.495784 ], [ -74.298469, 40.495642 ] ] } },
{ "type": "Feature", "properties": { "id": "196553865-1110", "name": "", "class": "motorway_link", "is_priority": false }, "geometry": { "type": "LineString", "coordinates": [ [ -74.298437, 40.497309 ], [ -74.29906, 40.498019 ], [ -74.29968, 40.498839 ] ] } },
{ "type": "Feature", "properties": { "id": "196553865-1111", "name": "", "class": "motorway_link", "is_priority": false }, "geometry": { "type": "LineString", "coordinates": [ [ -74.29968, 40.498839 ], [ -74.299789, 40.498976 ] ] } },
{ "type": "Feature", "properties": { "id": "196553866-1112", "name": "", "class": "trunk_link", "is_priority": false }, "geometry": { "type": "LineString", "coordinates": [ [ -74.297364, 40.493089 ], [ -74.297255, 40.493393 ], [ -74.297197, 40.493919 ], [ -74.297197, 40.49434 ], [ -74.297253, 40.494875 ] ] } },
{ "type": "Feature", "properties": { "id": "196553866-1113", "name": "", "class": "trunk_link", "is_priority": false }, "geometry": { "type": "LineString", "coordinates": [ [ -74.297253, 40.494875 ], [ -74.297295, 40.495245 ], [ -74.297286, 40.495369 ], [ -74.297222, 40.4955 ], [ -74.297126, 40.495584 ] ] } },
{ "type": "Feature", "properties": { "id": "201826663-1114", "name": "", "class": "trunk_link", "is_priority": false }, "geometry": { "type": "LineString", "coordinates": [ [ -74.296027, 40.536923 ], [ -74.295936, 40.53698 ], [ -74.295846, 40.537012 ], [ -74.295746, 40.537028 ], [ -74.295628, 40.537017 ] ] } },
{ "type": "Feature", "properties": { "id": "201826665-1115", "name": "", "class": "trunk_link", "is_priority": false }, "geometry": { "type": "LineString", "coordinates": [ [ -74.294804, 40.537934 ], [ -74.29502, 40.53806 ], [ -74.295056, 40.538168 ], [ -74.295026, 40.538264 ] ] } },
{ "type": "Feature", "properties": { "id": "201826673-1116", "name": "", "class": "trunk_link", "is_priority": false }, "geometry": { "type": "LineString", "coordinates": [ [ -74.296095, 40.53606 ], [ -74.296265, 40.536325 ], [ -74.296309, 40.536437 ] ] } },
{ "type": "Feature", "properties": { "id": "204148545-1117", "name": "", "class": "trunk_link", "is_priority": false }, "geometry": { "type": "LineString", "coordinates": [ [ -74.294361, 40.539051 ], [ -74.293614, 40.539542 ] ] } },
{ "type": "Feature", "properties": { "id": "205970839-1118", "name": "State Street", "class": "residential", "is_priority": false }, "geometry": { "type": "LineString", "coordinates": [ [ -74.270851, 40.501635 ], [ -74.270691, 40.50268 ], [ -74.270342, 40.503381 ] ] } },
{ "type": "Feature", "properties": { "id": "205970839-1119", "name": "State Street", "class": "residential", "is_priority": false }, "geometry": { "type": "LineString", "coordinates": [ [ -74.270342, 40.503381 ], [ -74.269509, 40.505067 ] ] } },
{ "type": "Feature", "properties": { "id": "205970839-1120", "name": "State Street", "class": "residential", "is_priority": false }, "geometry": { "type": "LineString", "coordinates": [ [ -74.269509, 40.505067 ], [ -74.26869, 40.506757 ] ] } },
{ "type": "Feature", "properties": { "id": "205970839-1121", "name": "State Street", "class": "residential", "is_priority": false }, "geometry": { "type": "LineString", "coordinates": [ [ -74.26869, 40.506757 ], [ -74.268561, 40.507025 ] ] } },
{ "type": "Feature", "properties": { "id": "206150178-1122", "name": "Pearl Place", "class": "residential", "is_priority": false }, "geometry": { "type": "LineString", "coordinates": [ [ -74.263748, 40.516882 ], [ -74.264447, 40.517085 ] ] } },
{ "type": "Feature", "properties": { "id": "217840364-1123", "name": "Radford Ferry Road", "class": "residential", "is_priority": false }, "geometry": { "type": "LineString", "coordinates": [ [ -74.284056, 40.488726 ], [ -74.284321, 40.488858 ], [ -74.284541, 40.489023 ] ] } },
{ "type": "Feature", "properties": { "id": "217840367-1124", "name": "", "class": "residential", "is_priority": false }, "geometry": { "type": "LineString", "coordinates": [ [ -74.284056, 40.488726 ], [ -74.282795, 40.48828 ] ] } },
{ "type": "Feature", "properties": { "id": "217840370-1125", "name": "Radford Ferry Road", "class": "residential", "is_priority": false }, "geometry": { "type": "LineString", "coordinates": [ [ -74.284541, 40.489023 ], [ -74.284617, 40.489146 ], [ -74.284663, 40.489269 ], [ -74.284683, 40.489444 ] ] } },
{ "type": "Feature", "properties": { "id": "217840373-1126", "name": "Radford Ferry Road", "class": "residential", "is_priority": false }, "geometry": { "type": "LineString", "coordinates": [ [ -74.282795, 40.48828 ], [ -74.282449, 40.48819 ], [ -74.282046, 40.488108 ] ] } },
{ "type": "Feature", "properties": { "id": "262406834-1127", "name": "New Jersey Turnpike", "class": "motorway", "is_priority": true }, "geometry": { "type": "LineString", "coordinates": [ [ -74.280699, 40.547063 ], [ -74.279927, 40.547466 ], [ -74.278864, 40.548055 ] ] } },
{ "type": "Feature", "properties": { "id": "262406835-1128", "name": "New Jersey Turnpike", "class": "motorway", "is_priority": true }, "geometry": { "type": "LineString", "coordinates": [ [ -74.281326, 40.547545 ], [ -74.282324, 40.547099 ], [ -74.283383, 40.546661 ] ] } },
{ "type": "Feature", "properties": { "id": "262406835-1129", "name": "New Jersey Turnpike", "class": "motorway", "is_priority": true }, "geometry": { "type": "LineString", "coordinates": [ [ -74.283383, 40.546661 ], [ -74.284315, 40.546296 ], [ -74.285504, 40.545869 ] ] } },
{ "type": "Feature", "properties": { "id": "262406835-1130", "name": "New Jersey Turnpike", "class": "motorway", "is_priority": true }, "geometry": { "type": "LineString", "coordinates": [ [ -74.285504, 40.545869 ], [ -74.28581, 40.545762 ] ] } },
{ "type": "Feature", "properties": { "id": "268705308-1131", "name": "State Street", "class": "tertiary", "is_priority": false }, "geometry": { "type": "LineString", "coordinates": [ [ -74.259304, 40.546902 ], [ -74.259384, 40.547134 ], [ -74.259475, 40.54749 ] ] } },
{ "type": "Feature", "properties": { "id": "268705313-1132", "name": "State Street", "class": "tertiary", "is_priority": false }, "geometry": { "type": "LineString", "coordinates": [ [ -74.261404, 40.538391 ], [ -74.261078, 40.539005 ] ] } },
{ "type": "Feature", "properties": { "id": "268705314-1133", "name": "State Street", "class": "tertiary", "is_priority": false }, "geometry": { "type": "LineString", "coordinates": [ [ -74.259193, 40.54175 ], [ -74.258629, 40.542591 ], [ -74.258324, 40.54318 ], [ -74.258255, 40.543397 ] ] } },
{ "type": "Feature", "properties": { "id": "268705314-1134", "name": "State Street", "class": "tertiary", "is_priority": false }, "geometry": { "type": "LineString", "coordinates": [ [ -74.258255, 40.543397 ], [ -74.258213, 40.543527 ], [ -74.258172, 40.543893 ], [ -74.2582, 40.544325 ], [ -74.258314, 40.544889 ], [ -74.25845, 40.545167 ] ] } },
{ "type": "Feature", "properties": { "id": "268705314-1135", "name": "State Street", "class": "tertiary", "is_priority": false }, "geometry": { "type": "LineString", "coordinates": [ [ -74.25845, 40.545167 ], [ -74.258493, 40.545256 ] ] } },
{ "type": "Feature", "properties": { "id": "274888489-1136", "name": "", "class": "tertiary", "is_priority": false }, "geometry": { "type": "LineString", "coordinates": [ [ -74.275939, 40.543619 ], [ -74.275909, 40.54353 ], [ -74.275937, 40.543466 ], [ -74.275995, 40.543445 ], [ -74.276145, 40.543448 ] ] } },
{ "type": "Feature", "properties": { "id": "275582883-1137", "name": "Prospect Street", "class": "residential", "is_priority": false }, "geometry": { "type": "LineString", "coordinates": [ [ -74.274087, 40.514233 ], [ -74.274609, 40.51326 ], [ -74.274927, 40.51255 ] ] } },
{ "type": "Feature", "properties": { "id": "275582883-1138", "name": "Prospect Street", "class": "residential", "is_priority": false }, "geometry": { "type": "LineString", "coordinates": [ [ -74.274927, 40.51255 ], [ -74.274935, 40.512533 ] ] } },
{ "type": "Feature", "properties": { "id": "296723805-1139", "name": "", "class": "motorway_link", "is_priority": false }, "geometry": { "type": "LineString", "coordinates": [ [ -74.297838, 40.51908 ], [ -74.297624, 40.518934 ], [ -74.297479, 40.518779 ], [ -74.297394, 40.518571 ], [ -74.297385, 40.51847 ], [ -74.297404, 40.518318 ], [ -74.297497, 40.518121 ], [ -74.297664, 40.517948 ], [ -74.297823, 40.517854 ], [ -74.297945, 40.517805 ], [ -74.298241, 40.517746 ] ] } },
{ "type": "Feature", "properties": { "id": "296723805-1140", "name": "", "class": "motorway_link", "is_priority": false }, "geometry": { "type": "LineString", "coordinates": [ [ -74.298241, 40.517746 ], [ -74.298469, 40.517746 ], [ -74.298707, 40.517783 ], [ -74.298989, 40.517862 ], [ -74.299211, 40.517959 ] ] } },
{ "type": "Feature", "properties": { "id": "297100003-1141", "name": "Prospect Street", "class": "residential", "is_priority": false }, "geometry": { "type": "LineString", "coordinates": [ [ -74.276584, 40.509256 ], [ -74.275807, 40.510781 ] ] } },
{ "type": "Feature", "properties": { "id": "297214653-1142", "name": "Riverview Drive", "class": "residential", "is_priority": false }, "geometry": { "type": "LineString", "coordinates": [ [ -74.276704, 40.504795 ], [ -74.278923, 40.50541 ] ] } },
{ "type": "Feature", "properties": { "id": "297214653-1143", "name": "Riverview Drive", "class": "residential", "is_priority": false }, "geometry": { "type": "LineString", "coordinates": [ [ -74.278923, 40.50541 ], [ -74.280781, 40.505926 ], [ -74.281119, 40.506063 ] ] } },
{ "type": "Feature", "properties": { "id": "297214653-1144", "name": "Riverview Drive", "class": "residential", "is_priority": false }, "geometry": { "type": "LineString", "coordinates": [ [ -74.281119, 40.506063 ], [ -74.281564, 40.506273 ], [ -74.281974, 40.506401 ], [ -74.282466, 40.506521 ], [ -74.28332, 40.506672 ] ] } },
{ "type": "Feature", "properties": { "id": "297214653-1145", "name": "Riverview Drive", "class": "residential", "is_priority": false }, "geometry": { "type": "LineString", "coordinates": [ [ -74.28332, 40.506672 ], [ -74.283628, 40.506741 ], [ -74.284187, 40.506901 ], [ -74.284385, 40.506969 ], [ -74.284479, 40.507019 ], [ -74.284624, 40.507135 ], [ -74.28517, 40.507682 ] ] } },
{ "type": "Feature", "properties": { "id": "297214653-1146", "name": "Riverview Drive", "class": "residential", "is_priority": false }, "geometry": { "type": "LineString", "coordinates": [ [ -74.28517, 40.507682 ], [ -74.286596, 40.509117 ] ] } },
{ "type": "Feature", "properties": { "id": "297214653-1147", "name": "Riverview Drive", "class": "residential", "is_priority": false }, "geometry": { "type": "LineString", "coordinates": [ [ -74.286596, 40.509117 ], [ -74.287345, 40.509872 ], [ -74.287567, 40.510056 ], [ -74.287753, 40.510146 ], [ -74.287956, 40.510207 ], [ -74.288305, 40.510245 ] ] } },
{ "type": "Feature", "properties": { "id": "297214653-1148", "name": "Riverview Drive", "class": "residential", "is_priority": false }, "geometry": { "type": "LineString", "coordinates": [ [ -74.288305, 40.510245 ], [ -74.288898, 40.510281 ], [ -74.289134, 40.510362 ], [ -74.289342, 40.510508 ], [ -74.289384, 40.510602 ], [ -74.289363, 40.510679 ], [ -74.288947, 40.511364 ] ] } },
{ "type": "Feature", "properties": { "id": "297214653-1149", "name": "Riverview Drive", "class": "residential", "is_priority": false }, "geometry": { "type": "LineString", "coordinates": [ [ -74.288947, 40.511364 ], [ -74.287887, 40.512974 ] ] } },
{ "type": "Feature", "properties": { "id": "297214653-1150", "name": "Riverview Drive", "class": "residential", "is_priority": false }, "geometry": { "type": "LineString", "coordinates": [ [ -74.287887, 40.512974 ], [ -74.287812, 40.513088 ], [ -74.28778, 40.513187 ], [ -74.28779, 40.513298 ], [ -74.287844, 40.513414 ], [ -74.287949, 40.513499 ], [ -74.288089, 40.513562 ], [ -74.288615, 40.513709 ], [ -74.288798, 40.513775 ], [ -74.288929, 40.513914 ], [ -74.28895, 40.513986 ], [ -74.288942, 40.514062 ], [ -74.288875, 40.514248 ] ] } },
{ "type": "Feature", "properties": { "id": "297214653-1151", "name": "Riverview Drive", "class": "residential", "is_priority": false }, "geometry": { "type": "LineString", "coordinates": [ [ -74.288875, 40.514248 ], [ -74.288804, 40.514398 ] ] } },
{ "type": "Feature", "properties": { "id": "315049411-1152", "name": "New Jersey Turnpike", "class": "motorway", "is_priority": true }, "geometry": { "type": "LineString", "coordinates": [ [ -74.274466, 40.551162 ], [ -74.276306, 40.550033 ] ] } },
{ "type": "Feature", "properties": { "id": "315049411-1153", "name": "New Jersey Turnpike", "class": "motorway", "is_priority": true }, "geometry": { "type": "LineString", "coordinates": [ [ -74.276306, 40.550033 ], [ -74.277325, 40.549408 ] ] } },
{ "type": "Feature", "properties": { "id": "315049428-1154", "name": "New Jersey Turnpike", "class": "motorway", "is_priority": true }, "geometry": { "type": "LineString", "coordinates": [ [ -74.275259, 40.550965 ], [ -74.277096, 40.549832 ] ] } },
{ "type": "Feature", "properties": { "id": "315049428-1155", "name": "New Jersey Turnpike", "class": "motorway", "is_priority": true }, "geometry": { "type": "LineString", "coordinates": [ [ -74.277096, 40.549832 ], [ -74.277958, 40.549313 ], [ -74.278973, 40.548739 ] ] } },
{ "type": "Feature", "properties": { "id": "315049428-1156", "name": "New Jersey Turnpike", "class": "motorway", "is_priority": true }, "geometry": { "type": "LineString", "coordinates": [ [ -74.278973, 40.548739 ], [ -74.280471, 40.54795 ] ] } },
{ "type": "Feature", "properties": { "id": "341259012-1157", "name": "Herbert Street", "class": "residential", "is_priority": false }, "geometry": { "type": "LineString", "coordinates": [ [ -74.282975, 40.516611 ], [ -74.282897, 40.516534 ], [ -74.282847, 40.516441 ], [ -74.282836, 40.516301 ], [ -74.282865, 40.516161 ] ] } },
{ "type": "Feature", "properties": { "id": "341259013-1158", "name": "Herbert Street", "class": "residential", "is_priority": false }, "geometry": { "type": "LineString", "coordinates": [ [ -74.282865, 40.516161 ], [ -74.282753, 40.516237 ], [ -74.282582, 40.516295 ], [ -74.282459, 40.516304 ], [ -74.282277, 40.516273 ] ] } },
{ "type": "Feature", "properties": { "id": "351514055-1159", "name": "Garretson Avenue", "class": "residential", "is_priority": false }, "geometry": { "type": "LineString", "coordinates": [ [ -74.264212, 40.530243 ], [ -74.264371, 40.530288 ], [ -74.264899, 40.53048 ] ] } },
{ "type": "Feature", "properties": { "id": "359406009-1160", "name": "Dobranski Drive", "class": "residential", "is_priority": false }, "geometry": { "type": "LineString", "coordinates": [ [ -74.279465, 40.531113 ], [ -74.279285, 40.531087 ], [ -74.279205, 40.531026 ], [ -74.279194, 40.530937 ], [ -74.279246, 40.530746 ], [ -74.279234, 40.530427 ], [ -74.279156, 40.530264 ], [ -74.279006, 40.530064 ], [ -74.278862, 40.529949 ] ] } },
{ "type": "Feature", "properties": { "id": "379392569-1161", "name": "High Street", "class": "tertiary", "is_priority": false }, "geometry": { "type": "LineString", "coordinates": [ [ -74.265283, 40.50785 ], [ -74.265864, 40.506658 ] ] } },
{ "type": "Feature", "properties": { "id": "379392573-1162", "name": "New Brunswick Avenue", "class": "tertiary", "is_priority": false }, "geometry": { "type": "LineString", "coordinates": [ [ -74.272198, 40.513046 ], [ -74.272861, 40.513475 ] ] } },
{ "type": "Feature", "properties": { "id": "379392574-1163", "name": "Oak Street", "class": "residential", "is_priority": false }, "geometry": { "type": "LineString", "coordinates": [ [ -74.275672, 40.509002 ], [ -74.274911, 40.510533 ] ] } },
{ "type": "Feature", "properties": { "id": "379392576-1164", "name": "Smith Street", "class": "tertiary", "is_priority": false }, "geometry": { "type": "LineString", "coordinates": [ [ -74.264105, 40.507517 ], [ -74.265283, 40.50785 ] ] } },
{ "type": "Feature", "properties": { "id": "379392577-1165", "name": "Smith Street", "class": "tertiary", "is_priority": false }, "geometry": { "type": "LineString", "coordinates": [ [ -74.267804, 40.50856 ], [ -74.265589, 40.507936 ] ] } },
{ "type": "Feature", "properties": { "id": "379392577-1166", "name": "Smith Street", "class": "tertiary", "is_priority": false }, "geometry": { "type": "LineString", "coordinates": [ [ -74.265589, 40.507936 ], [ -74.265283, 40.50785 ] ] } },
{ "type": "Feature", "properties": { "id": "379392578-1167", "name": "Smith Street", "class": "tertiary", "is_priority": false }, "geometry": { "type": "LineString", "coordinates": [ [ -74.282594, 40.512676 ], [ -74.280372, 40.512067 ] ] } },
{ "type": "Feature", "properties": { "id": "379392578-1168", "name": "Smith Street", "class": "tertiary", "is_priority": false }, "geometry": { "type": "LineString", "coordinates": [ [ -74.280372, 40.512067 ], [ -74.278156, 40.511446 ] ] } },
{ "type": "Feature", "properties": { "id": "379392578-1169", "name": "Smith Street", "class": "tertiary", "is_priority": false }, "geometry": { "type": "LineString", "coordinates": [ [ -74.278156, 40.511446 ], [ -74.277857, 40.511358 ] ] } },
{ "type": "Feature", "properties": { "id": "379392579-1170", "name": "Washington Street", "class": "residential", "is_priority": false }, "geometry": { "type": "LineString", "coordinates": [ [ -74.260938, 40.512235 ], [ -74.261675, 40.512443 ] ] } },
{ "type": "Feature", "properties": { "id": "379687262-1171", "name": "High Street", "class": "residential", "is_priority": false }, "geometry": { "type": "LineString", "coordinates": [ [ -74.261139, 40.516319 ], [ -74.261966, 40.514632 ] ] } },
{ "type": "Feature", "properties": { "id": "379687262-1172", "name": "High Street", "class": "residential", "is_priority": false }, "geometry": { "type": "LineString", "coordinates": [ [ -74.261966, 40.514632 ], [ -74.26279, 40.512943 ] ] } },
{ "type": "Feature", "properties": { "id": "379687262-1173", "name": "High Street", "class": "residential", "is_priority": false }, "geometry": { "type": "LineString", "coordinates": [ [ -74.26279, 40.512943 ], [ -74.262867, 40.512785 ] ] } },
{ "type": "Feature", "properties": { "id": "379687282-1174", "name": "New Brunswick Avenue", "class": "tertiary", "is_priority": false }, "geometry": { "type": "LineString", "coordinates": [ [ -74.274583, 40.514545 ], [ -74.27556, 40.515165 ] ] } },
{ "type": "Feature", "properties": { "id": "379687288-1175", "name": "Prospect Street", "class": "residential", "is_priority": false }, "geometry": { "type": "LineString", "coordinates": [ [ -74.274935, 40.512533 ], [ -74.275773, 40.510849 ] ] } },
{ "type": "Feature", "properties": { "id": "379687288-1176", "name": "Prospect Street", "class": "residential", "is_priority": false }, "geometry": { "type": "LineString", "coordinates": [ [ -74.275773, 40.510849 ], [ -74.275807, 40.510781 ] ] } },
{ "type": "Feature", "properties": { "id": "379687292-1177", "name": "Washington Street", "class": "residential", "is_priority": false }, "geometry": { "type": "LineString", "coordinates": [ [ -74.262867, 40.512785 ], [ -74.261675, 40.512443 ] ] } },
{ "type": "Feature", "properties": { "id": "381415734-1178", "name": "Amboy Avenue", "class": "tertiary", "is_priority": false }, "geometry": { "type": "LineString", "coordinates": [ [ -74.27556, 40.515165 ], [ -74.275639, 40.516966 ] ] } },
{ "type": "Feature", "properties": { "id": "381415734-1179", "name": "Amboy Avenue", "class": "tertiary", "is_priority": false }, "geometry": { "type": "LineString", "coordinates": [ [ -74.275639, 40.516966 ], [ -74.275724, 40.518766 ] ] } },
{ "type": "Feature", "properties": { "id": "381415734-1180", "name": "Amboy Avenue", "class": "tertiary", "is_priority": false }, "geometry": { "type": "LineString", "coordinates": [ [ -74.275724, 40.518766 ], [ -74.275795, 40.519811 ], [ -74.276013, 40.520547 ] ] } },
{ "type": "Feature", "properties": { "id": "381415734-1181", "name": "Amboy Avenue", "class": "tertiary", "is_priority": false }, "geometry": { "type": "LineString", "coordinates": [ [ -74.276013, 40.520547 ], [ -74.276354, 40.521571 ] ] } },
{ "type": "Feature", "properties": { "id": "381415735-1182", "name": "Amboy Avenue", "class": "tertiary", "is_priority": false }, "geometry": { "type": "LineString", "coordinates": [ [ -74.274906, 40.528396 ], [ -74.274853, 40.528512 ] ] } },
{ "type": "Feature", "properties": { "id": "381415740-1183", "name": "Fayette Street", "class": "tertiary", "is_priority": false }, "geometry": { "type": "LineString", "coordinates": [ [ -74.266962, 40.510273 ], [ -74.268627, 40.510745 ] ] } },
{ "type": "Feature", "properties": { "id": "381415743-1184", "name": "Hall Avenue", "class": "residential", "is_priority": false }, "geometry": { "type": "LineString", "coordinates": [ [ -74.276354, 40.521571 ], [ -74.278637, 40.522031 ] ] } },
{ "type": "Feature", "properties": { "id": "381415743-1185", "name": "Hall Avenue", "class": "residential", "is_priority": false }, "geometry": { "type": "LineString", "coordinates": [ [ -74.278637, 40.522031 ], [ -74.279204, 40.522146 ] ] } },
{ "type": "Feature", "properties": { "id": "381415744-1186", "name": "High Street", "class": "residential", "is_priority": false }, "geometry": { "type": "LineString", "coordinates": [ [ -74.265283, 40.50785 ], [ -74.264464, 40.509539 ] ] } },
{ "type": "Feature", "properties": { "id": "381415744-1187", "name": "High Street", "class": "residential", "is_priority": false }, "geometry": { "type": "LineString", "coordinates": [ [ -74.264464, 40.509539 ], [ -74.264456, 40.509555 ] ] } },
{ "type": "Feature", "properties": { "id": "381415768-1188", "name": "State Street", "class": "tertiary", "is_priority": false }, "geometry": { "type": "LineString", "coordinates": [ [ -74.266962, 40.510273 ], [ -74.267791, 40.508586 ] ] } },
{ "type": "Feature", "properties": { "id": "381415768-1189", "name": "State Street", "class": "tertiary", "is_priority": false }, "geometry": { "type": "LineString", "coordinates": [ [ -74.267791, 40.508586 ], [ -74.267804, 40.50856 ] ] } },
{ "type": "Feature", "properties": { "id": "381415782-1190", "name": "", "class": "tertiary_link", "is_priority": false }, "geometry": { "type": "LineString", "coordinates": [ [ -74.279048, 40.529644 ], [ -74.279167, 40.529722 ], [ -74.279339, 40.530013 ], [ -74.279431, 40.530061 ], [ -74.279672, 40.530127 ] ] } },
{ "type": "Feature", "properties": { "id": "381485980-1191", "name": "Amboy Avenue", "class": "tertiary", "is_priority": false }, "geometry": { "type": "LineString", "coordinates": [ [ -74.275115, 40.527894 ], [ -74.275053, 40.528041 ] ] } },
{ "type": "Feature", "properties": { "id": "381485983-1192", "name": "State Street", "class": "tertiary", "is_priority": false }, "geometry": { "type": "LineString", "coordinates": [ [ -74.265366, 40.513515 ], [ -74.266195, 40.511827 ] ] } },
{ "type": "Feature", "properties": { "id": "381485983-1193", "name": "State Street", "class": "tertiary", "is_priority": false }, "geometry": { "type": "LineString", "coordinates": [ [ -74.266195, 40.511827 ], [ -74.266962, 40.510273 ] ] } },
{ "type": "Feature", "properties": { "id": "381485984-1194", "name": "Washington Street", "class": "residential", "is_priority": false }, "geometry": { "type": "LineString", "coordinates": [ [ -74.262867, 40.512785 ], [ -74.265072, 40.513429 ] ] } },
{ "type": "Feature", "properties": { "id": "381485984-1195", "name": "Washington Street", "class": "residential", "is_priority": false }, "geometry": { "type": "LineString", "coordinates": [ [ -74.265072, 40.513429 ], [ -74.265366, 40.513515 ] ] } },
{ "type": "Feature", "properties": { "id": "381979038-1196", "name": "Convery Boulevard", "class": "secondary", "is_priority": false }, "geometry": { "type": "LineString", "coordinates": [ [ -74.284442, 40.51779 ], [ -74.283996, 40.518414 ] ] } },
{ "type": "Feature", "properties": { "id": "383888073-1197", "name": "Market Street", "class": "tertiary", "is_priority": false }, "geometry": { "type": "LineString", "coordinates": [ [ -74.266351, 40.50641 ], [ -74.268561, 40.507025 ] ] } },
{ "type": "Feature", "properties": { "id": "383888074-1198", "name": "Market Street", "class": "tertiary", "is_priority": false }, "geometry": { "type": "LineString", "coordinates": [ [ -74.283325, 40.511131 ], [ -74.284872, 40.511561 ] ] } },
{ "type": "Feature", "properties": { "id": "383888077-1199", "name": "State Street", "class": "residential", "is_priority": false }, "geometry": { "type": "LineString", "coordinates": [ [ -74.268561, 40.507025 ], [ -74.267804, 40.50856 ] ] } },
{ "type": "Feature", "properties": { "id": "383888078-1200", "name": "State Street", "class": "secondary", "is_priority": false }, "geometry": { "type": "LineString", "coordinates": [ [ -74.264808, 40.525387 ], [ -74.264621, 40.524937 ] ] } },
{ "type": "Feature", "properties": { "id": "383888079-1201", "name": "Wilson Street", "class": "residential", "is_priority": false }, "geometry": { "type": "LineString", "coordinates": [ [ -74.282594, 40.512676 ], [ -74.281791, 40.51437 ] ] } },
{ "type": "Feature", "properties": { "id": "383888079-1202", "name": "Wilson Street", "class": "residential", "is_priority": false }, "geometry": { "type": "LineString", "coordinates": [ [ -74.281791, 40.51437 ], [ -74.281774, 40.514406 ] ] } },
{ "type": "Feature", "properties": { "id": "384245031-1203", "name": "Amboy Avenue", "class": "tertiary", "is_priority": false }, "geometry": { "type": "LineString", "coordinates": [ [ -74.275539, 40.543242 ], [ -74.275749, 40.543349 ], [ -74.276145, 40.543448 ] ] } },
{ "type": "Feature", "properties": { "id": "384245035-1204", "name": "Lawrence Street", "class": "tertiary", "is_priority": false }, "geometry": { "type": "LineString", "coordinates": [ [ -74.268404, 40.526169 ], [ -74.268503, 40.526231 ], [ -74.268644, 40.52629 ], [ -74.270522, 40.526958 ] ] } },
{ "type": "Feature", "properties": { "id": "384245035-1205", "name": "Lawrence Street", "class": "tertiary", "is_priority": false }, "geometry": { "type": "LineString", "coordinates": [ [ -74.270522, 40.526958 ], [ -74.270939, 40.527105 ] ] } },
{ "type": "Feature", "properties": { "id": "384245038-1206", "name": "State Street", "class": "tertiary", "is_priority": false }, "geometry": { "type": "LineString", "coordinates": [ [ -74.264655, 40.528909 ], [ -74.264619, 40.529019 ] ] } },
{ "type": "Feature", "properties": { "id": "384245042-1207", "name": "", "class": "motorway_link", "is_priority": false }, "geometry": { "type": "LineString", "coordinates": [ [ -74.261802, 40.527425 ], [ -74.262183, 40.527204 ] ] } },
{ "type": "Feature", "properties": { "id": "420294191-1208", "name": "Main Street", "class": "secondary", "is_priority": false }, "geometry": { "type": "LineString", "coordinates": [ [ -74.284496, 40.489805 ], [ -74.284227, 40.489647 ], [ -74.2841, 40.489534 ] ] } },
{ "type": "Feature", "properties": { "id": "420294192-1209", "name": "Main Street", "class": "secondary", "is_priority": false }, "geometry": { "type": "LineString", "coordinates": [ [ -74.284027, 40.489453 ], [ -74.283887, 40.489253 ], [ -74.283412, 40.488271 ] ] } },
{ "type": "Feature", "properties": { "id": "420294193-1210", "name": "Main Street", "class": "secondary", "is_priority": false }, "geometry": { "type": "LineString", "coordinates": [ [ -74.296087, 40.49545 ], [ -74.29564, 40.49506 ], [ -74.295126, 40.494718 ] ] } },
{ "type": "Feature", "properties": { "id": "420294350-1211", "name": "Main Street", "class": "secondary", "is_priority": false }, "geometry": { "type": "LineString", "coordinates": [ [ -74.285765, 40.490391 ], [ -74.285202, 40.490131 ] ] } },
{ "type": "Feature", "properties": { "id": "420296232-1212", "name": "Smith Street", "class": "tertiary", "is_priority": false }, "geometry": { "type": "LineString", "coordinates": [ [ -74.287747, 40.514096 ], [ -74.28703, 40.513898 ] ] } },
{ "type": "Feature", "properties": { "id": "420297487-1213", "name": "Convery Boulevard", "class": "secondary", "is_priority": false }, "geometry": { "type": "LineString", "coordinates": [ [ -74.28689, 40.513858 ], [ -74.286679, 40.514204 ], [ -74.286631, 40.514398 ] ] } },
{ "type": "Feature", "properties": { "id": "420297490-1214", "name": "", "class": "tertiary_link", "is_priority": false }, "geometry": { "type": "LineString", "coordinates": [ [ -74.279834, 40.529491 ], [ -74.27974, 40.529582 ], [ -74.279458, 40.529769 ], [ -74.279397, 40.529858 ] ] } },
{ "type": "Feature", "properties": { "id": "420297917-1215", "name": "New Brunswick Avenue", "class": "tertiary", "is_priority": false }, "geometry": { "type": "LineString", "coordinates": [ [ -74.272861, 40.513475 ], [ -74.27332, 40.51375 ] ] } },
{ "type": "Feature", "properties": { "id": "420298453-1216", "name": "Route 440 Connector", "class": "secondary", "is_priority": false }, "geometry": { "type": "LineString", "coordinates": [ [ -74.279493, 40.51449 ], [ -74.279381, 40.514355 ], [ -74.279319, 40.514208 ], [ -74.279318, 40.514086 ], [ -74.279372, 40.51391 ], [ -74.279378, 40.513751 ] ] } },
{ "type": "Feature", "properties": { "id": "420320178-1217", "name": "State Street", "class": "tertiary", "is_priority": false }, "geometry": { "type": "LineString", "coordinates": [ [ -74.264265, 40.519121 ], [ -74.26452, 40.518128 ], [ -74.264515, 40.518058 ], [ -74.264483, 40.517997 ], [ -74.264425, 40.517952 ], [ -74.264314, 40.5179 ] ] } },
{ "type": "Feature", "properties": { "id": "420321338-1218", "name": "", "class": "motorway_link", "is_priority": false }, "geometry": { "type": "LineString", "coordinates": [ [ -74.262544, 40.526859 ], [ -74.262111, 40.527116 ] ] } },
{ "type": "Feature", "properties": { "id": "420321557-1219", "name": "State Street", "class": "tertiary", "is_priority": false }, "geometry": { "type": "LineString", "coordinates": [ [ -74.264154, 40.530411 ], [ -74.26369, 40.531732 ] ] } },
{ "type": "Feature", "properties": { "id": "420330448-1220", "name": "Smith Street", "class": "secondary", "is_priority": false }, "geometry": { "type": "LineString", "coordinates": [ [ -74.296135, 40.515402 ], [ -74.29542, 40.515354 ] ] } },
{ "type": "Feature", "properties": { "id": "420330450-1221", "name": "Smith Street", "class": "secondary", "is_priority": false }, "geometry": { "type": "LineString", "coordinates": [ [ -74.296891, 40.515457 ], [ -74.296135, 40.515402 ] ] } },
{ "type": "Feature", "properties": { "id": "420330603-1222", "name": "Smith Street", "class": "secondary", "is_priority": false }, "geometry": { "type": "LineString", "coordinates": [ [ -74.295407, 40.515469 ], [ -74.296543, 40.515544 ] ] } },
{ "type": "Feature", "properties": { "id": "420335848-1223", "name": "Florida Grove Road", "class": "tertiary", "is_priority": false }, "geometry": { "type": "LineString", "coordinates": [ [ -74.290547, 40.531542 ], [ -74.290443, 40.531626 ], [ -74.290358, 40.531856 ], [ -74.290385, 40.53199 ] ] } },
{ "type": "Feature", "properties": { "id": "420337720-1224", "name": "", "class": "motorway", "is_priority": true }, "geometry": { "type": "LineString", "coordinates": [ [ -74.297669, 40.532199 ], [ -74.297926, 40.530675 ], [ -74.297988, 40.530414 ] ] } },
{ "type": "Feature", "properties": { "id": "420337720-1225", "name": "", "class": "motorway", "is_priority": true }, "geometry": { "type": "LineString", "coordinates": [ [ -74.297988, 40.530414 ], [ -74.298175, 40.529814 ], [ -74.298627, 40.528681 ] ] } },
{ "type": "Feature", "properties": { "id": "420337720-1226", "name": "", "class": "motorway", "is_priority": true }, "geometry": { "type": "LineString", "coordinates": [ [ -74.298627, 40.528681 ], [ -74.298726, 40.528431 ] ] } },
{ "type": "Feature", "properties": { "id": "420339729-1227", "name": "New Brunswick Avenue", "class": "tertiary", "is_priority": false }, "geometry": { "type": "LineString", "coordinates": [ [ -74.300049, 40.525072 ], [ -74.301442, 40.525401 ] ] } },
{ "type": "Feature", "properties": { "id": "420351401-1228", "name": "Florida Grove Road", "class": "tertiary", "is_priority": false }, "geometry": { "type": "LineString", "coordinates": [ [ -74.277869, 40.540021 ], [ -74.277608, 40.540085 ], [ -74.277499, 40.540092 ] ] } },
{ "type": "Feature", "properties": { "id": "420352509-1229", "name": "State Street", "class": "tertiary", "is_priority": false }, "geometry": { "type": "LineString", "coordinates": [ [ -74.260317, 40.540111 ], [ -74.259832, 40.540817 ] ] } },
{ "type": "Feature", "properties": { "id": "420543783-1230", "name": "Amboy Avenue", "class": "secondary", "is_priority": false }, "geometry": { "type": "LineString", "coordinates": [ [ -74.279068, 40.549085 ], [ -74.279285, 40.549627 ] ] } },
{ "type": "Feature", "properties": { "id": "442520274-1231", "name": "Raritan Avenue", "class": "residential", "is_priority": false }, "geometry": { "type": "LineString", "coordinates": [ [ -74.28335, 40.528348 ], [ -74.282631, 40.528374 ] ] } },
{ "type": "Feature", "properties": { "id": "442520411-1232", "name": "Pfeiffer Boulevard", "class": "secondary", "is_priority": false }, "geometry": { "type": "LineString", "coordinates": [ [ -74.284237, 40.529586 ], [ -74.284796, 40.529605 ], [ -74.285378, 40.52967 ] ] } },
{ "type": "Feature", "properties": { "id": "442521146-1233", "name": "Clyde Avenue", "class": "residential", "is_priority": false }, "geometry": { "type": "LineString", "coordinates": [ [ -74.290703, 40.529784 ], [ -74.290842, 40.529758 ], [ -74.293037, 40.529517 ] ] } },
{ "type": "Feature", "properties": { "id": "442521146-1234", "name": "Clyde Avenue", "class": "residential", "is_priority": false }, "geometry": { "type": "LineString", "coordinates": [ [ -74.293037, 40.529517 ], [ -74.295374, 40.529257 ] ] } },
{ "type": "Feature", "properties": { "id": "442521146-1235", "name": "Clyde Avenue", "class": "residential", "is_priority": false }, "geometry": { "type": "LineString", "coordinates": [ [ -74.295374, 40.529257 ], [ -74.296294, 40.529154 ], [ -74.297104, 40.529106 ], [ -74.297162, 40.529089 ] ] } },
{ "type": "Feature", "properties": { "id": "442521724-1236", "name": "Herbert Street", "class": "residential", "is_priority": false }, "geometry": { "type": "LineString", "coordinates": [ [ -74.293225, 40.530747 ], [ -74.293125, 40.53009 ], [ -74.292957, 40.529205 ], [ -74.292934, 40.52896 ] ] } },
{ "type": "Feature", "properties": { "id": "442521724-1237", "name": "Herbert Street", "class": "residential", "is_priority": false }, "geometry": { "type": "LineString", "coordinates": [ [ -74.292934, 40.52896 ], [ -74.292764, 40.527163 ] ] } },
{ "type": "Feature", "properties": { "id": "442521724-1238", "name": "Herbert Street", "class": "residential", "is_priority": false }, "geometry": { "type": "LineString", "coordinates": [ [ -74.292764, 40.527163 ], [ -74.292646, 40.525914 ] ] } },
{ "type": "Feature", "properties": { "id": "442522056-1239", "name": "Loretta Street", "class": "residential", "is_priority": false }, "geometry": { "type": "LineString", "coordinates": [ [ -74.29024, 40.524156 ], [ -74.290362, 40.524202 ], [ -74.292485, 40.52471 ] ] } },
{ "type": "Feature", "properties": { "id": "442522056-1240", "name": "Loretta Street", "class": "residential", "is_priority": false }, "geometry": { "type": "LineString", "coordinates": [ [ -74.292485, 40.52471 ], [ -74.294275, 40.525138 ], [ -74.294759, 40.525111 ] ] } },
{ "type": "Feature", "properties": { "id": "442522056-1241", "name": "Loretta Street", "class": "residential", "is_priority": false }, "geometry": { "type": "LineString", "coordinates": [ [ -74.294759, 40.525111 ], [ -74.296974, 40.52499 ] ] } },
{ "type": "Feature", "properties": { "id": "442522159-1242", "name": "Ellen Avenue", "class": "residential", "is_priority": false }, "geometry": { "type": "LineString", "coordinates": [ [ -74.292547, 40.525919 ], [ -74.292512, 40.525574 ], [ -74.292479, 40.525457 ], [ -74.292483, 40.525351 ], [ -74.292966, 40.524178 ] ] } },
{ "type": "Feature", "properties": { "id": "442522159-1243", "name": "Ellen Avenue", "class": "residential", "is_priority": false }, "geometry": { "type": "LineString", "coordinates": [ [ -74.292966, 40.524178 ], [ -74.293269, 40.52344 ] ] } },
{ "type": "Feature", "properties": { "id": "442523767-1244", "name": "Chamberlain Avenue", "class": "residential", "is_priority": false }, "geometry": { "type": "LineString", "coordinates": [ [ -74.288034, 40.530274 ], [ -74.287068, 40.531918 ] ] } },
{ "type": "Feature", "properties": { "id": "442523767-1245", "name": "Chamberlain Avenue", "class": "residential", "is_priority": false }, "geometry": { "type": "LineString", "coordinates": [ [ -74.287068, 40.531918 ], [ -74.286534, 40.532829 ], [ -74.286394, 40.533041 ], [ -74.286138, 40.533375 ], [ -74.286003, 40.533521 ] ] } },
{ "type": "Feature", "properties": { "id": "442523767-1246", "name": "Chamberlain Avenue", "class": "residential", "is_priority": false }, "geometry": { "type": "LineString", "coordinates": [ [ -74.286003, 40.533521 ], [ -74.285489, 40.533987 ], [ -74.285168, 40.534241 ], [ -74.284358, 40.534809 ] ] } },
{ "type": "Feature", "properties": { "id": "442523767-1247", "name": "Chamberlain Avenue", "class": "residential", "is_priority": false }, "geometry": { "type": "LineString", "coordinates": [ [ -74.284358, 40.534809 ], [ -74.283997, 40.535062 ], [ -74.283888, 40.535101 ], [ -74.283727, 40.535104 ], [ -74.283643, 40.535087 ], [ -74.283506, 40.53502 ], [ -74.283029, 40.534625 ], [ -74.282922, 40.534557 ], [ -74.282722, 40.534484 ], [ -74.282455, 40.534441 ] ] } },
{ "type": "Feature", "properties": { "id": "442523767-1248", "name": "Chamberlain Avenue", "class": "residential", "is_priority": false }, "geometry": { "type": "LineString", "coordinates": [ [ -74.282455, 40.534441 ], [ -74.280125, 40.534146 ] ] } },
{ "type": "Feature", "properties": { "id": "442523767-1249", "name": "Chamberlain Avenue", "class": "residential", "is_priority": false }, "geometry": { "type": "LineString", "coordinates": [ [ -74.280125, 40.534146 ], [ -74.278836, 40.533985 ] ] } },
{ "type": "Feature", "properties": { "id": "442526266-1250", "name": "Florida Grove Road", "class": "tertiary", "is_priority": false }, "geometry": { "type": "LineString", "coordinates": [ [ -74.290385, 40.53199 ], [ -74.290462, 40.531884 ], [ -74.290538, 40.531703 ], [ -74.290547, 40.531542 ] ] } },
{ "type": "Feature", "properties": { "id": "442526267-1251", "name": "Florida Grove Road", "class": "tertiary", "is_priority": false }, "geometry": { "type": "LineString", "coordinates": [ [ -74.290385, 40.53199 ], [ -74.290298, 40.532571 ] ] } },
{ "type": "Feature", "properties": { "id": "442669064-1252", "name": "King George's Post Road", "class": "secondary", "is_priority": false }, "geometry": { "type": "LineString", "coordinates": [ [ -74.296894, 40.536931 ], [ -74.298358, 40.536196 ] ] } },
{ "type": "Feature", "properties": { "id": "442669867-1253", "name": "King George's Post Road", "class": "secondary", "is_priority": false }, "geometry": { "type": "LineString", "coordinates": [ [ -74.299632, 40.535278 ], [ -74.299509, 40.534857 ] ] } },
{ "type": "Feature", "properties": { "id": "442670287-1254", "name": "West Pond Road", "class": "secondary", "is_priority": false }, "geometry": { "type": "LineString", "coordinates": [ [ -74.297335, 40.534613 ], [ -74.297776, 40.534713 ], [ -74.299055, 40.534912 ] ] } },
{ "type": "Feature", "properties": { "id": "442670288-1255", "name": "King Georges Road", "class": "tertiary", "is_priority": false }, "geometry": { "type": "LineString", "coordinates": [ [ -74.299959, 40.535016 ], [ -74.300321, 40.535002 ], [ -74.300606, 40.534954 ], [ -74.300949, 40.534865 ], [ -74.301207, 40.534769 ] ] } },
{ "type": "Feature", "properties": { "id": "442672083-1256", "name": "West Pond Road", "class": "secondary", "is_priority": false }, "geometry": { "type": "LineString", "coordinates": [ [ -74.299434, 40.534848 ], [ -74.297335, 40.534613 ] ] } },
{ "type": "Feature", "properties": { "id": "442672833-1257", "name": "King George's Post Road", "class": "secondary", "is_priority": false }, "geometry": { "type": "LineString", "coordinates": [ [ -74.299456, 40.535665 ], [ -74.299568, 40.535566 ], [ -74.299612, 40.535497 ], [ -74.299637, 40.535415 ], [ -74.299632, 40.535278 ] ] } },
{ "type": "Feature", "properties": { "id": "442673323-1258", "name": "King Georges Road", "class": "tertiary", "is_priority": false }, "geometry": { "type": "LineString", "coordinates": [ [ -74.301207, 40.534769 ], [ -74.301858, 40.534432 ] ] } },
{ "type": "Feature", "properties": { "id": "442674191-1259", "name": "King Georges Road", "class": "secondary", "is_priority": false }, "geometry": { "type": "LineString", "coordinates": [ [ -74.301134, 40.534704 ], [ -74.30081, 40.534818 ], [ -74.300525, 40.53488 ], [ -74.300239, 40.534905 ], [ -74.29996, 40.534904 ] ] } },
{ "type": "Feature", "properties": { "id": "442685611-1260", "name": "", "class": "motorway_link", "is_priority": false }, "geometry": { "type": "LineString", "coordinates": [ [ -74.297025, 40.532339 ], [ -74.297225, 40.532385 ], [ -74.297306, 40.532424 ], [ -74.297368, 40.532495 ], [ -74.29741, 40.532665 ] ] } },
{ "type": "Feature", "properties": { "id": "442685909-1261", "name": "", "class": "secondary_link", "is_priority": false }, "geometry": { "type": "LineString", "coordinates": [ [ -74.299347, 40.534529 ], [ -74.299299, 40.534634 ], [ -74.299217, 40.53471 ], [ -74.299103, 40.53475 ], [ -74.298856, 40.534781 ] ] } },
{ "type": "Feature", "properties": { "id": "442686666-1262", "name": "", "class": "trunk_link", "is_priority": false }, "geometry": { "type": "LineString", "coordinates": [ [ -74.295652, 40.537473 ], [ -74.295522, 40.537531 ], [ -74.295388, 40.537533 ], [ -74.295279, 40.537507 ] ] } },
{ "type": "Feature", "properties": { "id": "442686669-1263", "name": "", "class": "trunk_link", "is_priority": false }, "geometry": { "type": "LineString", "coordinates": [ [ -74.295628, 40.537017 ], [ -74.295783, 40.537091 ], [ -74.295822, 40.537154 ], [ -74.29582, 40.537236 ] ] } },
{ "type": "Feature", "properties": { "id": "442861581-1264", "name": "Florida Grove Road", "class": "tertiary", "is_priority": false }, "geometry": { "type": "LineString", "coordinates": [ [ -74.28948, 40.525515 ], [ -74.289581, 40.525679 ], [ -74.289627, 40.52584 ], [ -74.28986, 40.527284 ] ] } },
{ "type": "Feature", "properties": { "id": "442861581-1265", "name": "Florida Grove Road", "class": "tertiary", "is_priority": false }, "geometry": { "type": "LineString", "coordinates": [ [ -74.28986, 40.527284 ], [ -74.290075, 40.528595 ], [ -74.290147, 40.52881 ], [ -74.290271, 40.529051 ] ] } },
{ "type": "Feature", "properties": { "id": "442861581-1266", "name": "Florida Grove Road", "class": "tertiary", "is_priority": false }, "geometry": { "type": "LineString", "coordinates": [ [ -74.290271, 40.529051 ], [ -74.290853, 40.530055 ], [ -74.290885, 40.530272 ], [ -74.29078, 40.530749 ] ] } },
{ "type": "Feature", "properties": { "id": "442861581-1267", "name": "Florida Grove Road", "class": "tertiary", "is_priority": false }, "geometry": { "type": "LineString", "coordinates": [ [ -74.29078, 40.530749 ], [ -74.290691, 40.531118 ] ] } },
{ "type": "Feature", "properties": { "id": "442861582-1268", "name": "Pennsylvania Avenue", "class": "residential", "is_priority": false }, "geometry": { "type": "LineString", "coordinates": [ [ -74.296942, 40.52433 ], [ -74.296923, 40.524445 ], [ -74.297085, 40.526125 ] ] } },
{ "type": "Feature", "properties": { "id": "442861582-1269", "name": "Pennsylvania Avenue", "class": "residential", "is_priority": false }, "geometry": { "type": "LineString", "coordinates": [ [ -74.297085, 40.526125 ], [ -74.29726, 40.527922 ] ] } },
{ "type": "Feature", "properties": { "id": "442861582-1270", "name": "Pennsylvania Avenue", "class": "residential", "is_priority": false }, "geometry": { "type": "LineString", "coordinates": [ [ -74.29726, 40.527922 ], [ -74.297289, 40.528307 ], [ -74.29719, 40.529048 ], [ -74.297162, 40.529089 ] ] } },
{ "type": "Feature", "properties": { "id": "442861583-1271", "name": "Laurel Street", "class": "residential", "is_priority": false }, "geometry": { "type": "LineString", "coordinates": [ [ -74.296946, 40.530916 ], [ -74.295512, 40.532347 ] ] } },
{ "type": "Feature", "properties": { "id": "442861583-1272", "name": "Laurel Street", "class": "residential", "is_priority": false }, "geometry": { "type": "LineString", "coordinates": [ [ -74.295512, 40.532347 ], [ -74.294417, 40.533445 ], [ -74.294317, 40.533587 ] ] } },
{ "type": "Feature", "properties": { "id": "443458789-1273", "name": "", "class": "motorway_link", "is_priority": false }, "geometry": { "type": "LineString", "coordinates": [ [ -74.296792, 40.515559 ], [ -74.297357, 40.515675 ], [ -74.297531, 40.51575 ] ] } },
{ "type": "Feature", "properties": { "id": "443622091-1274", "name": "Fayette Street", "class": "residential", "is_priority": false }, "geometry": { "type": "LineString", "coordinates": [ [ -74.286056, 40.515575 ], [ -74.287935, 40.516086 ] ] } },
{ "type": "Feature", "properties": { "id": "443708364-1275", "name": "Dino Drive", "class": "residential", "is_priority": false }, "geometry": { "type": "LineString", "coordinates": [ [ -74.291012, 40.517085 ], [ -74.290784, 40.517758 ], [ -74.290798, 40.517874 ], [ -74.290893, 40.517971 ] ] } },
{ "type": "Feature", "properties": { "id": "443708365-1276", "name": "Judy Drive", "class": "residential", "is_priority": false }, "geometry": { "type": "LineString", "coordinates": [ [ -74.292471, 40.518065 ], [ -74.292381, 40.518079 ], [ -74.291609, 40.518055 ], [ -74.291079, 40.518023 ], [ -74.290963, 40.518003 ], [ -74.290893, 40.517971 ] ] } },
{ "type": "Feature", "properties": { "id": "443861956-1277", "name": "", "class": "motorway_link", "is_priority": false }, "geometry": { "type": "LineString", "coordinates": [ [ -74.299211, 40.517959 ], [ -74.2994, 40.518048 ] ] } },
{ "type": "Feature", "properties": { "id": "444223953-1278", "name": "Erin Avenue", "class": "residential", "is_priority": false }, "geometry": { "type": "LineString", "coordinates": [ [ -74.29917, 40.523158 ], [ -74.298547, 40.524714 ] ] } },
{ "type": "Feature", "properties": { "id": "444495171-1279", "name": "", "class": "motorway", "is_priority": true }, "geometry": { "type": "LineString", "coordinates": [ [ -74.300469, 40.500149 ], [ -74.30034, 40.499798 ], [ -74.300021, 40.499084 ] ] } },
{ "type": "Feature", "properties": { "id": "444495172-1280", "name": "", "class": "motorway", "is_priority": true }, "geometry": { "type": "LineString", "coordinates": [ [ -74.300297, 40.500171 ], [ -74.30046, 40.500702 ], [ -74.300576, 40.501219 ] ] } },
{ "type": "Feature", "properties": { "id": "444495172-1281", "name": "", "class": "motorway", "is_priority": true }, "geometry": { "type": "LineString", "coordinates": [ [ -74.300671, 40.501992 ], [ -74.300687, 40.502556 ], [ -74.300629, 40.503634 ] ] } },
{ "type": "Feature", "properties": { "id": "444657634-1282", "name": "Main Street", "class": "secondary", "is_priority": false }, "geometry": { "type": "LineString", "coordinates": [ [ -74.295053, 40.494787 ], [ -74.296087, 40.49545 ] ] } },
{ "type": "Feature", "properties": { "id": "444658524-1283", "name": "Scott Avenue", "class": "residential", "is_priority": false }, "geometry": { "type": "LineString", "coordinates": [ [ -74.293531, 40.494056 ], [ -74.293473, 40.494175 ] ] } },
{ "type": "Feature", "properties": { "id": "444659435-1284", "name": "Oak Street", "class": "residential", "is_priority": false }, "geometry": { "type": "LineString", "coordinates": [ [ -74.296333, 40.492201 ], [ -74.295545, 40.493899 ] ] } },
{ "type": "Feature", "properties": { "id": "444659435-1285", "name": "Oak Street", "class": "residential", "is_priority": false }, "geometry": { "type": "LineString", "coordinates": [ [ -74.295545, 40.493899 ], [ -74.295218, 40.494603 ], [ -74.295126, 40.494718 ] ] } },
{ "type": "Feature", "properties": { "id": "444663312-1286", "name": "Victory Plaza", "class": "primary", "is_priority": true }, "geometry": { "type": "LineString", "coordinates": [ [ -74.297591, 40.49733 ], [ -74.297656, 40.497801 ], [ -74.297664, 40.497993 ] ] } },
{ "type": "Feature", "properties": { "id": "444803863-1287", "name": "Convery Boulevard", "class": "secondary", "is_priority": false }, "geometry": { "type": "LineString", "coordinates": [ [ -74.286631, 40.514398 ], [ -74.286762, 40.514287 ], [ -74.28703, 40.513898 ] ] } },
{ "type": "Feature", "properties": { "id": "444921690-1288", "name": "", "class": "motorway_link", "is_priority": false }, "geometry": { "type": "LineString", "coordinates": [ [ -74.281854, 40.529911 ], [ -74.282405, 40.52937 ], [ -74.282663, 40.529181 ], [ -74.282914, 40.529078 ], [ -74.283619, 40.528858 ] ] } },
{ "type": "Feature", "properties": { "id": "444924668-1289", "name": "Amboy Avenue", "class": "tertiary", "is_priority": false }, "geometry": { "type": "LineString", "coordinates": [ [ -74.276354, 40.521571 ], [ -74.276351, 40.521669 ], [ -74.275969, 40.523348 ] ] } },
{ "type": "Feature", "properties": { "id": "444924668-1290", "name": "Amboy Avenue", "class": "tertiary", "is_priority": false }, "geometry": { "type": "LineString", "coordinates": [ [ -74.275969, 40.523348 ], [ -74.275566, 40.525123 ] ] } },
{ "type": "Feature", "properties": { "id": "444924668-1291", "name": "Amboy Avenue", "class": "tertiary", "is_priority": false }, "geometry": { "type": "LineString", "coordinates": [ [ -74.275566, 40.525123 ], [ -74.27535, 40.526129 ], [ -74.275261, 40.526908 ] ] } },
{ "type": "Feature", "properties": { "id": "444924668-1292", "name": "Amboy Avenue", "class": "tertiary", "is_priority": false }, "geometry": { "type": "LineString", "coordinates": [ [ -74.275261, 40.526908 ], [ -74.27518, 40.52769 ], [ -74.275115, 40.527894 ] ] } },
{ "type": "Feature", "properties": { "id": "444924996-1293", "name": "Dillman Lane", "class": "residential", "is_priority": false }, "geometry": { "type": "LineString", "coordinates": [ [ -74.268277, 40.522531 ], [ -74.26822, 40.522587 ], [ -74.267653, 40.524261 ] ] } },
{ "type": "Feature", "properties": { "id": "444924996-1294", "name": "Dillman Lane", "class": "residential", "is_priority": false }, "geometry": { "type": "LineString", "coordinates": [ [ -74.267653, 40.524261 ], [ -74.267361, 40.525167 ] ] } },
{ "type": "Feature", "properties": { "id": "444934310-1295", "name": "Grove Street", "class": "tertiary", "is_priority": false }, "geometry": { "type": "LineString", "coordinates": [ [ -74.270273, 40.526206 ], [ -74.268811, 40.525683 ] ] } },
{ "type": "Feature", "properties": { "id": "444934311-1296", "name": "Boggs Street", "class": "tertiary", "is_priority": false }, "geometry": { "type": "LineString", "coordinates": [ [ -74.268811, 40.525683 ], [ -74.268586, 40.525993 ], [ -74.268404, 40.526169 ] ] } },
{ "type": "Feature", "properties": { "id": "444934312-1297", "name": "Lawrence Street", "class": "tertiary", "is_priority": false }, "geometry": { "type": "LineString", "coordinates": [ [ -74.270939, 40.527105 ], [ -74.273074, 40.527875 ] ] } },
{ "type": "Feature", "properties": { "id": "444934312-1298", "name": "Lawrence Street", "class": "tertiary", "is_priority": false }, "geometry": { "type": "LineString", "coordinates": [ [ -74.273074, 40.527875 ], [ -74.274853, 40.528512 ] ] } },
{ "type": "Feature", "properties": { "id": "444934313-1299", "name": "Grove Street", "class": "residential", "is_priority": false }, "geometry": { "type": "LineString", "coordinates": [ [ -74.268811, 40.525683 ], [ -74.267361, 40.525167 ] ] } },
{ "type": "Feature", "properties": { "id": "444934479-1300", "name": "Raritan Avenue", "class": "secondary", "is_priority": false }, "geometry": { "type": "LineString", "coordinates": [ [ -74.282631, 40.528374 ], [ -74.282471, 40.528392 ], [ -74.282202, 40.528499 ] ] } },
{ "type": "Feature", "properties": { "id": "444938975-1301", "name": "", "class": "secondary_link", "is_priority": false }, "geometry": { "type": "LineString", "coordinates": [ [ -74.281512, 40.528732 ], [ -74.280759, 40.528826 ], [ -74.280168, 40.52887 ], [ -74.279778, 40.528876 ], [ -74.279167, 40.528836 ] ] } },
{ "type": "Feature", "properties": { "id": "444938975-1302", "name": "", "class": "secondary_link", "is_priority": false }, "geometry": { "type": "LineString", "coordinates": [ [ -74.279167, 40.528836 ], [ -74.278765, 40.528788 ], [ -74.278183, 40.528687 ], [ -74.276888, 40.528376 ] ] } },
{ "type": "Feature", "properties": { "id": "444938975-1303", "name": "", "class": "secondary_link", "is_priority": false }, "geometry": { "type": "LineString", "coordinates": [ [ -74.276888, 40.528376 ], [ -74.276325, 40.528233 ] ] } },
{ "type": "Feature", "properties": { "id": "444940484-1304", "name": "Harding Avenue", "class": "residential", "is_priority": false }, "geometry": { "type": "LineString", "coordinates": [ [ -74.278397, 40.527705 ], [ -74.279253, 40.527818 ] ] } },
{ "type": "Feature", "properties": { "id": "444940485-1305", "name": "Harding Avenue", "class": "residential", "is_priority": false }, "geometry": { "type": "LineString", "coordinates": [ [ -74.279253, 40.527818 ], [ -74.280171, 40.527938 ] ] } },
{ "type": "Feature", "properties": { "id": "444940486-1306", "name": "Krochmally Avenue", "class": "residential", "is_priority": false }, "geometry": { "type": "LineString", "coordinates": [ [ -74.28045, 40.526605 ], [ -74.280359, 40.526601 ], [ -74.280266, 40.526621 ], [ -74.279458, 40.526897 ], [ -74.278295, 40.527319 ] ] } },
{ "type": "Feature", "properties": { "id": "444940486-1307", "name": "Krochmally Avenue", "class": "residential", "is_priority": false }, "geometry": { "type": "LineString", "coordinates": [ [ -74.278295, 40.527319 ], [ -74.27751, 40.527597 ], [ -74.276128, 40.528028 ] ] } },
{ "type": "Feature", "properties": { "id": "444940487-1308", "name": "Krochmally Avenue", "class": "residential", "is_priority": false }, "geometry": { "type": "LineString", "coordinates": [ [ -74.284445, 40.526918 ], [ -74.284078, 40.526795 ], [ -74.282131, 40.526622 ] ] } },
{ "type": "Feature", "properties": { "id": "444940487-1309", "name": "Krochmally Avenue", "class": "residential", "is_priority": false }, "geometry": { "type": "LineString", "coordinates": [ [ -74.282131, 40.526622 ], [ -74.280476, 40.52648 ] ] } },
{ "type": "Feature", "properties": { "id": "444942881-1310", "name": "Fayette Street", "class": "tertiary", "is_priority": false }, "geometry": { "type": "LineString", "coordinates": [ [ -74.272745, 40.511924 ], [ -74.273173, 40.512043 ] ] } },
{ "type": "Feature", "properties": { "id": "444948126-1311", "name": "Bingle Street", "class": "residential", "is_priority": false }, "geometry": { "type": "LineString", "coordinates": [ [ -74.28427, 40.525308 ], [ -74.286462, 40.525977 ] ] } },
{ "type": "Feature", "properties": { "id": "444948126-1312", "name": "Bingle Street", "class": "residential", "is_priority": false }, "geometry": { "type": "LineString", "coordinates": [ [ -74.286462, 40.525977 ], [ -74.28682, 40.526085 ] ] } },
{ "type": "Feature", "properties": { "id": "444948127-1313", "name": "Hanson Avenue", "class": "residential", "is_priority": false }, "geometry": { "type": "LineString", "coordinates": [ [ -74.285218, 40.523366 ], [ -74.284395, 40.525055 ] ] } },
{ "type": "Feature", "properties": { "id": "444948127-1314", "name": "Hanson Avenue", "class": "residential", "is_priority": false }, "geometry": { "type": "LineString", "coordinates": [ [ -74.284395, 40.525055 ], [ -74.28356, 40.52674 ] ] } },
{ "type": "Feature", "properties": { "id": "444948127-1315", "name": "Hanson Avenue", "class": "residential", "is_priority": false }, "geometry": { "type": "LineString", "coordinates": [ [ -74.28356, 40.52674 ], [ -74.283496, 40.52692 ], [ -74.283207, 40.528235 ], [ -74.283206, 40.528353 ] ] } },
{ "type": "Feature", "properties": { "id": "444949836-1316", "name": "Harned Street", "class": "residential", "is_priority": false }, "geometry": { "type": "LineString", "coordinates": [ [ -74.285455, 40.531266 ], [ -74.285355, 40.531419 ], [ -74.285284, 40.53149 ], [ -74.284589, 40.532004 ] ] } },
{ "type": "Feature", "properties": { "id": "444955552-1317", "name": "Steuerwald Place", "class": "residential", "is_priority": false }, "geometry": { "type": "LineString", "coordinates": [ [ -74.287174, 40.523451 ], [ -74.288985, 40.523879 ], [ -74.289161, 40.523955 ] ] } },
{ "type": "Feature", "properties": { "id": "444956176-1318", "name": "Brace Avenue", "class": "residential", "is_priority": false }, "geometry": { "type": "LineString", "coordinates": [ [ -74.275925, 40.520252 ], [ -74.277131, 40.520633 ], [ -74.278115, 40.520924 ] ] } },
{ "type": "Feature", "properties": { "id": "444956176-1319", "name": "Brace Avenue", "class": "residential", "is_priority": false }, "geometry": { "type": "LineString", "coordinates": [ [ -74.278115, 40.520924 ], [ -74.280334, 40.52154 ] ] } },
{ "type": "Feature", "properties": { "id": "444956176-1320", "name": "Brace Avenue", "class": "residential", "is_priority": false }, "geometry": { "type": "LineString", "coordinates": [ [ -74.280334, 40.52154 ], [ -74.280551, 40.5216 ], [ -74.280761, 40.521687 ], [ -74.282238, 40.522589 ] ] } },
{ "type": "Feature", "properties": { "id": "444956176-1321", "name": "Brace Avenue", "class": "residential", "is_priority": false }, "geometry": { "type": "LineString", "coordinates": [ [ -74.282238, 40.522589 ], [ -74.282461, 40.52272 ], [ -74.282615, 40.522787 ], [ -74.283455, 40.523054 ], [ -74.28442, 40.523227 ] ] } },
{ "type": "Feature", "properties": { "id": "444956176-1322", "name": "Brace Avenue", "class": "residential", "is_priority": false }, "geometry": { "type": "LineString", "coordinates": [ [ -74.28442, 40.523227 ], [ -74.285123, 40.523344 ], [ -74.285767, 40.523495 ], [ -74.286156, 40.523674 ], [ -74.286564, 40.523912 ] ] } },
{ "type": "Feature", "properties": { "id": "444956176-1323", "name": "Brace Avenue", "class": "residential", "is_priority": false }, "geometry": { "type": "LineString", "coordinates": [ [ -74.286564, 40.523912 ], [ -74.287683, 40.52455 ], [ -74.288375, 40.524787 ], [ -74.288475, 40.524799 ], [ -74.288573, 40.524776 ] ] } },
{ "type": "Feature", "properties": { "id": "444956176-1324", "name": "Brace Avenue", "class": "residential", "is_priority": false }, "geometry": { "type": "LineString", "coordinates": [ [ -74.288573, 40.524776 ], [ -74.288898, 40.524667 ] ] } },
{ "type": "Feature", "properties": { "id": "444958776-1325", "name": "Neville Street", "class": "residential", "is_priority": false }, "geometry": { "type": "LineString", "coordinates": [ [ -74.284138, 40.521537 ], [ -74.285059, 40.521802 ] ] } },
{ "type": "Feature", "properties": { "id": "444959913-1326", "name": "Dayna Court", "class": "residential", "is_priority": false }, "geometry": { "type": "LineString", "coordinates": [ [ -74.283301, 40.522632 ], [ -74.283461, 40.522165 ], [ -74.283548, 40.521873 ], [ -74.283564, 40.521751 ] ] } },
{ "type": "Feature", "properties": { "id": "444959914-1327", "name": "Dayna Court", "class": "residential", "is_priority": false }, "geometry": { "type": "LineString", "coordinates": [ [ -74.284122, 40.522809 ], [ -74.283301, 40.522632 ] ] } },
{ "type": "Feature", "properties": { "id": "444961638-1328", "name": "Neville Street", "class": "residential", "is_priority": false }, "geometry": { "type": "LineString", "coordinates": [ [ -74.282118, 40.520565 ], [ -74.283884, 40.521077 ], [ -74.284005, 40.521142 ], [ -74.284049, 40.521183 ], [ -74.284119, 40.521286 ], [ -74.284145, 40.521361 ] ] } },
{ "type": "Feature", "properties": { "id": "444961638-1329", "name": "Neville Street", "class": "residential", "is_priority": false }, "geometry": { "type": "LineString", "coordinates": [ [ -74.284145, 40.521361 ], [ -74.284155, 40.521448 ], [ -74.284138, 40.521537 ] ] } },
{ "type": "Feature", "properties": { "id": "444961640-1330", "name": "Compton Avenue", "class": "residential", "is_priority": false }, "geometry": { "type": "LineString", "coordinates": [ [ -74.281774, 40.521252 ], [ -74.283503, 40.521743 ], [ -74.283637, 40.521753 ], [ -74.283775, 40.521742 ], [ -74.283996, 40.52167 ] ] } },
{ "type": "Feature", "properties": { "id": "444961640-1331", "name": "Compton Avenue", "class": "residential", "is_priority": false }, "geometry": { "type": "LineString", "coordinates": [ [ -74.283996, 40.52167 ], [ -74.284088, 40.521604 ], [ -74.284138, 40.521537 ] ] } },
{ "type": "Feature", "properties": { "id": "444963925-1332", "name": "Sayre Avenue", "class": "residential", "is_priority": false }, "geometry": { "type": "LineString", "coordinates": [ [ -74.28034, 40.516578 ], [ -74.280422, 40.51662 ], [ -74.281294, 40.516929 ], [ -74.28235, 40.517508 ] ] } },
{ "type": "Feature", "properties": { "id": "444963925-1333", "name": "Sayre Avenue", "class": "residential", "is_priority": false }, "geometry": { "type": "LineString", "coordinates": [ [ -74.28235, 40.517508 ], [ -74.283996, 40.518414 ] ] } },
{ "type": "Feature", "properties": { "id": "444967142-1334", "name": "Sayre Avenue", "class": "residential", "is_priority": false }, "geometry": { "type": "LineString", "coordinates": [ [ -74.283996, 40.518414 ], [ -74.28591, 40.519469 ] ] } },
{ "type": "Feature", "properties": { "id": "444967142-1335", "name": "Sayre Avenue", "class": "residential", "is_priority": false }, "geometry": { "type": "LineString", "coordinates": [ [ -74.28591, 40.519469 ], [ -74.287709, 40.52046 ], [ -74.287837, 40.520507 ] ] } },
{ "type": "Feature", "properties": { "id": "444967142-1336", "name": "Sayre Avenue", "class": "residential", "is_priority": false }, "geometry": { "type": "LineString", "coordinates": [ [ -74.287837, 40.520507 ], [ -74.290093, 40.521037 ] ] } },
{ "type": "Feature", "properties": { "id": "444967142-1337", "name": "Sayre Avenue", "class": "residential", "is_priority": false }, "geometry": { "type": "LineString", "coordinates": [ [ -74.290093, 40.521037 ], [ -74.290242, 40.521058 ] ] } },
{ "type": "Feature", "properties": { "id": "444969849-1338", "name": "Augustine Place", "class": "residential", "is_priority": false }, "geometry": { "type": "LineString", "coordinates": [ [ -74.280673, 40.516273 ], [ -74.279322, 40.517512 ] ] } },
{ "type": "Feature", "properties": { "id": "444980627-1339", "name": "Convery Boulevard", "class": "secondary", "is_priority": false }, "geometry": { "type": "LineString", "coordinates": [ [ -74.279521, 40.530858 ], [ -74.279513, 40.530893 ] ] } },
{ "type": "Feature", "properties": { "id": "444980630-1340", "name": "Kozusko Avenue", "class": "residential", "is_priority": false }, "geometry": { "type": "LineString", "coordinates": [ [ -74.277794, 40.538736 ], [ -74.27711, 40.538653 ] ] } },
{ "type": "Feature", "properties": { "id": "444981304-1341", "name": "Kelsey Avenue", "class": "residential", "is_priority": false }, "geometry": { "type": "LineString", "coordinates": [ [ -74.27623, 40.539929 ], [ -74.277499, 40.540092 ] ] } },
{ "type": "Feature", "properties": { "id": "444984066-1342", "name": "", "class": "motorway_link", "is_priority": false }, "geometry": { "type": "LineString", "coordinates": [ [ -74.274588, 40.527774 ], [ -74.274126, 40.527669 ], [ -74.273026, 40.527333 ] ] } },
{ "type": "Feature", "properties": { "id": "444984067-1343", "name": "", "class": "motorway_link", "is_priority": false }, "geometry": { "type": "LineString", "coordinates": [ [ -74.274787, 40.52789 ], [ -74.274588, 40.527774 ] ] } },
{ "type": "Feature", "properties": { "id": "445088559-1344", "name": "Water Street", "class": "residential", "is_priority": false }, "geometry": { "type": "LineString", "coordinates": [ [ -74.264305, 40.504075 ], [ -74.263543, 40.505588 ] ] } },
{ "type": "Feature", "properties": { "id": "445095929-1345", "name": "High Street", "class": "residential", "is_priority": false }, "geometry": { "type": "LineString", "coordinates": [ [ -74.261014, 40.526629 ], [ -74.260611, 40.526157 ] ] } },
{ "type": "Feature", "properties": { "id": "445099186-1346", "name": "Brocek Court", "class": "residential", "is_priority": false }, "geometry": { "type": "LineString", "coordinates": [ [ -74.260889, 40.520422 ], [ -74.261612, 40.520633 ] ] } },
{ "type": "Feature", "properties": { "id": "445100251-1347", "name": "High Street", "class": "residential", "is_priority": false }, "geometry": { "type": "LineString", "coordinates": [ [ -74.261139, 40.516319 ], [ -74.261012, 40.516459 ], [ -74.26094, 40.516632 ], [ -74.260912, 40.516896 ], [ -74.260944, 40.517141 ], [ -74.260988, 40.517281 ], [ -74.261056, 40.517401 ], [ -74.261483, 40.517978 ] ] } },
{ "type": "Feature", "properties": { "id": "445100251-1348", "name": "High Street", "class": "residential", "is_priority": false }, "geometry": { "type": "LineString", "coordinates": [ [ -74.261483, 40.517978 ], [ -74.261947, 40.518615 ], [ -74.262029, 40.518772 ], [ -74.262081, 40.518967 ] ] } },
{ "type": "Feature", "properties": { "id": "445107573-1349", "name": "High Street", "class": "residential", "is_priority": false }, "geometry": { "type": "LineString", "coordinates": [ [ -74.260198, 40.52293 ], [ -74.260809, 40.522157 ], [ -74.260939, 40.521965 ], [ -74.261134, 40.521604 ] ] } },
{ "type": "Feature", "properties": { "id": "445107578-1350", "name": "High Street", "class": "residential", "is_priority": false }, "geometry": { "type": "LineString", "coordinates": [ [ -74.259634, 40.525191 ], [ -74.259548, 40.524966 ], [ -74.259515, 40.524817 ], [ -74.259504, 40.524616 ], [ -74.259528, 40.524432 ], [ -74.259577, 40.524252 ], [ -74.259662, 40.524044 ], [ -74.259946, 40.523454 ] ] } },
{ "type": "Feature", "properties": { "id": "445107578-1351", "name": "High Street", "class": "residential", "is_priority": false }, "geometry": { "type": "LineString", "coordinates": [ [ -74.259946, 40.523454 ], [ -74.260198, 40.52293 ] ] } },
{ "type": "Feature", "properties": { "id": "445107583-1352", "name": "High Street", "class": "residential", "is_priority": false }, "geometry": { "type": "LineString", "coordinates": [ [ -74.259634, 40.525191 ], [ -74.259695, 40.525378 ], [ -74.259796, 40.525513 ], [ -74.260521, 40.52623 ], [ -74.260708, 40.526396 ], [ -74.261012, 40.526628 ] ] } },
{ "type": "Feature", "properties": { "id": "445112541-1353", "name": "", "class": "tertiary_link", "is_priority": false }, "geometry": { "type": "LineString", "coordinates": [ [ -74.263589, 40.530283 ], [ -74.263837, 40.530397 ], [ -74.263949, 40.530484 ], [ -74.264004, 40.530598 ], [ -74.264012, 40.530816 ] ] } },
{ "type": "Feature", "properties": { "id": "445117406-1354", "name": "", "class": "motorway_link", "is_priority": false }, "geometry": { "type": "LineString", "coordinates": [ [ -74.264223, 40.526198 ], [ -74.263568, 40.526384 ], [ -74.263279, 40.526484 ], [ -74.262989, 40.526608 ], [ -74.262544, 40.526859 ] ] } },
{ "type": "Feature", "properties": { "id": "445119057-1355", "name": "", "class": "motorway_link", "is_priority": false }, "geometry": { "type": "LineString", "coordinates": [ [ -74.269367, 40.525981 ], [ -74.26888, 40.525796 ], [ -74.268156, 40.525558 ] ] } },
{ "type": "Feature", "properties": { "id": "445120369-1356", "name": "", "class": "tertiary_link", "is_priority": false }, "geometry": { "type": "LineString", "coordinates": [ [ -74.26443, 40.523342 ], [ -74.264341, 40.523321 ], [ -74.264224, 40.523328 ], [ -74.26416, 40.523353 ], [ -74.264122, 40.52342 ] ] } },
{ "type": "Feature", "properties": { "id": "445123948-1357", "name": "Wayne Street", "class": "residential", "is_priority": false }, "geometry": { "type": "LineString", "coordinates": [ [ -74.263748, 40.521661 ], [ -74.263867, 40.52167 ], [ -74.266032, 40.522113 ] ] } },
{ "type": "Feature", "properties": { "id": "445123948-1358", "name": "Wayne Street", "class": "residential", "is_priority": false }, "geometry": { "type": "LineString", "coordinates": [ [ -74.266032, 40.522113 ], [ -74.267782, 40.522471 ] ] } },
{ "type": "Feature", "properties": { "id": "445124128-1359", "name": "Pulaski Avenue", "class": "residential", "is_priority": false }, "geometry": { "type": "LineString", "coordinates": [ [ -74.264452, 40.524416 ], [ -74.266566, 40.524612 ] ] } },
{ "type": "Feature", "properties": { "id": "445124975-1360", "name": "", "class": "residential", "is_priority": false }, "geometry": { "type": "LineString", "coordinates": [ [ -74.268033, 40.515884 ], [ -74.268322, 40.515772 ] ] } },
{ "type": "Feature", "properties": { "id": "445124976-1361", "name": "Park Avenue", "class": "residential", "is_priority": false }, "geometry": { "type": "LineString", "coordinates": [ [ -74.269396, 40.513589 ], [ -74.268566, 40.515275 ] ] } },
{ "type": "Feature", "properties": { "id": "445124976-1362", "name": "Park Avenue", "class": "residential", "is_priority": false }, "geometry": { "type": "LineString", "coordinates": [ [ -74.268566, 40.515275 ], [ -74.268322, 40.515772 ] ] } },
{ "type": "Feature", "properties": { "id": "445224502-1363", "name": "Lawrie Street", "class": "tertiary", "is_priority": false }, "geometry": { "type": "LineString", "coordinates": [ [ -74.282573, 40.519928 ], [ -74.283855, 40.520263 ], [ -74.284309, 40.520363 ] ] } },
{ "type": "Feature", "properties": { "id": "445224503-1364", "name": "West Side Avenue", "class": "residential", "is_priority": false }, "geometry": { "type": "LineString", "coordinates": [ [ -74.270485, 40.517262 ], [ -74.269863, 40.519 ] ] } },
{ "type": "Feature", "properties": { "id": "445224503-1365", "name": "West Side Avenue", "class": "residential", "is_priority": false }, "geometry": { "type": "LineString", "coordinates": [ [ -74.269863, 40.519 ], [ -74.26934, 40.520435 ], [ -74.269284, 40.520744 ] ] } },
{ "type": "Feature", "properties": { "id": "445224503-1366", "name": "West Side Avenue", "class": "residential", "is_priority": false }, "geometry": { "type": "LineString", "coordinates": [ [ -74.269284, 40.520744 ], [ -74.269066, 40.522538 ] ] } },
{ "type": "Feature", "properties": { "id": "445224503-1367", "name": "West Side Avenue", "class": "residential", "is_priority": false }, "geometry": { "type": "LineString", "coordinates": [ [ -74.269066, 40.522538 ], [ -74.269006, 40.523034 ] ] } },
{ "type": "Feature", "properties": { "id": "445224505-1368", "name": "Holly Drive", "class": "residential", "is_priority": false }, "geometry": { "type": "LineString", "coordinates": [ [ -74.272918, 40.515031 ], [ -74.274247, 40.515394 ], [ -74.274529, 40.514784 ] ] } },
{ "type": "Feature", "properties": { "id": "445263899-1369", "name": "Court Avenue", "class": "tertiary", "is_priority": false }, "geometry": { "type": "LineString", "coordinates": [ [ -74.289725, 40.52475 ], [ -74.290693, 40.52363 ], [ -74.29097, 40.523222 ] ] } },
{ "type": "Feature", "properties": { "id": "445263899-1370", "name": "Court Avenue", "class": "tertiary", "is_priority": false }, "geometry": { "type": "LineString", "coordinates": [ [ -74.29097, 40.523222 ], [ -74.291137, 40.523005 ], [ -74.291167, 40.522942 ] ] } },
{ "type": "Feature", "properties": { "id": "445263900-1371", "name": "Juliette Street", "class": "residential", "is_priority": false }, "geometry": { "type": "LineString", "coordinates": [ [ -74.290747, 40.523562 ], [ -74.290881, 40.52361 ], [ -74.292992, 40.524116 ] ] } },
{ "type": "Feature", "properties": { "id": "445263900-1372", "name": "Juliette Street", "class": "residential", "is_priority": false }, "geometry": { "type": "LineString", "coordinates": [ [ -74.292992, 40.524116 ], [ -74.295229, 40.524653 ] ] } },
{ "type": "Feature", "properties": { "id": "445263901-1373", "name": "Court Avenue", "class": "residential", "is_priority": false }, "geometry": { "type": "LineString", "coordinates": [ [ -74.289304, 40.52527 ], [ -74.288963, 40.525719 ], [ -74.288494, 40.526603 ] ] } },
{ "type": "Feature", "properties": { "id": "445512527-1374", "name": "Russell Street", "class": "residential", "is_priority": false }, "geometry": { "type": "LineString", "coordinates": [ [ -74.276128, 40.546831 ], [ -74.276171, 40.546881 ], [ -74.276239, 40.546907 ], [ -74.276554, 40.546916 ], [ -74.276703, 40.546886 ], [ -74.277092, 40.546754 ] ] } },
{ "type": "Feature", "properties": { "id": "445513365-1375", "name": "Russell Street", "class": "residential", "is_priority": false }, "geometry": { "type": "LineString", "coordinates": [ [ -74.276944, 40.547891 ], [ -74.276826, 40.54801 ], [ -74.276811, 40.548091 ], [ -74.277077, 40.548652 ], [ -74.277152, 40.548745 ] ] } },
{ "type": "Feature", "properties": { "id": "445513366-1376", "name": "Earl Street", "class": "residential", "is_priority": false }, "geometry": { "type": "LineString", "coordinates": [ [ -74.277613, 40.547896 ], [ -74.277693, 40.547946 ], [ -74.277811, 40.548183 ], [ -74.277818, 40.548233 ] ] } },
{ "type": "Feature", "properties": { "id": "445521880-1377", "name": "Benjamin Street", "class": "residential", "is_priority": false }, "geometry": { "type": "LineString", "coordinates": [ [ -74.273544, 40.54621 ], [ -74.275761, 40.54559 ] ] } },
{ "type": "Feature", "properties": { "id": "445521880-1378", "name": "Benjamin Street", "class": "residential", "is_priority": false }, "geometry": { "type": "LineString", "coordinates": [ [ -74.275761, 40.54559 ], [ -74.276309, 40.54543 ] ] } },
{ "type": "Feature", "properties": { "id": "445522787-1379", "name": "Saint Joseph Terrace", "class": "residential", "is_priority": false }, "geometry": { "type": "LineString", "coordinates": [ [ -74.274687, 40.54329 ], [ -74.275016, 40.543792 ], [ -74.275856, 40.544854 ] ] } },
{ "type": "Feature", "properties": { "id": "445522787-1380", "name": "Saint Joseph Terrace", "class": "residential", "is_priority": false }, "geometry": { "type": "LineString", "coordinates": [ [ -74.275856, 40.544854 ], [ -74.27638, 40.545534 ], [ -74.276919, 40.54646 ] ] } },
{ "type": "Feature", "properties": { "id": "445522787-1381", "name": "Saint Joseph Terrace", "class": "residential", "is_priority": false }, "geometry": { "type": "LineString", "coordinates": [ [ -74.276919, 40.54646 ], [ -74.27713, 40.546808 ], [ -74.277449, 40.5472 ] ] } },
{ "type": "Feature", "properties": { "id": "445782640-1382", "name": "", "class": "motorway_link", "is_priority": false }, "geometry": { "type": "LineString", "coordinates": [ [ -74.300738, 40.525235 ], [ -74.30071, 40.525373 ], [ -74.300725, 40.525661 ], [ -74.30071, 40.525833 ], [ -74.300644, 40.526085 ], [ -74.30053, 40.526324 ], [ -74.300404, 40.526494 ], [ -74.300262, 40.526614 ], [ -74.300152, 40.526654 ], [ -74.300041, 40.526668 ], [ -74.299971, 40.526667 ], [ -74.299849, 40.526638 ] ] } },
{ "type": "Feature", "properties": { "id": "445782640-1383", "name": "", "class": "motorway_link", "is_priority": false }, "geometry": { "type": "LineString", "coordinates": [ [ -74.299849, 40.526638 ], [ -74.299752, 40.52659 ], [ -74.299683, 40.526522 ], [ -74.299638, 40.526438 ], [ -74.299624, 40.526349 ], [ -74.299654, 40.52607 ], [ -74.299803, 40.525472 ] ] } },
{ "type": "Feature", "properties": { "id": "445789007-1384", "name": "Garden State Parkway", "class": "motorway", "is_priority": true }, "geometry": { "type": "LineString", "coordinates": [ [ -74.298273, 40.529123 ], [ -74.298274, 40.528721 ], [ -74.298311, 40.528263 ], [ -74.298418, 40.527692 ], [ -74.29852, 40.527336 ] ] } },
{ "type": "Feature", "properties": { "id": "445789007-1385", "name": "Garden State Parkway", "class": "motorway", "is_priority": true }, "geometry": { "type": "LineString", "coordinates": [ [ -74.29852, 40.527336 ], [ -74.298715, 40.526806 ], [ -74.299236, 40.52562 ] ] } },
{ "type": "Feature", "properties": { "id": "445789007-1386", "name": "Garden State Parkway", "class": "motorway", "is_priority": true }, "geometry": { "type": "LineString", "coordinates": [ [ -74.299236, 40.52562 ], [ -74.299793, 40.524421 ] ] } },
{ "type": "Feature", "properties": { "id": "445808857-1387", "name": "", "class": "motorway", "is_priority": true }, "geometry": { "type": "LineString", "coordinates": [ [ -74.297606, 40.528604 ], [ -74.297509, 40.529134 ], [ -74.297444, 40.529701 ], [ -74.297414, 40.53003 ], [ -74.297407, 40.530397 ] ] } },
{ "type": "Feature", "properties": { "id": "445808857-1388", "name": "", "class": "motorway", "is_priority": true }, "geometry": { "type": "LineString", "coordinates": [ [ -74.297407, 40.530397 ], [ -74.297438, 40.532105 ] ] } },
{ "type": "Feature", "properties": { "id": "445969600-1389", "name": "", "class": "motorway_link", "is_priority": false }, "geometry": { "type": "LineString", "coordinates": [ [ -74.298054, 40.524597 ], [ -74.297831, 40.525139 ], [ -74.297757, 40.525267 ], [ -74.297619, 40.525417 ], [ -74.297362, 40.525618 ], [ -74.297265, 40.52575 ], [ -74.297234, 40.525881 ], [ -74.297243, 40.525974 ], [ -74.297361, 40.526206 ] ] } },
{ "type": "Feature", "properties": { "id": "445969600-1390", "name": "", "class": "motorway_link", "is_priority": false }, "geometry": { "type": "LineString", "coordinates": [ [ -74.297361, 40.526206 ], [ -74.297614, 40.526631 ], [ -74.297675, 40.526875 ], [ -74.297665, 40.527089 ], [ -74.297512, 40.527952 ] ] } },
{ "type": "Feature", "properties": { "id": "445969600-1391", "name": "", "class": "motorway_link", "is_priority": false }, "geometry": { "type": "LineString", "coordinates": [ [ -74.297512, 40.527952 ], [ -74.297399, 40.528661 ], [ -74.297273, 40.529744 ] ] } },
{ "type": "Feature", "properties": { "id": "445969600-1392", "name": "", "class": "motorway_link", "is_priority": false }, "geometry": { "type": "LineString", "coordinates": [ [ -74.297273, 40.529744 ], [ -74.297262, 40.530456 ], [ -74.297329, 40.531545 ] ] } },
{ "type": "Feature", "properties": { "id": "445969600-1393", "name": "", "class": "motorway_link", "is_priority": false }, "geometry": { "type": "LineString", "coordinates": [ [ -74.297329, 40.531545 ], [ -74.297344, 40.531781 ], [ -74.297438, 40.532105 ] ] } },
{ "type": "Feature", "properties": { "id": "446011746-1394", "name": "Douglass Street", "class": "residential", "is_priority": false }, "geometry": { "type": "LineString", "coordinates": [ [ -74.301629, 40.524443 ], [ -74.301508, 40.524415 ] ] } },
{ "type": "Feature", "properties": { "id": "446012468-1395", "name": "Warner Street", "class": "residential", "is_priority": false }, "geometry": { "type": "LineString", "coordinates": [ [ -74.30257, 40.53149 ], [ -74.302216, 40.53158 ], [ -74.30209, 40.531633 ], [ -74.30194, 40.531739 ], [ -74.301866, 40.53183 ], [ -74.301798, 40.531973 ], [ -74.30178, 40.532119 ], [ -74.301878, 40.532502 ], [ -74.301878, 40.532606 ], [ -74.301837, 40.532673 ], [ -74.301624, 40.532894 ] ] } },
{ "type": "Feature", "properties": { "id": "446012468-1396", "name": "Warner Street", "class": "residential", "is_priority": false }, "geometry": { "type": "LineString", "coordinates": [ [ -74.301624, 40.532894 ], [ -74.301496, 40.533031 ], [ -74.301458, 40.533109 ], [ -74.301446, 40.533187 ] ] } },
{ "type": "Feature", "properties": { "id": "446012469-1397", "name": "Johnson Street", "class": "residential", "is_priority": false }, "geometry": { "type": "LineString", "coordinates": [ [ -74.302647, 40.530755 ], [ -74.301477, 40.531037 ], [ -74.300721, 40.531361 ] ] } },
{ "type": "Feature", "properties": { "id": "446012664-1398", "name": "Winchester Road", "class": "residential", "is_priority": false }, "geometry": { "type": "LineString", "coordinates": [ [ -74.302472, 40.531513 ], [ -74.302539, 40.531675 ] ] } },
{ "type": "Feature", "properties": { "id": "473696933-1399", "name": "High Street", "class": "residential", "is_priority": false }, "geometry": { "type": "LineString", "coordinates": [ [ -74.261723, 40.527345 ], [ -74.261524, 40.527145 ] ] } },
{ "type": "Feature", "properties": { "id": "473700359-1400", "name": "West Pond Road", "class": "secondary", "is_priority": false }, "geometry": { "type": "LineString", "coordinates": [ [ -74.299465, 40.534963 ], [ -74.299959, 40.535016 ] ] } },
{ "type": "Feature", "properties": { "id": "486526606-1401", "name": "", "class": "motorway_link", "is_priority": false }, "geometry": { "type": "LineString", "coordinates": [ [ -74.298569, 40.53962 ], [ -74.298344, 40.539654 ], [ -74.297097, 40.539946 ], [ -74.296659, 40.540101 ] ] } },
{ "type": "Feature", "properties": { "id": "486526607-1402", "name": "", "class": "motorway_link", "is_priority": false }, "geometry": { "type": "LineString", "coordinates": [ [ -74.299015, 40.539563 ], [ -74.298875, 40.539577 ] ] } },
{ "type": "Feature", "properties": { "id": "486695291-1403", "name": "", "class": "motorway_link", "is_priority": false }, "geometry": { "type": "LineString", "coordinates": [ [ -74.29996, 40.539728 ], [ -74.299819, 40.539745 ] ] } },
{ "type": "Feature", "properties": { "id": "486695294-1404", "name": "", "class": "motorway_link", "is_priority": false }, "geometry": { "type": "LineString", "coordinates": [ [ -74.299908, 40.540294 ], [ -74.300051, 40.540284 ] ] } },
{ "type": "Feature", "properties": { "id": "511901413-1405", "name": "High Street", "class": "tertiary", "is_priority": false }, "geometry": { "type": "LineString", "coordinates": [ [ -74.264154, 40.530411 ], [ -74.263819, 40.530346 ], [ -74.263589, 40.530283 ] ] } },
{ "type": "Feature", "properties": { "id": "511901535-1406", "name": "Convery Boulevard", "class": "secondary", "is_priority": false }, "geometry": { "type": "LineString", "coordinates": [ [ -74.279672, 40.530127 ], [ -74.279521, 40.530858 ] ] } },
{ "type": "Feature", "properties": { "id": "511901536-1407", "name": "Pfeiffer Boulevard", "class": "tertiary", "is_priority": false }, "geometry": { "type": "LineString", "coordinates": [ [ -74.276325, 40.528233 ], [ -74.276053, 40.528193 ], [ -74.275798, 40.528133 ], [ -74.275115, 40.527894 ] ] } },
{ "type": "Feature", "properties": { "id": "542866149-1408", "name": "West Avenue", "class": "tertiary", "is_priority": false }, "geometry": { "type": "LineString", "coordinates": [ [ -74.259475, 40.54749 ], [ -74.259491, 40.54792 ], [ -74.259386, 40.549289 ] ] } },
{ "type": "Feature", "properties": { "id": "542866149-1409", "name": "West Avenue", "class": "tertiary", "is_priority": false }, "geometry": { "type": "LineString", "coordinates": [ [ -74.259386, 40.549289 ], [ -74.259288, 40.550402 ], [ -74.259171, 40.550882 ] ] } },
{ "type": "Feature", "properties": { "id": "542866150-1410", "name": "High Street", "class": "tertiary", "is_priority": false }, "geometry": { "type": "LineString", "coordinates": [ [ -74.263589, 40.530283 ], [ -74.263469, 40.530239 ], [ -74.263277, 40.53014 ], [ -74.263126, 40.530035 ], [ -74.262993, 40.529907 ] ] } },
{ "type": "Feature", "properties": { "id": "542866151-1411", "name": "Smith Street", "class": "tertiary", "is_priority": false }, "geometry": { "type": "LineString", "coordinates": [ [ -74.285999, 40.513611 ], [ -74.28484, 40.513308 ], [ -74.283776, 40.513005 ] ] } },
{ "type": "Feature", "properties": { "id": "542866151-1412", "name": "Smith Street", "class": "tertiary", "is_priority": false }, "geometry": { "type": "LineString", "coordinates": [ [ -74.283776, 40.513005 ], [ -74.282594, 40.512676 ] ] } },
{ "type": "Feature", "properties": { "id": "545334478-1413", "name": "Front Street", "class": "residential", "is_priority": false }, "geometry": { "type": "LineString", "coordinates": [ [ -74.263569, 40.503866 ], [ -74.263374, 40.504232 ], [ -74.263053, 40.504952 ], [ -74.262857, 40.505581 ] ] } },
{ "type": "Feature", "properties": { "id": "545334478-1414", "name": "Front Street", "class": "residential", "is_priority": false }, "geometry": { "type": "LineString", "coordinates": [ [ -74.262857, 40.505581 ], [ -74.262744, 40.505927 ], [ -74.262251, 40.506994 ] ] } },
{ "type": "Feature", "properties": { "id": "568951426-1415", "name": "Court Avenue", "class": "tertiary", "is_priority": false }, "geometry": { "type": "LineString", "coordinates": [ [ -74.289304, 40.52527 ], [ -74.289725, 40.52475 ] ] } },
{ "type": "Feature", "properties": { "id": "568956991-1416", "name": "Lawrie Street", "class": "residential", "is_priority": false }, "geometry": { "type": "LineString", "coordinates": [ [ -74.282573, 40.519928 ], [ -74.280359, 40.519301 ] ] } },
{ "type": "Feature", "properties": { "id": "568956991-1417", "name": "Lawrie Street", "class": "residential", "is_priority": false }, "geometry": { "type": "LineString", "coordinates": [ [ -74.280359, 40.519301 ], [ -74.280111, 40.519228 ] ] } },
{ "type": "Feature", "properties": { "id": "568961712-1418", "name": "Dorsey Street", "class": "residential", "is_priority": false }, "geometry": { "type": "LineString", "coordinates": [ [ -74.285687, 40.514277 ], [ -74.285195, 40.51534 ] ] } },
{ "type": "Feature", "properties": { "id": "569015144-1419", "name": "Capalta Avenue", "class": "residential", "is_priority": false }, "geometry": { "type": "LineString", "coordinates": [ [ -74.27181, 40.501796 ], [ -74.271648, 40.50344 ] ] } },
{ "type": "Feature", "properties": { "id": "569018130-1420", "name": "Sadowski Parkway", "class": "residential", "is_priority": false }, "geometry": { "type": "LineString", "coordinates": [ [ -74.269262, 40.49983 ], [ -74.268989, 40.499768 ], [ -74.268519, 40.499614 ] ] } },
{ "type": "Feature", "properties": { "id": "569018131-1421", "name": "Water Street", "class": "residential", "is_priority": false }, "geometry": { "type": "LineString", "coordinates": [ [ -74.266299, 40.500563 ], [ -74.265984, 40.500792 ], [ -74.265788, 40.501069 ], [ -74.26525, 40.502148 ] ] } },
{ "type": "Feature", "properties": { "id": "569018131-1422", "name": "Water Street", "class": "residential", "is_priority": false }, "geometry": { "type": "LineString", "coordinates": [ [ -74.26525, 40.502148 ], [ -74.264423, 40.503836 ] ] } },
{ "type": "Feature", "properties": { "id": "569018131-1423", "name": "Water Street", "class": "residential", "is_priority": false }, "geometry": { "type": "LineString", "coordinates": [ [ -74.264423, 40.503836 ], [ -74.264305, 40.504075 ] ] } },
{ "type": "Feature", "properties": { "id": "579750189-1424", "name": "Smith Street", "class": "tertiary", "is_priority": false }, "geometry": { "type": "LineString", "coordinates": [ [ -74.277857, 40.511358 ], [ -74.275807, 40.510781 ] ] } },
{ "type": "Feature", "properties": { "id": "580636303-1425", "name": "", "class": "secondary", "is_priority": false }, "geometry": { "type": "LineString", "coordinates": [ [ -74.282202, 40.528499 ], [ -74.281747, 40.528669 ], [ -74.281512, 40.528732 ] ] } },
{ "type": "Feature", "properties": { "id": "582734657-1426", "name": "Smith Street", "class": "tertiary", "is_priority": false }, "geometry": { "type": "LineString", "coordinates": [ [ -74.274911, 40.510533 ], [ -74.273547, 40.510154 ] ] } },
{ "type": "Feature", "properties": { "id": "582734658-1427", "name": "Smith Street", "class": "tertiary", "is_priority": false }, "geometry": { "type": "LineString", "coordinates": [ [ -74.275807, 40.510781 ], [ -74.274911, 40.510533 ] ] } },
{ "type": "Feature", "properties": { "id": "582734659-1428", "name": "New Brunswick Avenue", "class": "tertiary", "is_priority": false }, "geometry": { "type": "LineString", "coordinates": [ [ -74.27332, 40.51375 ], [ -74.274087, 40.514233 ] ] } },
{ "type": "Feature", "properties": { "id": "582734660-1429", "name": "New Brunswick Avenue", "class": "tertiary", "is_priority": false }, "geometry": { "type": "LineString", "coordinates": [ [ -74.27556, 40.515165 ], [ -74.275638, 40.515214 ] ] } },
{ "type": "Feature", "properties": { "id": "583592399-1430", "name": "", "class": "motorway_link", "is_priority": false }, "geometry": { "type": "LineString", "coordinates": [ [ -74.297438, 40.532191 ], [ -74.297325, 40.532278 ], [ -74.297239, 40.532318 ], [ -74.297141, 40.532338 ], [ -74.297025, 40.532339 ] ] } },
{ "type": "Feature", "properties": { "id": "583592405-1431", "name": "", "class": "trunk_link", "is_priority": false }, "geometry": { "type": "LineString", "coordinates": [ [ -74.297033, 40.536004 ], [ -74.296904, 40.535833 ], [ -74.296869, 40.535767 ], [ -74.296853, 40.535671 ] ] } },
{ "type": "Feature", "properties": { "id": "583592406-1432", "name": "", "class": "trunk_link", "is_priority": false }, "geometry": { "type": "LineString", "coordinates": [ [ -74.296735, 40.535942 ], [ -74.296834, 40.535913 ], [ -74.296872, 40.535918 ], [ -74.297033, 40.536004 ] ] } },
{ "type": "Feature", "properties": { "id": "584774853-1433", "name": "Main Street", "class": "secondary", "is_priority": false }, "geometry": { "type": "LineString", "coordinates": [ [ -74.296586, 40.495948 ], [ -74.296087, 40.49545 ] ] } },
{ "type": "Feature", "properties": { "id": "584774870-1434", "name": "Main Street", "class": "secondary", "is_priority": false }, "geometry": { "type": "LineString", "coordinates": [ [ -74.286573, 40.490764 ], [ -74.287465, 40.491263 ], [ -74.288542, 40.491753 ] ] } },
{ "type": "Feature", "properties": { "id": "584774870-1435", "name": "Main Street", "class": "secondary", "is_priority": false }, "geometry": { "type": "LineString", "coordinates": [ [ -74.288542, 40.491753 ], [ -74.290558, 40.492689 ] ] } },
{ "type": "Feature", "properties": { "id": "584774870-1436", "name": "Main Street", "class": "secondary", "is_priority": false }, "geometry": { "type": "LineString", "coordinates": [ [ -74.290558, 40.492689 ], [ -74.291902, 40.493309 ] ] } },
{ "type": "Feature", "properties": { "id": "584774880-1437", "name": "Main Street", "class": "secondary", "is_priority": false }, "geometry": { "type": "LineString", "coordinates": [ [ -74.29359, 40.493941 ], [ -74.292434, 40.493412 ] ] } },
{ "type": "Feature", "properties": { "id": "584774888-1438", "name": "Scott Avenue", "class": "residential", "is_priority": false }, "geometry": { "type": "LineString", "coordinates": [ [ -74.29359, 40.493941 ], [ -74.293531, 40.494056 ] ] } },
{ "type": "Feature", "properties": { "id": "584774899-1439", "name": "Smith Street", "class": "tertiary", "is_priority": false }, "geometry": { "type": "LineString", "coordinates": [ [ -74.28703, 40.513898 ], [ -74.28689, 40.513858 ] ] } },
{ "type": "Feature", "properties": { "id": "584774901-1440", "name": "Main Street", "class": "primary", "is_priority": true }, "geometry": { "type": "LineString", "coordinates": [ [ -74.297878, 40.496902 ], [ -74.297754, 40.49682 ] ] } },
{ "type": "Feature", "properties": { "id": "584774902-1441", "name": "State Street", "class": "tertiary", "is_priority": false }, "geometry": { "type": "LineString", "coordinates": [ [ -74.264054, 40.523215 ], [ -74.263912, 40.522791 ], [ -74.263809, 40.522355 ], [ -74.263758, 40.521976 ], [ -74.263751, 40.521437 ] ] } },
{ "type": "Feature", "properties": { "id": "584774902-1442", "name": "State Street", "class": "tertiary", "is_priority": false }, "geometry": { "type": "LineString", "coordinates": [ [ -74.263751, 40.521437 ], [ -74.263811, 40.520868 ], [ -74.26412, 40.51966 ] ] } },
{ "type": "Feature", "properties": { "id": "584774902-1443", "name": "State Street", "class": "tertiary", "is_priority": false }, "geometry": { "type": "LineString", "coordinates": [ [ -74.26412, 40.51966 ], [ -74.264265, 40.519121 ] ] } },
{ "type": "Feature", "properties": { "id": "584774903-1444", "name": "Pfeiffer Boulevard", "class": "secondary", "is_priority": false }, "geometry": { "type": "LineString", "coordinates": [ [ -74.279672, 40.530127 ], [ -74.280308, 40.530293 ], [ -74.280674, 40.530324 ] ] } },
{ "type": "Feature", "properties": { "id": "588275597-1445", "name": "Amboy Avenue", "class": "tertiary", "is_priority": false }, "geometry": { "type": "LineString", "coordinates": [ [ -74.274242, 40.529445 ], [ -74.274195, 40.529512 ] ] } },
{ "type": "Feature", "properties": { "id": "588275598-1446", "name": "Amboy Avenue", "class": "tertiary", "is_priority": false }, "geometry": { "type": "LineString", "coordinates": [ [ -74.274195, 40.529512 ], [ -74.273454, 40.5305 ], [ -74.273054, 40.531088 ] ] } },
{ "type": "Feature", "properties": { "id": "588275598-1447", "name": "Amboy Avenue", "class": "tertiary", "is_priority": false }, "geometry": { "type": "LineString", "coordinates": [ [ -74.273054, 40.531088 ], [ -74.272958, 40.531249 ], [ -74.272266, 40.532786 ] ] } },
{ "type": "Feature", "properties": { "id": "588275598-1448", "name": "Amboy Avenue", "class": "tertiary", "is_priority": false }, "geometry": { "type": "LineString", "coordinates": [ [ -74.272266, 40.532786 ], [ -74.272135, 40.533082 ], [ -74.271905, 40.533744 ], [ -74.271747, 40.534326 ], [ -74.271711, 40.534534 ] ] } },
{ "type": "Feature", "properties": { "id": "588275598-1449", "name": "Amboy Avenue", "class": "tertiary", "is_priority": false }, "geometry": { "type": "LineString", "coordinates": [ [ -74.271711, 40.534534 ], [ -74.271605, 40.535161 ], [ -74.27162, 40.536216 ], [ -74.271644, 40.536329 ] ] } },
{ "type": "Feature", "properties": { "id": "588275598-1450", "name": "Amboy Avenue", "class": "tertiary", "is_priority": false }, "geometry": { "type": "LineString", "coordinates": [ [ -74.271644, 40.536329 ], [ -74.272011, 40.538005 ], [ -74.272058, 40.538101 ] ] } },
{ "type": "Feature", "properties": { "id": "588275598-1451", "name": "Amboy Avenue", "class": "tertiary", "is_priority": false }, "geometry": { "type": "LineString", "coordinates": [ [ -74.272058, 40.538101 ], [ -74.272741, 40.539482 ], [ -74.272948, 40.539767 ] ] } },
{ "type": "Feature", "properties": { "id": "588275598-1452", "name": "Amboy Avenue", "class": "tertiary", "is_priority": false }, "geometry": { "type": "LineString", "coordinates": [ [ -74.272948, 40.539767 ], [ -74.273363, 40.54034 ], [ -74.273794, 40.540873 ], [ -74.274111, 40.541334 ] ] } },
{ "type": "Feature", "properties": { "id": "588275598-1453", "name": "Amboy Avenue", "class": "tertiary", "is_priority": false }, "geometry": { "type": "LineString", "coordinates": [ [ -74.274111, 40.541334 ], [ -74.275253, 40.542911 ] ] } },
{ "type": "Feature", "properties": { "id": "588275598-1454", "name": "Amboy Avenue", "class": "tertiary", "is_priority": false }, "geometry": { "type": "LineString", "coordinates": [ [ -74.275253, 40.542911 ], [ -74.275403, 40.543106 ], [ -74.275539, 40.543242 ] ] } },
{ "type": "Feature", "properties": { "id": "588942625-1455", "name": "Fayette Street", "class": "tertiary", "is_priority": false }, "geometry": { "type": "LineString", "coordinates": [ [ -74.279378, 40.513751 ], [ -74.280974, 40.514187 ] ] } },
{ "type": "Feature", "properties": { "id": "588943115-1456", "name": "Smith Street", "class": "secondary", "is_priority": false }, "geometry": { "type": "LineString", "coordinates": [ [ -74.302741, 40.51538 ], [ -74.301995, 40.515056 ], [ -74.30148, 40.514865 ], [ -74.300961, 40.514741 ], [ -74.300578, 40.514711 ] ] } },
{ "type": "Feature", "properties": { "id": "588943115-1457", "name": "Smith Street", "class": "secondary", "is_priority": false }, "geometry": { "type": "LineString", "coordinates": [ [ -74.300578, 40.514711 ], [ -74.300203, 40.514714 ], [ -74.299978, 40.514731 ] ] } },
{ "type": "Feature", "properties": { "id": "591099508-1458", "name": "", "class": "motorway_link", "is_priority": false }, "geometry": { "type": "LineString", "coordinates": [ [ -74.296061, 40.54081 ], [ -74.296367, 40.540685 ], [ -74.296645, 40.540606 ], [ -74.297381, 40.540526 ], [ -74.298353, 40.540475 ] ] } },
{ "type": "Feature", "properties": { "id": "591099508-1459", "name": "", "class": "motorway_link", "is_priority": false }, "geometry": { "type": "LineString", "coordinates": [ [ -74.298353, 40.540475 ], [ -74.298611, 40.540439 ] ] } },
{ "type": "Feature", "properties": { "id": "591746325-1460", "name": "", "class": "motorway_link", "is_priority": false }, "geometry": { "type": "LineString", "coordinates": [ [ -74.299108, 40.528239 ], [ -74.29929, 40.527723 ], [ -74.299451, 40.527437 ], [ -74.299732, 40.527135 ], [ -74.300271, 40.52672 ] ] } },
{ "type": "Feature", "properties": { "id": "591746325-1461", "name": "", "class": "motorway_link", "is_priority": false }, "geometry": { "type": "LineString", "coordinates": [ [ -74.300271, 40.52672 ], [ -74.300442, 40.526566 ], [ -74.300545, 40.526446 ], [ -74.300617, 40.52634 ], [ -74.30072, 40.526134 ], [ -74.300788, 40.525871 ], [ -74.300811, 40.525465 ], [ -74.300865, 40.525265 ] ] } },
{ "type": "Feature", "properties": { "id": "591746326-1462", "name": "", "class": "secondary_link", "is_priority": false }, "geometry": { "type": "LineString", "coordinates": [ [ -74.299632, 40.535278 ], [ -74.29962, 40.535165 ], [ -74.299652, 40.535105 ], [ -74.299769, 40.535046 ], [ -74.299959, 40.535016 ] ] } },
{ "type": "Feature", "properties": { "id": "601889081-1463", "name": "West Pond Road", "class": "secondary", "is_priority": false }, "geometry": { "type": "LineString", "coordinates": [ [ -74.295809, 40.534113 ], [ -74.296976, 40.53452 ] ] } },
{ "type": "Feature", "properties": { "id": "601889082-1464", "name": "West Pond Road", "class": "secondary", "is_priority": false }, "geometry": { "type": "LineString", "coordinates": [ [ -74.295446, 40.533986 ], [ -74.295809, 40.534113 ] ] } },
{ "type": "Feature", "properties": { "id": "660453616-1465", "name": "Hidden Village Drive", "class": "residential", "is_priority": false }, "geometry": { "type": "LineString", "coordinates": [ [ -74.274087, 40.514233 ], [ -74.273916, 40.514385 ], [ -74.273828, 40.514421 ], [ -74.27213, 40.514583 ], [ -74.271948, 40.514581 ], [ -74.271848, 40.514559 ] ] } },
{ "type": "Feature", "properties": { "id": "660453616-1466", "name": "Hidden Village Drive", "class": "residential", "is_priority": false }, "geometry": { "type": "LineString", "coordinates": [ [ -74.271848, 40.514559 ], [ -74.271587, 40.51449 ] ] } },
{ "type": "Feature", "properties": { "id": "661932917-1467", "name": "", "class": "residential", "is_priority": false }, "geometry": { "type": "LineString", "coordinates": [ [ -74.277732, 40.52997 ], [ -74.277676, 40.530183 ], [ -74.277891, 40.530465 ] ] } },
{ "type": "Feature", "properties": { "id": "661932918-1468", "name": "", "class": "residential", "is_priority": false }, "geometry": { "type": "LineString", "coordinates": [ [ -74.277676, 40.530183 ], [ -74.277604, 40.530192 ], [ -74.27738, 40.530109 ], [ -74.277226, 40.53008 ], [ -74.27697, 40.529985 ], [ -74.277167, 40.529723 ] ] } },
{ "type": "Feature", "properties": { "id": "661932919-1469", "name": "", "class": "residential", "is_priority": false }, "geometry": { "type": "LineString", "coordinates": [ [ -74.27697, 40.529985 ], [ -74.276295, 40.529692 ], [ -74.275141, 40.529862 ], [ -74.274973, 40.52976 ] ] } },
{ "type": "Feature", "properties": { "id": "662268545-1470", "name": "Chevalier Avenue", "class": "residential", "is_priority": false }, "geometry": { "type": "LineString", "coordinates": [ [ -74.295887, 40.493162 ], [ -74.29695, 40.493489 ] ] } },
{ "type": "Feature", "properties": { "id": "662316228-1471", "name": "", "class": "residential", "is_priority": false }, "geometry": { "type": "LineString", "coordinates": [ [ -74.299208, 40.537261 ], [ -74.298791, 40.537478 ] ] } },
{ "type": "Feature", "properties": { "id": "662316228-1472", "name": "", "class": "residential", "is_priority": false }, "geometry": { "type": "LineString", "coordinates": [ [ -74.298791, 40.537478 ], [ -74.299126, 40.537879 ], [ -74.298353, 40.538283 ], [ -74.29791, 40.537773 ] ] } },
{ "type": "Feature", "properties": { "id": "662316228-1473", "name": "", "class": "residential", "is_priority": false }, "geometry": { "type": "LineString", "coordinates": [ [ -74.29791, 40.537773 ], [ -74.29766, 40.537485 ], [ -74.298434, 40.537091 ], [ -74.298791, 40.537478 ] ] } },
{ "type": "Feature", "properties": { "id": "662316229-1474", "name": "", "class": "residential", "is_priority": false }, "geometry": { "type": "LineString", "coordinates": [ [ -74.298499, 40.537623 ], [ -74.297802, 40.537984 ] ] } },
{ "type": "Feature", "properties": { "id": "663201881-1475", "name": "State Street", "class": "tertiary", "is_priority": false }, "geometry": { "type": "LineString", "coordinates": [ [ -74.263471, 40.532412 ], [ -74.262885, 40.534157 ] ] } },
{ "type": "Feature", "properties": { "id": "663201881-1476", "name": "State Street", "class": "tertiary", "is_priority": false }, "geometry": { "type": "LineString", "coordinates": [ [ -74.262885, 40.534157 ], [ -74.262276, 40.535898 ] ] } },
{ "type": "Feature", "properties": { "id": "663201881-1477", "name": "State Street", "class": "tertiary", "is_priority": false }, "geometry": { "type": "LineString", "coordinates": [ [ -74.262276, 40.535898 ], [ -74.26167, 40.53764 ] ] } },
{ "type": "Feature", "properties": { "id": "663201881-1478", "name": "State Street", "class": "tertiary", "is_priority": false }, "geometry": { "type": "LineString", "coordinates": [ [ -74.26167, 40.53764 ], [ -74.261404, 40.538391 ] ] } },
{ "type": "Feature", "properties": { "id": "671222730-1479", "name": "Maurer Road", "class": "tertiary", "is_priority": false }, "geometry": { "type": "LineString", "coordinates": [ [ -74.263388, 40.53669 ], [ -74.263578, 40.536722 ], [ -74.264942, 40.536786 ], [ -74.265735, 40.536865 ] ] } },
{ "type": "Feature", "properties": { "id": "671222730-1480", "name": "Maurer Road", "class": "tertiary", "is_priority": false }, "geometry": { "type": "LineString", "coordinates": [ [ -74.265735, 40.536865 ], [ -74.266745, 40.536962 ], [ -74.26742, 40.536966 ], [ -74.267927, 40.536928 ], [ -74.26808, 40.536895 ] ] } },
{ "type": "Feature", "properties": { "id": "671222730-1481", "name": "Maurer Road", "class": "tertiary", "is_priority": false }, "geometry": { "type": "LineString", "coordinates": [ [ -74.26808, 40.536895 ], [ -74.269031, 40.536686 ] ] } },
{ "type": "Feature", "properties": { "id": "673246140-1482", "name": "", "class": "residential", "is_priority": false }, "geometry": { "type": "LineString", "coordinates": [ [ -74.282036, 40.534387 ], [ -74.282156, 40.533877 ], [ -74.280496, 40.533674 ] ] } },
{ "type": "Feature", "properties": { "id": "673246140-1483", "name": "", "class": "residential", "is_priority": false }, "geometry": { "type": "LineString", "coordinates": [ [ -74.280496, 40.533674 ], [ -74.280316, 40.533652 ] ] } },
{ "type": "Feature", "properties": { "id": "673246141-1484", "name": "", "class": "residential", "is_priority": false }, "geometry": { "type": "LineString", "coordinates": [ [ -74.282156, 40.533877 ], [ -74.282416, 40.533917 ], [ -74.282618, 40.53398 ], [ -74.282821, 40.534135 ] ] } },
{ "type": "Feature", "properties": { "id": "673246142-1485", "name": "", "class": "residential", "is_priority": false }, "geometry": { "type": "LineString", "coordinates": [ [ -74.281307, 40.533773 ], [ -74.281192, 40.534279 ] ] } },
{ "type": "Feature", "properties": { "id": "682673368-1486", "name": "Garden State Parkway", "class": "motorway", "is_priority": true }, "geometry": { "type": "LineString", "coordinates": [ [ -74.300354, 40.52201 ], [ -74.299639, 40.523727 ] ] } },
{ "type": "Feature", "properties": { "id": "682673368-1487", "name": "Garden State Parkway", "class": "motorway", "is_priority": true }, "geometry": { "type": "LineString", "coordinates": [ [ -74.299639, 40.523727 ], [ -74.298917, 40.525443 ] ] } },
{ "type": "Feature", "properties": { "id": "682673368-1488", "name": "Garden State Parkway", "class": "motorway", "is_priority": true }, "geometry": { "type": "LineString", "coordinates": [ [ -74.298917, 40.525443 ], [ -74.298607, 40.526181 ] ] } },
{ "type": "Feature", "properties": { "id": "682673370-1489", "name": "Garden State Parkway", "class": "motorway", "is_priority": true }, "geometry": { "type": "LineString", "coordinates": [ [ -74.300738, 40.520692 ], [ -74.300564, 40.521406 ], [ -74.300354, 40.52201 ] ] } },
{ "type": "Feature", "properties": { "id": "684574209-1490", "name": "Amboy Avenue", "class": "tertiary", "is_priority": false }, "geometry": { "type": "LineString", "coordinates": [ [ -74.276338, 40.543493 ], [ -74.276838, 40.543604 ] ] } },
{ "type": "Feature", "properties": { "id": "684574212-1491", "name": "Amboy Avenue", "class": "tertiary", "is_priority": false }, "geometry": { "type": "LineString", "coordinates": [ [ -74.276145, 40.543448 ], [ -74.276338, 40.543493 ] ] } },
{ "type": "Feature", "properties": { "id": "685523172-1492", "name": "Main Street", "class": "secondary", "is_priority": false }, "geometry": { "type": "LineString", "coordinates": [ [ -74.293531, 40.494056 ], [ -74.293967, 40.494256 ] ] } },
{ "type": "Feature", "properties": { "id": "685523174-1493", "name": "", "class": "secondary_link", "is_priority": false }, "geometry": { "type": "LineString", "coordinates": [ [ -74.294378, 40.494304 ], [ -74.294297, 40.494407 ] ] } },
{ "type": "Feature", "properties": { "id": "686925428-1494", "name": "Ogden Place", "class": "residential", "is_priority": false }, "geometry": { "type": "LineString", "coordinates": [ [ -74.277677, 40.515633 ], [ -74.277117, 40.516138 ] ] } },
{ "type": "Feature", "properties": { "id": "686926484-1495", "name": "Mary Street", "class": "residential", "is_priority": false }, "geometry": { "type": "LineString", "coordinates": [ [ -74.278497, 40.527248 ], [ -74.278228, 40.528474 ] ] } },
{ "type": "Feature", "properties": { "id": "710378083-1496", "name": "Park Road", "class": "unclassified", "is_priority": false }, "geometry": { "type": "LineString", "coordinates": [ [ -74.298886, 40.536221 ], [ -74.298882, 40.53611 ], [ -74.298927, 40.53591 ] ] } },
{ "type": "Feature", "properties": { "id": "710378084-1497", "name": "Park Road", "class": "unclassified", "is_priority": false }, "geometry": { "type": "LineString", "coordinates": [ [ -74.298452, 40.536149 ], [ -74.298619, 40.536151 ], [ -74.298756, 40.536171 ], [ -74.298886, 40.536221 ] ] } },
{ "type": "Feature", "properties": { "id": "710378085-1498", "name": "King George's Post Road", "class": "secondary", "is_priority": false }, "geometry": { "type": "LineString", "coordinates": [ [ -74.298452, 40.536149 ], [ -74.298709, 40.53602 ] ] } },
{ "type": "Feature", "properties": { "id": "710378086-1499", "name": "King George's Post Road", "class": "secondary", "is_priority": false }, "geometry": { "type": "LineString", "coordinates": [ [ -74.298709, 40.53602 ], [ -74.298927, 40.53591 ] ] } },
{ "type": "Feature", "properties": { "id": "710378087-1500", "name": "King George's Post Road", "class": "secondary", "is_priority": false }, "geometry": { "type": "LineString", "coordinates": [ [ -74.298358, 40.536196 ], [ -74.298452, 40.536149 ] ] } },
{ "type": "Feature", "properties": { "id": "710378088-1501", "name": "King George's Post Road", "class": "secondary", "is_priority": false }, "geometry": { "type": "LineString", "coordinates": [ [ -74.298927, 40.53591 ], [ -74.299003, 40.535872 ] ] } },
{ "type": "Feature", "properties": { "id": "710378089-1502", "name": "King George's Post Road", "class": "secondary", "is_priority": false }, "geometry": { "type": "LineString", "coordinates": [ [ -74.299003, 40.535872 ], [ -74.299099, 40.535824 ] ] } },
{ "type": "Feature", "properties": { "id": "710378090-1503", "name": "Park Road", "class": "unclassified", "is_priority": false }, "geometry": { "type": "LineString", "coordinates": [ [ -74.298886, 40.536221 ], [ -74.299011, 40.536403 ], [ -74.299103, 40.536584 ], [ -74.299081, 40.536711 ], [ -74.299007, 40.536914 ], [ -74.299039, 40.537055 ], [ -74.299651, 40.537789 ], [ -74.299661, 40.537837 ] ] } },
{ "type": "Feature", "properties": { "id": "710378090-1504", "name": "Park Road", "class": "unclassified", "is_priority": false }, "geometry": { "type": "LineString", "coordinates": [ [ -74.299661, 40.537837 ], [ -74.299668, 40.537866 ] ] } },
{ "type": "Feature", "properties": { "id": "715307542-1505", "name": "Division Street", "class": "residential", "is_priority": false }, "geometry": { "type": "LineString", "coordinates": [ [ -74.26798, 40.512035 ], [ -74.26749, 40.51304 ] ] } },
{ "type": "Feature", "properties": { "id": "719025777-1506", "name": "Second Street", "class": "residential", "is_priority": false }, "geometry": { "type": "LineString", "coordinates": [ [ -74.276981, 40.500499 ], [ -74.277025, 40.5009 ], [ -74.276393, 40.502214 ] ] } },
{ "type": "Feature", "properties": { "id": "719025777-1507", "name": "Second Street", "class": "residential", "is_priority": false }, "geometry": { "type": "LineString", "coordinates": [ [ -74.276393, 40.502214 ], [ -74.27557, 40.503902 ] ] } },
{ "type": "Feature", "properties": { "id": "719025777-1508", "name": "Second Street", "class": "residential", "is_priority": false }, "geometry": { "type": "LineString", "coordinates": [ [ -74.27557, 40.503902 ], [ -74.274742, 40.50559 ] ] } },
{ "type": "Feature", "properties": { "id": "719025777-1509", "name": "Second Street", "class": "residential", "is_priority": false }, "geometry": { "type": "LineString", "coordinates": [ [ -74.274742, 40.50559 ], [ -74.273911, 40.507276 ] ] } },
{ "type": "Feature", "properties": { "id": "719025777-1510", "name": "Second Street", "class": "residential", "is_priority": false }, "geometry": { "type": "LineString", "coordinates": [ [ -74.273911, 40.507276 ], [ -74.273377, 40.508364 ] ] } },
{ "type": "Feature", "properties": { "id": "732906201-1511", "name": "New Brunswick Avenue", "class": "tertiary", "is_priority": false }, "geometry": { "type": "LineString", "coordinates": [ [ -74.275638, 40.515214 ], [ -74.277464, 40.516356 ] ] } },
{ "type": "Feature", "properties": { "id": "732906201-1512", "name": "New Brunswick Avenue", "class": "tertiary", "is_priority": false }, "geometry": { "type": "LineString", "coordinates": [ [ -74.277464, 40.516356 ], [ -74.279294, 40.517495 ] ] } },
{ "type": "Feature", "properties": { "id": "732906201-1513", "name": "New Brunswick Avenue", "class": "tertiary", "is_priority": false }, "geometry": { "type": "LineString", "coordinates": [ [ -74.279294, 40.517495 ], [ -74.281119, 40.518638 ] ] } },
{ "type": "Feature", "properties": { "id": "732906201-1514", "name": "New Brunswick Avenue", "class": "tertiary", "is_priority": false }, "geometry": { "type": "LineString", "coordinates": [ [ -74.281119, 40.518638 ], [ -74.281663, 40.518975 ], [ -74.282156, 40.519238 ] ] } },
{ "type": "Feature", "properties": { "id": "733175620-1515", "name": "Elm Street", "class": "residential", "is_priority": false }, "geometry": { "type": "LineString", "coordinates": [ [ -74.274581, 40.508699 ], [ -74.275386, 40.507006 ] ] } },
{ "type": "Feature", "properties": { "id": "733175620-1516", "name": "Elm Street", "class": "residential", "is_priority": false }, "geometry": { "type": "LineString", "coordinates": [ [ -74.275386, 40.507006 ], [ -74.276196, 40.505313 ] ] } },
{ "type": "Feature", "properties": { "id": "733175620-1517", "name": "Elm Street", "class": "residential", "is_priority": false }, "geometry": { "type": "LineString", "coordinates": [ [ -74.276196, 40.505313 ], [ -74.276293, 40.505098 ], [ -74.276353, 40.505008 ], [ -74.276437, 40.504931 ], [ -74.276579, 40.504845 ], [ -74.276704, 40.504795 ] ] } },
{ "type": "Feature", "properties": { "id": "735412305-1518", "name": "Lenape Lane", "class": "residential", "is_priority": false }, "geometry": { "type": "LineString", "coordinates": [ [ -74.285506, 40.547024 ], [ -74.285303, 40.546744 ], [ -74.285213, 40.546696 ], [ -74.285038, 40.546699 ], [ -74.284847, 40.546737 ], [ -74.284032, 40.547083 ] ] } },
{ "type": "Feature", "properties": { "id": "735467201-1519", "name": "", "class": "residential", "is_priority": false }, "geometry": { "type": "LineString", "coordinates": [ [ -74.256511, 40.520866 ], [ -74.256373, 40.520895 ], [ -74.25604, 40.52084 ], [ -74.255437, 40.520472 ] ] } },
{ "type": "Feature", "properties": { "id": "736246998-1520", "name": "Main Street", "class": "secondary", "is_priority": false }, "geometry": { "type": "LineString", "coordinates": [ [ -74.287932, 40.491344 ], [ -74.286573, 40.490764 ] ] } },
{ "type": "Feature", "properties": { "id": "745283657-1521", "name": "Kirkland Place", "class": "residential", "is_priority": false }, "geometry": { "type": "LineString", "coordinates": [ [ -74.280974, 40.514187 ], [ -74.280644, 40.515043 ] ] } },
{ "type": "Feature", "properties": { "id": "745283658-1522", "name": "Fayette Street", "class": "tertiary", "is_priority": false }, "geometry": { "type": "LineString", "coordinates": [ [ -74.280974, 40.514187 ], [ -74.283197, 40.514794 ] ] } },
{ "type": "Feature", "properties": { "id": "745283658-1523", "name": "Fayette Street", "class": "tertiary", "is_priority": false }, "geometry": { "type": "LineString", "coordinates": [ [ -74.283197, 40.514794 ], [ -74.28542, 40.515401 ] ] } },
{ "type": "Feature", "properties": { "id": "745283658-1524", "name": "Fayette Street", "class": "tertiary", "is_priority": false }, "geometry": { "type": "LineString", "coordinates": [ [ -74.28542, 40.515401 ], [ -74.286056, 40.515575 ] ] } },
{ "type": "Feature", "properties": { "id": "757767446-1525", "name": "", "class": "motorway_link", "is_priority": false }, "geometry": { "type": "LineString", "coordinates": [ [ -74.262111, 40.527116 ], [ -74.261902, 40.527189 ], [ -74.261796, 40.527192 ], [ -74.261524, 40.527145 ] ] } },
{ "type": "Feature", "properties": { "id": "759489110-1526", "name": "Lighthouse Lane", "class": "residential", "is_priority": false }, "geometry": { "type": "LineString", "coordinates": [ [ -74.256336, 40.5198 ], [ -74.255851, 40.520217 ], [ -74.255464, 40.520445 ], [ -74.255325, 40.52058 ], [ -74.255149, 40.52087 ], [ -74.255052, 40.521145 ], [ -74.255059, 40.521181 ] ] } },
{ "type": "Feature", "properties": { "id": "759907686-1527", "name": "", "class": "motorway", "is_priority": true }, "geometry": { "type": "LineString", "coordinates": [ [ -74.300218, 40.51364 ], [ -74.300334, 40.511841 ] ] } },
{ "type": "Feature", "properties": { "id": "759907686-1528", "name": "", "class": "motorway", "is_priority": true }, "geometry": { "type": "LineString", "coordinates": [ [ -74.300334, 40.511841 ], [ -74.300449, 40.510041 ] ] } },
{ "type": "Feature", "properties": { "id": "759907686-1529", "name": "", "class": "motorway", "is_priority": true }, "geometry": { "type": "LineString", "coordinates": [ [ -74.300449, 40.510041 ], [ -74.300564, 40.508242 ] ] } },
{ "type": "Feature", "properties": { "id": "759907686-1530", "name": "", "class": "motorway", "is_priority": true }, "geometry": { "type": "LineString", "coordinates": [ [ -74.300564, 40.508242 ], [ -74.300679, 40.506442 ] ] } },
{ "type": "Feature", "properties": { "id": "759907686-1531", "name": "", "class": "motorway", "is_priority": true }, "geometry": { "type": "LineString", "coordinates": [ [ -74.300679, 40.506442 ], [ -74.300794, 40.504642 ] ] } },
{ "type": "Feature", "properties": { "id": "759907686-1532", "name": "", "class": "motorway", "is_priority": true }, "geometry": { "type": "LineString", "coordinates": [ [ -74.300794, 40.504642 ], [ -74.300858, 40.503642 ] ] } },
{ "type": "Feature", "properties": { "id": "763093483-1533", "name": "Lenape Lane", "class": "residential", "is_priority": false }, "geometry": { "type": "LineString", "coordinates": [ [ -74.283926, 40.547132 ], [ -74.283531, 40.547309 ], [ -74.282693, 40.547641 ] ] } },
{ "type": "Feature", "properties": { "id": "763093484-1534", "name": "Lenape Lane", "class": "residential", "is_priority": false }, "geometry": { "type": "LineString", "coordinates": [ [ -74.283926, 40.547132 ], [ -74.284032, 40.547083 ] ] } },
{ "type": "Feature", "properties": { "id": "775128742-1535", "name": "", "class": "motorway_link", "is_priority": false }, "geometry": { "type": "LineString", "coordinates": [ [ -74.299777, 40.495788 ], [ -74.299687, 40.495861 ], [ -74.29961, 40.495956 ], [ -74.299554, 40.496057 ], [ -74.299526, 40.496169 ], [ -74.299538, 40.49634 ], [ -74.299622, 40.496528 ] ] } },
{ "type": "Feature", "properties": { "id": "779509523-1536", "name": "Smith Street", "class": "tertiary", "is_priority": false }, "geometry": { "type": "LineString", "coordinates": [ [ -74.2632, 40.507262 ], [ -74.262251, 40.506994 ] ] } },
{ "type": "Feature", "properties": { "id": "779509524-1537", "name": "Smith Street", "class": "tertiary", "is_priority": false }, "geometry": { "type": "LineString", "coordinates": [ [ -74.263264, 40.507281 ], [ -74.2632, 40.507262 ] ] } },
{ "type": "Feature", "properties": { "id": "780090583-1538", "name": "High Street", "class": "residential", "is_priority": false }, "geometry": { "type": "LineString", "coordinates": [ [ -74.261524, 40.527145 ], [ -74.261014, 40.526629 ] ] } },
{ "type": "Feature", "properties": { "id": "800417509-1539", "name": "", "class": "motorway_link", "is_priority": false }, "geometry": { "type": "LineString", "coordinates": [ [ -74.299712, 40.520256 ], [ -74.299735, 40.520475 ], [ -74.29973, 40.520759 ] ] } },
{ "type": "Feature", "properties": { "id": "800417510-1540", "name": "", "class": "motorway_link", "is_priority": false }, "geometry": { "type": "LineString", "coordinates": [ [ -74.299558, 40.51911 ], [ -74.299678, 40.519835 ], [ -74.299712, 40.520256 ] ] } },
{ "type": "Feature", "properties": { "id": "800417511-1541", "name": "", "class": "motorway_link", "is_priority": false }, "geometry": { "type": "LineString", "coordinates": [ [ -74.296154, 40.519398 ], [ -74.295826, 40.519234 ], [ -74.295521, 40.519137 ], [ -74.29509, 40.519024 ], [ -74.29463, 40.518928 ], [ -74.293937, 40.518829 ] ] } },
{ "type": "Feature", "properties": { "id": "800417511-1542", "name": "", "class": "motorway_link", "is_priority": false }, "geometry": { "type": "LineString", "coordinates": [ [ -74.293937, 40.518829 ], [ -74.29332, 40.518745 ] ] } },
{ "type": "Feature", "properties": { "id": "800417512-1543", "name": "", "class": "motorway_link", "is_priority": false }, "geometry": { "type": "LineString", "coordinates": [ [ -74.292327, 40.518636 ], [ -74.290778, 40.518467 ], [ -74.290383, 40.518407 ] ] } },
{ "type": "Feature", "properties": { "id": "800417513-1544", "name": "", "class": "motorway_link", "is_priority": false }, "geometry": { "type": "LineString", "coordinates": [ [ -74.297437, 40.515283 ], [ -74.297302, 40.51544 ], [ -74.297155, 40.515702 ], [ -74.297069, 40.515973 ], [ -74.297052, 40.516172 ], [ -74.297078, 40.516398 ], [ -74.297121, 40.516536 ], [ -74.297263, 40.516804 ], [ -74.2974, 40.516965 ] ] } },
{ "type": "Feature", "properties": { "id": "800417513-1545", "name": "", "class": "motorway_link", "is_priority": false }, "geometry": { "type": "LineString", "coordinates": [ [ -74.2974, 40.516965 ], [ -74.297542, 40.517098 ], [ -74.297901, 40.517346 ], [ -74.298217, 40.517501 ], [ -74.298463, 40.517583 ] ] } },
{ "type": "Feature", "properties": { "id": "802966770-1546", "name": "", "class": "residential", "is_priority": false }, "geometry": { "type": "LineString", "coordinates": [ [ -74.284495, 40.534713 ], [ -74.286022, 40.536087 ] ] } },
{ "type": "Feature", "properties": { "id": "802966770-1547", "name": "", "class": "residential", "is_priority": false }, "geometry": { "type": "LineString", "coordinates": [ [ -74.286022, 40.536087 ], [ -74.286313, 40.536358 ], [ -74.286369, 40.536487 ] ] } },
{ "type": "Feature", "properties": { "id": "813774232-1548", "name": "Smith Street", "class": "secondary", "is_priority": false }, "geometry": { "type": "LineString", "coordinates": [ [ -74.302165, 40.515658 ], [ -74.302704, 40.515735 ] ] } },
{ "type": "Feature", "properties": { "id": "842962369-1549", "name": "Kozusko Avenue", "class": "residential", "is_priority": false }, "geometry": { "type": "LineString", "coordinates": [ [ -74.27711, 40.538653 ], [ -74.27686, 40.538644 ] ] } },
{ "type": "Feature", "properties": { "id": "889823575-1550", "name": "", "class": "trunk", "is_priority": true }, "geometry": { "type": "LineString", "coordinates": [ [ -74.296987, 40.534841 ], [ -74.296847, 40.535249 ], [ -74.296619, 40.535807 ] ] } },
{ "type": "Feature", "properties": { "id": "909545561-1551", "name": "Highland Avenue", "class": "residential", "is_priority": false }, "geometry": { "type": "LineString", "coordinates": [ [ -74.295407, 40.515469 ], [ -74.295104, 40.517256 ] ] } },
{ "type": "Feature", "properties": { "id": "909545561-1552", "name": "Highland Avenue", "class": "residential", "is_priority": false }, "geometry": { "type": "LineString", "coordinates": [ [ -74.295104, 40.517256 ], [ -74.294926, 40.518286 ] ] } },
{ "type": "Feature", "properties": { "id": "914214203-1553", "name": "Riverton Boulevard", "class": "primary", "is_priority": true }, "geometry": { "type": "LineString", "coordinates": [ [ -74.298143, 40.496278 ], [ -74.297754, 40.49682 ] ] } },
{ "type": "Feature", "properties": { "id": "921171114-1554", "name": "", "class": "residential", "is_priority": false }, "geometry": { "type": "LineString", "coordinates": [ [ -74.255491, 40.520429 ], [ -74.25543, 40.520365 ], [ -74.255396, 40.520292 ], [ -74.255394, 40.520236 ], [ -74.255447, 40.520198 ], [ -74.255616, 40.520159 ], [ -74.255969, 40.520115 ] ] } },
{ "type": "Feature", "properties": { "id": "925787201-1555", "name": "Mutton Hollow Road", "class": "tertiary", "is_priority": false }, "geometry": { "type": "LineString", "coordinates": [ [ -74.293145, 40.544627 ], [ -74.292968, 40.544675 ], [ -74.292778, 40.544767 ], [ -74.292656, 40.54486 ], [ -74.292306, 40.545183 ], [ -74.292079, 40.545309 ], [ -74.291922, 40.545356 ], [ -74.291774, 40.545377 ], [ -74.291421, 40.545367 ] ] } },
{ "type": "Feature", "properties": { "id": "926878449-1556", "name": "Riverton Boulevard", "class": "primary", "is_priority": true }, "geometry": { "type": "LineString", "coordinates": [ [ -74.299263, 40.495682 ], [ -74.299135, 40.495734 ] ] } },
{ "type": "Feature", "properties": { "id": "926878451-1557", "name": "Riverton Boulevard", "class": "primary", "is_priority": true }, "geometry": { "type": "LineString", "coordinates": [ [ -74.299454, 40.495739 ], [ -74.299694, 40.49564 ] ] } },
{ "type": "Feature", "properties": { "id": "926878454-1558", "name": "Riverton Boulevard", "class": "primary", "is_priority": true }, "geometry": { "type": "LineString", "coordinates": [ [ -74.298414, 40.496034 ], [ -74.298274, 40.496119 ], [ -74.298143, 40.496278 ] ] } },
{ "type": "Feature", "properties": { "id": "926878455-1559", "name": "Riverton Boulevard", "class": "primary", "is_priority": true }, "geometry": { "type": "LineString", "coordinates": [ [ -74.298626, 40.495937 ], [ -74.298414, 40.496034 ] ] } },
{ "type": "Feature", "properties": { "id": "926878456-1560", "name": "", "class": "trunk_link", "is_priority": false }, "geometry": { "type": "LineString", "coordinates": [ [ -74.298469, 40.495642 ], [ -74.298125, 40.495253 ], [ -74.29796, 40.495021 ], [ -74.297828, 40.494761 ], [ -74.297738, 40.494493 ] ] } },
{ "type": "Feature", "properties": { "id": "926878457-1561", "name": "", "class": "trunk_link", "is_priority": false }, "geometry": { "type": "LineString", "coordinates": [ [ -74.29869, 40.496049 ], [ -74.298626, 40.495937 ] ] } },
{ "type": "Feature", "properties": { "id": "926878458-1562", "name": "Riverton Boulevard", "class": "primary", "is_priority": true }, "geometry": { "type": "LineString", "coordinates": [ [ -74.29869, 40.496049 ], [ -74.299087, 40.49587 ], [ -74.299454, 40.495739 ] ] } },
{ "type": "Feature", "properties": { "id": "927081269-1563", "name": "Oak Street", "class": "residential", "is_priority": false }, "geometry": { "type": "LineString", "coordinates": [ [ -74.275637, 40.508549 ], [ -74.275437, 40.508937 ] ] } },
{ "type": "Feature", "properties": { "id": "927516414-1564", "name": "Lenape Lane", "class": "residential", "is_priority": false }, "geometry": { "type": "LineString", "coordinates": [ [ -74.280215, 40.548628 ], [ -74.279836, 40.548799 ], [ -74.279804, 40.548888 ], [ -74.279839, 40.548997 ], [ -74.280019, 40.549224 ] ] } },
{ "type": "Feature", "properties": { "id": "938234673-1565", "name": "Lenape Lane", "class": "residential", "is_priority": false }, "geometry": { "type": "LineString", "coordinates": [ [ -74.280215, 40.548628 ], [ -74.282308, 40.547793 ] ] } },
{ "type": "Feature", "properties": { "id": "938234673-1566", "name": "Lenape Lane", "class": "residential", "is_priority": false }, "geometry": { "type": "LineString", "coordinates": [ [ -74.282308, 40.547793 ], [ -74.282693, 40.547641 ] ] } },
{ "type": "Feature", "properties": { "id": "941985472-1567", "name": "", "class": "motorway_link", "is_priority": false }, "geometry": { "type": "LineString", "coordinates": [ [ -74.268295, 40.52603 ], [ -74.268717, 40.526216 ], [ -74.269123, 40.526364 ] ] } },
{ "type": "Feature", "properties": { "id": "941985473-1568", "name": "", "class": "motorway_link", "is_priority": false }, "geometry": { "type": "LineString", "coordinates": [ [ -74.266954, 40.525677 ], [ -74.267439, 40.52577 ], [ -74.267814, 40.525874 ], [ -74.268295, 40.52603 ] ] } },
{ "type": "Feature", "properties": { "id": "942246597-1569", "name": "", "class": "motorway_link", "is_priority": false }, "geometry": { "type": "LineString", "coordinates": [ [ -74.302082, 40.518946 ], [ -74.301926, 40.518798 ], [ -74.301806, 40.518637 ], [ -74.301742, 40.518529 ], [ -74.301671, 40.518343 ], [ -74.301595, 40.517989 ], [ -74.301543, 40.517235 ] ] } },
{ "type": "Feature", "properties": { "id": "942246597-1570", "name": "", "class": "motorway_link", "is_priority": false }, "geometry": { "type": "LineString", "coordinates": [ [ -74.301543, 40.517235 ], [ -74.301514, 40.516718 ], [ -74.301363, 40.515899 ] ] } },
{ "type": "Feature", "properties": { "id": "942252012-1571", "name": "", "class": "motorway_link", "is_priority": false }, "geometry": { "type": "LineString", "coordinates": [ [ -74.29686, 40.519948 ], [ -74.296378, 40.51955 ], [ -74.296154, 40.519398 ] ] } },
{ "type": "Feature", "properties": { "id": "944583670-1572", "name": "Gifford Street", "class": "residential", "is_priority": false }, "geometry": { "type": "LineString", "coordinates": [ [ -74.279199, 40.51218 ], [ -74.278521, 40.513517 ] ] } },
{ "type": "Feature", "properties": { "id": "965638623-1573", "name": "Garden State Parkway", "class": "motorway", "is_priority": true }, "geometry": { "type": "LineString", "coordinates": [ [ -74.301334, 40.518258 ], [ -74.301384, 40.517384 ], [ -74.301383, 40.516458 ] ] } },
{ "type": "Feature", "properties": { "id": "965638623-1574", "name": "Garden State Parkway", "class": "motorway", "is_priority": true }, "geometry": { "type": "LineString", "coordinates": [ [ -74.301383, 40.516458 ], [ -74.301363, 40.515899 ] ] } },
{ "type": "Feature", "properties": { "id": "965638624-1575", "name": "Garden State Parkway", "class": "motorway", "is_priority": true }, "geometry": { "type": "LineString", "coordinates": [ [ -74.30123, 40.519132 ], [ -74.301334, 40.518258 ] ] } },
{ "type": "Feature", "properties": { "id": "965640916-1576", "name": "", "class": "motorway_link", "is_priority": false }, "geometry": { "type": "LineString", "coordinates": [ [ -74.300543, 40.539659 ], [ -74.29996, 40.539728 ] ] } },
{ "type": "Feature", "properties": { "id": "965673070-1577", "name": "", "class": "motorway_link", "is_priority": false }, "geometry": { "type": "LineString", "coordinates": [ [ -74.300051, 40.540284 ], [ -74.300117, 40.540273 ] ] } },
{ "type": "Feature", "properties": { "id": "965829569-1578", "name": "", "class": "motorway_link", "is_priority": false }, "geometry": { "type": "LineString", "coordinates": [ [ -74.262111, 40.527116 ], [ -74.261723, 40.527345 ] ] } },
{ "type": "Feature", "properties": { "id": "965829570-1579", "name": "High Street", "class": "tertiary", "is_priority": false }, "geometry": { "type": "LineString", "coordinates": [ [ -74.261802, 40.527425 ], [ -74.261723, 40.527345 ] ] } },
{ "type": "Feature", "properties": { "id": "965829571-1580", "name": "", "class": "motorway_link", "is_priority": false }, "geometry": { "type": "LineString", "coordinates": [ [ -74.262183, 40.527204 ], [ -74.26277, 40.526851 ] ] } },
{ "type": "Feature", "properties": { "id": "965908322-1581", "name": "New Jersey Turnpike", "class": "motorway", "is_priority": true }, "geometry": { "type": "LineString", "coordinates": [ [ -74.298057, 40.542381 ], [ -74.297882, 40.542417 ], [ -74.295741, 40.542733 ] ] } },
{ "type": "Feature", "properties": { "id": "965908322-1582", "name": "New Jersey Turnpike", "class": "motorway", "is_priority": true }, "geometry": { "type": "LineString", "coordinates": [ [ -74.295741, 40.542733 ], [ -74.294723, 40.542894 ], [ -74.293438, 40.543129 ] ] } },
{ "type": "Feature", "properties": { "id": "965908322-1583", "name": "New Jersey Turnpike", "class": "motorway", "is_priority": true }, "geometry": { "type": "LineString", "coordinates": [ [ -74.293438, 40.543129 ], [ -74.29202, 40.543422 ], [ -74.291166, 40.54362 ] ] } },
{ "type": "Feature", "properties": { "id": "965908322-1584", "name": "New Jersey Turnpike", "class": "motorway", "is_priority": true }, "geometry": { "type": "LineString", "coordinates": [ [ -74.291166, 40.54362 ], [ -74.290172, 40.543865 ], [ -74.288932, 40.544204 ] ] } },
{ "type": "Feature", "properties": { "id": "965908322-1585", "name": "New Jersey Turnpike", "class": "motorway", "is_priority": true }, "geometry": { "type": "LineString", "coordinates": [ [ -74.288932, 40.544204 ], [ -74.287645, 40.54459 ], [ -74.286746, 40.544885 ] ] } },
{ "type": "Feature", "properties": { "id": "965908322-1586", "name": "New Jersey Turnpike", "class": "motorway", "is_priority": true }, "geometry": { "type": "LineString", "coordinates": [ [ -74.286746, 40.544885 ], [ -74.285261, 40.545403 ], [ -74.284607, 40.545649 ] ] } },
{ "type": "Feature", "properties": { "id": "965908322-1587", "name": "New Jersey Turnpike", "class": "motorway", "is_priority": true }, "geometry": { "type": "LineString", "coordinates": [ [ -74.284607, 40.545649 ], [ -74.283683, 40.546015 ], [ -74.28253, 40.546507 ] ] } },
{ "type": "Feature", "properties": { "id": "965908322-1588", "name": "New Jersey Turnpike", "class": "motorway", "is_priority": true }, "geometry": { "type": "LineString", "coordinates": [ [ -74.28253, 40.546507 ], [ -74.281845, 40.54681 ], [ -74.280515, 40.547446 ] ] } },
{ "type": "Feature", "properties": { "id": "965908322-1589", "name": "New Jersey Turnpike", "class": "motorway", "is_priority": true }, "geometry": { "type": "LineString", "coordinates": [ [ -74.280515, 40.547446 ], [ -74.2798, 40.547806 ], [ -74.278572, 40.548469 ] ] } },
{ "type": "Feature", "properties": { "id": "965908322-1590", "name": "New Jersey Turnpike", "class": "motorway", "is_priority": true }, "geometry": { "type": "LineString", "coordinates": [ [ -74.278572, 40.548469 ], [ -74.277628, 40.549005 ], [ -74.276703, 40.54957 ] ] } },
{ "type": "Feature", "properties": { "id": "965908322-1591", "name": "New Jersey Turnpike", "class": "motorway", "is_priority": true }, "geometry": { "type": "LineString", "coordinates": [ [ -74.276703, 40.54957 ], [ -74.274865, 40.550702 ] ] } },
{ "type": "Feature", "properties": { "id": "965908322-1592", "name": "New Jersey Turnpike", "class": "motorway", "is_priority": true }, "geometry": { "type": "LineString", "coordinates": [ [ -74.274865, 40.550702 ], [ -74.273731, 40.551401 ] ] } },
{ "type": "Feature", "properties": { "id": "965910696-1593", "name": "New Jersey Turnpike", "class": "motorway", "is_priority": true }, "geometry": { "type": "LineString", "coordinates": [ [ -74.277325, 40.549408 ], [ -74.277779, 40.54913 ], [ -74.279213, 40.548327 ] ] } },
{ "type": "Feature", "properties": { "id": "965910696-1594", "name": "New Jersey Turnpike", "class": "motorway", "is_priority": true }, "geometry": { "type": "LineString", "coordinates": [ [ -74.279213, 40.548327 ], [ -74.279266, 40.548298 ] ] } },
{ "type": "Feature", "properties": { "id": "967870295-1595", "name": "", "class": "motorway_link", "is_priority": false }, "geometry": { "type": "LineString", "coordinates": [ [ -74.288462, 40.542763 ], [ -74.288886, 40.542353 ], [ -74.28914, 40.542163 ], [ -74.289655, 40.541876 ], [ -74.289948, 40.54176 ], [ -74.29024, 40.541667 ] ] } },
{ "type": "Feature", "properties": { "id": "967873472-1596", "name": "", "class": "motorway_link", "is_priority": false }, "geometry": { "type": "LineString", "coordinates": [ [ -74.301893, 40.534267 ], [ -74.300893, 40.533465 ], [ -74.300315, 40.532928 ] ] } },
{ "type": "Feature", "properties": { "id": "967873472-1597", "name": "", "class": "motorway_link", "is_priority": false }, "geometry": { "type": "LineString", "coordinates": [ [ -74.300315, 40.532928 ], [ -74.300047, 40.532632 ], [ -74.299694, 40.532153 ], [ -74.299454, 40.531747 ], [ -74.299261, 40.531326 ] ] } },
{ "type": "Feature", "properties": { "id": "967873472-1598", "name": "", "class": "motorway_link", "is_priority": false }, "geometry": { "type": "LineString", "coordinates": [ [ -74.299261, 40.531326 ], [ -74.299081, 40.530797 ], [ -74.29901, 40.530465 ], [ -74.29895, 40.529936 ], [ -74.298945, 40.529549 ] ] } },
{ "type": "Feature", "properties": { "id": "967873472-1599", "name": "", "class": "motorway_link", "is_priority": false }, "geometry": { "type": "LineString", "coordinates": [ [ -74.298945, 40.529549 ], [ -74.298999, 40.528924 ] ] } },
{ "type": "Feature", "properties": { "id": "967873473-1600", "name": "", "class": "motorway_link", "is_priority": false }, "geometry": { "type": "LineString", "coordinates": [ [ -74.298999, 40.528924 ], [ -74.299108, 40.528239 ] ] } },
{ "type": "Feature", "properties": { "id": "967877404-1601", "name": "", "class": "motorway_link", "is_priority": false }, "geometry": { "type": "LineString", "coordinates": [ [ -74.301854, 40.534451 ], [ -74.300876, 40.533738 ] ] } },
{ "type": "Feature", "properties": { "id": "967877435-1602", "name": "", "class": "motorway_link", "is_priority": false }, "geometry": { "type": "LineString", "coordinates": [ [ -74.285337, 40.528218 ], [ -74.285384, 40.528095 ] ] } },
{ "type": "Feature", "properties": { "id": "967877436-1603", "name": "", "class": "motorway_link", "is_priority": false }, "geometry": { "type": "LineString", "coordinates": [ [ -74.281825, 40.529218 ], [ -74.282766, 40.529055 ], [ -74.283619, 40.528858 ] ] } },
{ "type": "Feature", "properties": { "id": "967877437-1604", "name": "", "class": "motorway_link", "is_priority": false }, "geometry": { "type": "LineString", "coordinates": [ [ -74.283619, 40.528858 ], [ -74.284534, 40.528554 ], [ -74.285121, 40.52832 ], [ -74.285337, 40.528218 ] ] } },
{ "type": "Feature", "properties": { "id": "967878396-1605", "name": "", "class": "motorway_link", "is_priority": false }, "geometry": { "type": "LineString", "coordinates": [ [ -74.278314, 40.52925 ], [ -74.278898, 40.529303 ], [ -74.279613, 40.529337 ] ] } },
{ "type": "Feature", "properties": { "id": "967878397-1606", "name": "", "class": "motorway_link", "is_priority": false }, "geometry": { "type": "LineString", "coordinates": [ [ -74.279613, 40.529337 ], [ -74.28024, 40.529384 ], [ -74.280613, 40.529435 ] ] } },
{ "type": "Feature", "properties": { "id": "967878398-1607", "name": "", "class": "motorway_link", "is_priority": false }, "geometry": { "type": "LineString", "coordinates": [ [ -74.280613, 40.529435 ], [ -74.281754, 40.529684 ] ] } },
{ "type": "Feature", "properties": { "id": "967883032-1608", "name": "", "class": "motorway_link", "is_priority": false }, "geometry": { "type": "LineString", "coordinates": [ [ -74.299312, 40.527195 ], [ -74.299449, 40.526577 ], [ -74.299597, 40.526014 ], [ -74.299732, 40.525623 ], [ -74.299803, 40.525472 ] ] } },
{ "type": "Feature", "properties": { "id": "967885306-1609", "name": "", "class": "motorway_link", "is_priority": false }, "geometry": { "type": "LineString", "coordinates": [ [ -74.298463, 40.517583 ], [ -74.298921, 40.517766 ], [ -74.299207, 40.517901 ] ] } },
{ "type": "Feature", "properties": { "id": "967886118-1610", "name": "", "class": "motorway_link", "is_priority": false }, "geometry": { "type": "LineString", "coordinates": [ [ -74.299049, 40.497001 ], [ -74.298931, 40.496665 ] ] } },
{ "type": "Feature", "properties": { "id": "967886119-1611", "name": "", "class": "motorway_link", "is_priority": false }, "geometry": { "type": "LineString", "coordinates": [ [ -74.298931, 40.496665 ], [ -74.298856, 40.496395 ] ] } },
{ "type": "Feature", "properties": { "id": "967886120-1612", "name": "", "class": "motorway_link", "is_priority": false }, "geometry": { "type": "LineString", "coordinates": [ [ -74.298856, 40.496395 ], [ -74.29869, 40.496049 ] ] } },
{ "type": "Feature", "properties": { "id": "967899779-1613", "name": "", "class": "motorway_link", "is_priority": false }, "geometry": { "type": "LineString", "coordinates": [ [ -74.299622, 40.496528 ], [ -74.300219, 40.49766 ], [ -74.300444, 40.498216 ] ] } },
{ "type": "Feature", "properties": { "id": "967899779-1614", "name": "", "class": "motorway_link", "is_priority": false }, "geometry": { "type": "LineString", "coordinates": [ [ -74.300444, 40.498216 ], [ -74.300772, 40.499471 ] ] } },
{ "type": "Feature", "properties": { "id": "967901591-1615", "name": "", "class": "motorway_link", "is_priority": false }, "geometry": { "type": "LineString", "coordinates": [ [ -74.282756, 40.546319 ], [ -74.282165, 40.5466 ], [ -74.281039, 40.547189 ] ] } },
{ "type": "Feature", "properties": { "id": "967909433-1616", "name": "", "class": "motorway_link", "is_priority": false }, "geometry": { "type": "LineString", "coordinates": [ [ -74.268156, 40.525558 ], [ -74.26728, 40.525262 ], [ -74.267019, 40.5252 ], [ -74.266727, 40.525158 ], [ -74.266557, 40.525151 ], [ -74.266294, 40.525188 ], [ -74.266134, 40.525245 ], [ -74.26596, 40.525343 ] ] } },
{ "type": "Feature", "properties": { "id": "967909433-1617", "name": "", "class": "motorway_link", "is_priority": false }, "geometry": { "type": "LineString", "coordinates": [ [ -74.26596, 40.525343 ], [ -74.265589, 40.525659 ], [ -74.265363, 40.52581 ], [ -74.264962, 40.525976 ], [ -74.264575, 40.526097 ] ] } },
{ "type": "Feature", "properties": { "id": "967909434-1618", "name": "", "class": "motorway_link", "is_priority": false }, "geometry": { "type": "LineString", "coordinates": [ [ -74.264575, 40.526097 ], [ -74.2642, 40.526148 ] ] } },
{ "type": "Feature", "properties": { "id": "968056679-1619", "name": "", "class": "motorway_link", "is_priority": false }, "geometry": { "type": "LineString", "coordinates": [ [ -74.26277, 40.526851 ], [ -74.26307, 40.526681 ], [ -74.263416, 40.526527 ], [ -74.264264, 40.526274 ] ] } },
{ "type": "Feature", "properties": { "id": "968166947-1620", "name": "Riverton Boulevard", "class": "primary", "is_priority": true }, "geometry": { "type": "LineString", "coordinates": [ [ -74.299135, 40.495734 ], [ -74.298626, 40.495937 ] ] } },
{ "type": "Feature", "properties": { "id": "968513868-1621", "name": "", "class": "motorway", "is_priority": true }, "geometry": { "type": "LineString", "coordinates": [ [ -74.271832, 40.527013 ], [ -74.270511, 40.52655 ] ] } },
{ "type": "Feature", "properties": { "id": "968519238-1622", "name": "", "class": "motorway", "is_priority": true }, "geometry": { "type": "LineString", "coordinates": [ [ -74.298726, 40.528431 ], [ -74.299012, 40.5276 ], [ -74.299287, 40.526681 ] ] } },
{ "type": "Feature", "properties": { "id": "968519238-1623", "name": "", "class": "motorway", "is_priority": true }, "geometry": { "type": "LineString", "coordinates": [ [ -74.299287, 40.526681 ], [ -74.299598, 40.52568 ], [ -74.299917, 40.524947 ] ] } },
{ "type": "Feature", "properties": { "id": "968519238-1624", "name": "", "class": "motorway", "is_priority": true }, "geometry": { "type": "LineString", "coordinates": [ [ -74.299917, 40.524947 ], [ -74.300245, 40.524246 ] ] } },
{ "type": "Feature", "properties": { "id": "968688419-1625", "name": "", "class": "motorway", "is_priority": true }, "geometry": { "type": "LineString", "coordinates": [ [ -74.300021, 40.499084 ], [ -74.299814, 40.498672 ], [ -74.299573, 40.498253 ], [ -74.299056, 40.497441 ] ] } },
{ "type": "Feature", "properties": { "id": "968688419-1626", "name": "", "class": "motorway", "is_priority": true }, "geometry": { "type": "LineString", "coordinates": [ [ -74.299056, 40.497441 ], [ -74.298531, 40.496653 ] ] } },
{ "type": "Feature", "properties": { "id": "968697325-1627", "name": "", "class": "motorway", "is_priority": true }, "geometry": { "type": "LineString", "coordinates": [ [ -74.286442, 40.52738 ], [ -74.28604, 40.527617 ] ] } },
{ "type": "Feature", "properties": { "id": "968697326-1628", "name": "", "class": "motorway", "is_priority": true }, "geometry": { "type": "LineString", "coordinates": [ [ -74.28604, 40.527617 ], [ -74.285496, 40.527896 ], [ -74.284972, 40.528131 ], [ -74.284454, 40.528327 ], [ -74.283977, 40.528484 ] ] } },
{ "type": "Feature", "properties": { "id": "968697326-1629", "name": "", "class": "motorway", "is_priority": true }, "geometry": { "type": "LineString", "coordinates": [ [ -74.283977, 40.528484 ], [ -74.283317, 40.528667 ], [ -74.282852, 40.528775 ], [ -74.282229, 40.528891 ], [ -74.281707, 40.528964 ] ] } },
{ "type": "Feature", "properties": { "id": "968697326-1630", "name": "", "class": "motorway", "is_priority": true }, "geometry": { "type": "LineString", "coordinates": [ [ -74.281707, 40.528964 ], [ -74.281132, 40.529026 ], [ -74.28051, 40.529061 ], [ -74.28001, 40.52907 ], [ -74.279354, 40.529056 ] ] } },
{ "type": "Feature", "properties": { "id": "968697326-1631", "name": "", "class": "motorway", "is_priority": true }, "geometry": { "type": "LineString", "coordinates": [ [ -74.279354, 40.529056 ], [ -74.279053, 40.529041 ] ] } },
{ "type": "Feature", "properties": { "id": "968710668-1632", "name": "", "class": "motorway", "is_priority": true }, "geometry": { "type": "LineString", "coordinates": [ [ -74.293707, 40.52088 ], [ -74.294497, 40.520525 ] ] } },
{ "type": "Feature", "properties": { "id": "968710669-1633", "name": "", "class": "motorway", "is_priority": true }, "geometry": { "type": "LineString", "coordinates": [ [ -74.294497, 40.520525 ], [ -74.295428, 40.520163 ], [ -74.29652, 40.519823 ] ] } },
{ "type": "Feature", "properties": { "id": "968725352-1634", "name": "", "class": "motorway", "is_priority": true }, "geometry": { "type": "LineString", "coordinates": [ [ -74.289013, 40.525187 ], [ -74.290209, 40.523633 ] ] } },
{ "type": "Feature", "properties": { "id": "968725352-1635", "name": "", "class": "motorway", "is_priority": true }, "geometry": { "type": "LineString", "coordinates": [ [ -74.290209, 40.523633 ], [ -74.290607, 40.523127 ], [ -74.290928, 40.522769 ], [ -74.291279, 40.52243 ], [ -74.291582, 40.522173 ] ] } },
{ "type": "Feature", "properties": { "id": "968725352-1636", "name": "", "class": "motorway", "is_priority": true }, "geometry": { "type": "LineString", "coordinates": [ [ -74.291582, 40.522173 ], [ -74.291867, 40.521951 ], [ -74.292299, 40.521662 ], [ -74.292974, 40.52126 ], [ -74.293404, 40.521033 ] ] } },
{ "type": "Feature", "properties": { "id": "968725352-1637", "name": "", "class": "motorway", "is_priority": true }, "geometry": { "type": "LineString", "coordinates": [ [ -74.293404, 40.521033 ], [ -74.293707, 40.52088 ] ] } },
{ "type": "Feature", "properties": { "id": "968725353-1638", "name": "", "class": "motorway", "is_priority": true }, "geometry": { "type": "LineString", "coordinates": [ [ -74.285779, 40.527905 ], [ -74.286317, 40.52762 ], [ -74.286698, 40.527384 ], [ -74.28712, 40.52709 ], [ -74.287568, 40.526737 ] ] } },
{ "type": "Feature", "properties": { "id": "968725353-1639", "name": "", "class": "motorway", "is_priority": true }, "geometry": { "type": "LineString", "coordinates": [ [ -74.287568, 40.526737 ], [ -74.288157, 40.526188 ], [ -74.288486, 40.525828 ], [ -74.288941, 40.525275 ] ] } },
{ "type": "Feature", "properties": { "id": "968725353-1640", "name": "", "class": "motorway", "is_priority": true }, "geometry": { "type": "LineString", "coordinates": [ [ -74.288941, 40.525275 ], [ -74.289013, 40.525187 ] ] } },
{ "type": "Feature", "properties": { "id": "968733570-1641", "name": "", "class": "motorway", "is_priority": true }, "geometry": { "type": "LineString", "coordinates": [ [ -74.300245, 40.524246 ], [ -74.300783, 40.523094 ] ] } },
{ "type": "Feature", "properties": { "id": "968733571-1642", "name": "", "class": "motorway", "is_priority": true }, "geometry": { "type": "LineString", "coordinates": [ [ -74.300783, 40.523094 ], [ -74.301048, 40.522462 ], [ -74.301205, 40.522034 ], [ -74.301282, 40.52171 ], [ -74.301314, 40.521375 ] ] } },
{ "type": "Feature", "properties": { "id": "968748312-1643", "name": "", "class": "motorway", "is_priority": true }, "geometry": { "type": "LineString", "coordinates": [ [ -74.302316, 40.51942 ], [ -74.301807, 40.519337 ] ] } },
{ "type": "Feature", "properties": { "id": "968750642-1644", "name": "", "class": "motorway_link", "is_priority": false }, "geometry": { "type": "LineString", "coordinates": [ [ -74.299463, 40.539782 ], [ -74.298722, 40.53986 ] ] } },
{ "type": "Feature", "properties": { "id": "968750643-1645", "name": "", "class": "motorway_link", "is_priority": false }, "geometry": { "type": "LineString", "coordinates": [ [ -74.298722, 40.53986 ], [ -74.298091, 40.539926 ] ] } },
{ "type": "Feature", "properties": { "id": "968750644-1646", "name": "", "class": "motorway_link", "is_priority": false }, "geometry": { "type": "LineString", "coordinates": [ [ -74.298091, 40.539926 ], [ -74.297664, 40.53997 ] ] } },
{ "type": "Feature", "properties": { "id": "968750645-1647", "name": "", "class": "motorway_link", "is_priority": false }, "geometry": { "type": "LineString", "coordinates": [ [ -74.296659, 40.540101 ], [ -74.296234, 40.540204 ], [ -74.2959, 40.540302 ], [ -74.295629, 40.5404 ], [ -74.295366, 40.540506 ], [ -74.294575, 40.540922 ] ] } },
{ "type": "Feature", "properties": { "id": "968750645-1648", "name": "", "class": "motorway_link", "is_priority": false }, "geometry": { "type": "LineString", "coordinates": [ [ -74.294575, 40.540922 ], [ -74.294204, 40.541114 ], [ -74.293947, 40.541213 ], [ -74.293692, 40.541287 ], [ -74.293424, 40.541344 ] ] } },
{ "type": "Feature", "properties": { "id": "968751520-1649", "name": "", "class": "motorway", "is_priority": true }, "geometry": { "type": "LineString", "coordinates": [ [ -74.297295, 40.534363 ], [ -74.297607, 40.532578 ] ] } },
{ "type": "Feature", "properties": { "id": "968751520-1650", "name": "", "class": "motorway", "is_priority": true }, "geometry": { "type": "LineString", "coordinates": [ [ -74.297607, 40.532578 ], [ -74.297669, 40.532199 ] ] } },
{ "type": "Feature", "properties": { "id": "968751521-1651", "name": "", "class": "trunk", "is_priority": true }, "geometry": { "type": "LineString", "coordinates": [ [ -74.296853, 40.535671 ], [ -74.297095, 40.53503 ], [ -74.297295, 40.534363 ] ] } },
{ "type": "Feature", "properties": { "id": "968752007-1652", "name": "", "class": "motorway", "is_priority": true }, "geometry": { "type": "LineString", "coordinates": [ [ -74.274664, 40.52817 ], [ -74.276035, 40.528633 ], [ -74.276849, 40.528847 ] ] } },
{ "type": "Feature", "properties": { "id": "968752007-1653", "name": "", "class": "motorway", "is_priority": true }, "geometry": { "type": "LineString", "coordinates": [ [ -74.276849, 40.528847 ], [ -74.277258, 40.528936 ], [ -74.277961, 40.529055 ], [ -74.278524, 40.529125 ], [ -74.279166, 40.529177 ] ] } },
{ "type": "Feature", "properties": { "id": "968752007-1654", "name": "", "class": "motorway", "is_priority": true }, "geometry": { "type": "LineString", "coordinates": [ [ -74.279166, 40.529177 ], [ -74.279805, 40.529202 ], [ -74.280237, 40.529199 ], [ -74.280806, 40.529177 ], [ -74.281521, 40.529119 ] ] } },
{ "type": "Feature", "properties": { "id": "968752007-1655", "name": "", "class": "motorway", "is_priority": true }, "geometry": { "type": "LineString", "coordinates": [ [ -74.281521, 40.529119 ], [ -74.282086, 40.529046 ], [ -74.282786, 40.528923 ], [ -74.28333, 40.528803 ], [ -74.283805, 40.528675 ] ] } },
{ "type": "Feature", "properties": { "id": "968752007-1656", "name": "", "class": "motorway", "is_priority": true }, "geometry": { "type": "LineString", "coordinates": [ [ -74.283805, 40.528675 ], [ -74.284662, 40.528396 ], [ -74.285045, 40.528247 ], [ -74.285384, 40.528095 ] ] } },
{ "type": "Feature", "properties": { "id": "968800978-1657", "name": "", "class": "motorway", "is_priority": true }, "geometry": { "type": "LineString", "coordinates": [ [ -74.298535, 40.525627 ], [ -74.298052, 40.526779 ], [ -74.297853, 40.527351 ] ] } },
{ "type": "Feature", "properties": { "id": "968800978-1658", "name": "", "class": "motorway", "is_priority": true }, "geometry": { "type": "LineString", "coordinates": [ [ -74.297853, 40.527351 ], [ -74.297708, 40.527956 ], [ -74.297606, 40.528604 ] ] } },
{ "type": "Feature", "properties": { "id": "985092445-1659", "name": "", "class": "motorway_link", "is_priority": false }, "geometry": { "type": "LineString", "coordinates": [ [ -74.288072, 40.543485 ], [ -74.288271, 40.543044 ], [ -74.288462, 40.542763 ] ] } },
{ "type": "Feature", "properties": { "id": "993825348-1660", "name": "Exit to GSP and US Route 9", "class": "motorway_link", "is_priority": false }, "geometry": { "type": "LineString", "coordinates": [ [ -74.280746, 40.547609 ], [ -74.282167, 40.546941 ], [ -74.282768, 40.546679 ] ] } },
{ "type": "Feature", "properties": { "id": "993825348-1661", "name": "Exit to GSP and US Route 9", "class": "motorway_link", "is_priority": false }, "geometry": { "type": "LineString", "coordinates": [ [ -74.282768, 40.546679 ], [ -74.284889, 40.545886 ] ] } },
{ "type": "Feature", "properties": { "id": "993825348-1662", "name": "Exit to GSP and US Route 9", "class": "motorway_link", "is_priority": false }, "geometry": { "type": "LineString", "coordinates": [ [ -74.284889, 40.545886 ], [ -74.285412, 40.545704 ], [ -74.286109, 40.545486 ] ] } },
{ "type": "Feature", "properties": { "id": "994824360-1663", "name": "", "class": "motorway_link", "is_priority": false }, "geometry": { "type": "LineString", "coordinates": [ [ -74.293424, 40.541344 ], [ -74.292987, 40.541397 ], [ -74.292751, 40.541405 ], [ -74.291659, 40.541328 ], [ -74.291369, 40.541323 ], [ -74.291074, 40.541339 ] ] } },
{ "type": "Feature", "properties": { "id": "994824360-1664", "name": "", "class": "motorway_link", "is_priority": false }, "geometry": { "type": "LineString", "coordinates": [ [ -74.291074, 40.541339 ], [ -74.290761, 40.541373 ], [ -74.290457, 40.541423 ], [ -74.290194, 40.541489 ] ] } },
{ "type": "Feature", "properties": { "id": "994824361-1665", "name": "", "class": "motorway_link", "is_priority": false }, "geometry": { "type": "LineString", "coordinates": [ [ -74.293459, 40.541595 ], [ -74.293988, 40.54155 ], [ -74.294422, 40.541466 ], [ -74.294626, 40.541412 ], [ -74.295052, 40.541261 ], [ -74.295634, 40.540971 ] ] } },
{ "type": "Feature", "properties": { "id": "994824361-1666", "name": "", "class": "motorway_link", "is_priority": false }, "geometry": { "type": "LineString", "coordinates": [ [ -74.295634, 40.540971 ], [ -74.295859, 40.540861 ], [ -74.296061, 40.54081 ] ] } },
{ "type": "Feature", "properties": { "id": "997410103-1667", "name": "", "class": "motorway_link", "is_priority": false }, "geometry": { "type": "LineString", "coordinates": [ [ -74.29332, 40.518745 ], [ -74.292327, 40.518636 ] ] } },
{ "type": "Feature", "properties": { "id": "997463706-1668", "name": "", "class": "motorway_link", "is_priority": false }, "geometry": { "type": "LineString", "coordinates": [ [ -74.298143, 40.496278 ], [ -74.29793, 40.496388 ], [ -74.297803, 40.496421 ], [ -74.297682, 40.496433 ] ] } },
{ "type": "Feature", "properties": { "id": "997798892-1669", "name": "Victory Plaza", "class": "primary", "is_priority": true }, "geometry": { "type": "LineString", "coordinates": [ [ -74.297812, 40.498182 ], [ -74.297789, 40.497912 ] ] } },
{ "type": "Feature", "properties": { "id": "997798928-1670", "name": "", "class": "primary_link", "is_priority": false }, "geometry": { "type": "LineString", "coordinates": [ [ -74.297045, 40.496603 ], [ -74.297242, 40.496907 ], [ -74.297405, 40.497233 ], [ -74.297503, 40.497478 ], [ -74.297664, 40.497993 ] ] } },
{ "type": "Feature", "properties": { "id": "997798930-1671", "name": "Main Street", "class": "secondary", "is_priority": false }, "geometry": { "type": "LineString", "coordinates": [ [ -74.296884, 40.496279 ], [ -74.296586, 40.495948 ] ] } },
{ "type": "Feature", "properties": { "id": "998359948-1672", "name": "", "class": "trunk_link", "is_priority": false }, "geometry": { "type": "LineString", "coordinates": [ [ -74.297126, 40.495584 ], [ -74.296586, 40.495948 ] ] } },
{ "type": "Feature", "properties": { "id": "998397284-1673", "name": "", "class": "tertiary_link", "is_priority": false }, "geometry": { "type": "LineString", "coordinates": [ [ -74.279397, 40.529858 ], [ -74.279405, 40.529953 ], [ -74.279496, 40.530075 ] ] } },
{ "type": "Feature", "properties": { "id": "999047763-1674", "name": "", "class": "motorway_link", "is_priority": false }, "geometry": { "type": "LineString", "coordinates": [ [ -74.288325, 40.542617 ], [ -74.28816, 40.542713 ], [ -74.287196, 40.543672 ], [ -74.286797, 40.543982 ] ] } },
{ "type": "Feature", "properties": { "id": "999047763-1675", "name": "", "class": "motorway_link", "is_priority": false }, "geometry": { "type": "LineString", "coordinates": [ [ -74.286797, 40.543982 ], [ -74.286523, 40.544157 ], [ -74.286273, 40.544291 ], [ -74.285967, 40.544428 ], [ -74.284772, 40.544898 ] ] } },
{ "type": "Feature", "properties": { "id": "999047763-1676", "name": "", "class": "motorway_link", "is_priority": false }, "geometry": { "type": "LineString", "coordinates": [ [ -74.284772, 40.544898 ], [ -74.284015, 40.545239 ], [ -74.283125, 40.545702 ] ] } },
{ "type": "Feature", "properties": { "id": "999047764-1677", "name": "", "class": "motorway_link", "is_priority": false }, "geometry": { "type": "LineString", "coordinates": [ [ -74.29024, 40.541667 ], [ -74.290503, 40.541599 ], [ -74.29079, 40.541548 ], [ -74.291332, 40.541503 ], [ -74.29167, 40.541507 ], [ -74.29257, 40.541581 ] ] } },
{ "type": "Feature", "properties": { "id": "999047764-1678", "name": "", "class": "motorway_link", "is_priority": false }, "geometry": { "type": "LineString", "coordinates": [ [ -74.29257, 40.541581 ], [ -74.292896, 40.541599 ], [ -74.293459, 40.541595 ] ] } },
{ "type": "Feature", "properties": { "id": "999342856-1679", "name": "", "class": "motorway_link", "is_priority": false }, "geometry": { "type": "LineString", "coordinates": [ [ -74.301029, 40.522841 ], [ -74.301487, 40.522906 ], [ -74.301876, 40.522894 ] ] } },
{ "type": "Feature", "properties": { "id": "1001087229-1680", "name": "State Street", "class": "tertiary", "is_priority": false }, "geometry": { "type": "LineString", "coordinates": [ [ -74.263524, 40.517337 ], [ -74.26434, 40.515647 ] ] } },
{ "type": "Feature", "properties": { "id": "1001087229-1681", "name": "State Street", "class": "tertiary", "is_priority": false }, "geometry": { "type": "LineString", "coordinates": [ [ -74.26434, 40.515647 ], [ -74.265153, 40.513955 ] ] } },
{ "type": "Feature", "properties": { "id": "1001087229-1682", "name": "State Street", "class": "tertiary", "is_priority": false }, "geometry": { "type": "LineString", "coordinates": [ [ -74.265153, 40.513955 ], [ -74.265366, 40.513515 ] ] } },
{ "type": "Feature", "properties": { "id": "1001087230-1683", "name": "State Street", "class": "tertiary", "is_priority": false }, "geometry": { "type": "LineString", "coordinates": [ [ -74.263686, 40.517617 ], [ -74.263591, 40.517565 ], [ -74.263527, 40.5175 ], [ -74.263506, 40.51741 ], [ -74.263524, 40.517337 ] ] } },
{ "type": "Feature", "properties": { "id": "1001351901-1684", "name": "", "class": "motorway_link", "is_priority": false }, "geometry": { "type": "LineString", "coordinates": [ [ -74.299426, 40.518035 ], [ -74.299438, 40.518378 ], [ -74.299558, 40.51911 ] ] } },
{ "type": "Feature", "properties": { "id": "1001371088-1685", "name": "", "class": "motorway", "is_priority": true }, "geometry": { "type": "LineString", "coordinates": [ [ -74.29741, 40.532665 ], [ -74.297333, 40.533232 ] ] } },
{ "type": "Feature", "properties": { "id": "1001371089-1686", "name": "", "class": "motorway", "is_priority": true }, "geometry": { "type": "LineString", "coordinates": [ [ -74.297438, 40.532191 ], [ -74.29741, 40.532665 ] ] } },
{ "type": "Feature", "properties": { "id": "1002515869-1687", "name": "State Street", "class": "tertiary", "is_priority": false }, "geometry": { "type": "LineString", "coordinates": [ [ -74.264619, 40.529019 ], [ -74.264354, 40.529839 ] ] } },
{ "type": "Feature", "properties": { "id": "1002515870-1688", "name": "State Street", "class": "tertiary", "is_priority": false }, "geometry": { "type": "LineString", "coordinates": [ [ -74.264755, 40.528759 ], [ -74.265005, 40.528124 ], [ -74.265151, 40.527698 ], [ -74.26523, 40.52725 ], [ -74.265238, 40.527004 ] ] } },
{ "type": "Feature", "properties": { "id": "1002515870-1689", "name": "State Street", "class": "tertiary", "is_priority": false }, "geometry": { "type": "LineString", "coordinates": [ [ -74.265238, 40.527004 ], [ -74.265207, 40.526679 ], [ -74.265145, 40.526385 ], [ -74.264808, 40.525387 ] ] } },
{ "type": "Feature", "properties": { "id": "1002548804-1690", "name": "", "class": "motorway_link", "is_priority": false }, "geometry": { "type": "LineString", "coordinates": [ [ -74.297664, 40.53997 ], [ -74.296659, 40.540101 ] ] } },
{ "type": "Feature", "properties": { "id": "1003011690-1691", "name": "", "class": "motorway", "is_priority": true }, "geometry": { "type": "LineString", "coordinates": [ [ -74.301232, 40.520785 ], [ -74.301135, 40.520509 ], [ -74.301035, 40.520299 ], [ -74.300511, 40.519452 ], [ -74.300351, 40.519118 ] ] } },
{ "type": "Feature", "properties": { "id": "1003011690-1692", "name": "", "class": "motorway", "is_priority": true }, "geometry": { "type": "LineString", "coordinates": [ [ -74.300351, 40.519118 ], [ -74.300275, 40.51893 ] ] } },
{ "type": "Feature", "properties": { "id": "1005709828-1693", "name": "Garden State Parkway", "class": "motorway", "is_priority": true }, "geometry": { "type": "LineString", "coordinates": [ [ -74.301371, 40.534466 ], [ -74.301817, 40.53483 ] ] } },
{ "type": "Feature", "properties": { "id": "1005906379-1694", "name": "Garden State Parkway", "class": "motorway_link", "is_priority": false }, "geometry": { "type": "LineString", "coordinates": [ [ -74.300839, 40.515786 ], [ -74.300861, 40.515954 ] ] } },
{ "type": "Feature", "properties": { "id": "1005906380-1695", "name": "", "class": "motorway_link", "is_priority": false }, "geometry": { "type": "LineString", "coordinates": [ [ -74.300504, 40.51909 ], [ -74.300388, 40.519437 ] ] } },
{ "type": "Feature", "properties": { "id": "1005906390-1696", "name": "", "class": "motorway", "is_priority": true }, "geometry": { "type": "LineString", "coordinates": [ [ -74.299844, 40.515971 ], [ -74.299834, 40.516072 ] ] } },
{ "type": "Feature", "properties": { "id": "1007325653-1697", "name": "", "class": "motorway_link", "is_priority": false }, "geometry": { "type": "LineString", "coordinates": [ [ -74.290194, 40.541489 ], [ -74.28983, 40.541605 ], [ -74.289544, 40.541729 ], [ -74.289264, 40.541882 ], [ -74.288965, 40.542071 ], [ -74.288617, 40.542324 ], [ -74.28836, 40.542582 ] ] } },
{ "type": "Feature", "properties": { "id": "1007325653-1698", "name": "", "class": "motorway_link", "is_priority": false }, "geometry": { "type": "LineString", "coordinates": [ [ -74.28836, 40.542582 ], [ -74.288325, 40.542617 ] ] } },
{ "type": "Feature", "properties": { "id": "1007325654-1699", "name": "", "class": "motorway_link", "is_priority": false }, "geometry": { "type": "LineString", "coordinates": [ [ -74.283125, 40.545702 ], [ -74.281739, 40.546453 ], [ -74.281215, 40.546761 ] ] } },
{ "type": "Feature", "properties": { "id": "1007325654-1700", "name": "", "class": "motorway_link", "is_priority": false }, "geometry": { "type": "LineString", "coordinates": [ [ -74.281215, 40.546761 ], [ -74.280699, 40.547063 ] ] } },
{ "type": "Feature", "properties": { "id": "1008201851-1701", "name": "Radford Ferry Road", "class": "residential", "is_priority": false }, "geometry": { "type": "LineString", "coordinates": [ [ -74.281067, 40.488036 ], [ -74.280524, 40.488112 ], [ -74.280267, 40.488171 ], [ -74.279942, 40.488267 ], [ -74.278897, 40.488703 ] ] } },
{ "type": "Feature", "properties": { "id": "1008201851-1702", "name": "Radford Ferry Road", "class": "residential", "is_priority": false }, "geometry": { "type": "LineString", "coordinates": [ [ -74.278897, 40.488703 ], [ -74.277385, 40.489354 ] ] } },
{ "type": "Feature", "properties": { "id": "1008201853-1703", "name": "Radford Ferry Road", "class": "residential", "is_priority": false }, "geometry": { "type": "LineString", "coordinates": [ [ -74.277432, 40.489429 ], [ -74.279487, 40.488542 ] ] } },
{ "type": "Feature", "properties": { "id": "1008201853-1704", "name": "Radford Ferry Road", "class": "residential", "is_priority": false }, "geometry": { "type": "LineString", "coordinates": [ [ -74.279487, 40.488542 ], [ -74.279803, 40.488405 ], [ -74.280203, 40.488272 ], [ -74.280673, 40.488164 ], [ -74.281073, 40.488116 ] ] } },
{ "type": "Feature", "properties": { "id": "1008201855-1705", "name": "Schindler Drive", "class": "residential", "is_priority": false }, "geometry": { "type": "LineString", "coordinates": [ [ -74.281067, 40.488036 ], [ -74.281034, 40.487862 ], [ -74.280983, 40.487811 ] ] } },
{ "type": "Feature", "properties": { "id": "1008201858-1706", "name": "", "class": "residential", "is_priority": false }, "geometry": { "type": "LineString", "coordinates": [ [ -74.279537, 40.487538 ], [ -74.279239, 40.487663 ] ] } },
{ "type": "Feature", "properties": { "id": "1008201870-1707", "name": "", "class": "secondary_link", "is_priority": false }, "geometry": { "type": "LineString", "coordinates": [ [ -74.284857, 40.489971 ], [ -74.284737, 40.48973 ], [ -74.284683, 40.489444 ] ] } },
{ "type": "Feature", "properties": { "id": "1008201871-1708", "name": "", "class": "secondary_link", "is_priority": false }, "geometry": { "type": "LineString", "coordinates": [ [ -74.28465, 40.489562 ], [ -74.284483, 40.489653 ], [ -74.2844, 40.489654 ], [ -74.284284, 40.489629 ], [ -74.2841, 40.489534 ] ] } },
{ "type": "Feature", "properties": { "id": "1008533776-1709", "name": "", "class": "motorway_link", "is_priority": false }, "geometry": { "type": "LineString", "coordinates": [ [ -74.274068, 40.528141 ], [ -74.274705, 40.528398 ], [ -74.274791, 40.528446 ], [ -74.274853, 40.528512 ] ] } },
{ "type": "Feature", "properties": { "id": "1010947298-1710", "name": "New Jersey Turnpike", "class": "motorway", "is_priority": true }, "geometry": { "type": "LineString", "coordinates": [ [ -74.297469, 40.54203 ], [ -74.296984, 40.542102 ] ] } },
{ "type": "Feature", "properties": { "id": "1010947299-1711", "name": "New Jersey Turnpike", "class": "motorway", "is_priority": true }, "geometry": { "type": "LineString", "coordinates": [ [ -74.298655, 40.541879 ], [ -74.297469, 40.54203 ] ] } },
{ "type": "Feature", "properties": { "id": "1011015407-1712", "name": "", "class": "motorway_link", "is_priority": false }, "geometry": { "type": "LineString", "coordinates": [ [ -74.298875, 40.539577 ], [ -74.298569, 40.53962 ] ] } },
{ "type": "Feature", "properties": { "id": "1014238698-1713", "name": "", "class": "motorway", "is_priority": true }, "geometry": { "type": "LineString", "coordinates": [ [ -74.270402, 40.526632 ], [ -74.270932, 40.526825 ] ] } },
{ "type": "Feature", "properties": { "id": "1019923848-1714", "name": "High Street", "class": "tertiary", "is_priority": false }, "geometry": { "type": "LineString", "coordinates": [ [ -74.262343, 40.52801 ], [ -74.262146, 40.527771 ] ] } },
{ "type": "Feature", "properties": { "id": "1026961574-1715", "name": "High Street", "class": "residential", "is_priority": false }, "geometry": { "type": "LineString", "coordinates": [ [ -74.262081, 40.518967 ], [ -74.262094, 40.519129 ], [ -74.262071, 40.519278 ] ] } },
{ "type": "Feature", "properties": { "id": "1026961575-1716", "name": "High Street", "class": "residential", "is_priority": false }, "geometry": { "type": "LineString", "coordinates": [ [ -74.262071, 40.519278 ], [ -74.26201, 40.519449 ], [ -74.26126, 40.52097 ] ] } },
{ "type": "Feature", "properties": { "id": "1026961575-1717", "name": "High Street", "class": "residential", "is_priority": false }, "geometry": { "type": "LineString", "coordinates": [ [ -74.26126, 40.52097 ], [ -74.260988, 40.521566 ] ] } },
{ "type": "Feature", "properties": { "id": "1026961577-1718", "name": "Hall Avenue Honorary Avenida Puerto Rico", "class": "residential", "is_priority": false }, "geometry": { "type": "LineString", "coordinates": [ [ -74.262383, 40.518938 ], [ -74.262835, 40.518899 ], [ -74.263193, 40.518914 ], [ -74.264265, 40.519121 ] ] } },
{ "type": "Feature", "properties": { "id": "1026961578-1719", "name": "Hall Avenue Honorary Avenida Puerto Rico", "class": "residential", "is_priority": false }, "geometry": { "type": "LineString", "coordinates": [ [ -74.262254, 40.518951 ], [ -74.262383, 40.518938 ] ] } },
{ "type": "Feature", "properties": { "id": "1026961579-1720", "name": "High Street", "class": "residential", "is_priority": false }, "geometry": { "type": "LineString", "coordinates": [ [ -74.262254, 40.518951 ], [ -74.262196, 40.518734 ], [ -74.262099, 40.518555 ], [ -74.261206, 40.517348 ] ] } },
{ "type": "Feature", "properties": { "id": "1026961579-1721", "name": "High Street", "class": "residential", "is_priority": false }, "geometry": { "type": "LineString", "coordinates": [ [ -74.261206, 40.517348 ], [ -74.261094, 40.51718 ], [ -74.261046, 40.517016 ], [ -74.261034, 40.516893 ], [ -74.261047, 40.516708 ], [ -74.261139, 40.516319 ] ] } },
{ "type": "Feature", "properties": { "id": "1032548523-1722", "name": "Main Street", "class": "secondary", "is_priority": false }, "geometry": { "type": "LineString", "coordinates": [ [ -74.294378, 40.494304 ], [ -74.29359, 40.493941 ] ] } },
{ "type": "Feature", "properties": { "id": "1032881539-1723", "name": "State Street", "class": "tertiary", "is_priority": false }, "geometry": { "type": "LineString", "coordinates": [ [ -74.264621, 40.524937 ], [ -74.264694, 40.525587 ], [ -74.264702, 40.525927 ], [ -74.264665, 40.526333 ], [ -74.264584, 40.52673 ] ] } },
{ "type": "Feature", "properties": { "id": "1032881539-1724", "name": "State Street", "class": "tertiary", "is_priority": false }, "geometry": { "type": "LineString", "coordinates": [ [ -74.264584, 40.52673 ], [ -74.264552, 40.526876 ] ] } },
{ "type": "Feature", "properties": { "id": "1033118432-1725", "name": "Waltrous Avenue", "class": "tertiary", "is_priority": false }, "geometry": { "type": "LineString", "coordinates": [ [ -74.274853, 40.528512 ], [ -74.275752, 40.528843 ] ] } },
{ "type": "Feature", "properties": { "id": "1036502778-1726", "name": "King Georges Road", "class": "secondary", "is_priority": false }, "geometry": { "type": "LineString", "coordinates": [ [ -74.29996, 40.534904 ], [ -74.299434, 40.534848 ] ] } },
{ "type": "Feature", "properties": { "id": "1037889921-1727", "name": "Florida Grove Road", "class": "tertiary", "is_priority": false }, "geometry": { "type": "LineString", "coordinates": [ [ -74.290298, 40.532571 ], [ -74.290246, 40.532853 ], [ -74.290133, 40.533162 ], [ -74.289725, 40.533888 ], [ -74.289679, 40.534128 ], [ -74.289686, 40.53429 ] ] } },
{ "type": "Feature", "properties": { "id": "1037889921-1728", "name": "Florida Grove Road", "class": "tertiary", "is_priority": false }, "geometry": { "type": "LineString", "coordinates": [ [ -74.289686, 40.53429 ], [ -74.289727, 40.534506 ], [ -74.289977, 40.535037 ], [ -74.290029, 40.535258 ], [ -74.290014, 40.535472 ], [ -74.289973, 40.535625 ], [ -74.289862, 40.53584 ], [ -74.289731, 40.536002 ] ] } },
{ "type": "Feature", "properties": { "id": "1037889921-1729", "name": "Florida Grove Road", "class": "tertiary", "is_priority": false }, "geometry": { "type": "LineString", "coordinates": [ [ -74.289731, 40.536002 ], [ -74.289571, 40.536139 ] ] } },
{ "type": "Feature", "properties": { "id": "1041385724-1730", "name": "Convery Boulevard", "class": "secondary", "is_priority": false }, "geometry": { "type": "LineString", "coordinates": [ [ -74.280249, 40.527524 ], [ -74.280171, 40.527938 ] ] } },
{ "type": "Feature", "properties": { "id": "1043665881-1731", "name": "Riverton Boulevard", "class": "primary", "is_priority": true }, "geometry": { "type": "LineString", "coordinates": [ [ -74.297878, 40.496902 ], [ -74.29804, 40.496667 ] ] } },
{ "type": "Feature", "properties": { "id": "1043767537-1732", "name": "", "class": "motorway_link", "is_priority": false }, "geometry": { "type": "LineString", "coordinates": [ [ -74.263926, 40.527828 ], [ -74.264231, 40.527929 ], [ -74.264436, 40.528067 ], [ -74.26456, 40.528245 ], [ -74.264648, 40.528623 ] ] } },
{ "type": "Feature", "properties": { "id": "1046768385-1733", "name": "High Street", "class": "residential", "is_priority": false }, "geometry": { "type": "LineString", "coordinates": [ [ -74.260334, 40.525884 ], [ -74.259634, 40.525191 ] ] } },
{ "type": "Feature", "properties": { "id": "1046768386-1734", "name": "High Street", "class": "residential", "is_priority": false }, "geometry": { "type": "LineString", "coordinates": [ [ -74.260611, 40.526157 ], [ -74.260334, 40.525884 ] ] } },
{ "type": "Feature", "properties": { "id": "1046862414-1735", "name": "", "class": "motorway", "is_priority": true }, "geometry": { "type": "LineString", "coordinates": [ [ -74.297438, 40.532105 ], [ -74.297438, 40.532191 ] ] } },
{ "type": "Feature", "properties": { "id": "1047082196-1736", "name": "Florida Grove Road", "class": "tertiary", "is_priority": false }, "geometry": { "type": "LineString", "coordinates": [ [ -74.289198, 40.517832 ], [ -74.289084, 40.517753 ] ] } },
{ "type": "Feature", "properties": { "id": "1047145477-1737", "name": "", "class": "secondary_link", "is_priority": false }, "geometry": { "type": "LineString", "coordinates": [ [ -74.282875, 40.528598 ], [ -74.28268, 40.528508 ] ] } },
{ "type": "Feature", "properties": { "id": "1049942511-1738", "name": "Pfeiffer Boulevard", "class": "secondary", "is_priority": false }, "geometry": { "type": "LineString", "coordinates": [ [ -74.285378, 40.52967 ], [ -74.285671, 40.529716 ] ] } },
{ "type": "Feature", "properties": { "id": "1053594782-1739", "name": "Convery Boulevard", "class": "secondary", "is_priority": false }, "geometry": { "type": "LineString", "coordinates": [ [ -74.279465, 40.531113 ], [ -74.279432, 40.531264 ] ] } },
{ "type": "Feature", "properties": { "id": "1053594783-1740", "name": "Convery Boulevard", "class": "secondary", "is_priority": false }, "geometry": { "type": "LineString", "coordinates": [ [ -74.279432, 40.531264 ], [ -74.279041, 40.53304 ] ] } },
{ "type": "Feature", "properties": { "id": "1053594783-1741", "name": "Convery Boulevard", "class": "secondary", "is_priority": false }, "geometry": { "type": "LineString", "coordinates": [ [ -74.279041, 40.53304 ], [ -74.278653, 40.534818 ] ] } },
{ "type": "Feature", "properties": { "id": "1053594783-1742", "name": "Convery Boulevard", "class": "secondary", "is_priority": false }, "geometry": { "type": "LineString", "coordinates": [ [ -74.278653, 40.534818 ], [ -74.278264, 40.536595 ] ] } },
{ "type": "Feature", "properties": { "id": "1053594783-1743", "name": "Convery Boulevard", "class": "secondary", "is_priority": false }, "geometry": { "type": "LineString", "coordinates": [ [ -74.278264, 40.536595 ], [ -74.277874, 40.538372 ] ] } },
{ "type": "Feature", "properties": { "id": "1053594783-1744", "name": "Convery Boulevard", "class": "secondary", "is_priority": false }, "geometry": { "type": "LineString", "coordinates": [ [ -74.277874, 40.538372 ], [ -74.277486, 40.540149 ] ] } },
{ "type": "Feature", "properties": { "id": "1053594783-1745", "name": "Convery Boulevard", "class": "secondary", "is_priority": false }, "geometry": { "type": "LineString", "coordinates": [ [ -74.277486, 40.540149 ], [ -74.277097, 40.541926 ] ] } },
{ "type": "Feature", "properties": { "id": "1053594783-1746", "name": "Convery Boulevard", "class": "secondary", "is_priority": false }, "geometry": { "type": "LineString", "coordinates": [ [ -74.277097, 40.541926 ], [ -74.276866, 40.54302 ] ] } },
{ "type": "Feature", "properties": { "id": "1053594787-1747", "name": "Convery Boulevard", "class": "secondary", "is_priority": false }, "geometry": { "type": "LineString", "coordinates": [ [ -74.279513, 40.530893 ], [ -74.279465, 40.531113 ] ] } },
{ "type": "Feature", "properties": { "id": "1054991442-1748", "name": "", "class": "motorway", "is_priority": true }, "geometry": { "type": "LineString", "coordinates": [ [ -74.300023, 40.516735 ], [ -74.300069, 40.515984 ] ] } },
{ "type": "Feature", "properties": { "id": "1055052288-1749", "name": "", "class": "trunk", "is_priority": true }, "geometry": { "type": "LineString", "coordinates": [ [ -74.292752, 40.541214 ], [ -74.293208, 40.54066 ] ] } },
{ "type": "Feature", "properties": { "id": "1055052289-1750", "name": "", "class": "trunk", "is_priority": true }, "geometry": { "type": "LineString", "coordinates": [ [ -74.293208, 40.54066 ], [ -74.293915, 40.539815 ] ] } },
{ "type": "Feature", "properties": { "id": "1055052290-1751", "name": "", "class": "trunk", "is_priority": true }, "geometry": { "type": "LineString", "coordinates": [ [ -74.293915, 40.539815 ], [ -74.29446, 40.539168 ] ] } },
{ "type": "Feature", "properties": { "id": "1055052291-1752", "name": "", "class": "trunk", "is_priority": true }, "geometry": { "type": "LineString", "coordinates": [ [ -74.29446, 40.539168 ], [ -74.295548, 40.537875 ] ] } },
{ "type": "Feature", "properties": { "id": "1055608124-1753", "name": "", "class": "motorway", "is_priority": true }, "geometry": { "type": "LineString", "coordinates": [ [ -74.298446, 40.496809 ], [ -74.298894, 40.497481 ] ] } },
{ "type": "Feature", "properties": { "id": "1055608125-1754", "name": "", "class": "motorway", "is_priority": true }, "geometry": { "type": "LineString", "coordinates": [ [ -74.299789, 40.498976 ], [ -74.300027, 40.499479 ], [ -74.300297, 40.500171 ] ] } },
{ "type": "Feature", "properties": { "id": "1055874466-1755", "name": "West Pond Road", "class": "secondary", "is_priority": false }, "geometry": { "type": "LineString", "coordinates": [ [ -74.299055, 40.534912 ], [ -74.299465, 40.534963 ] ] } },
{ "type": "Feature", "properties": { "id": "1056453929-1756", "name": "Madison Avenue", "class": "residential", "is_priority": false }, "geometry": { "type": "LineString", "coordinates": [ [ -74.269698, 40.51007 ], [ -74.269172, 40.511162 ] ] } },
{ "type": "Feature", "properties": { "id": "1059878681-1757", "name": "", "class": "primary_link", "is_priority": false }, "geometry": { "type": "LineString", "coordinates": [ [ -74.296884, 40.496279 ], [ -74.296972, 40.496509 ], [ -74.297045, 40.496603 ] ] } },
{ "type": "Feature", "properties": { "id": "1061266445-1758", "name": "", "class": "motorway_link", "is_priority": false }, "geometry": { "type": "LineString", "coordinates": [ [ -74.298611, 40.540439 ], [ -74.299471, 40.540327 ], [ -74.299908, 40.540294 ] ] } },
{ "type": "Feature", "properties": { "id": "1061266446-1759", "name": "", "class": "motorway_link", "is_priority": false }, "geometry": { "type": "LineString", "coordinates": [ [ -74.297713, 40.540771 ], [ -74.297896, 40.540743 ], [ -74.298164, 40.540663 ], [ -74.298611, 40.540439 ] ] } },
{ "type": "Feature", "properties": { "id": "1061266447-1760", "name": "", "class": "motorway_link", "is_priority": false }, "geometry": { "type": "LineString", "coordinates": [ [ -74.297344, 40.540816 ], [ -74.297713, 40.540771 ] ] } },
{ "type": "Feature", "properties": { "id": "1063289530-1761", "name": "Main Street", "class": "secondary", "is_priority": false }, "geometry": { "type": "LineString", "coordinates": [ [ -74.293967, 40.494256 ], [ -74.294297, 40.494407 ] ] } },
{ "type": "Feature", "properties": { "id": "1072705849-1762", "name": "Main Street", "class": "secondary", "is_priority": false }, "geometry": { "type": "LineString", "coordinates": [ [ -74.291982, 40.493205 ], [ -74.28996, 40.492276 ] ] } },
{ "type": "Feature", "properties": { "id": "1072705849-1763", "name": "Main Street", "class": "secondary", "is_priority": false }, "geometry": { "type": "LineString", "coordinates": [ [ -74.28996, 40.492276 ], [ -74.287938, 40.491347 ] ] } },
{ "type": "Feature", "properties": { "id": "1072705849-1764", "name": "Main Street", "class": "secondary", "is_priority": false }, "geometry": { "type": "LineString", "coordinates": [ [ -74.287938, 40.491347 ], [ -74.287932, 40.491344 ] ] } },
{ "type": "Feature", "properties": { "id": "1072705850-1765", "name": "Raritan Street", "class": "residential", "is_priority": false }, "geometry": { "type": "LineString", "coordinates": [ [ -74.291982, 40.493205 ], [ -74.292052, 40.493092 ], [ -74.292768, 40.491507 ] ] } },
{ "type": "Feature", "properties": { "id": "1072705850-1766", "name": "Raritan Street", "class": "residential", "is_priority": false }, "geometry": { "type": "LineString", "coordinates": [ [ -74.292768, 40.491507 ], [ -74.29326, 40.490434 ] ] } },
{ "type": "Feature", "properties": { "id": "1072705851-1767", "name": "Main Street", "class": "secondary", "is_priority": false }, "geometry": { "type": "LineString", "coordinates": [ [ -74.291902, 40.493309 ], [ -74.293531, 40.494056 ] ] } },
{ "type": "Feature", "properties": { "id": "1074525479-1768", "name": "Main Street", "class": "secondary", "is_priority": false }, "geometry": { "type": "LineString", "coordinates": [ [ -74.294297, 40.494407 ], [ -74.294663, 40.494585 ] ] } },
{ "type": "Feature", "properties": { "id": "1074525480-1769", "name": "Main Street", "class": "secondary", "is_priority": false }, "geometry": { "type": "LineString", "coordinates": [ [ -74.294785, 40.494646 ], [ -74.295053, 40.494787 ] ] } },
{ "type": "Feature", "properties": { "id": "1074525481-1770", "name": "Main Street", "class": "secondary", "is_priority": false }, "geometry": { "type": "LineString", "coordinates": [ [ -74.294663, 40.494585 ], [ -74.294785, 40.494646 ] ] } },
{ "type": "Feature", "properties": { "id": "1078757252-1771", "name": "", "class": "trunk_link", "is_priority": false }, "geometry": { "type": "LineString", "coordinates": [ [ -74.298626, 40.495937 ], [ -74.298528, 40.495724 ], [ -74.298469, 40.495642 ] ] } },
{ "type": "Feature", "properties": { "id": "1078757253-1772", "name": "", "class": "trunk_link", "is_priority": false }, "geometry": { "type": "LineString", "coordinates": [ [ -74.297609, 40.493534 ], [ -74.29761, 40.493255 ] ] } },
{ "type": "Feature", "properties": { "id": "1079365651-1773", "name": "Broad Street", "class": "residential", "is_priority": false }, "geometry": { "type": "LineString", "coordinates": [ [ -74.26142, 40.511293 ], [ -74.262156, 40.511505 ] ] } },
{ "type": "Feature", "properties": { "id": "1079365652-1774", "name": "Rector Street", "class": "residential", "is_priority": false }, "geometry": { "type": "LineString", "coordinates": [ [ -74.261675, 40.512443 ], [ -74.262156, 40.511505 ] ] } },
{ "type": "Feature", "properties": { "id": "1081669405-1775", "name": "Smith Street", "class": "tertiary", "is_priority": false }, "geometry": { "type": "LineString", "coordinates": [ [ -74.28689, 40.513858 ], [ -74.285999, 40.513611 ] ] } },
{ "type": "Feature", "properties": { "id": "1085840653-1776", "name": "Roe Street", "class": "residential", "is_priority": false }, "geometry": { "type": "LineString", "coordinates": [ [ -74.28049, 40.549035 ], [ -74.280215, 40.548628 ] ] } },
{ "type": "Feature", "properties": { "id": "1085840654-1777", "name": "", "class": "residential", "is_priority": false }, "geometry": { "type": "LineString", "coordinates": [ [ -74.284214, 40.547542 ], [ -74.283926, 40.547132 ] ] } },
{ "type": "Feature", "properties": { "id": "1085840655-1778", "name": "Terra Cotta Street", "class": "residential", "is_priority": false }, "geometry": { "type": "LineString", "coordinates": [ [ -74.282693, 40.547641 ], [ -74.282965, 40.548041 ] ] } },
{ "type": "Feature", "properties": { "id": "1085840656-1779", "name": "", "class": "residential", "is_priority": false }, "geometry": { "type": "LineString", "coordinates": [ [ -74.281457, 40.54813 ], [ -74.28173, 40.548533 ] ] } },
{ "type": "Feature", "properties": { "id": "1085846868-1780", "name": "Lighthouse Lane", "class": "residential", "is_priority": false }, "geometry": { "type": "LineString", "coordinates": [ [ -74.256336, 40.5198 ], [ -74.256579, 40.519441 ], [ -74.256695, 40.519171 ], [ -74.256756, 40.518901 ], [ -74.256719, 40.518635 ] ] } },
{ "type": "Feature", "properties": { "id": "1085846869-1781", "name": "", "class": "residential", "is_priority": false }, "geometry": { "type": "LineString", "coordinates": [ [ -74.255059, 40.521181 ], [ -74.255087, 40.521203 ], [ -74.256715, 40.521535 ] ] } },
{ "type": "Feature", "properties": { "id": "1085846870-1782", "name": "Isias Court", "class": "residential", "is_priority": false }, "geometry": { "type": "LineString", "coordinates": [ [ -74.25714, 40.520235 ], [ -74.256874, 40.520522 ], [ -74.256511, 40.520866 ] ] } },
{ "type": "Feature", "properties": { "id": "1085846874-1783", "name": "", "class": "residential", "is_priority": false }, "geometry": { "type": "LineString", "coordinates": [ [ -74.25721, 40.520266 ], [ -74.25777, 40.519536 ], [ -74.257803, 40.519464 ], [ -74.25784, 40.519313 ], [ -74.257881, 40.518826 ], [ -74.257862, 40.518589 ] ] } },
{ "type": "Feature", "properties": { "id": "1085846874-1784", "name": "", "class": "residential", "is_priority": false }, "geometry": { "type": "LineString", "coordinates": [ [ -74.257862, 40.518589 ], [ -74.257862, 40.518582 ] ] } },
{ "type": "Feature", "properties": { "id": "1094432449-1785", "name": "High Street", "class": "residential", "is_priority": false }, "geometry": { "type": "LineString", "coordinates": [ [ -74.261134, 40.521604 ], [ -74.261272, 40.521323 ] ] } },
{ "type": "Feature", "properties": { "id": "1094432450-1786", "name": "High Street", "class": "residential", "is_priority": false }, "geometry": { "type": "LineString", "coordinates": [ [ -74.261272, 40.521323 ], [ -74.262109, 40.519639 ] ] } },
{ "type": "Feature", "properties": { "id": "1094432450-1787", "name": "High Street", "class": "residential", "is_priority": false }, "geometry": { "type": "LineString", "coordinates": [ [ -74.262109, 40.519639 ], [ -74.262222, 40.519371 ], [ -74.262255, 40.519242 ], [ -74.262268, 40.519131 ], [ -74.262254, 40.518951 ] ] } },
{ "type": "Feature", "properties": { "id": "1094432451-1788", "name": "Long Ferry Road", "class": "residential", "is_priority": false }, "geometry": { "type": "LineString", "coordinates": [ [ -74.260988, 40.521566 ], [ -74.261134, 40.521604 ] ] } },
{ "type": "Feature", "properties": { "id": "1094432452-1789", "name": "High Street", "class": "residential", "is_priority": false }, "geometry": { "type": "LineString", "coordinates": [ [ -74.260988, 40.521566 ], [ -74.260854, 40.521872 ], [ -74.26034, 40.522605 ], [ -74.260198, 40.52293 ] ] } },
{ "type": "Feature", "properties": { "id": "1095165628-1790", "name": "Harbortown Boulevard", "class": "residential", "is_priority": false }, "geometry": { "type": "LineString", "coordinates": [ [ -74.256719, 40.518635 ], [ -74.258369, 40.518549 ], [ -74.258617, 40.518514 ], [ -74.259038, 40.518384 ] ] } },
{ "type": "Feature", "properties": { "id": "1095165628-1791", "name": "Harbortown Boulevard", "class": "residential", "is_priority": false }, "geometry": { "type": "LineString", "coordinates": [ [ -74.259038, 40.518384 ], [ -74.259262, 40.518358 ], [ -74.259415, 40.518373 ], [ -74.259568, 40.518417 ], [ -74.259703, 40.518487 ], [ -74.259884, 40.518634 ], [ -74.260018, 40.518773 ], [ -74.260102, 40.518906 ], [ -74.260157, 40.5191 ] ] } },
{ "type": "Feature", "properties": { "id": "1101681420-1792", "name": "New Brunswick Avenue", "class": "tertiary", "is_priority": false }, "geometry": { "type": "LineString", "coordinates": [ [ -74.282156, 40.519238 ], [ -74.282901, 40.519625 ] ] } },
{ "type": "Feature", "properties": { "id": "1107451331-1793", "name": "Main Street", "class": "secondary", "is_priority": false }, "geometry": { "type": "LineString", "coordinates": [ [ -74.284857, 40.489971 ], [ -74.284496, 40.489805 ] ] } },
{ "type": "Feature", "properties": { "id": "1108393822-1794", "name": "Main Street", "class": "secondary", "is_priority": false }, "geometry": { "type": "LineString", "coordinates": [ [ -74.297754, 40.49682 ], [ -74.297621, 40.496735 ], [ -74.297312, 40.496576 ] ] } },
{ "type": "Feature", "properties": { "id": "1108393823-1795", "name": "", "class": "trunk_link", "is_priority": false }, "geometry": { "type": "LineString", "coordinates": [ [ -74.297738, 40.494493 ], [ -74.297676, 40.494025 ] ] } },
{ "type": "Feature", "properties": { "id": "1113564088-1796", "name": "Elm Street", "class": "residential", "is_priority": false }, "geometry": { "type": "LineString", "coordinates": [ [ -74.273173, 40.512043 ], [ -74.272553, 40.513276 ] ] } },
{ "type": "Feature", "properties": { "id": "1113564089-1797", "name": "Fayette Street", "class": "tertiary", "is_priority": false }, "geometry": { "type": "LineString", "coordinates": [ [ -74.273173, 40.512043 ], [ -74.275391, 40.51266 ] ] } },
{ "type": "Feature", "properties": { "id": "1113564089-1798", "name": "Fayette Street", "class": "tertiary", "is_priority": false }, "geometry": { "type": "LineString", "coordinates": [ [ -74.275391, 40.51266 ], [ -74.277613, 40.513269 ] ] } },
{ "type": "Feature", "properties": { "id": "1113564089-1799", "name": "Fayette Street", "class": "tertiary", "is_priority": false }, "geometry": { "type": "LineString", "coordinates": [ [ -74.277613, 40.513269 ], [ -74.279378, 40.513751 ] ] } },
{ "type": "Feature", "properties": { "id": "1113576660-1800", "name": "Radford Ferry Road", "class": "residential", "is_priority": false }, "geometry": { "type": "LineString", "coordinates": [ [ -74.284683, 40.489444 ], [ -74.28465, 40.489562 ] ] } },
{ "type": "Feature", "properties": { "id": "1113576661-1801", "name": "Radford Ferry Road", "class": "residential", "is_priority": false }, "geometry": { "type": "LineString", "coordinates": [ [ -74.28465, 40.489562 ], [ -74.2846, 40.489672 ], [ -74.284496, 40.489805 ] ] } },
{ "type": "Feature", "properties": { "id": "1126930511-1802", "name": "Convery Boulevard", "class": "secondary", "is_priority": false }, "geometry": { "type": "LineString", "coordinates": [ [ -74.283076, 40.51945 ], [ -74.282901, 40.519625 ] ] } },
{ "type": "Feature", "properties": { "id": "1126930513-1803", "name": "New Brunswick Avenue", "class": "tertiary", "is_priority": false }, "geometry": { "type": "LineString", "coordinates": [ [ -74.283112, 40.519736 ], [ -74.285059, 40.520755 ] ] } },
{ "type": "Feature", "properties": { "id": "1126930513-1804", "name": "New Brunswick Avenue", "class": "tertiary", "is_priority": false }, "geometry": { "type": "LineString", "coordinates": [ [ -74.285059, 40.520755 ], [ -74.287006, 40.521774 ] ] } },
{ "type": "Feature", "properties": { "id": "1126930513-1805", "name": "New Brunswick Avenue", "class": "tertiary", "is_priority": false }, "geometry": { "type": "LineString", "coordinates": [ [ -74.287006, 40.521774 ], [ -74.287478, 40.522022 ], [ -74.287708, 40.522118 ], [ -74.289164, 40.522465 ] ] } },
{ "type": "Feature", "properties": { "id": "1126930513-1806", "name": "New Brunswick Avenue", "class": "tertiary", "is_priority": false }, "geometry": { "type": "LineString", "coordinates": [ [ -74.289164, 40.522465 ], [ -74.290299, 40.522731 ] ] } },
{ "type": "Feature", "properties": { "id": "1127497647-1807", "name": "", "class": "motorway_link", "is_priority": false }, "geometry": { "type": "LineString", "coordinates": [ [ -74.299549, 40.495399 ], [ -74.299471, 40.495519 ], [ -74.299263, 40.495682 ] ] } },
{ "type": "Feature", "properties": { "id": "1140765764-1808", "name": "State Street", "class": "tertiary", "is_priority": false }, "geometry": { "type": "LineString", "coordinates": [ [ -74.259652, 40.541081 ], [ -74.259193, 40.54175 ] ] } },
{ "type": "Feature", "properties": { "id": "1140765765-1809", "name": "State Street", "class": "tertiary", "is_priority": false }, "geometry": { "type": "LineString", "coordinates": [ [ -74.259832, 40.540817 ], [ -74.259652, 40.541081 ] ] } },
{ "type": "Feature", "properties": { "id": "1140765766-1810", "name": "State Street", "class": "tertiary", "is_priority": false }, "geometry": { "type": "LineString", "coordinates": [ [ -74.26051, 40.539821 ], [ -74.260317, 40.540111 ] ] } },
{ "type": "Feature", "properties": { "id": "1140765767-1811", "name": "State Street", "class": "tertiary", "is_priority": false }, "geometry": { "type": "LineString", "coordinates": [ [ -74.261078, 40.539005 ], [ -74.26051, 40.539821 ] ] } },
{ "type": "Feature", "properties": { "id": "1148203924-1812", "name": "", "class": "motorway", "is_priority": true }, "geometry": { "type": "LineString", "coordinates": [ [ -74.297333, 40.533232 ], [ -74.297177, 40.534108 ] ] } },
{ "type": "Feature", "properties": { "id": "1148203925-1813", "name": "", "class": "motorway", "is_priority": true }, "geometry": { "type": "LineString", "coordinates": [ [ -74.297177, 40.534108 ], [ -74.296987, 40.534841 ] ] } },
{ "type": "Feature", "properties": { "id": "1148205387-1814", "name": "", "class": "trunk", "is_priority": true }, "geometry": { "type": "LineString", "coordinates": [ [ -74.296619, 40.535807 ], [ -74.296309, 40.536437 ] ] } },
{ "type": "Feature", "properties": { "id": "1166003528-1815", "name": "", "class": "trunk_link", "is_priority": false }, "geometry": { "type": "LineString", "coordinates": [ [ -74.293614, 40.539542 ], [ -74.293739, 40.539649 ], [ -74.293756, 40.539715 ], [ -74.29374, 40.539785 ] ] } },
{ "type": "Feature", "properties": { "id": "1166003529-1816", "name": "", "class": "trunk_link", "is_priority": false }, "geometry": { "type": "LineString", "coordinates": [ [ -74.292112, 40.541861 ], [ -74.291899, 40.542025 ], [ -74.291806, 40.542049 ], [ -74.291642, 40.54205 ] ] } },
{ "type": "Feature", "properties": { "id": "1166003530-1817", "name": "", "class": "trunk_link", "is_priority": false }, "geometry": { "type": "LineString", "coordinates": [ [ -74.291642, 40.54205 ], [ -74.291743, 40.542139 ], [ -74.291799, 40.542228 ], [ -74.291806, 40.542311 ], [ -74.291766, 40.542577 ] ] } },
{ "type": "Feature", "properties": { "id": "1173213544-1818", "name": "Florida Grove Road", "class": "tertiary", "is_priority": false }, "geometry": { "type": "LineString", "coordinates": [ [ -74.290434, 40.519297 ], [ -74.290448, 40.5196 ], [ -74.290361, 40.520245 ] ] } },
{ "type": "Feature", "properties": { "id": "1173988468-1819", "name": "Amboy Avenue", "class": "tertiary", "is_priority": false }, "geometry": { "type": "LineString", "coordinates": [ [ -74.275053, 40.528041 ], [ -74.27498, 40.528218 ] ] } },
{ "type": "Feature", "properties": { "id": "1201662646-1820", "name": "Schindler Drive", "class": "residential", "is_priority": false }, "geometry": { "type": "LineString", "coordinates": [ [ -74.279239, 40.487663 ], [ -74.279076, 40.48745 ] ] } },
{ "type": "Feature", "properties": { "id": "1213098574-1821", "name": "Maurer Road", "class": "tertiary", "is_priority": false }, "geometry": { "type": "LineString", "coordinates": [ [ -74.269219, 40.536642 ], [ -74.271519, 40.536234 ] ] } },
{ "type": "Feature", "properties": { "id": "1213098574-1822", "name": "Maurer Road", "class": "tertiary", "is_priority": false }, "geometry": { "type": "LineString", "coordinates": [ [ -74.271519, 40.536234 ], [ -74.27162, 40.536216 ] ] } },
{ "type": "Feature", "properties": { "id": "1213098575-1823", "name": "Maurer Road", "class": "tertiary", "is_priority": false }, "geometry": { "type": "LineString", "coordinates": [ [ -74.269031, 40.536686 ], [ -74.269219, 40.536642 ] ] } },
{ "type": "Feature", "properties": { "id": "1219730440-1824", "name": "Zambory Street", "class": "residential", "is_priority": false }, "geometry": { "type": "LineString", "coordinates": [ [ -74.278157, 40.529605 ], [ -74.278197, 40.529471 ] ] } },
{ "type": "Feature", "properties": { "id": "1219730441-1825", "name": "Zambory Street", "class": "residential", "is_priority": false }, "geometry": { "type": "LineString", "coordinates": [ [ -74.277732, 40.52997 ], [ -74.277873, 40.529959 ], [ -74.27799, 40.529883 ], [ -74.278092, 40.529758 ], [ -74.278157, 40.529605 ] ] } },
{ "type": "Feature", "properties": { "id": "1257276118-1826", "name": "Garden State Parkway", "class": "motorway_link", "is_priority": false }, "geometry": { "type": "LineString", "coordinates": [ [ -74.301245, 40.50254 ], [ -74.301176, 40.503738 ] ] } },
{ "type": "Feature", "properties": { "id": "1267193334-1827", "name": "Radford Ferry Road", "class": "residential", "is_priority": false }, "geometry": { "type": "LineString", "coordinates": [ [ -74.281073, 40.488116 ], [ -74.28163, 40.488108 ], [ -74.281949, 40.488124 ], [ -74.282046, 40.488108 ] ] } },
{ "type": "Feature", "properties": { "id": "1267193335-1828", "name": "Radford Ferry Road", "class": "residential", "is_priority": false }, "geometry": { "type": "LineString", "coordinates": [ [ -74.282046, 40.488108 ], [ -74.281919, 40.48805 ], [ -74.281419, 40.488027 ], [ -74.281067, 40.488036 ] ] } },
{ "type": "Feature", "properties": { "id": "1267193336-1829", "name": "Schindler Drive", "class": "residential", "is_priority": false }, "geometry": { "type": "LineString", "coordinates": [ [ -74.281067, 40.488036 ], [ -74.281073, 40.488116 ] ] } },
{ "type": "Feature", "properties": { "id": "1267205502-1830", "name": "Oak Street", "class": "secondary_link", "is_priority": false }, "geometry": { "type": "LineString", "coordinates": [ [ -74.295126, 40.494718 ], [ -74.295053, 40.494787 ] ] } },
{ "type": "Feature", "properties": { "id": "1267205503-1831", "name": "Main Street", "class": "secondary", "is_priority": false }, "geometry": { "type": "LineString", "coordinates": [ [ -74.295126, 40.494718 ], [ -74.294794, 40.494523 ], [ -74.294378, 40.494304 ] ] } },
{ "type": "Feature", "properties": { "id": "1306959152-1832", "name": "Grove Street", "class": "tertiary", "is_priority": false }, "geometry": { "type": "LineString", "coordinates": [ [ -74.275115, 40.527894 ], [ -74.274588, 40.527774 ] ] } },
{ "type": "Feature", "properties": { "id": "1306959153-1833", "name": "", "class": "motorway_link", "is_priority": false }, "geometry": { "type": "LineString", "coordinates": [ [ -74.273026, 40.527333 ], [ -74.27216, 40.527055 ] ] } },
{ "type": "Feature", "properties": { "id": "1306963921-1834", "name": "Outerbridge Crossing", "class": "motorway", "is_priority": true }, "geometry": { "type": "LineString", "coordinates": [ [ -74.246796, 40.524839 ], [ -74.24915, 40.524709 ] ] } },
{ "type": "Feature", "properties": { "id": "1306963921-1835", "name": "Outerbridge Crossing", "class": "motorway", "is_priority": true }, "geometry": { "type": "LineString", "coordinates": [ [ -74.24915, 40.524709 ], [ -74.251505, 40.524578 ] ] } },
{ "type": "Feature", "properties": { "id": "1306963921-1836", "name": "Outerbridge Crossing", "class": "motorway", "is_priority": true }, "geometry": { "type": "LineString", "coordinates": [ [ -74.251505, 40.524578 ], [ -74.251839, 40.52456 ] ] } },
{ "type": "Feature", "properties": { "id": "1306963922-1837", "name": "Outerbridge Crossing", "class": "motorway", "is_priority": true }, "geometry": { "type": "LineString", "coordinates": [ [ -74.251825, 40.524486 ], [ -74.24947, 40.524616 ] ] } },
{ "type": "Feature", "properties": { "id": "1306963922-1838", "name": "Outerbridge Crossing", "class": "motorway", "is_priority": true }, "geometry": { "type": "LineString", "coordinates": [ [ -74.24947, 40.524616 ], [ -74.247115, 40.524747 ] ] } },
{ "type": "Feature", "properties": { "id": "1306963922-1839", "name": "Outerbridge Crossing", "class": "motorway", "is_priority": true }, "geometry": { "type": "LineString", "coordinates": [ [ -74.247115, 40.524747 ], [ -74.246781, 40.524765 ] ] } },
{ "type": "Feature", "properties": { "id": "1311424748-1840", "name": "East William Street", "class": "residential", "is_priority": false }, "geometry": { "type": "LineString", "coordinates": [ [ -74.301757, 40.523752 ], [ -74.300913, 40.523555 ] ] } },
{ "type": "Feature", "properties": { "id": "1312703913-1841", "name": "", "class": "motorway", "is_priority": true }, "geometry": { "type": "LineString", "coordinates": [ [ -74.278684, 40.529009 ], [ -74.27794, 40.52892 ], [ -74.27748, 40.528843 ], [ -74.276928, 40.52873 ], [ -74.276392, 40.528595 ] ] } },
{ "type": "Feature", "properties": { "id": "1312703913-1842", "name": "", "class": "motorway", "is_priority": true }, "geometry": { "type": "LineString", "coordinates": [ [ -74.276392, 40.528595 ], [ -74.275719, 40.528393 ], [ -74.274231, 40.52787 ] ] } },
{ "type": "Feature", "properties": { "id": "1312703913-1843", "name": "", "class": "motorway", "is_priority": true }, "geometry": { "type": "LineString", "coordinates": [ [ -74.274231, 40.52787 ], [ -74.272093, 40.527106 ] ] } },
{ "type": "Feature", "properties": { "id": "1312703913-1844", "name": "", "class": "motorway", "is_priority": true }, "geometry": { "type": "LineString", "coordinates": [ [ -74.272093, 40.527106 ], [ -74.271832, 40.527013 ] ] } },
{ "type": "Feature", "properties": { "id": "1364938642-1845", "name": "Convery Boulevard", "class": "secondary", "is_priority": false }, "geometry": { "type": "LineString", "coordinates": [ [ -74.286056, 40.515575 ], [ -74.285821, 40.516087 ], [ -74.285662, 40.516384 ], [ -74.285446, 40.516667 ], [ -74.285022, 40.517139 ] ] } },
{ "type": "Feature", "properties": { "id": "1365624616-1846", "name": "Smith Street", "class": "secondary", "is_priority": false }, "geometry": { "type": "LineString", "coordinates": [ [ -74.296543, 40.515544 ], [ -74.296792, 40.515559 ] ] } },
{ "type": "Feature", "properties": { "id": "1365624617-1847", "name": "Smith Street", "class": "secondary", "is_priority": false }, "geometry": { "type": "LineString", "coordinates": [ [ -74.298408, 40.515206 ], [ -74.298, 40.515361 ], [ -74.297714, 40.51544 ] ] } },
{ "type": "Feature", "properties": { "id": "1371855380-1848", "name": "Main Street", "class": "secondary", "is_priority": false }, "geometry": { "type": "LineString", "coordinates": [ [ -74.286573, 40.490764 ], [ -74.285765, 40.490391 ] ] } },
{ "type": "Feature", "properties": { "id": "1371855381-1849", "name": "Main Street", "class": "secondary", "is_priority": false }, "geometry": { "type": "LineString", "coordinates": [ [ -74.285202, 40.490131 ], [ -74.284857, 40.489971 ] ] } },
{ "type": "Feature", "properties": { "id": "1385087949-1850", "name": "Main Street", "class": "secondary", "is_priority": false }, "geometry": { "type": "LineString", "coordinates": [ [ -74.292434, 40.493412 ], [ -74.291982, 40.493205 ] ] } },
{ "type": "Feature", "properties": { "id": "1390520351-1851", "name": "Morris Street", "class": "residential", "is_priority": false }, "geometry": { "type": "LineString", "coordinates": [ [ -74.288816, 40.515781 ], [ -74.288893, 40.515905 ], [ -74.288951, 40.516056 ], [ -74.288941, 40.516157 ] ] } },
{ "type": "Feature", "properties": { "id": "1390862796-1852", "name": "", "class": "trunk", "is_priority": true }, "geometry": { "type": "LineString", "coordinates": [ [ -74.297371, 40.493055 ], [ -74.297364, 40.493089 ] ] } },
{ "type": "Feature", "properties": { "id": "1396743514-1853", "name": "Convery Boulevard", "class": "secondary", "is_priority": false }, "geometry": { "type": "LineString", "coordinates": [ [ -74.28369, 40.518766 ], [ -74.283076, 40.51945 ] ] } },
{ "type": "Feature", "properties": { "id": "1396743515-1854", "name": "Convery Boulevard", "class": "secondary", "is_priority": false }, "geometry": { "type": "LineString", "coordinates": [ [ -74.283996, 40.518414 ], [ -74.28369, 40.518766 ] ] } },
{ "type": "Feature", "properties": { "id": "1416566768-1855", "name": "Main Street", "class": "secondary", "is_priority": false }, "geometry": { "type": "LineString", "coordinates": [ [ -74.2841, 40.489534 ], [ -74.284027, 40.489453 ] ] } },
{ "type": "Feature", "properties": { "id": "1420315164-1856", "name": "West Pond Road/Route 184", "class": "secondary", "is_priority": false }, "geometry": { "type": "LineString", "coordinates": [ [ -74.29116, 40.531937 ], [ -74.29123, 40.531981 ] ] } },
{ "type": "Feature", "properties": { "id": "1420315165-1857", "name": "West Pond Road/Route 184", "class": "secondary", "is_priority": false }, "geometry": { "type": "LineString", "coordinates": [ [ -74.291447, 40.532121 ], [ -74.292424, 40.532735 ], [ -74.29289, 40.532984 ], [ -74.293336, 40.533198 ] ] } },
{ "type": "Feature", "properties": { "id": "1420315165-1858", "name": "West Pond Road/Route 184", "class": "secondary", "is_priority": false }, "geometry": { "type": "LineString", "coordinates": [ [ -74.293336, 40.533198 ], [ -74.294019, 40.533478 ], [ -74.295446, 40.533986 ] ] } },
{ "type": "Feature", "properties": { "id": "1420315167-1859", "name": "West Pond Road/Route 184", "class": "secondary", "is_priority": false }, "geometry": { "type": "LineString", "coordinates": [ [ -74.29123, 40.531981 ], [ -74.291447, 40.532121 ] ] } },
{ "type": "Feature", "properties": { "id": "1425535684-1860", "name": "Route 440 Connector", "class": "secondary", "is_priority": false }, "geometry": { "type": "LineString", "coordinates": [ [ -74.289084, 40.517753 ], [ -74.288802, 40.517823 ], [ -74.288518, 40.517868 ], [ -74.287952, 40.517919 ], [ -74.287384, 40.517929 ], [ -74.286751, 40.51789 ] ] } },
{ "type": "Feature", "properties": { "id": "1425535684-1861", "name": "Route 440 Connector", "class": "secondary", "is_priority": false }, "geometry": { "type": "LineString", "coordinates": [ [ -74.286751, 40.51789 ], [ -74.28611, 40.517794 ], [ -74.285566, 40.517663 ], [ -74.285026, 40.517488 ], [ -74.284541, 40.51729 ] ] } },
{ "type": "Feature", "properties": { "id": "1425535684-1862", "name": "Route 440 Connector", "class": "secondary", "is_priority": false }, "geometry": { "type": "LineString", "coordinates": [ [ -74.284541, 40.51729 ], [ -74.28327, 40.516746 ], [ -74.282503, 40.516382 ] ] } },
{ "type": "Feature", "properties": { "id": "1425535684-1863", "name": "Route 440 Connector", "class": "secondary", "is_priority": false }, "geometry": { "type": "LineString", "coordinates": [ [ -74.282503, 40.516382 ], [ -74.281183, 40.51573 ], [ -74.280541, 40.515381 ] ] } },
{ "type": "Feature", "properties": { "id": "1425535684-1864", "name": "Route 440 Connector", "class": "secondary", "is_priority": false }, "geometry": { "type": "LineString", "coordinates": [ [ -74.280541, 40.515381 ], [ -74.280209, 40.515139 ], [ -74.279493, 40.51449 ] ] } },
{ "type": "Feature", "properties": { "id": "1432174585-1865", "name": "New Jersey Turnpike", "class": "motorway", "is_priority": true }, "geometry": { "type": "LineString", "coordinates": [ [ -74.294167, 40.543714 ], [ -74.296446, 40.543242 ] ] } },
{ "type": "Feature", "properties": { "id": "1432174585-1866", "name": "New Jersey Turnpike", "class": "motorway", "is_priority": true }, "geometry": { "type": "LineString", "coordinates": [ [ -74.296446, 40.543242 ], [ -74.296971, 40.543133 ] ] } },
{ "type": "Feature", "properties": { "id": "1434513200-1867", "name": "Bunns Lane", "class": "unclassified", "is_priority": false }, "geometry": { "type": "LineString", "coordinates": [ [ -74.286324, 40.546737 ], [ -74.28715, 40.546697 ], [ -74.287499, 40.546619 ], [ -74.287816, 40.546497 ], [ -74.287969, 40.546413 ], [ -74.288116, 40.546316 ], [ -74.288395, 40.546065 ] ] } },
{ "type": "Feature", "properties": { "id": "1434513200-1868", "name": "Bunns Lane", "class": "unclassified", "is_priority": false }, "geometry": { "type": "LineString", "coordinates": [ [ -74.288395, 40.546065 ], [ -74.288706, 40.545775 ], [ -74.288846, 40.545671 ], [ -74.289001, 40.545574 ], [ -74.289366, 40.545406 ], [ -74.289586, 40.545335 ], [ -74.289857, 40.545274 ], [ -74.290119, 40.54524 ], [ -74.290379, 40.545226 ] ] } },
{ "type": "Feature", "properties": { "id": "1434513200-1869", "name": "Bunns Lane", "class": "unclassified", "is_priority": false }, "geometry": { "type": "LineString", "coordinates": [ [ -74.290379, 40.545226 ], [ -74.291266, 40.545298 ] ] } },
{ "type": "Feature", "properties": { "id": "1434513288-1870", "name": "King George's Post Road", "class": "secondary", "is_priority": false }, "geometry": { "type": "LineString", "coordinates": [ [ -74.299099, 40.535824 ], [ -74.299366, 40.535724 ], [ -74.299456, 40.535665 ] ] } },
{ "type": "Feature", "properties": { "id": "1434518442-1871", "name": "", "class": "motorway_link", "is_priority": false }, "geometry": { "type": "LineString", "coordinates": [ [ -74.301134, 40.535145 ], [ -74.301433, 40.535202 ], [ -74.301646, 40.535269 ], [ -74.301834, 40.535349 ] ] } },
{ "type": "Feature", "properties": { "id": "1434518443-1872", "name": "", "class": "motorway_link", "is_priority": false }, "geometry": { "type": "LineString", "coordinates": [ [ -74.301016, 40.534452 ], [ -74.301826, 40.535109 ] ] } },
{ "type": "Feature", "properties": { "id": "1434518444-1873", "name": "", "class": "motorway_link", "is_priority": false }, "geometry": { "type": "LineString", "coordinates": [ [ -74.299803, 40.525472 ], [ -74.300118, 40.524699 ], [ -74.300245, 40.524246 ] ] } },
{ "type": "Feature", "properties": { "id": "1434518445-1874", "name": "New Brunswick Avenue", "class": "tertiary", "is_priority": false }, "geometry": { "type": "LineString", "coordinates": [ [ -74.297525, 40.524471 ], [ -74.29876, 40.524765 ] ] } },
{ "type": "Feature", "properties": { "id": "1434518446-1875", "name": "Pennsylvania Avenue", "class": "residential", "is_priority": false }, "geometry": { "type": "LineString", "coordinates": [ [ -74.296852, 40.524308 ], [ -74.296904, 40.524062 ] ] } },
{ "type": "Feature", "properties": { "id": "1434518447-1876", "name": "New Brunswick Avenue", "class": "tertiary", "is_priority": false }, "geometry": { "type": "LineString", "coordinates": [ [ -74.296942, 40.52433 ], [ -74.297525, 40.524471 ] ] } },
{ "type": "Feature", "properties": { "id": "1434518448-1877", "name": "New Brunswick Avenue", "class": "tertiary", "is_priority": false }, "geometry": { "type": "LineString", "coordinates": [ [ -74.296267, 40.524168 ], [ -74.296852, 40.524308 ] ] } },
{ "type": "Feature", "properties": { "id": "1434518449-1878", "name": "New Brunswick Avenue", "class": "tertiary", "is_priority": false }, "geometry": { "type": "LineString", "coordinates": [ [ -74.296852, 40.524308 ], [ -74.296942, 40.52433 ] ] } },
{ "type": "Feature", "properties": { "id": "1434518450-1879", "name": "New Brunswick Avenue", "class": "tertiary", "is_priority": false }, "geometry": { "type": "LineString", "coordinates": [ [ -74.294649, 40.52377 ], [ -74.296267, 40.524168 ] ] } },
{ "type": "Feature", "properties": { "id": "1434518451-1880", "name": "New Brunswick Avenue", "class": "tertiary", "is_priority": false }, "geometry": { "type": "LineString", "coordinates": [ [ -74.293269, 40.52344 ], [ -74.294649, 40.52377 ] ] } },
{ "type": "Feature", "properties": { "id": "1435247369-1881", "name": "", "class": "motorway", "is_priority": true }, "geometry": { "type": "LineString", "coordinates": [ [ -74.298665, 40.525325 ], [ -74.298535, 40.525627 ] ] } },
{ "type": "Feature", "properties": { "id": "1435247370-1882", "name": "", "class": "motorway_link", "is_priority": false }, "geometry": { "type": "LineString", "coordinates": [ [ -74.299558, 40.51911 ], [ -74.299501, 40.519501 ], [ -74.299449, 40.519685 ], [ -74.299395, 40.519798 ], [ -74.299265, 40.519967 ] ] } },
{ "type": "Feature", "properties": { "id": "1435247371-1883", "name": "Smith Street", "class": "secondary", "is_priority": false }, "geometry": { "type": "LineString", "coordinates": [ [ -74.299978, 40.514731 ], [ -74.299588, 40.514781 ], [ -74.299192, 40.514868 ], [ -74.299, 40.514932 ], [ -74.298597, 40.515098 ], [ -74.298408, 40.515206 ] ] } },
{ "type": "Feature", "properties": { "id": "1435247376-1884", "name": "", "class": "motorway", "is_priority": true }, "geometry": { "type": "LineString", "coordinates": [ [ -74.299166, 40.519244 ], [ -74.298398, 40.519313 ] ] } },
{ "type": "Feature", "properties": { "id": "1436333179-1885", "name": "", "class": "motorway_link", "is_priority": false }, "geometry": { "type": "LineString", "coordinates": [ [ -74.297878, 40.496902 ], [ -74.298204, 40.497097 ], [ -74.298437, 40.497309 ] ] } },
{ "type": "Feature", "properties": { "id": "1436333180-1886", "name": "", "class": "motorway_link", "is_priority": false }, "geometry": { "type": "LineString", "coordinates": [ [ -74.297818, 40.496009 ], [ -74.298193, 40.496573 ], [ -74.298446, 40.496809 ] ] } },
{ "type": "Feature", "properties": { "id": "1436333181-1887", "name": "", "class": "trunk_link", "is_priority": false }, "geometry": { "type": "LineString", "coordinates": [ [ -74.297676, 40.494025 ], [ -74.297642, 40.493884 ], [ -74.297609, 40.493534 ] ] } },
{ "type": "Feature", "properties": { "id": "1436333182-1888", "name": "Coleman Street", "class": "unclassified", "is_priority": false }, "geometry": { "type": "LineString", "coordinates": [ [ -74.297958, 40.493797 ], [ -74.298335, 40.493916 ] ] } },
{ "type": "Feature", "properties": { "id": "1436333184-1889", "name": "Victory Plaza", "class": "primary", "is_priority": true }, "geometry": { "type": "LineString", "coordinates": [ [ -74.297754, 40.49682 ], [ -74.297642, 40.497058 ], [ -74.297591, 40.49733 ] ] } },
{ "type": "Feature", "properties": { "id": "1436333185-1890", "name": "Victory Plaza", "class": "primary", "is_priority": true }, "geometry": { "type": "LineString", "coordinates": [ [ -74.297752, 40.497422 ], [ -74.297774, 40.497168 ], [ -74.297878, 40.496902 ] ] } },
{ "type": "Feature", "properties": { "id": "1436333191-1891", "name": "Victory Bridge", "class": "primary", "is_priority": true }, "geometry": { "type": "LineString", "coordinates": [ [ -74.287472, 40.513275 ], [ -74.287948, 40.512605 ] ] } },
{ "type": "Feature", "properties": { "id": "1436333192-1892", "name": "Victory Bridge", "class": "primary", "is_priority": true }, "geometry": { "type": "LineString", "coordinates": [ [ -74.287824, 40.51255 ], [ -74.287436, 40.51309 ] ] } },
{ "type": "Feature", "properties": { "id": "1436333193-1893", "name": "Victory Bridge", "class": "primary", "is_priority": true }, "geometry": { "type": "LineString", "coordinates": [ [ -74.287436, 40.51309 ], [ -74.287343, 40.513219 ] ] } },
{ "type": "Feature", "properties": { "id": "1445227273-1894", "name": "Goodwin Street", "class": "tertiary", "is_priority": false }, "geometry": { "type": "LineString", "coordinates": [ [ -74.27951, 40.513468 ], [ -74.279378, 40.513751 ] ] } },
{ "type": "Feature", "properties": { "id": "1447753196-1895", "name": "", "class": "motorway_link", "is_priority": false }, "geometry": { "type": "LineString", "coordinates": [ [ -74.274837, 40.527974 ], [ -74.274787, 40.52789 ] ] } },
{ "type": "Feature", "properties": { "id": "1447753197-1896", "name": "", "class": "motorway_link", "is_priority": false }, "geometry": { "type": "LineString", "coordinates": [ [ -74.274552, 40.528299 ], [ -74.27467, 40.528306 ] ] } },
{ "type": "Feature", "properties": { "id": "1451277181-1897", "name": "State Street", "class": "tertiary", "is_priority": false }, "geometry": { "type": "LineString", "coordinates": [ [ -74.25882, 40.545917 ], [ -74.259197, 40.546649 ], [ -74.259304, 40.546902 ] ] } },
{ "type": "Feature", "properties": { "id": "1451277182-1898", "name": "State Street", "class": "tertiary", "is_priority": false }, "geometry": { "type": "LineString", "coordinates": [ [ -74.258724, 40.54573 ], [ -74.25882, 40.545917 ] ] } },
{ "type": "Feature", "properties": { "id": "1451277183-1899", "name": "State Street", "class": "tertiary", "is_priority": false }, "geometry": { "type": "LineString", "coordinates": [ [ -74.258639, 40.545556 ], [ -74.258724, 40.54573 ] ] } },
{ "type": "Feature", "properties": { "id": "1451277184-1900", "name": "State Street", "class": "tertiary", "is_priority": false }, "geometry": { "type": "LineString", "coordinates": [ [ -74.258493, 40.545256 ], [ -74.258639, 40.545556 ] ] } },
{ "type": "Feature", "properties": { "id": "1471749924-1901", "name": "Outerbridge Crossing", "class": "motorway", "is_priority": true }, "geometry": { "type": "LineString", "coordinates": [ [ -74.269268, 40.526137 ], [ -74.269187, 40.526109 ] ] } },
{ "type": "Feature", "properties": { "id": "1471749925-1902", "name": "", "class": "motorway", "is_priority": true }, "geometry": { "type": "LineString", "coordinates": [ [ -74.274009, 40.527937 ], [ -74.274664, 40.52817 ] ] } },
{ "type": "Feature", "properties": { "id": "1471749926-1903", "name": "", "class": "motorway", "is_priority": true }, "geometry": { "type": "LineString", "coordinates": [ [ -74.279053, 40.529041 ], [ -74.278684, 40.529009 ] ] } },
{ "type": "Feature", "properties": { "id": "1471749927-1904", "name": "", "class": "motorway_link", "is_priority": false }, "geometry": { "type": "LineString", "coordinates": [ [ -74.279213, 40.52898 ], [ -74.279053, 40.529041 ] ] } },
{ "type": "Feature", "properties": { "id": "1471749928-1905", "name": "", "class": "motorway", "is_priority": true }, "geometry": { "type": "LineString", "coordinates": [ [ -74.270932, 40.526825 ], [ -74.272036, 40.527233 ] ] } },
{ "type": "Feature", "properties": { "id": "1471749929-1906", "name": "", "class": "motorway_link", "is_priority": false }, "geometry": { "type": "LineString", "coordinates": [ [ -74.270511, 40.52655 ], [ -74.270354, 40.526428 ] ] } },
{ "type": "Feature", "properties": { "id": "1471749930-1907", "name": "", "class": "motorway_link", "is_priority": false }, "geometry": { "type": "LineString", "coordinates": [ [ -74.270194, 40.526641 ], [ -74.270402, 40.526632 ] ] } },
{ "type": "Feature", "properties": { "id": "1471749931-1908", "name": "", "class": "motorway_link", "is_priority": false }, "geometry": { "type": "LineString", "coordinates": [ [ -74.27216, 40.527055 ], [ -74.271832, 40.527013 ] ] } },
{ "type": "Feature", "properties": { "id": "1471749932-1909", "name": "", "class": "motorway_link", "is_priority": false }, "geometry": { "type": "LineString", "coordinates": [ [ -74.272036, 40.527233 ], [ -74.272183, 40.52737 ] ] } },
{ "type": "Feature", "properties": { "id": "1471749937-1910", "name": "Outerbridge Crossing", "class": "motorway", "is_priority": true }, "geometry": { "type": "LineString", "coordinates": [ [ -74.257807, 40.524485 ], [ -74.260145, 40.52474 ] ] } },
{ "type": "Feature", "properties": { "id": "1471749937-1911", "name": "Outerbridge Crossing", "class": "motorway", "is_priority": true }, "geometry": { "type": "LineString", "coordinates": [ [ -74.260145, 40.52474 ], [ -74.262482, 40.524994 ] ] } },
{ "type": "Feature", "properties": { "id": "1471749937-1912", "name": "Outerbridge Crossing", "class": "motorway", "is_priority": true }, "geometry": { "type": "LineString", "coordinates": [ [ -74.262482, 40.524994 ], [ -74.26482, 40.525249 ] ] } },
{ "type": "Feature", "properties": { "id": "1471749937-1913", "name": "Outerbridge Crossing", "class": "motorway", "is_priority": true }, "geometry": { "type": "LineString", "coordinates": [ [ -74.26482, 40.525249 ], [ -74.266188, 40.525397 ], [ -74.266611, 40.525455 ], [ -74.267145, 40.525553 ] ] } },
{ "type": "Feature", "properties": { "id": "1471749937-1914", "name": "Outerbridge Crossing", "class": "motorway", "is_priority": true }, "geometry": { "type": "LineString", "coordinates": [ [ -74.267145, 40.525553 ], [ -74.267447, 40.525621 ], [ -74.268118, 40.525813 ], [ -74.269226, 40.526203 ] ] } },
{ "type": "Feature", "properties": { "id": "1471749938-1915", "name": "Outerbridge Crossing", "class": "motorway", "is_priority": true }, "geometry": { "type": "LineString", "coordinates": [ [ -74.251839, 40.52456 ], [ -74.254194, 40.524433 ] ] } },
{ "type": "Feature", "properties": { "id": "1471749938-1916", "name": "Outerbridge Crossing", "class": "motorway", "is_priority": true }, "geometry": { "type": "LineString", "coordinates": [ [ -74.254194, 40.524433 ], [ -74.254207, 40.524433 ] ] } },
{ "type": "Feature", "properties": { "id": "1471858670-1917", "name": "", "class": "motorway_link", "is_priority": false }, "geometry": { "type": "LineString", "coordinates": [ [ -74.28604, 40.527617 ], [ -74.285787, 40.527654 ] ] } },
{ "type": "Feature", "properties": { "id": "1471858671-1918", "name": "", "class": "motorway", "is_priority": true }, "geometry": { "type": "LineString", "coordinates": [ [ -74.285596, 40.527993 ], [ -74.285779, 40.527905 ] ] } },
{ "type": "Feature", "properties": { "id": "1471858672-1919", "name": "", "class": "motorway", "is_priority": true }, "geometry": { "type": "LineString", "coordinates": [ [ -74.285384, 40.528095 ], [ -74.285596, 40.527993 ] ] } },
{ "type": "Feature", "properties": { "id": "1472073456-1920", "name": "", "class": "motorway_link", "is_priority": false }, "geometry": { "type": "LineString", "coordinates": [ [ -74.296907, 40.519989 ], [ -74.29686, 40.519948 ] ] } },
{ "type": "Feature", "properties": { "id": "1472073458-1921", "name": "", "class": "motorway_link", "is_priority": false }, "geometry": { "type": "LineString", "coordinates": [ [ -74.294497, 40.520525 ], [ -74.29489, 40.520443 ] ] } },
{ "type": "Feature", "properties": { "id": "1472073459-1922", "name": "", "class": "motorway_link", "is_priority": false }, "geometry": { "type": "LineString", "coordinates": [ [ -74.289013, 40.525187 ], [ -74.289284, 40.524999 ] ] } },
{ "type": "Feature", "properties": { "id": "1472073460-1923", "name": "Florida Grove Road", "class": "tertiary", "is_priority": false }, "geometry": { "type": "LineString", "coordinates": [ [ -74.290691, 40.531118 ], [ -74.290624, 40.531391 ], [ -74.290547, 40.531542 ] ] } },
{ "type": "Feature", "properties": { "id": "1472073461-1924", "name": "Florida Grove Road", "class": "tertiary", "is_priority": false }, "geometry": { "type": "LineString", "coordinates": [ [ -74.289247, 40.525174 ], [ -74.28948, 40.525515 ] ] } },
{ "type": "Feature", "properties": { "id": "1474499337-1925", "name": "State Street", "class": "tertiary", "is_priority": false }, "geometry": { "type": "LineString", "coordinates": [ [ -74.264144, 40.517823 ], [ -74.263686, 40.517617 ] ] } },
{ "type": "Feature", "properties": { "id": "1474499338-1926", "name": "State Street", "class": "tertiary", "is_priority": false }, "geometry": { "type": "LineString", "coordinates": [ [ -74.264314, 40.5179 ], [ -74.264144, 40.517823 ] ] } },
{ "type": "Feature", "properties": { "id": "1474499526-1927", "name": "New Brunswick Avenue", "class": "tertiary", "is_priority": false }, "geometry": { "type": "LineString", "coordinates": [ [ -74.274087, 40.514233 ], [ -74.274335, 40.514389 ] ] } },
{ "type": "Feature", "properties": { "id": "1474499527-1928", "name": "New Brunswick Avenue", "class": "tertiary", "is_priority": false }, "geometry": { "type": "LineString", "coordinates": [ [ -74.274335, 40.514389 ], [ -74.274583, 40.514545 ] ] } },
{ "type": "Feature", "properties": { "id": "1474529433-1929", "name": "", "class": "motorway_link", "is_priority": false }, "geometry": { "type": "LineString", "coordinates": [ [ -74.299166, 40.519244 ], [ -74.298478, 40.519207 ] ] } },
{ "type": "Feature", "properties": { "id": "1496737010-1930", "name": "Bingle Street", "class": "residential", "is_priority": false }, "geometry": { "type": "LineString", "coordinates": [ [ -74.28682, 40.526085 ], [ -74.287465, 40.52629 ], [ -74.287569, 40.526294 ] ] } },
{ "type": "Feature", "properties": { "id": "1496942445-1931", "name": "Groom Street", "class": "residential", "is_priority": false }, "geometry": { "type": "LineString", "coordinates": [ [ -74.280609, 40.518321 ], [ -74.280494, 40.518457 ], [ -74.280111, 40.519228 ] ] } },
{ "type": "Feature", "properties": { "id": "1496947604-1932", "name": "Herbert Street", "class": "residential", "is_priority": false }, "geometry": { "type": "LineString", "coordinates": [ [ -74.283472, 40.514869 ], [ -74.282865, 40.516161 ] ] } },
{ "type": "Feature", "properties": { "id": "1497059888-1933", "name": "Silzer Street", "class": "residential", "is_priority": false }, "geometry": { "type": "LineString", "coordinates": [ [ -74.282616, 40.514636 ], [ -74.282341, 40.515214 ] ] } },
{ "type": "Feature", "properties": { "id": "1517089490-1934", "name": "Radford Ferry Road", "class": "residential", "is_priority": false }, "geometry": { "type": "LineString", "coordinates": [ [ -74.277432, 40.489429 ], [ -74.277385, 40.489354 ] ] } },
{ "type": "Feature", "properties": { "id": "1536398889-1935", "name": "Convery Boulevard", "class": "secondary", "is_priority": false }, "geometry": { "type": "LineString", "coordinates": [ [ -74.276852, 40.543127 ], [ -74.276838, 40.543604 ] ] } },
{ "type": "Feature", "properties": { "id": "1536398890-1936", "name": "Convery Boulevard", "class": "secondary", "is_priority": false }, "geometry": { "type": "LineString", "coordinates": [ [ -74.276866, 40.54302 ], [ -74.276852, 40.543127 ] ] } }
]
}
