{
"type": "FeatureCollection",
"name": "roads",
"crs": { "type": "name", "properties": { "name": "urn:ogc:def:crs:OGC:1.3:CRS84" } },
"features": [
{ "type": "Feature", "properties": { "id": "11589513-0", "name": "Highland Avenue", "class": "tertiary", "is_priority": false }, "geometry": { "type": "LineString", "coordinates": [ [ -75.073837, 39.94357 ], [ -75.07459, 39.942947 ] ] } },
{ "type": "Feature", "properties": { "id": "11589513-1", "name": "Highland Avenue", "class": "tertiary", "is_priority": false }, "geometry": { "type": "LineString", "coordinates": [ [ -75.074852, 39.942731 ], [ -75.074927, 39.942668 ] ] } },
{ "type": "Feature", "properties": { "id": "11589513-2", "name": "Highland Avenue", "class": "tertiary", "is_priority": false }, "geometry": { "type": "LineString", "coordinates": [ [ -75.075515, 39.94216 ], [ -75.075623, 39.942066 ] ] } },
{ "type": "Feature", "properties": { "id": "11589513-3", "name": "Highland Avenue", "class": "tertiary", "is_priority": false }, "geometry": { "type": "LineString", "coordinates": [ [ -75.076121, 39.941631 ], [ -75.077556, 39.940399 ] ] } },
{ "type": "Feature", "properties": { "id": "11589513-4", "name": "Highland Avenue", "class": "tertiary", "is_priority": false }, "geometry": { "type": "LineString", "coordinates": [ [ -75.079253, 39.93894 ], [ -75.079295, 39.938904 ] ] } },
{ "type": "Feature", "properties": { "id": "11589551-5", "name": "North 5th Street", "class": "residential", "is_priority": false }, "geometry": { "type": "LineString", "coordinates": [ [ -75.120755, 39.946846 ], [ -75.121095, 39.945671 ] ] } },
{ "type": "Feature", "properties": { "id": "11589581-6", "name": "", "class": "motorway_link", "is_priority": false }, "geometry": { "type": "LineString", "coordinates": [ [ -75.113624, 39.945672 ], [ -75.113169, 39.945638 ], [ -75.111872, 39.94562 ], [ -75.111289, 39.945575 ] ] } },
{ "type": "Feature", "properties": { "id": "11589581-7", "name": "", "class": "motorway_link", "is_priority": false }, "geometry": { "type": "LineString", "coordinates": [ [ -75.111289, 39.945575 ], [ -75.110948, 39.945537 ], [ -75.110601, 39.945556 ] ] } },
{ "type": "Feature", "properties": { "id": "11589611-8", "name": "", "class": "motorway_link", "is_priority": false }, "geometry": { "type": "LineString", "coordinates": [ [ -75.116896, 39.912597 ], [ -75.116535, 39.912474 ], [ -75.116439, 39.91241 ], [ -75.11635, 39.91231 ], [ -75.116271, 39.912129 ], [ -75.116149, 39.911664 ], [ -75.11605, 39.911392 ], [ -75.115896, 39.911083 ] ] } },
{ "type": "Feature", "properties": { "id": "11589611-9", "name": "", "class": "motorway_link", "is_priority": false }, "geometry": { "type": "LineString", "coordinates": [ [ -75.115896, 39.911083 ], [ -75.11578, 39.91085 ], [ -75.115462, 39.910451 ] ] } },
{ "type": "Feature", "properties": { "id": "11589616-10", "name": "", "class": "residential", "is_priority": false }, "geometry": { "type": "LineString", "coordinates": [ [ -75.098003, 39.903774 ], [ -75.097721, 39.903563 ] ] } },
{ "type": "Feature", "properties": { "id": "11589617-11", "name": "Rand Street", "class": "residential", "is_priority": false }, "geometry": { "type": "LineString", "coordinates": [ [ -75.094462, 39.943754 ], [ -75.092449, 39.942834 ] ] } },
{ "type": "Feature", "properties": { "id": "11589617-12", "name": "Rand Street", "class": "residential", "is_priority": false }, "geometry": { "type": "LineString", "coordinates": [ [ -75.092449, 39.942834 ], [ -75.091824, 39.942553 ] ] } },
{ "type": "Feature", "properties": { "id": "11589619-13", "name": "", "class": "trunk_link", "is_priority": false }, "geometry": { "type": "LineString", "coordinates": [ [ -75.093698, 39.939824 ], [ -75.093904, 39.939745 ], [ -75.094095, 39.939714 ], [ -75.09426, 39.939725 ], [ -75.094736, 39.939801 ] ] } },
{ "type": "Feature", "properties": { "id": "11589623-14", "name": "", "class": "trunk_link", "is_priority": false }, "geometry": { "type": "LineString", "coordinates": [ [ -75.093758, 39.938334 ], [ -75.093894, 39.93829 ], [ -75.094074, 39.938267 ], [ -75.094202, 39.938287 ], [ -75.094311, 39.938338 ], [ -75.094923, 39.938994 ], [ -75.09498, 39.939119 ], [ -75.094963, 39.939246 ], [ -75.094881, 39.939361 ], [ -75.094725, 39.939441 ] ] } },
{ "type": "Feature", "properties": { "id": "11589623-15", "name": "", "class": "trunk_link", "is_priority": false }, "geometry": { "type": "LineString", "coordinates": [ [ -75.094725, 39.939441 ], [ -75.094509, 39.93945 ], [ -75.094184, 39.939389 ] ] } },
{ "type": "Feature", "properties": { "id": "11589692-16", "name": "North 7th Street", "class": "residential", "is_priority": false }, "geometry": { "type": "LineString", "coordinates": [ [ -75.117719, 39.945022 ], [ -75.117334, 39.946181 ] ] } },
{ "type": "Feature", "properties": { "id": "11589697-17", "name": "South 6th Street", "class": "residential", "is_priority": false }, "geometry": { "type": "LineString", "coordinates": [ [ -75.118052, 39.941636 ], [ -75.118032, 39.942204 ] ] } },
{ "type": "Feature", "properties": { "id": "11589699-18", "name": "", "class": "primary_link", "is_priority": false }, "geometry": { "type": "LineString", "coordinates": [ [ -75.11293, 39.945259 ], [ -75.112602, 39.945042 ], [ -75.112474, 39.944939 ], [ -75.112368, 39.944786 ], [ -75.112346, 39.944687 ], [ -75.112351, 39.944589 ], [ -75.112401, 39.944494 ], [ -75.112492, 39.944418 ], [ -75.112594, 39.944371 ], [ -75.112774, 39.944349 ], [ -75.112889, 39.944368 ], [ -75.113006, 39.944426 ], [ -75.113098, 39.944518 ], [ -75.113169, 39.94465 ] ] } },
{ "type": "Feature", "properties": { "id": "11589710-19", "name": "", "class": "trunk_link", "is_priority": false }, "geometry": { "type": "LineString", "coordinates": [ [ -75.096931, 39.90277 ], [ -75.096812, 39.902986 ], [ -75.096163, 39.90361 ], [ -75.09612, 39.903676 ], [ -75.096084, 39.903801 ] ] } },
{ "type": "Feature", "properties": { "id": "11589723-20", "name": "", "class": "motorway_link", "is_priority": false }, "geometry": { "type": "LineString", "coordinates": [ [ -75.116448, 39.91566 ], [ -75.116487, 39.915032 ], [ -75.116477, 39.914673 ], [ -75.116505, 39.914465 ], [ -75.116573, 39.914314 ], [ -75.116672, 39.914164 ], [ -75.116894, 39.913946 ] ] } },
{ "type": "Feature", "properties": { "id": "11589723-21", "name": "", "class": "motorway_link", "is_priority": false }, "geometry": { "type": "LineString", "coordinates": [ [ -75.116894, 39.913946 ], [ -75.117224, 39.913613 ], [ -75.117306, 39.913481 ], [ -75.117345, 39.913376 ] ] } },
{ "type": "Feature", "properties": { "id": "11589816-22", "name": "", "class": "trunk_link", "is_priority": false }, "geometry": { "type": "LineString", "coordinates": [ [ -75.096174, 39.904861 ], [ -75.096192, 39.904444 ], [ -75.096139, 39.904177 ], [ -75.096149, 39.903995 ] ] } },
{ "type": "Feature", "properties": { "id": "11589871-23", "name": "Wright Avenue", "class": "primary", "is_priority": true }, "geometry": { "type": "LineString", "coordinates": [ [ -75.108136, 39.943857 ], [ -75.107754, 39.943844 ], [ -75.107524, 39.943816 ], [ -75.107304, 39.943727 ], [ -75.107138, 39.943598 ], [ -75.106774, 39.943144 ], [ -75.106477, 39.94285 ] ] } },
{ "type": "Feature", "properties": { "id": "11589902-24", "name": "", "class": "motorway_link", "is_priority": false }, "geometry": { "type": "LineString", "coordinates": [ [ -75.111291, 39.932914 ], [ -75.111179, 39.933172 ], [ -75.111066, 39.933546 ], [ -75.111026, 39.933812 ], [ -75.111071, 39.934208 ], [ -75.111168, 39.934682 ] ] } },
{ "type": "Feature", "properties": { "id": "11589902-25", "name": "", "class": "motorway_link", "is_priority": false }, "geometry": { "type": "LineString", "coordinates": [ [ -75.111168, 39.934682 ], [ -75.111198, 39.93483 ], [ -75.11129, 39.93509 ] ] } },
{ "type": "Feature", "properties": { "id": "11589910-26", "name": "", "class": "motorway_link", "is_priority": false }, "geometry": { "type": "LineString", "coordinates": [ [ -75.111748, 39.903169 ], [ -75.111795, 39.903477 ], [ -75.111773, 39.903561 ], [ -75.111725, 39.903634 ], [ -75.111663, 39.903681 ], [ -75.111517, 39.903726 ], [ -75.11139, 39.903718 ], [ -75.111326, 39.903692 ], [ -75.111203, 39.903596 ], [ -75.111169, 39.903531 ], [ -75.111161, 39.903475 ], [ -75.111264, 39.903222 ], [ -75.111278, 39.90312 ], [ -75.111248, 39.902929 ], [ -75.111177, 39.902782 ] ] } },
{ "type": "Feature", "properties": { "id": "11589910-27", "name": "", "class": "motorway_link", "is_priority": false }, "geometry": { "type": "LineString", "coordinates": [ [ -75.111177, 39.902782 ], [ -75.110845, 39.902334 ], [ -75.110817, 39.902142 ] ] } },
{ "type": "Feature", "properties": { "id": "11589913-28", "name": "", "class": "motorway_link", "is_priority": false }, "geometry": { "type": "LineString", "coordinates": [ [ -75.11118, 39.903662 ], [ -75.111262, 39.90372 ], [ -75.112068, 39.904047 ], [ -75.112214, 39.904135 ], [ -75.112626, 39.904617 ], [ -75.112798, 39.904735 ] ] } },
{ "type": "Feature", "properties": { "id": "11589915-29", "name": "", "class": "motorway_link", "is_priority": false }, "geometry": { "type": "LineString", "coordinates": [ [ -75.113721, 39.905143 ], [ -75.113633, 39.903995 ], [ -75.113677, 39.903344 ] ] } },
{ "type": "Feature", "properties": { "id": "11589915-30", "name": "", "class": "motorway_link", "is_priority": false }, "geometry": { "type": "LineString", "coordinates": [ [ -75.113677, 39.903344 ], [ -75.113704, 39.90317 ], [ -75.113756, 39.903073 ], [ -75.113809, 39.903034 ], [ -75.113985, 39.90298 ] ] } },
{ "type": "Feature", "properties": { "id": "11589920-31", "name": "", "class": "residential", "is_priority": false }, "geometry": { "type": "LineString", "coordinates": [ [ -75.086381, 39.938313 ], [ -75.086985, 39.937811 ] ] } },
{ "type": "Feature", "properties": { "id": "11589965-32", "name": "", "class": "trunk_link", "is_priority": false }, "geometry": { "type": "LineString", "coordinates": [ [ -75.091656, 39.938223 ], [ -75.091477, 39.93802 ], [ -75.09142, 39.937884 ], [ -75.091416, 39.937792 ], [ -75.091443, 39.937695 ], [ -75.091606, 39.937504 ] ] } },
{ "type": "Feature", "properties": { "id": "11589997-33", "name": "", "class": "motorway_link", "is_priority": false }, "geometry": { "type": "LineString", "coordinates": [ [ -75.097842, 39.902054 ], [ -75.098326, 39.901757 ], [ -75.098599, 39.90167 ], [ -75.099013, 39.901588 ], [ -75.099582, 39.901504 ], [ -75.099998, 39.901472 ] ] } },
{ "type": "Feature", "properties": { "id": "11589997-34", "name": "", "class": "motorway_link", "is_priority": false }, "geometry": { "type": "LineString", "coordinates": [ [ -75.099998, 39.901472 ], [ -75.100953, 39.901397 ] ] } },
{ "type": "Feature", "properties": { "id": "11590075-35", "name": "South Delaware Avenue", "class": "tertiary", "is_priority": false }, "geometry": { "type": "LineString", "coordinates": [ [ -75.128062, 39.939224 ], [ -75.12805, 39.939522 ], [ -75.128067, 39.939774 ], [ -75.12816, 39.940079 ], [ -75.128224, 39.94021 ], [ -75.128384, 39.940443 ], [ -75.128761, 39.940892 ] ] } },
{ "type": "Feature", "properties": { "id": "11590075-36", "name": "South Delaware Avenue", "class": "tertiary", "is_priority": false }, "geometry": { "type": "LineString", "coordinates": [ [ -75.128761, 39.940892 ], [ -75.129175, 39.941423 ], [ -75.129318, 39.941731 ], [ -75.129329, 39.941869 ] ] } },
{ "type": "Feature", "properties": { "id": "11590111-37", "name": "", "class": "tertiary", "is_priority": false }, "geometry": { "type": "LineString", "coordinates": [ [ -75.13024, 39.943351 ], [ -75.130325, 39.943339 ], [ -75.130383, 39.943303 ], [ -75.130414, 39.943233 ], [ -75.130405, 39.943189 ], [ -75.130384, 39.943158 ], [ -75.130308, 39.943115 ], [ -75.130227, 39.94311 ], [ -75.130127, 39.943159 ] ] } },
{ "type": "Feature", "properties": { "id": "11590112-38", "name": "", "class": "motorway_link", "is_priority": false }, "geometry": { "type": "LineString", "coordinates": [ [ -75.11509, 39.910099 ], [ -75.115044, 39.910645 ], [ -75.115005, 39.910862 ], [ -75.114948, 39.911015 ], [ -75.114649, 39.911608 ], [ -75.114555, 39.911837 ] ] } },
{ "type": "Feature", "properties": { "id": "11590112-39", "name": "", "class": "motorway_link", "is_priority": false }, "geometry": { "type": "LineString", "coordinates": [ [ -75.114555, 39.911837 ], [ -75.1145, 39.911969 ] ] } },
{ "type": "Feature", "properties": { "id": "11590143-40", "name": "", "class": "trunk_link", "is_priority": false }, "geometry": { "type": "LineString", "coordinates": [ [ -75.090958, 39.938446 ], [ -75.091213, 39.938336 ], [ -75.091302, 39.938327 ], [ -75.091542, 39.938336 ] ] } },
{ "type": "Feature", "properties": { "id": "11590159-41", "name": "", "class": "motorway_link", "is_priority": false }, "geometry": { "type": "LineString", "coordinates": [ [ -75.115906, 39.926703 ], [ -75.115736, 39.92725 ], [ -75.115679, 39.927367 ], [ -75.115498, 39.927595 ], [ -75.115405, 39.927688 ], [ -75.115298, 39.927759 ], [ -75.115134, 39.92783 ], [ -75.114746, 39.927958 ], [ -75.114579, 39.928036 ] ] } },
{ "type": "Feature", "properties": { "id": "11590159-42", "name": "", "class": "motorway_link", "is_priority": false }, "geometry": { "type": "LineString", "coordinates": [ [ -75.114579, 39.928036 ], [ -75.114397, 39.928166 ], [ -75.114287, 39.928273 ], [ -75.114157, 39.928445 ] ] } },
{ "type": "Feature", "properties": { "id": "11590239-43", "name": "", "class": "motorway_link", "is_priority": false }, "geometry": { "type": "LineString", "coordinates": [ [ -75.116244, 39.912699 ], [ -75.116877, 39.912841 ], [ -75.116945, 39.912873 ], [ -75.117034, 39.912934 ], [ -75.117123, 39.913026 ], [ -75.117191, 39.91319 ], [ -75.117184, 39.913347 ], [ -75.117152, 39.913416 ], [ -75.117095, 39.913502 ], [ -75.117006, 39.913569 ], [ -75.116892, 39.913612 ], [ -75.116746, 39.91363 ], [ -75.116614, 39.913608 ], [ -75.116487, 39.913548 ] ] } },
{ "type": "Feature", "properties": { "id": "11590239-44", "name": "", "class": "motorway_link", "is_priority": false }, "geometry": { "type": "LineString", "coordinates": [ [ -75.116487, 39.913548 ], [ -75.116404, 39.913487 ], [ -75.116283, 39.913316 ], [ -75.116105, 39.912929 ] ] } },
{ "type": "Feature", "properties": { "id": "11590270-45", "name": "Walt Whitman Bridge Extension", "class": "motorway", "is_priority": true }, "geometry": { "type": "LineString", "coordinates": [ [ -75.098273, 39.901178 ], [ -75.096285, 39.90102 ] ] } },
{ "type": "Feature", "properties": { "id": "11590296-46", "name": "", "class": "trunk_link", "is_priority": false }, "geometry": { "type": "LineString", "coordinates": [ [ -75.09557, 39.939952 ], [ -75.095303, 39.939767 ], [ -75.095139, 39.939613 ], [ -75.09508, 39.939485 ], [ -75.09507, 39.939147 ], [ -75.095033, 39.939012 ], [ -75.09498, 39.938934 ], [ -75.094514, 39.938424 ] ] } },
{ "type": "Feature", "properties": { "id": "11590296-47", "name": "", "class": "trunk_link", "is_priority": false }, "geometry": { "type": "LineString", "coordinates": [ [ -75.094514, 39.938424 ], [ -75.094393, 39.938282 ], [ -75.094343, 39.938161 ], [ -75.09435, 39.938017 ], [ -75.094407, 39.937826 ] ] } },
{ "type": "Feature", "properties": { "id": "11590311-48", "name": "South Park Drive", "class": "tertiary", "is_priority": false }, "geometry": { "type": "LineString", "coordinates": [ [ -75.084073, 39.924798 ], [ -75.084251, 39.924958 ], [ -75.084347, 39.925091 ], [ -75.084382, 39.925208 ], [ -75.084384, 39.925413 ] ] } },
{ "type": "Feature", "properties": { "id": "11590324-49", "name": "", "class": "motorway_link", "is_priority": false }, "geometry": { "type": "LineString", "coordinates": [ [ -75.113735, 39.94396 ], [ -75.113851, 39.943649 ], [ -75.113958, 39.943478 ], [ -75.114116, 39.943359 ], [ -75.114326, 39.943303 ], [ -75.114478, 39.943304 ], [ -75.114665, 39.943356 ], [ -75.114773, 39.943422 ], [ -75.114842, 39.943496 ], [ -75.114874, 39.943626 ], [ -75.11485, 39.943737 ], [ -75.114764, 39.943838 ], [ -75.114653, 39.943902 ] ] } },
{ "type": "Feature", "properties": { "id": "11590324-50", "name": "", "class": "motorway_link", "is_priority": false }, "geometry": { "type": "LineString", "coordinates": [ [ -75.114653, 39.943902 ], [ -75.114246, 39.944037 ] ] } },
{ "type": "Feature", "properties": { "id": "11590382-51", "name": "", "class": "motorway_link", "is_priority": false }, "geometry": { "type": "LineString", "coordinates": [ [ -75.113958, 39.906152 ], [ -75.113733, 39.905772 ], [ -75.113465, 39.905129 ], [ -75.113262, 39.904765 ], [ -75.113075, 39.904487 ] ] } },
{ "type": "Feature", "properties": { "id": "11590382-52", "name": "", "class": "motorway_link", "is_priority": false }, "geometry": { "type": "LineString", "coordinates": [ [ -75.113075, 39.904487 ], [ -75.112099, 39.903108 ], [ -75.112048, 39.902978 ], [ -75.112044, 39.902883 ] ] } },
{ "type": "Feature", "properties": { "id": "11590382-53", "name": "", "class": "motorway_link", "is_priority": false }, "geometry": { "type": "LineString", "coordinates": [ [ -75.112044, 39.902883 ], [ -75.112056, 39.902787 ], [ -75.112163, 39.902606 ] ] } },
{ "type": "Feature", "properties": { "id": "11590384-54", "name": "Walt Whitman Bridge Extension", "class": "motorway", "is_priority": true }, "geometry": { "type": "LineString", "coordinates": [ [ -75.116347, 39.902925 ], [ -75.115698, 39.902741 ], [ -75.115314, 39.902568 ], [ -75.114949, 39.902362 ], [ -75.11442, 39.901953 ] ] } },
{ "type": "Feature", "properties": { "id": "11590384-55", "name": "Walt Whitman Bridge Extension", "class": "motorway", "is_priority": true }, "geometry": { "type": "LineString", "coordinates": [ [ -75.11442, 39.901953 ], [ -75.113755, 39.901421 ] ] } },
{ "type": "Feature", "properties": { "id": "11590403-56", "name": "", "class": "trunk_link", "is_priority": false }, "geometry": { "type": "LineString", "coordinates": [ [ -75.094258, 39.937862 ], [ -75.094032, 39.937943 ], [ -75.09379, 39.937966 ], [ -75.093655, 39.937942 ], [ -75.093139, 39.937804 ] ] } },
{ "type": "Feature", "properties": { "id": "11590464-57", "name": "", "class": "motorway_link", "is_priority": false }, "geometry": { "type": "LineString", "coordinates": [ [ -75.115463, 39.912591 ], [ -75.115323, 39.91253 ], [ -75.11506, 39.912463 ], [ -75.114782, 39.912293 ], [ -75.114711, 39.912189 ], [ -75.114675, 39.912079 ], [ -75.114672, 39.912011 ], [ -75.114689, 39.911908 ], [ -75.114736, 39.911837 ], [ -75.114821, 39.911755 ], [ -75.114907, 39.911702 ], [ -75.115063, 39.911666 ], [ -75.115217, 39.911663 ], [ -75.115345, 39.911698 ], [ -75.115469, 39.911766 ], [ -75.115509, 39.911809 ] ] } },
{ "type": "Feature", "properties": { "id": "11590464-58", "name": "", "class": "motorway_link", "is_priority": false }, "geometry": { "type": "LineString", "coordinates": [ [ -75.115509, 39.911809 ], [ -75.115737, 39.912142 ] ] } },
{ "type": "Feature", "properties": { "id": "11590485-59", "name": "Haddon Avenue", "class": "primary", "is_priority": true }, "geometry": { "type": "LineString", "coordinates": [ [ -75.088055, 39.922716 ], [ -75.088012, 39.922725 ] ] } },
{ "type": "Feature", "properties": { "id": "11590545-60", "name": "", "class": "motorway_link", "is_priority": false }, "geometry": { "type": "LineString", "coordinates": [ [ -75.114363, 39.946684 ], [ -75.114645, 39.947016 ], [ -75.114945, 39.947315 ] ] } },
{ "type": "Feature", "properties": { "id": "11590552-61", "name": "", "class": "trunk_link", "is_priority": false }, "geometry": { "type": "LineString", "coordinates": [ [ -75.093706, 39.939333 ], [ -75.093808, 39.939471 ], [ -75.093839, 39.939584 ], [ -75.093807, 39.939698 ], [ -75.093698, 39.939824 ] ] } },
{ "type": "Feature", "properties": { "id": "11590561-62", "name": "", "class": "residential", "is_priority": false }, "geometry": { "type": "LineString", "coordinates": [ [ -75.10225, 39.905563 ], [ -75.101882, 39.905693 ] ] } },
{ "type": "Feature", "properties": { "id": "11590593-63", "name": "", "class": "motorway_link", "is_priority": false }, "geometry": { "type": "LineString", "coordinates": [ [ -75.11503, 39.912675 ], [ -75.115341, 39.912806 ], [ -75.115416, 39.91287 ], [ -75.115894, 39.914265 ] ] } },
{ "type": "Feature", "properties": { "id": "11590593-64", "name": "", "class": "motorway_link", "is_priority": false }, "geometry": { "type": "LineString", "coordinates": [ [ -75.115894, 39.914265 ], [ -75.116041, 39.914686 ] ] } },
{ "type": "Feature", "properties": { "id": "11590607-65", "name": "", "class": "secondary_link", "is_priority": false }, "geometry": { "type": "LineString", "coordinates": [ [ -75.088491, 39.922854 ], [ -75.088407, 39.922813 ], [ -75.088334, 39.922729 ], [ -75.088323, 39.922637 ], [ -75.08836, 39.922571 ] ] } },
{ "type": "Feature", "properties": { "id": "11590614-66", "name": "", "class": "secondary", "is_priority": false }, "geometry": { "type": "LineString", "coordinates": [ [ -75.112763, 39.930131 ], [ -75.112923, 39.9307 ], [ -75.112983, 39.930834 ], [ -75.11307, 39.930946 ] ] } },
{ "type": "Feature", "properties": { "id": "11590742-67", "name": "", "class": "motorway_link", "is_priority": false }, "geometry": { "type": "LineString", "coordinates": [ [ -75.113778, 39.930706 ], [ -75.114178, 39.930483 ], [ -75.11553, 39.929514 ] ] } },
{ "type": "Feature", "properties": { "id": "11590742-68", "name": "", "class": "motorway_link", "is_priority": false }, "geometry": { "type": "LineString", "coordinates": [ [ -75.11553, 39.929514 ], [ -75.115861, 39.929255 ] ] } },
{ "type": "Feature", "properties": { "id": "11590773-69", "name": "Walt Whitman Bridge Extension", "class": "motorway", "is_priority": true }, "geometry": { "type": "LineString", "coordinates": [ [ -75.105346, 39.901411 ], [ -75.107685, 39.901364 ] ] } },
{ "type": "Feature", "properties": { "id": "11590773-70", "name": "Walt Whitman Bridge Extension", "class": "motorway", "is_priority": true }, "geometry": { "type": "LineString", "coordinates": [ [ -75.107685, 39.901364 ], [ -75.108638, 39.901345 ], [ -75.109421, 39.9014 ], [ -75.110007, 39.901501 ] ] } },
{ "type": "Feature", "properties": { "id": "11590773-71", "name": "Walt Whitman Bridge Extension", "class": "motorway", "is_priority": true }, "geometry": { "type": "LineString", "coordinates": [ [ -75.110007, 39.901501 ], [ -75.110624, 39.901607 ] ] } },
{ "type": "Feature", "properties": { "id": "11590802-72", "name": "", "class": "motorway_link", "is_priority": false }, "geometry": { "type": "LineString", "coordinates": [ [ -75.119465, 39.948643 ], [ -75.119369, 39.948364 ], [ -75.119304, 39.94823 ], [ -75.119201, 39.948111 ], [ -75.119016, 39.94798 ] ] } },
{ "type": "Feature", "properties": { "id": "11590816-73", "name": "", "class": "motorway_link", "is_priority": false }, "geometry": { "type": "LineString", "coordinates": [ [ -75.116398, 39.92889 ], [ -75.116265, 39.928822 ], [ -75.116178, 39.928756 ], [ -75.116127, 39.928676 ], [ -75.116105, 39.928556 ], [ -75.116281, 39.927512 ], [ -75.116292, 39.92719 ] ] } },
{ "type": "Feature", "properties": { "id": "11590816-74", "name": "", "class": "motorway_link", "is_priority": false }, "geometry": { "type": "LineString", "coordinates": [ [ -75.116292, 39.92719 ], [ -75.116272, 39.926752 ] ] } },
{ "type": "Feature", "properties": { "id": "11590821-75", "name": "", "class": "tertiary_link", "is_priority": false }, "geometry": { "type": "LineString", "coordinates": [ [ -75.107101, 39.913737 ], [ -75.106978, 39.913799 ], [ -75.106302, 39.913959 ] ] } },
{ "type": "Feature", "properties": { "id": "11590900-76", "name": "", "class": "motorway_link", "is_priority": false }, "geometry": { "type": "LineString", "coordinates": [ [ -75.118249, 39.947724 ], [ -75.118167, 39.947616 ], [ -75.118109, 39.947503 ] ] } },
{ "type": "Feature", "properties": { "id": "11590939-77", "name": "", "class": "motorway_link", "is_priority": false }, "geometry": { "type": "LineString", "coordinates": [ [ -75.112688, 39.943812 ], [ -75.112399, 39.943866 ], [ -75.112081, 39.943881 ], [ -75.111885, 39.943854 ], [ -75.111731, 39.943804 ], [ -75.111556, 39.943689 ], [ -75.111457, 39.943552 ], [ -75.111412, 39.943423 ], [ -75.111396, 39.943239 ] ] } },
{ "type": "Feature", "properties": { "id": "11590941-78", "name": "Martin Luther King Jr Boulevard", "class": "primary", "is_priority": true }, "geometry": { "type": "LineString", "coordinates": [ [ -75.11085, 39.942574 ], [ -75.111088, 39.942707 ], [ -75.111339, 39.942777 ] ] } },
{ "type": "Feature", "properties": { "id": "11590948-79", "name": "", "class": "secondary_link", "is_priority": false }, "geometry": { "type": "LineString", "coordinates": [ [ -75.091922, 39.939632 ], [ -75.091986, 39.939866 ], [ -75.092099, 39.940041 ] ] } },
{ "type": "Feature", "properties": { "id": "11590955-80", "name": "Walt Whitman Bridge Extension", "class": "motorway", "is_priority": true }, "geometry": { "type": "LineString", "coordinates": [ [ -75.110624, 39.901607 ], [ -75.111061, 39.901703 ], [ -75.111457, 39.901817 ], [ -75.112797, 39.902268 ] ] } },
{ "type": "Feature", "properties": { "id": "11590955-81", "name": "Walt Whitman Bridge Extension", "class": "motorway", "is_priority": true }, "geometry": { "type": "LineString", "coordinates": [ [ -75.112797, 39.902268 ], [ -75.114039, 39.902652 ] ] } },
{ "type": "Feature", "properties": { "id": "11591017-82", "name": "", "class": "secondary", "is_priority": false }, "geometry": { "type": "LineString", "coordinates": [ [ -75.113531, 39.929328 ], [ -75.112892, 39.929741 ], [ -75.11281, 39.929807 ], [ -75.112733, 39.929909 ] ] } },
{ "type": "Feature", "properties": { "id": "11591065-83", "name": "", "class": "motorway_link", "is_priority": false }, "geometry": { "type": "LineString", "coordinates": [ [ -75.1145, 39.911969 ], [ -75.114326, 39.912312 ], [ -75.114256, 39.912377 ], [ -75.114173, 39.912439 ], [ -75.114028, 39.912497 ], [ -75.113794, 39.912556 ] ] } },
{ "type": "Feature", "properties": { "id": "11591075-84", "name": "Flanders Boulevard", "class": "primary", "is_priority": true }, "geometry": { "type": "LineString", "coordinates": [ [ -75.105554, 39.943973 ], [ -75.105547, 39.943706 ] ] } },
{ "type": "Feature", "properties": { "id": "11591099-85", "name": "", "class": "motorway_link", "is_priority": false }, "geometry": { "type": "LineString", "coordinates": [ [ -75.110029, 39.900253 ], [ -75.109545, 39.900385 ], [ -75.109439, 39.900431 ], [ -75.109335, 39.90049 ], [ -75.109176, 39.900647 ], [ -75.109137, 39.900743 ], [ -75.109124, 39.900882 ], [ -75.109197, 39.901065 ], [ -75.109343, 39.901189 ], [ -75.109548, 39.901263 ] ] } },
{ "type": "Feature", "properties": { "id": "11591101-86", "name": "Mitchell Street", "class": "residential", "is_priority": false }, "geometry": { "type": "LineString", "coordinates": [ [ -75.089488, 39.949018 ], [ -75.088897, 39.949233 ] ] } },
{ "type": "Feature", "properties": { "id": "11591102-87", "name": "Market Street", "class": "tertiary", "is_priority": false }, "geometry": { "type": "LineString", "coordinates": [ [ -75.128265, 39.947055 ], [ -75.129754, 39.94735 ] ] } },
{ "type": "Feature", "properties": { "id": "11591119-88", "name": "", "class": "motorway_link", "is_priority": false }, "geometry": { "type": "LineString", "coordinates": [ [ -75.114886, 39.929006 ], [ -75.114554, 39.928849 ], [ -75.114429, 39.928703 ], [ -75.11439, 39.92854 ], [ -75.114397, 39.928444 ], [ -75.11444, 39.928355 ], [ -75.114504, 39.92828 ], [ -75.114597, 39.928209 ], [ -75.114661, 39.928184 ], [ -75.114796, 39.928177 ], [ -75.114931, 39.928195 ], [ -75.115056, 39.928248 ], [ -75.115138, 39.928316 ], [ -75.115174, 39.928488 ], [ -75.115144, 39.928623 ] ] } },
{ "type": "Feature", "properties": { "id": "11591119-89", "name": "", "class": "motorway_link", "is_priority": false }, "geometry": { "type": "LineString", "coordinates": [ [ -75.115144, 39.928623 ], [ -75.115091, 39.928773 ] ] } },
{ "type": "Feature", "properties": { "id": "11591309-90", "name": "", "class": "motorway_link", "is_priority": false }, "geometry": { "type": "LineString", "coordinates": [ [ -75.111054, 39.932924 ], [ -75.111184, 39.933002 ], [ -75.111226, 39.933062 ] ] } },
{ "type": "Feature", "properties": { "id": "11591435-91", "name": "Jackson Street", "class": "residential", "is_priority": false }, "geometry": { "type": "LineString", "coordinates": [ [ -75.112429, 39.924755 ], [ -75.110778, 39.924875 ] ] } },
{ "type": "Feature", "properties": { "id": "11591437-92", "name": "Jackson Street", "class": "residential", "is_priority": false }, "geometry": { "type": "LineString", "coordinates": [ [ -75.107634, 39.924573 ], [ -75.105502, 39.925198 ] ] } },
{ "type": "Feature", "properties": { "id": "11591438-93", "name": "Jackson Street", "class": "residential", "is_priority": false }, "geometry": { "type": "LineString", "coordinates": [ [ -75.110732, 39.924514 ], [ -75.108404, 39.924696 ] ] } },
{ "type": "Feature", "properties": { "id": "11591438-94", "name": "Jackson Street", "class": "residential", "is_priority": false }, "geometry": { "type": "LineString", "coordinates": [ [ -75.108404, 39.924696 ], [ -75.107675, 39.924751 ] ] } },
{ "type": "Feature", "properties": { "id": "11591439-95", "name": "Jackson Street", "class": "residential", "is_priority": false }, "geometry": { "type": "LineString", "coordinates": [ [ -75.105364, 39.924933 ], [ -75.104029, 39.925012 ], [ -75.103032, 39.925087 ] ] } },
{ "type": "Feature", "properties": { "id": "11591439-96", "name": "Jackson Street", "class": "residential", "is_priority": false }, "geometry": { "type": "LineString", "coordinates": [ [ -75.103032, 39.925087 ], [ -75.100703, 39.92526 ] ] } },
{ "type": "Feature", "properties": { "id": "11591439-97", "name": "Jackson Street", "class": "residential", "is_priority": false }, "geometry": { "type": "LineString", "coordinates": [ [ -75.100703, 39.92526 ], [ -75.099578, 39.92534 ] ] } },
{ "type": "Feature", "properties": { "id": "11591453-98", "name": "Grand Avenue", "class": "residential", "is_priority": false }, "geometry": { "type": "LineString", "coordinates": [ [ -75.084497, 39.942161 ], [ -75.084777, 39.942257 ], [ -75.086522, 39.943062 ] ] } },
{ "type": "Feature", "properties": { "id": "11591453-99", "name": "Grand Avenue", "class": "residential", "is_priority": false }, "geometry": { "type": "LineString", "coordinates": [ [ -75.086522, 39.943062 ], [ -75.087576, 39.943543 ] ] } },
{ "type": "Feature", "properties": { "id": "11591467-100", "name": "Garfield Avenue", "class": "residential", "is_priority": false }, "geometry": { "type": "LineString", "coordinates": [ [ -75.08941, 39.955559 ], [ -75.091423, 39.954639 ] ] } },
{ "type": "Feature", "properties": { "id": "11591467-101", "name": "Garfield Avenue", "class": "residential", "is_priority": false }, "geometry": { "type": "LineString", "coordinates": [ [ -75.091423, 39.954639 ], [ -75.092647, 39.954092 ] ] } },
{ "type": "Feature", "properties": { "id": "11591494-102", "name": "", "class": "trunk_link", "is_priority": false }, "geometry": { "type": "LineString", "coordinates": [ [ -75.090877, 39.938032 ], [ -75.090964, 39.938172 ], [ -75.090986, 39.938238 ], [ -75.090958, 39.938446 ] ] } },
{ "type": "Feature", "properties": { "id": "11591512-103", "name": "Sycamore Street", "class": "residential", "is_priority": false }, "geometry": { "type": "LineString", "coordinates": [ [ -75.12569, 39.931147 ], [ -75.123361, 39.931327 ] ] } },
{ "type": "Feature", "properties": { "id": "11591512-104", "name": "Sycamore Street", "class": "residential", "is_priority": false }, "geometry": { "type": "LineString", "coordinates": [ [ -75.123361, 39.931327 ], [ -75.122062, 39.931427 ] ] } },
{ "type": "Feature", "properties": { "id": "11591514-105", "name": "Sycamore Street", "class": "residential", "is_priority": false }, "geometry": { "type": "LineString", "coordinates": [ [ -75.117669, 39.931731 ], [ -75.115341, 39.931918 ] ] } },
{ "type": "Feature", "properties": { "id": "11591514-106", "name": "Sycamore Street", "class": "residential", "is_priority": false }, "geometry": { "type": "LineString", "coordinates": [ [ -75.115341, 39.931918 ], [ -75.114338, 39.931993 ] ] } },
{ "type": "Feature", "properties": { "id": "11591600-107", "name": "North 6th Street", "class": "residential", "is_priority": false }, "geometry": { "type": "LineString", "coordinates": [ [ -75.118248, 39.949145 ], [ -75.118094, 39.949643 ] ] } },
{ "type": "Feature", "properties": { "id": "11591605-108", "name": "Federal Street", "class": "primary", "is_priority": true }, "geometry": { "type": "LineString", "coordinates": [ [ -75.107897, 39.943992 ], [ -75.108232, 39.944018 ], [ -75.109045, 39.94401 ], [ -75.109639, 39.94408 ], [ -75.110059, 39.944055 ] ] } },
{ "type": "Feature", "properties": { "id": "11591740-109", "name": "White Horse Pike", "class": "primary", "is_priority": true }, "geometry": { "type": "LineString", "coordinates": [ [ -75.089955, 39.921899 ], [ -75.090327, 39.923195 ] ] } },
{ "type": "Feature", "properties": { "id": "11591756-110", "name": "North Constitution Road", "class": "residential", "is_priority": false }, "geometry": { "type": "LineString", "coordinates": [ [ -75.099435, 39.905983 ], [ -75.099547, 39.906157 ], [ -75.099723, 39.906341 ], [ -75.099983, 39.906515 ], [ -75.100165, 39.90661 ], [ -75.100499, 39.906744 ], [ -75.100755, 39.906808 ], [ -75.101099, 39.90686 ], [ -75.101328, 39.90687 ] ] } },
{ "type": "Feature", "properties": { "id": "11591756-111", "name": "North Constitution Road", "class": "residential", "is_priority": false }, "geometry": { "type": "LineString", "coordinates": [ [ -75.101328, 39.90687 ], [ -75.101463, 39.906876 ], [ -75.101528, 39.906853 ], [ -75.10261, 39.90691 ], [ -75.103649, 39.907018 ] ] } },
{ "type": "Feature", "properties": { "id": "11591756-112", "name": "North Constitution Road", "class": "residential", "is_priority": false }, "geometry": { "type": "LineString", "coordinates": [ [ -75.103649, 39.907018 ], [ -75.104934, 39.907198 ] ] } },
{ "type": "Feature", "properties": { "id": "11591778-113", "name": "Linden Street", "class": "residential", "is_priority": false }, "geometry": { "type": "LineString", "coordinates": [ [ -75.127161, 39.950316 ], [ -75.124888, 39.949883 ] ] } },
{ "type": "Feature", "properties": { "id": "11591778-114", "name": "Linden Street", "class": "residential", "is_priority": false }, "geometry": { "type": "LineString", "coordinates": [ [ -75.124888, 39.949883 ], [ -75.123504, 39.949621 ] ] } },
{ "type": "Feature", "properties": { "id": "11591780-115", "name": "", "class": "primary_link", "is_priority": false }, "geometry": { "type": "LineString", "coordinates": [ [ -75.109151, 39.945723 ], [ -75.109093, 39.945799 ], [ -75.109068, 39.945864 ], [ -75.109117, 39.946011 ] ] } },
{ "type": "Feature", "properties": { "id": "11591784-116", "name": "", "class": "motorway_link", "is_priority": false }, "geometry": { "type": "LineString", "coordinates": [ [ -75.117883, 39.948455 ], [ -75.118675, 39.948468 ] ] } },
{ "type": "Feature", "properties": { "id": "11591839-117", "name": "Pershing Street", "class": "residential", "is_priority": false }, "geometry": { "type": "LineString", "coordinates": [ [ -75.100328, 39.927352 ], [ -75.100256, 39.927258 ], [ -75.099964, 39.926699 ], [ -75.099654, 39.926 ], [ -75.099614, 39.92565 ] ] } },
{ "type": "Feature", "properties": { "id": "11591839-118", "name": "Pershing Street", "class": "residential", "is_priority": false }, "geometry": { "type": "LineString", "coordinates": [ [ -75.099614, 39.92565 ], [ -75.099406, 39.923856 ] ] } },
{ "type": "Feature", "properties": { "id": "11591839-119", "name": "Pershing Street", "class": "residential", "is_priority": false }, "geometry": { "type": "LineString", "coordinates": [ [ -75.099406, 39.923856 ], [ -75.099165, 39.922063 ] ] } },
{ "type": "Feature", "properties": { "id": "11591839-120", "name": "Pershing Street", "class": "residential", "is_priority": false }, "geometry": { "type": "LineString", "coordinates": [ [ -75.099165, 39.922063 ], [ -75.099086, 39.921496 ] ] } },
{ "type": "Feature", "properties": { "id": "11591840-121", "name": "Pershing Street", "class": "residential", "is_priority": false }, "geometry": { "type": "LineString", "coordinates": [ [ -75.100075, 39.92945 ], [ -75.099923, 39.928232 ], [ -75.099877, 39.928151 ], [ -75.09969, 39.927976 ], [ -75.099433, 39.927803 ] ] } },
{ "type": "Feature", "properties": { "id": "11591840-122", "name": "Pershing Street", "class": "residential", "is_priority": false }, "geometry": { "type": "LineString", "coordinates": [ [ -75.099433, 39.927803 ], [ -75.099336, 39.927755 ], [ -75.099237, 39.92774 ] ] } },
{ "type": "Feature", "properties": { "id": "11591845-123", "name": "Haddon Avenue", "class": "primary", "is_priority": true }, "geometry": { "type": "LineString", "coordinates": [ [ -75.11639, 39.942542 ], [ -75.11675, 39.943052 ], [ -75.116809, 39.943224 ], [ -75.116836, 39.943524 ] ] } },
{ "type": "Feature", "properties": { "id": "11591846-124", "name": "North 7th Street", "class": "tertiary", "is_priority": false }, "geometry": { "type": "LineString", "coordinates": [ [ -75.116286, 39.949299 ], [ -75.116415, 39.949083 ], [ -75.11645, 39.948948 ], [ -75.116481, 39.948644 ] ] } },
{ "type": "Feature", "properties": { "id": "11591958-125", "name": "High Street", "class": "residential", "is_priority": false }, "geometry": { "type": "LineString", "coordinates": [ [ -75.083639, 39.949892 ], [ -75.085694, 39.949028 ] ] } },
{ "type": "Feature", "properties": { "id": "11591958-126", "name": "High Street", "class": "residential", "is_priority": false }, "geometry": { "type": "LineString", "coordinates": [ [ -75.085694, 39.949028 ], [ -75.087743, 39.948156 ] ] } },
{ "type": "Feature", "properties": { "id": "11591958-127", "name": "High Street", "class": "residential", "is_priority": false }, "geometry": { "type": "LineString", "coordinates": [ [ -75.087743, 39.948156 ], [ -75.089068, 39.947619 ], [ -75.089898, 39.947504 ] ] } },
{ "type": "Feature", "properties": { "id": "11591958-128", "name": "High Street", "class": "residential", "is_priority": false }, "geometry": { "type": "LineString", "coordinates": [ [ -75.089898, 39.947504 ], [ -75.092207, 39.947206 ] ] } },
{ "type": "Feature", "properties": { "id": "11591958-129", "name": "High Street", "class": "residential", "is_priority": false }, "geometry": { "type": "LineString", "coordinates": [ [ -75.092207, 39.947206 ], [ -75.094512, 39.946891 ] ] } },
{ "type": "Feature", "properties": { "id": "11591958-130", "name": "High Street", "class": "residential", "is_priority": false }, "geometry": { "type": "LineString", "coordinates": [ [ -75.094512, 39.946891 ], [ -75.095334, 39.946779 ] ] } },
{ "type": "Feature", "properties": { "id": "11591963-131", "name": "High Street", "class": "residential", "is_priority": false }, "geometry": { "type": "LineString", "coordinates": [ [ -75.081991, 39.950612 ], [ -75.081874, 39.950725 ], [ -75.081768, 39.950785 ], [ -75.080018, 39.951565 ] ] } },
{ "type": "Feature", "properties": { "id": "11591963-132", "name": "High Street", "class": "residential", "is_priority": false }, "geometry": { "type": "LineString", "coordinates": [ [ -75.080018, 39.951565 ], [ -75.078297, 39.952312 ], [ -75.07801, 39.952486 ] ] } },
{ "type": "Feature", "properties": { "id": "11591963-133", "name": "High Street", "class": "residential", "is_priority": false }, "geometry": { "type": "LineString", "coordinates": [ [ -75.07801, 39.952486 ], [ -75.077569, 39.952755 ] ] } },
{ "type": "Feature", "properties": { "id": "11591972-134", "name": "North Atlanta Road", "class": "residential", "is_priority": false }, "geometry": { "type": "LineString", "coordinates": [ [ -75.09763, 39.903753 ], [ -75.097519, 39.903997 ], [ -75.097448, 39.904206 ], [ -75.097356, 39.904671 ], [ -75.097337, 39.904937 ], [ -75.097425, 39.905523 ] ] } },
{ "type": "Feature", "properties": { "id": "11591972-135", "name": "North Atlanta Road", "class": "residential", "is_priority": false }, "geometry": { "type": "LineString", "coordinates": [ [ -75.097425, 39.905523 ], [ -75.097596, 39.906092 ], [ -75.097723, 39.906353 ] ] } },
{ "type": "Feature", "properties": { "id": "11591993-136", "name": "Sheridan Street", "class": "residential", "is_priority": false }, "geometry": { "type": "LineString", "coordinates": [ [ -75.105251, 39.924716 ], [ -75.107429, 39.924057 ] ] } },
{ "type": "Feature", "properties": { "id": "11591993-137", "name": "Sheridan Street", "class": "residential", "is_priority": false }, "geometry": { "type": "LineString", "coordinates": [ [ -75.107429, 39.924057 ], [ -75.107485, 39.924064 ] ] } },
{ "type": "Feature", "properties": { "id": "11591995-138", "name": "Sheridan Street", "class": "residential", "is_priority": false }, "geometry": { "type": "LineString", "coordinates": [ [ -75.107549, 39.924201 ], [ -75.108929, 39.924096 ] ] } },
{ "type": "Feature", "properties": { "id": "11591996-139", "name": "Sheridan Street", "class": "residential", "is_priority": false }, "geometry": { "type": "LineString", "coordinates": [ [ -75.099496, 39.924653 ], [ -75.101826, 39.924487 ] ] } },
{ "type": "Feature", "properties": { "id": "11591996-140", "name": "Sheridan Street", "class": "residential", "is_priority": false }, "geometry": { "type": "LineString", "coordinates": [ [ -75.101826, 39.924487 ], [ -75.104157, 39.924326 ] ] } },
{ "type": "Feature", "properties": { "id": "11591996-141", "name": "Sheridan Street", "class": "residential", "is_priority": false }, "geometry": { "type": "LineString", "coordinates": [ [ -75.104157, 39.924326 ], [ -75.105031, 39.924277 ] ] } },
{ "type": "Feature", "properties": { "id": "11592043-142", "name": "Rose Street", "class": "residential", "is_priority": false }, "geometry": { "type": "LineString", "coordinates": [ [ -75.106288, 39.931103 ], [ -75.106117, 39.929666 ], [ -75.10606, 39.92931 ] ] } },
{ "type": "Feature", "properties": { "id": "11592043-143", "name": "Rose Street", "class": "residential", "is_priority": false }, "geometry": { "type": "LineString", "coordinates": [ [ -75.10606, 39.92931 ], [ -75.105856, 39.927657 ] ] } },
{ "type": "Feature", "properties": { "id": "11592045-144", "name": "Rose Street", "class": "residential", "is_priority": false }, "geometry": { "type": "LineString", "coordinates": [ [ -75.106414, 39.932546 ], [ -75.106315, 39.93184 ] ] } },
{ "type": "Feature", "properties": { "id": "11592083-145", "name": "Stewart Street", "class": "residential", "is_priority": false }, "geometry": { "type": "LineString", "coordinates": [ [ -75.094217, 39.945805 ], [ -75.094585, 39.947497 ] ] } },
{ "type": "Feature", "properties": { "id": "11592133-146", "name": "Porter Road", "class": "residential", "is_priority": false }, "geometry": { "type": "LineString", "coordinates": [ [ -75.109576, 39.904245 ], [ -75.109742, 39.904425 ], [ -75.110064, 39.904899 ], [ -75.110189, 39.905222 ], [ -75.110221, 39.905426 ] ] } },
{ "type": "Feature", "properties": { "id": "11592152-147", "name": "Lansdowne Avenue", "class": "residential", "is_priority": false }, "geometry": { "type": "LineString", "coordinates": [ [ -75.107398, 39.928912 ], [ -75.105068, 39.929083 ] ] } },
{ "type": "Feature", "properties": { "id": "11592152-148", "name": "Lansdowne Avenue", "class": "residential", "is_priority": false }, "geometry": { "type": "LineString", "coordinates": [ [ -75.105068, 39.929083 ], [ -75.102738, 39.929251 ] ] } },
{ "type": "Feature", "properties": { "id": "11592152-149", "name": "Lansdowne Avenue", "class": "residential", "is_priority": false }, "geometry": { "type": "LineString", "coordinates": [ [ -75.102738, 39.929251 ], [ -75.102388, 39.929278 ] ] } },
{ "type": "Feature", "properties": { "id": "11592153-150", "name": "Lansdowne Avenue", "class": "residential", "is_priority": false }, "geometry": { "type": "LineString", "coordinates": [ [ -75.121996, 39.927825 ], [ -75.119666, 39.927992 ] ] } },
{ "type": "Feature", "properties": { "id": "11592153-151", "name": "Lansdowne Avenue", "class": "residential", "is_priority": false }, "geometry": { "type": "LineString", "coordinates": [ [ -75.119666, 39.927992 ], [ -75.117736, 39.928129 ] ] } },
{ "type": "Feature", "properties": { "id": "11592154-152", "name": "Lansdowne Avenue", "class": "residential", "is_priority": false }, "geometry": { "type": "LineString", "coordinates": [ [ -75.112601, 39.928529 ], [ -75.110271, 39.928698 ] ] } },
{ "type": "Feature", "properties": { "id": "11592154-153", "name": "Lansdowne Avenue", "class": "residential", "is_priority": false }, "geometry": { "type": "LineString", "coordinates": [ [ -75.110271, 39.928698 ], [ -75.10953, 39.928755 ] ] } },
{ "type": "Feature", "properties": { "id": "11592161-154", "name": "Fremont Avenue", "class": "residential", "is_priority": false }, "geometry": { "type": "LineString", "coordinates": [ [ -75.080964, 39.94281 ], [ -75.080615, 39.942886 ], [ -75.080449, 39.943003 ], [ -75.079852, 39.94326 ], [ -75.078905, 39.943641 ] ] } },
{ "type": "Feature", "properties": { "id": "11592161-155", "name": "Fremont Avenue", "class": "residential", "is_priority": false }, "geometry": { "type": "LineString", "coordinates": [ [ -75.078905, 39.943641 ], [ -75.076838, 39.944488 ] ] } },
{ "type": "Feature", "properties": { "id": "11592161-156", "name": "Fremont Avenue", "class": "residential", "is_priority": false }, "geometry": { "type": "LineString", "coordinates": [ [ -75.076838, 39.944488 ], [ -75.074779, 39.945344 ] ] } },
{ "type": "Feature", "properties": { "id": "11592161-157", "name": "Fremont Avenue", "class": "residential", "is_priority": false }, "geometry": { "type": "LineString", "coordinates": [ [ -75.074779, 39.945344 ], [ -75.072725, 39.94621 ] ] } },
{ "type": "Feature", "properties": { "id": "11592161-158", "name": "Fremont Avenue", "class": "residential", "is_priority": false }, "geometry": { "type": "LineString", "coordinates": [ [ -75.072725, 39.94621 ], [ -75.072428, 39.946337 ], [ -75.072343, 39.94635 ], [ -75.071725, 39.946588 ], [ -75.070767, 39.947 ], [ -75.070693, 39.947015 ] ] } },
{ "type": "Feature", "properties": { "id": "11592173-159", "name": "Dr Martin Luther King Boulevard", "class": "primary", "is_priority": true }, "geometry": { "type": "LineString", "coordinates": [ [ -75.113835, 39.942707 ], [ -75.114136, 39.942691 ], [ -75.115101, 39.942558 ], [ -75.115626, 39.942516 ] ] } },
{ "type": "Feature", "properties": { "id": "11592174-160", "name": "Mickle Street", "class": "residential", "is_priority": false }, "geometry": { "type": "LineString", "coordinates": [ [ -75.102775, 39.942723 ], [ -75.100474, 39.943058 ] ] } },
{ "type": "Feature", "properties": { "id": "11592174-161", "name": "Mickle Street", "class": "residential", "is_priority": false }, "geometry": { "type": "LineString", "coordinates": [ [ -75.100474, 39.943058 ], [ -75.099802, 39.943155 ] ] } },
{ "type": "Feature", "properties": { "id": "11592176-162", "name": "Mickle Street", "class": "residential", "is_priority": false }, "geometry": { "type": "LineString", "coordinates": [ [ -75.072473, 39.946749 ], [ -75.07324, 39.946613 ], [ -75.074779, 39.946447 ] ] } },
{ "type": "Feature", "properties": { "id": "11592176-163", "name": "Mickle Street", "class": "residential", "is_priority": false }, "geometry": { "type": "LineString", "coordinates": [ [ -75.074779, 39.946447 ], [ -75.076203, 39.946294 ] ] } },
{ "type": "Feature", "properties": { "id": "11592177-164", "name": "Mickle Street", "class": "residential", "is_priority": false }, "geometry": { "type": "LineString", "coordinates": [ [ -75.091295, 39.94445 ], [ -75.090191, 39.944611 ], [ -75.08899, 39.944764 ] ] } },
{ "type": "Feature", "properties": { "id": "11592177-165", "name": "Mickle Street", "class": "residential", "is_priority": false }, "geometry": { "type": "LineString", "coordinates": [ [ -75.08899, 39.944764 ], [ -75.088603, 39.944802 ] ] } },
{ "type": "Feature", "properties": { "id": "11592199-166", "name": "Chestnut Street", "class": "residential", "is_priority": false }, "geometry": { "type": "LineString", "coordinates": [ [ -75.129183, 39.931694 ], [ -75.129036, 39.931675 ], [ -75.127519, 39.931785 ] ] } },
{ "type": "Feature", "properties": { "id": "11592220-167", "name": "Norris Street", "class": "residential", "is_priority": false }, "geometry": { "type": "LineString", "coordinates": [ [ -75.100933, 39.921357 ], [ -75.101175, 39.923149 ] ] } },
{ "type": "Feature", "properties": { "id": "11592220-168", "name": "Norris Street", "class": "residential", "is_priority": false }, "geometry": { "type": "LineString", "coordinates": [ [ -75.101175, 39.923149 ], [ -75.101266, 39.923832 ], [ -75.101383, 39.924944 ] ] } },
{ "type": "Feature", "properties": { "id": "11592220-169", "name": "Norris Street", "class": "residential", "is_priority": false }, "geometry": { "type": "LineString", "coordinates": [ [ -75.101383, 39.924944 ], [ -75.10151, 39.925884 ], [ -75.101603, 39.926738 ] ] } },
{ "type": "Feature", "properties": { "id": "11592220-170", "name": "Norris Street", "class": "residential", "is_priority": false }, "geometry": { "type": "LineString", "coordinates": [ [ -75.101603, 39.926738 ], [ -75.101805, 39.928533 ] ] } },
{ "type": "Feature", "properties": { "id": "11592220-171", "name": "Norris Street", "class": "residential", "is_priority": false }, "geometry": { "type": "LineString", "coordinates": [ [ -75.101805, 39.928533 ], [ -75.101814, 39.928623 ] ] } },
{ "type": "Feature", "properties": { "id": "11592221-172", "name": "Norris Street", "class": "residential", "is_priority": false }, "geometry": { "type": "LineString", "coordinates": [ [ -75.102092, 39.930677 ], [ -75.101932, 39.929316 ] ] } },
{ "type": "Feature", "properties": { "id": "11592224-173", "name": "Raritan Street", "class": "residential", "is_priority": false }, "geometry": { "type": "LineString", "coordinates": [ [ -75.090913, 39.940383 ], [ -75.089975, 39.93994 ], [ -75.089797, 39.939871 ], [ -75.088905, 39.939458 ] ] } },
{ "type": "Feature", "properties": { "id": "11592224-174", "name": "Raritan Street", "class": "residential", "is_priority": false }, "geometry": { "type": "LineString", "coordinates": [ [ -75.088905, 39.939458 ], [ -75.086889, 39.938543 ] ] } },
{ "type": "Feature", "properties": { "id": "11592224-175", "name": "Raritan Street", "class": "residential", "is_priority": false }, "geometry": { "type": "LineString", "coordinates": [ [ -75.086889, 39.938543 ], [ -75.086335, 39.938292 ] ] } },
{ "type": "Feature", "properties": { "id": "11592332-176", "name": "Thorn Street", "class": "residential", "is_priority": false }, "geometry": { "type": "LineString", "coordinates": [ [ -75.098722, 39.926794 ], [ -75.096941, 39.925625 ] ] } },
{ "type": "Feature", "properties": { "id": "11592332-177", "name": "Thorn Street", "class": "residential", "is_priority": false }, "geometry": { "type": "LineString", "coordinates": [ [ -75.096941, 39.925625 ], [ -75.095289, 39.924547 ] ] } },
{ "type": "Feature", "properties": { "id": "11592383-178", "name": "North Merrimac Road", "class": "residential", "is_priority": false }, "geometry": { "type": "LineString", "coordinates": [ [ -75.101528, 39.906853 ], [ -75.101418, 39.906579 ], [ -75.101037, 39.905949 ], [ -75.100805, 39.905517 ], [ -75.100686, 39.905352 ] ] } },
{ "type": "Feature", "properties": { "id": "11592384-179", "name": "North Merrimac Road", "class": "residential", "is_priority": false }, "geometry": { "type": "LineString", "coordinates": [ [ -75.101463, 39.906876 ], [ -75.101486, 39.907032 ], [ -75.101491, 39.907308 ], [ -75.101438, 39.907577 ] ] } },
{ "type": "Feature", "properties": { "id": "11592417-180", "name": "Decatur Street", "class": "residential", "is_priority": false }, "geometry": { "type": "LineString", "coordinates": [ [ -75.098303, 39.923377 ], [ -75.100631, 39.92319 ] ] } },
{ "type": "Feature", "properties": { "id": "11592417-181", "name": "Decatur Street", "class": "residential", "is_priority": false }, "geometry": { "type": "LineString", "coordinates": [ [ -75.100631, 39.92319 ], [ -75.102961, 39.923025 ] ] } },
{ "type": "Feature", "properties": { "id": "11592417-182", "name": "Decatur Street", "class": "residential", "is_priority": false }, "geometry": { "type": "LineString", "coordinates": [ [ -75.102961, 39.923025 ], [ -75.104371, 39.922929 ] ] } },
{ "type": "Feature", "properties": { "id": "11592425-183", "name": "Adams Avenue", "class": "residential", "is_priority": false }, "geometry": { "type": "LineString", "coordinates": [ [ -75.096137, 39.961502 ], [ -75.095959, 39.961603 ], [ -75.094136, 39.962436 ] ] } },
{ "type": "Feature", "properties": { "id": "11592425-184", "name": "Adams Avenue", "class": "residential", "is_priority": false }, "geometry": { "type": "LineString", "coordinates": [ [ -75.094136, 39.962436 ], [ -75.093597, 39.962691 ] ] } },
{ "type": "Feature", "properties": { "id": "11592445-185", "name": "North Congress Road", "class": "residential", "is_priority": false }, "geometry": { "type": "LineString", "coordinates": [ [ -75.106633, 39.908997 ], [ -75.106473, 39.909054 ], [ -75.106254, 39.909087 ], [ -75.106115, 39.909076 ], [ -75.105993, 39.909045 ], [ -75.105903, 39.908998 ], [ -75.105794, 39.908904 ], [ -75.105494, 39.908401 ], [ -75.105359, 39.908233 ], [ -75.105238, 39.908134 ], [ -75.105037, 39.908024 ] ] } },
{ "type": "Feature", "properties": { "id": "11592445-186", "name": "North Congress Road", "class": "residential", "is_priority": false }, "geometry": { "type": "LineString", "coordinates": [ [ -75.105037, 39.908024 ], [ -75.104717, 39.907889 ], [ -75.104214, 39.907764 ], [ -75.103596, 39.907675 ], [ -75.102781, 39.907632 ] ] } },
{ "type": "Feature", "properties": { "id": "11592445-187", "name": "North Congress Road", "class": "residential", "is_priority": false }, "geometry": { "type": "LineString", "coordinates": [ [ -75.102781, 39.907632 ], [ -75.101101, 39.907566 ], [ -75.100702, 39.907541 ], [ -75.10045, 39.9075 ] ] } },
{ "type": "Feature", "properties": { "id": "11592445-188", "name": "North Congress Road", "class": "residential", "is_priority": false }, "geometry": { "type": "LineString", "coordinates": [ [ -75.10045, 39.9075 ], [ -75.100317, 39.907478 ], [ -75.099872, 39.907353 ], [ -75.099725, 39.907302 ], [ -75.099481, 39.907182 ], [ -75.099258, 39.907044 ], [ -75.099084, 39.90691 ], [ -75.098756, 39.906589 ], [ -75.098662, 39.906439 ] ] } },
{ "type": "Feature", "properties": { "id": "11592445-189", "name": "North Congress Road", "class": "residential", "is_priority": false }, "geometry": { "type": "LineString", "coordinates": [ [ -75.098662, 39.906439 ], [ -75.098382, 39.905983 ], [ -75.098249, 39.90564 ], [ -75.098178, 39.905379 ], [ -75.098138, 39.904929 ] ] } },
{ "type": "Feature", "properties": { "id": "11592460-190", "name": "Jefferson Street", "class": "residential", "is_priority": false }, "geometry": { "type": "LineString", "coordinates": [ [ -75.11399, 39.919469 ], [ -75.11165, 39.91943 ] ] } },
{ "type": "Feature", "properties": { "id": "11592460-191", "name": "Jefferson Street", "class": "residential", "is_priority": false }, "geometry": { "type": "LineString", "coordinates": [ [ -75.11165, 39.91943 ], [ -75.10931, 39.919392 ] ] } },
{ "type": "Feature", "properties": { "id": "11592460-192", "name": "Jefferson Street", "class": "residential", "is_priority": false }, "geometry": { "type": "LineString", "coordinates": [ [ -75.10931, 39.919392 ], [ -75.108654, 39.919381 ] ] } },
{ "type": "Feature", "properties": { "id": "11592464-193", "name": "Jefferson Street", "class": "residential", "is_priority": false }, "geometry": { "type": "LineString", "coordinates": [ [ -75.125437, 39.919648 ], [ -75.123097, 39.919613 ] ] } },
{ "type": "Feature", "properties": { "id": "11592464-194", "name": "Jefferson Street", "class": "residential", "is_priority": false }, "geometry": { "type": "LineString", "coordinates": [ [ -75.123097, 39.919613 ], [ -75.120757, 39.919578 ] ] } },
{ "type": "Feature", "properties": { "id": "11592464-195", "name": "Jefferson Street", "class": "residential", "is_priority": false }, "geometry": { "type": "LineString", "coordinates": [ [ -75.120757, 39.919578 ], [ -75.118417, 39.919537 ] ] } },
{ "type": "Feature", "properties": { "id": "11592464-196", "name": "Jefferson Street", "class": "residential", "is_priority": false }, "geometry": { "type": "LineString", "coordinates": [ [ -75.118417, 39.919537 ], [ -75.117207, 39.919527 ] ] } },
{ "type": "Feature", "properties": { "id": "11592487-197", "name": "Denfield Street", "class": "residential", "is_priority": false }, "geometry": { "type": "LineString", "coordinates": [ [ -75.102623, 39.913909 ], [ -75.102627, 39.912573 ], [ -75.102563, 39.9124 ] ] } },
{ "type": "Feature", "properties": { "id": "11592505-198", "name": "Park Boulevard", "class": "tertiary", "is_priority": false }, "geometry": { "type": "LineString", "coordinates": [ [ -75.096238, 39.93257 ], [ -75.096627, 39.93328 ], [ -75.096769, 39.93348 ], [ -75.097011, 39.933728 ], [ -75.097298, 39.933962 ], [ -75.097468, 39.934072 ] ] } },
{ "type": "Feature", "properties": { "id": "11592505-199", "name": "Park Boulevard", "class": "tertiary", "is_priority": false }, "geometry": { "type": "LineString", "coordinates": [ [ -75.097468, 39.934072 ], [ -75.097812, 39.934293 ] ] } },
{ "type": "Feature", "properties": { "id": "11592515-200", "name": "Tioga Street", "class": "residential", "is_priority": false }, "geometry": { "type": "LineString", "coordinates": [ [ -75.107086, 39.923389 ], [ -75.106983, 39.921589 ] ] } },
{ "type": "Feature", "properties": { "id": "11592515-201", "name": "Tioga Street", "class": "residential", "is_priority": false }, "geometry": { "type": "LineString", "coordinates": [ [ -75.106983, 39.921589 ], [ -75.106935, 39.920828 ] ] } },
{ "type": "Feature", "properties": { "id": "11592517-202", "name": "Teal Court", "class": "residential", "is_priority": false }, "geometry": { "type": "LineString", "coordinates": [ [ -75.113525, 39.926519 ], [ -75.113496, 39.926024 ] ] } },
{ "type": "Feature", "properties": { "id": "11592672-203", "name": "Niagara Road", "class": "residential", "is_priority": false }, "geometry": { "type": "LineString", "coordinates": [ [ -75.110085, 39.903929 ], [ -75.109769, 39.904145 ], [ -75.109576, 39.904245 ], [ -75.108025, 39.90475 ] ] } },
{ "type": "Feature", "properties": { "id": "11592672-204", "name": "Niagara Road", "class": "residential", "is_priority": false }, "geometry": { "type": "LineString", "coordinates": [ [ -75.108025, 39.90475 ], [ -75.106955, 39.905114 ] ] } },
{ "type": "Feature", "properties": { "id": "11592699-205", "name": "Cambridge Avenue", "class": "residential", "is_priority": false }, "geometry": { "type": "LineString", "coordinates": [ [ -75.095406, 39.956457 ], [ -75.094157, 39.9557 ] ] } },
{ "type": "Feature", "properties": { "id": "11592717-206", "name": "Monitor Road", "class": "residential", "is_priority": false }, "geometry": { "type": "LineString", "coordinates": [ [ -75.108842, 39.903361 ], [ -75.107833, 39.903698 ], [ -75.107679, 39.903738 ], [ -75.107545, 39.903727 ], [ -75.107246, 39.903641 ] ] } },
{ "type": "Feature", "properties": { "id": "11592718-207", "name": "Monitor Road", "class": "residential", "is_priority": false }, "geometry": { "type": "LineString", "coordinates": [ [ -75.110811, 39.902867 ], [ -75.110515, 39.902958 ] ] } },
{ "type": "Feature", "properties": { "id": "11592769-208", "name": "Yorkship Square", "class": "tertiary", "is_priority": false }, "geometry": { "type": "LineString", "coordinates": [ [ -75.10539, 39.905998 ], [ -75.105377, 39.906045 ], [ -75.105392, 39.906098 ], [ -75.105654, 39.906563 ], [ -75.105733, 39.906594 ], [ -75.105833, 39.906595 ], [ -75.106372, 39.90643 ], [ -75.106481, 39.906378 ], [ -75.106532, 39.906324 ], [ -75.106545, 39.906276 ], [ -75.106348, 39.905921 ] ] } },
{ "type": "Feature", "properties": { "id": "11592769-209", "name": "Yorkship Square", "class": "tertiary", "is_priority": false }, "geometry": { "type": "LineString", "coordinates": [ [ -75.106348, 39.905921 ], [ -75.106222, 39.905729 ] ] } },
{ "type": "Feature", "properties": { "id": "11592775-210", "name": "Church Street", "class": "residential", "is_priority": false }, "geometry": { "type": "LineString", "coordinates": [ [ -75.083472, 39.948367 ], [ -75.082394, 39.946832 ] ] } },
{ "type": "Feature", "properties": { "id": "11592797-211", "name": "Hull Road", "class": "residential", "is_priority": false }, "geometry": { "type": "LineString", "coordinates": [ [ -75.101656, 39.908305 ], [ -75.101677, 39.907953 ] ] } },
{ "type": "Feature", "properties": { "id": "11592874-212", "name": "Benson Street", "class": "residential", "is_priority": false }, "geometry": { "type": "LineString", "coordinates": [ [ -75.115798, 39.940808 ], [ -75.115593, 39.940877 ], [ -75.115063, 39.941203 ] ] } },
{ "type": "Feature", "properties": { "id": "11592949-213", "name": "Filmore Street", "class": "residential", "is_priority": false }, "geometry": { "type": "LineString", "coordinates": [ [ -75.118757, 39.92481 ], [ -75.118751, 39.923484 ] ] } },
{ "type": "Feature", "properties": { "id": "11593052-214", "name": "West Street", "class": "residential", "is_priority": false }, "geometry": { "type": "LineString", "coordinates": [ [ -75.121923, 39.942463 ], [ -75.121992, 39.941697 ], [ -75.122042, 39.940664 ] ] } },
{ "type": "Feature", "properties": { "id": "11593052-215", "name": "West Street", "class": "residential", "is_priority": false }, "geometry": { "type": "LineString", "coordinates": [ [ -75.122042, 39.940664 ], [ -75.122151, 39.938864 ] ] } },
{ "type": "Feature", "properties": { "id": "11593052-216", "name": "West Street", "class": "residential", "is_priority": false }, "geometry": { "type": "LineString", "coordinates": [ [ -75.122151, 39.938864 ], [ -75.122221, 39.937892 ] ] } },
{ "type": "Feature", "properties": { "id": "11593074-217", "name": "Ferry Avenue", "class": "tertiary", "is_priority": false }, "geometry": { "type": "LineString", "coordinates": [ [ -75.127608, 39.928806 ], [ -75.126809, 39.928175 ], [ -75.126004, 39.927495 ] ] } },
{ "type": "Feature", "properties": { "id": "11593074-218", "name": "Ferry Avenue", "class": "tertiary", "is_priority": false }, "geometry": { "type": "LineString", "coordinates": [ [ -75.126004, 39.927495 ], [ -75.12444, 39.926154 ] ] } },
{ "type": "Feature", "properties": { "id": "11593074-219", "name": "Ferry Avenue", "class": "tertiary", "is_priority": false }, "geometry": { "type": "LineString", "coordinates": [ [ -75.12444, 39.926154 ], [ -75.122885, 39.924807 ] ] } },
{ "type": "Feature", "properties": { "id": "11593074-220", "name": "Ferry Avenue", "class": "tertiary", "is_priority": false }, "geometry": { "type": "LineString", "coordinates": [ [ -75.122885, 39.924807 ], [ -75.121311, 39.923473 ] ] } },
{ "type": "Feature", "properties": { "id": "11593074-221", "name": "Ferry Avenue", "class": "tertiary", "is_priority": false }, "geometry": { "type": "LineString", "coordinates": [ [ -75.121311, 39.923473 ], [ -75.119736, 39.922141 ] ] } },
{ "type": "Feature", "properties": { "id": "11593074-222", "name": "Ferry Avenue", "class": "tertiary", "is_priority": false }, "geometry": { "type": "LineString", "coordinates": [ [ -75.119736, 39.922141 ], [ -75.119713, 39.922122 ] ] } },
{ "type": "Feature", "properties": { "id": "11593205-223", "name": "Wheatland Court", "class": "residential", "is_priority": false }, "geometry": { "type": "LineString", "coordinates": [ [ -75.113033, 39.927612 ], [ -75.112751, 39.927302 ], [ -75.112713, 39.927128 ] ] } },
{ "type": "Feature", "properties": { "id": "11593233-224", "name": "Morgan Street", "class": "secondary", "is_priority": false }, "geometry": { "type": "LineString", "coordinates": [ [ -75.118044, 39.912681 ], [ -75.117419, 39.912691 ] ] } },
{ "type": "Feature", "properties": { "id": "11593238-225", "name": "Belleview Avenue", "class": "residential", "is_priority": false }, "geometry": { "type": "LineString", "coordinates": [ [ -75.099667, 39.933132 ], [ -75.097335, 39.933289 ] ] } },
{ "type": "Feature", "properties": { "id": "11593238-226", "name": "Belleview Avenue", "class": "residential", "is_priority": false }, "geometry": { "type": "LineString", "coordinates": [ [ -75.097335, 39.933289 ], [ -75.096854, 39.933334 ], [ -75.096706, 39.933392 ] ] } },
{ "type": "Feature", "properties": { "id": "11593295-227", "name": "Oak Walk", "class": "residential", "is_priority": false }, "geometry": { "type": "LineString", "coordinates": [ [ -75.111092, 39.911556 ], [ -75.110982, 39.911485 ], [ -75.110885, 39.911396 ], [ -75.110896, 39.911161 ] ] } },
{ "type": "Feature", "properties": { "id": "11593345-228", "name": "North 27th Street", "class": "secondary", "is_priority": false }, "geometry": { "type": "LineString", "coordinates": [ [ -75.086658, 39.946375 ], [ -75.087876, 39.947914 ] ] } },
{ "type": "Feature", "properties": { "id": "11593345-229", "name": "North 27th Street", "class": "secondary", "is_priority": false }, "geometry": { "type": "LineString", "coordinates": [ [ -75.087876, 39.947914 ], [ -75.089079, 39.94946 ] ] } },
{ "type": "Feature", "properties": { "id": "11593345-230", "name": "North 27th Street", "class": "secondary", "is_priority": false }, "geometry": { "type": "LineString", "coordinates": [ [ -75.089079, 39.94946 ], [ -75.089318, 39.949759 ] ] } },
{ "type": "Feature", "properties": { "id": "11593354-231", "name": "South 38th Street", "class": "residential", "is_priority": false }, "geometry": { "type": "LineString", "coordinates": [ [ -75.070999, 39.948049 ], [ -75.071002, 39.947969 ], [ -75.070693, 39.947015 ] ] } },
{ "type": "Feature", "properties": { "id": "11593368-232", "name": "Ormond Avenue", "class": "residential", "is_priority": false }, "geometry": { "type": "LineString", "coordinates": [ [ -75.097756, 39.931665 ], [ -75.097712, 39.931351 ], [ -75.097682, 39.931307 ], [ -75.09632, 39.930326 ] ] } },
{ "type": "Feature", "properties": { "id": "11593368-233", "name": "Ormond Avenue", "class": "residential", "is_priority": false }, "geometry": { "type": "LineString", "coordinates": [ [ -75.09632, 39.930326 ], [ -75.094613, 39.929094 ] ] } },
{ "type": "Feature", "properties": { "id": "11593368-234", "name": "Ormond Avenue", "class": "residential", "is_priority": false }, "geometry": { "type": "LineString", "coordinates": [ [ -75.094613, 39.929094 ], [ -75.093449, 39.928255 ] ] } },
{ "type": "Feature", "properties": { "id": "11593416-235", "name": "Jones Street", "class": "residential", "is_priority": false }, "geometry": { "type": "LineString", "coordinates": [ [ -75.091528, 39.942965 ], [ -75.091824, 39.942553 ], [ -75.092401, 39.941832 ], [ -75.092696, 39.941404 ] ] } },
{ "type": "Feature", "properties": { "id": "11593416-236", "name": "Jones Street", "class": "residential", "is_priority": false }, "geometry": { "type": "LineString", "coordinates": [ [ -75.092696, 39.941404 ], [ -75.093237, 39.940676 ] ] } },
{ "type": "Feature", "properties": { "id": "11593463-237", "name": "South 2nd Street", "class": "tertiary", "is_priority": false }, "geometry": { "type": "LineString", "coordinates": [ [ -75.126507, 39.939086 ], [ -75.126761, 39.937294 ] ] } },
{ "type": "Feature", "properties": { "id": "11593463-238", "name": "South 2nd Street", "class": "tertiary", "is_priority": false }, "geometry": { "type": "LineString", "coordinates": [ [ -75.126761, 39.937294 ], [ -75.127022, 39.935504 ] ] } },
{ "type": "Feature", "properties": { "id": "11593463-239", "name": "South 2nd Street", "class": "tertiary", "is_priority": false }, "geometry": { "type": "LineString", "coordinates": [ [ -75.127022, 39.935504 ], [ -75.127155, 39.934575 ] ] } },
{ "type": "Feature", "properties": { "id": "11593504-240", "name": "North 28th Street", "class": "residential", "is_priority": false }, "geometry": { "type": "LineString", "coordinates": [ [ -75.084581, 39.946599 ], [ -75.085212, 39.947637 ] ] } },
{ "type": "Feature", "properties": { "id": "11593506-241", "name": "North 28th Street", "class": "residential", "is_priority": false }, "geometry": { "type": "LineString", "coordinates": [ [ -75.096137, 39.961502 ], [ -75.096058, 39.96133 ], [ -75.095766, 39.960975 ], [ -75.095732, 39.960911 ] ] } },
{ "type": "Feature", "properties": { "id": "11593508-242", "name": "North 28th Street", "class": "residential", "is_priority": false }, "geometry": { "type": "LineString", "coordinates": [ [ -75.085706, 39.947428 ], [ -75.08683, 39.949009 ] ] } },
{ "type": "Feature", "properties": { "id": "11593508-243", "name": "North 28th Street", "class": "residential", "is_priority": false }, "geometry": { "type": "LineString", "coordinates": [ [ -75.08683, 39.949009 ], [ -75.087445, 39.949868 ] ] } },
{ "type": "Feature", "properties": { "id": "11593513-244", "name": "Morrison Street", "class": "residential", "is_priority": false }, "geometry": { "type": "LineString", "coordinates": [ [ -75.085871, 39.949769 ], [ -75.083787, 39.950073 ] ] } },
{ "type": "Feature", "properties": { "id": "11593526-245", "name": "Walnut Street", "class": "residential", "is_priority": false }, "geometry": { "type": "LineString", "coordinates": [ [ -75.110694, 39.934317 ], [ -75.110399, 39.934346 ] ] } },
{ "type": "Feature", "properties": { "id": "11593527-246", "name": "Walnut Street", "class": "residential", "is_priority": false }, "geometry": { "type": "LineString", "coordinates": [ [ -75.107404, 39.93507 ], [ -75.106245, 39.936133 ], [ -75.105912, 39.936459 ] ] } },
{ "type": "Feature", "properties": { "id": "11593527-247", "name": "Walnut Street", "class": "residential", "is_priority": false }, "geometry": { "type": "LineString", "coordinates": [ [ -75.105912, 39.936459 ], [ -75.104711, 39.937592 ] ] } },
{ "type": "Feature", "properties": { "id": "11593531-248", "name": "Walnut Street", "class": "residential", "is_priority": false }, "geometry": { "type": "LineString", "coordinates": [ [ -75.129028, 39.933061 ], [ -75.126695, 39.933215 ] ] } },
{ "type": "Feature", "properties": { "id": "11593531-249", "name": "Walnut Street", "class": "residential", "is_priority": false }, "geometry": { "type": "LineString", "coordinates": [ [ -75.126695, 39.933215 ], [ -75.124364, 39.933378 ] ] } },
{ "type": "Feature", "properties": { "id": "11593531-250", "name": "Walnut Street", "class": "residential", "is_priority": false }, "geometry": { "type": "LineString", "coordinates": [ [ -75.124364, 39.933378 ], [ -75.122033, 39.933538 ] ] } },
{ "type": "Feature", "properties": { "id": "11593531-251", "name": "Walnut Street", "class": "residential", "is_priority": false }, "geometry": { "type": "LineString", "coordinates": [ [ -75.122033, 39.933538 ], [ -75.119702, 39.933702 ] ] } },
{ "type": "Feature", "properties": { "id": "11593531-252", "name": "Walnut Street", "class": "residential", "is_priority": false }, "geometry": { "type": "LineString", "coordinates": [ [ -75.119702, 39.933702 ], [ -75.11737, 39.933858 ] ] } },
{ "type": "Feature", "properties": { "id": "11593531-253", "name": "Walnut Street", "class": "residential", "is_priority": false }, "geometry": { "type": "LineString", "coordinates": [ [ -75.11737, 39.933858 ], [ -75.11504, 39.93403 ] ] } },
{ "type": "Feature", "properties": { "id": "11593531-254", "name": "Walnut Street", "class": "residential", "is_priority": false }, "geometry": { "type": "LineString", "coordinates": [ [ -75.11504, 39.93403 ], [ -75.112709, 39.934193 ] ] } },
{ "type": "Feature", "properties": { "id": "11593531-255", "name": "Walnut Street", "class": "residential", "is_priority": false }, "geometry": { "type": "LineString", "coordinates": [ [ -75.112709, 39.934193 ], [ -75.111971, 39.934244 ] ] } },
{ "type": "Feature", "properties": { "id": "11593591-256", "name": "Morse Street", "class": "residential", "is_priority": false }, "geometry": { "type": "LineString", "coordinates": [ [ -75.092867, 39.944336 ], [ -75.090848, 39.943424 ] ] } },
{ "type": "Feature", "properties": { "id": "11593591-257", "name": "Morse Street", "class": "residential", "is_priority": false }, "geometry": { "type": "LineString", "coordinates": [ [ -75.090848, 39.943424 ], [ -75.088836, 39.942502 ] ] } },
{ "type": "Feature", "properties": { "id": "11593591-258", "name": "Morse Street", "class": "residential", "is_priority": false }, "geometry": { "type": "LineString", "coordinates": [ [ -75.088836, 39.942502 ], [ -75.086825, 39.94158 ] ] } },
{ "type": "Feature", "properties": { "id": "11593591-259", "name": "Morse Street", "class": "residential", "is_priority": false }, "geometry": { "type": "LineString", "coordinates": [ [ -75.086825, 39.94158 ], [ -75.084824, 39.940645 ] ] } },
{ "type": "Feature", "properties": { "id": "11593591-260", "name": "Morse Street", "class": "residential", "is_priority": false }, "geometry": { "type": "LineString", "coordinates": [ [ -75.084824, 39.940645 ], [ -75.08402, 39.940269 ] ] } },
{ "type": "Feature", "properties": { "id": "11593636-261", "name": "Admiral Wilson Boulevard", "class": "trunk", "is_priority": true }, "geometry": { "type": "LineString", "coordinates": [ [ -75.105796, 39.942527 ], [ -75.106115, 39.942848 ], [ -75.106461, 39.943284 ] ] } },
{ "type": "Feature", "properties": { "id": "11593639-262", "name": "Admiral Wilson Boulevard", "class": "motorway", "is_priority": true }, "geometry": { "type": "LineString", "coordinates": [ [ -75.118517, 39.947962 ], [ -75.117906, 39.947818 ] ] } },
{ "type": "Feature", "properties": { "id": "11593666-263", "name": "Trenton Avenue", "class": "residential", "is_priority": false }, "geometry": { "type": "LineString", "coordinates": [ [ -75.114999, 39.940301 ], [ -75.114582, 39.939872 ] ] } },
{ "type": "Feature", "properties": { "id": "11593679-264", "name": "Reeves Avenue", "class": "residential", "is_priority": false }, "geometry": { "type": "LineString", "coordinates": [ [ -75.090733, 39.958866 ], [ -75.089397, 39.957387 ] ] } },
{ "type": "Feature", "properties": { "id": "11593679-265", "name": "Reeves Avenue", "class": "residential", "is_priority": false }, "geometry": { "type": "LineString", "coordinates": [ [ -75.089397, 39.957387 ], [ -75.088753, 39.956666 ] ] } },
{ "type": "Feature", "properties": { "id": "11593710-266", "name": "Crestfair Drive", "class": "residential", "is_priority": false }, "geometry": { "type": "LineString", "coordinates": [ [ -75.112248, 39.910795 ], [ -75.112795, 39.910619 ] ] } },
{ "type": "Feature", "properties": { "id": "11593725-267", "name": "Fountain Avenue", "class": "residential", "is_priority": false }, "geometry": { "type": "LineString", "coordinates": [ [ -75.078827, 39.943673 ], [ -75.076817, 39.942749 ] ] } },
{ "type": "Feature", "properties": { "id": "11593725-268", "name": "Fountain Avenue", "class": "residential", "is_priority": false }, "geometry": { "type": "LineString", "coordinates": [ [ -75.076817, 39.942749 ], [ -75.075515, 39.94216 ] ] } },
{ "type": "Feature", "properties": { "id": "11593735-269", "name": "North 40th Street", "class": "residential", "is_priority": false }, "geometry": { "type": "LineString", "coordinates": [ [ -75.071082, 39.95324 ], [ -75.071777, 39.953871 ], [ -75.072568, 39.954633 ] ] } },
{ "type": "Feature", "properties": { "id": "11593735-270", "name": "North 40th Street", "class": "residential", "is_priority": false }, "geometry": { "type": "LineString", "coordinates": [ [ -75.072568, 39.954633 ], [ -75.074042, 39.956033 ] ] } },
{ "type": "Feature", "properties": { "id": "11593735-271", "name": "North 40th Street", "class": "residential", "is_priority": false }, "geometry": { "type": "LineString", "coordinates": [ [ -75.074042, 39.956033 ], [ -75.074495, 39.956454 ] ] } },
{ "type": "Feature", "properties": { "id": "11593746-272", "name": "North 29th Street", "class": "residential", "is_priority": false }, "geometry": { "type": "LineString", "coordinates": [ [ -75.084558, 39.947919 ], [ -75.085679, 39.949501 ] ] } },
{ "type": "Feature", "properties": { "id": "11593746-273", "name": "North 29th Street", "class": "residential", "is_priority": false }, "geometry": { "type": "LineString", "coordinates": [ [ -75.085679, 39.949501 ], [ -75.085871, 39.949769 ] ] } },
{ "type": "Feature", "properties": { "id": "11593749-274", "name": "North 29th Street", "class": "residential", "is_priority": false }, "geometry": { "type": "LineString", "coordinates": [ [ -75.093181, 39.960483 ], [ -75.091984, 39.958934 ] ] } },
{ "type": "Feature", "properties": { "id": "11593749-275", "name": "North 29th Street", "class": "residential", "is_priority": false }, "geometry": { "type": "LineString", "coordinates": [ [ -75.091984, 39.958934 ], [ -75.091364, 39.958132 ], [ -75.090814, 39.957374 ] ] } },
{ "type": "Feature", "properties": { "id": "11593749-276", "name": "North 29th Street", "class": "residential", "is_priority": false }, "geometry": { "type": "LineString", "coordinates": [ [ -75.090814, 39.957374 ], [ -75.09034, 39.956737 ], [ -75.089912, 39.956236 ], [ -75.08961, 39.955829 ] ] } },
{ "type": "Feature", "properties": { "id": "11593749-277", "name": "North 29th Street", "class": "residential", "is_priority": false }, "geometry": { "type": "LineString", "coordinates": [ [ -75.08961, 39.955829 ], [ -75.088957, 39.954975 ], [ -75.088481, 39.954389 ] ] } },
{ "type": "Feature", "properties": { "id": "11593750-278", "name": "North 29th Street", "class": "residential", "is_priority": false }, "geometry": { "type": "LineString", "coordinates": [ [ -75.085586, 39.949929 ], [ -75.086776, 39.951481 ] ] } },
{ "type": "Feature", "properties": { "id": "11593750-279", "name": "North 29th Street", "class": "residential", "is_priority": false }, "geometry": { "type": "LineString", "coordinates": [ [ -75.086776, 39.951481 ], [ -75.087261, 39.952106 ] ] } },
{ "type": "Feature", "properties": { "id": "11593763-280", "name": "Waldorf Avenue", "class": "residential", "is_priority": false }, "geometry": { "type": "LineString", "coordinates": [ [ -75.080692, 39.939556 ], [ -75.079127, 39.940896 ] ] } },
{ "type": "Feature", "properties": { "id": "11593763-281", "name": "Waldorf Avenue", "class": "residential", "is_priority": false }, "geometry": { "type": "LineString", "coordinates": [ [ -75.079127, 39.940896 ], [ -75.078119, 39.941753 ], [ -75.077684, 39.942306 ] ] } },
{ "type": "Feature", "properties": { "id": "11593763-282", "name": "Waldorf Avenue", "class": "residential", "is_priority": false }, "geometry": { "type": "LineString", "coordinates": [ [ -75.077684, 39.942306 ], [ -75.076755, 39.943508 ] ] } },
{ "type": "Feature", "properties": { "id": "11593764-283", "name": "Waldorf Avenue", "class": "residential", "is_priority": false }, "geometry": { "type": "LineString", "coordinates": [ [ -75.081013, 39.939697 ], [ -75.081045, 39.939666 ] ] } },
{ "type": "Feature", "properties": { "id": "11593774-284", "name": "Cleveland Avenue", "class": "unclassified", "is_priority": false }, "geometry": { "type": "LineString", "coordinates": [ [ -75.08444, 39.95677 ], [ -75.085561, 39.955838 ], [ -75.085807, 39.955654 ], [ -75.086092, 39.9555 ] ] } },
{ "type": "Feature", "properties": { "id": "11593774-285", "name": "Cleveland Avenue", "class": "unclassified", "is_priority": false }, "geometry": { "type": "LineString", "coordinates": [ [ -75.086092, 39.9555 ], [ -75.086435, 39.955349 ] ] } },
{ "type": "Feature", "properties": { "id": "11593830-286", "name": "Harrison Avenue", "class": "residential", "is_priority": false }, "geometry": { "type": "LineString", "coordinates": [ [ -75.105454, 39.950456 ], [ -75.104025, 39.951883 ] ] } },
{ "type": "Feature", "properties": { "id": "11593830-287", "name": "Harrison Avenue", "class": "residential", "is_priority": false }, "geometry": { "type": "LineString", "coordinates": [ [ -75.104025, 39.951883 ], [ -75.102611, 39.953319 ] ] } },
{ "type": "Feature", "properties": { "id": "11593830-288", "name": "Harrison Avenue", "class": "residential", "is_priority": false }, "geometry": { "type": "LineString", "coordinates": [ [ -75.102611, 39.953319 ], [ -75.101793, 39.954157 ], [ -75.101165, 39.954736 ] ] } },
{ "type": "Feature", "properties": { "id": "11593830-289", "name": "Harrison Avenue", "class": "residential", "is_priority": false }, "geometry": { "type": "LineString", "coordinates": [ [ -75.101165, 39.954736 ], [ -75.100804, 39.955076 ] ] } },
{ "type": "Feature", "properties": { "id": "11593834-290", "name": "Harrison Avenue", "class": "residential", "is_priority": false }, "geometry": { "type": "LineString", "coordinates": [ [ -75.093629, 39.961058 ], [ -75.092954, 39.961385 ], [ -75.092821, 39.961435 ], [ -75.092625, 39.961485 ], [ -75.091466, 39.96169 ] ] } },
{ "type": "Feature", "properties": { "id": "11593834-291", "name": "Harrison Avenue", "class": "residential", "is_priority": false }, "geometry": { "type": "LineString", "coordinates": [ [ -75.091466, 39.96169 ], [ -75.091219, 39.961742 ], [ -75.089511, 39.962663 ] ] } },
{ "type": "Feature", "properties": { "id": "11593834-292", "name": "Harrison Avenue", "class": "residential", "is_priority": false }, "geometry": { "type": "LineString", "coordinates": [ [ -75.089511, 39.962663 ], [ -75.08827, 39.96332 ], [ -75.087595, 39.963699 ] ] } },
{ "type": "Feature", "properties": { "id": "11593834-293", "name": "Harrison Avenue", "class": "residential", "is_priority": false }, "geometry": { "type": "LineString", "coordinates": [ [ -75.087595, 39.963699 ], [ -75.085689, 39.964746 ] ] } },
{ "type": "Feature", "properties": { "id": "11593834-294", "name": "Harrison Avenue", "class": "residential", "is_priority": false }, "geometry": { "type": "LineString", "coordinates": [ [ -75.085689, 39.964746 ], [ -75.085015, 39.965106 ] ] } },
{ "type": "Feature", "properties": { "id": "11593838-295", "name": "Chambers Avenue", "class": "residential", "is_priority": false }, "geometry": { "type": "LineString", "coordinates": [ [ -75.116686, 39.940802 ], [ -75.116724, 39.9392 ] ] } },
{ "type": "Feature", "properties": { "id": "11593843-296", "name": "Tuckahoe Road", "class": "residential", "is_priority": false }, "geometry": { "type": "LineString", "coordinates": [ [ -75.110127, 39.906029 ], [ -75.110329, 39.905935 ], [ -75.110531, 39.905781 ], [ -75.110698, 39.905603 ], [ -75.110789, 39.905425 ], [ -75.110862, 39.905083 ], [ -75.110857, 39.904938 ], [ -75.110813, 39.90475 ], [ -75.110658, 39.904467 ] ] } },
{ "type": "Feature", "properties": { "id": "11593843-297", "name": "Tuckahoe Road", "class": "residential", "is_priority": false }, "geometry": { "type": "LineString", "coordinates": [ [ -75.110658, 39.904467 ], [ -75.110458, 39.904215 ], [ -75.11033, 39.904093 ], [ -75.110085, 39.903929 ], [ -75.109798, 39.90377 ], [ -75.109359, 39.903595 ], [ -75.108859, 39.903369 ] ] } },
{ "type": "Feature", "properties": { "id": "11593843-298", "name": "Tuckahoe Road", "class": "residential", "is_priority": false }, "geometry": { "type": "LineString", "coordinates": [ [ -75.108859, 39.903369 ], [ -75.108712, 39.903233 ], [ -75.108457, 39.902949 ] ] } },
{ "type": "Feature", "properties": { "id": "11593869-299", "name": "South Park Drive", "class": "tertiary", "is_priority": false }, "geometry": { "type": "LineString", "coordinates": [ [ -75.084073, 39.924798 ], [ -75.08404, 39.924773 ] ] } },
{ "type": "Feature", "properties": { "id": "11593875-300", "name": "Kenwood Avenue", "class": "residential", "is_priority": false }, "geometry": { "type": "LineString", "coordinates": [ [ -75.100396, 39.932433 ], [ -75.102206, 39.933575 ] ] } },
{ "type": "Feature", "properties": { "id": "11593875-301", "name": "Kenwood Avenue", "class": "residential", "is_priority": false }, "geometry": { "type": "LineString", "coordinates": [ [ -75.102206, 39.933575 ], [ -75.102792, 39.933932 ], [ -75.104016, 39.934717 ] ] } },
{ "type": "Feature", "properties": { "id": "11593875-302", "name": "Kenwood Avenue", "class": "residential", "is_priority": false }, "geometry": { "type": "LineString", "coordinates": [ [ -75.104016, 39.934717 ], [ -75.104429, 39.934993 ], [ -75.10582, 39.935866 ] ] } },
{ "type": "Feature", "properties": { "id": "11593875-303", "name": "Kenwood Avenue", "class": "residential", "is_priority": false }, "geometry": { "type": "LineString", "coordinates": [ [ -75.10582, 39.935866 ], [ -75.106245, 39.936133 ] ] } },
{ "type": "Feature", "properties": { "id": "11593960-304", "name": "Pierce Avenue", "class": "residential", "is_priority": false }, "geometry": { "type": "LineString", "coordinates": [ [ -75.10314, 39.94986 ], [ -75.102737, 39.951073 ], [ -75.102683, 39.951164 ], [ -75.102343, 39.95153 ] ] } },
{ "type": "Feature", "properties": { "id": "11593960-305", "name": "Pierce Avenue", "class": "residential", "is_priority": false }, "geometry": { "type": "LineString", "coordinates": [ [ -75.102343, 39.95153 ], [ -75.101736, 39.952132 ] ] } },
{ "type": "Feature", "properties": { "id": "11593965-306", "name": "Pierce Avenue", "class": "residential", "is_priority": false }, "geometry": { "type": "LineString", "coordinates": [ [ -75.083831, 39.963565 ], [ -75.085744, 39.962526 ] ] } },
{ "type": "Feature", "properties": { "id": "11593965-307", "name": "Pierce Avenue", "class": "residential", "is_priority": false }, "geometry": { "type": "LineString", "coordinates": [ [ -75.085744, 39.962526 ], [ -75.087654, 39.961483 ] ] } },
{ "type": "Feature", "properties": { "id": "11593965-308", "name": "Pierce Avenue", "class": "residential", "is_priority": false }, "geometry": { "type": "LineString", "coordinates": [ [ -75.087654, 39.961483 ], [ -75.089568, 39.960446 ] ] } },
{ "type": "Feature", "properties": { "id": "11593965-309", "name": "Pierce Avenue", "class": "residential", "is_priority": false }, "geometry": { "type": "LineString", "coordinates": [ [ -75.089568, 39.960446 ], [ -75.090609, 39.959888 ], [ -75.091582, 39.959539 ] ] } },
{ "type": "Feature", "properties": { "id": "11593965-310", "name": "Pierce Avenue", "class": "residential", "is_priority": false }, "geometry": { "type": "LineString", "coordinates": [ [ -75.091582, 39.959539 ], [ -75.092271, 39.959299 ] ] } },
{ "type": "Feature", "properties": { "id": "11593985-311", "name": "Orchard Street", "class": "residential", "is_priority": false }, "geometry": { "type": "LineString", "coordinates": [ [ -75.108176, 39.934099 ], [ -75.107894, 39.933523 ], [ -75.107761, 39.932453 ] ] } },
{ "type": "Feature", "properties": { "id": "11593989-312", "name": "Mitchell Street", "class": "residential", "is_priority": false }, "geometry": { "type": "LineString", "coordinates": [ [ -75.088897, 39.949233 ], [ -75.087445, 39.949868 ] ] } },
{ "type": "Feature", "properties": { "id": "11593990-313", "name": "Mitchell Street", "class": "residential", "is_priority": false }, "geometry": { "type": "LineString", "coordinates": [ [ -75.080421, 39.953003 ], [ -75.078601, 39.953798 ] ] } },
{ "type": "Feature", "properties": { "id": "11594071-314", "name": "Watson Street", "class": "residential", "is_priority": false }, "geometry": { "type": "LineString", "coordinates": [ [ -75.094134, 39.944171 ], [ -75.094779, 39.94337 ], [ -75.09481, 39.943268 ] ] } },
{ "type": "Feature", "properties": { "id": "11594081-315", "name": "South 17th Street", "class": "residential", "is_priority": false }, "geometry": { "type": "LineString", "coordinates": [ [ -75.100138, 39.944572 ], [ -75.09996, 39.943879 ], [ -75.099717, 39.9428 ] ] } },
{ "type": "Feature", "properties": { "id": "11594081-316", "name": "South 17th Street", "class": "residential", "is_priority": false }, "geometry": { "type": "LineString", "coordinates": [ [ -75.099717, 39.9428 ], [ -75.099601, 39.942319 ] ] } },
{ "type": "Feature", "properties": { "id": "11594100-317", "name": "South Crescent Boulevard", "class": "trunk", "is_priority": true }, "geometry": { "type": "LineString", "coordinates": [ [ -75.067154, 39.948296 ], [ -75.067645, 39.947195 ], [ -75.06783, 39.946824 ] ] } },
{ "type": "Feature", "properties": { "id": "11594102-318", "name": "South Crescent Boulevard", "class": "trunk", "is_priority": true }, "geometry": { "type": "LineString", "coordinates": [ [ -75.085199, 39.924178 ], [ -75.084804, 39.924681 ], [ -75.084384, 39.925413 ], [ -75.084235, 39.925811 ] ] } },
{ "type": "Feature", "properties": { "id": "11594102-319", "name": "South Crescent Boulevard", "class": "trunk", "is_priority": true }, "geometry": { "type": "LineString", "coordinates": [ [ -75.084235, 39.925811 ], [ -75.084052, 39.926478 ] ] } },
{ "type": "Feature", "properties": { "id": "11594218-320", "name": "Pfeiffer Street", "class": "residential", "is_priority": false }, "geometry": { "type": "LineString", "coordinates": [ [ -75.08577, 39.938769 ], [ -75.087766, 39.939711 ] ] } },
{ "type": "Feature", "properties": { "id": "11594218-321", "name": "Pfeiffer Street", "class": "residential", "is_priority": false }, "geometry": { "type": "LineString", "coordinates": [ [ -75.087766, 39.939711 ], [ -75.089578, 39.940568 ], [ -75.089767, 39.940645 ] ] } },
{ "type": "Feature", "properties": { "id": "11594218-322", "name": "Pfeiffer Street", "class": "residential", "is_priority": false }, "geometry": { "type": "LineString", "coordinates": [ [ -75.089767, 39.940645 ], [ -75.090326, 39.940873 ] ] } },
{ "type": "Feature", "properties": { "id": "11594224-323", "name": "North 33rd Street", "class": "residential", "is_priority": false }, "geometry": { "type": "LineString", "coordinates": [ [ -75.07715, 39.951228 ], [ -75.078297, 39.952312 ] ] } },
{ "type": "Feature", "properties": { "id": "11594225-324", "name": "North 33rd Street", "class": "residential", "is_priority": false }, "geometry": { "type": "LineString", "coordinates": [ [ -75.075211, 39.947599 ], [ -75.075507, 39.949283 ] ] } },
{ "type": "Feature", "properties": { "id": "11594226-325", "name": "North 33rd Street", "class": "residential", "is_priority": false }, "geometry": { "type": "LineString", "coordinates": [ [ -75.087568, 39.963714 ], [ -75.08621, 39.962246 ] ] } },
{ "type": "Feature", "properties": { "id": "11594226-326", "name": "North 33rd Street", "class": "residential", "is_priority": false }, "geometry": { "type": "LineString", "coordinates": [ [ -75.08621, 39.962246 ], [ -75.084851, 39.960778 ] ] } },
{ "type": "Feature", "properties": { "id": "11594226-327", "name": "North 33rd Street", "class": "residential", "is_priority": false }, "geometry": { "type": "LineString", "coordinates": [ [ -75.084851, 39.960778 ], [ -75.083626, 39.959433 ] ] } },
{ "type": "Feature", "properties": { "id": "11594227-328", "name": "North 33rd Street", "class": "residential", "is_priority": false }, "geometry": { "type": "LineString", "coordinates": [ [ -75.076425, 39.949429 ], [ -75.077517, 39.950989 ] ] } },
{ "type": "Feature", "properties": { "id": "11594230-329", "name": "Cramer Street", "class": "residential", "is_priority": false }, "geometry": { "type": "LineString", "coordinates": [ [ -75.089006, 39.946857 ], [ -75.086951, 39.94772 ] ] } },
{ "type": "Feature", "properties": { "id": "11594230-330", "name": "Cramer Street", "class": "residential", "is_priority": false }, "geometry": { "type": "LineString", "coordinates": [ [ -75.086951, 39.94772 ], [ -75.084893, 39.94858 ] ] } },
{ "type": "Feature", "properties": { "id": "11594230-331", "name": "Cramer Street", "class": "residential", "is_priority": false }, "geometry": { "type": "LineString", "coordinates": [ [ -75.084893, 39.94858 ], [ -75.082856, 39.949468 ] ] } },
{ "type": "Feature", "properties": { "id": "11594230-332", "name": "Cramer Street", "class": "residential", "is_priority": false }, "geometry": { "type": "LineString", "coordinates": [ [ -75.082856, 39.949468 ], [ -75.082239, 39.949728 ] ] } },
{ "type": "Feature", "properties": { "id": "11594231-333", "name": "Cramer Street", "class": "residential", "is_priority": false }, "geometry": { "type": "LineString", "coordinates": [ [ -75.076976, 39.9522 ], [ -75.075851, 39.952952 ] ] } },
{ "type": "Feature", "properties": { "id": "11594313-334", "name": "Maplewood Street", "class": "residential", "is_priority": false }, "geometry": { "type": "LineString", "coordinates": [ [ -75.090836, 39.938797 ], [ -75.090645, 39.938724 ], [ -75.089468, 39.93818 ] ] } },
{ "type": "Feature", "properties": { "id": "11594396-335", "name": "Sylvan Street", "class": "residential", "is_priority": false }, "geometry": { "type": "LineString", "coordinates": [ [ -75.115461, 39.914799 ], [ -75.113121, 39.914766 ] ] } },
{ "type": "Feature", "properties": { "id": "11594396-336", "name": "Sylvan Street", "class": "residential", "is_priority": false }, "geometry": { "type": "LineString", "coordinates": [ [ -75.113121, 39.914766 ], [ -75.110781, 39.914739 ] ] } },
{ "type": "Feature", "properties": { "id": "11594396-337", "name": "Sylvan Street", "class": "residential", "is_priority": false }, "geometry": { "type": "LineString", "coordinates": [ [ -75.110781, 39.914739 ], [ -75.10873, 39.914715 ] ] } },
{ "type": "Feature", "properties": { "id": "11594435-338", "name": "South 30th Street", "class": "residential", "is_priority": false }, "geometry": { "type": "LineString", "coordinates": [ [ -75.081663, 39.94691 ], [ -75.081564, 39.946208 ], [ -75.081374, 39.945122 ] ] } },
{ "type": "Feature", "properties": { "id": "11594435-339", "name": "South 30th Street", "class": "residential", "is_priority": false }, "geometry": { "type": "LineString", "coordinates": [ [ -75.081374, 39.945122 ], [ -75.081283, 39.9445 ], [ -75.081058, 39.943337 ] ] } },
{ "type": "Feature", "properties": { "id": "11594435-340", "name": "South 30th Street", "class": "residential", "is_priority": false }, "geometry": { "type": "LineString", "coordinates": [ [ -75.081058, 39.943337 ], [ -75.080733, 39.941553 ] ] } },
{ "type": "Feature", "properties": { "id": "11594435-341", "name": "South 30th Street", "class": "residential", "is_priority": false }, "geometry": { "type": "LineString", "coordinates": [ [ -75.080733, 39.941553 ], [ -75.080621, 39.940763 ] ] } },
{ "type": "Feature", "properties": { "id": "11594436-342", "name": "Thorn Street", "class": "residential", "is_priority": false }, "geometry": { "type": "LineString", "coordinates": [ [ -75.101212, 39.928445 ], [ -75.099439, 39.927268 ] ] } },
{ "type": "Feature", "properties": { "id": "11594436-343", "name": "Thorn Street", "class": "residential", "is_priority": false }, "geometry": { "type": "LineString", "coordinates": [ [ -75.099439, 39.927268 ], [ -75.098722, 39.926794 ] ] } },
{ "type": "Feature", "properties": { "id": "11594446-344", "name": "Wainwright Street", "class": "residential", "is_priority": false }, "geometry": { "type": "LineString", "coordinates": [ [ -75.103449, 39.912479 ], [ -75.103413, 39.913921 ] ] } },
{ "type": "Feature", "properties": { "id": "11594493-345", "name": "Jersey Avenue", "class": "residential", "is_priority": false }, "geometry": { "type": "LineString", "coordinates": [ [ -75.074457, 39.95647 ], [ -75.073722, 39.956767 ] ] } },
{ "type": "Feature", "properties": { "id": "11594520-346", "name": "Everett Street", "class": "residential", "is_priority": false }, "geometry": { "type": "LineString", "coordinates": [ [ -75.106741, 39.927588 ], [ -75.104412, 39.92777 ] ] } },
{ "type": "Feature", "properties": { "id": "11594520-347", "name": "Everett Street", "class": "residential", "is_priority": false }, "geometry": { "type": "LineString", "coordinates": [ [ -75.104412, 39.92777 ], [ -75.102084, 39.927952 ] ] } },
{ "type": "Feature", "properties": { "id": "11594520-348", "name": "Everett Street", "class": "residential", "is_priority": false }, "geometry": { "type": "LineString", "coordinates": [ [ -75.102084, 39.927952 ], [ -75.100631, 39.928065 ] ] } },
{ "type": "Feature", "properties": { "id": "11594521-349", "name": "Everett Street", "class": "residential", "is_priority": false }, "geometry": { "type": "LineString", "coordinates": [ [ -75.119599, 39.926633 ], [ -75.117781, 39.926773 ] ] } },
{ "type": "Feature", "properties": { "id": "11594523-350", "name": "Everett Street", "class": "residential", "is_priority": false }, "geometry": { "type": "LineString", "coordinates": [ [ -75.114117, 39.927033 ], [ -75.111787, 39.927199 ] ] } },
{ "type": "Feature", "properties": { "id": "11594523-351", "name": "Everett Street", "class": "residential", "is_priority": false }, "geometry": { "type": "LineString", "coordinates": [ [ -75.111787, 39.927199 ], [ -75.111085, 39.927255 ] ] } },
{ "type": "Feature", "properties": { "id": "11594540-352", "name": "North-South Freeway", "class": "motorway", "is_priority": true }, "geometry": { "type": "LineString", "coordinates": [ [ -75.112905, 39.904892 ], [ -75.113331, 39.905674 ], [ -75.113724, 39.906579 ] ] } },
{ "type": "Feature", "properties": { "id": "11594540-353", "name": "North-South Freeway", "class": "motorway", "is_priority": true }, "geometry": { "type": "LineString", "coordinates": [ [ -75.113724, 39.906579 ], [ -75.113749, 39.906642 ] ] } },
{ "type": "Feature", "properties": { "id": "11594543-354", "name": "North-South Freeway", "class": "motorway", "is_priority": true }, "geometry": { "type": "LineString", "coordinates": [ [ -75.114167, 39.90682 ], [ -75.114092, 39.906585 ] ] } },
{ "type": "Feature", "properties": { "id": "11594549-355", "name": "Benjamin Franklin Bridge", "class": "motorway", "is_priority": true }, "geometry": { "type": "LineString", "coordinates": [ [ -75.119465, 39.948643 ], [ -75.119281, 39.948399 ], [ -75.119026, 39.948184 ], [ -75.118793, 39.94806 ], [ -75.118517, 39.947962 ] ] } },
{ "type": "Feature", "properties": { "id": "11594575-356", "name": "Thorndyke Street", "class": "residential", "is_priority": false }, "geometry": { "type": "LineString", "coordinates": [ [ -75.088161, 39.939897 ], [ -75.087288, 39.941012 ] ] } },
{ "type": "Feature", "properties": { "id": "11594579-357", "name": "Bergen Avenue", "class": "residential", "is_priority": false }, "geometry": { "type": "LineString", "coordinates": [ [ -75.084364, 39.959035 ], [ -75.085057, 39.959777 ], [ -75.085702, 39.960514 ] ] } },
{ "type": "Feature", "properties": { "id": "11594579-358", "name": "Bergen Avenue", "class": "residential", "is_priority": false }, "geometry": { "type": "LineString", "coordinates": [ [ -75.085702, 39.960514 ], [ -75.08646, 39.96136 ], [ -75.087065, 39.961978 ] ] } },
{ "type": "Feature", "properties": { "id": "11594579-359", "name": "Bergen Avenue", "class": "residential", "is_priority": false }, "geometry": { "type": "LineString", "coordinates": [ [ -75.087065, 39.961978 ], [ -75.08827, 39.96332 ] ] } },
{ "type": "Feature", "properties": { "id": "11594580-360", "name": "South 41st Street", "class": "residential", "is_priority": false }, "geometry": { "type": "LineString", "coordinates": [ [ -75.067944, 39.946834 ], [ -75.067911, 39.948375 ] ] } },
{ "type": "Feature", "properties": { "id": "11594585-361", "name": "North 20th Street", "class": "residential", "is_priority": false }, "geometry": { "type": "LineString", "coordinates": [ [ -75.098028, 39.951819 ], [ -75.096772, 39.951081 ] ] } },
{ "type": "Feature", "properties": { "id": "11594586-362", "name": "North 20th Street", "class": "residential", "is_priority": false }, "geometry": { "type": "LineString", "coordinates": [ [ -75.10196, 39.953986 ], [ -75.100635, 39.953225 ], [ -75.100095, 39.952897 ] ] } },
{ "type": "Feature", "properties": { "id": "11594586-363", "name": "North 20th Street", "class": "residential", "is_priority": false }, "geometry": { "type": "LineString", "coordinates": [ [ -75.100095, 39.952897 ], [ -75.098242, 39.951795 ] ] } },
{ "type": "Feature", "properties": { "id": "11594586-364", "name": "North 20th Street", "class": "residential", "is_priority": false }, "geometry": { "type": "LineString", "coordinates": [ [ -75.098242, 39.951795 ], [ -75.098123, 39.951725 ] ] } },
{ "type": "Feature", "properties": { "id": "11594614-365", "name": "Liberty Street", "class": "residential", "is_priority": false }, "geometry": { "type": "LineString", "coordinates": [ [ -75.11282, 39.93062 ], [ -75.11049, 39.930792 ] ] } },
{ "type": "Feature", "properties": { "id": "11594614-366", "name": "Liberty Street", "class": "residential", "is_priority": false }, "geometry": { "type": "LineString", "coordinates": [ [ -75.11049, 39.930792 ], [ -75.108351, 39.930951 ] ] } },
{ "type": "Feature", "properties": { "id": "11594618-367", "name": "Bank Street", "class": "residential", "is_priority": false }, "geometry": { "type": "LineString", "coordinates": [ [ -75.092874, 39.940162 ], [ -75.092924, 39.940284 ], [ -75.092892, 39.940372 ], [ -75.092142, 39.940958 ], [ -75.091642, 39.941611 ] ] } },
{ "type": "Feature", "properties": { "id": "11594618-368", "name": "Bank Street", "class": "residential", "is_priority": false }, "geometry": { "type": "LineString", "coordinates": [ [ -75.091642, 39.941611 ], [ -75.091271, 39.942084 ] ] } },
{ "type": "Feature", "properties": { "id": "11594631-369", "name": "Essex Road", "class": "residential", "is_priority": false }, "geometry": { "type": "LineString", "coordinates": [ [ -75.109683, 39.9056 ], [ -75.109015, 39.904429 ] ] } },
{ "type": "Feature", "properties": { "id": "11594650-370", "name": "South Chesapeake Road", "class": "residential", "is_priority": false }, "geometry": { "type": "LineString", "coordinates": [ [ -75.103399, 39.904439 ], [ -75.103226, 39.904089 ], [ -75.103024, 39.903746 ] ] } },
{ "type": "Feature", "properties": { "id": "11594651-371", "name": "Lowell Street", "class": "residential", "is_priority": false }, "geometry": { "type": "LineString", "coordinates": [ [ -75.105823, 39.925833 ], [ -75.107811, 39.92524 ], [ -75.107909, 39.925268 ], [ -75.108012, 39.92526 ] ] } },
{ "type": "Feature", "properties": { "id": "11594651-372", "name": "Lowell Street", "class": "residential", "is_priority": false }, "geometry": { "type": "LineString", "coordinates": [ [ -75.108012, 39.92526 ], [ -75.110342, 39.925085 ] ] } },
{ "type": "Feature", "properties": { "id": "11594651-373", "name": "Lowell Street", "class": "residential", "is_priority": false }, "geometry": { "type": "LineString", "coordinates": [ [ -75.110342, 39.925085 ], [ -75.110807, 39.92505 ] ] } },
{ "type": "Feature", "properties": { "id": "11594739-374", "name": "South 34th Street", "class": "residential", "is_priority": false }, "geometry": { "type": "LineString", "coordinates": [ [ -75.07447, 39.947678 ], [ -75.073924, 39.945926 ] ] } },
{ "type": "Feature", "properties": { "id": "11594739-375", "name": "South 34th Street", "class": "residential", "is_priority": false }, "geometry": { "type": "LineString", "coordinates": [ [ -75.073924, 39.945926 ], [ -75.073676, 39.945148 ], [ -75.073517, 39.94457 ], [ -75.073461, 39.94447 ], [ -75.073399, 39.9444 ], [ -75.07319, 39.944255 ] ] } },
{ "type": "Feature", "properties": { "id": "11594739-376", "name": "South 34th Street", "class": "residential", "is_priority": false }, "geometry": { "type": "LineString", "coordinates": [ [ -75.07319, 39.944255 ], [ -75.073145, 39.944224 ] ] } },
{ "type": "Feature", "properties": { "id": "11594776-377", "name": "North 31st Street", "class": "residential", "is_priority": false }, "geometry": { "type": "LineString", "coordinates": [ [ -75.083984, 39.954969 ], [ -75.082799, 39.953415 ] ] } },
{ "type": "Feature", "properties": { "id": "11594776-378", "name": "North 31st Street", "class": "residential", "is_priority": false }, "geometry": { "type": "LineString", "coordinates": [ [ -75.082799, 39.953415 ], [ -75.081637, 39.951851 ] ] } },
{ "type": "Feature", "properties": { "id": "11594776-379", "name": "North 31st Street", "class": "residential", "is_priority": false }, "geometry": { "type": "LineString", "coordinates": [ [ -75.081637, 39.951851 ], [ -75.081072, 39.951097 ] ] } },
{ "type": "Feature", "properties": { "id": "11594777-380", "name": "North 31st Street", "class": "residential", "is_priority": false }, "geometry": { "type": "LineString", "coordinates": [ [ -75.086557, 39.95786 ], [ -75.085773, 39.956978 ], [ -75.085203, 39.956391 ] ] } },
{ "type": "Feature", "properties": { "id": "11594777-381", "name": "North 31st Street", "class": "residential", "is_priority": false }, "geometry": { "type": "LineString", "coordinates": [ [ -75.085203, 39.956391 ], [ -75.08506, 39.956253 ] ] } },
{ "type": "Feature", "properties": { "id": "11594810-382", "name": "Atlantic Avenue", "class": "secondary", "is_priority": false }, "geometry": { "type": "LineString", "coordinates": [ [ -75.116398, 39.92889 ], [ -75.116061, 39.928907 ] ] } },
{ "type": "Feature", "properties": { "id": "11594811-383", "name": "Atlantic Avenue", "class": "secondary", "is_priority": false }, "geometry": { "type": "LineString", "coordinates": [ [ -75.11506, 39.928991 ], [ -75.114886, 39.929006 ] ] } },
{ "type": "Feature", "properties": { "id": "11594814-384", "name": "Atlantic Street", "class": "residential", "is_priority": false }, "geometry": { "type": "LineString", "coordinates": [ [ -75.123514, 39.928411 ], [ -75.123049, 39.928445 ] ] } },
{ "type": "Feature", "properties": { "id": "11594882-385", "name": "South 7th Street", "class": "secondary", "is_priority": false }, "geometry": { "type": "LineString", "coordinates": [ [ -75.116199, 39.9311 ], [ -75.116227, 39.93093 ], [ -75.116366, 39.929303 ] ] } },
{ "type": "Feature", "properties": { "id": "11594882-386", "name": "South 7th Street", "class": "secondary", "is_priority": false }, "geometry": { "type": "LineString", "coordinates": [ [ -75.116366, 39.929303 ], [ -75.11638, 39.929122 ] ] } },
{ "type": "Feature", "properties": { "id": "11594906-387", "name": "Lincoln Avenue", "class": "residential", "is_priority": false }, "geometry": { "type": "LineString", "coordinates": [ [ -75.091364, 39.958132 ], [ -75.093365, 39.957196 ] ] } },
{ "type": "Feature", "properties": { "id": "11594906-388", "name": "Lincoln Avenue", "class": "residential", "is_priority": false }, "geometry": { "type": "LineString", "coordinates": [ [ -75.093365, 39.957196 ], [ -75.094626, 39.956627 ] ] } },
{ "type": "Feature", "properties": { "id": "11594935-389", "name": "", "class": "primary_link", "is_priority": false }, "geometry": { "type": "LineString", "coordinates": [ [ -75.112753, 39.942616 ], [ -75.112638, 39.942559 ], [ -75.112534, 39.942482 ], [ -75.112182, 39.942048 ], [ -75.111977, 39.941909 ] ] } },
{ "type": "Feature", "properties": { "id": "11594936-390", "name": "South 10th Street", "class": "residential", "is_priority": false }, "geometry": { "type": "LineString", "coordinates": [ [ -75.110138, 39.930088 ], [ -75.110375, 39.931881 ] ] } },
{ "type": "Feature", "properties": { "id": "11594936-391", "name": "South 10th Street", "class": "residential", "is_priority": false }, "geometry": { "type": "LineString", "coordinates": [ [ -75.110375, 39.931881 ], [ -75.11052, 39.932961 ] ] } },
{ "type": "Feature", "properties": { "id": "11594938-392", "name": "South 10th Street", "class": "residential", "is_priority": false }, "geometry": { "type": "LineString", "coordinates": [ [ -75.108762, 39.914011 ], [ -75.108708, 39.915201 ], [ -75.108705, 39.915812 ] ] } },
{ "type": "Feature", "properties": { "id": "11594938-393", "name": "South 10th Street", "class": "residential", "is_priority": false }, "geometry": { "type": "LineString", "coordinates": [ [ -75.108705, 39.915812 ], [ -75.108715, 39.917251 ], [ -75.108701, 39.917614 ] ] } },
{ "type": "Feature", "properties": { "id": "11594938-394", "name": "South 10th Street", "class": "residential", "is_priority": false }, "geometry": { "type": "LineString", "coordinates": [ [ -75.108701, 39.917614 ], [ -75.108654, 39.919416 ] ] } },
{ "type": "Feature", "properties": { "id": "11594938-395", "name": "South 10th Street", "class": "residential", "is_priority": false }, "geometry": { "type": "LineString", "coordinates": [ [ -75.108654, 39.919416 ], [ -75.108652, 39.919529 ], [ -75.108604, 39.919733 ], [ -75.108685, 39.921212 ] ] } },
{ "type": "Feature", "properties": { "id": "11594938-396", "name": "South 10th Street", "class": "residential", "is_priority": false }, "geometry": { "type": "LineString", "coordinates": [ [ -75.108685, 39.921212 ], [ -75.108802, 39.923012 ] ] } },
{ "type": "Feature", "properties": { "id": "11594938-397", "name": "South 10th Street", "class": "residential", "is_priority": false }, "geometry": { "type": "LineString", "coordinates": [ [ -75.108802, 39.923012 ], [ -75.108823, 39.923396 ], [ -75.108867, 39.923528 ], [ -75.109025, 39.924804 ] ] } },
{ "type": "Feature", "properties": { "id": "11594938-398", "name": "South 10th Street", "class": "residential", "is_priority": false }, "geometry": { "type": "LineString", "coordinates": [ [ -75.109025, 39.924804 ], [ -75.109249, 39.926597 ] ] } },
{ "type": "Feature", "properties": { "id": "11594938-399", "name": "South 10th Street", "class": "residential", "is_priority": false }, "geometry": { "type": "LineString", "coordinates": [ [ -75.109249, 39.926597 ], [ -75.109484, 39.92839 ] ] } },
{ "type": "Feature", "properties": { "id": "11594938-400", "name": "South 10th Street", "class": "residential", "is_priority": false }, "geometry": { "type": "LineString", "coordinates": [ [ -75.109484, 39.92839 ], [ -75.109706, 39.930113 ] ] } },
{ "type": "Feature", "properties": { "id": "11594954-401", "name": "North 24th Street", "class": "residential", "is_priority": false }, "geometry": { "type": "LineString", "coordinates": [ [ -75.094593, 39.953253 ], [ -75.092744, 39.952148 ] ] } },
{ "type": "Feature", "properties": { "id": "11594954-402", "name": "North 24th Street", "class": "residential", "is_priority": false }, "geometry": { "type": "LineString", "coordinates": [ [ -75.092744, 39.952148 ], [ -75.091585, 39.951474 ] ] } },
{ "type": "Feature", "properties": { "id": "11594955-403", "name": "North 24th Street", "class": "residential", "is_priority": false }, "geometry": { "type": "LineString", "coordinates": [ [ -75.091294, 39.9489 ], [ -75.090893, 39.947125 ] ] } },
{ "type": "Feature", "properties": { "id": "11594955-404", "name": "North 24th Street", "class": "residential", "is_priority": false }, "geometry": { "type": "LineString", "coordinates": [ [ -75.090893, 39.947125 ], [ -75.090623, 39.945902 ] ] } },
{ "type": "Feature", "properties": { "id": "11594977-405", "name": "South 35th Street", "class": "residential", "is_priority": false }, "geometry": { "type": "LineString", "coordinates": [ [ -75.072435, 39.944831 ], [ -75.072695, 39.94506 ], [ -75.072771, 39.945157 ], [ -75.07282, 39.945261 ], [ -75.073205, 39.9465 ] ] } },
{ "type": "Feature", "properties": { "id": "11594977-406", "name": "South 35th Street", "class": "residential", "is_priority": false }, "geometry": { "type": "LineString", "coordinates": [ [ -75.073205, 39.9465 ], [ -75.073587, 39.947773 ] ] } },
{ "type": "Feature", "properties": { "id": "11594988-407", "name": "Fairfax Drive", "class": "residential", "is_priority": false }, "geometry": { "type": "LineString", "coordinates": [ [ -75.077836, 39.953003 ], [ -75.077634, 39.953285 ], [ -75.077522, 39.953489 ], [ -75.077435, 39.953704 ], [ -75.077348, 39.954108 ], [ -75.077327, 39.954494 ], [ -75.077268, 39.954582 ], [ -75.077126, 39.954666 ] ] } },
{ "type": "Feature", "properties": { "id": "11594988-408", "name": "Fairfax Drive", "class": "residential", "is_priority": false }, "geometry": { "type": "LineString", "coordinates": [ [ -75.077126, 39.954666 ], [ -75.077119, 39.95467 ] ] } },
{ "type": "Feature", "properties": { "id": "11595024-409", "name": "Webster Street", "class": "residential", "is_priority": false }, "geometry": { "type": "LineString", "coordinates": [ [ -75.12217, 39.924189 ], [ -75.11983, 39.924172 ] ] } },
{ "type": "Feature", "properties": { "id": "11595024-410", "name": "Webster Street", "class": "residential", "is_priority": false }, "geometry": { "type": "LineString", "coordinates": [ [ -75.11983, 39.924172 ], [ -75.119659, 39.92417 ] ] } },
{ "type": "Feature", "properties": { "id": "11595097-411", "name": "Winthrop Road", "class": "residential", "is_priority": false }, "geometry": { "type": "LineString", "coordinates": [ [ -75.099405, 39.903211 ], [ -75.099521, 39.902957 ], [ -75.099589, 39.902724 ], [ -75.099582, 39.902567 ], [ -75.099556, 39.902476 ], [ -75.099503, 39.902392 ], [ -75.099392, 39.90229 ], [ -75.099221, 39.902199 ], [ -75.099017, 39.902126 ], [ -75.098727, 39.902105 ], [ -75.09853, 39.902068 ], [ -75.098414, 39.902016 ] ] } },
{ "type": "Feature", "properties": { "id": "11595097-412", "name": "Winthrop Road", "class": "residential", "is_priority": false }, "geometry": { "type": "LineString", "coordinates": [ [ -75.098414, 39.902016 ], [ -75.09818, 39.901912 ] ] } },
{ "type": "Feature", "properties": { "id": "11595117-413", "name": "", "class": "secondary_link", "is_priority": false }, "geometry": { "type": "LineString", "coordinates": [ [ -75.093203, 39.945308 ], [ -75.093246, 39.945535 ] ] } },
{ "type": "Feature", "properties": { "id": "11595130-414", "name": "South 11th Street", "class": "primary", "is_priority": true }, "geometry": { "type": "LineString", "coordinates": [ [ -75.105873, 39.942038 ], [ -75.106211, 39.941714 ], [ -75.106529, 39.941483 ], [ -75.106813, 39.941347 ], [ -75.107183, 39.941232 ] ] } },
{ "type": "Feature", "properties": { "id": "11595135-415", "name": "North 25th Street", "class": "residential", "is_priority": false }, "geometry": { "type": "LineString", "coordinates": [ [ -75.091301, 39.952159 ], [ -75.091535, 39.952339 ], [ -75.092763, 39.953053 ] ] } },
{ "type": "Feature", "properties": { "id": "11595136-416", "name": "North 25th Street", "class": "residential", "is_priority": false }, "geometry": { "type": "LineString", "coordinates": [ [ -75.089687, 39.946032 ], [ -75.089749, 39.946118 ], [ -75.090138, 39.947795 ] ] } },
{ "type": "Feature", "properties": { "id": "11595136-417", "name": "North 25th Street", "class": "residential", "is_priority": false }, "geometry": { "type": "LineString", "coordinates": [ [ -75.090138, 39.947795 ], [ -75.090466, 39.949251 ] ] } },
{ "type": "Feature", "properties": { "id": "11595137-418", "name": "North 25th Street", "class": "residential", "is_priority": false }, "geometry": { "type": "LineString", "coordinates": [ [ -75.094046, 39.953811 ], [ -75.095902, 39.954909 ] ] } },
{ "type": "Feature", "properties": { "id": "11595137-419", "name": "North 25th Street", "class": "residential", "is_priority": false }, "geometry": { "type": "LineString", "coordinates": [ [ -75.095902, 39.954909 ], [ -75.09776, 39.956006 ] ] } },
{ "type": "Feature", "properties": { "id": "11595137-420", "name": "North 25th Street", "class": "residential", "is_priority": false }, "geometry": { "type": "LineString", "coordinates": [ [ -75.09776, 39.956006 ], [ -75.099583, 39.957136 ] ] } },
{ "type": "Feature", "properties": { "id": "11595137-421", "name": "North 25th Street", "class": "residential", "is_priority": false }, "geometry": { "type": "LineString", "coordinates": [ [ -75.099583, 39.957136 ], [ -75.099784, 39.957259 ], [ -75.100416, 39.957599 ] ] } },
{ "type": "Feature", "properties": { "id": "11595142-422", "name": "Browning Street", "class": "residential", "is_priority": false }, "geometry": { "type": "LineString", "coordinates": [ [ -75.098087, 39.922056 ], [ -75.100418, 39.921895 ] ] } },
{ "type": "Feature", "properties": { "id": "11595142-423", "name": "Browning Street", "class": "residential", "is_priority": false }, "geometry": { "type": "LineString", "coordinates": [ [ -75.100418, 39.921895 ], [ -75.102747, 39.921724 ] ] } },
{ "type": "Feature", "properties": { "id": "11595142-424", "name": "Browning Street", "class": "residential", "is_priority": false }, "geometry": { "type": "LineString", "coordinates": [ [ -75.102747, 39.921724 ], [ -75.103701, 39.921654 ] ] } },
{ "type": "Feature", "properties": { "id": "11595144-425", "name": "South 36th Street", "class": "residential", "is_priority": false }, "geometry": { "type": "LineString", "coordinates": [ [ -75.072811, 39.947856 ], [ -75.072271, 39.946102 ] ] } },
{ "type": "Feature", "properties": { "id": "11595144-426", "name": "South 36th Street", "class": "residential", "is_priority": false }, "geometry": { "type": "LineString", "coordinates": [ [ -75.072271, 39.946102 ], [ -75.072166, 39.94574 ], [ -75.072104, 39.945616 ], [ -75.071998, 39.945518 ], [ -75.071765, 39.945362 ] ] } },
{ "type": "Feature", "properties": { "id": "11595146-427", "name": "Rosedale Avenue", "class": "residential", "is_priority": false }, "geometry": { "type": "LineString", "coordinates": [ [ -75.079241, 39.949377 ], [ -75.078894, 39.94931 ], [ -75.078669, 39.94929 ], [ -75.078153, 39.949275 ], [ -75.077842, 39.949286 ], [ -75.076921, 39.94938 ] ] } },
{ "type": "Feature", "properties": { "id": "11595146-428", "name": "Rosedale Avenue", "class": "residential", "is_priority": false }, "geometry": { "type": "LineString", "coordinates": [ [ -75.076921, 39.94938 ], [ -75.074602, 39.949629 ] ] } },
{ "type": "Feature", "properties": { "id": "11595146-429", "name": "Rosedale Avenue", "class": "residential", "is_priority": false }, "geometry": { "type": "LineString", "coordinates": [ [ -75.074602, 39.949629 ], [ -75.073494, 39.949757 ] ] } },
{ "type": "Feature", "properties": { "id": "11595148-430", "name": "Rosedale Avenue", "class": "residential", "is_priority": false }, "geometry": { "type": "LineString", "coordinates": [ [ -75.081991, 39.950612 ], [ -75.080489, 39.949839 ], [ -75.080179, 39.949651 ], [ -75.080057, 39.9496 ] ] } },
{ "type": "Feature", "properties": { "id": "11595148-431", "name": "Rosedale Avenue", "class": "residential", "is_priority": false }, "geometry": { "type": "LineString", "coordinates": [ [ -75.080057, 39.9496 ], [ -75.079641, 39.94947 ], [ -75.079241, 39.949377 ] ] } },
{ "type": "Feature", "properties": { "id": "11595149-432", "name": "Rosedale Avenue", "class": "residential", "is_priority": false }, "geometry": { "type": "LineString", "coordinates": [ [ -75.075507, 39.949283 ], [ -75.073882, 39.94946 ], [ -75.073333, 39.94954 ] ] } },
{ "type": "Feature", "properties": { "id": "11595171-433", "name": "Dayton Street", "class": "residential", "is_priority": false }, "geometry": { "type": "LineString", "coordinates": [ [ -75.103965, 39.922144 ], [ -75.101633, 39.922296 ] ] } },
{ "type": "Feature", "properties": { "id": "11595171-434", "name": "Dayton Street", "class": "residential", "is_priority": false }, "geometry": { "type": "LineString", "coordinates": [ [ -75.101633, 39.922296 ], [ -75.099303, 39.922469 ] ] } },
{ "type": "Feature", "properties": { "id": "11595171-435", "name": "Dayton Street", "class": "residential", "is_priority": false }, "geometry": { "type": "LineString", "coordinates": [ [ -75.099303, 39.922469 ], [ -75.09816, 39.922548 ] ] } },
{ "type": "Feature", "properties": { "id": "11595218-436", "name": "Viola Street", "class": "residential", "is_priority": false }, "geometry": { "type": "LineString", "coordinates": [ [ -75.119749, 39.920823 ], [ -75.117409, 39.920795 ] ] } },
{ "type": "Feature", "properties": { "id": "11595218-437", "name": "Viola Street", "class": "residential", "is_priority": false }, "geometry": { "type": "LineString", "coordinates": [ [ -75.117409, 39.920795 ], [ -75.117085, 39.92079 ] ] } },
{ "type": "Feature", "properties": { "id": "11595297-438", "name": "South 12th Street", "class": "residential", "is_priority": false }, "geometry": { "type": "LineString", "coordinates": [ [ -75.105214, 39.911985 ], [ -75.105195, 39.912658 ] ] } },
{ "type": "Feature", "properties": { "id": "11595323-439", "name": "North 26th Street", "class": "residential", "is_priority": false }, "geometry": { "type": "LineString", "coordinates": [ [ -75.08889, 39.946144 ], [ -75.088872, 39.946235 ], [ -75.088905, 39.946473 ], [ -75.089006, 39.946857 ], [ -75.089237, 39.947921 ] ] } },
{ "type": "Feature", "properties": { "id": "11595323-440", "name": "North 26th Street", "class": "residential", "is_priority": false }, "geometry": { "type": "LineString", "coordinates": [ [ -75.089237, 39.947921 ], [ -75.089622, 39.94962 ] ] } },
{ "type": "Feature", "properties": { "id": "11595327-441", "name": "North 26th Street", "class": "residential", "is_priority": false }, "geometry": { "type": "LineString", "coordinates": [ [ -75.092447, 39.953805 ], [ -75.092766, 39.953964 ], [ -75.09338, 39.954348 ], [ -75.094307, 39.954898 ] ] } },
{ "type": "Feature", "properties": { "id": "11595327-442", "name": "North 26th Street", "class": "residential", "is_priority": false }, "geometry": { "type": "LineString", "coordinates": [ [ -75.094307, 39.954898 ], [ -75.096163, 39.955996 ] ] } },
{ "type": "Feature", "properties": { "id": "11595327-443", "name": "North 26th Street", "class": "residential", "is_priority": false }, "geometry": { "type": "LineString", "coordinates": [ [ -75.096163, 39.955996 ], [ -75.098019, 39.957095 ] ] } },
{ "type": "Feature", "properties": { "id": "11595327-444", "name": "North 26th Street", "class": "residential", "is_priority": false }, "geometry": { "type": "LineString", "coordinates": [ [ -75.098019, 39.957095 ], [ -75.098511, 39.957392 ] ] } },
{ "type": "Feature", "properties": { "id": "11595355-445", "name": "Greene Street", "class": "residential", "is_priority": false }, "geometry": { "type": "LineString", "coordinates": [ [ -75.103319, 39.931323 ], [ -75.103239, 39.930587 ] ] } },
{ "type": "Feature", "properties": { "id": "11595363-446", "name": "Flanders Boulevard", "class": "primary_link", "is_priority": false }, "geometry": { "type": "LineString", "coordinates": [ [ -75.105513, 39.943626 ], [ -75.105443, 39.943772 ], [ -75.105332, 39.943859 ], [ -75.104874, 39.943973 ] ] } },
{ "type": "Feature", "properties": { "id": "11595364-447", "name": "East Octagon Road", "class": "residential", "is_priority": false }, "geometry": { "type": "LineString", "coordinates": [ [ -75.104308, 39.906037 ], [ -75.104934, 39.907198 ] ] } },
{ "type": "Feature", "properties": { "id": "11595389-448", "name": "Byron Street", "class": "residential", "is_priority": false }, "geometry": { "type": "LineString", "coordinates": [ [ -75.117981, 39.955354 ], [ -75.116342, 39.955028 ] ] } },
{ "type": "Feature", "properties": { "id": "11595390-449", "name": "North 2nd Street", "class": "residential", "is_priority": false }, "geometry": { "type": "LineString", "coordinates": [ [ -75.122007, 39.955605 ], [ -75.121854, 39.956055 ], [ -75.121799, 39.95608 ] ] } },
{ "type": "Feature", "properties": { "id": "11595396-450", "name": "Merriel Avenue", "class": "residential", "is_priority": false }, "geometry": { "type": "LineString", "coordinates": [ [ -75.077865, 39.949953 ], [ -75.079241, 39.949377 ] ] } },
{ "type": "Feature", "properties": { "id": "11595398-451", "name": "Merriel Avenue", "class": "residential", "is_priority": false }, "geometry": { "type": "LineString", "coordinates": [ [ -75.07626, 39.951036 ], [ -75.074541, 39.951008 ], [ -75.074447, 39.951039 ] ] } },
{ "type": "Feature", "properties": { "id": "11595409-452", "name": "Sayrs Avenue", "class": "residential", "is_priority": false }, "geometry": { "type": "LineString", "coordinates": [ [ -75.10346, 39.921165 ], [ -75.101131, 39.921342 ] ] } },
{ "type": "Feature", "properties": { "id": "11595409-453", "name": "Sayrs Avenue", "class": "residential", "is_priority": false }, "geometry": { "type": "LineString", "coordinates": [ [ -75.101131, 39.921342 ], [ -75.098802, 39.921517 ] ] } },
{ "type": "Feature", "properties": { "id": "11595409-454", "name": "Sayrs Avenue", "class": "residential", "is_priority": false }, "geometry": { "type": "LineString", "coordinates": [ [ -75.098802, 39.921517 ], [ -75.098047, 39.921572 ] ] } },
{ "type": "Feature", "properties": { "id": "11595410-455", "name": "Sayrs Avenue", "class": "residential", "is_priority": false }, "geometry": { "type": "LineString", "coordinates": [ [ -75.098065, 39.921702 ], [ -75.095869, 39.922325 ] ] } },
{ "type": "Feature", "properties": { "id": "11595410-456", "name": "Sayrs Avenue", "class": "residential", "is_priority": false }, "geometry": { "type": "LineString", "coordinates": [ [ -75.095869, 39.922325 ], [ -75.095125, 39.922552 ], [ -75.094798, 39.922823 ] ] } },
{ "type": "Feature", "properties": { "id": "11595430-457", "name": "South Common Road", "class": "residential", "is_priority": false }, "geometry": { "type": "LineString", "coordinates": [ [ -75.107192, 39.905586 ], [ -75.108625, 39.905114 ] ] } },
{ "type": "Feature", "properties": { "id": "11595499-458", "name": "North Common Road", "class": "residential", "is_priority": false }, "geometry": { "type": "LineString", "coordinates": [ [ -75.108773, 39.905361 ], [ -75.107343, 39.905854 ] ] } },
{ "type": "Feature", "properties": { "id": "11595525-459", "name": "Dallas Road", "class": "residential", "is_priority": false }, "geometry": { "type": "LineString", "coordinates": [ [ -75.11146, 39.904632 ], [ -75.110813, 39.90475 ] ] } },
{ "type": "Feature", "properties": { "id": "11595591-460", "name": "Federal Street", "class": "tertiary", "is_priority": false }, "geometry": { "type": "LineString", "coordinates": [ [ -75.129069, 39.944598 ], [ -75.130033, 39.944677 ] ] } },
{ "type": "Feature", "properties": { "id": "11595614-461", "name": "Fairmount Street", "class": "residential", "is_priority": false }, "geometry": { "type": "LineString", "coordinates": [ [ -75.10944, 39.92808 ], [ -75.11177, 39.927904 ] ] } },
{ "type": "Feature", "properties": { "id": "11595614-462", "name": "Fairmount Street", "class": "residential", "is_priority": false }, "geometry": { "type": "LineString", "coordinates": [ [ -75.11177, 39.927904 ], [ -75.112561, 39.92784 ] ] } },
{ "type": "Feature", "properties": { "id": "11595674-463", "name": "Canterbury Circle", "class": "residential", "is_priority": false }, "geometry": { "type": "LineString", "coordinates": [ [ -75.112745, 39.910505 ], [ -75.112834, 39.910687 ], [ -75.112913, 39.910729 ], [ -75.113007, 39.910722 ], [ -75.113069, 39.910691 ], [ -75.113086, 39.910634 ], [ -75.113004, 39.910466 ], [ -75.112943, 39.910422 ], [ -75.112852, 39.910411 ], [ -75.112803, 39.910422 ], [ -75.112748, 39.910459 ], [ -75.112745, 39.910505 ] ] } },
{ "type": "Feature", "properties": { "id": "11595845-464", "name": "Olympia Road", "class": "residential", "is_priority": false }, "geometry": { "type": "LineString", "coordinates": [ [ -75.099725, 39.907302 ], [ -75.099378, 39.907289 ], [ -75.097394, 39.907433 ] ] } },
{ "type": "Feature", "properties": { "id": "11595845-465", "name": "Olympia Road", "class": "residential", "is_priority": false }, "geometry": { "type": "LineString", "coordinates": [ [ -75.097394, 39.907433 ], [ -75.097205, 39.907474 ] ] } },
{ "type": "Feature", "properties": { "id": "11595849-466", "name": "Tennessee Road", "class": "residential", "is_priority": false }, "geometry": { "type": "LineString", "coordinates": [ [ -75.105636, 39.903696 ], [ -75.105311, 39.903097 ] ] } },
{ "type": "Feature", "properties": { "id": "11595854-467", "name": "Pelham Place", "class": "residential", "is_priority": false }, "geometry": { "type": "LineString", "coordinates": [ [ -75.081236, 39.95407 ], [ -75.079409, 39.954871 ] ] } },
{ "type": "Feature", "properties": { "id": "11595866-468", "name": "Hallowell Lane", "class": "residential", "is_priority": false }, "geometry": { "type": "LineString", "coordinates": [ [ -75.097676, 39.919301 ], [ -75.097963, 39.921089 ] ] } },
{ "type": "Feature", "properties": { "id": "11595866-469", "name": "Hallowell Lane", "class": "residential", "is_priority": false }, "geometry": { "type": "LineString", "coordinates": [ [ -75.097963, 39.921089 ], [ -75.098047, 39.921572 ], [ -75.098087, 39.922056 ], [ -75.098218, 39.92288 ] ] } },
{ "type": "Feature", "properties": { "id": "11595866-470", "name": "Hallowell Lane", "class": "residential", "is_priority": false }, "geometry": { "type": "LineString", "coordinates": [ [ -75.098218, 39.92288 ], [ -75.09853, 39.924665 ] ] } },
{ "type": "Feature", "properties": { "id": "11595866-471", "name": "Hallowell Lane", "class": "residential", "is_priority": false }, "geometry": { "type": "LineString", "coordinates": [ [ -75.09853, 39.924665 ], [ -75.098539, 39.924724 ] ] } },
{ "type": "Feature", "properties": { "id": "11595882-472", "name": "Kolo Street", "class": "residential", "is_priority": false }, "geometry": { "type": "LineString", "coordinates": [ [ -75.107168, 39.923949 ], [ -75.107254, 39.924113 ] ] } },
{ "type": "Feature", "properties": { "id": "11595885-473", "name": "Langham Avenue", "class": "residential", "is_priority": false }, "geometry": { "type": "LineString", "coordinates": [ [ -75.105654, 39.936711 ], [ -75.105018, 39.936313 ], [ -75.103868, 39.935546 ] ] } },
{ "type": "Feature", "properties": { "id": "11595885-474", "name": "Langham Avenue", "class": "residential", "is_priority": false }, "geometry": { "type": "LineString", "coordinates": [ [ -75.103868, 39.935546 ], [ -75.102078, 39.934386 ] ] } },
{ "type": "Feature", "properties": { "id": "11595885-475", "name": "Langham Avenue", "class": "residential", "is_priority": false }, "geometry": { "type": "LineString", "coordinates": [ [ -75.102078, 39.934386 ], [ -75.10027, 39.933241 ] ] } },
{ "type": "Feature", "properties": { "id": "11595885-476", "name": "Langham Avenue", "class": "residential", "is_priority": false }, "geometry": { "type": "LineString", "coordinates": [ [ -75.10027, 39.933241 ], [ -75.099841, 39.932969 ] ] } },
{ "type": "Feature", "properties": { "id": "11595925-477", "name": "South Delaware Avenue", "class": "tertiary", "is_priority": false }, "geometry": { "type": "LineString", "coordinates": [ [ -75.129329, 39.941869 ], [ -75.129405, 39.942118 ], [ -75.129411, 39.942321 ], [ -75.129307, 39.943043 ] ] } },
{ "type": "Feature", "properties": { "id": "11595964-478", "name": "", "class": "residential", "is_priority": false }, "geometry": { "type": "LineString", "coordinates": [ [ -75.066594, 39.948514 ], [ -75.066575, 39.947841 ] ] } },
{ "type": "Feature", "properties": { "id": "11595964-479", "name": "", "class": "residential", "is_priority": false }, "geometry": { "type": "LineString", "coordinates": [ [ -75.066575, 39.947841 ], [ -75.06661, 39.946827 ] ] } },
{ "type": "Feature", "properties": { "id": "11595995-480", "name": "Remington Street", "class": "residential", "is_priority": false }, "geometry": { "type": "LineString", "coordinates": [ [ -75.082062, 39.955155 ], [ -75.080206, 39.955977 ] ] } },
{ "type": "Feature", "properties": { "id": "11596025-481", "name": "Wayne Avenue", "class": "residential", "is_priority": false }, "geometry": { "type": "LineString", "coordinates": [ [ -75.095079, 39.957211 ], [ -75.093076, 39.958144 ] ] } },
{ "type": "Feature", "properties": { "id": "11596025-482", "name": "Wayne Avenue", "class": "residential", "is_priority": false }, "geometry": { "type": "LineString", "coordinates": [ [ -75.093076, 39.958144 ], [ -75.091808, 39.95871 ] ] } },
{ "type": "Feature", "properties": { "id": "11596029-483", "name": "Wayne Avenue", "class": "residential", "is_priority": false }, "geometry": { "type": "LineString", "coordinates": [ [ -75.094888, 39.956981 ], [ -75.096315, 39.955552 ] ] } },
{ "type": "Feature", "properties": { "id": "11596029-484", "name": "Wayne Avenue", "class": "residential", "is_priority": false }, "geometry": { "type": "LineString", "coordinates": [ [ -75.096315, 39.955552 ], [ -75.09774, 39.954123 ] ] } },
{ "type": "Feature", "properties": { "id": "11596029-485", "name": "Wayne Avenue", "class": "residential", "is_priority": false }, "geometry": { "type": "LineString", "coordinates": [ [ -75.09774, 39.954123 ], [ -75.099169, 39.952695 ] ] } },
{ "type": "Feature", "properties": { "id": "11596029-486", "name": "Wayne Avenue", "class": "residential", "is_priority": false }, "geometry": { "type": "LineString", "coordinates": [ [ -75.099169, 39.952695 ], [ -75.100585, 39.95126 ] ] } },
{ "type": "Feature", "properties": { "id": "11596029-487", "name": "Wayne Avenue", "class": "residential", "is_priority": false }, "geometry": { "type": "LineString", "coordinates": [ [ -75.100585, 39.95126 ], [ -75.102012, 39.949832 ] ] } },
{ "type": "Feature", "properties": { "id": "11596029-488", "name": "Wayne Avenue", "class": "residential", "is_priority": false }, "geometry": { "type": "LineString", "coordinates": [ [ -75.102012, 39.949832 ], [ -75.102063, 39.949782 ], [ -75.102137, 39.949641 ] ] } },
{ "type": "Feature", "properties": { "id": "11596036-489", "name": "Birch Street", "class": "residential", "is_priority": false }, "geometry": { "type": "LineString", "coordinates": [ [ -75.114863, 39.949572 ], [ -75.113401, 39.94929 ] ] } },
{ "type": "Feature", "properties": { "id": "11596049-490", "name": "South 6th Street", "class": "residential", "is_priority": false }, "geometry": { "type": "LineString", "coordinates": [ [ -75.117739, 39.928793 ], [ -75.11771, 39.930595 ] ] } },
{ "type": "Feature", "properties": { "id": "11596049-491", "name": "South 6th Street", "class": "residential", "is_priority": false }, "geometry": { "type": "LineString", "coordinates": [ [ -75.11771, 39.930595 ], [ -75.117655, 39.932396 ] ] } },
{ "type": "Feature", "properties": { "id": "11596049-492", "name": "South 6th Street", "class": "residential", "is_priority": false }, "geometry": { "type": "LineString", "coordinates": [ [ -75.117655, 39.932396 ], [ -75.117619, 39.934198 ] ] } },
{ "type": "Feature", "properties": { "id": "11596049-493", "name": "South 6th Street", "class": "residential", "is_priority": false }, "geometry": { "type": "LineString", "coordinates": [ [ -75.117619, 39.934198 ], [ -75.1176, 39.935038 ], [ -75.117552, 39.935205 ] ] } },
{ "type": "Feature", "properties": { "id": "11596080-494", "name": "North 20th Street", "class": "residential", "is_priority": false }, "geometry": { "type": "LineString", "coordinates": [ [ -75.095518, 39.946435 ], [ -75.095334, 39.946779 ] ] } },
{ "type": "Feature", "properties": { "id": "11596085-495", "name": "Warsaw Street", "class": "residential", "is_priority": false }, "geometry": { "type": "LineString", "coordinates": [ [ -75.108124, 39.926368 ], [ -75.107641, 39.924605 ] ] } },
{ "type": "Feature", "properties": { "id": "11596085-496", "name": "Warsaw Street", "class": "residential", "is_priority": false }, "geometry": { "type": "LineString", "coordinates": [ [ -75.107641, 39.924605 ], [ -75.107549, 39.924201 ], [ -75.107485, 39.924064 ] ] } },
{ "type": "Feature", "properties": { "id": "11596086-497", "name": "Kolo Street", "class": "residential", "is_priority": false }, "geometry": { "type": "LineString", "coordinates": [ [ -75.107168, 39.923949 ], [ -75.107015, 39.923662 ], [ -75.107021, 39.923388 ] ] } },
{ "type": "Feature", "properties": { "id": "11596101-498", "name": "West America Road", "class": "residential", "is_priority": false }, "geometry": { "type": "LineString", "coordinates": [ [ -75.106395, 39.906001 ], [ -75.107264, 39.905719 ] ] } },
{ "type": "Feature", "properties": { "id": "11596118-499", "name": "North 32nd Street", "class": "residential", "is_priority": false }, "geometry": { "type": "LineString", "coordinates": [ [ -75.07741, 39.949332 ], [ -75.077865, 39.949953 ], [ -75.078266, 39.95055 ] ] } },
{ "type": "Feature", "properties": { "id": "11596120-500", "name": "North 32nd Street", "class": "residential", "is_priority": false }, "geometry": { "type": "LineString", "coordinates": [ [ -75.076261, 39.947487 ], [ -75.076555, 39.949148 ] ] } },
{ "type": "Feature", "properties": { "id": "11596121-501", "name": "North 32nd Street", "class": "residential", "is_priority": false }, "geometry": { "type": "LineString", "coordinates": [ [ -75.078419, 39.950495 ], [ -75.079578, 39.952061 ] ] } },
{ "type": "Feature", "properties": { "id": "11596121-502", "name": "North 32nd Street", "class": "residential", "is_priority": false }, "geometry": { "type": "LineString", "coordinates": [ [ -75.079578, 39.952061 ], [ -75.079897, 39.952481 ], [ -75.080072, 39.952533 ], [ -75.080838, 39.953545 ] ] } },
{ "type": "Feature", "properties": { "id": "11596121-503", "name": "North 32nd Street", "class": "residential", "is_priority": false }, "geometry": { "type": "LineString", "coordinates": [ [ -75.080838, 39.953545 ], [ -75.082021, 39.9551 ] ] } },
{ "type": "Feature", "properties": { "id": "11596121-504", "name": "North 32nd Street", "class": "residential", "is_priority": false }, "geometry": { "type": "LineString", "coordinates": [ [ -75.082021, 39.9551 ], [ -75.082446, 39.955644 ] ] } },
{ "type": "Feature", "properties": { "id": "11596122-505", "name": "North 32nd Street", "class": "residential", "is_priority": false }, "geometry": { "type": "LineString", "coordinates": [ [ -75.089034, 39.962915 ], [ -75.087665, 39.961453 ] ] } },
{ "type": "Feature", "properties": { "id": "11596122-506", "name": "North 32nd Street", "class": "residential", "is_priority": false }, "geometry": { "type": "LineString", "coordinates": [ [ -75.087665, 39.961453 ], [ -75.086313, 39.959982 ] ] } },
{ "type": "Feature", "properties": { "id": "11596122-507", "name": "North 32nd Street", "class": "residential", "is_priority": false }, "geometry": { "type": "LineString", "coordinates": [ [ -75.086313, 39.959982 ], [ -75.085084, 39.958647 ] ] } },
{ "type": "Feature", "properties": { "id": "11596155-508", "name": "Berwick Street", "class": "residential", "is_priority": false }, "geometry": { "type": "LineString", "coordinates": [ [ -75.093445, 39.943842 ], [ -75.093755, 39.943421 ], [ -75.094614, 39.942348 ] ] } },
{ "type": "Feature", "properties": { "id": "11596163-509", "name": "Fern Street", "class": "residential", "is_priority": false }, "geometry": { "type": "LineString", "coordinates": [ [ -75.113724, 39.948273 ], [ -75.112268, 39.947996 ] ] } },
{ "type": "Feature", "properties": { "id": "11596193-510", "name": "New Street", "class": "residential", "is_priority": false }, "geometry": { "type": "LineString", "coordinates": [ [ -75.11569, 39.939391 ], [ -75.114102, 39.939392 ] ] } },
{ "type": "Feature", "properties": { "id": "11596206-511", "name": "South 7th Street", "class": "residential", "is_priority": false }, "geometry": { "type": "LineString", "coordinates": [ [ -75.113958, 39.92079 ], [ -75.114012, 39.918989 ] ] } },
{ "type": "Feature", "properties": { "id": "11596206-512", "name": "South 7th Street", "class": "residential", "is_priority": false }, "geometry": { "type": "LineString", "coordinates": [ [ -75.114012, 39.918989 ], [ -75.114048, 39.918222 ], [ -75.114064, 39.917187 ] ] } },
{ "type": "Feature", "properties": { "id": "11596206-513", "name": "South 7th Street", "class": "residential", "is_priority": false }, "geometry": { "type": "LineString", "coordinates": [ [ -75.114064, 39.917187 ], [ -75.114086, 39.915385 ] ] } },
{ "type": "Feature", "properties": { "id": "11596206-514", "name": "South 7th Street", "class": "residential", "is_priority": false }, "geometry": { "type": "LineString", "coordinates": [ [ -75.114086, 39.915385 ], [ -75.114126, 39.913584 ] ] } },
{ "type": "Feature", "properties": { "id": "11596206-515", "name": "South 7th Street", "class": "residential", "is_priority": false }, "geometry": { "type": "LineString", "coordinates": [ [ -75.114126, 39.913584 ], [ -75.114142, 39.912657 ] ] } },
{ "type": "Feature", "properties": { "id": "11596208-516", "name": "South 7th Street", "class": "residential", "is_priority": false }, "geometry": { "type": "LineString", "coordinates": [ [ -75.114385, 39.926963 ], [ -75.114313, 39.926002 ] ] } },
{ "type": "Feature", "properties": { "id": "11596259-517", "name": "West Ironside Road", "class": "residential", "is_priority": false }, "geometry": { "type": "LineString", "coordinates": [ [ -75.109373, 39.902521 ], [ -75.109486, 39.902941 ], [ -75.109492, 39.903021 ], [ -75.109476, 39.903297 ], [ -75.109443, 39.90346 ], [ -75.109359, 39.903595 ] ] } },
{ "type": "Feature", "properties": { "id": "11596316-518", "name": "Princeton Avenue", "class": "residential", "is_priority": false }, "geometry": { "type": "LineString", "coordinates": [ [ -75.115116, 39.936779 ], [ -75.115022, 39.936084 ] ] } },
{ "type": "Feature", "properties": { "id": "11596322-519", "name": "Benson Street", "class": "residential", "is_priority": false }, "geometry": { "type": "LineString", "coordinates": [ [ -75.119275, 39.940832 ], [ -75.120462, 39.940843 ], [ -75.120931, 39.940862 ], [ -75.121611, 39.940923 ] ] } },
{ "type": "Feature", "properties": { "id": "11596322-520", "name": "Benson Street", "class": "residential", "is_priority": false }, "geometry": { "type": "LineString", "coordinates": [ [ -75.121611, 39.940923 ], [ -75.123939, 39.941112 ] ] } },
{ "type": "Feature", "properties": { "id": "11596322-521", "name": "Benson Street", "class": "residential", "is_priority": false }, "geometry": { "type": "LineString", "coordinates": [ [ -75.123939, 39.941112 ], [ -75.124769, 39.941184 ] ] } },
{ "type": "Feature", "properties": { "id": "11596323-522", "name": "Benson Street", "class": "residential", "is_priority": false }, "geometry": { "type": "LineString", "coordinates": [ [ -75.08467, 39.943795 ], [ -75.082352, 39.944045 ] ] } },
{ "type": "Feature", "properties": { "id": "11596323-523", "name": "Benson Street", "class": "residential", "is_priority": false }, "geometry": { "type": "LineString", "coordinates": [ [ -75.082352, 39.944045 ], [ -75.080054, 39.944291 ] ] } },
{ "type": "Feature", "properties": { "id": "11596379-524", "name": "South 8th Street", "class": "residential", "is_priority": false }, "geometry": { "type": "LineString", "coordinates": [ [ -75.113061, 39.932786 ], [ -75.113258, 39.934582 ] ] } },
{ "type": "Feature", "properties": { "id": "11596379-525", "name": "South 8th Street", "class": "residential", "is_priority": false }, "geometry": { "type": "LineString", "coordinates": [ [ -75.113258, 39.934582 ], [ -75.113483, 39.936375 ] ] } },
{ "type": "Feature", "properties": { "id": "11596379-526", "name": "South 8th Street", "class": "residential", "is_priority": false }, "geometry": { "type": "LineString", "coordinates": [ [ -75.113483, 39.936375 ], [ -75.113645, 39.937632 ] ] } },
{ "type": "Feature", "properties": { "id": "11596380-527", "name": "South 8th Street", "class": "residential", "is_priority": false }, "geometry": { "type": "LineString", "coordinates": [ [ -75.113387, 39.937655 ], [ -75.113417, 39.937922 ], [ -75.113843, 39.938357 ], [ -75.114132, 39.938553 ] ] } },
{ "type": "Feature", "properties": { "id": "11596404-528", "name": "North-South Freeway", "class": "motorway", "is_priority": true }, "geometry": { "type": "LineString", "coordinates": [ [ -75.113749, 39.906642 ], [ -75.113843, 39.906878 ] ] } },
{ "type": "Feature", "properties": { "id": "11596406-529", "name": "North-South Freeway", "class": "motorway", "is_priority": true }, "geometry": { "type": "LineString", "coordinates": [ [ -75.118517, 39.947962 ], [ -75.117989, 39.947745 ], [ -75.117553, 39.94752 ] ] } },
{ "type": "Feature", "properties": { "id": "11596441-530", "name": "Haddon Avenue", "class": "primary", "is_priority": true }, "geometry": { "type": "LineString", "coordinates": [ [ -75.114868, 39.941016 ], [ -75.113439, 39.939589 ] ] } },
{ "type": "Feature", "properties": { "id": "11596441-531", "name": "Haddon Avenue", "class": "primary", "is_priority": true }, "geometry": { "type": "LineString", "coordinates": [ [ -75.113439, 39.939589 ], [ -75.113251, 39.939401 ] ] } },
{ "type": "Feature", "properties": { "id": "11596475-532", "name": "Harbor Boulevard", "class": "unclassified", "is_priority": false }, "geometry": { "type": "LineString", "coordinates": [ [ -75.129329, 39.941869 ], [ -75.127738, 39.941723 ] ] } },
{ "type": "Feature", "properties": { "id": "11596528-533", "name": "Myrtle Avenue", "class": "residential", "is_priority": false }, "geometry": { "type": "LineString", "coordinates": [ [ -75.070693, 39.947015 ], [ -75.070568, 39.946984 ], [ -75.069907, 39.946939 ] ] } },
{ "type": "Feature", "properties": { "id": "11596564-534", "name": "South 9th Street", "class": "residential", "is_priority": false }, "geometry": { "type": "LineString", "coordinates": [ [ -75.113039, 39.939189 ], [ -75.11269, 39.937965 ], [ -75.112501, 39.937435 ] ] } },
{ "type": "Feature", "properties": { "id": "11596564-535", "name": "South 9th Street", "class": "residential", "is_priority": false }, "geometry": { "type": "LineString", "coordinates": [ [ -75.112501, 39.937435 ], [ -75.112295, 39.936873 ], [ -75.112197, 39.936282 ], [ -75.112126, 39.935663 ] ] } },
{ "type": "Feature", "properties": { "id": "11596564-536", "name": "South 9th Street", "class": "residential", "is_priority": false }, "geometry": { "type": "LineString", "coordinates": [ [ -75.112126, 39.935663 ], [ -75.111917, 39.933868 ] ] } },
{ "type": "Feature", "properties": { "id": "11596564-537", "name": "South 9th Street", "class": "residential", "is_priority": false }, "geometry": { "type": "LineString", "coordinates": [ [ -75.111917, 39.933868 ], [ -75.111712, 39.932073 ] ] } },
{ "type": "Feature", "properties": { "id": "11596564-538", "name": "South 9th Street", "class": "residential", "is_priority": false }, "geometry": { "type": "LineString", "coordinates": [ [ -75.111712, 39.932073 ], [ -75.111472, 39.930281 ] ] } },
{ "type": "Feature", "properties": { "id": "11596564-539", "name": "South 9th Street", "class": "residential", "is_priority": false }, "geometry": { "type": "LineString", "coordinates": [ [ -75.111472, 39.930281 ], [ -75.111245, 39.928487 ] ] } },
{ "type": "Feature", "properties": { "id": "11596564-540", "name": "South 9th Street", "class": "residential", "is_priority": false }, "geometry": { "type": "LineString", "coordinates": [ [ -75.111245, 39.928487 ], [ -75.111016, 39.926694 ] ] } },
{ "type": "Feature", "properties": { "id": "11596564-541", "name": "South 9th Street", "class": "residential", "is_priority": false }, "geometry": { "type": "LineString", "coordinates": [ [ -75.111016, 39.926694 ], [ -75.110893, 39.925607 ], [ -75.110782, 39.924901 ] ] } },
{ "type": "Feature", "properties": { "id": "11596564-542", "name": "South 9th Street", "class": "residential", "is_priority": false }, "geometry": { "type": "LineString", "coordinates": [ [ -75.110782, 39.924901 ], [ -75.110612, 39.923401 ], [ -75.110602, 39.923105 ] ] } },
{ "type": "Feature", "properties": { "id": "11596564-543", "name": "South 9th Street", "class": "residential", "is_priority": false }, "geometry": { "type": "LineString", "coordinates": [ [ -75.110602, 39.923105 ], [ -75.110563, 39.922084 ], [ -75.110505, 39.921305 ] ] } },
{ "type": "Feature", "properties": { "id": "11596564-544", "name": "South 9th Street", "class": "residential", "is_priority": false }, "geometry": { "type": "LineString", "coordinates": [ [ -75.110505, 39.921305 ], [ -75.110422, 39.919993 ], [ -75.110437, 39.919505 ] ] } },
{ "type": "Feature", "properties": { "id": "11596564-545", "name": "South 9th Street", "class": "residential", "is_priority": false }, "geometry": { "type": "LineString", "coordinates": [ [ -75.110437, 39.919505 ], [ -75.110487, 39.917703 ] ] } },
{ "type": "Feature", "properties": { "id": "11596564-546", "name": "South 9th Street", "class": "residential", "is_priority": false }, "geometry": { "type": "LineString", "coordinates": [ [ -75.110487, 39.917703 ], [ -75.11052, 39.915901 ] ] } },
{ "type": "Feature", "properties": { "id": "11596564-547", "name": "South 9th Street", "class": "residential", "is_priority": false }, "geometry": { "type": "LineString", "coordinates": [ [ -75.11052, 39.915901 ], [ -75.110547, 39.914736 ], [ -75.110539, 39.9141 ] ] } },
{ "type": "Feature", "properties": { "id": "11596564-548", "name": "South 9th Street", "class": "residential", "is_priority": false }, "geometry": { "type": "LineString", "coordinates": [ [ -75.110539, 39.9141 ], [ -75.110574, 39.913323 ] ] } },
{ "type": "Feature", "properties": { "id": "11596565-549", "name": "South 9th Street", "class": "unclassified", "is_priority": false }, "geometry": { "type": "LineString", "coordinates": [ [ -75.1151, 39.944049 ], [ -75.115112, 39.943306 ] ] } },
{ "type": "Feature", "properties": { "id": "11596566-550", "name": "Dudley Street", "class": "residential", "is_priority": false }, "geometry": { "type": "LineString", "coordinates": [ [ -75.081991, 39.950612 ], [ -75.082144, 39.950688 ], [ -75.082228, 39.95078 ], [ -75.083276, 39.952103 ] ] } },
{ "type": "Feature", "properties": { "id": "11596566-551", "name": "Dudley Street", "class": "residential", "is_priority": false }, "geometry": { "type": "LineString", "coordinates": [ [ -75.083276, 39.952103 ], [ -75.084226, 39.953332 ], [ -75.084235, 39.953387 ] ] } },
{ "type": "Feature", "properties": { "id": "11596615-552", "name": "Grant Avenue", "class": "residential", "is_priority": false }, "geometry": { "type": "LineString", "coordinates": [ [ -75.097149, 39.907493 ], [ -75.097205, 39.907474 ] ] } },
{ "type": "Feature", "properties": { "id": "11596658-553", "name": "New Hampshire Road", "class": "residential", "is_priority": false }, "geometry": { "type": "LineString", "coordinates": [ [ -75.10226, 39.904825 ], [ -75.101849, 39.904128 ] ] } },
{ "type": "Feature", "properties": { "id": "11596764-554", "name": "North 3rd Street", "class": "tertiary", "is_priority": false }, "geometry": { "type": "LineString", "coordinates": [ [ -75.123773, 39.94618 ], [ -75.123214, 39.947929 ] ] } },
{ "type": "Feature", "properties": { "id": "11596764-555", "name": "North 3rd Street", "class": "tertiary", "is_priority": false }, "geometry": { "type": "LineString", "coordinates": [ [ -75.123214, 39.947929 ], [ -75.123043, 39.948463 ] ] } },
{ "type": "Feature", "properties": { "id": "11596775-556", "name": "Terrace Avenue", "class": "tertiary", "is_priority": false }, "geometry": { "type": "LineString", "coordinates": [ [ -75.071855, 39.947958 ], [ -75.071426, 39.946718 ], [ -75.071009, 39.94631 ] ] } },
{ "type": "Feature", "properties": { "id": "11596775-557", "name": "Terrace Avenue", "class": "tertiary", "is_priority": false }, "geometry": { "type": "LineString", "coordinates": [ [ -75.071009, 39.94631 ], [ -75.070811, 39.946119 ] ] } },
{ "type": "Feature", "properties": { "id": "11596794-558", "name": "South Octagon Road", "class": "residential", "is_priority": false }, "geometry": { "type": "LineString", "coordinates": [ [ -75.106002, 39.904914 ], [ -75.104775, 39.905308 ], [ -75.104686, 39.905351 ], [ -75.10452, 39.905546 ], [ -75.104449, 39.90571 ] ] } },
{ "type": "Feature", "properties": { "id": "11596931-559", "name": "Ironside Road", "class": "residential", "is_priority": false }, "geometry": { "type": "LineString", "coordinates": [ [ -75.106919, 39.904276 ], [ -75.107232, 39.90436 ], [ -75.10733, 39.904368 ], [ -75.107468, 39.904347 ], [ -75.109088, 39.9038 ] ] } },
{ "type": "Feature", "properties": { "id": "11596931-560", "name": "Ironside Road", "class": "residential", "is_priority": false }, "geometry": { "type": "LineString", "coordinates": [ [ -75.109088, 39.9038 ], [ -75.109226, 39.903727 ], [ -75.109359, 39.903595 ] ] } },
{ "type": "Feature", "properties": { "id": "11597017-561", "name": "South Constitution Road", "class": "residential", "is_priority": false }, "geometry": { "type": "LineString", "coordinates": [ [ -75.09927, 39.90415 ], [ -75.09915, 39.904441 ], [ -75.099107, 39.904635 ], [ -75.099082, 39.904929 ], [ -75.099163, 39.905464 ], [ -75.099194, 39.905575 ], [ -75.099318, 39.905823 ] ] } },
{ "type": "Feature", "properties": { "id": "11597034-562", "name": "West Octagon Road", "class": "residential", "is_priority": false }, "geometry": { "type": "LineString", "coordinates": [ [ -75.107616, 39.906302 ], [ -75.107264, 39.905719 ], [ -75.106955, 39.905114 ] ] } },
{ "type": "Feature", "properties": { "id": "11597058-563", "name": "Colorado Road", "class": "residential", "is_priority": false }, "geometry": { "type": "LineString", "coordinates": [ [ -75.110198, 39.90237 ], [ -75.110515, 39.902958 ] ] } },
{ "type": "Feature", "properties": { "id": "11597107-564", "name": "Collings Road", "class": "secondary", "is_priority": false }, "geometry": { "type": "LineString", "coordinates": [ [ -75.096901, 39.906776 ], [ -75.097003, 39.90679 ], [ -75.097142, 39.906752 ], [ -75.099058, 39.906111 ] ] } },
{ "type": "Feature", "properties": { "id": "11597107-565", "name": "Collings Road", "class": "secondary", "is_priority": false }, "geometry": { "type": "LineString", "coordinates": [ [ -75.099058, 39.906111 ], [ -75.101199, 39.905385 ] ] } },
{ "type": "Feature", "properties": { "id": "11597107-566", "name": "Collings Road", "class": "secondary", "is_priority": false }, "geometry": { "type": "LineString", "coordinates": [ [ -75.101199, 39.905385 ], [ -75.102219, 39.905042 ] ] } },
{ "type": "Feature", "properties": { "id": "11597127-567", "name": "Garden Avenue", "class": "residential", "is_priority": false }, "geometry": { "type": "LineString", "coordinates": [ [ -75.080615, 39.942886 ], [ -75.080363, 39.942869 ], [ -75.079253, 39.942302 ], [ -75.078613, 39.941992 ] ] } },
{ "type": "Feature", "properties": { "id": "11597127-568", "name": "Garden Avenue", "class": "residential", "is_priority": false }, "geometry": { "type": "LineString", "coordinates": [ [ -75.078613, 39.941992 ], [ -75.076737, 39.941108 ] ] } },
{ "type": "Feature", "properties": { "id": "11597152-569", "name": "Mount Vernon Street", "class": "residential", "is_priority": false }, "geometry": { "type": "LineString", "coordinates": [ [ -75.110591, 39.933634 ], [ -75.109807, 39.933701 ] ] } },
{ "type": "Feature", "properties": { "id": "11597153-570", "name": "Mount Vernon Street", "class": "residential", "is_priority": false }, "geometry": { "type": "LineString", "coordinates": [ [ -75.111873, 39.933552 ], [ -75.113138, 39.933464 ] ] } },
{ "type": "Feature", "properties": { "id": "11597210-571", "name": "Mechanic Street", "class": "residential", "is_priority": false }, "geometry": { "type": "LineString", "coordinates": [ [ -75.128836, 39.928718 ], [ -75.126506, 39.928887 ] ] } },
{ "type": "Feature", "properties": { "id": "11597210-572", "name": "Mechanic Street", "class": "residential", "is_priority": false }, "geometry": { "type": "LineString", "coordinates": [ [ -75.126506, 39.928887 ], [ -75.124176, 39.929057 ] ] } },
{ "type": "Feature", "properties": { "id": "11597210-573", "name": "Mechanic Street", "class": "residential", "is_priority": false }, "geometry": { "type": "LineString", "coordinates": [ [ -75.124176, 39.929057 ], [ -75.121845, 39.929221 ] ] } },
{ "type": "Feature", "properties": { "id": "11597210-574", "name": "Mechanic Street", "class": "residential", "is_priority": false }, "geometry": { "type": "LineString", "coordinates": [ [ -75.121845, 39.929221 ], [ -75.121816, 39.929223 ] ] } },
{ "type": "Feature", "properties": { "id": "11597211-575", "name": "Mechanic Street", "class": "residential", "is_priority": false }, "geometry": { "type": "LineString", "coordinates": [ [ -75.104729, 39.930484 ], [ -75.107061, 39.930324 ] ] } },
{ "type": "Feature", "properties": { "id": "11597211-576", "name": "Mechanic Street", "class": "residential", "is_priority": false }, "geometry": { "type": "LineString", "coordinates": [ [ -75.107061, 39.930324 ], [ -75.109389, 39.930139 ] ] } },
{ "type": "Feature", "properties": { "id": "11597211-577", "name": "Mechanic Street", "class": "residential", "is_priority": false }, "geometry": { "type": "LineString", "coordinates": [ [ -75.109389, 39.930139 ], [ -75.111439, 39.929995 ] ] } },
{ "type": "Feature", "properties": { "id": "11597219-578", "name": "East Davis Street", "class": "residential", "is_priority": false }, "geometry": { "type": "LineString", "coordinates": [ [ -75.096158, 39.923817 ], [ -75.094531, 39.922638 ], [ -75.094473, 39.92257 ] ] } },
{ "type": "Feature", "properties": { "id": "11597219-579", "name": "East Davis Street", "class": "residential", "is_priority": false }, "geometry": { "type": "LineString", "coordinates": [ [ -75.094473, 39.92257 ], [ -75.094385, 39.92246 ], [ -75.094125, 39.921888 ] ] } },
{ "type": "Feature", "properties": { "id": "11597237-580", "name": "America Road", "class": "residential", "is_priority": false }, "geometry": { "type": "LineString", "coordinates": [ [ -75.105514, 39.906308 ], [ -75.104625, 39.906615 ] ] } },
{ "type": "Feature", "properties": { "id": "11597295-581", "name": "Fairview Street", "class": "residential", "is_priority": false }, "geometry": { "type": "LineString", "coordinates": [ [ -75.115319, 39.914089 ], [ -75.112979, 39.914064 ] ] } },
{ "type": "Feature", "properties": { "id": "11597295-582", "name": "Fairview Street", "class": "residential", "is_priority": false }, "geometry": { "type": "LineString", "coordinates": [ [ -75.112979, 39.914064 ], [ -75.11064, 39.914028 ] ] } },
{ "type": "Feature", "properties": { "id": "11597295-583", "name": "Fairview Street", "class": "residential", "is_priority": false }, "geometry": { "type": "LineString", "coordinates": [ [ -75.11064, 39.914028 ], [ -75.1083, 39.914001 ] ] } },
{ "type": "Feature", "properties": { "id": "11597295-584", "name": "Fairview Street", "class": "residential", "is_priority": false }, "geometry": { "type": "LineString", "coordinates": [ [ -75.1083, 39.914001 ], [ -75.106983, 39.913972 ] ] } },
{ "type": "Feature", "properties": { "id": "11597302-585", "name": "Alabama Road", "class": "tertiary", "is_priority": false }, "geometry": { "type": "LineString", "coordinates": [ [ -75.096149, 39.903995 ], [ -75.096336, 39.903941 ] ] } },
{ "type": "Feature", "properties": { "id": "11597303-586", "name": "Thorndyke Street", "class": "residential", "is_priority": false }, "geometry": { "type": "LineString", "coordinates": [ [ -75.089928, 39.937597 ], [ -75.089468, 39.93818 ], [ -75.089264, 39.938478 ], [ -75.08873, 39.939144 ] ] } },
{ "type": "Feature", "properties": { "id": "11597303-587", "name": "Thorndyke Street", "class": "residential", "is_priority": false }, "geometry": { "type": "LineString", "coordinates": [ [ -75.08873, 39.939144 ], [ -75.08859, 39.939311 ], [ -75.088161, 39.939897 ] ] } },
{ "type": "Feature", "properties": { "id": "11597305-588", "name": "Thorndyke Street", "class": "residential", "is_priority": false }, "geometry": { "type": "LineString", "coordinates": [ [ -75.087288, 39.941012 ], [ -75.086385, 39.942171 ] ] } },
{ "type": "Feature", "properties": { "id": "11597324-589", "name": "East State Street", "class": "secondary", "is_priority": false }, "geometry": { "type": "LineString", "coordinates": [ [ -75.093629, 39.945482 ], [ -75.094217, 39.945805 ], [ -75.095587, 39.946469 ] ] } },
{ "type": "Feature", "properties": { "id": "11597324-590", "name": "East State Street", "class": "secondary", "is_priority": false }, "geometry": { "type": "LineString", "coordinates": [ [ -75.095587, 39.946469 ], [ -75.096465, 39.946895 ] ] } },
{ "type": "Feature", "properties": { "id": "11597334-591", "name": "Cooper Street", "class": "residential", "is_priority": false }, "geometry": { "type": "LineString", "coordinates": [ [ -75.094712, 39.946038 ], [ -75.095848, 39.945882 ] ] } },
{ "type": "Feature", "properties": { "id": "11597335-592", "name": "Cooper Street", "class": "residential", "is_priority": false }, "geometry": { "type": "LineString", "coordinates": [ [ -75.110218, 39.943981 ], [ -75.110091, 39.944031 ], [ -75.110032, 39.944082 ], [ -75.110016, 39.944144 ], [ -75.110037, 39.944212 ], [ -75.11007, 39.944258 ], [ -75.110627, 39.944646 ], [ -75.110639, 39.944703 ] ] } },
{ "type": "Feature", "properties": { "id": "11597364-593", "name": "Magnolia Avenue", "class": "residential", "is_priority": false }, "geometry": { "type": "LineString", "coordinates": [ [ -75.104309, 39.93762 ], [ -75.103088, 39.936799 ], [ -75.102596, 39.93649 ] ] } },
{ "type": "Feature", "properties": { "id": "11597385-594", "name": "Lake Shore Drive", "class": "residential", "is_priority": false }, "geometry": { "type": "LineString", "coordinates": [ [ -75.107839, 39.913083 ], [ -75.107531, 39.912448 ], [ -75.107368, 39.912298 ], [ -75.107085, 39.91215 ], [ -75.106919, 39.912112 ], [ -75.106499, 39.912092 ], [ -75.106231, 39.912098 ] ] } },
{ "type": "Feature", "properties": { "id": "11597385-595", "name": "Lake Shore Drive", "class": "residential", "is_priority": false }, "geometry": { "type": "LineString", "coordinates": [ [ -75.106231, 39.912098 ], [ -75.105901, 39.912106 ], [ -75.10567, 39.912086 ], [ -75.105456, 39.912046 ], [ -75.104939, 39.911906 ], [ -75.104597, 39.911864 ], [ -75.104165, 39.911836 ], [ -75.103936, 39.911835 ] ] } },
{ "type": "Feature", "properties": { "id": "11597385-596", "name": "Lake Shore Drive", "class": "residential", "is_priority": false }, "geometry": { "type": "LineString", "coordinates": [ [ -75.103936, 39.911835 ], [ -75.103305, 39.91183 ], [ -75.103106, 39.911878 ], [ -75.102822, 39.912134 ], [ -75.102563, 39.9124 ], [ -75.102141, 39.912761 ] ] } },
{ "type": "Feature", "properties": { "id": "11597385-597", "name": "Lake Shore Drive", "class": "residential", "is_priority": false }, "geometry": { "type": "LineString", "coordinates": [ [ -75.102141, 39.912761 ], [ -75.101343, 39.913466 ], [ -75.100914, 39.913892 ] ] } },
{ "type": "Feature", "properties": { "id": "11597425-598", "name": "Phillips Street", "class": "residential", "is_priority": false }, "geometry": { "type": "LineString", "coordinates": [ [ -75.111298, 39.920193 ], [ -75.111419, 39.921992 ] ] } },
{ "type": "Feature", "properties": { "id": "11597425-599", "name": "Phillips Street", "class": "residential", "is_priority": false }, "geometry": { "type": "LineString", "coordinates": [ [ -75.111419, 39.921992 ], [ -75.111423, 39.922047 ] ] } },
{ "type": "Feature", "properties": { "id": "11597444-600", "name": "Wilmot Avenue", "class": "residential", "is_priority": false }, "geometry": { "type": "LineString", "coordinates": [ [ -75.076307, 39.944705 ], [ -75.075953, 39.943579 ] ] } },
{ "type": "Feature", "properties": { "id": "11597446-601", "name": "Wilmot Avenue", "class": "residential", "is_priority": false }, "geometry": { "type": "LineString", "coordinates": [ [ -75.075953, 39.943579 ], [ -75.075936, 39.943495 ], [ -75.076144, 39.943225 ] ] } },
{ "type": "Feature", "properties": { "id": "11597465-602", "name": "Sumter Road", "class": "residential", "is_priority": false }, "geometry": { "type": "LineString", "coordinates": [ [ -75.107833, 39.903698 ], [ -75.108766, 39.905351 ] ] } },
{ "type": "Feature", "properties": { "id": "11597465-603", "name": "Sumter Road", "class": "residential", "is_priority": false }, "geometry": { "type": "LineString", "coordinates": [ [ -75.108766, 39.905351 ], [ -75.109323, 39.906347 ] ] } },
{ "type": "Feature", "properties": { "id": "11597481-604", "name": "Venner Street", "class": "residential", "is_priority": false }, "geometry": { "type": "LineString", "coordinates": [ [ -75.092141, 39.924423 ], [ -75.091702, 39.923679 ], [ -75.091169, 39.922838 ], [ -75.091159, 39.92279 ] ] } },
{ "type": "Feature", "properties": { "id": "11597481-605", "name": "Venner Street", "class": "residential", "is_priority": false }, "geometry": { "type": "LineString", "coordinates": [ [ -75.091159, 39.92279 ], [ -75.09114, 39.922703 ] ] } },
{ "type": "Feature", "properties": { "id": "11597491-606", "name": "Fenwick Road", "class": "residential", "is_priority": false }, "geometry": { "type": "LineString", "coordinates": [ [ -75.110202, 39.903069 ], [ -75.110411, 39.903419 ], [ -75.110804, 39.903699 ], [ -75.111152, 39.904036 ], [ -75.111397, 39.904405 ], [ -75.111453, 39.904558 ] ] } },
{ "type": "Feature", "properties": { "id": "11597491-607", "name": "Fenwick Road", "class": "residential", "is_priority": false }, "geometry": { "type": "LineString", "coordinates": [ [ -75.111453, 39.904558 ], [ -75.11146, 39.904632 ] ] } },
{ "type": "Feature", "properties": { "id": "11597586-608", "name": "Eva Street", "class": "residential", "is_priority": false }, "geometry": { "type": "LineString", "coordinates": [ [ -75.079543, 39.942448 ], [ -75.079071, 39.942982 ] ] } },
{ "type": "Feature", "properties": { "id": "11597604-609", "name": "Carman Street", "class": "residential", "is_priority": false }, "geometry": { "type": "LineString", "coordinates": [ [ -75.101598, 39.943645 ], [ -75.10295, 39.943461 ] ] } },
{ "type": "Feature", "properties": { "id": "11597605-610", "name": "Carman Street", "class": "residential", "is_priority": false }, "geometry": { "type": "LineString", "coordinates": [ [ -75.092408, 39.944941 ], [ -75.092305, 39.944988 ], [ -75.090332, 39.945265 ] ] } },
{ "type": "Feature", "properties": { "id": "11597607-611", "name": "Carman Street", "class": "residential", "is_priority": false }, "geometry": { "type": "LineString", "coordinates": [ [ -75.078351, 39.946554 ], [ -75.080668, 39.9463 ] ] } },
{ "type": "Feature", "properties": { "id": "11597607-612", "name": "Carman Street", "class": "residential", "is_priority": false }, "geometry": { "type": "LineString", "coordinates": [ [ -75.080668, 39.9463 ], [ -75.082987, 39.946052 ] ] } },
{ "type": "Feature", "properties": { "id": "11597607-613", "name": "Carman Street", "class": "residential", "is_priority": false }, "geometry": { "type": "LineString", "coordinates": [ [ -75.082987, 39.946052 ], [ -75.085307, 39.945807 ] ] } },
{ "type": "Feature", "properties": { "id": "11597607-614", "name": "Carman Street", "class": "residential", "is_priority": false }, "geometry": { "type": "LineString", "coordinates": [ [ -75.085307, 39.945807 ], [ -75.08616, 39.945715 ] ] } },
{ "type": "Feature", "properties": { "id": "11597651-615", "name": "Boyd Street", "class": "residential", "is_priority": false }, "geometry": { "type": "LineString", "coordinates": [ [ -75.084588, 39.93978 ], [ -75.085899, 39.940377 ] ] } },
{ "type": "Feature", "properties": { "id": "11597661-616", "name": "Westminster Avenue", "class": "residential", "is_priority": false }, "geometry": { "type": "LineString", "coordinates": [ [ -75.093926, 39.940987 ], [ -75.092744, 39.942543 ] ] } },
{ "type": "Feature", "properties": { "id": "11597661-617", "name": "Westminster Avenue", "class": "residential", "is_priority": false }, "geometry": { "type": "LineString", "coordinates": [ [ -75.092744, 39.942543 ], [ -75.091563, 39.944098 ] ] } },
{ "type": "Feature", "properties": { "id": "11597661-618", "name": "Westminster Avenue", "class": "residential", "is_priority": false }, "geometry": { "type": "LineString", "coordinates": [ [ -75.091563, 39.944098 ], [ -75.091295, 39.94445 ] ] } },
{ "type": "Feature", "properties": { "id": "11597703-619", "name": "Locust Street", "class": "residential", "is_priority": false }, "geometry": { "type": "LineString", "coordinates": [ [ -75.126246, 39.936015 ], [ -75.126027, 39.934221 ] ] } },
{ "type": "Feature", "properties": { "id": "11597703-620", "name": "Locust Street", "class": "residential", "is_priority": false }, "geometry": { "type": "LineString", "coordinates": [ [ -75.126027, 39.934221 ], [ -75.125833, 39.932425 ] ] } },
{ "type": "Feature", "properties": { "id": "11597703-621", "name": "Locust Street", "class": "residential", "is_priority": false }, "geometry": { "type": "LineString", "coordinates": [ [ -75.125833, 39.932425 ], [ -75.125769, 39.931898 ] ] } },
{ "type": "Feature", "properties": { "id": "11597767-622", "name": "South 4th Street", "class": "residential", "is_priority": false }, "geometry": { "type": "LineString", "coordinates": [ [ -75.123074, 39.942537 ], [ -75.123336, 39.940747 ] ] } },
{ "type": "Feature", "properties": { "id": "11597767-623", "name": "South 4th Street", "class": "residential", "is_priority": false }, "geometry": { "type": "LineString", "coordinates": [ [ -75.123336, 39.940747 ], [ -75.123593, 39.938956 ] ] } },
{ "type": "Feature", "properties": { "id": "11597767-624", "name": "South 4th Street", "class": "residential", "is_priority": false }, "geometry": { "type": "LineString", "coordinates": [ [ -75.123593, 39.938956 ], [ -75.123852, 39.937165 ] ] } },
{ "type": "Feature", "properties": { "id": "11597767-625", "name": "South 4th Street", "class": "residential", "is_priority": false }, "geometry": { "type": "LineString", "coordinates": [ [ -75.123852, 39.937165 ], [ -75.123895, 39.936874 ] ] } },
{ "type": "Feature", "properties": { "id": "11597769-626", "name": "South 4th Street", "class": "residential", "is_priority": false }, "geometry": { "type": "LineString", "coordinates": [ [ -75.121273, 39.924859 ], [ -75.121313, 39.924176 ], [ -75.121311, 39.923789 ], [ -75.121364, 39.923518 ], [ -75.121377, 39.923061 ] ] } },
{ "type": "Feature", "properties": { "id": "11597769-627", "name": "South 4th Street", "class": "residential", "is_priority": false }, "geometry": { "type": "LineString", "coordinates": [ [ -75.121377, 39.923061 ], [ -75.121425, 39.921259 ] ] } },
{ "type": "Feature", "properties": { "id": "11597769-628", "name": "South 4th Street", "class": "residential", "is_priority": false }, "geometry": { "type": "LineString", "coordinates": [ [ -75.121425, 39.921259 ], [ -75.121445, 39.920215 ] ] } },
{ "type": "Feature", "properties": { "id": "11597858-629", "name": "Cushing Road", "class": "residential", "is_priority": false }, "geometry": { "type": "LineString", "coordinates": [ [ -75.103245, 39.908372 ], [ -75.101656, 39.908305 ] ] } },
{ "type": "Feature", "properties": { "id": "11597869-630", "name": "Independence Road", "class": "residential", "is_priority": false }, "geometry": { "type": "LineString", "coordinates": [ [ -75.10068, 39.904564 ], [ -75.101029, 39.90415 ], [ -75.10107, 39.904052 ], [ -75.101074, 39.903947 ], [ -75.10104, 39.90382 ], [ -75.100999, 39.903733 ], [ -75.100837, 39.903531 ], [ -75.100724, 39.903437 ], [ -75.100398, 39.903347 ], [ -75.100085, 39.903301 ] ] } },
{ "type": "Feature", "properties": { "id": "11597869-631", "name": "Independence Road", "class": "residential", "is_priority": false }, "geometry": { "type": "LineString", "coordinates": [ [ -75.100085, 39.903301 ], [ -75.099767, 39.903297 ], [ -75.099514, 39.903247 ], [ -75.099405, 39.903211 ] ] } },
{ "type": "Feature", "properties": { "id": "11597891-632", "name": "Wasp Road", "class": "residential", "is_priority": false }, "geometry": { "type": "LineString", "coordinates": [ [ -75.108402, 39.906894 ], [ -75.107436, 39.906608 ] ] } },
{ "type": "Feature", "properties": { "id": "11597897-633", "name": "Diamond Street", "class": "residential", "is_priority": false }, "geometry": { "type": "LineString", "coordinates": [ [ -75.107117, 39.934406 ], [ -75.105827, 39.933596 ] ] } },
{ "type": "Feature", "properties": { "id": "11597945-634", "name": "South 5th Street", "class": "residential", "is_priority": false }, "geometry": { "type": "LineString", "coordinates": [ [ -75.120909, 39.942445 ], [ -75.120936, 39.940644 ] ] } },
{ "type": "Feature", "properties": { "id": "11597945-635", "name": "South 5th Street", "class": "residential", "is_priority": false }, "geometry": { "type": "LineString", "coordinates": [ [ -75.120936, 39.940644 ], [ -75.120977, 39.938842 ] ] } },
{ "type": "Feature", "properties": { "id": "11597945-636", "name": "South 5th Street", "class": "residential", "is_priority": false }, "geometry": { "type": "LineString", "coordinates": [ [ -75.120977, 39.938842 ], [ -75.121021, 39.93704 ] ] } },
{ "type": "Feature", "properties": { "id": "11597945-637", "name": "South 5th Street", "class": "residential", "is_priority": false }, "geometry": { "type": "LineString", "coordinates": [ [ -75.121021, 39.93704 ], [ -75.120955, 39.936378 ], [ -75.120807, 39.935246 ] ] } },
{ "type": "Feature", "properties": { "id": "11597945-638", "name": "South 5th Street", "class": "residential", "is_priority": false }, "geometry": { "type": "LineString", "coordinates": [ [ -75.120807, 39.935246 ], [ -75.120615, 39.93345 ] ] } },
{ "type": "Feature", "properties": { "id": "11597945-639", "name": "South 5th Street", "class": "residential", "is_priority": false }, "geometry": { "type": "LineString", "coordinates": [ [ -75.120615, 39.93345 ], [ -75.120486, 39.932278 ] ] } },
{ "type": "Feature", "properties": { "id": "11597946-640", "name": "South 5th Street", "class": "residential", "is_priority": false }, "geometry": { "type": "LineString", "coordinates": [ [ -75.12158, 39.944123 ], [ -75.121589, 39.943534 ], [ -75.121635, 39.943239 ], [ -75.121907, 39.942593 ] ] } },
{ "type": "Feature", "properties": { "id": "11597964-641", "name": "Woodland Avenue", "class": "residential", "is_priority": false }, "geometry": { "type": "LineString", "coordinates": [ [ -75.115603, 39.915511 ], [ -75.113263, 39.915487 ] ] } },
{ "type": "Feature", "properties": { "id": "11597964-642", "name": "Woodland Avenue", "class": "residential", "is_priority": false }, "geometry": { "type": "LineString", "coordinates": [ [ -75.113263, 39.915487 ], [ -75.110923, 39.915463 ] ] } },
{ "type": "Feature", "properties": { "id": "11597964-643", "name": "Woodland Avenue", "class": "residential", "is_priority": false }, "geometry": { "type": "LineString", "coordinates": [ [ -75.110923, 39.915463 ], [ -75.108707, 39.91544 ] ] } },
{ "type": "Feature", "properties": { "id": "11597991-644", "name": "Cedar Street", "class": "residential", "is_priority": false }, "geometry": { "type": "LineString", "coordinates": [ [ -75.111621, 39.950019 ], [ -75.113071, 39.950299 ] ] } },
{ "type": "Feature", "properties": { "id": "11597994-645", "name": "Cedar Street", "class": "residential", "is_priority": false }, "geometry": { "type": "LineString", "coordinates": [ [ -75.114526, 39.950583 ], [ -75.115813, 39.95083 ] ] } },
{ "type": "Feature", "properties": { "id": "11598009-646", "name": "Argus Road", "class": "residential", "is_priority": false }, "geometry": { "type": "LineString", "coordinates": [ [ -75.104308, 39.906037 ], [ -75.102787, 39.906528 ], [ -75.102692, 39.906606 ], [ -75.102648, 39.906702 ], [ -75.10261, 39.90691 ] ] } },
{ "type": "Feature", "properties": { "id": "11598023-647", "name": "Leonard Avenue", "class": "residential", "is_priority": false }, "geometry": { "type": "LineString", "coordinates": [ [ -75.085834, 39.947372 ], [ -75.085323, 39.94652 ] ] } },
{ "type": "Feature", "properties": { "id": "11598050-648", "name": "York Street", "class": "residential", "is_priority": false }, "geometry": { "type": "LineString", "coordinates": [ [ -75.125654, 39.955241 ], [ -75.124992, 39.955098 ], [ -75.123384, 39.9548 ] ] } },
{ "type": "Feature", "properties": { "id": "11598050-649", "name": "York Street", "class": "residential", "is_priority": false }, "geometry": { "type": "LineString", "coordinates": [ [ -75.123384, 39.9548 ], [ -75.121113, 39.954361 ] ] } },
{ "type": "Feature", "properties": { "id": "11598050-650", "name": "York Street", "class": "residential", "is_priority": false }, "geometry": { "type": "LineString", "coordinates": [ [ -75.121113, 39.954361 ], [ -75.118839, 39.953931 ] ] } },
{ "type": "Feature", "properties": { "id": "11598050-651", "name": "York Street", "class": "residential", "is_priority": false }, "geometry": { "type": "LineString", "coordinates": [ [ -75.118839, 39.953931 ], [ -75.11657, 39.953486 ] ] } },
{ "type": "Feature", "properties": { "id": "11598050-652", "name": "York Street", "class": "residential", "is_priority": false }, "geometry": { "type": "LineString", "coordinates": [ [ -75.11657, 39.953486 ], [ -75.114299, 39.95305 ] ] } },
{ "type": "Feature", "properties": { "id": "11598050-653", "name": "York Street", "class": "residential", "is_priority": false }, "geometry": { "type": "LineString", "coordinates": [ [ -75.114299, 39.95305 ], [ -75.112306, 39.95267 ] ] } },
{ "type": "Feature", "properties": { "id": "11598135-654", "name": "Cope Street", "class": "residential", "is_priority": false }, "geometry": { "type": "LineString", "coordinates": [ [ -75.103063, 39.924401 ], [ -75.102892, 39.92303 ] ] } },
{ "type": "Feature", "properties": { "id": "11598165-655", "name": "Newport Street", "class": "residential", "is_priority": false }, "geometry": { "type": "LineString", "coordinates": [ [ -75.106916, 39.926067 ], [ -75.107604, 39.927513 ] ] } },
{ "type": "Feature", "properties": { "id": "11598260-656", "name": "Spruce Street", "class": "residential", "is_priority": false }, "geometry": { "type": "LineString", "coordinates": [ [ -75.110695, 39.935668 ], [ -75.10908, 39.936139 ] ] } },
{ "type": "Feature", "properties": { "id": "11598262-657", "name": "South Front Street", "class": "residential", "is_priority": false }, "geometry": { "type": "LineString", "coordinates": [ [ -75.129183, 39.931694 ], [ -75.129154, 39.93187 ], [ -75.129155, 39.932342 ], [ -75.129028, 39.933061 ], [ -75.128975, 39.933486 ] ] } },
{ "type": "Feature", "properties": { "id": "11598262-658", "name": "South Front Street", "class": "residential", "is_priority": false }, "geometry": { "type": "LineString", "coordinates": [ [ -75.128975, 39.933486 ], [ -75.128899, 39.934061 ], [ -75.128807, 39.93432 ], [ -75.128744, 39.934416 ], [ -75.128666, 39.934488 ] ] } },
{ "type": "Feature", "properties": { "id": "11598320-659", "name": "Farragut Avenue", "class": "residential", "is_priority": false }, "geometry": { "type": "LineString", "coordinates": [ [ -75.085115, 39.965258 ], [ -75.087456, 39.965218 ] ] } },
{ "type": "Feature", "properties": { "id": "11598320-660", "name": "Farragut Avenue", "class": "residential", "is_priority": false }, "geometry": { "type": "LineString", "coordinates": [ [ -75.087456, 39.965218 ], [ -75.088846, 39.965139 ], [ -75.089624, 39.964722 ] ] } },
{ "type": "Feature", "properties": { "id": "11598320-661", "name": "Farragut Avenue", "class": "residential", "is_priority": false }, "geometry": { "type": "LineString", "coordinates": [ [ -75.089624, 39.964722 ], [ -75.090314, 39.964353 ] ] } },
{ "type": "Feature", "properties": { "id": "11598329-662", "name": "Line Street", "class": "residential", "is_priority": false }, "geometry": { "type": "LineString", "coordinates": [ [ -75.082185, 39.940601 ], [ -75.080621, 39.940763 ] ] } },
{ "type": "Feature", "properties": { "id": "11598333-663", "name": "Line Street", "class": "residential", "is_priority": false }, "geometry": { "type": "LineString", "coordinates": [ [ -75.12685, 39.936647 ], [ -75.124519, 39.936815 ] ] } },
{ "type": "Feature", "properties": { "id": "11598333-664", "name": "Line Street", "class": "residential", "is_priority": false }, "geometry": { "type": "LineString", "coordinates": [ [ -75.124519, 39.936815 ], [ -75.123895, 39.936874 ], [ -75.122761, 39.936941 ], [ -75.12219, 39.936991 ] ] } },
{ "type": "Feature", "properties": { "id": "11598333-665", "name": "Line Street", "class": "residential", "is_priority": false }, "geometry": { "type": "LineString", "coordinates": [ [ -75.12219, 39.936991 ], [ -75.11986, 39.937164 ] ] } },
{ "type": "Feature", "properties": { "id": "11598333-666", "name": "Line Street", "class": "residential", "is_priority": false }, "geometry": { "type": "LineString", "coordinates": [ [ -75.11986, 39.937164 ], [ -75.119363, 39.937194 ], [ -75.119266, 39.937139 ], [ -75.117544, 39.937123 ] ] } },
{ "type": "Feature", "properties": { "id": "11598333-667", "name": "Line Street", "class": "residential", "is_priority": false }, "geometry": { "type": "LineString", "coordinates": [ [ -75.117544, 39.937123 ], [ -75.115752, 39.937113 ] ] } },
{ "type": "Feature", "properties": { "id": "11598335-668", "name": "Line Street", "class": "residential", "is_priority": false }, "geometry": { "type": "LineString", "coordinates": [ [ -75.11261, 39.937715 ], [ -75.114394, 39.937584 ] ] } },
{ "type": "Feature", "properties": { "id": "11598364-669", "name": "Concord Avenue", "class": "residential", "is_priority": false }, "geometry": { "type": "LineString", "coordinates": [ [ -75.09034, 39.956737 ], [ -75.092355, 39.95582 ] ] } },
{ "type": "Feature", "properties": { "id": "11598364-670", "name": "Concord Avenue", "class": "residential", "is_priority": false }, "geometry": { "type": "LineString", "coordinates": [ [ -75.092355, 39.95582 ], [ -75.093578, 39.955258 ] ] } },
{ "type": "Feature", "properties": { "id": "11598370-671", "name": "Morgan Boulevard", "class": "tertiary", "is_priority": false }, "geometry": { "type": "LineString", "coordinates": [ [ -75.110585, 39.912598 ], [ -75.110602, 39.912262 ], [ -75.110569, 39.911986 ], [ -75.110529, 39.911873 ], [ -75.110332, 39.911508 ], [ -75.110147, 39.911287 ], [ -75.109954, 39.911095 ], [ -75.109801, 39.910972 ] ] } },
{ "type": "Feature", "properties": { "id": "11598370-672", "name": "Morgan Boulevard", "class": "tertiary", "is_priority": false }, "geometry": { "type": "LineString", "coordinates": [ [ -75.109801, 39.910972 ], [ -75.108379, 39.909833 ] ] } },
{ "type": "Feature", "properties": { "id": "11598407-673", "name": "Chase Street", "class": "residential", "is_priority": false }, "geometry": { "type": "LineString", "coordinates": [ [ -75.099654, 39.926 ], [ -75.101986, 39.925848 ] ] } },
{ "type": "Feature", "properties": { "id": "11598407-674", "name": "Chase Street", "class": "residential", "is_priority": false }, "geometry": { "type": "LineString", "coordinates": [ [ -75.101986, 39.925848 ], [ -75.104315, 39.925671 ] ] } },
{ "type": "Feature", "properties": { "id": "11598407-675", "name": "Chase Street", "class": "residential", "is_priority": false }, "geometry": { "type": "LineString", "coordinates": [ [ -75.104315, 39.925671 ], [ -75.105694, 39.925577 ] ] } },
{ "type": "Feature", "properties": { "id": "11598411-676", "name": "Idaho Road", "class": "residential", "is_priority": false }, "geometry": { "type": "LineString", "coordinates": [ [ -75.108181, 39.908487 ], [ -75.107388, 39.907014 ], [ -75.107348, 39.906903 ] ] } },
{ "type": "Feature", "properties": { "id": "11598472-677", "name": "Whitman Avenue", "class": "residential", "is_priority": false }, "geometry": { "type": "LineString", "coordinates": [ [ -75.100983, 39.92864 ], [ -75.100907, 39.928704 ], [ -75.098688, 39.928865 ] ] } },
{ "type": "Feature", "properties": { "id": "11598472-678", "name": "Whitman Avenue", "class": "residential", "is_priority": false }, "geometry": { "type": "LineString", "coordinates": [ [ -75.098688, 39.928865 ], [ -75.098276, 39.92889 ] ] } },
{ "type": "Feature", "properties": { "id": "11598474-679", "name": "Whitman Avenue", "class": "residential", "is_priority": false }, "geometry": { "type": "LineString", "coordinates": [ [ -75.121539, 39.927196 ], [ -75.119584, 39.927287 ] ] } },
{ "type": "Feature", "properties": { "id": "11598520-680", "name": "Moro Street", "class": "residential", "is_priority": false }, "geometry": { "type": "LineString", "coordinates": [ [ -75.101318, 39.948266 ], [ -75.10273, 39.948867 ], [ -75.103052, 39.948963 ], [ -75.103421, 39.949039 ] ] } },
{ "type": "Feature", "properties": { "id": "11598520-681", "name": "Moro Street", "class": "residential", "is_priority": false }, "geometry": { "type": "LineString", "coordinates": [ [ -75.103421, 39.949039 ], [ -75.104275, 39.949149 ], [ -75.104604, 39.949221 ], [ -75.10533, 39.94948 ] ] } },
{ "type": "Feature", "properties": { "id": "11598529-682", "name": "Lawrence Street", "class": "residential", "is_priority": false }, "geometry": { "type": "LineString", "coordinates": [ [ -75.110159, 39.945004 ], [ -75.109696, 39.944671 ], [ -75.109423, 39.944513 ], [ -75.109124, 39.944474 ] ] } },
{ "type": "Feature", "properties": { "id": "11598531-683", "name": "Yorkship Road", "class": "tertiary", "is_priority": false }, "geometry": { "type": "LineString", "coordinates": [ [ -75.1081, 39.909607 ], [ -75.107891, 39.90943 ], [ -75.107741, 39.909263 ] ] } },
{ "type": "Feature", "properties": { "id": "11598533-684", "name": "Yorkship Road", "class": "tertiary", "is_priority": false }, "geometry": { "type": "LineString", "coordinates": [ [ -75.107741, 39.909263 ], [ -75.107525, 39.90871 ], [ -75.106886, 39.907589 ] ] } },
{ "type": "Feature", "properties": { "id": "11598533-685", "name": "Yorkship Road", "class": "tertiary", "is_priority": false }, "geometry": { "type": "LineString", "coordinates": [ [ -75.106886, 39.907589 ], [ -75.106257, 39.906468 ] ] } },
{ "type": "Feature", "properties": { "id": "11598553-686", "name": "Vine Street", "class": "tertiary", "is_priority": false }, "geometry": { "type": "LineString", "coordinates": [ [ -75.126157, 39.953355 ], [ -75.124477, 39.953036 ] ] } },
{ "type": "Feature", "properties": { "id": "11598653-687", "name": "Tenford Court", "class": "residential", "is_priority": false }, "geometry": { "type": "LineString", "coordinates": [ [ -75.108698, 39.92291 ], [ -75.107891, 39.922937 ] ] } },
{ "type": "Feature", "properties": { "id": "11598671-688", "name": "Carl Miller Boulevard", "class": "residential", "is_priority": false }, "geometry": { "type": "LineString", "coordinates": [ [ -75.104703, 39.923587 ], [ -75.102373, 39.923754 ] ] } },
{ "type": "Feature", "properties": { "id": "11598671-689", "name": "Carl Miller Boulevard", "class": "residential", "is_priority": false }, "geometry": { "type": "LineString", "coordinates": [ [ -75.102373, 39.923754 ], [ -75.100043, 39.923924 ] ] } },
{ "type": "Feature", "properties": { "id": "11598671-690", "name": "Carl Miller Boulevard", "class": "residential", "is_priority": false }, "geometry": { "type": "LineString", "coordinates": [ [ -75.100043, 39.923924 ], [ -75.098431, 39.924042 ] ] } },
{ "type": "Feature", "properties": { "id": "11598672-691", "name": "Carl Miller Boulevard", "class": "residential", "is_priority": false }, "geometry": { "type": "LineString", "coordinates": [ [ -75.114089, 39.923439 ], [ -75.111749, 39.92341 ] ] } },
{ "type": "Feature", "properties": { "id": "11598672-692", "name": "Carl Miller Boulevard", "class": "residential", "is_priority": false }, "geometry": { "type": "LineString", "coordinates": [ [ -75.111749, 39.92341 ], [ -75.109409, 39.923397 ] ] } },
{ "type": "Feature", "properties": { "id": "11598672-693", "name": "Carl Miller Boulevard", "class": "residential", "is_priority": false }, "geometry": { "type": "LineString", "coordinates": [ [ -75.109409, 39.923397 ], [ -75.107068, 39.923389 ] ] } },
{ "type": "Feature", "properties": { "id": "11598672-694", "name": "Carl Miller Boulevard", "class": "residential", "is_priority": false }, "geometry": { "type": "LineString", "coordinates": [ [ -75.107068, 39.923389 ], [ -75.106503, 39.923386 ], [ -75.106383, 39.923405 ], [ -75.104845, 39.923871 ] ] } },
{ "type": "Feature", "properties": { "id": "11598672-695", "name": "Carl Miller Boulevard", "class": "residential", "is_priority": false }, "geometry": { "type": "LineString", "coordinates": [ [ -75.104845, 39.923871 ], [ -75.104839, 39.923873 ] ] } },
{ "type": "Feature", "properties": { "id": "11598715-696", "name": "Mulford Street", "class": "residential", "is_priority": false }, "geometry": { "type": "LineString", "coordinates": [ [ -75.107914, 39.923394 ], [ -75.107812, 39.921594 ] ] } },
{ "type": "Feature", "properties": { "id": "11598715-697", "name": "Mulford Street", "class": "residential", "is_priority": false }, "geometry": { "type": "LineString", "coordinates": [ [ -75.107812, 39.921594 ], [ -75.107696, 39.919794 ] ] } },
{ "type": "Feature", "properties": { "id": "11598715-698", "name": "Mulford Street", "class": "residential", "is_priority": false }, "geometry": { "type": "LineString", "coordinates": [ [ -75.107696, 39.919794 ], [ -75.107673, 39.91947 ], [ -75.107732, 39.919385 ] ] } },
{ "type": "Feature", "properties": { "id": "11598720-699", "name": "Princess Avenue", "class": "residential", "is_priority": false }, "geometry": { "type": "LineString", "coordinates": [ [ -75.106827, 39.935609 ], [ -75.105012, 39.934471 ] ] } },
{ "type": "Feature", "properties": { "id": "11598720-700", "name": "Princess Avenue", "class": "residential", "is_priority": false }, "geometry": { "type": "LineString", "coordinates": [ [ -75.105012, 39.934471 ], [ -75.10488, 39.934374 ], [ -75.103194, 39.933337 ] ] } },
{ "type": "Feature", "properties": { "id": "11598720-701", "name": "Princess Avenue", "class": "residential", "is_priority": false }, "geometry": { "type": "LineString", "coordinates": [ [ -75.103194, 39.933337 ], [ -75.101414, 39.932167 ] ] } },
{ "type": "Feature", "properties": { "id": "11598720-702", "name": "Princess Avenue", "class": "residential", "is_priority": false }, "geometry": { "type": "LineString", "coordinates": [ [ -75.101414, 39.932167 ], [ -75.099728, 39.930917 ] ] } },
{ "type": "Feature", "properties": { "id": "11598720-703", "name": "Princess Avenue", "class": "residential", "is_priority": false }, "geometry": { "type": "LineString", "coordinates": [ [ -75.099728, 39.930917 ], [ -75.098014, 39.92969 ] ] } },
{ "type": "Feature", "properties": { "id": "11598720-704", "name": "Princess Avenue", "class": "residential", "is_priority": false }, "geometry": { "type": "LineString", "coordinates": [ [ -75.098014, 39.92969 ], [ -75.096963, 39.928918 ] ] } },
{ "type": "Feature", "properties": { "id": "11598754-705", "name": "Olive Street", "class": "residential", "is_priority": false }, "geometry": { "type": "LineString", "coordinates": [ [ -75.11239, 39.911181 ], [ -75.110164, 39.911154 ], [ -75.110064, 39.911197 ] ] } },
{ "type": "Feature", "properties": { "id": "11598754-706", "name": "Olive Street", "class": "residential", "is_priority": false }, "geometry": { "type": "LineString", "coordinates": [ [ -75.110064, 39.911197 ], [ -75.110059, 39.911199 ] ] } },
{ "type": "Feature", "properties": { "id": "11598853-707", "name": "Penn Street", "class": "residential", "is_priority": false }, "geometry": { "type": "LineString", "coordinates": [ [ -75.114185, 39.946803 ], [ -75.114135, 39.946761 ], [ -75.114043, 39.946728 ], [ -75.11194, 39.946329 ] ] } },
{ "type": "Feature", "properties": { "id": "11598853-708", "name": "Penn Street", "class": "residential", "is_priority": false }, "geometry": { "type": "LineString", "coordinates": [ [ -75.11194, 39.946329 ], [ -75.111303, 39.946209 ] ] } },
{ "type": "Feature", "properties": { "id": "11598903-709", "name": "Ella Street", "class": "residential", "is_priority": false }, "geometry": { "type": "LineString", "coordinates": [ [ -75.0784, 39.942675 ], [ -75.077938, 39.943262 ] ] } },
{ "type": "Feature", "properties": { "id": "11598974-710", "name": "Atlantic Avenue", "class": "residential", "is_priority": false }, "geometry": { "type": "LineString", "coordinates": [ [ -75.128555, 39.928049 ], [ -75.126225, 39.928217 ] ] } },
{ "type": "Feature", "properties": { "id": "11598974-711", "name": "Atlantic Avenue", "class": "residential", "is_priority": false }, "geometry": { "type": "LineString", "coordinates": [ [ -75.126225, 39.928217 ], [ -75.123894, 39.928384 ] ] } },
{ "type": "Feature", "properties": { "id": "11598974-712", "name": "Atlantic Avenue", "class": "residential", "is_priority": false }, "geometry": { "type": "LineString", "coordinates": [ [ -75.123894, 39.928384 ], [ -75.123514, 39.928411 ] ] } },
{ "type": "Feature", "properties": { "id": "11598979-713", "name": "Atlantic Avenue", "class": "residential", "is_priority": false }, "geometry": { "type": "LineString", "coordinates": [ [ -75.123049, 39.928445 ], [ -75.120718, 39.92861 ] ] } },
{ "type": "Feature", "properties": { "id": "11598979-714", "name": "Atlantic Avenue", "class": "residential", "is_priority": false }, "geometry": { "type": "LineString", "coordinates": [ [ -75.120718, 39.92861 ], [ -75.11955, 39.928683 ] ] } },
{ "type": "Feature", "properties": { "id": "11598985-715", "name": "Atlantic Avenue", "class": "tertiary", "is_priority": false }, "geometry": { "type": "LineString", "coordinates": [ [ -75.113096, 39.929144 ], [ -75.110766, 39.929317 ] ] } },
{ "type": "Feature", "properties": { "id": "11598985-716", "name": "Atlantic Avenue", "class": "tertiary", "is_priority": false }, "geometry": { "type": "LineString", "coordinates": [ [ -75.110766, 39.929317 ], [ -75.108436, 39.929491 ] ] } },
{ "type": "Feature", "properties": { "id": "11598985-717", "name": "Atlantic Avenue", "class": "tertiary", "is_priority": false }, "geometry": { "type": "LineString", "coordinates": [ [ -75.108436, 39.929491 ], [ -75.107685, 39.92955 ] ] } },
{ "type": "Feature", "properties": { "id": "11598988-718", "name": "Atlantic Avenue", "class": "secondary", "is_priority": false }, "geometry": { "type": "LineString", "coordinates": [ [ -75.116061, 39.928907 ], [ -75.11506, 39.928991 ] ] } },
{ "type": "Feature", "properties": { "id": "11598992-719", "name": "Hillside Avenue", "class": "residential", "is_priority": false }, "geometry": { "type": "LineString", "coordinates": [ [ -75.076121, 39.941631 ], [ -75.078133, 39.942552 ] ] } },
{ "type": "Feature", "properties": { "id": "11598992-720", "name": "Hillside Avenue", "class": "residential", "is_priority": false }, "geometry": { "type": "LineString", "coordinates": [ [ -75.078133, 39.942552 ], [ -75.079741, 39.943298 ] ] } },
{ "type": "Feature", "properties": { "id": "11599004-721", "name": "Hunter Drive", "class": "residential", "is_priority": false }, "geometry": { "type": "LineString", "coordinates": [ [ -75.111132, 39.911889 ], [ -75.111194, 39.912037 ], [ -75.111333, 39.912104 ], [ -75.11214, 39.912123 ], [ -75.112151, 39.911905 ] ] } },
{ "type": "Feature", "properties": { "id": "11599027-722", "name": "State Street", "class": "residential", "is_priority": false }, "geometry": { "type": "LineString", "coordinates": [ [ -75.125903, 39.95413 ], [ -75.126846, 39.954215 ], [ -75.126977, 39.954241 ] ] } },
{ "type": "Feature", "properties": { "id": "11599035-723", "name": "Jersey Joe Walcott Boulevard", "class": "secondary", "is_priority": false }, "geometry": { "type": "LineString", "coordinates": [ [ -75.128265, 39.947055 ], [ -75.128495, 39.946359 ] ] } },
{ "type": "Feature", "properties": { "id": "11599083-724", "name": "Elm Street", "class": "residential", "is_priority": false }, "geometry": { "type": "LineString", "coordinates": [ [ -75.126491, 39.952342 ], [ -75.124217, 39.951912 ] ] } },
{ "type": "Feature", "properties": { "id": "11599083-725", "name": "Elm Street", "class": "residential", "is_priority": false }, "geometry": { "type": "LineString", "coordinates": [ [ -75.124217, 39.951912 ], [ -75.122063, 39.951505 ] ] } },
{ "type": "Feature", "properties": { "id": "11599095-726", "name": "New Jersey Road", "class": "residential", "is_priority": false }, "geometry": { "type": "LineString", "coordinates": [ [ -75.104654, 39.904219 ], [ -75.104163, 39.903352 ] ] } },
{ "type": "Feature", "properties": { "id": "11599100-727", "name": "Memorial Avenue", "class": "tertiary", "is_priority": false }, "geometry": { "type": "LineString", "coordinates": [ [ -75.107988, 39.94117 ], [ -75.107892, 39.941382 ], [ -75.107793, 39.941524 ], [ -75.106725, 39.942559 ] ] } },
{ "type": "Feature", "properties": { "id": "11599112-728", "name": "Trent Road", "class": "residential", "is_priority": false }, "geometry": { "type": "LineString", "coordinates": [ [ -75.107616, 39.906302 ], [ -75.109758, 39.905576 ] ] } },
{ "type": "Feature", "properties": { "id": "11599112-729", "name": "Trent Road", "class": "residential", "is_priority": false }, "geometry": { "type": "LineString", "coordinates": [ [ -75.109758, 39.905576 ], [ -75.110373, 39.905377 ], [ -75.110513, 39.905348 ], [ -75.110814, 39.905344 ] ] } },
{ "type": "Feature", "properties": { "id": "11599124-730", "name": "North 39th Street", "class": "residential", "is_priority": false }, "geometry": { "type": "LineString", "coordinates": [ [ -75.071788, 39.952799 ], [ -75.073262, 39.954199 ] ] } },
{ "type": "Feature", "properties": { "id": "11599124-731", "name": "North 39th Street", "class": "residential", "is_priority": false }, "geometry": { "type": "LineString", "coordinates": [ [ -75.073262, 39.954199 ], [ -75.074732, 39.955602 ] ] } },
{ "type": "Feature", "properties": { "id": "11599124-732", "name": "North 39th Street", "class": "residential", "is_priority": false }, "geometry": { "type": "LineString", "coordinates": [ [ -75.074732, 39.955602 ], [ -75.075323, 39.956118 ] ] } },
{ "type": "Feature", "properties": { "id": "11599153-733", "name": "Copewood Street", "class": "residential", "is_priority": false }, "geometry": { "type": "LineString", "coordinates": [ [ -75.096158, 39.923817 ], [ -75.095131, 39.924679 ] ] } },
{ "type": "Feature", "properties": { "id": "11599185-734", "name": "Centennial Drive", "class": "residential", "is_priority": false }, "geometry": { "type": "LineString", "coordinates": [ [ -75.108179, 39.949015 ], [ -75.108372, 39.948955 ], [ -75.108465, 39.948945 ], [ -75.108593, 39.948957 ], [ -75.108693, 39.948979 ], [ -75.10881, 39.949035 ], [ -75.108912, 39.949115 ], [ -75.108958, 39.94919 ], [ -75.108983, 39.949316 ], [ -75.108973, 39.949439 ], [ -75.108734, 39.950018 ] ] } },
{ "type": "Feature", "properties": { "id": "11599196-735", "name": "Miller Street", "class": "residential", "is_priority": false }, "geometry": { "type": "LineString", "coordinates": [ [ -75.109531, 39.919791 ], [ -75.109584, 39.91816 ] ] } },
{ "type": "Feature", "properties": { "id": "11599232-736", "name": "Hornet Road", "class": "residential", "is_priority": false }, "geometry": { "type": "LineString", "coordinates": [ [ -75.105001, 39.908004 ], [ -75.105352, 39.907311 ] ] } },
{ "type": "Feature", "properties": { "id": "11599283-737", "name": "South 26th Street", "class": "residential", "is_priority": false }, "geometry": { "type": "LineString", "coordinates": [ [ -75.08889, 39.946144 ], [ -75.088603, 39.944802 ] ] } },
{ "type": "Feature", "properties": { "id": "11599361-738", "name": "Pleasant Street", "class": "residential", "is_priority": false }, "geometry": { "type": "LineString", "coordinates": [ [ -75.084235, 39.953387 ], [ -75.084229, 39.953436 ], [ -75.084146, 39.953505 ], [ -75.082606, 39.954244 ] ] } },
{ "type": "Feature", "properties": { "id": "11599363-739", "name": "Pleasant Street", "class": "residential", "is_priority": false }, "geometry": { "type": "LineString", "coordinates": [ [ -75.089926, 39.95086 ], [ -75.089663, 39.950997 ], [ -75.087928, 39.951798 ] ] } },
{ "type": "Feature", "properties": { "id": "11599363-740", "name": "Pleasant Street", "class": "residential", "is_priority": false }, "geometry": { "type": "LineString", "coordinates": [ [ -75.087928, 39.951798 ], [ -75.086433, 39.95248 ] ] } },
{ "type": "Feature", "properties": { "id": "11599400-741", "name": "MacArthur Drive", "class": "residential", "is_priority": false }, "geometry": { "type": "LineString", "coordinates": [ [ -75.102563, 39.9124 ], [ -75.102852, 39.912475 ], [ -75.103886, 39.912481 ], [ -75.104699, 39.912529 ], [ -75.104875, 39.912575 ] ] } },
{ "type": "Feature", "properties": { "id": "11599400-742", "name": "MacArthur Drive", "class": "residential", "is_priority": false }, "geometry": { "type": "LineString", "coordinates": [ [ -75.104875, 39.912575 ], [ -75.105195, 39.912658 ], [ -75.105661, 39.912742 ], [ -75.106021, 39.912768 ], [ -75.106662, 39.912773 ], [ -75.106729, 39.912784 ], [ -75.1068, 39.912823 ], [ -75.106864, 39.9129 ], [ -75.106956, 39.913076 ] ] } },
{ "type": "Feature", "properties": { "id": "11599400-743", "name": "MacArthur Drive", "class": "residential", "is_priority": false }, "geometry": { "type": "LineString", "coordinates": [ [ -75.106956, 39.913076 ], [ -75.107225, 39.913589 ] ] } },
{ "type": "Feature", "properties": { "id": "11599425-744", "name": "Park Drive", "class": "residential", "is_priority": false }, "geometry": { "type": "LineString", "coordinates": [ [ -75.113843, 39.957221 ], [ -75.113888, 39.957249 ], [ -75.115136, 39.957506 ], [ -75.11527, 39.957513 ], [ -75.115434, 39.957472 ] ] } },
{ "type": "Feature", "properties": { "id": "11599446-745", "name": "Clinton Street", "class": "residential", "is_priority": false }, "geometry": { "type": "LineString", "coordinates": [ [ -75.083193, 39.941894 ], [ -75.080872, 39.942128 ] ] } },
{ "type": "Feature", "properties": { "id": "11599446-746", "name": "Clinton Street", "class": "residential", "is_priority": false }, "geometry": { "type": "LineString", "coordinates": [ [ -75.080872, 39.942128 ], [ -75.080613, 39.942156 ], [ -75.080548, 39.942143 ], [ -75.079745, 39.941736 ] ] } },
{ "type": "Feature", "properties": { "id": "11599447-747", "name": "Clinton Street", "class": "residential", "is_priority": false }, "geometry": { "type": "LineString", "coordinates": [ [ -75.122173, 39.938568 ], [ -75.12098, 39.93856 ] ] } },
{ "type": "Feature", "properties": { "id": "11599448-748", "name": "Clinton Street", "class": "residential", "is_priority": false }, "geometry": { "type": "LineString", "coordinates": [ [ -75.11933, 39.938534 ], [ -75.120106, 39.938551 ], [ -75.12017, 39.938536 ] ] } },
{ "type": "Feature", "properties": { "id": "11599481-749", "name": "Berkley Street", "class": "residential", "is_priority": false }, "geometry": { "type": "LineString", "coordinates": [ [ -75.120971, 39.939258 ], [ -75.122118, 39.939276 ] ] } },
{ "type": "Feature", "properties": { "id": "11599482-750", "name": "Berkley Street", "class": "residential", "is_priority": false }, "geometry": { "type": "LineString", "coordinates": [ [ -75.113764, 39.938915 ], [ -75.114227, 39.938896 ], [ -75.114621, 39.938921 ], [ -75.115698, 39.938929 ] ] } },
{ "type": "Feature", "properties": { "id": "11599483-751", "name": "Berkley Street", "class": "residential", "is_priority": false }, "geometry": { "type": "LineString", "coordinates": [ [ -75.075953, 39.943579 ], [ -75.07508, 39.943733 ], [ -75.074225, 39.943902 ] ] } },
{ "type": "Feature", "properties": { "id": "11599484-752", "name": "Midvale Street", "class": "residential", "is_priority": false }, "geometry": { "type": "LineString", "coordinates": [ [ -75.086322, 39.939815 ], [ -75.085137, 39.941369 ] ] } },
{ "type": "Feature", "properties": { "id": "11599484-753", "name": "Midvale Street", "class": "residential", "is_priority": false }, "geometry": { "type": "LineString", "coordinates": [ [ -75.085137, 39.941369 ], [ -75.085013, 39.94153 ] ] } },
{ "type": "Feature", "properties": { "id": "11599489-754", "name": "Fairview Court", "class": "residential", "is_priority": false }, "geometry": { "type": "LineString", "coordinates": [ [ -75.10249, 39.905407 ], [ -75.102575, 39.905437 ] ] } },
{ "type": "Feature", "properties": { "id": "11599490-755", "name": "Fairview Court", "class": "residential", "is_priority": false }, "geometry": { "type": "LineString", "coordinates": [ [ -75.102606, 39.905523 ], [ -75.102575, 39.905437 ], [ -75.102775, 39.905476 ], [ -75.102852, 39.905507 ], [ -75.102852, 39.905553 ], [ -75.1028, 39.905599 ], [ -75.10276, 39.905611 ], [ -75.102702, 39.905606 ], [ -75.10265, 39.905577 ], [ -75.102606, 39.905523 ] ] } },
{ "type": "Feature", "properties": { "id": "11599496-756", "name": "Central Avenue", "class": "residential", "is_priority": false }, "geometry": { "type": "LineString", "coordinates": [ [ -75.108744, 39.922157 ], [ -75.107022, 39.922227 ], [ -75.106486, 39.92223 ] ] } },
{ "type": "Feature", "properties": { "id": "11599497-757", "name": "Central Avenue", "class": "residential", "is_priority": false }, "geometry": { "type": "LineString", "coordinates": [ [ -75.115728, 39.921911 ], [ -75.11339, 39.921988 ] ] } },
{ "type": "Feature", "properties": { "id": "11599497-758", "name": "Central Avenue", "class": "residential", "is_priority": false }, "geometry": { "type": "LineString", "coordinates": [ [ -75.11339, 39.921988 ], [ -75.111052, 39.922063 ] ] } },
{ "type": "Feature", "properties": { "id": "11599497-759", "name": "Central Avenue", "class": "residential", "is_priority": false }, "geometry": { "type": "LineString", "coordinates": [ [ -75.111052, 39.922063 ], [ -75.110563, 39.922084 ] ] } },
{ "type": "Feature", "properties": { "id": "11599529-760", "name": "Clark Avenue", "class": "residential", "is_priority": false }, "geometry": { "type": "LineString", "coordinates": [ [ -75.079943, 39.939219 ], [ -75.079969, 39.93919 ] ] } },
{ "type": "Feature", "properties": { "id": "11599531-761", "name": "North 16th Street", "class": "residential", "is_priority": false }, "geometry": { "type": "LineString", "coordinates": [ [ -75.101546, 39.950287 ], [ -75.102353, 39.950768 ], [ -75.102807, 39.950864 ] ] } },
{ "type": "Feature", "properties": { "id": "11599544-762", "name": "South 27th Street", "class": "secondary", "is_priority": false }, "geometry": { "type": "LineString", "coordinates": [ [ -75.086568, 39.946257 ], [ -75.086658, 39.946375 ] ] } },
{ "type": "Feature", "properties": { "id": "11599546-763", "name": "Pearl Street", "class": "residential", "is_priority": false }, "geometry": { "type": "LineString", "coordinates": [ [ -75.119755, 39.94997 ], [ -75.117486, 39.949526 ] ] } },
{ "type": "Feature", "properties": { "id": "11599546-764", "name": "Pearl Street", "class": "residential", "is_priority": false }, "geometry": { "type": "LineString", "coordinates": [ [ -75.117486, 39.949526 ], [ -75.116286, 39.949299 ] ] } },
{ "type": "Feature", "properties": { "id": "11599547-765", "name": "Pearl Street", "class": "unclassified", "is_priority": false }, "geometry": { "type": "LineString", "coordinates": [ [ -75.130421, 39.951832 ], [ -75.128933, 39.951566 ] ] } },
{ "type": "Feature", "properties": { "id": "11599658-766", "name": "Tyler Street", "class": "residential", "is_priority": false }, "geometry": { "type": "LineString", "coordinates": [ [ -75.095988, 39.958383 ], [ -75.093979, 39.959309 ] ] } },
{ "type": "Feature", "properties": { "id": "11599658-767", "name": "Tyler Street", "class": "residential", "is_priority": false }, "geometry": { "type": "LineString", "coordinates": [ [ -75.093979, 39.959309 ], [ -75.092722, 39.959891 ] ] } },
{ "type": "Feature", "properties": { "id": "11599686-768", "name": "North 17th Street", "class": "residential", "is_priority": false }, "geometry": { "type": "LineString", "coordinates": [ [ -75.099761, 39.950098 ], [ -75.101028, 39.950812 ], [ -75.101634, 39.951179 ] ] } },
{ "type": "Feature", "properties": { "id": "11599686-769", "name": "North 17th Street", "class": "residential", "is_priority": false }, "geometry": { "type": "LineString", "coordinates": [ [ -75.101634, 39.951179 ], [ -75.103485, 39.952283 ] ] } },
{ "type": "Feature", "properties": { "id": "11599686-770", "name": "North 17th Street", "class": "residential", "is_priority": false }, "geometry": { "type": "LineString", "coordinates": [ [ -75.103485, 39.952283 ], [ -75.103572, 39.952335 ] ] } },
{ "type": "Feature", "properties": { "id": "11599688-771", "name": "South 28th Street", "class": "residential", "is_priority": false }, "geometry": { "type": "LineString", "coordinates": [ [ -75.084308, 39.946628 ], [ -75.084167, 39.945929 ], [ -75.083995, 39.944842 ] ] } },
{ "type": "Feature", "properties": { "id": "11599688-772", "name": "South 28th Street", "class": "residential", "is_priority": false }, "geometry": { "type": "LineString", "coordinates": [ [ -75.083995, 39.944842 ], [ -75.083706, 39.943216 ] ] } },
{ "type": "Feature", "properties": { "id": "11599801-773", "name": "Michael Street", "class": "residential", "is_priority": false }, "geometry": { "type": "LineString", "coordinates": [ [ -75.106736, 39.924827 ], [ -75.106501, 39.924341 ] ] } },
{ "type": "Feature", "properties": { "id": "11599846-774", "name": "North 18th Street", "class": "residential", "is_priority": false }, "geometry": { "type": "LineString", "coordinates": [ [ -75.101736, 39.952132 ], [ -75.099883, 39.951031 ] ] } },
{ "type": "Feature", "properties": { "id": "11599846-775", "name": "North 18th Street", "class": "residential", "is_priority": false }, "geometry": { "type": "LineString", "coordinates": [ [ -75.099883, 39.951031 ], [ -75.099202, 39.95064 ] ] } },
{ "type": "Feature", "properties": { "id": "11599852-776", "name": "South Front Street", "class": "unclassified", "is_priority": false }, "geometry": { "type": "LineString", "coordinates": [ [ -75.127738, 39.941723 ], [ -75.127642, 39.941736 ], [ -75.1276, 39.941766 ], [ -75.127582, 39.941806 ], [ -75.127408, 39.943041 ] ] } },
{ "type": "Feature", "properties": { "id": "11599866-777", "name": "South 29th Street", "class": "residential", "is_priority": false }, "geometry": { "type": "LineString", "coordinates": [ [ -75.082158, 39.941993 ], [ -75.082475, 39.943778 ] ] } },
{ "type": "Feature", "properties": { "id": "11599866-778", "name": "South 29th Street", "class": "residential", "is_priority": false }, "geometry": { "type": "LineString", "coordinates": [ [ -75.082475, 39.943778 ], [ -75.082782, 39.945565 ] ] } },
{ "type": "Feature", "properties": { "id": "11599866-779", "name": "South 29th Street", "class": "residential", "is_priority": false }, "geometry": { "type": "LineString", "coordinates": [ [ -75.082782, 39.945565 ], [ -75.082996, 39.946768 ] ] } },
{ "type": "Feature", "properties": { "id": "11599916-780", "name": "Florence Street", "class": "residential", "is_priority": false }, "geometry": { "type": "LineString", "coordinates": [ [ -75.115001, 39.916214 ], [ -75.112661, 39.916191 ] ] } },
{ "type": "Feature", "properties": { "id": "11599916-781", "name": "Florence Street", "class": "residential", "is_priority": false }, "geometry": { "type": "LineString", "coordinates": [ [ -75.112661, 39.916191 ], [ -75.1123, 39.916187 ] ] } },
{ "type": "Feature", "properties": { "id": "11599921-782", "name": "Arch Street", "class": "residential", "is_priority": false }, "geometry": { "type": "LineString", "coordinates": [ [ -75.123489, 39.944767 ], [ -75.122783, 39.944682 ] ] } },
{ "type": "Feature", "properties": { "id": "11599931-783", "name": "Vesper Boulevard", "class": "tertiary", "is_priority": false }, "geometry": { "type": "LineString", "coordinates": [ [ -75.092409, 39.929303 ], [ -75.092411, 39.929253 ], [ -75.09253, 39.929141 ], [ -75.093278, 39.928553 ], [ -75.093973, 39.927979 ] ] } },
{ "type": "Feature", "properties": { "id": "11599931-784", "name": "Vesper Boulevard", "class": "tertiary", "is_priority": false }, "geometry": { "type": "LineString", "coordinates": [ [ -75.093973, 39.927979 ], [ -75.094953, 39.92719 ] ] } },
{ "type": "Feature", "properties": { "id": "11599932-785", "name": "Vesper Boulevard", "class": "residential", "is_priority": false }, "geometry": { "type": "LineString", "coordinates": [ [ -75.092222, 39.929316 ], [ -75.092099, 39.929365 ], [ -75.091601, 39.929779 ] ] } },
{ "type": "Feature", "properties": { "id": "11599934-786", "name": "Vesper Boulevard", "class": "tertiary", "is_priority": false }, "geometry": { "type": "LineString", "coordinates": [ [ -75.095361, 39.926791 ], [ -75.095227, 39.926817 ], [ -75.093709, 39.928045 ] ] } },
{ "type": "Feature", "properties": { "id": "11599934-787", "name": "Vesper Boulevard", "class": "tertiary", "is_priority": false }, "geometry": { "type": "LineString", "coordinates": [ [ -75.093709, 39.928045 ], [ -75.092272, 39.929231 ], [ -75.092222, 39.929316 ] ] } },
{ "type": "Feature", "properties": { "id": "11599943-788", "name": "Cherry Street", "class": "residential", "is_priority": false }, "geometry": { "type": "LineString", "coordinates": [ [ -75.117615, 39.934527 ], [ -75.115285, 39.934698 ] ] } },
{ "type": "Feature", "properties": { "id": "11599943-789", "name": "Cherry Street", "class": "residential", "is_priority": false }, "geometry": { "type": "LineString", "coordinates": [ [ -75.115285, 39.934698 ], [ -75.112952, 39.934844 ] ] } },
{ "type": "Feature", "properties": { "id": "11599943-790", "name": "Cherry Street", "class": "residential", "is_priority": false }, "geometry": { "type": "LineString", "coordinates": [ [ -75.112952, 39.934844 ], [ -75.112047, 39.934905 ] ] } },
{ "type": "Feature", "properties": { "id": "11599949-791", "name": "Cherry Street", "class": "residential", "is_priority": false }, "geometry": { "type": "LineString", "coordinates": [ [ -75.1242, 39.934071 ], [ -75.12187, 39.934245 ] ] } },
{ "type": "Feature", "properties": { "id": "11599949-792", "name": "Cherry Street", "class": "residential", "is_priority": false }, "geometry": { "type": "LineString", "coordinates": [ [ -75.12187, 39.934245 ], [ -75.119538, 39.934399 ] ] } },
{ "type": "Feature", "properties": { "id": "11599949-793", "name": "Cherry Street", "class": "residential", "is_priority": false }, "geometry": { "type": "LineString", "coordinates": [ [ -75.119538, 39.934399 ], [ -75.119428, 39.934407 ] ] } },
{ "type": "Feature", "properties": { "id": "11599961-794", "name": "Empire Avenue", "class": "residential", "is_priority": false }, "geometry": { "type": "LineString", "coordinates": [ [ -75.099273, 39.933513 ], [ -75.099691, 39.933764 ], [ -75.101083, 39.934655 ] ] } },
{ "type": "Feature", "properties": { "id": "11599961-795", "name": "Empire Avenue", "class": "residential", "is_priority": false }, "geometry": { "type": "LineString", "coordinates": [ [ -75.101083, 39.934655 ], [ -75.102893, 39.935798 ] ] } },
{ "type": "Feature", "properties": { "id": "11599961-796", "name": "Empire Avenue", "class": "residential", "is_priority": false }, "geometry": { "type": "LineString", "coordinates": [ [ -75.102893, 39.935798 ], [ -75.103173, 39.935979 ] ] } },
{ "type": "Feature", "properties": { "id": "11600014-797", "name": "West Octagon Road", "class": "residential", "is_priority": false }, "geometry": { "type": "LineString", "coordinates": [ [ -75.106955, 39.905114 ], [ -75.106548, 39.904986 ] ] } },
{ "type": "Feature", "properties": { "id": "11600015-798", "name": "Octagon Road", "class": "residential", "is_priority": false }, "geometry": { "type": "LineString", "coordinates": [ [ -75.104449, 39.90571 ], [ -75.104308, 39.906037 ] ] } },
{ "type": "Feature", "properties": { "id": "11600016-799", "name": "West Octagon Road", "class": "residential", "is_priority": false }, "geometry": { "type": "LineString", "coordinates": [ [ -75.107348, 39.906903 ], [ -75.107436, 39.906608 ], [ -75.107542, 39.906458 ], [ -75.107616, 39.906302 ] ] } },
{ "type": "Feature", "properties": { "id": "11600038-800", "name": "North 19th Street", "class": "residential", "is_priority": false }, "geometry": { "type": "LineString", "coordinates": [ [ -75.098649, 39.951199 ], [ -75.100528, 39.952273 ] ] } },
{ "type": "Feature", "properties": { "id": "11600038-801", "name": "North 19th Street", "class": "residential", "is_priority": false }, "geometry": { "type": "LineString", "coordinates": [ [ -75.100528, 39.952273 ], [ -75.10239, 39.953366 ] ] } },
{ "type": "Feature", "properties": { "id": "11600038-802", "name": "North 19th Street", "class": "residential", "is_priority": false }, "geometry": { "type": "LineString", "coordinates": [ [ -75.10239, 39.953366 ], [ -75.102501, 39.953431 ] ] } },
{ "type": "Feature", "properties": { "id": "11600039-803", "name": "North 19th Street", "class": "residential", "is_priority": false }, "geometry": { "type": "LineString", "coordinates": [ [ -75.09856, 39.951288 ], [ -75.097303, 39.950534 ] ] } },
{ "type": "Feature", "properties": { "id": "11600040-804", "name": "North 19th Street", "class": "residential", "is_priority": false }, "geometry": { "type": "LineString", "coordinates": [ [ -75.095848, 39.945882 ], [ -75.095685, 39.945194 ] ] } },
{ "type": "Feature", "properties": { "id": "11600048-805", "name": "North 30th Street", "class": "residential", "is_priority": false }, "geometry": { "type": "LineString", "coordinates": [ [ -75.082693, 39.948692 ], [ -75.083787, 39.950073 ] ] } },
{ "type": "Feature", "properties": { "id": "11600049-806", "name": "North 30th Street", "class": "residential", "is_priority": false }, "geometry": { "type": "LineString", "coordinates": [ [ -75.086435, 39.955349 ], [ -75.087784, 39.956822 ] ] } },
{ "type": "Feature", "properties": { "id": "11600049-807", "name": "North 30th Street", "class": "residential", "is_priority": false }, "geometry": { "type": "LineString", "coordinates": [ [ -75.087784, 39.956822 ], [ -75.089143, 39.95829 ] ] } },
{ "type": "Feature", "properties": { "id": "11600049-808", "name": "North 30th Street", "class": "residential", "is_priority": false }, "geometry": { "type": "LineString", "coordinates": [ [ -75.089143, 39.95829 ], [ -75.090038, 39.959235 ], [ -75.090497, 39.95976 ] ] } },
{ "type": "Feature", "properties": { "id": "11600049-809", "name": "North 30th Street", "class": "residential", "is_priority": false }, "geometry": { "type": "LineString", "coordinates": [ [ -75.090497, 39.95976 ], [ -75.090609, 39.959888 ] ] } },
{ "type": "Feature", "properties": { "id": "11600058-810", "name": "Hartford Road", "class": "residential", "is_priority": false }, "geometry": { "type": "LineString", "coordinates": [ [ -75.102787, 39.906528 ], [ -75.102473, 39.906004 ], [ -75.10225, 39.905563 ] ] } },
{ "type": "Feature", "properties": { "id": "11600059-811", "name": "Hartford Road", "class": "residential", "is_priority": false }, "geometry": { "type": "LineString", "coordinates": [ [ -75.10225, 39.905563 ], [ -75.102394, 39.905485 ], [ -75.10249, 39.905407 ] ] } },
{ "type": "Feature", "properties": { "id": "11600064-812", "name": "Euclid Avenue", "class": "residential", "is_priority": false }, "geometry": { "type": "LineString", "coordinates": [ [ -75.097575, 39.928386 ], [ -75.096963, 39.928918 ], [ -75.096347, 39.929401 ], [ -75.095984, 39.929707 ] ] } },
{ "type": "Feature", "properties": { "id": "11600064-813", "name": "Euclid Avenue", "class": "residential", "is_priority": false }, "geometry": { "type": "LineString", "coordinates": [ [ -75.095984, 39.929707 ], [ -75.095746, 39.929908 ], [ -75.095112, 39.93039 ], [ -75.094361, 39.931005 ] ] } },
{ "type": "Feature", "properties": { "id": "11600064-814", "name": "Euclid Avenue", "class": "residential", "is_priority": false }, "geometry": { "type": "LineString", "coordinates": [ [ -75.094361, 39.931005 ], [ -75.093129, 39.932033 ], [ -75.093101, 39.932076 ], [ -75.093094, 39.932133 ], [ -75.093137, 39.932429 ] ] } },
{ "type": "Feature", "properties": { "id": "11600064-815", "name": "Euclid Avenue", "class": "residential", "is_priority": false }, "geometry": { "type": "LineString", "coordinates": [ [ -75.093137, 39.932429 ], [ -75.093191, 39.932799 ] ] } },
{ "type": "Feature", "properties": { "id": "11600068-816", "name": "Broadway", "class": "primary", "is_priority": true }, "geometry": { "type": "LineString", "coordinates": [ [ -75.119246, 39.94242 ], [ -75.119261, 39.941574 ] ] } },
{ "type": "Feature", "properties": { "id": "11600189-817", "name": "North 41st Street", "class": "residential", "is_priority": false }, "geometry": { "type": "LineString", "coordinates": [ [ -75.070385, 39.953657 ], [ -75.071874, 39.955048 ] ] } },
{ "type": "Feature", "properties": { "id": "11600189-818", "name": "North 41st Street", "class": "residential", "is_priority": false }, "geometry": { "type": "LineString", "coordinates": [ [ -75.071874, 39.955048 ], [ -75.073363, 39.956438 ] ] } },
{ "type": "Feature", "properties": { "id": "11600189-819", "name": "North 41st Street", "class": "residential", "is_priority": false }, "geometry": { "type": "LineString", "coordinates": [ [ -75.073363, 39.956438 ], [ -75.073713, 39.956771 ] ] } },
{ "type": "Feature", "properties": { "id": "11600195-820", "name": "J. Allen Nimmo Square", "class": "residential", "is_priority": false }, "geometry": { "type": "LineString", "coordinates": [ [ -75.108657, 39.920765 ], [ -75.106935, 39.920828 ] ] } },
{ "type": "Feature", "properties": { "id": "11600243-821", "name": "Lemuel Avenue", "class": "residential", "is_priority": false }, "geometry": { "type": "LineString", "coordinates": [ [ -75.083984, 39.954969 ], [ -75.081951, 39.955863 ] ] } },
{ "type": "Feature", "properties": { "id": "11600243-822", "name": "Lemuel Avenue", "class": "residential", "is_priority": false }, "geometry": { "type": "LineString", "coordinates": [ [ -75.081951, 39.955863 ], [ -75.079908, 39.956743 ] ] } },
{ "type": "Feature", "properties": { "id": "11600243-823", "name": "Lemuel Avenue", "class": "residential", "is_priority": false }, "geometry": { "type": "LineString", "coordinates": [ [ -75.079908, 39.956743 ], [ -75.078995, 39.957141 ] ] } },
{ "type": "Feature", "properties": { "id": "11600276-824", "name": "South 20th Street", "class": "residential", "is_priority": false }, "geometry": { "type": "LineString", "coordinates": [ [ -75.09481, 39.943268 ], [ -75.094614, 39.942348 ], [ -75.094408, 39.941493 ] ] } },
{ "type": "Feature", "properties": { "id": "11600276-825", "name": "South 20th Street", "class": "residential", "is_priority": false }, "geometry": { "type": "LineString", "coordinates": [ [ -75.094408, 39.941493 ], [ -75.094326, 39.941228 ], [ -75.094223, 39.941134 ] ] } },
{ "type": "Feature", "properties": { "id": "11600277-826", "name": "South 20th Street", "class": "residential", "is_priority": false }, "geometry": { "type": "LineString", "coordinates": [ [ -75.095177, 39.945265 ], [ -75.095026, 39.944597 ] ] } },
{ "type": "Feature", "properties": { "id": "11600289-827", "name": "South 33rd Street", "class": "residential", "is_priority": false }, "geometry": { "type": "LineString", "coordinates": [ [ -75.073837, 39.94357 ], [ -75.074198, 39.943833 ], [ -75.07463, 39.945212 ] ] } },
{ "type": "Feature", "properties": { "id": "11600289-828", "name": "South 33rd Street", "class": "residential", "is_priority": false }, "geometry": { "type": "LineString", "coordinates": [ [ -75.07463, 39.945212 ], [ -75.074682, 39.945383 ] ] } },
{ "type": "Feature", "properties": { "id": "11600290-829", "name": "South 33rd Street", "class": "residential", "is_priority": false }, "geometry": { "type": "LineString", "coordinates": [ [ -75.07517, 39.945187 ], [ -75.075387, 39.946384 ], [ -75.075471, 39.946974 ] ] } },
{ "type": "Feature", "properties": { "id": "11600290-830", "name": "South 33rd Street", "class": "residential", "is_priority": false }, "geometry": { "type": "LineString", "coordinates": [ [ -75.075471, 39.946974 ], [ -75.075554, 39.947563 ] ] } },
{ "type": "Feature", "properties": { "id": "11600295-831", "name": "North 34th Street", "class": "residential", "is_priority": false }, "geometry": { "type": "LineString", "coordinates": [ [ -75.076618, 39.951554 ], [ -75.075505, 39.949969 ] ] } },
{ "type": "Feature", "properties": { "id": "11600295-832", "name": "North 34th Street", "class": "residential", "is_priority": false }, "geometry": { "type": "LineString", "coordinates": [ [ -75.075505, 39.949969 ], [ -75.075221, 39.949566 ] ] } },
{ "type": "Feature", "properties": { "id": "11600296-833", "name": "North 34th Street", "class": "residential", "is_priority": false }, "geometry": { "type": "LineString", "coordinates": [ [ -75.082904, 39.959828 ], [ -75.084253, 39.961301 ] ] } },
{ "type": "Feature", "properties": { "id": "11600296-834", "name": "North 34th Street", "class": "residential", "is_priority": false }, "geometry": { "type": "LineString", "coordinates": [ [ -75.084253, 39.961301 ], [ -75.0856, 39.962775 ] ] } },
{ "type": "Feature", "properties": { "id": "11600296-835", "name": "North 34th Street", "class": "residential", "is_priority": false }, "geometry": { "type": "LineString", "coordinates": [ [ -75.0856, 39.962775 ], [ -75.086842, 39.964123 ] ] } },
{ "type": "Feature", "properties": { "id": "11600297-836", "name": "North 34th Street", "class": "residential", "is_priority": false }, "geometry": { "type": "LineString", "coordinates": [ [ -75.07642, 39.95168 ], [ -75.077569, 39.952755 ] ] } },
{ "type": "Feature", "properties": { "id": "11600298-837", "name": "North 34th Street", "class": "residential", "is_priority": false }, "geometry": { "type": "LineString", "coordinates": [ [ -75.074697, 39.949367 ], [ -75.074456, 39.948002 ], [ -75.074382, 39.947688 ] ] } },
{ "type": "Feature", "properties": { "id": "11600333-838", "name": "Pulaski Street", "class": "residential", "is_priority": false }, "geometry": { "type": "LineString", "coordinates": [ [ -75.106581, 39.924318 ], [ -75.106152, 39.923477 ] ] } },
{ "type": "Feature", "properties": { "id": "11600407-839", "name": "North 10th Street", "class": "secondary", "is_priority": false }, "geometry": { "type": "LineString", "coordinates": [ [ -75.113232, 39.945061 ], [ -75.113271, 39.944865 ], [ -75.113278, 39.944682 ], [ -75.113205, 39.944133 ] ] } },
{ "type": "Feature", "properties": { "id": "11600414-840", "name": "North 23rd Street", "class": "residential", "is_priority": false }, "geometry": { "type": "LineString", "coordinates": [ [ -75.091503, 39.945779 ], [ -75.09192, 39.947552 ] ] } },
{ "type": "Feature", "properties": { "id": "11600414-841", "name": "North 23rd Street", "class": "residential", "is_priority": false }, "geometry": { "type": "LineString", "coordinates": [ [ -75.09192, 39.947552 ], [ -75.092148, 39.94854 ] ] } },
{ "type": "Feature", "properties": { "id": "11600416-842", "name": "North 23rd Street", "class": "residential", "is_priority": false }, "geometry": { "type": "LineString", "coordinates": [ [ -75.095153, 39.952705 ], [ -75.096996, 39.953816 ] ] } },
{ "type": "Feature", "properties": { "id": "11600416-843", "name": "North 23rd Street", "class": "residential", "is_priority": false }, "geometry": { "type": "LineString", "coordinates": [ [ -75.096996, 39.953816 ], [ -75.098859, 39.954908 ] ] } },
{ "type": "Feature", "properties": { "id": "11600416-844", "name": "North 23rd Street", "class": "residential", "is_priority": false }, "geometry": { "type": "LineString", "coordinates": [ [ -75.098859, 39.954908 ], [ -75.098907, 39.954936 ] ] } },
{ "type": "Feature", "properties": { "id": "11600436-845", "name": "North 35th Street", "class": "residential", "is_priority": false }, "geometry": { "type": "LineString", "coordinates": [ [ -75.077435, 39.953704 ], [ -75.078602, 39.955266 ] ] } },
{ "type": "Feature", "properties": { "id": "11600436-846", "name": "North 35th Street", "class": "residential", "is_priority": false }, "geometry": { "type": "LineString", "coordinates": [ [ -75.078602, 39.955266 ], [ -75.079735, 39.956817 ] ] } },
{ "type": "Feature", "properties": { "id": "11600438-847", "name": "North 35th Street", "class": "residential", "is_priority": false }, "geometry": { "type": "LineString", "coordinates": [ [ -75.07436, 39.949653 ], [ -75.075345, 39.951019 ] ] } },
{ "type": "Feature", "properties": { "id": "11600439-848", "name": "North 35th Street", "class": "residential", "is_priority": false }, "geometry": { "type": "LineString", "coordinates": [ [ -75.086109, 39.964522 ], [ -75.084762, 39.963048 ] ] } },
{ "type": "Feature", "properties": { "id": "11600439-849", "name": "North 35th Street", "class": "residential", "is_priority": false }, "geometry": { "type": "LineString", "coordinates": [ [ -75.084762, 39.963048 ], [ -75.083427, 39.96161 ] ] } },
{ "type": "Feature", "properties": { "id": "11600441-850", "name": "North 35th Street", "class": "residential", "is_priority": false }, "geometry": { "type": "LineString", "coordinates": [ [ -75.073587, 39.947773 ], [ -75.073882, 39.94946 ] ] } },
{ "type": "Feature", "properties": { "id": "11600482-851", "name": "Camden Avenue", "class": "residential", "is_priority": false }, "geometry": { "type": "LineString", "coordinates": [ [ -75.070148, 39.953803 ], [ -75.069704, 39.954083 ] ] } },
{ "type": "Feature", "properties": { "id": "11600566-852", "name": "Van Buren Street", "class": "residential", "is_priority": false }, "geometry": { "type": "LineString", "coordinates": [ [ -75.114927, 39.917353 ], [ -75.114904, 39.918234 ] ] } },
{ "type": "Feature", "properties": { "id": "11600576-853", "name": "Washington Street", "class": "residential", "is_priority": false }, "geometry": { "type": "LineString", "coordinates": [ [ -75.124876, 39.940445 ], [ -75.122548, 39.940251 ] ] } },
{ "type": "Feature", "properties": { "id": "11600576-854", "name": "Washington Street", "class": "residential", "is_priority": false }, "geometry": { "type": "LineString", "coordinates": [ [ -75.122548, 39.940251 ], [ -75.122069, 39.940206 ] ] } },
{ "type": "Feature", "properties": { "id": "11600577-855", "name": "Washington Street", "class": "residential", "is_priority": false }, "geometry": { "type": "LineString", "coordinates": [ [ -75.079935, 39.943618 ], [ -75.082252, 39.943361 ] ] } },
{ "type": "Feature", "properties": { "id": "11600577-856", "name": "Washington Street", "class": "residential", "is_priority": false }, "geometry": { "type": "LineString", "coordinates": [ [ -75.082252, 39.943361 ], [ -75.083706, 39.943216 ], [ -75.084172, 39.943155 ] ] } },
{ "type": "Feature", "properties": { "id": "11600578-857", "name": "Washington Street", "class": "residential", "is_priority": false }, "geometry": { "type": "LineString", "coordinates": [ [ -75.119296, 39.939921 ], [ -75.119171, 39.939938 ], [ -75.116957, 39.939913 ] ] } },
{ "type": "Feature", "properties": { "id": "11600578-858", "name": "Washington Street", "class": "residential", "is_priority": false }, "geometry": { "type": "LineString", "coordinates": [ [ -75.116957, 39.939913 ], [ -75.115932, 39.939894 ] ] } },
{ "type": "Feature", "properties": { "id": "11600586-859", "name": "North 11th Street", "class": "residential", "is_priority": false }, "geometry": { "type": "LineString", "coordinates": [ [ -75.111303, 39.946209 ], [ -75.110997, 39.947172 ] ] } },
{ "type": "Feature", "properties": { "id": "11600588-860", "name": "Penn Street", "class": "residential", "is_priority": false }, "geometry": { "type": "LineString", "coordinates": [ [ -75.110639, 39.944703 ], [ -75.110608, 39.944742 ], [ -75.110159, 39.945004 ], [ -75.109971, 39.945104 ], [ -75.109845, 39.945145 ], [ -75.109699, 39.945159 ], [ -75.10952, 39.94514 ], [ -75.109386, 39.945085 ], [ -75.109035, 39.944867 ] ] } },
{ "type": "Feature", "properties": { "id": "11600614-861", "name": "North 36th Street", "class": "tertiary", "is_priority": false }, "geometry": { "type": "LineString", "coordinates": [ [ -75.074476, 39.951099 ], [ -75.075636, 39.952664 ] ] } },
{ "type": "Feature", "properties": { "id": "11600614-862", "name": "North 36th Street", "class": "tertiary", "is_priority": false }, "geometry": { "type": "LineString", "coordinates": [ [ -75.075636, 39.952664 ], [ -75.076282, 39.953556 ] ] } },
{ "type": "Feature", "properties": { "id": "11600620-863", "name": "North 36th Street", "class": "tertiary", "is_priority": false }, "geometry": { "type": "LineString", "coordinates": [ [ -75.072656, 39.947872 ], [ -75.072658, 39.947876 ] ] } },
{ "type": "Feature", "properties": { "id": "11600621-864", "name": "North 36th Street", "class": "tertiary", "is_priority": false }, "geometry": { "type": "LineString", "coordinates": [ [ -75.081169, 39.960058 ], [ -75.082345, 39.961616 ] ] } },
{ "type": "Feature", "properties": { "id": "11600621-865", "name": "North 36th Street", "class": "tertiary", "is_priority": false }, "geometry": { "type": "LineString", "coordinates": [ [ -75.082345, 39.961616 ], [ -75.082643, 39.962015 ] ] } },
{ "type": "Feature", "properties": { "id": "11600642-866", "name": "Patton Street", "class": "residential", "is_priority": false }, "geometry": { "type": "LineString", "coordinates": [ [ -75.104325, 39.913936 ], [ -75.104341, 39.912508 ] ] } },
{ "type": "Feature", "properties": { "id": "11600686-867", "name": "Davis Street", "class": "residential", "is_priority": false }, "geometry": { "type": "LineString", "coordinates": [ [ -75.098182, 39.924746 ], [ -75.096172, 39.923823 ] ] } },
{ "type": "Feature", "properties": { "id": "11600686-868", "name": "Davis Street", "class": "residential", "is_priority": false }, "geometry": { "type": "LineString", "coordinates": [ [ -75.096172, 39.923823 ], [ -75.096158, 39.923817 ] ] } },
{ "type": "Feature", "properties": { "id": "11600699-869", "name": "Joseph A. Balzano Boulevard", "class": "residential", "is_priority": false }, "geometry": { "type": "LineString", "coordinates": [ [ -75.126713, 39.93766 ], [ -75.128205, 39.937552 ] ] } },
{ "type": "Feature", "properties": { "id": "11600700-870", "name": "Beckett Street", "class": "residential", "is_priority": false }, "geometry": { "type": "LineString", "coordinates": [ [ -75.125284, 39.937541 ], [ -75.122956, 39.937348 ] ] } },
{ "type": "Feature", "properties": { "id": "11600700-871", "name": "Beckett Street", "class": "residential", "is_priority": false }, "geometry": { "type": "LineString", "coordinates": [ [ -75.122956, 39.937348 ], [ -75.12224, 39.937292 ] ] } },
{ "type": "Feature", "properties": { "id": "11600714-872", "name": "Station Drive", "class": "residential", "is_priority": false }, "geometry": { "type": "LineString", "coordinates": [ [ -75.095703, 39.919851 ], [ -75.096143, 39.920845 ], [ -75.096139, 39.920945 ], [ -75.096096, 39.92102 ], [ -75.096035, 39.921051 ], [ -75.095409, 39.921227 ] ] } },
{ "type": "Feature", "properties": { "id": "11600714-873", "name": "Station Drive", "class": "residential", "is_priority": false }, "geometry": { "type": "LineString", "coordinates": [ [ -75.095409, 39.921227 ], [ -75.094916, 39.921367 ], [ -75.094677, 39.921481 ], [ -75.094453, 39.921611 ], [ -75.094125, 39.921888 ] ] } },
{ "type": "Feature", "properties": { "id": "11600724-874", "name": "North 12th Street", "class": "residential", "is_priority": false }, "geometry": { "type": "LineString", "coordinates": [ [ -75.109035, 39.944867 ], [ -75.10918, 39.944264 ], [ -75.109269, 39.944158 ], [ -75.109487, 39.944068 ] ] } },
{ "type": "Feature", "properties": { "id": "11600749-875", "name": "North 37th Street", "class": "residential", "is_priority": false }, "geometry": { "type": "LineString", "coordinates": [ [ -75.076923, 39.955479 ], [ -75.075447, 39.95408 ] ] } },
{ "type": "Feature", "properties": { "id": "11600749-876", "name": "North 37th Street", "class": "residential", "is_priority": false }, "geometry": { "type": "LineString", "coordinates": [ [ -75.075447, 39.95408 ], [ -75.074301, 39.953012 ] ] } },
{ "type": "Feature", "properties": { "id": "11600750-877", "name": "North 37th Street", "class": "residential", "is_priority": false }, "geometry": { "type": "LineString", "coordinates": [ [ -75.073443, 39.95175 ], [ -75.074577, 39.952831 ] ] } },
{ "type": "Feature", "properties": { "id": "11600765-878", "name": "South 31st Street", "class": "residential", "is_priority": false }, "geometry": { "type": "LineString", "coordinates": [ [ -75.078509, 39.947247 ], [ -75.078466, 39.94717 ], [ -75.078442, 39.947057 ], [ -75.078154, 39.945469 ] ] } },
{ "type": "Feature", "properties": { "id": "11600765-879", "name": "South 31st Street", "class": "residential", "is_priority": false }, "geometry": { "type": "LineString", "coordinates": [ [ -75.078154, 39.945469 ], [ -75.078103, 39.945196 ] ] } },
{ "type": "Feature", "properties": { "id": "11600812-880", "name": "Master Street", "class": "residential", "is_priority": false }, "geometry": { "type": "LineString", "coordinates": [ [ -75.114557, 39.91257 ], [ -75.114611, 39.912666 ] ] } },
{ "type": "Feature", "properties": { "id": "11600834-881", "name": "State Street", "class": "residential", "is_priority": false }, "geometry": { "type": "LineString", "coordinates": [ [ -75.124202, 39.95387 ], [ -75.122818, 39.953603 ] ] } },
{ "type": "Feature", "properties": { "id": "11600877-882", "name": "Sewell Street", "class": "residential", "is_priority": false }, "geometry": { "type": "LineString", "coordinates": [ [ -75.091857, 39.94468 ], [ -75.09274, 39.94352 ], [ -75.093067, 39.943137 ] ] } },
{ "type": "Feature", "properties": { "id": "11600877-883", "name": "Sewell Street", "class": "residential", "is_priority": false }, "geometry": { "type": "LineString", "coordinates": [ [ -75.093067, 39.943137 ], [ -75.093082, 39.943119 ] ] } },
{ "type": "Feature", "properties": { "id": "11600891-884", "name": "Dupont Street", "class": "residential", "is_priority": false }, "geometry": { "type": "LineString", "coordinates": [ [ -75.095079, 39.957211 ], [ -75.095405, 39.957346 ], [ -75.096968, 39.95827 ] ] } },
{ "type": "Feature", "properties": { "id": "11600891-885", "name": "Dupont Street", "class": "residential", "is_priority": false }, "geometry": { "type": "LineString", "coordinates": [ [ -75.096968, 39.95827 ], [ -75.097363, 39.9585 ] ] } },
{ "type": "Feature", "properties": { "id": "11600908-886", "name": "Roanoke Road", "class": "residential", "is_priority": false }, "geometry": { "type": "LineString", "coordinates": [ [ -75.10249, 39.905407 ], [ -75.102618, 39.905163 ] ] } },
{ "type": "Feature", "properties": { "id": "11600922-887", "name": "South 24th Street", "class": "residential", "is_priority": false }, "geometry": { "type": "LineString", "coordinates": [ [ -75.090482, 39.945921 ], [ -75.090332, 39.945265 ] ] } },
{ "type": "Feature", "properties": { "id": "11600925-888", "name": "River Avenue", "class": "primary", "is_priority": true }, "geometry": { "type": "LineString", "coordinates": [ [ -75.082643, 39.962015 ], [ -75.083427, 39.96161 ], [ -75.084568, 39.960989 ] ] } },
{ "type": "Feature", "properties": { "id": "11600925-889", "name": "River Avenue", "class": "primary", "is_priority": true }, "geometry": { "type": "LineString", "coordinates": [ [ -75.084568, 39.960989 ], [ -75.085622, 39.960425 ], [ -75.086475, 39.959943 ] ] } },
{ "type": "Feature", "properties": { "id": "11600925-890", "name": "River Avenue", "class": "primary", "is_priority": true }, "geometry": { "type": "LineString", "coordinates": [ [ -75.086475, 39.959943 ], [ -75.088391, 39.958908 ] ] } },
{ "type": "Feature", "properties": { "id": "11600925-891", "name": "River Avenue", "class": "primary", "is_priority": true }, "geometry": { "type": "LineString", "coordinates": [ [ -75.088391, 39.958908 ], [ -75.090305, 39.95787 ] ] } },
{ "type": "Feature", "properties": { "id": "11600925-892", "name": "River Avenue", "class": "primary", "is_priority": true }, "geometry": { "type": "LineString", "coordinates": [ [ -75.090305, 39.95787 ], [ -75.092216, 39.956829 ] ] } },
{ "type": "Feature", "properties": { "id": "11600925-893", "name": "River Avenue", "class": "primary", "is_priority": true }, "geometry": { "type": "LineString", "coordinates": [ [ -75.092216, 39.956829 ], [ -75.094019, 39.955839 ], [ -75.094096, 39.955761 ] ] } },
{ "type": "Feature", "properties": { "id": "11600925-894", "name": "River Avenue", "class": "primary", "is_priority": true }, "geometry": { "type": "LineString", "coordinates": [ [ -75.094096, 39.955761 ], [ -75.095525, 39.954334 ] ] } },
{ "type": "Feature", "properties": { "id": "11600925-895", "name": "River Avenue", "class": "primary", "is_priority": true }, "geometry": { "type": "LineString", "coordinates": [ [ -75.095525, 39.954334 ], [ -75.096383, 39.953457 ], [ -75.096949, 39.952904 ] ] } },
{ "type": "Feature", "properties": { "id": "11600925-896", "name": "River Avenue", "class": "primary", "is_priority": true }, "geometry": { "type": "LineString", "coordinates": [ [ -75.096949, 39.952904 ], [ -75.098374, 39.951474 ] ] } },
{ "type": "Feature", "properties": { "id": "11600925-897", "name": "River Avenue", "class": "primary", "is_priority": true }, "geometry": { "type": "LineString", "coordinates": [ [ -75.098374, 39.951474 ], [ -75.099808, 39.95005 ] ] } },
{ "type": "Feature", "properties": { "id": "11600925-898", "name": "River Avenue", "class": "primary", "is_priority": true }, "geometry": { "type": "LineString", "coordinates": [ [ -75.099808, 39.95005 ], [ -75.100557, 39.949285 ], [ -75.100786, 39.949022 ] ] } },
{ "type": "Feature", "properties": { "id": "11600944-899", "name": "North 38th Street", "class": "residential", "is_priority": false }, "geometry": { "type": "LineString", "coordinates": [ [ -75.072481, 39.952358 ], [ -75.073952, 39.953759 ] ] } },
{ "type": "Feature", "properties": { "id": "11600944-900", "name": "North 38th Street", "class": "residential", "is_priority": false }, "geometry": { "type": "LineString", "coordinates": [ [ -75.073952, 39.953759 ], [ -75.075436, 39.955153 ] ] } },
{ "type": "Feature", "properties": { "id": "11600944-901", "name": "North 38th Street", "class": "residential", "is_priority": false }, "geometry": { "type": "LineString", "coordinates": [ [ -75.075436, 39.955153 ], [ -75.076108, 39.955798 ] ] } },
{ "type": "Feature", "properties": { "id": "11600969-902", "name": "Minnesota Road", "class": "residential", "is_priority": false }, "geometry": { "type": "LineString", "coordinates": [ [ -75.096249, 39.905092 ], [ -75.096734, 39.904974 ], [ -75.097015, 39.904946 ], [ -75.098563, 39.904929 ] ] } },
{ "type": "Feature", "properties": { "id": "11600969-903", "name": "Minnesota Road", "class": "residential", "is_priority": false }, "geometry": { "type": "LineString", "coordinates": [ [ -75.098563, 39.904929 ], [ -75.10057, 39.904933 ] ] } },
{ "type": "Feature", "properties": { "id": "11600979-904", "name": "North 21st Street", "class": "residential", "is_priority": false }, "geometry": { "type": "LineString", "coordinates": [ [ -75.093246, 39.945535 ], [ -75.093651, 39.94731 ] ] } },
{ "type": "Feature", "properties": { "id": "11600979-905", "name": "North 21st Street", "class": "residential", "is_priority": false }, "geometry": { "type": "LineString", "coordinates": [ [ -75.093651, 39.94731 ], [ -75.09377, 39.947839 ] ] } },
{ "type": "Feature", "properties": { "id": "11600980-906", "name": "North 21st Street", "class": "residential", "is_priority": false }, "geometry": { "type": "LineString", "coordinates": [ [ -75.097578, 39.95227 ], [ -75.099444, 39.953359 ] ] } },
{ "type": "Feature", "properties": { "id": "11600980-907", "name": "North 21st Street", "class": "residential", "is_priority": false }, "geometry": { "type": "LineString", "coordinates": [ [ -75.099444, 39.953359 ], [ -75.100116, 39.95374 ], [ -75.101288, 39.954468 ] ] } },
{ "type": "Feature", "properties": { "id": "11600980-908", "name": "North 21st Street", "class": "residential", "is_priority": false }, "geometry": { "type": "LineString", "coordinates": [ [ -75.101288, 39.954468 ], [ -75.101385, 39.954529 ] ] } },
{ "type": "Feature", "properties": { "id": "11600981-909", "name": "North 21st Street", "class": "residential", "is_priority": false }, "geometry": { "type": "LineString", "coordinates": [ [ -75.096237, 39.951628 ], [ -75.097058, 39.952114 ] ] } },
{ "type": "Feature", "properties": { "id": "11600996-910", "name": "Republic Road", "class": "residential", "is_priority": false }, "geometry": { "type": "LineString", "coordinates": [ [ -75.103427, 39.906987 ], [ -75.103302, 39.907653 ], [ -75.103245, 39.908372 ] ] } },
{ "type": "Feature", "properties": { "id": "11601016-911", "name": "Herbert Terrace", "class": "residential", "is_priority": false }, "geometry": { "type": "LineString", "coordinates": [ [ -75.087576, 39.943543 ], [ -75.088147, 39.943789 ], [ -75.088189, 39.943838 ], [ -75.08781, 39.945042 ] ] } },
{ "type": "Feature", "properties": { "id": "11601016-912", "name": "Herbert Terrace", "class": "residential", "is_priority": false }, "geometry": { "type": "LineString", "coordinates": [ [ -75.08781, 39.945042 ], [ -75.087709, 39.945344 ] ] } },
{ "type": "Feature", "properties": { "id": "11601019-913", "name": "Kansas Road", "class": "residential", "is_priority": false }, "geometry": { "type": "LineString", "coordinates": [ [ -75.110127, 39.906029 ], [ -75.109323, 39.906347 ], [ -75.108773, 39.906533 ], [ -75.108551, 39.906664 ], [ -75.108402, 39.906894 ], [ -75.108378, 39.907062 ] ] } },
{ "type": "Feature", "properties": { "id": "11601019-914", "name": "Kansas Road", "class": "residential", "is_priority": false }, "geometry": { "type": "LineString", "coordinates": [ [ -75.108378, 39.907062 ], [ -75.108378, 39.907164 ], [ -75.108438, 39.90737 ], [ -75.108733, 39.90804 ] ] } },
{ "type": "Feature", "properties": { "id": "11601045-915", "name": "Marlton Pike", "class": "secondary", "is_priority": false }, "geometry": { "type": "LineString", "coordinates": [ [ -75.087518, 39.942678 ], [ -75.086385, 39.942171 ] ] } },
{ "type": "Feature", "properties": { "id": "11601052-916", "name": "Emerald Street", "class": "residential", "is_priority": false }, "geometry": { "type": "LineString", "coordinates": [ [ -75.122178, 39.921507 ], [ -75.121782, 39.921518 ], [ -75.121416, 39.921507 ] ] } },
{ "type": "Feature", "properties": { "id": "11601077-917", "name": "South 25th Street", "class": "residential", "is_priority": false }, "geometry": { "type": "LineString", "coordinates": [ [ -75.089687, 39.946032 ], [ -75.089541, 39.945373 ] ] } },
{ "type": "Feature", "properties": { "id": "11601090-918", "name": "Stevens Street", "class": "residential", "is_priority": false }, "geometry": { "type": "LineString", "coordinates": [ [ -75.078103, 39.945196 ], [ -75.08042, 39.944941 ] ] } },
{ "type": "Feature", "properties": { "id": "11601090-919", "name": "Stevens Street", "class": "residential", "is_priority": false }, "geometry": { "type": "LineString", "coordinates": [ [ -75.08042, 39.944941 ], [ -75.08274, 39.944697 ] ] } },
{ "type": "Feature", "properties": { "id": "11601090-920", "name": "Stevens Street", "class": "residential", "is_priority": false }, "geometry": { "type": "LineString", "coordinates": [ [ -75.08274, 39.944697 ], [ -75.085059, 39.944452 ] ] } },
{ "type": "Feature", "properties": { "id": "11601090-921", "name": "Stevens Street", "class": "residential", "is_priority": false }, "geometry": { "type": "LineString", "coordinates": [ [ -75.085059, 39.944452 ], [ -75.085171, 39.944441 ] ] } },
{ "type": "Feature", "properties": { "id": "11601091-922", "name": "Stevens Street", "class": "residential", "is_priority": false }, "geometry": { "type": "LineString", "coordinates": [ [ -75.119261, 39.941574 ], [ -75.120913, 39.941604 ], [ -75.121598, 39.941664 ] ] } },
{ "type": "Feature", "properties": { "id": "11601091-923", "name": "Stevens Street", "class": "residential", "is_priority": false }, "geometry": { "type": "LineString", "coordinates": [ [ -75.121598, 39.941664 ], [ -75.123924, 39.941864 ] ] } },
{ "type": "Feature", "properties": { "id": "11601091-924", "name": "Stevens Street", "class": "residential", "is_priority": false }, "geometry": { "type": "LineString", "coordinates": [ [ -75.123924, 39.941864 ], [ -75.124664, 39.941928 ] ] } },
{ "type": "Feature", "properties": { "id": "11601100-925", "name": "South Dudley Street", "class": "residential", "is_priority": false }, "geometry": { "type": "LineString", "coordinates": [ [ -75.079852, 39.94326 ], [ -75.079997, 39.943949 ], [ -75.080181, 39.945044 ] ] } },
{ "type": "Feature", "properties": { "id": "11601100-926", "name": "South Dudley Street", "class": "residential", "is_priority": false }, "geometry": { "type": "LineString", "coordinates": [ [ -75.080181, 39.945044 ], [ -75.080496, 39.946829 ] ] } },
{ "type": "Feature", "properties": { "id": "11601100-927", "name": "South Dudley Street", "class": "residential", "is_priority": false }, "geometry": { "type": "LineString", "coordinates": [ [ -75.080496, 39.946829 ], [ -75.080531, 39.947031 ] ] } },
{ "type": "Feature", "properties": { "id": "11601141-928", "name": "Hayes Avenue", "class": "residential", "is_priority": false }, "geometry": { "type": "LineString", "coordinates": [ [ -75.093461, 39.954393 ], [ -75.093222, 39.954637 ], [ -75.091543, 39.955392 ] ] } },
{ "type": "Feature", "properties": { "id": "11601141-929", "name": "Hayes Avenue", "class": "residential", "is_priority": false }, "geometry": { "type": "LineString", "coordinates": [ [ -75.091543, 39.955392 ], [ -75.089528, 39.956309 ] ] } },
{ "type": "Feature", "properties": { "id": "11601141-930", "name": "Hayes Avenue", "class": "residential", "is_priority": false }, "geometry": { "type": "LineString", "coordinates": [ [ -75.089528, 39.956309 ], [ -75.088753, 39.956666 ] ] } },
{ "type": "Feature", "properties": { "id": "11601151-931", "name": "North Dudley Street", "class": "unclassified", "is_priority": false }, "geometry": { "type": "LineString", "coordinates": [ [ -75.080323, 39.947053 ], [ -75.081446, 39.948635 ] ] } },
{ "type": "Feature", "properties": { "id": "11601151-932", "name": "North Dudley Street", "class": "unclassified", "is_priority": false }, "geometry": { "type": "LineString", "coordinates": [ [ -75.081446, 39.948635 ], [ -75.081706, 39.949007 ], [ -75.081783, 39.949079 ] ] } },
{ "type": "Feature", "properties": { "id": "11601199-933", "name": "Beacon Avenue", "class": "residential", "is_priority": false }, "geometry": { "type": "LineString", "coordinates": [ [ -75.080621, 39.940763 ], [ -75.080585, 39.940697 ], [ -75.078652, 39.939813 ] ] } },
{ "type": "Feature", "properties": { "id": "11601199-934", "name": "Beacon Avenue", "class": "residential", "is_priority": false }, "geometry": { "type": "LineString", "coordinates": [ [ -75.078652, 39.939813 ], [ -75.078392, 39.939697 ] ] } },
{ "type": "Feature", "properties": { "id": "11601216-935", "name": "Thompson Street", "class": "residential", "is_priority": false }, "geometry": { "type": "LineString", "coordinates": [ [ -75.089606, 39.950131 ], [ -75.087596, 39.951056 ] ] } },
{ "type": "Feature", "properties": { "id": "11601216-936", "name": "Thompson Street", "class": "residential", "is_priority": false }, "geometry": { "type": "LineString", "coordinates": [ [ -75.087596, 39.951056 ], [ -75.085586, 39.95198 ] ] } },
{ "type": "Feature", "properties": { "id": "11601216-937", "name": "Thompson Street", "class": "residential", "is_priority": false }, "geometry": { "type": "LineString", "coordinates": [ [ -75.085586, 39.95198 ], [ -75.085439, 39.952049 ], [ -75.085337, 39.952066 ] ] } },
{ "type": "Feature", "properties": { "id": "11601230-938", "name": "South 15th Street", "class": "residential", "is_priority": false }, "geometry": { "type": "LineString", "coordinates": [ [ -75.103109, 39.944157 ], [ -75.102775, 39.942723 ] ] } },
{ "type": "Feature", "properties": { "id": "11601236-939", "name": "Division Street", "class": "residential", "is_priority": false }, "geometry": { "type": "LineString", "coordinates": [ [ -75.11103, 39.936353 ], [ -75.109605, 39.936473 ] ] } },
{ "type": "Feature", "properties": { "id": "11601237-940", "name": "Ramona Gonzalez Street", "class": "residential", "is_priority": false }, "geometry": { "type": "LineString", "coordinates": [ [ -75.115938, 39.93602 ], [ -75.113607, 39.936187 ] ] } },
{ "type": "Feature", "properties": { "id": "11601237-941", "name": "Ramona Gonzalez Street", "class": "residential", "is_priority": false }, "geometry": { "type": "LineString", "coordinates": [ [ -75.113607, 39.936187 ], [ -75.112197, 39.936282 ] ] } },
{ "type": "Feature", "properties": { "id": "11601238-942", "name": "Division Street", "class": "residential", "is_priority": false }, "geometry": { "type": "LineString", "coordinates": [ [ -75.127052, 39.935286 ], [ -75.124719, 39.935429 ] ] } },
{ "type": "Feature", "properties": { "id": "11601238-943", "name": "Division Street", "class": "residential", "is_priority": false }, "geometry": { "type": "LineString", "coordinates": [ [ -75.124719, 39.935429 ], [ -75.12437, 39.935451 ] ] } },
{ "type": "Feature", "properties": { "id": "11601247-944", "name": "Thurman Street", "class": "residential", "is_priority": false }, "geometry": { "type": "LineString", "coordinates": [ [ -75.101668, 39.927263 ], [ -75.103998, 39.927088 ] ] } },
{ "type": "Feature", "properties": { "id": "11601247-945", "name": "Thurman Street", "class": "residential", "is_priority": false }, "geometry": { "type": "LineString", "coordinates": [ [ -75.103998, 39.927088 ], [ -75.106327, 39.926915 ] ] } },
{ "type": "Feature", "properties": { "id": "11601247-946", "name": "Thurman Street", "class": "residential", "is_priority": false }, "geometry": { "type": "LineString", "coordinates": [ [ -75.106327, 39.926915 ], [ -75.107198, 39.926661 ], [ -75.108124, 39.926368 ], [ -75.108527, 39.926329 ] ] } },
{ "type": "Feature", "properties": { "id": "11601247-947", "name": "Thurman Street", "class": "residential", "is_priority": false }, "geometry": { "type": "LineString", "coordinates": [ [ -75.108527, 39.926329 ], [ -75.109207, 39.926293 ], [ -75.110857, 39.926162 ] ] } },
{ "type": "Feature", "properties": { "id": "11601247-948", "name": "Thurman Street", "class": "residential", "is_priority": false }, "geometry": { "type": "LineString", "coordinates": [ [ -75.110857, 39.926162 ], [ -75.110953, 39.926154 ] ] } },
{ "type": "Feature", "properties": { "id": "11601278-949", "name": "Hudson Street", "class": "residential", "is_priority": false }, "geometry": { "type": "LineString", "coordinates": [ [ -75.120157, 39.9441 ], [ -75.120181, 39.943291 ] ] } },
{ "type": "Feature", "properties": { "id": "11601290-950", "name": "Crescent Road", "class": "residential", "is_priority": false }, "geometry": { "type": "LineString", "coordinates": [ [ -75.096618, 39.903281 ], [ -75.096794, 39.903252 ], [ -75.098139, 39.901951 ] ] } },
{ "type": "Feature", "properties": { "id": "11601290-951", "name": "Crescent Road", "class": "residential", "is_priority": false }, "geometry": { "type": "LineString", "coordinates": [ [ -75.098139, 39.901951 ], [ -75.09818, 39.901912 ] ] } },
{ "type": "Feature", "properties": { "id": "11601306-952", "name": "North 8th Street", "class": "residential", "is_priority": false }, "geometry": { "type": "LineString", "coordinates": [ [ -75.115308, 39.948034 ], [ -75.115312, 39.948141 ], [ -75.115016, 39.949055 ] ] } },
{ "type": "Feature", "properties": { "id": "11601309-953", "name": "South 18th Street", "class": "residential", "is_priority": false }, "geometry": { "type": "LineString", "coordinates": [ [ -75.098356, 39.944121 ], [ -75.098526, 39.944797 ] ] } },
{ "type": "Feature", "properties": { "id": "11601328-954", "name": "Rand Street", "class": "residential", "is_priority": false }, "geometry": { "type": "LineString", "coordinates": [ [ -75.089701, 39.941356 ], [ -75.088569, 39.940856 ], [ -75.08769, 39.940434 ] ] } },
{ "type": "Feature", "properties": { "id": "11601328-955", "name": "Rand Street", "class": "residential", "is_priority": false }, "geometry": { "type": "LineString", "coordinates": [ [ -75.08769, 39.940434 ], [ -75.085676, 39.939515 ] ] } },
{ "type": "Feature", "properties": { "id": "11601328-956", "name": "Rand Street", "class": "residential", "is_priority": false }, "geometry": { "type": "LineString", "coordinates": [ [ -75.085676, 39.939515 ], [ -75.085173, 39.939282 ] ] } },
{ "type": "Feature", "properties": { "id": "11601349-957", "name": "Rowe Street", "class": "residential", "is_priority": false }, "geometry": { "type": "LineString", "coordinates": [ [ -75.083275, 39.952102 ], [ -75.082253, 39.952678 ], [ -75.08156, 39.953125 ], [ -75.081413, 39.953191 ] ] } },
{ "type": "Feature", "properties": { "id": "11601349-958", "name": "Rowe Street", "class": "residential", "is_priority": false }, "geometry": { "type": "LineString", "coordinates": [ [ -75.081413, 39.953191 ], [ -75.079388, 39.954096 ] ] } },
{ "type": "Feature", "properties": { "id": "11601349-959", "name": "Rowe Street", "class": "residential", "is_priority": false }, "geometry": { "type": "LineString", "coordinates": [ [ -75.079388, 39.954096 ], [ -75.07815, 39.954646 ] ] } },
{ "type": "Feature", "properties": { "id": "11601367-960", "name": "South 16th Street", "class": "residential", "is_priority": false }, "geometry": { "type": "LineString", "coordinates": [ [ -75.101777, 39.944343 ], [ -75.101598, 39.943645 ] ] } },
{ "type": "Feature", "properties": { "id": "11601381-961", "name": "Lee Avenue", "class": "residential", "is_priority": false }, "geometry": { "type": "LineString", "coordinates": [ [ -75.082007, 39.940156 ], [ -75.08203, 39.940133 ] ] } },
{ "type": "Feature", "properties": { "id": "11601397-962", "name": "Dr Martin Luther King Boulevard", "class": "tertiary", "is_priority": false }, "geometry": { "type": "LineString", "coordinates": [ [ -75.130127, 39.943159 ], [ -75.129996, 39.943176 ], [ -75.129436, 39.943117 ] ] } },
{ "type": "Feature", "properties": { "id": "11601419-963", "name": "Wildwood Avenue", "class": "residential", "is_priority": false }, "geometry": { "type": "LineString", "coordinates": [ [ -75.103617, 39.932657 ], [ -75.102437, 39.93372 ], [ -75.10211, 39.934036 ] ] } },
{ "type": "Feature", "properties": { "id": "11601419-964", "name": "Wildwood Avenue", "class": "residential", "is_priority": false }, "geometry": { "type": "LineString", "coordinates": [ [ -75.10211, 39.934036 ], [ -75.100648, 39.935443 ] ] } },
{ "type": "Feature", "properties": { "id": "11601419-965", "name": "Wildwood Avenue", "class": "residential", "is_priority": false }, "geometry": { "type": "LineString", "coordinates": [ [ -75.100648, 39.935443 ], [ -75.099899, 39.93612 ] ] } },
{ "type": "Feature", "properties": { "id": "11601452-966", "name": "Tulip Street", "class": "residential", "is_priority": false }, "geometry": { "type": "LineString", "coordinates": [ [ -75.115187, 39.913373 ], [ -75.112848, 39.913344 ] ] } },
{ "type": "Feature", "properties": { "id": "11601452-967", "name": "Tulip Street", "class": "residential", "is_priority": false }, "geometry": { "type": "LineString", "coordinates": [ [ -75.112848, 39.913344 ], [ -75.110574, 39.913323 ] ] } },
{ "type": "Feature", "properties": { "id": "11601498-968", "name": "South 19th Street", "class": "residential", "is_priority": false }, "geometry": { "type": "LineString", "coordinates": [ [ -75.095771, 39.940172 ], [ -75.095774, 39.940331 ], [ -75.096164, 39.941946 ] ] } },
{ "type": "Feature", "properties": { "id": "11601498-969", "name": "South 19th Street", "class": "residential", "is_priority": false }, "geometry": { "type": "LineString", "coordinates": [ [ -75.096164, 39.941946 ], [ -75.096307, 39.942538 ] ] } },
{ "type": "Feature", "properties": { "id": "11601506-970", "name": "North 9th Street", "class": "residential", "is_priority": false }, "geometry": { "type": "LineString", "coordinates": [ [ -75.112626, 39.951639 ], [ -75.113202, 39.949892 ] ] } },
{ "type": "Feature", "properties": { "id": "11601506-971", "name": "North 9th Street", "class": "residential", "is_priority": false }, "geometry": { "type": "LineString", "coordinates": [ [ -75.113202, 39.949892 ], [ -75.113767, 39.948143 ] ] } },
{ "type": "Feature", "properties": { "id": "11601506-972", "name": "North 9th Street", "class": "residential", "is_priority": false }, "geometry": { "type": "LineString", "coordinates": [ [ -75.113767, 39.948143 ], [ -75.114048, 39.94726 ] ] } },
{ "type": "Feature", "properties": { "id": "11601507-973", "name": "", "class": "motorway_link", "is_priority": false }, "geometry": { "type": "LineString", "coordinates": [ [ -75.114329, 39.94538 ], [ -75.114235, 39.945174 ], [ -75.114207, 39.94505 ], [ -75.114222, 39.944892 ], [ -75.11427, 39.944786 ], [ -75.114353, 39.944687 ], [ -75.114525, 39.94458 ], [ -75.114664, 39.944539 ], [ -75.114975, 39.944483 ] ] } },
{ "type": "Feature", "properties": { "id": "11601530-974", "name": "Bradley Avenue", "class": "residential", "is_priority": false }, "geometry": { "type": "LineString", "coordinates": [ [ -75.095785, 39.93181 ], [ -75.098114, 39.931633 ] ] } },
{ "type": "Feature", "properties": { "id": "11601530-975", "name": "Bradley Avenue", "class": "residential", "is_priority": false }, "geometry": { "type": "LineString", "coordinates": [ [ -75.098114, 39.931633 ], [ -75.099248, 39.931529 ], [ -75.100067, 39.930855 ] ] } },
{ "type": "Feature", "properties": { "id": "11601530-976", "name": "Bradley Avenue", "class": "residential", "is_priority": false }, "geometry": { "type": "LineString", "coordinates": [ [ -75.100067, 39.930855 ], [ -75.10051, 39.930495 ] ] } },
{ "type": "Feature", "properties": { "id": "11601589-977", "name": "Polk Avenue", "class": "residential", "is_priority": false }, "geometry": { "type": "LineString", "coordinates": [ [ -75.093181, 39.960483 ], [ -75.095188, 39.959555 ] ] } },
{ "type": "Feature", "properties": { "id": "11601589-978", "name": "Polk Avenue", "class": "residential", "is_priority": false }, "geometry": { "type": "LineString", "coordinates": [ [ -75.095188, 39.959555 ], [ -75.096451, 39.95898 ] ] } },
{ "type": "Feature", "properties": { "id": "11601644-979", "name": "Riverside Drive", "class": "tertiary", "is_priority": false }, "geometry": { "type": "LineString", "coordinates": [ [ -75.129754, 39.94735 ], [ -75.129842, 39.947054 ], [ -75.129819, 39.946622 ], [ -75.130039, 39.945964 ] ] } },
{ "type": "Feature", "properties": { "id": "11601671-980", "name": "Buren Avenue", "class": "residential", "is_priority": false }, "geometry": { "type": "LineString", "coordinates": [ [ -75.09411, 39.961666 ], [ -75.096116, 39.960736 ] ] } },
{ "type": "Feature", "properties": { "id": "11601671-981", "name": "Buren Avenue", "class": "residential", "is_priority": false }, "geometry": { "type": "LineString", "coordinates": [ [ -75.096116, 39.960736 ], [ -75.097281, 39.960205 ], [ -75.097323, 39.960174 ] ] } },
{ "type": "Feature", "properties": { "id": "11601730-982", "name": "Salem Street", "class": "residential", "is_priority": false }, "geometry": { "type": "LineString", "coordinates": [ [ -75.117275, 39.921555 ], [ -75.117296, 39.920793 ] ] } },
{ "type": "Feature", "properties": { "id": "11601766-983", "name": "Rosemont Avenue", "class": "residential", "is_priority": false }, "geometry": { "type": "LineString", "coordinates": [ [ -75.082786, 39.940518 ], [ -75.082804, 39.940499 ] ] } },
{ "type": "Feature", "properties": { "id": "11601811-984", "name": "North Chesapeake Road", "class": "residential", "is_priority": false }, "geometry": { "type": "LineString", "coordinates": [ [ -75.100029, 39.907399 ], [ -75.100278, 39.907046 ], [ -75.100576, 39.906765 ], [ -75.100797, 39.906604 ], [ -75.101005, 39.906494 ], [ -75.101729, 39.90625 ] ] } },
{ "type": "Feature", "properties": { "id": "11601811-985", "name": "North Chesapeake Road", "class": "residential", "is_priority": false }, "geometry": { "type": "LineString", "coordinates": [ [ -75.101729, 39.90625 ], [ -75.102724, 39.905919 ], [ -75.103171, 39.905755 ], [ -75.103325, 39.905639 ], [ -75.103386, 39.905562 ], [ -75.103452, 39.905434 ] ] } },
{ "type": "Feature", "properties": { "id": "11601813-986", "name": "Burwood Avenue", "class": "residential", "is_priority": false }, "geometry": { "type": "LineString", "coordinates": [ [ -75.074927, 39.942669 ], [ -75.076936, 39.943594 ] ] } },
{ "type": "Feature", "properties": { "id": "11601813-987", "name": "Burwood Avenue", "class": "residential", "is_priority": false }, "geometry": { "type": "LineString", "coordinates": [ [ -75.076936, 39.943594 ], [ -75.077904, 39.944054 ] ] } },
{ "type": "Feature", "properties": { "id": "11601847-988", "name": "Baird Boulevard", "class": "secondary", "is_priority": false }, "geometry": { "type": "LineString", "coordinates": [ [ -75.094258, 39.937862 ], [ -75.093113, 39.938755 ] ] } },
{ "type": "Feature", "properties": { "id": "11601849-989", "name": "Baird Boulevard", "class": "secondary", "is_priority": false }, "geometry": { "type": "LineString", "coordinates": [ [ -75.093167, 39.938784 ], [ -75.094407, 39.937826 ], [ -75.094491, 39.937757 ], [ -75.09453, 39.937695 ] ] } },
{ "type": "Feature", "properties": { "id": "11601877-990", "name": "Royden Street", "class": "residential", "is_priority": false }, "geometry": { "type": "LineString", "coordinates": [ [ -75.079253, 39.942302 ], [ -75.079911, 39.941541 ], [ -75.080009, 39.941515 ], [ -75.081048, 39.941399 ] ] } },
{ "type": "Feature", "properties": { "id": "11601877-991", "name": "Royden Street", "class": "residential", "is_priority": false }, "geometry": { "type": "LineString", "coordinates": [ [ -75.081048, 39.941399 ], [ -75.082666, 39.941215 ] ] } },
{ "type": "Feature", "properties": { "id": "11601878-992", "name": "Royden Street", "class": "residential", "is_priority": false }, "geometry": { "type": "LineString", "coordinates": [ [ -75.114896, 39.937785 ], [ -75.115731, 39.937802 ] ] } },
{ "type": "Feature", "properties": { "id": "11601923-993", "name": "Morton Street", "class": "residential", "is_priority": false }, "geometry": { "type": "LineString", "coordinates": [ [ -75.110893, 39.925607 ], [ -75.108563, 39.925778 ] ] } },
{ "type": "Feature", "properties": { "id": "11601923-994", "name": "Morton Street", "class": "residential", "is_priority": false }, "geometry": { "type": "LineString", "coordinates": [ [ -75.108563, 39.925778 ], [ -75.108083, 39.925816 ], [ -75.107952, 39.925777 ], [ -75.106344, 39.92624 ] ] } },
{ "type": "Feature", "properties": { "id": "11601923-995", "name": "Morton Street", "class": "residential", "is_priority": false }, "geometry": { "type": "LineString", "coordinates": [ [ -75.106344, 39.92624 ], [ -75.106196, 39.926285 ], [ -75.106038, 39.926253 ], [ -75.104029, 39.926401 ] ] } },
{ "type": "Feature", "properties": { "id": "11601923-996", "name": "Morton Street", "class": "residential", "is_priority": false }, "geometry": { "type": "LineString", "coordinates": [ [ -75.104029, 39.926401 ], [ -75.101697, 39.926559 ] ] } },
{ "type": "Feature", "properties": { "id": "11601923-997", "name": "Morton Street", "class": "residential", "is_priority": false }, "geometry": { "type": "LineString", "coordinates": [ [ -75.101697, 39.926559 ], [ -75.099964, 39.926699 ] ] } },
{ "type": "Feature", "properties": { "id": "11601965-998", "name": "Crestmont Avenue", "class": "residential", "is_priority": false }, "geometry": { "type": "LineString", "coordinates": [ [ -75.099237, 39.92774 ], [ -75.098039, 39.92872 ] ] } },
{ "type": "Feature", "properties": { "id": "11601974-999", "name": "Saunders Street", "class": "residential", "is_priority": false }, "geometry": { "type": "LineString", "coordinates": [ [ -75.089318, 39.94829 ], [ -75.08726, 39.949149 ] ] } },
{ "type": "Feature", "properties": { "id": "11601974-1000", "name": "Saunders Street", "class": "residential", "is_priority": false }, "geometry": { "type": "LineString", "coordinates": [ [ -75.08726, 39.949149 ], [ -75.086042, 39.949668 ], [ -75.085586, 39.949929 ], [ -75.08526, 39.950079 ] ] } },
{ "type": "Feature", "properties": { "id": "11601974-1001", "name": "Saunders Street", "class": "residential", "is_priority": false }, "geometry": { "type": "LineString", "coordinates": [ [ -75.08526, 39.950079 ], [ -75.084166, 39.950582 ] ] } },
{ "type": "Feature", "properties": { "id": "11601975-1002", "name": "Saunders Street", "class": "residential", "is_priority": false }, "geometry": { "type": "LineString", "coordinates": [ [ -75.080653, 39.952206 ], [ -75.078643, 39.95313 ] ] } },
{ "type": "Feature", "properties": { "id": "11601975-1003", "name": "Saunders Street", "class": "residential", "is_priority": false }, "geometry": { "type": "LineString", "coordinates": [ [ -75.078643, 39.95313 ], [ -75.078192, 39.953342 ] ] } },
{ "type": "Feature", "properties": { "id": "11602014-1004", "name": "Ross Street", "class": "residential", "is_priority": false }, "geometry": { "type": "LineString", "coordinates": [ [ -75.107136, 39.933972 ], [ -75.107233, 39.934087 ], [ -75.107378, 39.934331 ] ] } },
{ "type": "Feature", "properties": { "id": "11602021-1005", "name": "South 32nd Street", "class": "residential", "is_priority": false }, "geometry": { "type": "LineString", "coordinates": [ [ -75.075493, 39.945049 ], [ -75.074948, 39.943296 ] ] } },
{ "type": "Feature", "properties": { "id": "11602021-1006", "name": "South 32nd Street", "class": "residential", "is_priority": false }, "geometry": { "type": "LineString", "coordinates": [ [ -75.074948, 39.943296 ], [ -75.074924, 39.943217 ], [ -75.074564, 39.942969 ] ] } },
{ "type": "Feature", "properties": { "id": "11602022-1007", "name": "South 32nd Street", "class": "residential", "is_priority": false }, "geometry": { "type": "LineString", "coordinates": [ [ -75.07642, 39.94747 ], [ -75.076093, 39.945686 ] ] } },
{ "type": "Feature", "properties": { "id": "11602022-1008", "name": "South 32nd Street", "class": "residential", "is_priority": false }, "geometry": { "type": "LineString", "coordinates": [ [ -75.076093, 39.945686 ], [ -75.075944, 39.944859 ] ] } },
{ "type": "Feature", "properties": { "id": "11602041-1009", "name": "Point Street", "class": "residential", "is_priority": false }, "geometry": { "type": "LineString", "coordinates": [ [ -75.125014, 39.954041 ], [ -75.124971, 39.955842 ] ] } },
{ "type": "Feature", "properties": { "id": "11602041-1010", "name": "Point Street", "class": "residential", "is_priority": false }, "geometry": { "type": "LineString", "coordinates": [ [ -75.124971, 39.955842 ], [ -75.12497, 39.955911 ], [ -75.124918, 39.955969 ] ] } },
{ "type": "Feature", "properties": { "id": "11602042-1011", "name": "Point Street", "class": "residential", "is_priority": false }, "geometry": { "type": "LineString", "coordinates": [ [ -75.126467, 39.949113 ], [ -75.126181, 39.950129 ] ] } },
{ "type": "Feature", "properties": { "id": "11602047-1012", "name": "Randolph Street", "class": "residential", "is_priority": false }, "geometry": { "type": "LineString", "coordinates": [ [ -75.094223, 39.941134 ], [ -75.094142, 39.941079 ], [ -75.092391, 39.940288 ] ] } },
{ "type": "Feature", "properties": { "id": "11602057-1013", "name": "North Front Street", "class": "residential", "is_priority": false }, "geometry": { "type": "LineString", "coordinates": [ [ -75.126143, 39.94792 ], [ -75.125711, 39.94927 ], [ -75.125566, 39.949666 ] ] } },
{ "type": "Feature", "properties": { "id": "11602057-1014", "name": "North Front Street", "class": "residential", "is_priority": false }, "geometry": { "type": "LineString", "coordinates": [ [ -75.125566, 39.949666 ], [ -75.125466, 39.949993 ] ] } },
{ "type": "Feature", "properties": { "id": "11602059-1015", "name": "North Front Street", "class": "residential", "is_priority": false }, "geometry": { "type": "LineString", "coordinates": [ [ -75.126498, 39.946711 ], [ -75.126143, 39.94792 ] ] } },
{ "type": "Feature", "properties": { "id": "11602079-1016", "name": "Coral Street", "class": "residential", "is_priority": false }, "geometry": { "type": "LineString", "coordinates": [ [ -75.101018, 39.93005 ], [ -75.100937, 39.929385 ] ] } },
{ "type": "Feature", "properties": { "id": "11602122-1017", "name": "Arnold Street", "class": "residential", "is_priority": false }, "geometry": { "type": "LineString", "coordinates": [ [ -75.106, 39.913957 ], [ -75.106021, 39.912768 ] ] } },
{ "type": "Feature", "properties": { "id": "11602163-1018", "name": "North 22nd Street", "class": "residential", "is_priority": false }, "geometry": { "type": "LineString", "coordinates": [ [ -75.09295, 39.9482 ], [ -75.092535, 39.946426 ] ] } },
{ "type": "Feature", "properties": { "id": "11602163-1019", "name": "North 22nd Street", "class": "residential", "is_priority": false }, "geometry": { "type": "LineString", "coordinates": [ [ -75.092535, 39.946426 ], [ -75.09236, 39.945659 ] ] } },
{ "type": "Feature", "properties": { "id": "11602164-1020", "name": "North 22nd Street", "class": "residential", "is_priority": false }, "geometry": { "type": "LineString", "coordinates": [ [ -75.100804, 39.955076 ], [ -75.098965, 39.953962 ] ] } },
{ "type": "Feature", "properties": { "id": "11602164-1021", "name": "North 22nd Street", "class": "residential", "is_priority": false }, "geometry": { "type": "LineString", "coordinates": [ [ -75.098965, 39.953962 ], [ -75.097098, 39.952874 ] ] } },
{ "type": "Feature", "properties": { "id": "11602164-1022", "name": "North 22nd Street", "class": "residential", "is_priority": false }, "geometry": { "type": "LineString", "coordinates": [ [ -75.097098, 39.952874 ], [ -75.097026, 39.952829 ] ] } },
{ "type": "Feature", "properties": { "id": "11602172-1023", "name": "Kossuth Street", "class": "residential", "is_priority": false }, "geometry": { "type": "LineString", "coordinates": [ [ -75.113186, 39.923423 ], [ -75.113068, 39.921623 ] ] } },
{ "type": "Feature", "properties": { "id": "11602172-1024", "name": "Kossuth Street", "class": "residential", "is_priority": false }, "geometry": { "type": "LineString", "coordinates": [ [ -75.113068, 39.921623 ], [ -75.113036, 39.921022 ], [ -75.113063, 39.920597 ] ] } },
{ "type": "Feature", "properties": { "id": "11602218-1025", "name": "South Merrimac Road", "class": "residential", "is_priority": false }, "geometry": { "type": "LineString", "coordinates": [ [ -75.105311, 39.903097 ], [ -75.106097, 39.902809 ], [ -75.107455, 39.902378 ] ] } },
{ "type": "Feature", "properties": { "id": "11602218-1026", "name": "South Merrimac Road", "class": "residential", "is_priority": false }, "geometry": { "type": "LineString", "coordinates": [ [ -75.107455, 39.902378 ], [ -75.108665, 39.901968 ], [ -75.108815, 39.901953 ], [ -75.108935, 39.901974 ], [ -75.109012, 39.902005 ], [ -75.109068, 39.902049 ], [ -75.109328, 39.902446 ] ] } },
{ "type": "Feature", "properties": { "id": "11602218-1027", "name": "South Merrimac Road", "class": "residential", "is_priority": false }, "geometry": { "type": "LineString", "coordinates": [ [ -75.109328, 39.902446 ], [ -75.109373, 39.902521 ] ] } },
{ "type": "Feature", "properties": { "id": "11602220-1028", "name": "South Merrimac Road", "class": "residential", "is_priority": false }, "geometry": { "type": "LineString", "coordinates": [ [ -75.100598, 39.905144 ], [ -75.10057, 39.904933 ], [ -75.100619, 39.904686 ], [ -75.10068, 39.904564 ] ] } },
{ "type": "Feature", "properties": { "id": "11602258-1029", "name": "Sherman Avenue", "class": "residential", "is_priority": false }, "geometry": { "type": "LineString", "coordinates": [ [ -75.091293, 39.952317 ], [ -75.089272, 39.953228 ] ] } },
{ "type": "Feature", "properties": { "id": "11602258-1030", "name": "Sherman Avenue", "class": "residential", "is_priority": false }, "geometry": { "type": "LineString", "coordinates": [ [ -75.089272, 39.953228 ], [ -75.088384, 39.953633 ], [ -75.088249, 39.953716 ], [ -75.08818, 39.953799 ], [ -75.088168, 39.953851 ] ] } },
{ "type": "Feature", "properties": { "id": "11602259-1031", "name": "Cleveland Avenue", "class": "unclassified", "is_priority": false }, "geometry": { "type": "LineString", "coordinates": [ [ -75.08444, 39.95677 ], [ -75.083799, 39.957257 ], [ -75.083181, 39.957762 ], [ -75.082832, 39.958078 ] ] } },
{ "type": "Feature", "properties": { "id": "11602259-1032", "name": "Cleveland Avenue", "class": "unclassified", "is_priority": false }, "geometry": { "type": "LineString", "coordinates": [ [ -75.082832, 39.958078 ], [ -75.082587, 39.9583 ] ] } },
{ "type": "Feature", "properties": { "id": "11602263-1033", "name": "Sherman Avenue", "class": "residential", "is_priority": false }, "geometry": { "type": "LineString", "coordinates": [ [ -75.092128, 39.951781 ], [ -75.0914, 39.952452 ] ] } },
{ "type": "Feature", "properties": { "id": "11602293-1034", "name": "South Congress Road", "class": "residential", "is_priority": false }, "geometry": { "type": "LineString", "coordinates": [ [ -75.098138, 39.904929 ], [ -75.098192, 39.904458 ], [ -75.098402, 39.903901 ] ] } },
{ "type": "Feature", "properties": { "id": "11602303-1035", "name": "Chelton Avenue", "class": "residential", "is_priority": false }, "geometry": { "type": "LineString", "coordinates": [ [ -75.121497, 39.918326 ], [ -75.119158, 39.918294 ] ] } },
{ "type": "Feature", "properties": { "id": "11602303-1036", "name": "Chelton Avenue", "class": "residential", "is_priority": false }, "geometry": { "type": "LineString", "coordinates": [ [ -75.119158, 39.918294 ], [ -75.116818, 39.918261 ] ] } },
{ "type": "Feature", "properties": { "id": "11602303-1037", "name": "Chelton Avenue", "class": "residential", "is_priority": false }, "geometry": { "type": "LineString", "coordinates": [ [ -75.116818, 39.918261 ], [ -75.114478, 39.918228 ] ] } },
{ "type": "Feature", "properties": { "id": "11602303-1038", "name": "Chelton Avenue", "class": "residential", "is_priority": false }, "geometry": { "type": "LineString", "coordinates": [ [ -75.114478, 39.918228 ], [ -75.112138, 39.918195 ] ] } },
{ "type": "Feature", "properties": { "id": "11602303-1039", "name": "Chelton Avenue", "class": "residential", "is_priority": false }, "geometry": { "type": "LineString", "coordinates": [ [ -75.112138, 39.918195 ], [ -75.109798, 39.918163 ] ] } },
{ "type": "Feature", "properties": { "id": "11602303-1040", "name": "Chelton Avenue", "class": "residential", "is_priority": false }, "geometry": { "type": "LineString", "coordinates": [ [ -75.109798, 39.918163 ], [ -75.10775, 39.918134 ] ] } },
{ "type": "Feature", "properties": { "id": "11602414-1041", "name": "Beideman Avenue", "class": "residential", "is_priority": false }, "geometry": { "type": "LineString", "coordinates": [ [ -75.080714, 39.952018 ], [ -75.080282, 39.951448 ], [ -75.079976, 39.950808 ], [ -75.079683, 39.950407 ] ] } },
{ "type": "Feature", "properties": { "id": "11602414-1042", "name": "Beideman Avenue", "class": "residential", "is_priority": false }, "geometry": { "type": "LineString", "coordinates": [ [ -75.079683, 39.950407 ], [ -75.079436, 39.950062 ] ] } },
{ "type": "Feature", "properties": { "id": "11602415-1043", "name": "Beideman Avenue", "class": "residential", "is_priority": false }, "geometry": { "type": "LineString", "coordinates": [ [ -75.085819, 39.958254 ], [ -75.087181, 39.95972 ] ] } },
{ "type": "Feature", "properties": { "id": "11602415-1044", "name": "Beideman Avenue", "class": "residential", "is_priority": false }, "geometry": { "type": "LineString", "coordinates": [ [ -75.087181, 39.95972 ], [ -75.088524, 39.961196 ] ] } },
{ "type": "Feature", "properties": { "id": "11602415-1045", "name": "Beideman Avenue", "class": "residential", "is_priority": false }, "geometry": { "type": "LineString", "coordinates": [ [ -75.088524, 39.961196 ], [ -75.089777, 39.962522 ] ] } },
{ "type": "Feature", "properties": { "id": "11602433-1046", "name": "Lois Avenue", "class": "residential", "is_priority": false }, "geometry": { "type": "LineString", "coordinates": [ [ -75.087279, 39.957452 ], [ -75.088626, 39.958926 ] ] } },
{ "type": "Feature", "properties": { "id": "11602433-1047", "name": "Lois Avenue", "class": "residential", "is_priority": false }, "geometry": { "type": "LineString", "coordinates": [ [ -75.088626, 39.958926 ], [ -75.089978, 39.960397 ] ] } },
{ "type": "Feature", "properties": { "id": "11602433-1048", "name": "Lois Avenue", "class": "residential", "is_priority": false }, "geometry": { "type": "LineString", "coordinates": [ [ -75.089978, 39.960397 ], [ -75.091219, 39.961742 ] ] } },
{ "type": "Feature", "properties": { "id": "11602445-1049", "name": "Maryland Street", "class": "residential", "is_priority": false }, "geometry": { "type": "LineString", "coordinates": [ [ -75.105974, 39.924499 ], [ -75.105557, 39.923658 ] ] } },
{ "type": "Feature", "properties": { "id": "11602513-1050", "name": "Greenwood Avenue", "class": "residential", "is_priority": false }, "geometry": { "type": "LineString", "coordinates": [ [ -75.092931, 39.928827 ], [ -75.094645, 39.930054 ] ] } },
{ "type": "Feature", "properties": { "id": "11602513-1051", "name": "Greenwood Avenue", "class": "residential", "is_priority": false }, "geometry": { "type": "LineString", "coordinates": [ [ -75.094645, 39.930054 ], [ -75.095112, 39.93039 ], [ -75.09632, 39.931312 ] ] } },
{ "type": "Feature", "properties": { "id": "11602513-1052", "name": "Greenwood Avenue", "class": "residential", "is_priority": false }, "geometry": { "type": "LineString", "coordinates": [ [ -75.09632, 39.931312 ], [ -75.096467, 39.931424 ], [ -75.096497, 39.931479 ], [ -75.096535, 39.931758 ] ] } },
{ "type": "Feature", "properties": { "id": "11602521-1053", "name": "Maple Walk", "class": "residential", "is_priority": false }, "geometry": { "type": "LineString", "coordinates": [ [ -75.110896, 39.911161 ], [ -75.110941, 39.911108 ], [ -75.110956, 39.910911 ], [ -75.110912, 39.910789 ], [ -75.110767, 39.910629 ], [ -75.110619, 39.91057 ], [ -75.110483, 39.910556 ] ] } },
{ "type": "Feature", "properties": { "id": "11602525-1054", "name": "North Octagon Road", "class": "residential", "is_priority": false }, "geometry": { "type": "LineString", "coordinates": [ [ -75.105773, 39.907458 ], [ -75.107348, 39.906903 ] ] } },
{ "type": "Feature", "properties": { "id": "11602531-1055", "name": "East Ironside Road", "class": "residential", "is_priority": false }, "geometry": { "type": "LineString", "coordinates": [ [ -75.106087, 39.90355 ], [ -75.106336, 39.90399 ], [ -75.106418, 39.904094 ], [ -75.106509, 39.904153 ], [ -75.106919, 39.904276 ] ] } },
{ "type": "Feature", "properties": { "id": "11602536-1056", "name": "Hunter Street", "class": "residential", "is_priority": false }, "geometry": { "type": "LineString", "coordinates": [ [ -75.110529, 39.911873 ], [ -75.112391, 39.911904 ] ] } },
{ "type": "Feature", "properties": { "id": "11602572-1057", "name": "North 4th Street", "class": "residential", "is_priority": false }, "geometry": { "type": "LineString", "coordinates": [ [ -75.122858, 39.944187 ], [ -75.122783, 39.944682 ] ] } },
{ "type": "Feature", "properties": { "id": "11602574-1058", "name": "North 4th Street", "class": "residential", "is_priority": false }, "geometry": { "type": "LineString", "coordinates": [ [ -75.120701, 39.951292 ], [ -75.120544, 39.951735 ] ] } },
{ "type": "Feature", "properties": { "id": "11602596-1059", "name": "South 3rd Street", "class": "residential", "is_priority": false }, "geometry": { "type": "LineString", "coordinates": [ [ -75.124528, 39.936814 ], [ -75.12437, 39.935451 ] ] } },
{ "type": "Feature", "properties": { "id": "11602600-1060", "name": "South 3rd Street", "class": "residential", "is_priority": false }, "geometry": { "type": "LineString", "coordinates": [ [ -75.125395, 39.936754 ], [ -75.125142, 39.938545 ] ] } },
{ "type": "Feature", "properties": { "id": "11602600-1061", "name": "South 3rd Street", "class": "residential", "is_priority": false }, "geometry": { "type": "LineString", "coordinates": [ [ -75.125142, 39.938545 ], [ -75.125084, 39.938955 ] ] } },
{ "type": "Feature", "properties": { "id": "11602616-1062", "name": "Roman Street", "class": "residential", "is_priority": false }, "geometry": { "type": "LineString", "coordinates": [ [ -75.108651, 39.927313 ], [ -75.10851, 39.92633 ] ] } },
{ "type": "Feature", "properties": { "id": "11602643-1063", "name": "Louis Street", "class": "residential", "is_priority": false }, "geometry": { "type": "LineString", "coordinates": [ [ -75.104729, 39.930484 ], [ -75.104491, 39.928691 ] ] } },
{ "type": "Feature", "properties": { "id": "11602643-1064", "name": "Louis Street", "class": "residential", "is_priority": false }, "geometry": { "type": "LineString", "coordinates": [ [ -75.104491, 39.928691 ], [ -75.104404, 39.92777 ], [ -75.104286, 39.926896 ] ] } },
{ "type": "Feature", "properties": { "id": "11602643-1065", "name": "Louis Street", "class": "residential", "is_priority": false }, "geometry": { "type": "LineString", "coordinates": [ [ -75.104286, 39.926896 ], [ -75.104043, 39.925104 ] ] } },
{ "type": "Feature", "properties": { "id": "11602643-1066", "name": "Louis Street", "class": "residential", "is_priority": false }, "geometry": { "type": "LineString", "coordinates": [ [ -75.104043, 39.925104 ], [ -75.103955, 39.924337 ] ] } },
{ "type": "Feature", "properties": { "id": "11602665-1067", "name": "Howe Street", "class": "residential", "is_priority": false }, "geometry": { "type": "LineString", "coordinates": [ [ -75.111017, 39.926708 ], [ -75.109282, 39.926832 ] ] } },
{ "type": "Feature", "properties": { "id": "26826930-1068", "name": "Walt Whitman Bridge", "class": "motorway", "is_priority": true }, "geometry": { "type": "LineString", "coordinates": [ [ -75.109921, 39.899265 ], [ -75.110852, 39.900444 ], [ -75.111191, 39.900775 ] ] } },
{ "type": "Feature", "properties": { "id": "26826930-1069", "name": "Walt Whitman Bridge", "class": "motorway", "is_priority": true }, "geometry": { "type": "LineString", "coordinates": [ [ -75.111191, 39.900775 ], [ -75.111418, 39.900997 ], [ -75.11179, 39.901314 ], [ -75.112316, 39.901672 ] ] } },
{ "type": "Feature", "properties": { "id": "26826936-1070", "name": "", "class": "motorway_link", "is_priority": false }, "geometry": { "type": "LineString", "coordinates": [ [ -75.11125, 39.899848 ], [ -75.111208, 39.899662 ], [ -75.111148, 39.899544 ], [ -75.111138, 39.899392 ], [ -75.111172, 39.899302 ], [ -75.111246, 39.899218 ], [ -75.1113, 39.899177 ], [ -75.11143, 39.89913 ], [ -75.111615, 39.899116 ], [ -75.111808, 39.899164 ], [ -75.112052, 39.899298 ], [ -75.112241, 39.899427 ], [ -75.112446, 39.89961 ] ] } },
{ "type": "Feature", "properties": { "id": "26826936-1071", "name": "", "class": "motorway_link", "is_priority": false }, "geometry": { "type": "LineString", "coordinates": [ [ -75.112446, 39.89961 ], [ -75.112619, 39.899815 ] ] } },
{ "type": "Feature", "properties": { "id": "26826941-1072", "name": "Walt Whitman Bridge Extension", "class": "motorway", "is_priority": true }, "geometry": { "type": "LineString", "coordinates": [ [ -75.111914, 39.900416 ], [ -75.111378, 39.900298 ], [ -75.111, 39.900248 ], [ -75.110536, 39.90023 ], [ -75.110029, 39.900253 ] ] } },
{ "type": "Feature", "properties": { "id": "26826944-1073", "name": "Walt Whitman Bridge Extension", "class": "motorway", "is_priority": true }, "geometry": { "type": "LineString", "coordinates": [ [ -75.096222, 39.901099 ], [ -75.098179, 39.901262 ] ] } },
{ "type": "Feature", "properties": { "id": "26826947-1074", "name": "Walt Whitman Bridge Extension", "class": "motorway", "is_priority": true }, "geometry": { "type": "LineString", "coordinates": [ [ -75.098179, 39.901262 ], [ -75.098823, 39.901304 ] ] } },
{ "type": "Feature", "properties": { "id": "26826949-1075", "name": "Walt Whitman Bridge Extension", "class": "motorway", "is_priority": true }, "geometry": { "type": "LineString", "coordinates": [ [ -75.110029, 39.900253 ], [ -75.109365, 39.900345 ], [ -75.107813, 39.90081 ] ] } },
{ "type": "Feature", "properties": { "id": "26826949-1076", "name": "Walt Whitman Bridge Extension", "class": "motorway", "is_priority": true }, "geometry": { "type": "LineString", "coordinates": [ [ -75.107813, 39.90081 ], [ -75.10737, 39.900948 ], [ -75.10682, 39.901089 ], [ -75.106336, 39.901188 ], [ -75.105567, 39.901293 ] ] } },
{ "type": "Feature", "properties": { "id": "26826949-1077", "name": "Walt Whitman Bridge Extension", "class": "motorway", "is_priority": true }, "geometry": { "type": "LineString", "coordinates": [ [ -75.105567, 39.901293 ], [ -75.10487, 39.901343 ], [ -75.103231, 39.901355 ] ] } },
{ "type": "Feature", "properties": { "id": "26826949-1078", "name": "Walt Whitman Bridge Extension", "class": "motorway", "is_priority": true }, "geometry": { "type": "LineString", "coordinates": [ [ -75.103231, 39.901355 ], [ -75.101408, 39.901335 ], [ -75.100892, 39.901315 ] ] } },
{ "type": "Feature", "properties": { "id": "26826949-1079", "name": "Walt Whitman Bridge Extension", "class": "motorway", "is_priority": true }, "geometry": { "type": "LineString", "coordinates": [ [ -75.100892, 39.901315 ], [ -75.09964, 39.901257 ] ] } },
{ "type": "Feature", "properties": { "id": "26826950-1080", "name": "Walt Whitman Bridge Extension", "class": "motorway", "is_priority": true }, "geometry": { "type": "LineString", "coordinates": [ [ -75.098886, 39.901216 ], [ -75.098273, 39.901178 ] ] } },
{ "type": "Feature", "properties": { "id": "28658121-1081", "name": "Walt Whitman Bridge", "class": "motorway", "is_priority": true }, "geometry": { "type": "LineString", "coordinates": [ [ -75.112206, 39.901465 ], [ -75.111883, 39.901231 ], [ -75.111467, 39.900878 ], [ -75.111212, 39.900622 ], [ -75.110728, 39.900076 ] ] } },
{ "type": "Feature", "properties": { "id": "28658121-1082", "name": "Walt Whitman Bridge", "class": "motorway", "is_priority": true }, "geometry": { "type": "LineString", "coordinates": [ [ -75.110728, 39.900076 ], [ -75.110052, 39.89922 ] ] } },
{ "type": "Feature", "properties": { "id": "28660782-1083", "name": "North-South Freeway", "class": "motorway", "is_priority": true }, "geometry": { "type": "LineString", "coordinates": [ [ -75.109787, 39.899316 ], [ -75.110216, 39.900062 ], [ -75.110692, 39.900978 ] ] } },
{ "type": "Feature", "properties": { "id": "28660782-1084", "name": "North-South Freeway", "class": "motorway", "is_priority": true }, "geometry": { "type": "LineString", "coordinates": [ [ -75.110692, 39.900978 ], [ -75.111163, 39.901975 ] ] } },
{ "type": "Feature", "properties": { "id": "28660798-1085", "name": "Walt Whitman Bridge", "class": "motorway", "is_priority": true }, "geometry": { "type": "LineString", "coordinates": [ [ -75.110052, 39.89922 ], [ -75.10997, 39.89911 ] ] } },
{ "type": "Feature", "properties": { "id": "28660852-1086", "name": "", "class": "motorway_link", "is_priority": false }, "geometry": { "type": "LineString", "coordinates": [ [ -75.098273, 39.901178 ], [ -75.097901, 39.901032 ], [ -75.097821, 39.900971 ], [ -75.097704, 39.900831 ], [ -75.097687, 39.900736 ], [ -75.097708, 39.900612 ], [ -75.097804, 39.900475 ], [ -75.097976, 39.900374 ], [ -75.098178, 39.900328 ], [ -75.098303, 39.90033 ], [ -75.098428, 39.900357 ], [ -75.098632, 39.900445 ], [ -75.098719, 39.900572 ] ] } },
{ "type": "Feature", "properties": { "id": "28660852-1087", "name": "", "class": "motorway_link", "is_priority": false }, "geometry": { "type": "LineString", "coordinates": [ [ -75.098719, 39.900572 ], [ -75.098764, 39.900693 ], [ -75.098747, 39.900917 ] ] } },
{ "type": "Feature", "properties": { "id": "28663981-1088", "name": "State Street", "class": "tertiary", "is_priority": false }, "geometry": { "type": "LineString", "coordinates": [ [ -75.121463, 39.953342 ], [ -75.119191, 39.952906 ] ] } },
{ "type": "Feature", "properties": { "id": "28663981-1089", "name": "State Street", "class": "tertiary", "is_priority": false }, "geometry": { "type": "LineString", "coordinates": [ [ -75.119191, 39.952906 ], [ -75.11692, 39.952468 ] ] } },
{ "type": "Feature", "properties": { "id": "28663981-1090", "name": "State Street", "class": "tertiary", "is_priority": false }, "geometry": { "type": "LineString", "coordinates": [ [ -75.11692, 39.952468 ], [ -75.115392, 39.952179 ] ] } },
{ "type": "Feature", "properties": { "id": "28664038-1091", "name": "Federal Street", "class": "secondary", "is_priority": false }, "geometry": { "type": "LineString", "coordinates": [ [ -75.129069, 39.944598 ], [ -75.126737, 39.944438 ] ] } },
{ "type": "Feature", "properties": { "id": "28664038-1092", "name": "Federal Street", "class": "secondary", "is_priority": false }, "geometry": { "type": "LineString", "coordinates": [ [ -75.126737, 39.944438 ], [ -75.125741, 39.944373 ] ] } },
{ "type": "Feature", "properties": { "id": "28669378-1093", "name": "", "class": "motorway_link", "is_priority": false }, "geometry": { "type": "LineString", "coordinates": [ [ -75.112988, 39.902632 ], [ -75.112995, 39.902356 ], [ -75.113026, 39.902245 ], [ -75.113107, 39.902087 ], [ -75.113231, 39.901995 ], [ -75.113363, 39.901971 ], [ -75.113429, 39.901977 ], [ -75.113511, 39.901991 ], [ -75.113581, 39.902022 ], [ -75.113698, 39.902102 ], [ -75.113815, 39.902271 ], [ -75.11387, 39.902379 ], [ -75.113903, 39.902528 ], [ -75.1139, 39.902647 ], [ -75.113844, 39.902765 ] ] } },
{ "type": "Feature", "properties": { "id": "28669378-1094", "name": "", "class": "motorway_link", "is_priority": false }, "geometry": { "type": "LineString", "coordinates": [ [ -75.113844, 39.902765 ], [ -75.113769, 39.902817 ], [ -75.113608, 39.902859 ] ] } },
{ "type": "Feature", "properties": { "id": "28669429-1095", "name": "", "class": "motorway_link", "is_priority": false }, "geometry": { "type": "LineString", "coordinates": [ [ -75.112163, 39.902606 ], [ -75.112224, 39.90254 ], [ -75.112417, 39.902421 ], [ -75.112528, 39.902382 ], [ -75.11272, 39.902347 ], [ -75.112974, 39.902381 ], [ -75.113745, 39.9026 ], [ -75.114039, 39.902652 ] ] } },
{ "type": "Feature", "properties": { "id": "28669468-1096", "name": "Collings Road", "class": "secondary", "is_priority": false }, "geometry": { "type": "LineString", "coordinates": [ [ -75.110653, 39.902151 ], [ -75.110338, 39.902199 ], [ -75.109783, 39.90237 ], [ -75.109373, 39.902521 ] ] } },
{ "type": "Feature", "properties": { "id": "28669472-1097", "name": "Collings Road", "class": "secondary", "is_priority": false }, "geometry": { "type": "LineString", "coordinates": [ [ -75.113243, 39.902734 ], [ -75.112709, 39.902546 ] ] } },
{ "type": "Feature", "properties": { "id": "28772203-1098", "name": "North-South Freeway", "class": "motorway", "is_priority": true }, "geometry": { "type": "LineString", "coordinates": [ [ -75.110545, 39.89903 ], [ -75.110454, 39.898927 ] ] } },
{ "type": "Feature", "properties": { "id": "28772209-1099", "name": "", "class": "motorway_link", "is_priority": false }, "geometry": { "type": "LineString", "coordinates": [ [ -75.112619, 39.899815 ], [ -75.112713, 39.899958 ], [ -75.112784, 39.900123 ], [ -75.112778, 39.900248 ], [ -75.112746, 39.900321 ], [ -75.112698, 39.900376 ], [ -75.11256, 39.900456 ], [ -75.112382, 39.900495 ], [ -75.112286, 39.90049 ], [ -75.111914, 39.900416 ] ] } },
{ "type": "Feature", "properties": { "id": "28937577-1100", "name": "Morgan Boulevard", "class": "tertiary", "is_priority": false }, "geometry": { "type": "LineString", "coordinates": [ [ -75.108379, 39.909833 ], [ -75.1081, 39.909607 ] ] } },
{ "type": "Feature", "properties": { "id": "29018880-1101", "name": "Kaighns Avenue", "class": "residential", "is_priority": false }, "geometry": { "type": "LineString", "coordinates": [ [ -75.129374, 39.930137 ], [ -75.130998, 39.930033 ] ] } },
{ "type": "Feature", "properties": { "id": "29018881-1102", "name": "Kaighns Avenue", "class": "tertiary", "is_priority": false }, "geometry": { "type": "LineString", "coordinates": [ [ -75.119494, 39.930865 ], [ -75.121822, 39.930681 ] ] } },
{ "type": "Feature", "properties": { "id": "29018881-1103", "name": "Kaighns Avenue", "class": "tertiary", "is_priority": false }, "geometry": { "type": "LineString", "coordinates": [ [ -75.121822, 39.930681 ], [ -75.124153, 39.930515 ] ] } },
{ "type": "Feature", "properties": { "id": "29018881-1104", "name": "Kaighns Avenue", "class": "tertiary", "is_priority": false }, "geometry": { "type": "LineString", "coordinates": [ [ -75.124153, 39.930515 ], [ -75.126484, 39.930353 ] ] } },
{ "type": "Feature", "properties": { "id": "29018881-1105", "name": "Kaighns Avenue", "class": "tertiary", "is_priority": false }, "geometry": { "type": "LineString", "coordinates": [ [ -75.126484, 39.930353 ], [ -75.128813, 39.930178 ] ] } },
{ "type": "Feature", "properties": { "id": "29018881-1106", "name": "Kaighns Avenue", "class": "tertiary", "is_priority": false }, "geometry": { "type": "LineString", "coordinates": [ [ -75.128813, 39.930178 ], [ -75.129374, 39.930137 ] ] } },
{ "type": "Feature", "properties": { "id": "29018882-1107", "name": "Ferry Avenue", "class": "secondary", "is_priority": false }, "geometry": { "type": "LineString", "coordinates": [ [ -75.115759, 39.921201 ], [ -75.118002, 39.921715 ] ] } },
{ "type": "Feature", "properties": { "id": "29018882-1108", "name": "Ferry Avenue", "class": "secondary", "is_priority": false }, "geometry": { "type": "LineString", "coordinates": [ [ -75.118002, 39.921715 ], [ -75.119713, 39.922122 ] ] } },
{ "type": "Feature", "properties": { "id": "29026241-1109", "name": "Park Boulevard", "class": "tertiary", "is_priority": false }, "geometry": { "type": "LineString", "coordinates": [ [ -75.105517, 39.933868 ], [ -75.105309, 39.933984 ], [ -75.103981, 39.93522 ] ] } },
{ "type": "Feature", "properties": { "id": "29026241-1110", "name": "Park Boulevard", "class": "tertiary", "is_priority": false }, "geometry": { "type": "LineString", "coordinates": [ [ -75.103981, 39.93522 ], [ -75.102756, 39.936364 ], [ -75.102596, 39.93649 ] ] } },
{ "type": "Feature", "properties": { "id": "29026251-1111", "name": "Park Boulevard", "class": "tertiary", "is_priority": false }, "geometry": { "type": "LineString", "coordinates": [ [ -75.098164, 39.93452 ], [ -75.098422, 39.934724 ], [ -75.098692, 39.935012 ], [ -75.098871, 39.935219 ], [ -75.099111, 39.935615 ], [ -75.099221, 39.935751 ], [ -75.099491, 39.93599 ] ] } },
{ "type": "Feature", "properties": { "id": "29026251-1112", "name": "Park Boulevard", "class": "tertiary", "is_priority": false }, "geometry": { "type": "LineString", "coordinates": [ [ -75.099491, 39.93599 ], [ -75.099861, 39.936266 ], [ -75.100171, 39.936426 ], [ -75.100586, 39.936602 ], [ -75.10112, 39.936748 ], [ -75.101526, 39.936799 ] ] } },
{ "type": "Feature", "properties": { "id": "29026251-1113", "name": "Park Boulevard", "class": "tertiary", "is_priority": false }, "geometry": { "type": "LineString", "coordinates": [ [ -75.101526, 39.936799 ], [ -75.101855, 39.936814 ], [ -75.102258, 39.936757 ], [ -75.102454, 39.936703 ], [ -75.102575, 39.93665 ], [ -75.102713, 39.936563 ] ] } },
{ "type": "Feature", "properties": { "id": "29026252-1114", "name": "Park Boulevard", "class": "tertiary", "is_priority": false }, "geometry": { "type": "LineString", "coordinates": [ [ -75.096411, 39.932558 ], [ -75.095977, 39.932008 ], [ -75.095785, 39.93181 ], [ -75.095664, 39.931702 ], [ -75.094938, 39.931174 ] ] } },
{ "type": "Feature", "properties": { "id": "29026252-1115", "name": "Park Boulevard", "class": "tertiary", "is_priority": false }, "geometry": { "type": "LineString", "coordinates": [ [ -75.094938, 39.931174 ], [ -75.093228, 39.929944 ] ] } },
{ "type": "Feature", "properties": { "id": "29026252-1116", "name": "Park Boulevard", "class": "tertiary", "is_priority": false }, "geometry": { "type": "LineString", "coordinates": [ [ -75.093228, 39.929944 ], [ -75.092478, 39.929406 ], [ -75.09241, 39.929345 ], [ -75.092409, 39.929303 ] ] } },
{ "type": "Feature", "properties": { "id": "29026256-1117", "name": "Park Boulevard", "class": "tertiary", "is_priority": false }, "geometry": { "type": "LineString", "coordinates": [ [ -75.102596, 39.93649 ], [ -75.102462, 39.936576 ], [ -75.102172, 39.936667 ], [ -75.101823, 39.936706 ], [ -75.101431, 39.936681 ], [ -75.101169, 39.936636 ], [ -75.100786, 39.936536 ], [ -75.100391, 39.936398 ] ] } },
{ "type": "Feature", "properties": { "id": "29026256-1118", "name": "Park Boulevard", "class": "tertiary", "is_priority": false }, "geometry": { "type": "LineString", "coordinates": [ [ -75.100391, 39.936398 ], [ -75.100234, 39.936325 ], [ -75.099867, 39.936101 ], [ -75.099495, 39.935796 ], [ -75.099178, 39.935412 ], [ -75.098918, 39.935035 ] ] } },
{ "type": "Feature", "properties": { "id": "29026256-1119", "name": "Park Boulevard", "class": "tertiary", "is_priority": false }, "geometry": { "type": "LineString", "coordinates": [ [ -75.098918, 39.935035 ], [ -75.098833, 39.934928 ], [ -75.098595, 39.934693 ] ] } },
{ "type": "Feature", "properties": { "id": "29026257-1120", "name": "Park Boulevard", "class": "tertiary", "is_priority": false }, "geometry": { "type": "LineString", "coordinates": [ [ -75.102713, 39.936563 ], [ -75.103297, 39.936053 ], [ -75.104226, 39.935189 ] ] } },
{ "type": "Feature", "properties": { "id": "29026257-1121", "name": "Park Boulevard", "class": "tertiary", "is_priority": false }, "geometry": { "type": "LineString", "coordinates": [ [ -75.104226, 39.935189 ], [ -75.104742, 39.934684 ], [ -75.105398, 39.934084 ], [ -75.105517, 39.933868 ] ] } },
{ "type": "Feature", "properties": { "id": "29026906-1122", "name": "Myrtle Avenue", "class": "tertiary", "is_priority": false }, "geometry": { "type": "LineString", "coordinates": [ [ -75.069907, 39.946939 ], [ -75.069782, 39.946935 ] ] } },
{ "type": "Feature", "properties": { "id": "29026906-1123", "name": "Myrtle Avenue", "class": "tertiary", "is_priority": false }, "geometry": { "type": "LineString", "coordinates": [ [ -75.068548, 39.946873 ], [ -75.067944, 39.946834 ] ] } },
{ "type": "Feature", "properties": { "id": "29026909-1124", "name": "Myrtle Avenue", "class": "residential", "is_priority": false }, "geometry": { "type": "LineString", "coordinates": [ [ -75.067705, 39.94682 ], [ -75.067353, 39.946801 ] ] } },
{ "type": "Feature", "properties": { "id": "29026927-1125", "name": "Newton Avenue", "class": "tertiary", "is_priority": false }, "geometry": { "type": "LineString", "coordinates": [ [ -75.113251, 39.939401 ], [ -75.113764, 39.938915 ], [ -75.114697, 39.937984 ] ] } },
{ "type": "Feature", "properties": { "id": "29026927-1126", "name": "Newton Avenue", "class": "tertiary", "is_priority": false }, "geometry": { "type": "LineString", "coordinates": [ [ -75.114697, 39.937984 ], [ -75.116147, 39.93657 ] ] } },
{ "type": "Feature", "properties": { "id": "29026927-1127", "name": "Newton Avenue", "class": "tertiary", "is_priority": false }, "geometry": { "type": "LineString", "coordinates": [ [ -75.116147, 39.93657 ], [ -75.116858, 39.935844 ], [ -75.117552, 39.935205 ] ] } },
{ "type": "Feature", "properties": { "id": "29380487-1128", "name": "", "class": "secondary", "is_priority": false }, "geometry": { "type": "LineString", "coordinates": [ [ -75.11307, 39.930946 ], [ -75.113147, 39.931066 ], [ -75.113241, 39.931131 ], [ -75.113496, 39.931208 ], [ -75.113834, 39.931286 ] ] } },
{ "type": "Feature", "properties": { "id": "29380491-1129", "name": "", "class": "secondary", "is_priority": false }, "geometry": { "type": "LineString", "coordinates": [ [ -75.113754, 39.929168 ], [ -75.113557, 39.929558 ], [ -75.113053, 39.930419 ], [ -75.11301, 39.930533 ], [ -75.112989, 39.930676 ], [ -75.113041, 39.930848 ] ] } },
{ "type": "Feature", "properties": { "id": "29380491-1130", "name": "", "class": "secondary", "is_priority": false }, "geometry": { "type": "LineString", "coordinates": [ [ -75.113041, 39.930848 ], [ -75.11307, 39.930946 ] ] } },
{ "type": "Feature", "properties": { "id": "29650659-1131", "name": "Somerset Street", "class": "tertiary", "is_priority": false }, "geometry": { "type": "LineString", "coordinates": [ [ -75.090958, 39.938446 ], [ -75.090796, 39.93888 ], [ -75.090411, 39.939383 ] ] } },
{ "type": "Feature", "properties": { "id": "29651514-1132", "name": "", "class": "trunk_link", "is_priority": false }, "geometry": { "type": "LineString", "coordinates": [ [ -75.093698, 39.939824 ], [ -75.093507, 39.93996 ], [ -75.093284, 39.940073 ], [ -75.093047, 39.940141 ], [ -75.092874, 39.940162 ] ] } },
{ "type": "Feature", "properties": { "id": "29651548-1133", "name": "", "class": "secondary_link", "is_priority": false }, "geometry": { "type": "LineString", "coordinates": [ [ -75.092099, 39.940041 ], [ -75.09233, 39.940116 ], [ -75.092517, 39.940136 ] ] } },
{ "type": "Feature", "properties": { "id": "29651641-1134", "name": "Baird Boulevard", "class": "secondary", "is_priority": false }, "geometry": { "type": "LineString", "coordinates": [ [ -75.088015, 39.942906 ], [ -75.08812, 39.942769 ], [ -75.089634, 39.941611 ] ] } },
{ "type": "Feature", "properties": { "id": "29651641-1135", "name": "Baird Boulevard", "class": "secondary", "is_priority": false }, "geometry": { "type": "LineString", "coordinates": [ [ -75.089634, 39.941611 ], [ -75.09052, 39.940952 ], [ -75.091077, 39.940464 ] ] } },
{ "type": "Feature", "properties": { "id": "29651654-1136", "name": "Baird Boulevard", "class": "secondary", "is_priority": false }, "geometry": { "type": "LineString", "coordinates": [ [ -75.092812, 39.939062 ], [ -75.093167, 39.938784 ] ] } },
{ "type": "Feature", "properties": { "id": "29651874-1137", "name": "Baird Boulevard", "class": "secondary", "is_priority": false }, "geometry": { "type": "LineString", "coordinates": [ [ -75.093113, 39.938755 ], [ -75.092753, 39.939029 ] ] } },
{ "type": "Feature", "properties": { "id": "29652723-1138", "name": "", "class": "trunk_link", "is_priority": false }, "geometry": { "type": "LineString", "coordinates": [ [ -75.105547, 39.943706 ], [ -75.105551, 39.943465 ], [ -75.105572, 39.943388 ], [ -75.105662, 39.943279 ], [ -75.105836, 39.943149 ] ] } },
{ "type": "Feature", "properties": { "id": "29652767-1139", "name": "", "class": "trunk_link", "is_priority": false }, "geometry": { "type": "LineString", "coordinates": [ [ -75.105836, 39.943149 ], [ -75.105975, 39.943121 ], [ -75.106121, 39.943129 ], [ -75.106461, 39.943284 ] ] } },
{ "type": "Feature", "properties": { "id": "29652810-1140", "name": "", "class": "trunk_link", "is_priority": false }, "geometry": { "type": "LineString", "coordinates": [ [ -75.105796, 39.942527 ], [ -75.105889, 39.942739 ], [ -75.105908, 39.942887 ], [ -75.105862, 39.943019 ], [ -75.105789, 39.943086 ], [ -75.105712, 39.943121 ], [ -75.105629, 39.943129 ], [ -75.105498, 39.943115 ], [ -75.105378, 39.943052 ], [ -75.105323, 39.942991 ], [ -75.105289, 39.942907 ], [ -75.105277, 39.942688 ] ] } },
{ "type": "Feature", "properties": { "id": "29652923-1141", "name": "Flanders Boulevard", "class": "primary", "is_priority": true }, "geometry": { "type": "LineString", "coordinates": [ [ -75.105417, 39.942494 ], [ -75.105873, 39.942038 ] ] } },
{ "type": "Feature", "properties": { "id": "29653054-1142", "name": "Mount Ephraim Avenue", "class": "primary", "is_priority": true }, "geometry": { "type": "LineString", "coordinates": [ [ -75.111334, 39.937031 ], [ -75.111136, 39.936574 ], [ -75.110538, 39.935337 ] ] } },
{ "type": "Feature", "properties": { "id": "29653054-1143", "name": "Mount Ephraim Avenue", "class": "primary", "is_priority": true }, "geometry": { "type": "LineString", "coordinates": [ [ -75.110538, 39.935337 ], [ -75.109929, 39.934099 ] ] } },
{ "type": "Feature", "properties": { "id": "29654698-1144", "name": "", "class": "trunk_link", "is_priority": false }, "geometry": { "type": "LineString", "coordinates": [ [ -75.10688, 39.944066 ], [ -75.107155, 39.944412 ], [ -75.107358, 39.944621 ], [ -75.10838, 39.945439 ] ] } },
{ "type": "Feature", "properties": { "id": "29654698-1145", "name": "", "class": "trunk_link", "is_priority": false }, "geometry": { "type": "LineString", "coordinates": [ [ -75.10838, 39.945439 ], [ -75.108859, 39.945818 ] ] } },
{ "type": "Feature", "properties": { "id": "29654913-1146", "name": "Federal Street", "class": "primary", "is_priority": true }, "geometry": { "type": "LineString", "coordinates": [ [ -75.106329, 39.94398 ], [ -75.105554, 39.943973 ] ] } },
{ "type": "Feature", "properties": { "id": "29654919-1147", "name": "Federal Street", "class": "primary", "is_priority": true }, "geometry": { "type": "LineString", "coordinates": [ [ -75.107771, 39.943992 ], [ -75.106329, 39.94398 ] ] } },
{ "type": "Feature", "properties": { "id": "29654945-1148", "name": "North 10th Street", "class": "secondary", "is_priority": false }, "geometry": { "type": "LineString", "coordinates": [ [ -75.11286, 39.946212 ], [ -75.113232, 39.945061 ] ] } },
{ "type": "Feature", "properties": { "id": "29654953-1149", "name": "North 10th Street", "class": "secondary", "is_priority": false }, "geometry": { "type": "LineString", "coordinates": [ [ -75.11243, 39.947483 ], [ -75.11187, 39.949233 ] ] } },
{ "type": "Feature", "properties": { "id": "29654953-1150", "name": "North 10th Street", "class": "secondary", "is_priority": false }, "geometry": { "type": "LineString", "coordinates": [ [ -75.11187, 39.949233 ], [ -75.111306, 39.950982 ] ] } },
{ "type": "Feature", "properties": { "id": "29654953-1151", "name": "North 10th Street", "class": "secondary", "is_priority": false }, "geometry": { "type": "LineString", "coordinates": [ [ -75.111306, 39.950982 ], [ -75.111182, 39.951369 ] ] } },
{ "type": "Feature", "properties": { "id": "29655027-1152", "name": "North-South Freeway", "class": "motorway", "is_priority": true }, "geometry": { "type": "LineString", "coordinates": [ [ -75.11341, 39.942991 ], [ -75.113563, 39.943865 ] ] } },
{ "type": "Feature", "properties": { "id": "29655067-1153", "name": "North-South Freeway", "class": "motorway", "is_priority": true }, "geometry": { "type": "LineString", "coordinates": [ [ -75.113499, 39.942564 ], [ -75.113338, 39.94175 ], [ -75.113069, 39.940794 ] ] } },
{ "type": "Feature", "properties": { "id": "29655067-1154", "name": "North-South Freeway", "class": "motorway", "is_priority": true }, "geometry": { "type": "LineString", "coordinates": [ [ -75.113069, 39.940794 ], [ -75.112869, 39.940032 ] ] } },
{ "type": "Feature", "properties": { "id": "29655072-1155", "name": "North-South Freeway", "class": "motorway", "is_priority": true }, "geometry": { "type": "LineString", "coordinates": [ [ -75.113566, 39.942999 ], [ -75.113499, 39.942564 ] ] } },
{ "type": "Feature", "properties": { "id": "29655105-1156", "name": "North-South Freeway", "class": "motorway", "is_priority": true }, "geometry": { "type": "LineString", "coordinates": [ [ -75.113813, 39.944444 ], [ -75.113735, 39.94396 ] ] } },
{ "type": "Feature", "properties": { "id": "29655127-1157", "name": "North-South Freeway", "class": "motorway", "is_priority": true }, "geometry": { "type": "LineString", "coordinates": [ [ -75.113638, 39.944426 ], [ -75.1138, 39.9454 ] ] } },
{ "type": "Feature", "properties": { "id": "29655130-1158", "name": "North-South Freeway", "class": "motorway", "is_priority": true }, "geometry": { "type": "LineString", "coordinates": [ [ -75.113563, 39.943865 ], [ -75.113638, 39.944426 ] ] } },
{ "type": "Feature", "properties": { "id": "29655204-1159", "name": "North 7th Street", "class": "primary", "is_priority": true }, "geometry": { "type": "LineString", "coordinates": [ [ -75.116427, 39.947942 ], [ -75.116416, 39.947714 ], [ -75.116439, 39.947406 ], [ -75.116628, 39.94656 ] ] } },
{ "type": "Feature", "properties": { "id": "29655211-1160", "name": "North 7th Street", "class": "primary", "is_priority": true }, "geometry": { "type": "LineString", "coordinates": [ [ -75.116628, 39.94656 ], [ -75.116742, 39.946148 ] ] } },
{ "type": "Feature", "properties": { "id": "29655243-1161", "name": "North 7th Street", "class": "primary", "is_priority": true }, "geometry": { "type": "LineString", "coordinates": [ [ -75.116265, 39.947907 ], [ -75.116296, 39.94823 ] ] } },
{ "type": "Feature", "properties": { "id": "29655246-1162", "name": "North 7th Street", "class": "primary", "is_priority": true }, "geometry": { "type": "LineString", "coordinates": [ [ -75.11646, 39.946543 ], [ -75.116306, 39.947222 ], [ -75.116266, 39.947476 ], [ -75.116265, 39.947907 ] ] } },
{ "type": "Feature", "properties": { "id": "29655293-1163", "name": "North-South Freeway", "class": "motorway", "is_priority": true }, "geometry": { "type": "LineString", "coordinates": [ [ -75.11392, 39.945948 ], [ -75.114084, 39.946291 ], [ -75.114363, 39.946684 ] ] } },
{ "type": "Feature", "properties": { "id": "29655371-1164", "name": "North-South Freeway", "class": "motorway", "is_priority": true }, "geometry": { "type": "LineString", "coordinates": [ [ -75.114889, 39.946085 ], [ -75.114638, 39.945908 ], [ -75.114322, 39.945617 ] ] } },
{ "type": "Feature", "properties": { "id": "29655379-1165", "name": "North-South Freeway", "class": "motorway", "is_priority": true }, "geometry": { "type": "LineString", "coordinates": [ [ -75.114322, 39.945617 ], [ -75.114083, 39.945322 ], [ -75.113973, 39.945109 ], [ -75.113871, 39.944796 ], [ -75.113813, 39.944444 ] ] } },
{ "type": "Feature", "properties": { "id": "29655692-1166", "name": "", "class": "motorway_link", "is_priority": false }, "geometry": { "type": "LineString", "coordinates": [ [ -75.118109, 39.947503 ], [ -75.117625, 39.947389 ] ] } },
{ "type": "Feature", "properties": { "id": "29655923-1167", "name": "North Front Street", "class": "residential", "is_priority": false }, "geometry": { "type": "LineString", "coordinates": [ [ -75.125128, 39.951019 ], [ -75.124561, 39.952767 ] ] } },
{ "type": "Feature", "properties": { "id": "29655923-1168", "name": "North Front Street", "class": "residential", "is_priority": false }, "geometry": { "type": "LineString", "coordinates": [ [ -75.124561, 39.952767 ], [ -75.124477, 39.953036 ] ] } },
{ "type": "Feature", "properties": { "id": "29659781-1169", "name": "Riverside Drive", "class": "unclassified", "is_priority": false }, "geometry": { "type": "LineString", "coordinates": [ [ -75.129754, 39.94735 ], [ -75.129176, 39.949096 ] ] } },
{ "type": "Feature", "properties": { "id": "29659781-1170", "name": "Riverside Drive", "class": "unclassified", "is_priority": false }, "geometry": { "type": "LineString", "coordinates": [ [ -75.129176, 39.949096 ], [ -75.129011, 39.949593 ] ] } },
{ "type": "Feature", "properties": { "id": "29660549-1171", "name": "Penn Street", "class": "residential", "is_priority": false }, "geometry": { "type": "LineString", "coordinates": [ [ -75.120419, 39.947955 ], [ -75.118754, 39.947634 ] ] } },
{ "type": "Feature", "properties": { "id": "29660619-1172", "name": "Penn Street", "class": "unclassified", "is_priority": false }, "geometry": { "type": "LineString", "coordinates": [ [ -75.127486, 39.949319 ], [ -75.129011, 39.949593 ] ] } },
{ "type": "Feature", "properties": { "id": "29661839-1173", "name": "Dr Martin Luther King Boulevard", "class": "tertiary", "is_priority": false }, "geometry": { "type": "LineString", "coordinates": [ [ -75.129144, 39.943166 ], [ -75.129428, 39.943187 ] ] } },
{ "type": "Feature", "properties": { "id": "29661849-1174", "name": "Dr Martin Luther King Boulevard", "class": "tertiary", "is_priority": false }, "geometry": { "type": "LineString", "coordinates": [ [ -75.129428, 39.943187 ], [ -75.13, 39.943239 ], [ -75.130105, 39.943268 ] ] } },
{ "type": "Feature", "properties": { "id": "29661885-1175", "name": "Dr Martin Luther King Boulevard", "class": "tertiary", "is_priority": false }, "geometry": { "type": "LineString", "coordinates": [ [ -75.129436, 39.943117 ], [ -75.129154, 39.943095 ] ] } },
{ "type": "Feature", "properties": { "id": "29661901-1176", "name": "Dr Martin Luther King Jr Boulevard", "class": "tertiary", "is_priority": false }, "geometry": { "type": "LineString", "coordinates": [ [ -75.121923, 39.942463 ], [ -75.119583, 39.942426 ] ] } },
{ "type": "Feature", "properties": { "id": "29661901-1177", "name": "Dr Martin Luther King Jr Boulevard", "class": "tertiary", "is_priority": false }, "geometry": { "type": "LineString", "coordinates": [ [ -75.119583, 39.942426 ], [ -75.119246, 39.94242 ] ] } },
{ "type": "Feature", "properties": { "id": "29705641-1178", "name": "Collings Road", "class": "secondary", "is_priority": false }, "geometry": { "type": "LineString", "coordinates": [ [ -75.106087, 39.90355 ], [ -75.104554, 39.90404 ], [ -75.103933, 39.904255 ] ] } },
{ "type": "Feature", "properties": { "id": "29705641-1179", "name": "Collings Road", "class": "secondary", "is_priority": false }, "geometry": { "type": "LineString", "coordinates": [ [ -75.103933, 39.904255 ], [ -75.10226, 39.904825 ] ] } },
{ "type": "Feature", "properties": { "id": "29706996-1180", "name": "East State Street", "class": "secondary", "is_priority": false }, "geometry": { "type": "LineString", "coordinates": [ [ -75.096465, 39.946895 ], [ -75.098152, 39.947736 ] ] } },
{ "type": "Feature", "properties": { "id": "29707010-1181", "name": "East State Street", "class": "secondary", "is_priority": false }, "geometry": { "type": "LineString", "coordinates": [ [ -75.101238, 39.949246 ], [ -75.101652, 39.949451 ], [ -75.102061, 39.949626 ], [ -75.103391, 39.949913 ] ] } },
{ "type": "Feature", "properties": { "id": "29707010-1182", "name": "East State Street", "class": "secondary", "is_priority": false }, "geometry": { "type": "LineString", "coordinates": [ [ -75.103391, 39.949913 ], [ -75.105013, 39.950248 ] ] } },
{ "type": "Feature", "properties": { "id": "29707110-1183", "name": "North 27th Street", "class": "secondary", "is_priority": false }, "geometry": { "type": "LineString", "coordinates": [ [ -75.090094, 39.95075 ], [ -75.090547, 39.95133 ], [ -75.090833, 39.951666 ], [ -75.090948, 39.951851 ] ] } },
{ "type": "Feature", "properties": { "id": "29707150-1184", "name": "North 27th Street", "class": "secondary", "is_priority": false }, "geometry": { "type": "LineString", "coordinates": [ [ -75.090948, 39.951851 ], [ -75.092133, 39.953405 ] ] } },
{ "type": "Feature", "properties": { "id": "29707150-1185", "name": "North 27th Street", "class": "secondary", "is_priority": false }, "geometry": { "type": "LineString", "coordinates": [ [ -75.092133, 39.953405 ], [ -75.092447, 39.953805 ] ] } },
{ "type": "Feature", "properties": { "id": "29752406-1186", "name": "Mount Ephraim Avenue", "class": "primary", "is_priority": true }, "geometry": { "type": "LineString", "coordinates": [ [ -75.095836, 39.904182 ], [ -75.09597, 39.904629 ] ] } },
{ "type": "Feature", "properties": { "id": "29752790-1187", "name": "Black Horse Pike", "class": "primary", "is_priority": true }, "geometry": { "type": "LineString", "coordinates": [ [ -75.095938, 39.903985 ], [ -75.095874, 39.903759 ] ] } },
{ "type": "Feature", "properties": { "id": "29753378-1188", "name": "Baird Boulevard", "class": "secondary", "is_priority": false }, "geometry": { "type": "LineString", "coordinates": [ [ -75.09453, 39.937695 ], [ -75.095044, 39.9373 ] ] } },
{ "type": "Feature", "properties": { "id": "29753385-1189", "name": "Baird Boulevard", "class": "secondary", "is_priority": false }, "geometry": { "type": "LineString", "coordinates": [ [ -75.098164, 39.93452 ], [ -75.098722, 39.934026 ], [ -75.099663, 39.933136 ] ] } },
{ "type": "Feature", "properties": { "id": "29753385-1190", "name": "Baird Boulevard", "class": "secondary", "is_priority": false }, "geometry": { "type": "LineString", "coordinates": [ [ -75.099663, 39.933136 ], [ -75.100572, 39.932259 ] ] } },
{ "type": "Feature", "properties": { "id": "29759732-1191", "name": "Memorial Avenue", "class": "residential", "is_priority": false }, "geometry": { "type": "LineString", "coordinates": [ [ -75.107932, 39.93737 ], [ -75.107803, 39.936257 ] ] } },
{ "type": "Feature", "properties": { "id": "29761799-1192", "name": "North 7th Street", "class": "tertiary", "is_priority": false }, "geometry": { "type": "LineString", "coordinates": [ [ -75.116286, 39.949299 ], [ -75.11612, 39.949829 ] ] } },
{ "type": "Feature", "properties": { "id": "29762532-1193", "name": "Mount Ephraim Avenue", "class": "tertiary", "is_priority": false }, "geometry": { "type": "LineString", "coordinates": [ [ -75.109956, 39.940716 ], [ -75.111404, 39.9393 ] ] } },
{ "type": "Feature", "properties": { "id": "29762532-1194", "name": "Mount Ephraim Avenue", "class": "tertiary", "is_priority": false }, "geometry": { "type": "LineString", "coordinates": [ [ -75.111404, 39.9393 ], [ -75.111766, 39.938954 ], [ -75.111481, 39.937784 ] ] } },
{ "type": "Feature", "properties": { "id": "29873286-1195", "name": "Haddon Avenue", "class": "primary", "is_priority": true }, "geometry": { "type": "LineString", "coordinates": [ [ -75.116967, 39.944874 ], [ -75.116978, 39.944598 ] ] } },
{ "type": "Feature", "properties": { "id": "29873287-1196", "name": "Haddon Avenue", "class": "primary", "is_priority": true }, "geometry": { "type": "LineString", "coordinates": [ [ -75.1168, 39.944842 ], [ -75.116704, 39.945508 ] ] } },
{ "type": "Feature", "properties": { "id": "29873609-1197", "name": "North-South Freeway", "class": "motorway", "is_priority": true }, "geometry": { "type": "LineString", "coordinates": [ [ -75.112869, 39.940032 ], [ -75.11277, 39.93971 ] ] } },
{ "type": "Feature", "properties": { "id": "29873611-1198", "name": "North-South Freeway", "class": "motorway", "is_priority": true }, "geometry": { "type": "LineString", "coordinates": [ [ -75.112296, 39.938166 ], [ -75.112008, 39.937125 ] ] } },
{ "type": "Feature", "properties": { "id": "29873617-1199", "name": "North-South Freeway", "class": "motorway", "is_priority": true }, "geometry": { "type": "LineString", "coordinates": [ [ -75.112698, 39.940105 ], [ -75.113078, 39.941363 ] ] } },
{ "type": "Feature", "properties": { "id": "29873621-1200", "name": "North-South Freeway", "class": "motorway", "is_priority": true }, "geometry": { "type": "LineString", "coordinates": [ [ -75.112125, 39.938167 ], [ -75.112232, 39.938529 ] ] } },
{ "type": "Feature", "properties": { "id": "29873638-1201", "name": "North-South Freeway", "class": "motorway", "is_priority": true }, "geometry": { "type": "LineString", "coordinates": [ [ -75.112008, 39.937125 ], [ -75.111938, 39.936884 ] ] } },
{ "type": "Feature", "properties": { "id": "29873648-1202", "name": "North-South Freeway", "class": "motorway", "is_priority": true }, "geometry": { "type": "LineString", "coordinates": [ [ -75.111938, 39.936884 ], [ -75.111678, 39.93601 ], [ -75.111581, 39.935616 ], [ -75.111506, 39.935115 ] ] } },
{ "type": "Feature", "properties": { "id": "29873648-1203", "name": "North-South Freeway", "class": "motorway", "is_priority": true }, "geometry": { "type": "LineString", "coordinates": [ [ -75.111506, 39.935115 ], [ -75.111491, 39.934931 ], [ -75.111535, 39.934222 ], [ -75.111588, 39.933917 ], [ -75.111743, 39.933348 ] ] } },
{ "type": "Feature", "properties": { "id": "29873668-1204", "name": "North-South Freeway", "class": "motorway", "is_priority": true }, "geometry": { "type": "LineString", "coordinates": [ [ -75.111935, 39.93755 ], [ -75.112125, 39.938167 ] ] } },
{ "type": "Feature", "properties": { "id": "29873669-1205", "name": "North-South Freeway", "class": "motorway", "is_priority": true }, "geometry": { "type": "LineString", "coordinates": [ [ -75.11172, 39.936875 ], [ -75.111814, 39.937194 ] ] } },
{ "type": "Feature", "properties": { "id": "29873703-1206", "name": "North-South Freeway", "class": "motorway", "is_priority": true }, "geometry": { "type": "LineString", "coordinates": [ [ -75.111743, 39.933348 ], [ -75.11188, 39.932986 ], [ -75.112073, 39.932616 ], [ -75.112602, 39.931897 ], [ -75.112757, 39.931737 ] ] } },
{ "type": "Feature", "properties": { "id": "29873703-1207", "name": "North-South Freeway", "class": "motorway", "is_priority": true }, "geometry": { "type": "LineString", "coordinates": [ [ -75.112757, 39.931737 ], [ -75.113488, 39.930984 ] ] } },
{ "type": "Feature", "properties": { "id": "29873705-1208", "name": "North-South Freeway", "class": "motorway", "is_priority": true }, "geometry": { "type": "LineString", "coordinates": [ [ -75.113488, 39.930984 ], [ -75.113778, 39.930706 ] ] } },
{ "type": "Feature", "properties": { "id": "29873707-1209", "name": "North-South Freeway", "class": "motorway", "is_priority": true }, "geometry": { "type": "LineString", "coordinates": [ [ -75.111567, 39.933176 ], [ -75.111414, 39.933647 ], [ -75.111311, 39.934152 ], [ -75.111276, 39.934581 ], [ -75.111286, 39.934956 ] ] } },
{ "type": "Feature", "properties": { "id": "29873707-1210", "name": "North-South Freeway", "class": "motorway", "is_priority": true }, "geometry": { "type": "LineString", "coordinates": [ [ -75.111286, 39.934956 ], [ -75.11129, 39.93509 ] ] } },
{ "type": "Feature", "properties": { "id": "29873708-1211", "name": "North-South Freeway", "class": "motorway", "is_priority": true }, "geometry": { "type": "LineString", "coordinates": [ [ -75.113292, 39.930881 ], [ -75.112661, 39.931488 ], [ -75.112398, 39.931775 ], [ -75.111997, 39.932373 ] ] } },
{ "type": "Feature", "properties": { "id": "29873708-1212", "name": "North-South Freeway", "class": "motorway", "is_priority": true }, "geometry": { "type": "LineString", "coordinates": [ [ -75.111997, 39.932373 ], [ -75.111762, 39.932777 ], [ -75.111567, 39.933176 ] ] } },
{ "type": "Feature", "properties": { "id": "29873773-1213", "name": "Kaighns Avenue", "class": "secondary", "is_priority": false }, "geometry": { "type": "LineString", "coordinates": [ [ -75.116199, 39.9311 ], [ -75.11853, 39.930933 ] ] } },
{ "type": "Feature", "properties": { "id": "29873773-1214", "name": "Kaighns Avenue", "class": "secondary", "is_priority": false }, "geometry": { "type": "LineString", "coordinates": [ [ -75.11853, 39.930933 ], [ -75.119494, 39.930865 ] ] } },
{ "type": "Feature", "properties": { "id": "29873775-1215", "name": "Kaighns Avenue", "class": "secondary", "is_priority": false }, "geometry": { "type": "LineString", "coordinates": [ [ -75.113558, 39.931311 ], [ -75.115672, 39.931139 ] ] } },
{ "type": "Feature", "properties": { "id": "29873795-1216", "name": "South 8th Street", "class": "residential", "is_priority": false }, "geometry": { "type": "LineString", "coordinates": [ [ -75.112196, 39.920408 ], [ -75.112297, 39.922209 ] ] } },
{ "type": "Feature", "properties": { "id": "29873795-1217", "name": "South 8th Street", "class": "residential", "is_priority": false }, "geometry": { "type": "LineString", "coordinates": [ [ -75.112297, 39.922209 ], [ -75.112411, 39.924008 ] ] } },
{ "type": "Feature", "properties": { "id": "29873795-1218", "name": "South 8th Street", "class": "residential", "is_priority": false }, "geometry": { "type": "LineString", "coordinates": [ [ -75.112411, 39.924008 ], [ -75.112471, 39.92581 ] ] } },
{ "type": "Feature", "properties": { "id": "29873795-1219", "name": "South 8th Street", "class": "residential", "is_priority": false }, "geometry": { "type": "LineString", "coordinates": [ [ -75.112471, 39.92581 ], [ -75.112551, 39.92761 ] ] } },
{ "type": "Feature", "properties": { "id": "29873795-1220", "name": "South 8th Street", "class": "residential", "is_priority": false }, "geometry": { "type": "LineString", "coordinates": [ [ -75.112551, 39.92761 ], [ -75.112618, 39.929178 ], [ -75.112644, 39.929411 ] ] } },
{ "type": "Feature", "properties": { "id": "29873795-1221", "name": "South 8th Street", "class": "residential", "is_priority": false }, "geometry": { "type": "LineString", "coordinates": [ [ -75.112644, 39.929411 ], [ -75.112657, 39.92953 ] ] } },
{ "type": "Feature", "properties": { "id": "29873815-1222", "name": "Atlantic Avenue", "class": "residential", "is_priority": false }, "geometry": { "type": "LineString", "coordinates": [ [ -75.107685, 39.92955 ], [ -75.105356, 39.929727 ] ] } },
{ "type": "Feature", "properties": { "id": "29873815-1223", "name": "Atlantic Avenue", "class": "residential", "is_priority": false }, "geometry": { "type": "LineString", "coordinates": [ [ -75.105356, 39.929727 ], [ -75.103579, 39.92986 ] ] } },
{ "type": "Feature", "properties": { "id": "29873880-1224", "name": "", "class": "motorway_link", "is_priority": false }, "geometry": { "type": "LineString", "coordinates": [ [ -75.115091, 39.928773 ], [ -75.114865, 39.929281 ] ] } },
{ "type": "Feature", "properties": { "id": "29873894-1225", "name": "North-South Freeway", "class": "motorway", "is_priority": true }, "geometry": { "type": "LineString", "coordinates": [ [ -75.114865, 39.929281 ], [ -75.114081, 39.930124 ], [ -75.113459, 39.930721 ] ] } },
{ "type": "Feature", "properties": { "id": "29873894-1226", "name": "North-South Freeway", "class": "motorway", "is_priority": true }, "geometry": { "type": "LineString", "coordinates": [ [ -75.113459, 39.930721 ], [ -75.113292, 39.930881 ] ] } },
{ "type": "Feature", "properties": { "id": "29873897-1227", "name": "North-South Freeway", "class": "motorway", "is_priority": true }, "geometry": { "type": "LineString", "coordinates": [ [ -75.115305, 39.928708 ], [ -75.114865, 39.929281 ] ] } },
{ "type": "Feature", "properties": { "id": "29873915-1228", "name": "North-South Freeway", "class": "motorway", "is_priority": true }, "geometry": { "type": "LineString", "coordinates": [ [ -75.115283, 39.929115 ], [ -75.115536, 39.928748 ] ] } },
{ "type": "Feature", "properties": { "id": "29873920-1229", "name": "North-South Freeway", "class": "motorway", "is_priority": true }, "geometry": { "type": "LineString", "coordinates": [ [ -75.115536, 39.928748 ], [ -75.115684, 39.92848 ], [ -75.115958, 39.927893 ], [ -75.116082, 39.927415 ], [ -75.116127, 39.927017 ] ] } },
{ "type": "Feature", "properties": { "id": "29873920-1230", "name": "North-South Freeway", "class": "motorway", "is_priority": true }, "geometry": { "type": "LineString", "coordinates": [ [ -75.116127, 39.927017 ], [ -75.116165, 39.926675 ] ] } },
{ "type": "Feature", "properties": { "id": "29874118-1231", "name": "North-South Freeway", "class": "motorway", "is_priority": true }, "geometry": { "type": "LineString", "coordinates": [ [ -75.115983, 39.925217 ], [ -75.115955, 39.926029 ], [ -75.115915, 39.92657 ] ] } },
{ "type": "Feature", "properties": { "id": "29874139-1232", "name": "North-South Freeway", "class": "motorway", "is_priority": true }, "geometry": { "type": "LineString", "coordinates": [ [ -75.115915, 39.92657 ], [ -75.115906, 39.926703 ] ] } },
{ "type": "Feature", "properties": { "id": "29874146-1233", "name": "North-South Freeway", "class": "motorway", "is_priority": true }, "geometry": { "type": "LineString", "coordinates": [ [ -75.116189, 39.926206 ], [ -75.116235, 39.925199 ] ] } },
{ "type": "Feature", "properties": { "id": "29874149-1234", "name": "North-South Freeway", "class": "motorway", "is_priority": true }, "geometry": { "type": "LineString", "coordinates": [ [ -75.116252, 39.924824 ], [ -75.116307, 39.923639 ] ] } },
{ "type": "Feature", "properties": { "id": "29874155-1235", "name": "", "class": "motorway_link", "is_priority": false }, "geometry": { "type": "LineString", "coordinates": [ [ -75.116272, 39.926752 ], [ -75.116189, 39.926206 ] ] } },
{ "type": "Feature", "properties": { "id": "29874256-1236", "name": "North-South Freeway", "class": "motorway", "is_priority": true }, "geometry": { "type": "LineString", "coordinates": [ [ -75.116307, 39.923639 ], [ -75.116322, 39.923272 ] ] } },
{ "type": "Feature", "properties": { "id": "29874258-1237", "name": "North-South Freeway", "class": "motorway", "is_priority": true }, "geometry": { "type": "LineString", "coordinates": [ [ -75.116322, 39.923272 ], [ -75.116403, 39.921575 ] ] } },
{ "type": "Feature", "properties": { "id": "29874263-1238", "name": "North-South Freeway", "class": "motorway", "is_priority": true }, "geometry": { "type": "LineString", "coordinates": [ [ -75.116046, 39.923635 ], [ -75.115996, 39.924824 ] ] } },
{ "type": "Feature", "properties": { "id": "29874268-1239", "name": "North-South Freeway", "class": "motorway", "is_priority": true }, "geometry": { "type": "LineString", "coordinates": [ [ -75.116062, 39.923316 ], [ -75.116046, 39.923635 ] ] } },
{ "type": "Feature", "properties": { "id": "29874277-1240", "name": "North-South Freeway", "class": "motorway", "is_priority": true }, "geometry": { "type": "LineString", "coordinates": [ [ -75.116403, 39.921575 ], [ -75.116425, 39.921167 ] ] } },
{ "type": "Feature", "properties": { "id": "29874280-1241", "name": "North-South Freeway", "class": "motorway", "is_priority": true }, "geometry": { "type": "LineString", "coordinates": [ [ -75.116425, 39.921167 ], [ -75.116517, 39.919366 ] ] } },
{ "type": "Feature", "properties": { "id": "29874280-1242", "name": "North-South Freeway", "class": "motorway", "is_priority": true }, "geometry": { "type": "LineString", "coordinates": [ [ -75.116517, 39.919366 ], [ -75.116553, 39.918406 ] ] } },
{ "type": "Feature", "properties": { "id": "29874284-1243", "name": "North-South Freeway", "class": "motorway", "is_priority": true }, "geometry": { "type": "LineString", "coordinates": [ [ -75.116167, 39.921521 ], [ -75.116062, 39.923316 ] ] } },
{ "type": "Feature", "properties": { "id": "29874293-1244", "name": "North-South Freeway", "class": "motorway", "is_priority": true }, "geometry": { "type": "LineString", "coordinates": [ [ -75.116184, 39.921176 ], [ -75.116167, 39.921521 ] ] } },
{ "type": "Feature", "properties": { "id": "29874328-1245", "name": "North-South Freeway", "class": "motorway", "is_priority": true }, "geometry": { "type": "LineString", "coordinates": [ [ -75.116553, 39.918406 ], [ -75.116577, 39.917231 ], [ -75.116554, 39.916734 ] ] } },
{ "type": "Feature", "properties": { "id": "29874329-1246", "name": "North-South Freeway", "class": "motorway", "is_priority": true }, "geometry": { "type": "LineString", "coordinates": [ [ -75.116554, 39.916734 ], [ -75.116539, 39.916433 ], [ -75.116448, 39.91566 ] ] } },
{ "type": "Feature", "properties": { "id": "29874332-1247", "name": "North-South Freeway", "class": "motorway", "is_priority": true }, "geometry": { "type": "LineString", "coordinates": [ [ -75.116298, 39.918403 ], [ -75.11623, 39.920204 ] ] } },
{ "type": "Feature", "properties": { "id": "29874332-1248", "name": "North-South Freeway", "class": "motorway", "is_priority": true }, "geometry": { "type": "LineString", "coordinates": [ [ -75.11623, 39.920204 ], [ -75.116184, 39.921176 ] ] } },
{ "type": "Feature", "properties": { "id": "29874333-1249", "name": "North-South Freeway", "class": "motorway", "is_priority": true }, "geometry": { "type": "LineString", "coordinates": [ [ -75.116299, 39.916726 ], [ -75.116322, 39.917132 ], [ -75.116298, 39.918403 ] ] } },
{ "type": "Feature", "properties": { "id": "29874354-1250", "name": "Broadway", "class": "primary", "is_priority": true }, "geometry": { "type": "LineString", "coordinates": [ [ -75.119845, 39.917326 ], [ -75.119854, 39.916961 ] ] } },
{ "type": "Feature", "properties": { "id": "29874358-1251", "name": "Broadway", "class": "primary", "is_priority": true }, "geometry": { "type": "LineString", "coordinates": [ [ -75.119854, 39.916961 ], [ -75.11987, 39.915592 ], [ -75.119801, 39.915456 ], [ -75.11967, 39.915401 ], [ -75.119446, 39.915402 ] ] } },
{ "type": "Feature", "properties": { "id": "29874358-1252", "name": "Broadway", "class": "primary", "is_priority": true }, "geometry": { "type": "LineString", "coordinates": [ [ -75.119446, 39.915402 ], [ -75.118995, 39.915396 ], [ -75.118882, 39.91538 ], [ -75.118598, 39.915289 ], [ -75.118374, 39.915167 ], [ -75.118171, 39.914982 ], [ -75.11807, 39.914824 ], [ -75.118011, 39.914576 ], [ -75.118016, 39.91433 ] ] } },
{ "type": "Feature", "properties": { "id": "29874358-1253", "name": "Broadway", "class": "primary", "is_priority": true }, "geometry": { "type": "LineString", "coordinates": [ [ -75.118016, 39.91433 ], [ -75.118044, 39.912681 ] ] } },
{ "type": "Feature", "properties": { "id": "29875520-1254", "name": "South 7th Street", "class": "residential", "is_priority": false }, "geometry": { "type": "LineString", "coordinates": [ [ -75.115917, 39.936806 ], [ -75.115861, 39.936728 ], [ -75.115946, 39.935888 ], [ -75.115956, 39.935018 ] ] } },
{ "type": "Feature", "properties": { "id": "29875520-1255", "name": "South 7th Street", "class": "residential", "is_priority": false }, "geometry": { "type": "LineString", "coordinates": [ [ -75.115956, 39.935018 ], [ -75.116, 39.933216 ] ] } },
{ "type": "Feature", "properties": { "id": "29875520-1256", "name": "South 7th Street", "class": "residential", "is_priority": false }, "geometry": { "type": "LineString", "coordinates": [ [ -75.116, 39.933216 ], [ -75.116048, 39.931806 ] ] } },
{ "type": "Feature", "properties": { "id": "29875552-1257", "name": "South 7th Street", "class": "residential", "is_priority": false }, "geometry": { "type": "LineString", "coordinates": [ [ -75.115917, 39.936806 ], [ -75.115752, 39.937113 ], [ -75.115731, 39.937802 ] ] } },
{ "type": "Feature", "properties": { "id": "29875563-1258", "name": "South 7th Street", "class": "residential", "is_priority": false }, "geometry": { "type": "LineString", "coordinates": [ [ -75.115913, 39.940798 ], [ -75.115941, 39.938996 ] ] } },
{ "type": "Feature", "properties": { "id": "29875563-1259", "name": "South 7th Street", "class": "residential", "is_priority": false }, "geometry": { "type": "LineString", "coordinates": [ [ -75.115941, 39.938996 ], [ -75.115955, 39.938475 ] ] } },
{ "type": "Feature", "properties": { "id": "30086326-1260", "name": "Beideman Avenue", "class": "residential", "is_priority": false }, "geometry": { "type": "LineString", "coordinates": [ [ -75.080894, 39.952254 ], [ -75.082076, 39.953809 ] ] } },
{ "type": "Feature", "properties": { "id": "30086326-1261", "name": "Beideman Avenue", "class": "residential", "is_priority": false }, "geometry": { "type": "LineString", "coordinates": [ [ -75.082076, 39.953809 ], [ -75.082361, 39.954201 ] ] } },
{ "type": "Feature", "properties": { "id": "30086329-1262", "name": "Saunders Street", "class": "residential", "is_priority": false }, "geometry": { "type": "LineString", "coordinates": [ [ -75.080957, 39.952063 ], [ -75.082123, 39.951539 ], [ -75.08265, 39.95132 ] ] } },
{ "type": "Feature", "properties": { "id": "30086331-1263", "name": "Baldwin's Run Lane", "class": "residential", "is_priority": false }, "geometry": { "type": "LineString", "coordinates": [ [ -75.082123, 39.951539 ], [ -75.081757, 39.951054 ], [ -75.081569, 39.950866 ], [ -75.081339, 39.950711 ], [ -75.081054, 39.95056 ], [ -75.080906, 39.950501 ], [ -75.080781, 39.950491 ], [ -75.080635, 39.950522 ], [ -75.080453, 39.950601 ] ] } },
{ "type": "Feature", "properties": { "id": "30086331-1264", "name": "Baldwin's Run Lane", "class": "residential", "is_priority": false }, "geometry": { "type": "LineString", "coordinates": [ [ -75.080453, 39.950601 ], [ -75.079976, 39.950808 ] ] } },
{ "type": "Feature", "properties": { "id": "30086585-1265", "name": "", "class": "primary_link", "is_priority": false }, "geometry": { "type": "LineString", "coordinates": [ [ -75.067301, 39.94844 ], [ -75.067245, 39.948431 ], [ -75.067213, 39.94841 ], [ -75.067178, 39.948372 ], [ -75.067154, 39.948296 ] ] } },
{ "type": "Feature", "properties": { "id": "30086586-1266", "name": "", "class": "primary_link", "is_priority": false }, "geometry": { "type": "LineString", "coordinates": [ [ -75.067006, 39.948358 ], [ -75.066931, 39.948425 ], [ -75.066872, 39.948452 ], [ -75.066677, 39.948485 ], [ -75.066602, 39.948513 ] ] } },
{ "type": "Feature", "properties": { "id": "30103375-1267", "name": "Federal Street", "class": "primary", "is_priority": true }, "geometry": { "type": "LineString", "coordinates": [ [ -75.103987, 39.944042 ], [ -75.103729, 39.94407 ] ] } },
{ "type": "Feature", "properties": { "id": "30103377-1268", "name": "Federal Street", "class": "primary", "is_priority": true }, "geometry": { "type": "LineString", "coordinates": [ [ -75.104874, 39.943973 ], [ -75.103987, 39.944042 ] ] } },
{ "type": "Feature", "properties": { "id": "30103419-1269", "name": "Newton Avenue", "class": "tertiary", "is_priority": false }, "geometry": { "type": "LineString", "coordinates": [ [ -75.109074, 39.943527 ], [ -75.110397, 39.942239 ] ] } },
{ "type": "Feature", "properties": { "id": "30103431-1270", "name": "", "class": "primary_link", "is_priority": false }, "geometry": { "type": "LineString", "coordinates": [ [ -75.109074, 39.943527 ], [ -75.108861, 39.943716 ], [ -75.108763, 39.943778 ], [ -75.108632, 39.943814 ], [ -75.108526, 39.943818 ], [ -75.108317, 39.943861 ] ] } },
{ "type": "Feature", "properties": { "id": "30103433-1271", "name": "", "class": "primary_link", "is_priority": false }, "geometry": { "type": "LineString", "coordinates": [ [ -75.109172, 39.943886 ], [ -75.109102, 39.943815 ], [ -75.10905, 39.943711 ], [ -75.109044, 39.94365 ], [ -75.109074, 39.943527 ] ] } },
{ "type": "Feature", "properties": { "id": "30103939-1272", "name": "North 2nd Street", "class": "residential", "is_priority": false }, "geometry": { "type": "LineString", "coordinates": [ [ -75.125113, 39.946441 ], [ -75.124752, 39.947658 ] ] } },
{ "type": "Feature", "properties": { "id": "30114137-1273", "name": "North 27th Street", "class": "residential", "is_priority": false }, "geometry": { "type": "LineString", "coordinates": [ [ -75.094888, 39.956981 ], [ -75.096097, 39.958524 ] ] } },
{ "type": "Feature", "properties": { "id": "30114137-1274", "name": "North 27th Street", "class": "residential", "is_priority": false }, "geometry": { "type": "LineString", "coordinates": [ [ -75.096097, 39.958524 ], [ -75.096451, 39.95898 ] ] } },
{ "type": "Feature", "properties": { "id": "30159249-1275", "name": "South 19th Street", "class": "residential", "is_priority": false }, "geometry": { "type": "LineString", "coordinates": [ [ -75.096307, 39.942538 ], [ -75.096746, 39.944308 ] ] } },
{ "type": "Feature", "properties": { "id": "30159249-1276", "name": "South 19th Street", "class": "residential", "is_priority": false }, "geometry": { "type": "LineString", "coordinates": [ [ -75.096746, 39.944308 ], [ -75.096905, 39.945024 ] ] } },
{ "type": "Feature", "properties": { "id": "30756737-1277", "name": "North-South Freeway", "class": "motorway", "is_priority": true }, "geometry": { "type": "LineString", "coordinates": [ [ -75.116086, 39.912741 ], [ -75.116051, 39.912403 ] ] } },
{ "type": "Feature", "properties": { "id": "30756740-1278", "name": "North-South Freeway", "class": "motorway", "is_priority": true }, "geometry": { "type": "LineString", "coordinates": [ [ -75.115877, 39.911522 ], [ -75.115792, 39.911215 ], [ -75.115462, 39.910451 ] ] } },
{ "type": "Feature", "properties": { "id": "30756741-1279", "name": "North-South Freeway", "class": "motorway", "is_priority": true }, "geometry": { "type": "LineString", "coordinates": [ [ -75.115829, 39.912775 ], [ -75.116024, 39.914571 ] ] } },
{ "type": "Feature", "properties": { "id": "30756741-1280", "name": "North-South Freeway", "class": "motorway", "is_priority": true }, "geometry": { "type": "LineString", "coordinates": [ [ -75.116024, 39.914571 ], [ -75.116279, 39.916362 ] ] } },
{ "type": "Feature", "properties": { "id": "30756741-1281", "name": "North-South Freeway", "class": "motorway", "is_priority": true }, "geometry": { "type": "LineString", "coordinates": [ [ -75.116279, 39.916362 ], [ -75.116299, 39.916726 ] ] } },
{ "type": "Feature", "properties": { "id": "30756742-1282", "name": "North-South Freeway", "class": "motorway", "is_priority": true }, "geometry": { "type": "LineString", "coordinates": [ [ -75.115779, 39.91239 ], [ -75.115829, 39.912775 ] ] } },
{ "type": "Feature", "properties": { "id": "31909710-1283", "name": "Walt Whitman Bridge", "class": "motorway", "is_priority": true }, "geometry": { "type": "LineString", "coordinates": [ [ -75.112316, 39.901672 ], [ -75.113046, 39.902085 ], [ -75.113357, 39.902236 ], [ -75.11371, 39.902382 ] ] } },
{ "type": "Feature", "properties": { "id": "38009702-1284", "name": "Main Street", "class": "tertiary", "is_priority": false }, "geometry": { "type": "LineString", "coordinates": [ [ -75.123112, 39.952651 ], [ -75.122106, 39.951995 ], [ -75.122, 39.95188 ] ] } },
{ "type": "Feature", "properties": { "id": "38009736-1285", "name": "Vine Street", "class": "tertiary", "is_priority": false }, "geometry": { "type": "LineString", "coordinates": [ [ -75.124477, 39.953036 ], [ -75.123784, 39.952907 ] ] } },
{ "type": "Feature", "properties": { "id": "38009739-1286", "name": "Vine Street", "class": "residential", "is_priority": false }, "geometry": { "type": "LineString", "coordinates": [ [ -75.112901, 39.950805 ], [ -75.115174, 39.951236 ] ] } },
{ "type": "Feature", "properties": { "id": "38009739-1287", "name": "Vine Street", "class": "residential", "is_priority": false }, "geometry": { "type": "LineString", "coordinates": [ [ -75.115174, 39.951236 ], [ -75.117448, 39.951666 ] ] } },
{ "type": "Feature", "properties": { "id": "38009739-1288", "name": "Vine Street", "class": "residential", "is_priority": false }, "geometry": { "type": "LineString", "coordinates": [ [ -75.117448, 39.951666 ], [ -75.119721, 39.952097 ] ] } },
{ "type": "Feature", "properties": { "id": "38009739-1289", "name": "Vine Street", "class": "residential", "is_priority": false }, "geometry": { "type": "LineString", "coordinates": [ [ -75.119721, 39.952097 ], [ -75.121743, 39.952504 ] ] } },
{ "type": "Feature", "properties": { "id": "38009741-1290", "name": "Delaware Avenue", "class": "residential", "is_priority": false }, "geometry": { "type": "LineString", "coordinates": [ [ -75.126914, 39.954697 ], [ -75.126834, 39.955469 ] ] } },
{ "type": "Feature", "properties": { "id": "38009768-1291", "name": "", "class": "residential", "is_priority": false }, "geometry": { "type": "LineString", "coordinates": [ [ -75.125793, 39.956342 ], [ -75.12571, 39.956248 ], [ -75.125684, 39.956169 ], [ -75.125714, 39.956064 ] ] } },
{ "type": "Feature", "properties": { "id": "38009922-1292", "name": "North 6th Street", "class": "residential", "is_priority": false }, "geometry": { "type": "LineString", "coordinates": [ [ -75.115434, 39.957472 ], [ -75.115543, 39.957386 ], [ -75.116094, 39.955759 ] ] } },
{ "type": "Feature", "properties": { "id": "38009922-1293", "name": "North 6th Street", "class": "residential", "is_priority": false }, "geometry": { "type": "LineString", "coordinates": [ [ -75.116094, 39.955759 ], [ -75.116342, 39.955028 ] ] } },
{ "type": "Feature", "properties": { "id": "38009939-1294", "name": "Cooper Street", "class": "primary", "is_priority": true }, "geometry": { "type": "LineString", "coordinates": [ [ -75.117334, 39.946181 ], [ -75.116884, 39.946096 ], [ -75.116461, 39.946115 ], [ -75.11505, 39.945845 ] ] } },
{ "type": "Feature", "properties": { "id": "38009939-1295", "name": "Cooper Street", "class": "primary", "is_priority": true }, "geometry": { "type": "LineString", "coordinates": [ [ -75.11505, 39.945845 ], [ -75.114788, 39.945795 ] ] } },
{ "type": "Feature", "properties": { "id": "38009970-1296", "name": "Cooper Street", "class": "tertiary", "is_priority": false }, "geometry": { "type": "LineString", "coordinates": [ [ -75.120755, 39.946846 ], [ -75.119213, 39.946552 ], [ -75.119105, 39.946517 ] ] } },
{ "type": "Feature", "properties": { "id": "38009971-1297", "name": "Cooper Street", "class": "primary", "is_priority": true }, "geometry": { "type": "LineString", "coordinates": [ [ -75.116584, 39.946109 ], [ -75.116857, 39.946176 ], [ -75.117968, 39.946394 ] ] } },
{ "type": "Feature", "properties": { "id": "38010040-1298", "name": "North 6th Street", "class": "tertiary", "is_priority": false }, "geometry": { "type": "LineString", "coordinates": [ [ -75.119105, 39.946517 ], [ -75.119076, 39.946609 ] ] } },
{ "type": "Feature", "properties": { "id": "38010061-1299", "name": "Market Street", "class": "primary", "is_priority": true }, "geometry": { "type": "LineString", "coordinates": [ [ -75.114975, 39.944483 ], [ -75.1168, 39.944842 ] ] } },
{ "type": "Feature", "properties": { "id": "41891262-1300", "name": "Admiral Wilson Boulevard", "class": "trunk", "is_priority": true }, "geometry": { "type": "LineString", "coordinates": [ [ -75.104552, 39.941665 ], [ -75.104917, 39.941869 ], [ -75.105418, 39.942208 ] ] } },
{ "type": "Feature", "properties": { "id": "41891264-1301", "name": "Admiral Wilson Boulevard", "class": "trunk", "is_priority": true }, "geometry": { "type": "LineString", "coordinates": [ [ -75.105545, 39.942097 ], [ -75.10523, 39.941876 ], [ -75.104653, 39.941539 ] ] } },
{ "type": "Feature", "properties": { "id": "41891265-1302", "name": "Admiral Wilson Boulevard", "class": "trunk", "is_priority": true }, "geometry": { "type": "LineString", "coordinates": [ [ -75.104653, 39.941539 ], [ -75.104046, 39.941271 ], [ -75.103512, 39.941085 ] ] } },
{ "type": "Feature", "properties": { "id": "41894818-1303", "name": "North-South Freeway", "class": "motorway", "is_priority": true }, "geometry": { "type": "LineString", "coordinates": [ [ -75.112988, 39.902632 ], [ -75.112706, 39.90182 ], [ -75.112168, 39.900953 ] ] } },
{ "type": "Feature", "properties": { "id": "41894818-1304", "name": "North-South Freeway", "class": "motorway", "is_priority": true }, "geometry": { "type": "LineString", "coordinates": [ [ -75.112168, 39.900953 ], [ -75.112094, 39.900834 ], [ -75.11174, 39.900396 ], [ -75.111483, 39.900113 ] ] } },
{ "type": "Feature", "properties": { "id": "41894819-1305", "name": "North-South Freeway", "class": "motorway", "is_priority": true }, "geometry": { "type": "LineString", "coordinates": [ [ -75.113843, 39.906878 ], [ -75.114445, 39.908619 ] ] } },
{ "type": "Feature", "properties": { "id": "41894819-1306", "name": "North-South Freeway", "class": "motorway", "is_priority": true }, "geometry": { "type": "LineString", "coordinates": [ [ -75.114445, 39.908619 ], [ -75.114656, 39.909166 ], [ -75.11509, 39.910099 ] ] } },
{ "type": "Feature", "properties": { "id": "41894822-1307", "name": "Broadway Turnpike", "class": "primary", "is_priority": true }, "geometry": { "type": "LineString", "coordinates": [ [ -75.120039, 39.908644 ], [ -75.120039, 39.908492 ] ] } },
{ "type": "Feature", "properties": { "id": "41895304-1308", "name": "Collings Road", "class": "secondary", "is_priority": false }, "geometry": { "type": "LineString", "coordinates": [ [ -75.116456, 39.903359 ], [ -75.11621, 39.90339 ] ] } },
{ "type": "Feature", "properties": { "id": "41895305-1309", "name": "Collings Road", "class": "secondary", "is_priority": false }, "geometry": { "type": "LineString", "coordinates": [ [ -75.11621, 39.90339 ], [ -75.115882, 39.903396 ], [ -75.115651, 39.903379 ], [ -75.114984, 39.903287 ], [ -75.114478, 39.903152 ], [ -75.113985, 39.90298 ] ] } },
{ "type": "Feature", "properties": { "id": "41899414-1310", "name": "Crescent Boulevard", "class": "trunk", "is_priority": true }, "geometry": { "type": "LineString", "coordinates": [ [ -75.099715, 39.899227 ], [ -75.099644, 39.899371 ] ] } },
{ "type": "Feature", "properties": { "id": "41899415-1311", "name": "Crescent Boulevard", "class": "trunk", "is_priority": true }, "geometry": { "type": "LineString", "coordinates": [ [ -75.099644, 39.899371 ], [ -75.099129, 39.900336 ], [ -75.098747, 39.900917 ] ] } },
{ "type": "Feature", "properties": { "id": "41899417-1312", "name": "Crescent Boulevard", "class": "trunk", "is_priority": true }, "geometry": { "type": "LineString", "coordinates": [ [ -75.099809, 39.899363 ], [ -75.099887, 39.89922 ] ] } },
{ "type": "Feature", "properties": { "id": "41900106-1313", "name": "Kaighns Avenue", "class": "secondary", "is_priority": false }, "geometry": { "type": "LineString", "coordinates": [ [ -75.086405, 39.933296 ], [ -75.086613, 39.93328 ] ] } },
{ "type": "Feature", "properties": { "id": "41900107-1314", "name": "Kaighns Avenue", "class": "secondary", "is_priority": false }, "geometry": { "type": "LineString", "coordinates": [ [ -75.100572, 39.932259 ], [ -75.100284, 39.932268 ], [ -75.098243, 39.932433 ] ] } },
{ "type": "Feature", "properties": { "id": "41900107-1315", "name": "Kaighns Avenue", "class": "secondary", "is_priority": false }, "geometry": { "type": "LineString", "coordinates": [ [ -75.098243, 39.932433 ], [ -75.096238, 39.93257 ] ] } },
{ "type": "Feature", "properties": { "id": "45333094-1316", "name": "Benjamin Franklin Bridge", "class": "motorway", "is_priority": true }, "geometry": { "type": "LineString", "coordinates": [ [ -75.13436, 39.952879 ], [ -75.132077, 39.952479 ] ] } },
{ "type": "Feature", "properties": { "id": "45333094-1317", "name": "Benjamin Franklin Bridge", "class": "motorway", "is_priority": true }, "geometry": { "type": "LineString", "coordinates": [ [ -75.132077, 39.952479 ], [ -75.129794, 39.95208 ] ] } },
{ "type": "Feature", "properties": { "id": "45333094-1318", "name": "Benjamin Franklin Bridge", "class": "motorway", "is_priority": true }, "geometry": { "type": "LineString", "coordinates": [ [ -75.129794, 39.95208 ], [ -75.127511, 39.95168 ] ] } },
{ "type": "Feature", "properties": { "id": "45333094-1319", "name": "Benjamin Franklin Bridge", "class": "motorway", "is_priority": true }, "geometry": { "type": "LineString", "coordinates": [ [ -75.127511, 39.95168 ], [ -75.125228, 39.951281 ] ] } },
{ "type": "Feature", "properties": { "id": "45333094-1320", "name": "Benjamin Franklin Bridge", "class": "motorway", "is_priority": true }, "geometry": { "type": "LineString", "coordinates": [ [ -75.125228, 39.951281 ], [ -75.123779, 39.951024 ], [ -75.122961, 39.950836 ] ] } },
{ "type": "Feature", "properties": { "id": "45333094-1321", "name": "Benjamin Franklin Bridge", "class": "motorway", "is_priority": true }, "geometry": { "type": "LineString", "coordinates": [ [ -75.122961, 39.950836 ], [ -75.122674, 39.950752 ], [ -75.122004, 39.950515 ], [ -75.121354, 39.950222 ], [ -75.120916, 39.949974 ] ] } },
{ "type": "Feature", "properties": { "id": "45333094-1322", "name": "Benjamin Franklin Bridge", "class": "motorway", "is_priority": true }, "geometry": { "type": "LineString", "coordinates": [ [ -75.120916, 39.949974 ], [ -75.12067, 39.949829 ] ] } },
{ "type": "Feature", "properties": { "id": "45333096-1323", "name": "Benjamin Franklin Bridge", "class": "motorway", "is_priority": true }, "geometry": { "type": "LineString", "coordinates": [ [ -75.12052, 39.94987 ], [ -75.120872, 39.950096 ], [ -75.121376, 39.950364 ], [ -75.121837, 39.950578 ], [ -75.122498, 39.950819 ] ] } },
{ "type": "Feature", "properties": { "id": "45333096-1324", "name": "Benjamin Franklin Bridge", "class": "motorway", "is_priority": true }, "geometry": { "type": "LineString", "coordinates": [ [ -75.122498, 39.950819 ], [ -75.123023, 39.950972 ], [ -75.123449, 39.951073 ], [ -75.124748, 39.951308 ] ] } },
{ "type": "Feature", "properties": { "id": "45333096-1325", "name": "Benjamin Franklin Bridge", "class": "motorway", "is_priority": true }, "geometry": { "type": "LineString", "coordinates": [ [ -75.124748, 39.951308 ], [ -75.127031, 39.951706 ] ] } },
{ "type": "Feature", "properties": { "id": "45333096-1326", "name": "Benjamin Franklin Bridge", "class": "motorway", "is_priority": true }, "geometry": { "type": "LineString", "coordinates": [ [ -75.127031, 39.951706 ], [ -75.129314, 39.952104 ] ] } },
{ "type": "Feature", "properties": { "id": "45333096-1327", "name": "Benjamin Franklin Bridge", "class": "motorway", "is_priority": true }, "geometry": { "type": "LineString", "coordinates": [ [ -75.129314, 39.952104 ], [ -75.131598, 39.952502 ] ] } },
{ "type": "Feature", "properties": { "id": "45333096-1328", "name": "Benjamin Franklin Bridge", "class": "motorway", "is_priority": true }, "geometry": { "type": "LineString", "coordinates": [ [ -75.131598, 39.952502 ], [ -75.133882, 39.952901 ] ] } },
{ "type": "Feature", "properties": { "id": "45333096-1329", "name": "Benjamin Franklin Bridge", "class": "motorway", "is_priority": true }, "geometry": { "type": "LineString", "coordinates": [ [ -75.133882, 39.952901 ], [ -75.134334, 39.952979 ] ] } },
{ "type": "Feature", "properties": { "id": "45333099-1330", "name": "Benjamin Franklin Bridge", "class": "motorway", "is_priority": true }, "geometry": { "type": "LineString", "coordinates": [ [ -75.134334, 39.952979 ], [ -75.134452, 39.953 ] ] } },
{ "type": "Feature", "properties": { "id": "48859412-1331", "name": "", "class": "trunk_link", "is_priority": false }, "geometry": { "type": "LineString", "coordinates": [ [ -75.092892, 39.940372 ], [ -75.092973, 39.940331 ], [ -75.093359, 39.940041 ] ] } },
{ "type": "Feature", "properties": { "id": "48859517-1332", "name": "North 10th Street", "class": "secondary", "is_priority": false }, "geometry": { "type": "LineString", "coordinates": [ [ -75.11314, 39.944993 ], [ -75.112757, 39.946191 ] ] } },
{ "type": "Feature", "properties": { "id": "48859582-1333", "name": "North 10th Street", "class": "secondary", "is_priority": false }, "geometry": { "type": "LineString", "coordinates": [ [ -75.113092, 39.944021 ], [ -75.113108, 39.944259 ], [ -75.113169, 39.94465 ], [ -75.113168, 39.944843 ], [ -75.11314, 39.944993 ] ] } },
{ "type": "Feature", "properties": { "id": "48859585-1334", "name": "North 10th Street", "class": "secondary", "is_priority": false }, "geometry": { "type": "LineString", "coordinates": [ [ -75.112757, 39.946191 ], [ -75.112711, 39.946336 ] ] } },
{ "type": "Feature", "properties": { "id": "48859586-1335", "name": "North 10th Street", "class": "secondary", "is_priority": false }, "geometry": { "type": "LineString", "coordinates": [ [ -75.112813, 39.946356 ], [ -75.11286, 39.946212 ] ] } },
{ "type": "Feature", "properties": { "id": "48859704-1336", "name": "", "class": "motorway_link", "is_priority": false }, "geometry": { "type": "LineString", "coordinates": [ [ -75.109381, 39.945285 ], [ -75.1088, 39.945104 ], [ -75.108436, 39.944949 ], [ -75.107996, 39.944701 ], [ -75.107682, 39.944446 ] ] } },
{ "type": "Feature", "properties": { "id": "48859706-1337", "name": "", "class": "trunk_link", "is_priority": false }, "geometry": { "type": "LineString", "coordinates": [ [ -75.106477, 39.94285 ], [ -75.106097, 39.942466 ], [ -75.105957, 39.942354 ], [ -75.105545, 39.942097 ] ] } },
{ "type": "Feature", "properties": { "id": "48859794-1338", "name": "Point Street", "class": "residential", "is_priority": false }, "geometry": { "type": "LineString", "coordinates": [ [ -75.125309, 39.953194 ], [ -75.12561, 39.952176 ] ] } },
{ "type": "Feature", "properties": { "id": "51014634-1339", "name": "Walt Whitman Bridge Extension", "class": "motorway", "is_priority": true }, "geometry": { "type": "LineString", "coordinates": [ [ -75.100953, 39.901397 ], [ -75.102258, 39.901438 ] ] } },
{ "type": "Feature", "properties": { "id": "51015453-1340", "name": "Benjamin Franklin Bridge", "class": "motorway", "is_priority": true }, "geometry": { "type": "LineString", "coordinates": [ [ -75.119734, 39.949267 ], [ -75.119966, 39.949469 ], [ -75.12052, 39.94987 ] ] } },
{ "type": "Feature", "properties": { "id": "51061333-1341", "name": "", "class": "motorway_link", "is_priority": false }, "geometry": { "type": "LineString", "coordinates": [ [ -75.107185, 39.902469 ], [ -75.107027, 39.902184 ], [ -75.107001, 39.902071 ], [ -75.107001, 39.901984 ], [ -75.107036, 39.901841 ], [ -75.107087, 39.901736 ], [ -75.107167, 39.90163 ], [ -75.107309, 39.901521 ], [ -75.107532, 39.901443 ], [ -75.107909, 39.901394 ], [ -75.108261, 39.901376 ] ] } },
{ "type": "Feature", "properties": { "id": "51061333-1342", "name": "", "class": "motorway_link", "is_priority": false }, "geometry": { "type": "LineString", "coordinates": [ [ -75.108261, 39.901376 ], [ -75.108638, 39.901345 ] ] } },
{ "type": "Feature", "properties": { "id": "51128178-1343", "name": "Admiral Wilson Boulevard", "class": "trunk", "is_priority": true }, "geometry": { "type": "LineString", "coordinates": [ [ -75.092987, 39.939003 ], [ -75.094608, 39.939749 ], [ -75.09501, 39.939908 ] ] } },
{ "type": "Feature", "properties": { "id": "51128178-1344", "name": "Admiral Wilson Boulevard", "class": "trunk", "is_priority": true }, "geometry": { "type": "LineString", "coordinates": [ [ -75.09501, 39.939908 ], [ -75.095532, 39.940097 ], [ -75.096167, 39.940287 ], [ -75.096709, 39.940421 ], [ -75.097205, 39.940523 ] ] } },
{ "type": "Feature", "properties": { "id": "51128178-1345", "name": "Admiral Wilson Boulevard", "class": "trunk", "is_priority": true }, "geometry": { "type": "LineString", "coordinates": [ [ -75.097205, 39.940523 ], [ -75.097677, 39.940604 ], [ -75.098253, 39.940672 ], [ -75.099521, 39.94077 ] ] } },
{ "type": "Feature", "properties": { "id": "51128178-1346", "name": "Admiral Wilson Boulevard", "class": "trunk", "is_priority": true }, "geometry": { "type": "LineString", "coordinates": [ [ -75.099521, 39.94077 ], [ -75.101852, 39.940938 ] ] } },
{ "type": "Feature", "properties": { "id": "51128178-1347", "name": "Admiral Wilson Boulevard", "class": "trunk", "is_priority": true }, "geometry": { "type": "LineString", "coordinates": [ [ -75.101852, 39.940938 ], [ -75.102351, 39.940989 ], [ -75.102907, 39.941083 ], [ -75.103564, 39.94126 ], [ -75.10408, 39.941449 ] ] } },
{ "type": "Feature", "properties": { "id": "51128178-1348", "name": "Admiral Wilson Boulevard", "class": "trunk", "is_priority": true }, "geometry": { "type": "LineString", "coordinates": [ [ -75.10408, 39.941449 ], [ -75.104552, 39.941665 ] ] } },
{ "type": "Feature", "properties": { "id": "60541645-1349", "name": "Federal Street", "class": "secondary", "is_priority": false }, "geometry": { "type": "LineString", "coordinates": [ [ -75.124329, 39.944297 ], [ -75.121998, 39.944133 ] ] } },
{ "type": "Feature", "properties": { "id": "60541645-1350", "name": "Federal Street", "class": "secondary", "is_priority": false }, "geometry": { "type": "LineString", "coordinates": [ [ -75.121998, 39.944133 ], [ -75.121309, 39.944118 ] ] } },
{ "type": "Feature", "properties": { "id": "60541646-1351", "name": "Federal Street", "class": "primary", "is_priority": true }, "geometry": { "type": "LineString", "coordinates": [ [ -75.118423, 39.944077 ], [ -75.116986, 39.944065 ] ] } },
{ "type": "Feature", "properties": { "id": "60541653-1352", "name": "Federal Street", "class": "primary", "is_priority": true }, "geometry": { "type": "LineString", "coordinates": [ [ -75.070546, 39.948097 ], [ -75.070392, 39.948113 ] ] } },
{ "type": "Feature", "properties": { "id": "60541653-1353", "name": "Federal Street", "class": "primary", "is_priority": true }, "geometry": { "type": "LineString", "coordinates": [ [ -75.069876, 39.948167 ], [ -75.067867, 39.94838 ] ] } },
{ "type": "Feature", "properties": { "id": "60541658-1354", "name": "Federal Street", "class": "primary", "is_priority": true }, "geometry": { "type": "LineString", "coordinates": [ [ -75.070999, 39.948049 ], [ -75.070649, 39.948085 ] ] } },
{ "type": "Feature", "properties": { "id": "60541665-1355", "name": "Market Street", "class": "secondary", "is_priority": false }, "geometry": { "type": "LineString", "coordinates": [ [ -75.121095, 39.945671 ], [ -75.123368, 39.946103 ] ] } },
{ "type": "Feature", "properties": { "id": "60541665-1356", "name": "Market Street", "class": "secondary", "is_priority": false }, "geometry": { "type": "LineString", "coordinates": [ [ -75.123368, 39.946103 ], [ -75.123773, 39.94618 ] ] } },
{ "type": "Feature", "properties": { "id": "60784931-1357", "name": "Cooper Street", "class": "tertiary", "is_priority": false }, "geometry": { "type": "LineString", "coordinates": [ [ -75.127817, 39.948268 ], [ -75.12759, 39.948206 ] ] } },
{ "type": "Feature", "properties": { "id": "60784933-1358", "name": "Delaware Avenue", "class": "tertiary", "is_priority": false }, "geometry": { "type": "LineString", "coordinates": [ [ -75.128265, 39.947055 ], [ -75.128017, 39.947722 ] ] } },
{ "type": "Feature", "properties": { "id": "60785000-1359", "name": "", "class": "motorway_link", "is_priority": false }, "geometry": { "type": "LineString", "coordinates": [ [ -75.114504, 39.942542 ], [ -75.114266, 39.942535 ], [ -75.114133, 39.942506 ], [ -75.114026, 39.942446 ], [ -75.113927, 39.942362 ], [ -75.113847, 39.942232 ], [ -75.113365, 39.94114 ] ] } },
{ "type": "Feature", "properties": { "id": "60785000-1360", "name": "", "class": "motorway_link", "is_priority": false }, "geometry": { "type": "LineString", "coordinates": [ [ -75.113365, 39.94114 ], [ -75.113104, 39.940541 ], [ -75.113037, 39.940322 ], [ -75.112869, 39.940032 ] ] } },
{ "type": "Feature", "properties": { "id": "60891966-1361", "name": "Walt Whitman Bridge Extension", "class": "motorway", "is_priority": true }, "geometry": { "type": "LineString", "coordinates": [ [ -75.114039, 39.902652 ], [ -75.114964, 39.902828 ], [ -75.115502, 39.902911 ] ] } },
{ "type": "Feature", "properties": { "id": "60891985-1362", "name": "", "class": "motorway_link", "is_priority": false }, "geometry": { "type": "LineString", "coordinates": [ [ -75.105346, 39.901411 ], [ -75.10627, 39.901351 ], [ -75.107669, 39.901203 ] ] } },
{ "type": "Feature", "properties": { "id": "60891985-1363", "name": "", "class": "motorway_link", "is_priority": false }, "geometry": { "type": "LineString", "coordinates": [ [ -75.107669, 39.901203 ], [ -75.107836, 39.901187 ], [ -75.108479, 39.901187 ], [ -75.109548, 39.901263 ] ] } },
{ "type": "Feature", "properties": { "id": "60945712-1364", "name": "Federal Street", "class": "secondary", "is_priority": false }, "geometry": { "type": "LineString", "coordinates": [ [ -75.125741, 39.944373 ], [ -75.124329, 39.944297 ] ] } },
{ "type": "Feature", "properties": { "id": "60945736-1365", "name": "Federal Street", "class": "primary", "is_priority": true }, "geometry": { "type": "LineString", "coordinates": [ [ -75.112457, 39.944014 ], [ -75.111178, 39.944006 ] ] } },
{ "type": "Feature", "properties": { "id": "60947162-1366", "name": "Haddon Avenue", "class": "primary", "is_priority": true }, "geometry": { "type": "LineString", "coordinates": [ [ -75.110678, 39.937156 ], [ -75.108874, 39.936007 ] ] } },
{ "type": "Feature", "properties": { "id": "60947162-1367", "name": "Haddon Avenue", "class": "primary", "is_priority": true }, "geometry": { "type": "LineString", "coordinates": [ [ -75.108874, 39.936007 ], [ -75.107071, 39.934858 ] ] } },
{ "type": "Feature", "properties": { "id": "60947162-1368", "name": "Haddon Avenue", "class": "primary", "is_priority": true }, "geometry": { "type": "LineString", "coordinates": [ [ -75.107071, 39.934858 ], [ -75.105268, 39.93371 ] ] } },
{ "type": "Feature", "properties": { "id": "60947162-1369", "name": "Haddon Avenue", "class": "primary", "is_priority": true }, "geometry": { "type": "LineString", "coordinates": [ [ -75.105268, 39.93371 ], [ -75.103465, 39.932561 ] ] } },
{ "type": "Feature", "properties": { "id": "60947162-1370", "name": "Haddon Avenue", "class": "primary", "is_priority": true }, "geometry": { "type": "LineString", "coordinates": [ [ -75.103465, 39.932561 ], [ -75.102756, 39.932109 ] ] } },
{ "type": "Feature", "properties": { "id": "60947183-1371", "name": "Haddon Avenue", "class": "primary", "is_priority": true }, "geometry": { "type": "LineString", "coordinates": [ [ -75.116836, 39.944063 ], [ -75.116828, 39.94429 ] ] } },
{ "type": "Feature", "properties": { "id": "60947185-1372", "name": "Haddon Avenue", "class": "primary", "is_priority": true }, "geometry": { "type": "LineString", "coordinates": [ [ -75.116923, 39.943144 ], [ -75.116804, 39.942883 ], [ -75.116529, 39.942621 ], [ -75.11639, 39.942542 ] ] } },
{ "type": "Feature", "properties": { "id": "60947208-1373", "name": "Broadway", "class": "primary", "is_priority": true }, "geometry": { "type": "LineString", "coordinates": [ [ -75.118044, 39.912681 ], [ -75.118074, 39.910879 ] ] } },
{ "type": "Feature", "properties": { "id": "60947208-1374", "name": "Broadway", "class": "primary", "is_priority": true }, "geometry": { "type": "LineString", "coordinates": [ [ -75.118074, 39.910879 ], [ -75.118088, 39.910057 ], [ -75.118137, 39.909884 ], [ -75.118248, 39.909652 ], [ -75.118473, 39.909439 ], [ -75.118776, 39.909283 ] ] } },
{ "type": "Feature", "properties": { "id": "60947208-1375", "name": "Broadway", "class": "primary", "is_priority": true }, "geometry": { "type": "LineString", "coordinates": [ [ -75.118776, 39.909283 ], [ -75.119062, 39.909212 ], [ -75.119715, 39.909192 ], [ -75.119835, 39.909172 ], [ -75.119928, 39.909106 ], [ -75.119981, 39.909039 ], [ -75.120019, 39.908947 ], [ -75.120039, 39.908644 ] ] } },
{ "type": "Feature", "properties": { "id": "61693020-1376", "name": "", "class": "motorway_link", "is_priority": false }, "geometry": { "type": "LineString", "coordinates": [ [ -75.114889, 39.946085 ], [ -75.114474, 39.945581 ], [ -75.114329, 39.94538 ] ] } },
{ "type": "Feature", "properties": { "id": "61755777-1377", "name": "Randolph Street", "class": "residential", "is_priority": false }, "geometry": { "type": "LineString", "coordinates": [ [ -75.086926, 39.937785 ], [ -75.088937, 39.938708 ] ] } },
{ "type": "Feature", "properties": { "id": "61755777-1378", "name": "Randolph Street", "class": "residential", "is_priority": false }, "geometry": { "type": "LineString", "coordinates": [ [ -75.088937, 39.938708 ], [ -75.090411, 39.939383 ] ] } },
{ "type": "Feature", "properties": { "id": "61755778-1379", "name": "Somerset Street", "class": "residential", "is_priority": false }, "geometry": { "type": "LineString", "coordinates": [ [ -75.090411, 39.939383 ], [ -75.089975, 39.93994 ] ] } },
{ "type": "Feature", "properties": { "id": "61755779-1380", "name": "", "class": "trunk_link", "is_priority": false }, "geometry": { "type": "LineString", "coordinates": [ [ -75.093139, 39.937804 ], [ -75.09341, 39.937948 ], [ -75.093502, 39.938038 ], [ -75.093546, 39.938125 ], [ -75.093555, 39.938212 ], [ -75.093525, 39.938323 ], [ -75.09333, 39.938592 ] ] } },
{ "type": "Feature", "properties": { "id": "61755780-1381", "name": "", "class": "trunk_link", "is_priority": false }, "geometry": { "type": "LineString", "coordinates": [ [ -75.091606, 39.937504 ], [ -75.091478, 39.937559 ], [ -75.091278, 39.937689 ], [ -75.091091, 39.93776 ], [ -75.090933, 39.937774 ], [ -75.090588, 39.937732 ] ] } },
{ "type": "Feature", "properties": { "id": "61755781-1382", "name": "", "class": "trunk_link", "is_priority": false }, "geometry": { "type": "LineString", "coordinates": [ [ -75.093139, 39.937804 ], [ -75.092049, 39.937451 ], [ -75.09185, 39.937439 ], [ -75.09172, 39.937463 ], [ -75.091606, 39.937504 ] ] } },
{ "type": "Feature", "properties": { "id": "61755782-1383", "name": "Randolph Street", "class": "tertiary", "is_priority": false }, "geometry": { "type": "LineString", "coordinates": [ [ -75.090411, 39.939383 ], [ -75.091533, 39.939897 ] ] } },
{ "type": "Feature", "properties": { "id": "61755879-1384", "name": "Federal Street", "class": "primary", "is_priority": true }, "geometry": { "type": "LineString", "coordinates": [ [ -75.107897, 39.943992 ], [ -75.107771, 39.943992 ] ] } },
{ "type": "Feature", "properties": { "id": "61755881-1385", "name": "Market Street", "class": "primary", "is_priority": true }, "geometry": { "type": "LineString", "coordinates": [ [ -75.113102, 39.944207 ], [ -75.113217, 39.944215 ] ] } },
{ "type": "Feature", "properties": { "id": "61755882-1386", "name": "Federal Street", "class": "primary", "is_priority": true }, "geometry": { "type": "LineString", "coordinates": [ [ -75.110218, 39.943981 ], [ -75.109565, 39.943882 ], [ -75.109302, 39.943886 ] ] } },
{ "type": "Feature", "properties": { "id": "61755883-1387", "name": "Cooper Street", "class": "residential", "is_priority": false }, "geometry": { "type": "LineString", "coordinates": [ [ -75.109765, 39.944078 ], [ -75.109937, 39.944203 ], [ -75.11007, 39.944258 ] ] } },
{ "type": "Feature", "properties": { "id": "61755884-1388", "name": "Flanders Boulevard", "class": "primary", "is_priority": true }, "geometry": { "type": "LineString", "coordinates": [ [ -75.105513, 39.943626 ], [ -75.105305, 39.943298 ], [ -75.105245, 39.943137 ], [ -75.105215, 39.942934 ], [ -75.105232, 39.942806 ], [ -75.105277, 39.942688 ] ] } },
{ "type": "Feature", "properties": { "id": "61755885-1389", "name": "", "class": "trunk_link", "is_priority": false }, "geometry": { "type": "LineString", "coordinates": [ [ -75.106725, 39.942559 ], [ -75.106538, 39.94266 ], [ -75.106476, 39.942677 ], [ -75.106408, 39.942675 ], [ -75.106261, 39.942624 ] ] } },
{ "type": "Feature", "properties": { "id": "61756000-1390", "name": "South 10th Street", "class": "unclassified", "is_priority": false }, "geometry": { "type": "LineString", "coordinates": [ [ -75.110714, 39.94117 ], [ -75.109956, 39.940716 ] ] } },
{ "type": "Feature", "properties": { "id": "61756002-1391", "name": "", "class": "motorway_link", "is_priority": false }, "geometry": { "type": "LineString", "coordinates": [ [ -75.111396, 39.943239 ], [ -75.111349, 39.94307 ], [ -75.111339, 39.942777 ] ] } },
{ "type": "Feature", "properties": { "id": "61756003-1392", "name": "", "class": "primary_link", "is_priority": false }, "geometry": { "type": "LineString", "coordinates": [ [ -75.11085, 39.942574 ], [ -75.111022, 39.942773 ], [ -75.111122, 39.942916 ], [ -75.111171, 39.943051 ], [ -75.111277, 39.943489 ], [ -75.111394, 39.943713 ] ] } },
{ "type": "Feature", "properties": { "id": "61756004-1393", "name": "Dr Martin Luther King Jr Boulevard", "class": "tertiary", "is_priority": false }, "geometry": { "type": "LineString", "coordinates": [ [ -75.124542, 39.942788 ], [ -75.126868, 39.942993 ] ] } },
{ "type": "Feature", "properties": { "id": "61756004-1394", "name": "Dr Martin Luther King Jr Boulevard", "class": "tertiary", "is_priority": false }, "geometry": { "type": "LineString", "coordinates": [ [ -75.126868, 39.942993 ], [ -75.129144, 39.943166 ] ] } },
{ "type": "Feature", "properties": { "id": "61756005-1395", "name": "Dr Martin Luther King Boulevard", "class": "primary", "is_priority": true }, "geometry": { "type": "LineString", "coordinates": [ [ -75.119246, 39.94242 ], [ -75.117482, 39.94239 ] ] } },
{ "type": "Feature", "properties": { "id": "61756222-1396", "name": "Penn Street", "class": "residential", "is_priority": false }, "geometry": { "type": "LineString", "coordinates": [ [ -75.118754, 39.947634 ], [ -75.118109, 39.947503 ] ] } },
{ "type": "Feature", "properties": { "id": "61756230-1397", "name": "North 5th Street", "class": "residential", "is_priority": false }, "geometry": { "type": "LineString", "coordinates": [ [ -75.119755, 39.94997 ], [ -75.11944, 39.950968 ] ] } },
{ "type": "Feature", "properties": { "id": "61756232-1398", "name": "Cooper Street", "class": "primary", "is_priority": true }, "geometry": { "type": "LineString", "coordinates": [ [ -75.118465, 39.946382 ], [ -75.117725, 39.946255 ] ] } },
{ "type": "Feature", "properties": { "id": "61756233-1399", "name": "Cooper Street", "class": "tertiary", "is_priority": false }, "geometry": { "type": "LineString", "coordinates": [ [ -75.118432, 39.946484 ], [ -75.119076, 39.946609 ] ] } },
{ "type": "Feature", "properties": { "id": "61756234-1400", "name": "", "class": "motorway_link", "is_priority": false }, "geometry": { "type": "LineString", "coordinates": [ [ -75.118249, 39.947724 ], [ -75.118081, 39.94767 ], [ -75.117902, 39.947586 ], [ -75.117763, 39.9475 ], [ -75.117625, 39.947389 ] ] } },
{ "type": "Feature", "properties": { "id": "61756236-1401", "name": "State Street", "class": "secondary", "is_priority": false }, "geometry": { "type": "LineString", "coordinates": [ [ -75.111096, 39.951364 ], [ -75.111182, 39.951369 ] ] } },
{ "type": "Feature", "properties": { "id": "61756239-1402", "name": "North 7th Street", "class": "residential", "is_priority": false }, "geometry": { "type": "LineString", "coordinates": [ [ -75.115392, 39.952179 ], [ -75.114821, 39.953926 ] ] } },
{ "type": "Feature", "properties": { "id": "61756239-1403", "name": "North 7th Street", "class": "residential", "is_priority": false }, "geometry": { "type": "LineString", "coordinates": [ [ -75.114821, 39.953926 ], [ -75.114734, 39.954193 ] ] } },
{ "type": "Feature", "properties": { "id": "61756240-1404", "name": "Linden Street", "class": "residential", "is_priority": false }, "geometry": { "type": "LineString", "coordinates": [ [ -75.117883, 39.948455 ], [ -75.118393, 39.948717 ] ] } },
{ "type": "Feature", "properties": { "id": "61756241-1405", "name": "North 7th Street", "class": "tertiary", "is_priority": false }, "geometry": { "type": "LineString", "coordinates": [ [ -75.116296, 39.94823 ], [ -75.116355, 39.948933 ], [ -75.116339, 39.949092 ], [ -75.116286, 39.949299 ] ] } },
{ "type": "Feature", "properties": { "id": "61756242-1406", "name": "North 7th Street", "class": "primary", "is_priority": true }, "geometry": { "type": "LineString", "coordinates": [ [ -75.116466, 39.948257 ], [ -75.116427, 39.947942 ] ] } },
{ "type": "Feature", "properties": { "id": "61756243-1407", "name": "North 9th Street", "class": "residential", "is_priority": false }, "geometry": { "type": "LineString", "coordinates": [ [ -75.112626, 39.951639 ], [ -75.112076, 39.95339 ] ] } },
{ "type": "Feature", "properties": { "id": "61756243-1408", "name": "North 9th Street", "class": "residential", "is_priority": false }, "geometry": { "type": "LineString", "coordinates": [ [ -75.112076, 39.95339 ], [ -75.111992, 39.953672 ] ] } },
{ "type": "Feature", "properties": { "id": "61756244-1409", "name": "Linden Street", "class": "primary", "is_priority": true }, "geometry": { "type": "LineString", "coordinates": [ [ -75.11243, 39.947483 ], [ -75.114702, 39.947919 ] ] } },
{ "type": "Feature", "properties": { "id": "61756244-1410", "name": "Linden Street", "class": "primary", "is_priority": true }, "geometry": { "type": "LineString", "coordinates": [ [ -75.114702, 39.947919 ], [ -75.115308, 39.948034 ] ] } },
{ "type": "Feature", "properties": { "id": "62004054-1411", "name": "Mount Ephraim Avenue", "class": "primary", "is_priority": true }, "geometry": { "type": "LineString", "coordinates": [ [ -75.096843, 39.906631 ], [ -75.096901, 39.906776 ] ] } },
{ "type": "Feature", "properties": { "id": "62004055-1412", "name": "Fairview Street", "class": "tertiary", "is_priority": false }, "geometry": { "type": "LineString", "coordinates": [ [ -75.100046, 39.913903 ], [ -75.100914, 39.913892 ], [ -75.102385, 39.913907 ] ] } },
{ "type": "Feature", "properties": { "id": "62004055-1413", "name": "Fairview Street", "class": "tertiary", "is_priority": false }, "geometry": { "type": "LineString", "coordinates": [ [ -75.102385, 39.913907 ], [ -75.104725, 39.913943 ] ] } },
{ "type": "Feature", "properties": { "id": "62004055-1414", "name": "Fairview Street", "class": "tertiary", "is_priority": false }, "geometry": { "type": "LineString", "coordinates": [ [ -75.104725, 39.913943 ], [ -75.106302, 39.913959 ] ] } },
{ "type": "Feature", "properties": { "id": "62004057-1415", "name": "Eldridge Avenue", "class": "residential", "is_priority": false }, "geometry": { "type": "LineString", "coordinates": [ [ -75.096452, 39.905866 ], [ -75.096501, 39.905849 ] ] } },
{ "type": "Feature", "properties": { "id": "62004059-1416", "name": "", "class": "tertiary_link", "is_priority": false }, "geometry": { "type": "LineString", "coordinates": [ [ -75.111339, 39.912582 ], [ -75.111066, 39.912515 ], [ -75.110781, 39.91235 ], [ -75.110663, 39.912186 ], [ -75.110569, 39.911986 ] ] } },
{ "type": "Feature", "properties": { "id": "62004060-1417", "name": "Yorkship Road", "class": "tertiary", "is_priority": false }, "geometry": { "type": "LineString", "coordinates": [ [ -75.106026, 39.906542 ], [ -75.106973, 39.90819 ] ] } },
{ "type": "Feature", "properties": { "id": "62004060-1418", "name": "Yorkship Road", "class": "tertiary", "is_priority": false }, "geometry": { "type": "LineString", "coordinates": [ [ -75.106973, 39.90819 ], [ -75.107312, 39.90879 ], [ -75.107741, 39.909263 ] ] } },
{ "type": "Feature", "properties": { "id": "62004066-1419", "name": "", "class": "primary_link", "is_priority": false }, "geometry": { "type": "LineString", "coordinates": [ [ -75.096149, 39.903995 ], [ -75.096092, 39.90404 ], [ -75.096078, 39.904125 ] ] } },
{ "type": "Feature", "properties": { "id": "62004067-1420", "name": "", "class": "tertiary_link", "is_priority": false }, "geometry": { "type": "LineString", "coordinates": [ [ -75.096336, 39.903941 ], [ -75.096252, 39.903912 ], [ -75.096181, 39.903838 ] ] } },
{ "type": "Feature", "properties": { "id": "62004069-1421", "name": "Mount Ephraim Avenue", "class": "primary", "is_priority": true }, "geometry": { "type": "LineString", "coordinates": [ [ -75.096501, 39.905849 ], [ -75.096199, 39.904938 ] ] } },
{ "type": "Feature", "properties": { "id": "62004070-1422", "name": "", "class": "primary_link", "is_priority": false }, "geometry": { "type": "LineString", "coordinates": [ [ -75.096072, 39.9039 ], [ -75.096097, 39.903955 ], [ -75.096149, 39.903995 ] ] } },
{ "type": "Feature", "properties": { "id": "62004773-1423", "name": "", "class": "primary_link", "is_priority": false }, "geometry": { "type": "LineString", "coordinates": [ [ -75.095382, 39.902866 ], [ -75.095386, 39.902838 ] ] } },
{ "type": "Feature", "properties": { "id": "62004776-1424", "name": "", "class": "primary_link", "is_priority": false }, "geometry": { "type": "LineString", "coordinates": [ [ -75.09596, 39.904623 ], [ -75.09597, 39.904629 ] ] } },
{ "type": "Feature", "properties": { "id": "62004777-1425", "name": "Black Horse Pike", "class": "primary", "is_priority": true }, "geometry": { "type": "LineString", "coordinates": [ [ -75.095386, 39.902838 ], [ -75.095583, 39.903315 ] ] } },
{ "type": "Feature", "properties": { "id": "62004777-1426", "name": "Black Horse Pike", "class": "primary", "is_priority": true }, "geometry": { "type": "LineString", "coordinates": [ [ -75.095728, 39.903758 ], [ -75.095766, 39.903886 ] ] } },
{ "type": "Feature", "properties": { "id": "62004779-1427", "name": "Black Horse Pike", "class": "primary", "is_priority": true }, "geometry": { "type": "LineString", "coordinates": [ [ -75.095874, 39.903759 ], [ -75.095707, 39.903219 ], [ -75.095386, 39.902569 ] ] } },
{ "type": "Feature", "properties": { "id": "62089022-1428", "name": "Crescent Boulevard", "class": "trunk", "is_priority": true }, "geometry": { "type": "LineString", "coordinates": [ [ -75.095831, 39.904193 ], [ -75.095836, 39.904182 ] ] } },
{ "type": "Feature", "properties": { "id": "62089035-1429", "name": "Kearsarge Road", "class": "tertiary", "is_priority": false }, "geometry": { "type": "LineString", "coordinates": [ [ -75.106222, 39.905729 ], [ -75.106236, 39.905598 ], [ -75.106548, 39.904986 ] ] } },
{ "type": "Feature", "properties": { "id": "62102923-1430", "name": "South Crescent Boulevard", "class": "trunk", "is_priority": true }, "geometry": { "type": "LineString", "coordinates": [ [ -75.067709, 39.946815 ], [ -75.067599, 39.947026 ], [ -75.067006, 39.948358 ] ] } },
{ "type": "Feature", "properties": { "id": "62154291-1431", "name": "Benjamin Franklin Bridge", "class": "motorway", "is_priority": true }, "geometry": { "type": "LineString", "coordinates": [ [ -75.134502, 39.952904 ], [ -75.13436, 39.952879 ] ] } },
{ "type": "Feature", "properties": { "id": "62642520-1432", "name": "North 5Th Street", "class": "residential", "is_priority": false }, "geometry": { "type": "LineString", "coordinates": [ [ -75.121409, 39.944523 ], [ -75.121446, 39.944319 ], [ -75.121442, 39.944246 ], [ -75.121377, 39.944153 ], [ -75.121309, 39.944118 ] ] } },
{ "type": "Feature", "properties": { "id": "62642523-1433", "name": "North 4th Street", "class": "residential", "is_priority": false }, "geometry": { "type": "LineString", "coordinates": [ [ -75.122706, 39.944946 ], [ -75.122625, 39.945135 ], [ -75.122169, 39.946699 ] ] } },
{ "type": "Feature", "properties": { "id": "62642523-1434", "name": "North 4th Street", "class": "residential", "is_priority": false }, "geometry": { "type": "LineString", "coordinates": [ [ -75.122169, 39.946699 ], [ -75.122039, 39.947136 ] ] } },
{ "type": "Feature", "properties": { "id": "62642526-1435", "name": "North 5th Street", "class": "residential", "is_priority": false }, "geometry": { "type": "LineString", "coordinates": [ [ -75.120487, 39.947683 ], [ -75.120419, 39.947955 ], [ -75.120044, 39.949115 ] ] } },
{ "type": "Feature", "properties": { "id": "62642531-1436", "name": "North 4th Street", "class": "unclassified", "is_priority": false }, "geometry": { "type": "LineString", "coordinates": [ [ -75.122712, 39.947255 ], [ -75.122442, 39.947144 ], [ -75.122328, 39.947071 ], [ -75.122231, 39.946953 ], [ -75.122207, 39.946881 ], [ -75.122235, 39.946655 ], [ -75.122529, 39.945671 ] ] } },
{ "type": "Feature", "properties": { "id": "62642531-1437", "name": "North 4th Street", "class": "unclassified", "is_priority": false }, "geometry": { "type": "LineString", "coordinates": [ [ -75.122529, 39.945671 ], [ -75.122681, 39.945146 ], [ -75.122706, 39.944946 ] ] } },
{ "type": "Feature", "properties": { "id": "62642534-1438", "name": "", "class": "tertiary_link", "is_priority": false }, "geometry": { "type": "LineString", "coordinates": [ [ -75.12759, 39.948206 ], [ -75.127659, 39.948204 ], [ -75.12776, 39.948174 ], [ -75.127841, 39.94813 ], [ -75.127883, 39.948083 ] ] } },
{ "type": "Feature", "properties": { "id": "62642537-1439", "name": "", "class": "tertiary_link", "is_priority": false }, "geometry": { "type": "LineString", "coordinates": [ [ -75.127994, 39.947785 ], [ -75.127813, 39.947995 ], [ -75.127744, 39.948046 ], [ -75.127636, 39.948091 ], [ -75.127467, 39.94812 ], [ -75.127143, 39.948117 ] ] } },
{ "type": "Feature", "properties": { "id": "62642559-1440", "name": "South Delaware Avenue", "class": "tertiary", "is_priority": false }, "geometry": { "type": "LineString", "coordinates": [ [ -75.129144, 39.944133 ], [ -75.129069, 39.944598 ] ] } },
{ "type": "Feature", "properties": { "id": "62642560-1441", "name": "South Delaware Avenue", "class": "tertiary", "is_priority": false }, "geometry": { "type": "LineString", "coordinates": [ [ -75.129213, 39.943666 ], [ -75.129144, 39.944133 ] ] } },
{ "type": "Feature", "properties": { "id": "62645364-1442", "name": "Delaware Avenue", "class": "tertiary", "is_priority": false }, "geometry": { "type": "LineString", "coordinates": [ [ -75.125903, 39.95413 ], [ -75.125834, 39.954496 ], [ -75.125858, 39.95467 ], [ -75.125926, 39.954867 ], [ -75.126097, 39.955239 ], [ -75.126134, 39.955438 ], [ -75.12608, 39.955673 ], [ -75.126034, 39.955776 ], [ -75.125963, 39.95587 ] ] } },
{ "type": "Feature", "properties": { "id": "62645364-1443", "name": "Delaware Avenue", "class": "tertiary", "is_priority": false }, "geometry": { "type": "LineString", "coordinates": [ [ -75.125963, 39.95587 ], [ -75.125714, 39.956064 ], [ -75.125581, 39.956117 ], [ -75.125394, 39.956163 ], [ -75.125222, 39.956186 ] ] } },
{ "type": "Feature", "properties": { "id": "67659957-1444", "name": "South 10th Street", "class": "unclassified", "is_priority": false }, "geometry": { "type": "LineString", "coordinates": [ [ -75.111977, 39.941909 ], [ -75.111192, 39.941452 ] ] } },
{ "type": "Feature", "properties": { "id": "67752313-1445", "name": "Haddon Avenue", "class": "primary", "is_priority": true }, "geometry": { "type": "LineString", "coordinates": [ [ -75.087819, 39.922832 ], [ -75.088197, 39.922829 ], [ -75.088491, 39.922854 ] ] } },
{ "type": "Feature", "properties": { "id": "67752318-1446", "name": "Haddon Avenue", "class": "primary", "is_priority": true }, "geometry": { "type": "LineString", "coordinates": [ [ -75.088491, 39.922854 ], [ -75.088055, 39.922716 ] ] } },
{ "type": "Feature", "properties": { "id": "90087147-1447", "name": "Admiral Wilson Boulevard", "class": "motorway", "is_priority": true }, "geometry": { "type": "LineString", "coordinates": [ [ -75.107024, 39.944069 ], [ -75.107354, 39.94446 ], [ -75.107753, 39.944815 ], [ -75.108193, 39.94509 ], [ -75.108674, 39.945306 ] ] } },
{ "type": "Feature", "properties": { "id": "90087147-1448", "name": "Admiral Wilson Boulevard", "class": "motorway", "is_priority": true }, "geometry": { "type": "LineString", "coordinates": [ [ -75.108674, 39.945306 ], [ -75.109064, 39.945432 ], [ -75.109461, 39.945523 ], [ -75.110017, 39.945619 ], [ -75.110937, 39.945744 ] ] } },
{ "type": "Feature", "properties": { "id": "90087147-1449", "name": "Admiral Wilson Boulevard", "class": "motorway", "is_priority": true }, "geometry": { "type": "LineString", "coordinates": [ [ -75.110937, 39.945744 ], [ -75.113239, 39.94607 ] ] } },
{ "type": "Feature", "properties": { "id": "90087147-1450", "name": "Admiral Wilson Boulevard", "class": "motorway", "is_priority": true }, "geometry": { "type": "LineString", "coordinates": [ [ -75.113239, 39.94607 ], [ -75.113789, 39.946191 ], [ -75.114305, 39.946344 ], [ -75.114824, 39.94655 ], [ -75.115367, 39.946799 ] ] } },
{ "type": "Feature", "properties": { "id": "90087147-1451", "name": "Admiral Wilson Boulevard", "class": "motorway", "is_priority": true }, "geometry": { "type": "LineString", "coordinates": [ [ -75.115367, 39.946799 ], [ -75.117352, 39.947754 ] ] } },
{ "type": "Feature", "properties": { "id": "90087147-1452", "name": "Admiral Wilson Boulevard", "class": "motorway", "is_priority": true }, "geometry": { "type": "LineString", "coordinates": [ [ -75.117352, 39.947754 ], [ -75.118026, 39.94807 ], [ -75.118675, 39.948468 ] ] } },
{ "type": "Feature", "properties": { "id": "90087148-1453", "name": "North-South Freeway", "class": "motorway", "is_priority": true }, "geometry": { "type": "LineString", "coordinates": [ [ -75.114363, 39.946684 ], [ -75.114625, 39.946902 ], [ -75.114971, 39.94713 ], [ -75.115357, 39.947305 ], [ -75.115612, 39.947386 ] ] } },
{ "type": "Feature", "properties": { "id": "116535884-1454", "name": "Mount Ephraim Avenue", "class": "primary", "is_priority": true }, "geometry": { "type": "LineString", "coordinates": [ [ -75.096199, 39.904938 ], [ -75.096174, 39.904861 ] ] } },
{ "type": "Feature", "properties": { "id": "116535885-1455", "name": "Mount Ephraim Avenue", "class": "primary", "is_priority": true }, "geometry": { "type": "LineString", "coordinates": [ [ -75.096137, 39.905106 ], [ -75.096501, 39.905849 ] ] } },
{ "type": "Feature", "properties": { "id": "116535926-1456", "name": "Crescent Boulevard", "class": "trunk", "is_priority": true }, "geometry": { "type": "LineString", "coordinates": [ [ -75.098747, 39.900917 ], [ -75.098514, 39.901202 ], [ -75.097369, 39.902372 ] ] } },
{ "type": "Feature", "properties": { "id": "116535926-1457", "name": "Crescent Boulevard", "class": "trunk", "is_priority": true }, "geometry": { "type": "LineString", "coordinates": [ [ -75.097369, 39.902372 ], [ -75.095874, 39.903758 ] ] } },
{ "type": "Feature", "properties": { "id": "123617847-1458", "name": "Walt Whitman Bridge", "class": "motorway", "is_priority": true }, "geometry": { "type": "LineString", "coordinates": [ [ -75.116347, 39.902925 ], [ -75.115297, 39.902738 ], [ -75.114646, 39.902579 ], [ -75.114107, 39.902416 ] ] } },
{ "type": "Feature", "properties": { "id": "123617847-1459", "name": "Walt Whitman Bridge", "class": "motorway", "is_priority": true }, "geometry": { "type": "LineString", "coordinates": [ [ -75.114107, 39.902416 ], [ -75.113715, 39.902271 ] ] } },
{ "type": "Feature", "properties": { "id": "123617848-1460", "name": "Walt Whitman Bridge", "class": "motorway", "is_priority": true }, "geometry": { "type": "LineString", "coordinates": [ [ -75.115502, 39.902911 ], [ -75.116518, 39.903087 ] ] } },
{ "type": "Feature", "properties": { "id": "124370036-1461", "name": "North-South Freeway", "class": "motorway", "is_priority": true }, "geometry": { "type": "LineString", "coordinates": [ [ -75.113735, 39.94396 ], [ -75.113566, 39.942999 ] ] } },
{ "type": "Feature", "properties": { "id": "124370037-1462", "name": "North-South Freeway", "class": "motorway", "is_priority": true }, "geometry": { "type": "LineString", "coordinates": [ [ -75.117553, 39.94752 ], [ -75.116898, 39.947174 ] ] } },
{ "type": "Feature", "properties": { "id": "124370038-1463", "name": "North-South Freeway", "class": "motorway", "is_priority": true }, "geometry": { "type": "LineString", "coordinates": [ [ -75.110748, 39.899251 ], [ -75.110545, 39.89903 ] ] } },
{ "type": "Feature", "properties": { "id": "124370039-1464", "name": "North-South Freeway", "class": "motorway", "is_priority": true }, "geometry": { "type": "LineString", "coordinates": [ [ -75.116579, 39.946982 ], [ -75.115015, 39.946155 ] ] } },
{ "type": "Feature", "properties": { "id": "124370042-1465", "name": "Admiral Wilson Boulevard", "class": "motorway", "is_priority": true }, "geometry": { "type": "LineString", "coordinates": [ [ -75.109358, 39.945355 ], [ -75.109042, 39.945277 ], [ -75.108658, 39.945156 ], [ -75.108182, 39.944944 ], [ -75.107764, 39.944668 ], [ -75.107451, 39.944376 ] ] } },
{ "type": "Feature", "properties": { "id": "124370042-1466", "name": "Admiral Wilson Boulevard", "class": "motorway", "is_priority": true }, "geometry": { "type": "LineString", "coordinates": [ [ -75.107451, 39.944376 ], [ -75.107192, 39.944069 ], [ -75.106553, 39.943148 ], [ -75.106286, 39.942815 ] ] } },
{ "type": "Feature", "properties": { "id": "124370042-1467", "name": "Admiral Wilson Boulevard", "class": "motorway", "is_priority": true }, "geometry": { "type": "LineString", "coordinates": [ [ -75.106286, 39.942815 ], [ -75.106003, 39.942515 ], [ -75.105545, 39.942097 ] ] } },
{ "type": "Feature", "properties": { "id": "134398098-1468", "name": "", "class": "primary_link", "is_priority": false }, "geometry": { "type": "LineString", "coordinates": [ [ -75.090825, 39.923644 ], [ -75.090483, 39.923406 ], [ -75.09041, 39.923326 ], [ -75.090327, 39.923195 ] ] } },
{ "type": "Feature", "properties": { "id": "134398135-1469", "name": "Line Street", "class": "residential", "is_priority": false }, "geometry": { "type": "LineString", "coordinates": [ [ -75.109607, 39.937243 ], [ -75.109646, 39.937461 ], [ -75.10986, 39.937913 ], [ -75.111282, 39.9378 ] ] } },
{ "type": "Feature", "properties": { "id": "134398135-1470", "name": "Line Street", "class": "residential", "is_priority": false }, "geometry": { "type": "LineString", "coordinates": [ [ -75.111282, 39.9378 ], [ -75.111481, 39.937784 ] ] } },
{ "type": "Feature", "properties": { "id": "134398136-1471", "name": "Admiral Wilson Boulevard", "class": "trunk", "is_priority": true }, "geometry": { "type": "LineString", "coordinates": [ [ -75.105418, 39.942208 ], [ -75.105796, 39.942527 ] ] } },
{ "type": "Feature", "properties": { "id": "143972793-1472", "name": "Berkley Street", "class": "residential", "is_priority": false }, "geometry": { "type": "LineString", "coordinates": [ [ -75.115939, 39.939196 ], [ -75.11828, 39.939219 ] ] } },
{ "type": "Feature", "properties": { "id": "143972793-1473", "name": "Berkley Street", "class": "residential", "is_priority": false }, "geometry": { "type": "LineString", "coordinates": [ [ -75.11828, 39.939219 ], [ -75.119313, 39.939233 ] ] } },
{ "type": "Feature", "properties": { "id": "143972794-1474", "name": "Florence Street", "class": "residential", "is_priority": false }, "geometry": { "type": "LineString", "coordinates": [ [ -75.110514, 39.916163 ], [ -75.108704, 39.916151 ] ] } },
{ "type": "Feature", "properties": { "id": "143972799-1475", "name": "Phillips Street", "class": "residential", "is_priority": false }, "geometry": { "type": "LineString", "coordinates": [ [ -75.111488, 39.923409 ], [ -75.111454, 39.922682 ] ] } },
{ "type": "Feature", "properties": { "id": "143972802-1476", "name": "Tilghman Drive", "class": "residential", "is_priority": false }, "geometry": { "type": "LineString", "coordinates": [ [ -75.113131, 39.922621 ], [ -75.110793, 39.92271 ] ] } },
{ "type": "Feature", "properties": { "id": "143972802-1477", "name": "Tilghman Drive", "class": "residential", "is_priority": false }, "geometry": { "type": "LineString", "coordinates": [ [ -75.110793, 39.92271 ], [ -75.11059, 39.922719 ] ] } },
{ "type": "Feature", "properties": { "id": "183088307-1478", "name": "Chestnut Street", "class": "tertiary", "is_priority": false }, "geometry": { "type": "LineString", "coordinates": [ [ -75.120486, 39.932278 ], [ -75.118153, 39.932422 ] ] } },
{ "type": "Feature", "properties": { "id": "183088307-1479", "name": "Chestnut Street", "class": "tertiary", "is_priority": false }, "geometry": { "type": "LineString", "coordinates": [ [ -75.118153, 39.932422 ], [ -75.115823, 39.932598 ] ] } },
{ "type": "Feature", "properties": { "id": "183088307-1480", "name": "Chestnut Street", "class": "tertiary", "is_priority": false }, "geometry": { "type": "LineString", "coordinates": [ [ -75.115823, 39.932598 ], [ -75.114418, 39.932691 ] ] } },
{ "type": "Feature", "properties": { "id": "183088308-1481", "name": "Collings Road", "class": "secondary", "is_priority": false }, "geometry": { "type": "LineString", "coordinates": [ [ -75.111465, 39.902171 ], [ -75.11113, 39.902139 ], [ -75.110933, 39.902141 ] ] } },
{ "type": "Feature", "properties": { "id": "183088315-1482", "name": "Collings Road", "class": "secondary", "is_priority": false }, "geometry": { "type": "LineString", "coordinates": [ [ -75.112709, 39.902546 ], [ -75.112001, 39.902298 ], [ -75.111762, 39.902226 ], [ -75.111465, 39.902171 ] ] } },
{ "type": "Feature", "properties": { "id": "183088350-1483", "name": "North-South Freeway", "class": "motorway", "is_priority": true }, "geometry": { "type": "LineString", "coordinates": [ [ -75.112632, 39.939883 ], [ -75.112698, 39.940105 ] ] } },
{ "type": "Feature", "properties": { "id": "183088354-1484", "name": "North-South Freeway", "class": "motorway", "is_priority": true }, "geometry": { "type": "LineString", "coordinates": [ [ -75.112477, 39.938756 ], [ -75.112296, 39.938166 ] ] } },
{ "type": "Feature", "properties": { "id": "183088363-1485", "name": "North-South Freeway", "class": "motorway", "is_priority": true }, "geometry": { "type": "LineString", "coordinates": [ [ -75.11277, 39.93971 ], [ -75.112477, 39.938756 ] ] } },
{ "type": "Feature", "properties": { "id": "183088371-1486", "name": "North-South Freeway", "class": "motorway", "is_priority": true }, "geometry": { "type": "LineString", "coordinates": [ [ -75.112232, 39.938529 ], [ -75.112632, 39.939883 ] ] } },
{ "type": "Feature", "properties": { "id": "183088428-1487", "name": "", "class": "secondary_link", "is_priority": false }, "geometry": { "type": "LineString", "coordinates": [ [ -75.112861, 39.930936 ], [ -75.112742, 39.931146 ], [ -75.112626, 39.931259 ], [ -75.112391, 39.931394 ] ] } },
{ "type": "Feature", "properties": { "id": "207125280-1488", "name": "Pine Street", "class": "residential", "is_priority": false }, "geometry": { "type": "LineString", "coordinates": [ [ -75.11232, 39.936953 ], [ -75.114653, 39.936811 ] ] } },
{ "type": "Feature", "properties": { "id": "207125280-1489", "name": "Pine Street", "class": "residential", "is_priority": false }, "geometry": { "type": "LineString", "coordinates": [ [ -75.114653, 39.936811 ], [ -75.116985, 39.93665 ] ] } },
{ "type": "Feature", "properties": { "id": "207125280-1490", "name": "Pine Street", "class": "residential", "is_priority": false }, "geometry": { "type": "LineString", "coordinates": [ [ -75.116985, 39.93665 ], [ -75.119316, 39.93649 ] ] } },
{ "type": "Feature", "properties": { "id": "207125280-1491", "name": "Pine Street", "class": "residential", "is_priority": false }, "geometry": { "type": "LineString", "coordinates": [ [ -75.119316, 39.93649 ], [ -75.121648, 39.93633 ] ] } },
{ "type": "Feature", "properties": { "id": "207125280-1492", "name": "Pine Street", "class": "residential", "is_priority": false }, "geometry": { "type": "LineString", "coordinates": [ [ -75.121648, 39.93633 ], [ -75.123979, 39.93617 ] ] } },
{ "type": "Feature", "properties": { "id": "207125280-1493", "name": "Pine Street", "class": "residential", "is_priority": false }, "geometry": { "type": "LineString", "coordinates": [ [ -75.123979, 39.93617 ], [ -75.126311, 39.93601 ] ] } },
{ "type": "Feature", "properties": { "id": "207125280-1494", "name": "Pine Street", "class": "residential", "is_priority": false }, "geometry": { "type": "LineString", "coordinates": [ [ -75.126311, 39.93601 ], [ -75.126957, 39.935966 ] ] } },
{ "type": "Feature", "properties": { "id": "207125718-1495", "name": "Kaighns Avenue", "class": "secondary", "is_priority": false }, "geometry": { "type": "LineString", "coordinates": [ [ -75.092607, 39.932846 ], [ -75.090277, 39.933014 ] ] } },
{ "type": "Feature", "properties": { "id": "207125718-1496", "name": "Kaighns Avenue", "class": "secondary", "is_priority": false }, "geometry": { "type": "LineString", "coordinates": [ [ -75.090277, 39.933014 ], [ -75.087946, 39.933183 ] ] } },
{ "type": "Feature", "properties": { "id": "207125718-1497", "name": "Kaighns Avenue", "class": "secondary", "is_priority": false }, "geometry": { "type": "LineString", "coordinates": [ [ -75.087946, 39.933183 ], [ -75.086613, 39.93328 ] ] } },
{ "type": "Feature", "properties": { "id": "209292446-1498", "name": "North 6th Street", "class": "residential", "is_priority": false }, "geometry": { "type": "LineString", "coordinates": [ [ -75.117755, 39.950651 ], [ -75.117185, 39.952399 ] ] } },
{ "type": "Feature", "properties": { "id": "209292446-1499", "name": "North 6th Street", "class": "residential", "is_priority": false }, "geometry": { "type": "LineString", "coordinates": [ [ -75.117185, 39.952399 ], [ -75.116622, 39.954148 ] ] } },
{ "type": "Feature", "properties": { "id": "209292446-1500", "name": "North 6th Street", "class": "residential", "is_priority": false }, "geometry": { "type": "LineString", "coordinates": [ [ -75.116622, 39.954148 ], [ -75.116491, 39.954548 ] ] } },
{ "type": "Feature", "properties": { "id": "209292630-1501", "name": "Penn Street", "class": "residential", "is_priority": false }, "geometry": { "type": "LineString", "coordinates": [ [ -75.123819, 39.948609 ], [ -75.126092, 39.949043 ] ] } },
{ "type": "Feature", "properties": { "id": "209292630-1502", "name": "Penn Street", "class": "residential", "is_priority": false }, "geometry": { "type": "LineString", "coordinates": [ [ -75.126092, 39.949043 ], [ -75.127486, 39.949319 ] ] } },
{ "type": "Feature", "properties": { "id": "227926200-1503", "name": "Pearl Street", "class": "residential", "is_priority": false }, "geometry": { "type": "LineString", "coordinates": [ [ -75.122399, 39.950482 ], [ -75.121888, 39.950284 ], [ -75.121468, 39.950086 ], [ -75.120909, 39.94977 ], [ -75.120472, 39.949474 ] ] } },
{ "type": "Feature", "properties": { "id": "227926200-1504", "name": "Pearl Street", "class": "residential", "is_priority": false }, "geometry": { "type": "LineString", "coordinates": [ [ -75.120472, 39.949474 ], [ -75.12012, 39.949211 ] ] } },
{ "type": "Feature", "properties": { "id": "265893383-1505", "name": "Eutaw Avenue", "class": "residential", "is_priority": false }, "geometry": { "type": "LineString", "coordinates": [ [ -75.086404, 39.944693 ], [ -75.0852, 39.943148 ] ] } },
{ "type": "Feature", "properties": { "id": "265893383-1506", "name": "Eutaw Avenue", "class": "residential", "is_priority": false }, "geometry": { "type": "LineString", "coordinates": [ [ -75.0852, 39.943148 ], [ -75.084624, 39.942404 ], [ -75.084497, 39.942161 ] ] } },
{ "type": "Feature", "properties": { "id": "266153183-1507", "name": "", "class": "residential", "is_priority": false }, "geometry": { "type": "LineString", "coordinates": [ [ -75.102798, 39.935736 ], [ -75.103384, 39.935227 ] ] } },
{ "type": "Feature", "properties": { "id": "267036101-1508", "name": "", "class": "residential", "is_priority": false }, "geometry": { "type": "LineString", "coordinates": [ [ -75.10242, 39.918195 ], [ -75.102431, 39.917613 ], [ -75.102448, 39.917605 ], [ -75.103219, 39.917696 ], [ -75.103234, 39.917505 ], [ -75.103209, 39.917472 ], [ -75.103038, 39.917426 ], [ -75.103126, 39.917354 ], [ -75.103143, 39.917261 ], [ -75.103126, 39.917223 ] ] } },
{ "type": "Feature", "properties": { "id": "267036101-1509", "name": "", "class": "residential", "is_priority": false }, "geometry": { "type": "LineString", "coordinates": [ [ -75.103126, 39.917223 ], [ -75.102849, 39.916639 ], [ -75.102806, 39.916595 ], [ -75.102352, 39.916446 ], [ -75.102451, 39.916716 ], [ -75.10266, 39.917153 ] ] } },
{ "type": "Feature", "properties": { "id": "267036101-1510", "name": "", "class": "residential", "is_priority": false }, "geometry": { "type": "LineString", "coordinates": [ [ -75.10266, 39.917153 ], [ -75.102764, 39.917371 ], [ -75.102242, 39.917333 ], [ -75.102003, 39.91736 ], [ -75.101736, 39.917432 ] ] } },
{ "type": "Feature", "properties": { "id": "267036102-1511", "name": "", "class": "residential", "is_priority": false }, "geometry": { "type": "LineString", "coordinates": [ [ -75.103038, 39.917426 ], [ -75.102764, 39.917371 ] ] } },
{ "type": "Feature", "properties": { "id": "267036104-1512", "name": "", "class": "residential", "is_priority": false }, "geometry": { "type": "LineString", "coordinates": [ [ -75.102413, 39.917921 ], [ -75.103207, 39.91797 ], [ -75.103219, 39.917696 ] ] } },
{ "type": "Feature", "properties": { "id": "267036105-1513", "name": "", "class": "residential", "is_priority": false }, "geometry": { "type": "LineString", "coordinates": [ [ -75.101819, 39.916256 ], [ -75.102167, 39.917102 ], [ -75.101643, 39.917233 ] ] } },
{ "type": "Feature", "properties": { "id": "267036106-1514", "name": "", "class": "residential", "is_priority": false }, "geometry": { "type": "LineString", "coordinates": [ [ -75.102352, 39.916446 ], [ -75.101557, 39.916163 ], [ -75.10119, 39.916264 ] ] } },
{ "type": "Feature", "properties": { "id": "277177086-1515", "name": "Hull Road", "class": "residential", "is_priority": false }, "geometry": { "type": "LineString", "coordinates": [ [ -75.101677, 39.907953 ], [ -75.101697, 39.907588 ] ] } },
{ "type": "Feature", "properties": { "id": "277929330-1516", "name": "Mount Vernon Street", "class": "residential", "is_priority": false }, "geometry": { "type": "LineString", "coordinates": [ [ -75.114479, 39.933371 ], [ -75.115999, 39.933272 ] ] } },
{ "type": "Feature", "properties": { "id": "277929331-1517", "name": "Mount Vernon Street", "class": "residential", "is_priority": false }, "geometry": { "type": "LineString", "coordinates": [ [ -75.119454, 39.933032 ], [ -75.119734, 39.933014 ] ] } },
{ "type": "Feature", "properties": { "id": "277929332-1518", "name": "Mount Vernon Street", "class": "residential", "is_priority": false }, "geometry": { "type": "LineString", "coordinates": [ [ -75.117632, 39.933161 ], [ -75.119454, 39.933032 ] ] } },
{ "type": "Feature", "properties": { "id": "277929333-1519", "name": "Mount Vernon Street", "class": "residential", "is_priority": false }, "geometry": { "type": "LineString", "coordinates": [ [ -75.12056, 39.932957 ], [ -75.122239, 39.932847 ] ] } },
{ "type": "Feature", "properties": { "id": "277929334-1520", "name": "Mount Vernon Street", "class": "residential", "is_priority": false }, "geometry": { "type": "LineString", "coordinates": [ [ -75.119734, 39.933014 ], [ -75.12056, 39.932957 ] ] } },
{ "type": "Feature", "properties": { "id": "277929335-1521", "name": "Mount Vernon Street", "class": "residential", "is_priority": false }, "geometry": { "type": "LineString", "coordinates": [ [ -75.113138, 39.933464 ], [ -75.114479, 39.933371 ] ] } },
{ "type": "Feature", "properties": { "id": "277929336-1522", "name": "Mount Vernon Street", "class": "residential", "is_priority": false }, "geometry": { "type": "LineString", "coordinates": [ [ -75.122239, 39.932847 ], [ -75.124003, 39.93271 ] ] } },
{ "type": "Feature", "properties": { "id": "277929337-1523", "name": "Mount Vernon Street", "class": "residential", "is_priority": false }, "geometry": { "type": "LineString", "coordinates": [ [ -75.115999, 39.933272 ], [ -75.117632, 39.933161 ] ] } },
{ "type": "Feature", "properties": { "id": "277929338-1524", "name": "Mount Vernon Street", "class": "residential", "is_priority": false }, "geometry": { "type": "LineString", "coordinates": [ [ -75.124003, 39.93271 ], [ -75.125852, 39.932584 ] ] } },
{ "type": "Feature", "properties": { "id": "278713480-1525", "name": "Cleveland Avenue", "class": "residential", "is_priority": false }, "geometry": { "type": "LineString", "coordinates": [ [ -75.090119, 39.953647 ], [ -75.09175, 39.952901 ] ] } },
{ "type": "Feature", "properties": { "id": "278713481-1526", "name": "Cleveland Avenue", "class": "residential", "is_priority": false }, "geometry": { "type": "LineString", "coordinates": [ [ -75.087196, 39.954976 ], [ -75.088481, 39.954389 ] ] } },
{ "type": "Feature", "properties": { "id": "278713482-1527", "name": "Cleveland Avenue", "class": "residential", "is_priority": false }, "geometry": { "type": "LineString", "coordinates": [ [ -75.088481, 39.954389 ], [ -75.090119, 39.953647 ] ] } },
{ "type": "Feature", "properties": { "id": "278714073-1528", "name": "Berwick Street", "class": "residential", "is_priority": false }, "geometry": { "type": "LineString", "coordinates": [ [ -75.092408, 39.944941 ], [ -75.093287, 39.943768 ] ] } },
{ "type": "Feature", "properties": { "id": "278714074-1529", "name": "Boyd Street", "class": "residential", "is_priority": false }, "geometry": { "type": "LineString", "coordinates": [ [ -75.090845, 39.942646 ], [ -75.091528, 39.942965 ] ] } },
{ "type": "Feature", "properties": { "id": "278714075-1530", "name": "Boyd Street", "class": "residential", "is_priority": false }, "geometry": { "type": "LineString", "coordinates": [ [ -75.089241, 39.941907 ], [ -75.090845, 39.942646 ] ] } },
{ "type": "Feature", "properties": { "id": "278714076-1531", "name": "Boyd Street", "class": "residential", "is_priority": false }, "geometry": { "type": "LineString", "coordinates": [ [ -75.094134, 39.944171 ], [ -75.095026, 39.944597 ] ] } },
{ "type": "Feature", "properties": { "id": "278714077-1532", "name": "Boyd Street", "class": "residential", "is_priority": false }, "geometry": { "type": "LineString", "coordinates": [ [ -75.093445, 39.943842 ], [ -75.094134, 39.944171 ] ] } },
{ "type": "Feature", "properties": { "id": "278714078-1533", "name": "Boyd Street", "class": "residential", "is_priority": false }, "geometry": { "type": "LineString", "coordinates": [ [ -75.093287, 39.943768 ], [ -75.093445, 39.943842 ] ] } },
{ "type": "Feature", "properties": { "id": "278714079-1534", "name": "Boyd Street", "class": "residential", "is_priority": false }, "geometry": { "type": "LineString", "coordinates": [ [ -75.091528, 39.942965 ], [ -75.093287, 39.943768 ] ] } },
{ "type": "Feature", "properties": { "id": "278714080-1535", "name": "Boyd Street", "class": "residential", "is_priority": false }, "geometry": { "type": "LineString", "coordinates": [ [ -75.089052, 39.94182 ], [ -75.089241, 39.941907 ] ] } },
{ "type": "Feature", "properties": { "id": "278714081-1536", "name": "Boyd Street", "class": "residential", "is_priority": false }, "geometry": { "type": "LineString", "coordinates": [ [ -75.085899, 39.940377 ], [ -75.087911, 39.941297 ] ] } },
{ "type": "Feature", "properties": { "id": "278714081-1537", "name": "Boyd Street", "class": "residential", "is_priority": false }, "geometry": { "type": "LineString", "coordinates": [ [ -75.087911, 39.941297 ], [ -75.089052, 39.94182 ] ] } },
{ "type": "Feature", "properties": { "id": "278742374-1538", "name": "North 28th Street", "class": "residential", "is_priority": false }, "geometry": { "type": "LineString", "coordinates": [ [ -75.090119, 39.953647 ], [ -75.089654, 39.953054 ] ] } },
{ "type": "Feature", "properties": { "id": "278742375-1539", "name": "North 28th Street", "class": "residential", "is_priority": false }, "geometry": { "type": "LineString", "coordinates": [ [ -75.090572, 39.95423 ], [ -75.090119, 39.953647 ] ] } },
{ "type": "Feature", "properties": { "id": "278742376-1540", "name": "North 28th Street", "class": "residential", "is_priority": false }, "geometry": { "type": "LineString", "coordinates": [ [ -75.091019, 39.95482 ], [ -75.090572, 39.95423 ] ] } },
{ "type": "Feature", "properties": { "id": "278742377-1541", "name": "North 28th Street", "class": "residential", "is_priority": false }, "geometry": { "type": "LineString", "coordinates": [ [ -75.091466, 39.955427 ], [ -75.091019, 39.95482 ] ] } },
{ "type": "Feature", "properties": { "id": "278742378-1542", "name": "North 28th Street", "class": "residential", "is_priority": false }, "geometry": { "type": "LineString", "coordinates": [ [ -75.091943, 39.956009 ], [ -75.091466, 39.955427 ] ] } },
{ "type": "Feature", "properties": { "id": "278742379-1543", "name": "North 28th Street", "class": "residential", "is_priority": false }, "geometry": { "type": "LineString", "coordinates": [ [ -75.092994, 39.957363 ], [ -75.092449, 39.956701 ] ] } },
{ "type": "Feature", "properties": { "id": "278742380-1544", "name": "North 28th Street", "class": "residential", "is_priority": false }, "geometry": { "type": "LineString", "coordinates": [ [ -75.093454, 39.957966 ], [ -75.092994, 39.957363 ] ] } },
{ "type": "Feature", "properties": { "id": "278742381-1545", "name": "North 28th Street", "class": "residential", "is_priority": false }, "geometry": { "type": "LineString", "coordinates": [ [ -75.095732, 39.960911 ], [ -75.095266, 39.960317 ] ] } },
{ "type": "Feature", "properties": { "id": "278742382-1546", "name": "North 28th Street", "class": "residential", "is_priority": false }, "geometry": { "type": "LineString", "coordinates": [ [ -75.094361, 39.959141 ], [ -75.093894, 39.958553 ] ] } },
{ "type": "Feature", "properties": { "id": "278742383-1547", "name": "North 28th Street", "class": "residential", "is_priority": false }, "geometry": { "type": "LineString", "coordinates": [ [ -75.093894, 39.958553 ], [ -75.093454, 39.957966 ] ] } },
{ "type": "Feature", "properties": { "id": "278742384-1548", "name": "North 28th Street", "class": "residential", "is_priority": false }, "geometry": { "type": "LineString", "coordinates": [ [ -75.094811, 39.959727 ], [ -75.094361, 39.959141 ] ] } },
{ "type": "Feature", "properties": { "id": "278742385-1549", "name": "North 28th Street", "class": "residential", "is_priority": false }, "geometry": { "type": "LineString", "coordinates": [ [ -75.095266, 39.960317 ], [ -75.094811, 39.959727 ] ] } },
{ "type": "Feature", "properties": { "id": "278742386-1550", "name": "North 28th Street", "class": "residential", "is_priority": false }, "geometry": { "type": "LineString", "coordinates": [ [ -75.092449, 39.956701 ], [ -75.091943, 39.956009 ] ] } },
{ "type": "Feature", "properties": { "id": "281485897-1551", "name": "Federal Street", "class": "primary", "is_priority": true }, "geometry": { "type": "LineString", "coordinates": [ [ -75.087282, 39.946307 ], [ -75.086658, 39.946375 ] ] } },
{ "type": "Feature", "properties": { "id": "281485898-1552", "name": "", "class": "tertiary_link", "is_priority": false }, "geometry": { "type": "LineString", "coordinates": [ [ -75.08774, 39.946283 ], [ -75.087824, 39.946321 ], [ -75.087864, 39.946364 ], [ -75.087877, 39.946453 ], [ -75.087839, 39.946518 ] ] } },
{ "type": "Feature", "properties": { "id": "281485899-1553", "name": "South 27th Street", "class": "secondary", "is_priority": false }, "geometry": { "type": "LineString", "coordinates": [ [ -75.085627, 39.945037 ], [ -75.084431, 39.943488 ] ] } },
{ "type": "Feature", "properties": { "id": "281485899-1554", "name": "South 27th Street", "class": "secondary", "is_priority": false }, "geometry": { "type": "LineString", "coordinates": [ [ -75.084431, 39.943488 ], [ -75.08323, 39.941941 ] ] } },
{ "type": "Feature", "properties": { "id": "281485899-1555", "name": "South 27th Street", "class": "secondary", "is_priority": false }, "geometry": { "type": "LineString", "coordinates": [ [ -75.08323, 39.941941 ], [ -75.082025, 39.940396 ] ] } },
{ "type": "Feature", "properties": { "id": "281485899-1556", "name": "South 27th Street", "class": "secondary", "is_priority": false }, "geometry": { "type": "LineString", "coordinates": [ [ -75.082025, 39.940396 ], [ -75.081997, 39.940359 ], [ -75.081989, 39.940228 ], [ -75.082007, 39.940156 ] ] } },
{ "type": "Feature", "properties": { "id": "281485900-1557", "name": "Westfield Avenue", "class": "tertiary", "is_priority": false }, "geometry": { "type": "LineString", "coordinates": [ [ -75.088515, 39.946173 ], [ -75.088364, 39.946206 ], [ -75.088175, 39.946278 ], [ -75.087947, 39.946451 ], [ -75.087735, 39.946582 ] ] } },
{ "type": "Feature", "properties": { "id": "281485901-1558", "name": "Federal Street", "class": "primary", "is_priority": true }, "geometry": { "type": "LineString", "coordinates": [ [ -75.087282, 39.946307 ], [ -75.087765, 39.946282 ], [ -75.088149, 39.946348 ], [ -75.088392, 39.946339 ] ] } },
{ "type": "Feature", "properties": { "id": "281485902-1559", "name": "Baird Boulevard", "class": "secondary", "is_priority": false }, "geometry": { "type": "LineString", "coordinates": [ [ -75.086568, 39.946257 ], [ -75.08644, 39.946396 ] ] } },
{ "type": "Feature", "properties": { "id": "281485903-1560", "name": "Westfield Avenue", "class": "tertiary", "is_priority": false }, "geometry": { "type": "LineString", "coordinates": [ [ -75.087735, 39.946582 ], [ -75.085677, 39.947441 ] ] } },
{ "type": "Feature", "properties": { "id": "281485903-1561", "name": "Westfield Avenue", "class": "tertiary", "is_priority": false }, "geometry": { "type": "LineString", "coordinates": [ [ -75.085677, 39.947441 ], [ -75.083623, 39.948305 ] ] } },
{ "type": "Feature", "properties": { "id": "281485903-1562", "name": "Westfield Avenue", "class": "tertiary", "is_priority": false }, "geometry": { "type": "LineString", "coordinates": [ [ -75.083623, 39.948305 ], [ -75.081783, 39.949079 ] ] } },
{ "type": "Feature", "properties": { "id": "281485904-1563", "name": "Federal Street", "class": "primary", "is_priority": true }, "geometry": { "type": "LineString", "coordinates": [ [ -75.088515, 39.946173 ], [ -75.087741, 39.946248 ], [ -75.087282, 39.946307 ] ] } },
{ "type": "Feature", "properties": { "id": "281485905-1564", "name": "Westfield Avenue", "class": "tertiary", "is_priority": false }, "geometry": { "type": "LineString", "coordinates": [ [ -75.087735, 39.946582 ], [ -75.088392, 39.946339 ] ] } },
{ "type": "Feature", "properties": { "id": "282429046-1565", "name": "Ware Street", "class": "residential", "is_priority": false }, "geometry": { "type": "LineString", "coordinates": [ [ -75.115856, 39.917374 ], [ -75.113517, 39.917321 ] ] } },
{ "type": "Feature", "properties": { "id": "282429046-1566", "name": "Ware Street", "class": "residential", "is_priority": false }, "geometry": { "type": "LineString", "coordinates": [ [ -75.113517, 39.917321 ], [ -75.112283, 39.917293 ], [ -75.111178, 39.917287 ] ] } },
{ "type": "Feature", "properties": { "id": "282429046-1567", "name": "Ware Street", "class": "residential", "is_priority": false }, "geometry": { "type": "LineString", "coordinates": [ [ -75.111178, 39.917287 ], [ -75.108838, 39.917253 ] ] } },
{ "type": "Feature", "properties": { "id": "282429046-1568", "name": "Ware Street", "class": "residential", "is_priority": false }, "geometry": { "type": "LineString", "coordinates": [ [ -75.108838, 39.917253 ], [ -75.108715, 39.917251 ] ] } },
{ "type": "Feature", "properties": { "id": "284095493-1569", "name": "South Crescent Boulevard", "class": "trunk", "is_priority": true }, "geometry": { "type": "LineString", "coordinates": [ [ -75.084052, 39.926478 ], [ -75.083993, 39.926727 ] ] } },
{ "type": "Feature", "properties": { "id": "284095494-1570", "name": "South Crescent Boulevard", "class": "trunk", "is_priority": true }, "geometry": { "type": "LineString", "coordinates": [ [ -75.084182, 39.926474 ], [ -75.084372, 39.925728 ], [ -75.084698, 39.925087 ], [ -75.084896, 39.924769 ] ] } },
{ "type": "Feature", "properties": { "id": "284095494-1571", "name": "South Crescent Boulevard", "class": "trunk", "is_priority": true }, "geometry": { "type": "LineString", "coordinates": [ [ -75.084896, 39.924769 ], [ -75.085253, 39.924219 ], [ -75.085367, 39.924096 ] ] } },
{ "type": "Feature", "properties": { "id": "284095495-1572", "name": "South Crescent Boulevard", "class": "trunk", "is_priority": true }, "geometry": { "type": "LineString", "coordinates": [ [ -75.084121, 39.926743 ], [ -75.084182, 39.926474 ] ] } },
{ "type": "Feature", "properties": { "id": "294487669-1573", "name": "Dr Martin Luther King Boulevard", "class": "primary", "is_priority": true }, "geometry": { "type": "LineString", "coordinates": [ [ -75.11639, 39.942542 ], [ -75.117084, 39.942544 ] ] } },
{ "type": "Feature", "properties": { "id": "294487674-1574", "name": "Dr Martin Luther King Boulevard", "class": "primary", "is_priority": true }, "geometry": { "type": "LineString", "coordinates": [ [ -75.114504, 39.942542 ], [ -75.114258, 39.942584 ], [ -75.113838, 39.942606 ] ] } },
{ "type": "Feature", "properties": { "id": "294488172-1575", "name": "State Street", "class": "secondary", "is_priority": false }, "geometry": { "type": "LineString", "coordinates": [ [ -75.109513, 39.951544 ], [ -75.109768, 39.951561 ], [ -75.11008, 39.951513 ] ] } },
{ "type": "Feature", "properties": { "id": "307094775-1576", "name": "North 6th Street", "class": "tertiary", "is_priority": false }, "geometry": { "type": "LineString", "coordinates": [ [ -75.119076, 39.946609 ], [ -75.118754, 39.947634 ] ] } },
{ "type": "Feature", "properties": { "id": "310896074-1577", "name": "Kearsarge Road", "class": "tertiary", "is_priority": false }, "geometry": { "type": "LineString", "coordinates": [ [ -75.10749, 39.903071 ], [ -75.107185, 39.902469 ] ] } },
{ "type": "Feature", "properties": { "id": "310897375-1578", "name": "Haddon Avenue Approach", "class": "secondary", "is_priority": false }, "geometry": { "type": "LineString", "coordinates": [ [ -75.088055, 39.922716 ], [ -75.088038, 39.92271 ] ] } },
{ "type": "Feature", "properties": { "id": "310897376-1579", "name": "Ferry Avenue", "class": "secondary", "is_priority": false }, "geometry": { "type": "LineString", "coordinates": [ [ -75.08836, 39.922571 ], [ -75.088055, 39.922716 ] ] } },
{ "type": "Feature", "properties": { "id": "313512287-1580", "name": "", "class": "primary_link", "is_priority": false }, "geometry": { "type": "LineString", "coordinates": [ [ -75.096078, 39.904524 ], [ -75.096045, 39.904725 ], [ -75.096045, 39.904878 ] ] } },
{ "type": "Feature", "properties": { "id": "313512288-1581", "name": "", "class": "primary_link", "is_priority": false }, "geometry": { "type": "LineString", "coordinates": [ [ -75.095386, 39.902838 ], [ -75.095405, 39.902695 ], [ -75.095386, 39.902569 ] ] } },
{ "type": "Feature", "properties": { "id": "313512289-1582", "name": "Collings Road", "class": "secondary", "is_priority": false }, "geometry": { "type": "LineString", "coordinates": [ [ -75.113608, 39.902859 ], [ -75.113243, 39.902734 ] ] } },
{ "type": "Feature", "properties": { "id": "313512291-1583", "name": "", "class": "motorway_link", "is_priority": false }, "geometry": { "type": "LineString", "coordinates": [ [ -75.113913, 39.902957 ], [ -75.113959, 39.902784 ], [ -75.113968, 39.902414 ], [ -75.113855, 39.90219 ], [ -75.113768, 39.902092 ], [ -75.113634, 39.901987 ], [ -75.113465, 39.901891 ], [ -75.113045, 39.901714 ], [ -75.112825, 39.901578 ] ] } },
{ "type": "Feature", "properties": { "id": "313512291-1584", "name": "", "class": "motorway_link", "is_priority": false }, "geometry": { "type": "LineString", "coordinates": [ [ -75.112825, 39.901578 ], [ -75.112676, 39.901472 ], [ -75.112504, 39.901279 ], [ -75.112309, 39.901019 ], [ -75.112094, 39.900834 ] ] } },
{ "type": "Feature", "properties": { "id": "313512292-1585", "name": "Mount Ephraim Avenue", "class": "primary", "is_priority": true }, "geometry": { "type": "LineString", "coordinates": [ [ -75.096078, 39.904524 ], [ -75.095938, 39.903985 ] ] } },
{ "type": "Feature", "properties": { "id": "313512293-1586", "name": "Collings Road", "class": "secondary", "is_priority": false }, "geometry": { "type": "LineString", "coordinates": [ [ -75.113985, 39.90298 ], [ -75.113608, 39.902859 ] ] } },
{ "type": "Feature", "properties": { "id": "313512990-1587", "name": "Atlantic Avenue", "class": "secondary", "is_priority": false }, "geometry": { "type": "LineString", "coordinates": [ [ -75.11955, 39.928683 ], [ -75.117218, 39.928834 ] ] } },
{ "type": "Feature", "properties": { "id": "313512990-1588", "name": "Atlantic Avenue", "class": "secondary", "is_priority": false }, "geometry": { "type": "LineString", "coordinates": [ [ -75.117218, 39.928834 ], [ -75.116398, 39.92889 ] ] } },
{ "type": "Feature", "properties": { "id": "314502048-1589", "name": "Jasper Street", "class": "residential", "is_priority": false }, "geometry": { "type": "LineString", "coordinates": [ [ -75.121403, 39.922169 ], [ -75.121799, 39.92217 ] ] } },
{ "type": "Feature", "properties": { "id": "317610538-1590", "name": "Black Horse Pike", "class": "primary", "is_priority": true }, "geometry": { "type": "LineString", "coordinates": [ [ -75.095305, 39.902707 ], [ -75.095386, 39.902838 ] ] } },
{ "type": "Feature", "properties": { "id": "317610541-1591", "name": "", "class": "primary_link", "is_priority": false }, "geometry": { "type": "LineString", "coordinates": [ [ -75.096078, 39.904125 ], [ -75.096113, 39.904367 ], [ -75.096078, 39.904524 ] ] } },
{ "type": "Feature", "properties": { "id": "342978586-1592", "name": "Spruce Street", "class": "residential", "is_priority": false }, "geometry": { "type": "LineString", "coordinates": [ [ -75.128666, 39.934488 ], [ -75.127155, 39.934575 ] ] } },
{ "type": "Feature", "properties": { "id": "342978590-1593", "name": "South Front Street", "class": "residential", "is_priority": false }, "geometry": { "type": "LineString", "coordinates": [ [ -75.129374, 39.930137 ], [ -75.129221, 39.929607 ], [ -75.128707, 39.928411 ] ] } },
{ "type": "Feature", "properties": { "id": "342978590-1594", "name": "South Front Street", "class": "residential", "is_priority": false }, "geometry": { "type": "LineString", "coordinates": [ [ -75.128707, 39.928411 ], [ -75.128555, 39.928049 ] ] } },
{ "type": "Feature", "properties": { "id": "342978591-1595", "name": "South Front Street", "class": "residential", "is_priority": false }, "geometry": { "type": "LineString", "coordinates": [ [ -75.129374, 39.930137 ], [ -75.129183, 39.931694 ] ] } },
{ "type": "Feature", "properties": { "id": "353011278-1596", "name": "Van Buren Street", "class": "residential", "is_priority": false }, "geometry": { "type": "LineString", "coordinates": [ [ -75.115773, 39.916558 ], [ -75.115131, 39.916547 ], [ -75.115044, 39.916506 ], [ -75.115018, 39.916478 ], [ -75.115001, 39.916214 ], [ -75.115044, 39.915505 ] ] } },
{ "type": "Feature", "properties": { "id": "353278848-1597", "name": "Clemente Drive", "class": "residential", "is_priority": false }, "geometry": { "type": "LineString", "coordinates": [ [ -75.093302, 39.941806 ], [ -75.092634, 39.941493 ] ] } },
{ "type": "Feature", "properties": { "id": "353278849-1598", "name": "Pfeiffer Street", "class": "residential", "is_priority": false }, "geometry": { "type": "LineString", "coordinates": [ [ -75.092354, 39.941891 ], [ -75.093013, 39.942188 ] ] } },
{ "type": "Feature", "properties": { "id": "353278850-1599", "name": "Pfeiffer Street", "class": "residential", "is_priority": false }, "geometry": { "type": "LineString", "coordinates": [ [ -75.094372, 39.942642 ], [ -75.093114, 39.942055 ] ] } },
{ "type": "Feature", "properties": { "id": "353278851-1600", "name": "Raritan Street", "class": "residential", "is_priority": false }, "geometry": { "type": "LineString", "coordinates": [ [ -75.09293, 39.941105 ], [ -75.093595, 39.941417 ] ] } },
{ "type": "Feature", "properties": { "id": "353278852-1601", "name": "Raritan Street", "class": "residential", "is_priority": false }, "geometry": { "type": "LineString", "coordinates": [ [ -75.0928, 39.941256 ], [ -75.092142, 39.940958 ] ] } },
{ "type": "Feature", "properties": { "id": "353278853-1602", "name": "Sewell Street", "class": "residential", "is_priority": false }, "geometry": { "type": "LineString", "coordinates": [ [ -75.093082, 39.943119 ], [ -75.093687, 39.942324 ] ] } },
{ "type": "Feature", "properties": { "id": "359368688-1603", "name": "South Collings Road", "class": "residential", "is_priority": false }, "geometry": { "type": "LineString", "coordinates": [ [ -75.109303, 39.902406 ], [ -75.110069, 39.902161 ], [ -75.110144, 39.902114 ], [ -75.110159, 39.902025 ] ] } },
{ "type": "Feature", "properties": { "id": "361768023-1604", "name": "South Merrimac Road", "class": "residential", "is_priority": false }, "geometry": { "type": "LineString", "coordinates": [ [ -75.104007, 39.902609 ], [ -75.104374, 39.903291 ], [ -75.104163, 39.903352 ] ] } },
{ "type": "Feature", "properties": { "id": "362283597-1605", "name": "Liberty Street", "class": "residential", "is_priority": false }, "geometry": { "type": "LineString", "coordinates": [ [ -75.123678, 39.92981 ], [ -75.121349, 39.929985 ] ] } },
{ "type": "Feature", "properties": { "id": "362283597-1606", "name": "Liberty Street", "class": "residential", "is_priority": false }, "geometry": { "type": "LineString", "coordinates": [ [ -75.121349, 39.929985 ], [ -75.119019, 39.930157 ] ] } },
{ "type": "Feature", "properties": { "id": "362283597-1607", "name": "Liberty Street", "class": "residential", "is_priority": false }, "geometry": { "type": "LineString", "coordinates": [ [ -75.119019, 39.930157 ], [ -75.116688, 39.930318 ] ] } },
{ "type": "Feature", "properties": { "id": "362283597-1608", "name": "Liberty Street", "class": "residential", "is_priority": false }, "geometry": { "type": "LineString", "coordinates": [ [ -75.116688, 39.930318 ], [ -75.116278, 39.930347 ] ] } },
{ "type": "Feature", "properties": { "id": "362285690-1609", "name": "North 7th Street", "class": "primary", "is_priority": true }, "geometry": { "type": "LineString", "coordinates": [ [ -75.116584, 39.946109 ], [ -75.11646, 39.946543 ] ] } },
{ "type": "Feature", "properties": { "id": "362285691-1610", "name": "Haddon Avenue", "class": "primary", "is_priority": true }, "geometry": { "type": "LineString", "coordinates": [ [ -75.116742, 39.946148 ], [ -75.116889, 39.945405 ], [ -75.116967, 39.944874 ] ] } },
{ "type": "Feature", "properties": { "id": "362291958-1611", "name": "North 7th Street", "class": "residential", "is_priority": false }, "geometry": { "type": "LineString", "coordinates": [ [ -75.114734, 39.954193 ], [ -75.114177, 39.955943 ] ] } },
{ "type": "Feature", "properties": { "id": "362291958-1612", "name": "North 7th Street", "class": "residential", "is_priority": false }, "geometry": { "type": "LineString", "coordinates": [ [ -75.114177, 39.955943 ], [ -75.113803, 39.957118 ], [ -75.113801, 39.957177 ], [ -75.113843, 39.957221 ] ] } },
{ "type": "Feature", "properties": { "id": "362328714-1613", "name": "Jackson Street", "class": "residential", "is_priority": false }, "geometry": { "type": "LineString", "coordinates": [ [ -75.127908, 39.924 ], [ -75.127165, 39.924205 ], [ -75.12701, 39.924262 ], [ -75.126767, 39.924429 ], [ -75.125777, 39.924706 ] ] } },
{ "type": "Feature", "properties": { "id": "362328714-1614", "name": "Jackson Street", "class": "residential", "is_priority": false }, "geometry": { "type": "LineString", "coordinates": [ [ -75.125777, 39.924706 ], [ -75.125514, 39.924775 ], [ -75.125412, 39.92474 ], [ -75.125138, 39.924693 ], [ -75.124299, 39.924879 ], [ -75.123503, 39.924886 ] ] } },
{ "type": "Feature", "properties": { "id": "362328714-1615", "name": "Jackson Street", "class": "residential", "is_priority": false }, "geometry": { "type": "LineString", "coordinates": [ [ -75.123503, 39.924886 ], [ -75.121163, 39.924856 ] ] } },
{ "type": "Feature", "properties": { "id": "362328714-1616", "name": "Jackson Street", "class": "residential", "is_priority": false }, "geometry": { "type": "LineString", "coordinates": [ [ -75.121163, 39.924856 ], [ -75.118823, 39.924811 ] ] } },
{ "type": "Feature", "properties": { "id": "362328714-1617", "name": "Jackson Street", "class": "residential", "is_priority": false }, "geometry": { "type": "LineString", "coordinates": [ [ -75.118823, 39.924811 ], [ -75.116803, 39.924789 ] ] } },
{ "type": "Feature", "properties": { "id": "362332661-1618", "name": "Ancona Street", "class": "residential", "is_priority": false }, "geometry": { "type": "LineString", "coordinates": [ [ -75.12236, 39.920853 ], [ -75.122357, 39.920235 ] ] } },
{ "type": "Feature", "properties": { "id": "362440523-1619", "name": "Yorkship Square", "class": "tertiary", "is_priority": false }, "geometry": { "type": "LineString", "coordinates": [ [ -75.106222, 39.905729 ], [ -75.106153, 39.905719 ], [ -75.105825, 39.90582 ], [ -75.105426, 39.905953 ], [ -75.10539, 39.905998 ] ] } },
{ "type": "Feature", "properties": { "id": "362465668-1620", "name": "Pine Street", "class": "residential", "is_priority": false }, "geometry": { "type": "LineString", "coordinates": [ [ -75.103721, 39.937661 ], [ -75.106053, 39.937505 ] ] } },
{ "type": "Feature", "properties": { "id": "362465668-1621", "name": "Pine Street", "class": "residential", "is_priority": false }, "geometry": { "type": "LineString", "coordinates": [ [ -75.106053, 39.937505 ], [ -75.107932, 39.93737 ] ] } },
{ "type": "Feature", "properties": { "id": "362626469-1622", "name": "Memorial Avenue", "class": "tertiary", "is_priority": false }, "geometry": { "type": "LineString", "coordinates": [ [ -75.106477, 39.94285 ], [ -75.106638, 39.942684 ], [ -75.106725, 39.942559 ] ] } },
{ "type": "Feature", "properties": { "id": "362627527-1623", "name": "", "class": "primary_link", "is_priority": false }, "geometry": { "type": "LineString", "coordinates": [ [ -75.111814, 39.942744 ], [ -75.112063, 39.942501 ], [ -75.112125, 39.942399 ], [ -75.11214, 39.942338 ], [ -75.112144, 39.94224 ], [ -75.112119, 39.942127 ], [ -75.112063, 39.942019 ], [ -75.111977, 39.941909 ] ] } },
{ "type": "Feature", "properties": { "id": "362649006-1624", "name": "North 6th Street", "class": "tertiary", "is_priority": false }, "geometry": { "type": "LineString", "coordinates": [ [ -75.119453, 39.945359 ], [ -75.119105, 39.946517 ] ] } },
{ "type": "Feature", "properties": { "id": "362682808-1625", "name": "", "class": "primary_link", "is_priority": false }, "geometry": { "type": "LineString", "coordinates": [ [ -75.116986, 39.943409 ], [ -75.117024, 39.942995 ], [ -75.117026, 39.942725 ], [ -75.11707, 39.942645 ], [ -75.117222, 39.942545 ] ] } },
{ "type": "Feature", "properties": { "id": "363977425-1626", "name": "Lansdowne Avenue", "class": "residential", "is_priority": false }, "geometry": { "type": "LineString", "coordinates": [ [ -75.099135, 39.929507 ], [ -75.098944, 39.929569 ], [ -75.097476, 39.93076 ] ] } },
{ "type": "Feature", "properties": { "id": "363977425-1627", "name": "Lansdowne Avenue", "class": "residential", "is_priority": false }, "geometry": { "type": "LineString", "coordinates": [ [ -75.097476, 39.93076 ], [ -75.097211, 39.930973 ] ] } },
{ "type": "Feature", "properties": { "id": "364760291-1628", "name": "Berkley Street", "class": "residential", "is_priority": false }, "geometry": { "type": "LineString", "coordinates": [ [ -75.122107, 39.939466 ], [ -75.124434, 39.939661 ] ] } },
{ "type": "Feature", "properties": { "id": "364760291-1629", "name": "Berkley Street", "class": "residential", "is_priority": false }, "geometry": { "type": "LineString", "coordinates": [ [ -75.124434, 39.939661 ], [ -75.124978, 39.939703 ] ] } },
{ "type": "Feature", "properties": { "id": "365176298-1630", "name": "York Street", "class": "residential", "is_priority": false }, "geometry": { "type": "LineString", "coordinates": [ [ -75.126834, 39.955469 ], [ -75.126369, 39.955391 ] ] } },
{ "type": "Feature", "properties": { "id": "367693512-1631", "name": "Baird Boulevard", "class": "secondary", "is_priority": false }, "geometry": { "type": "LineString", "coordinates": [ [ -75.090913, 39.940383 ], [ -75.090326, 39.940873 ], [ -75.089701, 39.941356 ], [ -75.089269, 39.941665 ] ] } },
{ "type": "Feature", "properties": { "id": "367693512-1632", "name": "Baird Boulevard", "class": "secondary", "is_priority": false }, "geometry": { "type": "LineString", "coordinates": [ [ -75.089269, 39.941665 ], [ -75.088165, 39.942497 ], [ -75.088077, 39.942577 ] ] } },
{ "type": "Feature", "properties": { "id": "367693513-1633", "name": "Baird Boulevard", "class": "secondary", "is_priority": false }, "geometry": { "type": "LineString", "coordinates": [ [ -75.087154, 39.945639 ], [ -75.087125, 39.945584 ], [ -75.087073, 39.945564 ], [ -75.087015, 39.945571 ], [ -75.086973, 39.945599 ] ] } },
{ "type": "Feature", "properties": { "id": "367694515-1634", "name": "Mickle Street", "class": "residential", "is_priority": false }, "geometry": { "type": "LineString", "coordinates": [ [ -75.085627, 39.945037 ], [ -75.085509, 39.945102 ], [ -75.083332, 39.945326 ] ] } },
{ "type": "Feature", "properties": { "id": "367694515-1635", "name": "Mickle Street", "class": "residential", "is_priority": false }, "geometry": { "type": "LineString", "coordinates": [ [ -75.083332, 39.945326 ], [ -75.081013, 39.945572 ] ] } },
{ "type": "Feature", "properties": { "id": "367694515-1636", "name": "Mickle Street", "class": "residential", "is_priority": false }, "geometry": { "type": "LineString", "coordinates": [ [ -75.081013, 39.945572 ], [ -75.078693, 39.945815 ] ] } },
{ "type": "Feature", "properties": { "id": "367694515-1637", "name": "Mickle Street", "class": "residential", "is_priority": false }, "geometry": { "type": "LineString", "coordinates": [ [ -75.078693, 39.945815 ], [ -75.078234, 39.945869 ] ] } },
{ "type": "Feature", "properties": { "id": "375687547-1638", "name": "East State Street", "class": "secondary", "is_priority": false }, "geometry": { "type": "LineString", "coordinates": [ [ -75.105541, 39.950368 ], [ -75.10726, 39.95074 ], [ -75.107787, 39.950874 ] ] } },
{ "type": "Feature", "properties": { "id": "375687547-1639", "name": "East State Street", "class": "secondary", "is_priority": false }, "geometry": { "type": "LineString", "coordinates": [ [ -75.107787, 39.950874 ], [ -75.10789, 39.950907 ], [ -75.108615, 39.951224 ] ] } },
{ "type": "Feature", "properties": { "id": "377181469-1640", "name": "Everett Street", "class": "residential", "is_priority": false }, "geometry": { "type": "LineString", "coordinates": [ [ -75.114122, 39.92705 ], [ -75.114187, 39.927113 ], [ -75.114276, 39.927128 ], [ -75.114323, 39.927117 ], [ -75.11439, 39.927065 ], [ -75.114405, 39.927011 ], [ -75.114395, 39.92698 ], [ -75.114349, 39.926931 ], [ -75.114305, 39.926913 ], [ -75.114216, 39.926913 ], [ -75.114146, 39.92695 ], [ -75.114122, 39.926986 ], [ -75.114122, 39.92705 ] ] } },
{ "type": "Feature", "properties": { "id": "385416130-1641", "name": "Anna Sample Lane", "class": "residential", "is_priority": false }, "geometry": { "type": "LineString", "coordinates": [ [ -75.113047, 39.921353 ], [ -75.112244, 39.921384 ] ] } },
{ "type": "Feature", "properties": { "id": "388280126-1642", "name": "Chestnut Street", "class": "tertiary", "is_priority": false }, "geometry": { "type": "LineString", "coordinates": [ [ -75.113061, 39.932786 ], [ -75.110896, 39.932937 ] ] } },
{ "type": "Feature", "properties": { "id": "388280131-1643", "name": "South 8th Street", "class": "residential", "is_priority": false }, "geometry": { "type": "LineString", "coordinates": [ [ -75.112915, 39.931371 ], [ -75.112976, 39.932099 ] ] } },
{ "type": "Feature", "properties": { "id": "388280882-1644", "name": "South 8th Street", "class": "residential", "is_priority": false }, "geometry": { "type": "LineString", "coordinates": [ [ -75.113591, 39.909753 ], [ -75.113132, 39.909253 ], [ -75.112778, 39.909213 ], [ -75.112673, 39.909265 ], [ -75.11253, 39.909286 ], [ -75.112436, 39.909365 ], [ -75.112221, 39.909609 ], [ -75.112027, 39.909753 ], [ -75.111925, 39.909809 ] ] } },
{ "type": "Feature", "properties": { "id": "388280882-1645", "name": "South 8th Street", "class": "residential", "is_priority": false }, "geometry": { "type": "LineString", "coordinates": [ [ -75.111925, 39.909809 ], [ -75.11185, 39.909851 ], [ -75.111766, 39.909967 ], [ -75.112364, 39.911002 ], [ -75.11239, 39.911181 ], [ -75.112394, 39.911465 ] ] } },
{ "type": "Feature", "properties": { "id": "388280882-1646", "name": "South 8th Street", "class": "residential", "is_priority": false }, "geometry": { "type": "LineString", "coordinates": [ [ -75.112394, 39.911465 ], [ -75.11238, 39.912589 ] ] } },
{ "type": "Feature", "properties": { "id": "388280883-1647", "name": "Ferry Avenue", "class": "secondary", "is_priority": false }, "geometry": { "type": "LineString", "coordinates": [ [ -75.093476, 39.920483 ], [ -75.092995, 39.920618 ] ] } },
{ "type": "Feature", "properties": { "id": "388280883-1648", "name": "Ferry Avenue", "class": "secondary", "is_priority": false }, "geometry": { "type": "LineString", "coordinates": [ [ -75.091831, 39.920941 ], [ -75.091401, 39.92106 ] ] } },
{ "type": "Feature", "properties": { "id": "388280883-1649", "name": "Ferry Avenue", "class": "secondary", "is_priority": false }, "geometry": { "type": "LineString", "coordinates": [ [ -75.091383, 39.921069 ], [ -75.091353, 39.921084 ] ] } },
{ "type": "Feature", "properties": { "id": "388280883-1650", "name": "Ferry Avenue", "class": "secondary", "is_priority": false }, "geometry": { "type": "LineString", "coordinates": [ [ -75.091329, 39.921096 ], [ -75.090796, 39.921352 ] ] } },
{ "type": "Feature", "properties": { "id": "388280884-1651", "name": "South 8th Street", "class": "residential", "is_priority": false }, "geometry": { "type": "LineString", "coordinates": [ [ -75.11238, 39.912589 ], [ -75.112324, 39.91439 ] ] } },
{ "type": "Feature", "properties": { "id": "388280884-1652", "name": "South 8th Street", "class": "residential", "is_priority": false }, "geometry": { "type": "LineString", "coordinates": [ [ -75.112324, 39.91439 ], [ -75.1123, 39.916192 ] ] } },
{ "type": "Feature", "properties": { "id": "388280884-1653", "name": "South 8th Street", "class": "residential", "is_priority": false }, "geometry": { "type": "LineString", "coordinates": [ [ -75.1123, 39.916192 ], [ -75.112263, 39.917994 ] ] } },
{ "type": "Feature", "properties": { "id": "388280884-1654", "name": "South 8th Street", "class": "residential", "is_priority": false }, "geometry": { "type": "LineString", "coordinates": [ [ -75.112263, 39.917994 ], [ -75.112221, 39.919796 ] ] } },
{ "type": "Feature", "properties": { "id": "388280884-1655", "name": "South 8th Street", "class": "residential", "is_priority": false }, "geometry": { "type": "LineString", "coordinates": [ [ -75.112221, 39.919796 ], [ -75.112196, 39.920408 ] ] } },
{ "type": "Feature", "properties": { "id": "388280885-1656", "name": "Morgan Street", "class": "tertiary", "is_priority": false }, "geometry": { "type": "LineString", "coordinates": [ [ -75.107101, 39.913737 ], [ -75.107225, 39.913589 ], [ -75.107518, 39.913302 ], [ -75.107741, 39.913142 ], [ -75.108056, 39.912957 ], [ -75.108218, 39.91288 ], [ -75.108747, 39.912686 ], [ -75.108902, 39.912658 ] ] } },
{ "type": "Feature", "properties": { "id": "388280885-1657", "name": "Morgan Street", "class": "tertiary", "is_priority": false }, "geometry": { "type": "LineString", "coordinates": [ [ -75.108902, 39.912658 ], [ -75.109365, 39.912592 ], [ -75.110585, 39.912598 ], [ -75.110943, 39.912579 ], [ -75.111233, 39.912581 ] ] } },
{ "type": "Feature", "properties": { "id": "388280885-1658", "name": "Morgan Street", "class": "tertiary", "is_priority": false }, "geometry": { "type": "LineString", "coordinates": [ [ -75.111233, 39.912581 ], [ -75.112963, 39.912589 ] ] } },
{ "type": "Feature", "properties": { "id": "388280886-1659", "name": "South 9th Street", "class": "residential", "is_priority": false }, "geometry": { "type": "LineString", "coordinates": [ [ -75.110574, 39.913323 ], [ -75.110585, 39.912598 ] ] } },
{ "type": "Feature", "properties": { "id": "392531805-1660", "name": "Clinton Street", "class": "residential", "is_priority": false }, "geometry": { "type": "LineString", "coordinates": [ [ -75.131196, 39.939501 ], [ -75.12887, 39.939295 ] ] } },
{ "type": "Feature", "properties": { "id": "392531805-1661", "name": "Clinton Street", "class": "residential", "is_priority": false }, "geometry": { "type": "LineString", "coordinates": [ [ -75.12887, 39.939295 ], [ -75.128062, 39.939224 ] ] } },
{ "type": "Feature", "properties": { "id": "424770280-1662", "name": "Dr Martin Luther King Boulevard", "class": "primary", "is_priority": true }, "geometry": { "type": "LineString", "coordinates": [ [ -75.117482, 39.94239 ], [ -75.116951, 39.94239 ] ] } },
{ "type": "Feature", "properties": { "id": "424770281-1663", "name": "Dr Martin Luther King Boulevard", "class": "primary", "is_priority": true }, "geometry": { "type": "LineString", "coordinates": [ [ -75.117854, 39.942545 ], [ -75.11807, 39.942548 ] ] } },
{ "type": "Feature", "properties": { "id": "424770282-1664", "name": "Dr Martin Luther King Boulevard", "class": "primary", "is_priority": true }, "geometry": { "type": "LineString", "coordinates": [ [ -75.116951, 39.94239 ], [ -75.116224, 39.942389 ] ] } },
{ "type": "Feature", "properties": { "id": "424770283-1665", "name": "Dr Martin Luther King Boulevard", "class": "primary", "is_priority": true }, "geometry": { "type": "LineString", "coordinates": [ [ -75.118696, 39.94255 ], [ -75.119243, 39.942552 ] ] } },
{ "type": "Feature", "properties": { "id": "424770284-1666", "name": "Dr Martin Luther King Boulevard", "class": "primary", "is_priority": true }, "geometry": { "type": "LineString", "coordinates": [ [ -75.11807, 39.942548 ], [ -75.1183, 39.942548 ] ] } },
{ "type": "Feature", "properties": { "id": "424770286-1667", "name": "Dr Martin Luther King Boulevard", "class": "primary", "is_priority": true }, "geometry": { "type": "LineString", "coordinates": [ [ -75.117513, 39.942546 ], [ -75.117854, 39.942545 ] ] } },
{ "type": "Feature", "properties": { "id": "424770287-1668", "name": "Dr Martin Luther King Boulevard", "class": "primary", "is_priority": true }, "geometry": { "type": "LineString", "coordinates": [ [ -75.115626, 39.942516 ], [ -75.116115, 39.942504 ], [ -75.11639, 39.942542 ] ] } },
{ "type": "Feature", "properties": { "id": "424770288-1669", "name": "Dr Martin Luther King Boulevard", "class": "primary", "is_priority": true }, "geometry": { "type": "LineString", "coordinates": [ [ -75.115374, 39.942409 ], [ -75.114504, 39.942542 ] ] } },
{ "type": "Feature", "properties": { "id": "424770289-1670", "name": "Dr Martin Luther King Boulevard", "class": "primary", "is_priority": true }, "geometry": { "type": "LineString", "coordinates": [ [ -75.116224, 39.942389 ], [ -75.115725, 39.942376 ], [ -75.115374, 39.942409 ] ] } },
{ "type": "Feature", "properties": { "id": "424770430-1671", "name": "Dr Martin Luther King Boulevard", "class": "primary", "is_priority": true }, "geometry": { "type": "LineString", "coordinates": [ [ -75.113243, 39.942713 ], [ -75.113835, 39.942707 ] ] } },
{ "type": "Feature", "properties": { "id": "424770431-1672", "name": "Dr Martin Luther King Boulevard", "class": "primary", "is_priority": true }, "geometry": { "type": "LineString", "coordinates": [ [ -75.112311, 39.942623 ], [ -75.112071, 39.942656 ], [ -75.111814, 39.942744 ] ] } },
{ "type": "Feature", "properties": { "id": "424770432-1673", "name": "Dr Martin Luther King Boulevard", "class": "primary", "is_priority": true }, "geometry": { "type": "LineString", "coordinates": [ [ -75.111814, 39.942744 ], [ -75.112446, 39.942717 ], [ -75.113243, 39.942713 ] ] } },
{ "type": "Feature", "properties": { "id": "424770433-1674", "name": "Martin Luther King Jr Boulevard", "class": "primary", "is_priority": true }, "geometry": { "type": "LineString", "coordinates": [ [ -75.111339, 39.942777 ], [ -75.11157, 39.942782 ], [ -75.111814, 39.942744 ] ] } },
{ "type": "Feature", "properties": { "id": "424785573-1675", "name": "", "class": "motorway_link", "is_priority": false }, "geometry": { "type": "LineString", "coordinates": [ [ -75.111396, 39.943239 ], [ -75.111465, 39.943084 ], [ -75.111524, 39.943005 ], [ -75.111814, 39.942744 ] ] } },
{ "type": "Feature", "properties": { "id": "424805906-1676", "name": "South 11th Street", "class": "primary", "is_priority": true }, "geometry": { "type": "LineString", "coordinates": [ [ -75.109624, 39.941771 ], [ -75.109956, 39.941962 ] ] } },
{ "type": "Feature", "properties": { "id": "424805907-1677", "name": "South 11th Street", "class": "primary", "is_priority": true }, "geometry": { "type": "LineString", "coordinates": [ [ -75.109956, 39.941962 ], [ -75.110397, 39.942239 ] ] } },
{ "type": "Feature", "properties": { "id": "424805908-1678", "name": "South 11th Street", "class": "primary", "is_priority": true }, "geometry": { "type": "LineString", "coordinates": [ [ -75.108747, 39.941318 ], [ -75.109085, 39.94147 ] ] } },
{ "type": "Feature", "properties": { "id": "424805909-1679", "name": "South 11th Street", "class": "primary", "is_priority": true }, "geometry": { "type": "LineString", "coordinates": [ [ -75.109085, 39.94147 ], [ -75.109624, 39.941771 ] ] } },
{ "type": "Feature", "properties": { "id": "424805910-1680", "name": "South 11th Street", "class": "primary", "is_priority": true }, "geometry": { "type": "LineString", "coordinates": [ [ -75.110397, 39.942239 ], [ -75.11085, 39.942574 ] ] } },
{ "type": "Feature", "properties": { "id": "424805911-1681", "name": "South 11th Street", "class": "primary", "is_priority": true }, "geometry": { "type": "LineString", "coordinates": [ [ -75.107988, 39.94117 ], [ -75.108281, 39.941198 ], [ -75.108591, 39.941268 ], [ -75.108747, 39.941318 ] ] } },
{ "type": "Feature", "properties": { "id": "424806723-1682", "name": "South 11th Street", "class": "primary", "is_priority": true }, "geometry": { "type": "LineString", "coordinates": [ [ -75.107183, 39.941232 ], [ -75.107572, 39.94117 ], [ -75.107988, 39.94117 ] ] } },
{ "type": "Feature", "properties": { "id": "424807194-1683", "name": "Haddon Avenue", "class": "primary", "is_priority": true }, "geometry": { "type": "LineString", "coordinates": [ [ -75.115384, 39.941517 ], [ -75.115063, 39.941203 ] ] } },
{ "type": "Feature", "properties": { "id": "424807195-1684", "name": "Haddon Avenue", "class": "primary", "is_priority": true }, "geometry": { "type": "LineString", "coordinates": [ [ -75.116224, 39.942389 ], [ -75.11639, 39.942542 ] ] } },
{ "type": "Feature", "properties": { "id": "424807196-1685", "name": "Haddon Avenue", "class": "primary", "is_priority": true }, "geometry": { "type": "LineString", "coordinates": [ [ -75.115934, 39.942068 ], [ -75.11576, 39.941874 ] ] } },
{ "type": "Feature", "properties": { "id": "424807198-1686", "name": "Haddon Avenue", "class": "primary", "is_priority": true }, "geometry": { "type": "LineString", "coordinates": [ [ -75.115675, 39.941796 ], [ -75.115384, 39.941517 ] ] } },
{ "type": "Feature", "properties": { "id": "424807199-1687", "name": "Haddon Avenue", "class": "primary", "is_priority": true }, "geometry": { "type": "LineString", "coordinates": [ [ -75.116986, 39.944065 ], [ -75.116986, 39.943409 ] ] } },
{ "type": "Feature", "properties": { "id": "424807200-1688", "name": "Kaighns Avenue", "class": "secondary", "is_priority": false }, "geometry": { "type": "LineString", "coordinates": [ [ -75.109229, 39.931629 ], [ -75.108709, 39.931644 ] ] } },
{ "type": "Feature", "properties": { "id": "424807201-1689", "name": "Kaighns Avenue", "class": "secondary", "is_priority": false }, "geometry": { "type": "LineString", "coordinates": [ [ -75.115672, 39.931139 ], [ -75.116199, 39.9311 ] ] } },
{ "type": "Feature", "properties": { "id": "424807202-1690", "name": "Kaighns Avenue", "class": "secondary", "is_priority": false }, "geometry": { "type": "LineString", "coordinates": [ [ -75.109229, 39.931629 ], [ -75.110914, 39.931499 ] ] } },
{ "type": "Feature", "properties": { "id": "424808206-1691", "name": "", "class": "secondary", "is_priority": false }, "geometry": { "type": "LineString", "coordinates": [ [ -75.113754, 39.929168 ], [ -75.113531, 39.929328 ] ] } },
{ "type": "Feature", "properties": { "id": "424808207-1692", "name": "", "class": "motorway_link", "is_priority": false }, "geometry": { "type": "LineString", "coordinates": [ [ -75.116061, 39.928907 ], [ -75.116105, 39.928556 ] ] } },
{ "type": "Feature", "properties": { "id": "424808208-1693", "name": "", "class": "motorway_link", "is_priority": false }, "geometry": { "type": "LineString", "coordinates": [ [ -75.113979, 39.928752 ], [ -75.113793, 39.929093 ] ] } },
{ "type": "Feature", "properties": { "id": "424808209-1694", "name": "", "class": "motorway_link", "is_priority": false }, "geometry": { "type": "LineString", "coordinates": [ [ -75.115861, 39.929255 ], [ -75.115972, 39.92914 ], [ -75.116061, 39.928907 ] ] } },
{ "type": "Feature", "properties": { "id": "424809437-1695", "name": "East State Street", "class": "secondary", "is_priority": false }, "geometry": { "type": "LineString", "coordinates": [ [ -75.100786, 39.949022 ], [ -75.101238, 39.949246 ] ] } },
{ "type": "Feature", "properties": { "id": "424809438-1696", "name": "East State Street", "class": "secondary", "is_priority": false }, "geometry": { "type": "LineString", "coordinates": [ [ -75.098152, 39.947736 ], [ -75.100128, 39.948703 ] ] } },
{ "type": "Feature", "properties": { "id": "424809438-1697", "name": "East State Street", "class": "secondary", "is_priority": false }, "geometry": { "type": "LineString", "coordinates": [ [ -75.100128, 39.948703 ], [ -75.100786, 39.949022 ] ] } },
{ "type": "Feature", "properties": { "id": "424809439-1698", "name": "Marlton Pike", "class": "secondary", "is_priority": false }, "geometry": { "type": "LineString", "coordinates": [ [ -75.093629, 39.945482 ], [ -75.093203, 39.945308 ] ] } },
{ "type": "Feature", "properties": { "id": "424809564-1699", "name": "Baird Boulevard", "class": "secondary", "is_priority": false }, "geometry": { "type": "LineString", "coordinates": [ [ -75.086855, 39.94592 ], [ -75.086568, 39.946257 ] ] } },
{ "type": "Feature", "properties": { "id": "424812377-1700", "name": "Ferry Avenue", "class": "secondary", "is_priority": false }, "geometry": { "type": "LineString", "coordinates": [ [ -75.112196, 39.920408 ], [ -75.109956, 39.919887 ] ] } },
{ "type": "Feature", "properties": { "id": "424812377-1701", "name": "Ferry Avenue", "class": "secondary", "is_priority": false }, "geometry": { "type": "LineString", "coordinates": [ [ -75.109956, 39.919887 ], [ -75.10771, 39.91938 ] ] } },
{ "type": "Feature", "properties": { "id": "424812377-1702", "name": "Ferry Avenue", "class": "secondary", "is_priority": false }, "geometry": { "type": "LineString", "coordinates": [ [ -75.10771, 39.91938 ], [ -75.105464, 39.918874 ] ] } },
{ "type": "Feature", "properties": { "id": "424812377-1703", "name": "Ferry Avenue", "class": "secondary", "is_priority": false }, "geometry": { "type": "LineString", "coordinates": [ [ -75.105464, 39.918874 ], [ -75.103426, 39.918411 ] ] } },
{ "type": "Feature", "properties": { "id": "424812378-1704", "name": "Ferry Avenue", "class": "secondary", "is_priority": false }, "geometry": { "type": "LineString", "coordinates": [ [ -75.101735, 39.918156 ], [ -75.101572, 39.918194 ] ] } },
{ "type": "Feature", "properties": { "id": "424812379-1705", "name": "Haddon Avenue", "class": "primary", "is_priority": true }, "geometry": { "type": "LineString", "coordinates": [ [ -75.088667, 39.922914 ], [ -75.088491, 39.922854 ] ] } },
{ "type": "Feature", "properties": { "id": "424814656-1706", "name": "Cooper Street", "class": "primary", "is_priority": true }, "geometry": { "type": "LineString", "coordinates": [ [ -75.117968, 39.946394 ], [ -75.118432, 39.946484 ] ] } },
{ "type": "Feature", "properties": { "id": "424814658-1707", "name": "Cooper Street", "class": "primary", "is_priority": true }, "geometry": { "type": "LineString", "coordinates": [ [ -75.117725, 39.946255 ], [ -75.117334, 39.946181 ] ] } },
{ "type": "Feature", "properties": { "id": "424814659-1708", "name": "Federal Street", "class": "primary", "is_priority": true }, "geometry": { "type": "LineString", "coordinates": [ [ -75.114246, 39.944037 ], [ -75.113198, 39.944022 ] ] } },
{ "type": "Feature", "properties": { "id": "424814666-1709", "name": "Federal Street", "class": "primary", "is_priority": true }, "geometry": { "type": "LineString", "coordinates": [ [ -75.11664, 39.944062 ], [ -75.115172, 39.94405 ] ] } },
{ "type": "Feature", "properties": { "id": "424814669-1710", "name": "Haddon Avenue", "class": "primary", "is_priority": true }, "geometry": { "type": "LineString", "coordinates": [ [ -75.116828, 39.94429 ], [ -75.1168, 39.944842 ] ] } },
{ "type": "Feature", "properties": { "id": "424814672-1711", "name": "Haddon Avenue", "class": "primary", "is_priority": true }, "geometry": { "type": "LineString", "coordinates": [ [ -75.116836, 39.943524 ], [ -75.116836, 39.944063 ] ] } },
{ "type": "Feature", "properties": { "id": "424814676-1712", "name": "Haddon Avenue", "class": "primary", "is_priority": true }, "geometry": { "type": "LineString", "coordinates": [ [ -75.116978, 39.944598 ], [ -75.116986, 39.944065 ] ] } },
{ "type": "Feature", "properties": { "id": "424814679-1713", "name": "Market Street", "class": "primary", "is_priority": true }, "geometry": { "type": "LineString", "coordinates": [ [ -75.111854, 39.94414 ], [ -75.113102, 39.944207 ] ] } },
{ "type": "Feature", "properties": { "id": "424814682-1714", "name": "Market Street", "class": "primary", "is_priority": true }, "geometry": { "type": "LineString", "coordinates": [ [ -75.117719, 39.945022 ], [ -75.118827, 39.94524 ] ] } },
{ "type": "Feature", "properties": { "id": "424814685-1715", "name": "Federal Street", "class": "primary", "is_priority": true }, "geometry": { "type": "LineString", "coordinates": [ [ -75.110059, 39.944055 ], [ -75.111559, 39.944134 ] ] } },
{ "type": "Feature", "properties": { "id": "424815243-1716", "name": "Linden Street", "class": "primary", "is_priority": true }, "geometry": { "type": "LineString", "coordinates": [ [ -75.108859, 39.945818 ], [ -75.109435, 39.946263 ], [ -75.110233, 39.946785 ] ] } },
{ "type": "Feature", "properties": { "id": "424815244-1717", "name": "Linden Street", "class": "primary", "is_priority": true }, "geometry": { "type": "LineString", "coordinates": [ [ -75.110484, 39.946949 ], [ -75.110779, 39.947104 ], [ -75.110997, 39.947172 ] ] } },
{ "type": "Feature", "properties": { "id": "424815402-1718", "name": "", "class": "motorway_link", "is_priority": false }, "geometry": { "type": "LineString", "coordinates": [ [ -75.1145, 39.911969 ], [ -75.114502, 39.91236 ], [ -75.114557, 39.91257 ] ] } },
{ "type": "Feature", "properties": { "id": "424815843-1719", "name": "Mount Ephraim Avenue", "class": "primary", "is_priority": true }, "geometry": { "type": "LineString", "coordinates": [ [ -75.096501, 39.905849 ], [ -75.096626, 39.906137 ] ] } },
{ "type": "Feature", "properties": { "id": "424815844-1720", "name": "Mount Ephraim Avenue", "class": "primary", "is_priority": true }, "geometry": { "type": "LineString", "coordinates": [ [ -75.096901, 39.906776 ], [ -75.097058, 39.907134 ] ] } },
{ "type": "Feature", "properties": { "id": "424815845-1721", "name": "Mount Ephraim Avenue", "class": "primary", "is_priority": true }, "geometry": { "type": "LineString", "coordinates": [ [ -75.096626, 39.906137 ], [ -75.096843, 39.906631 ] ] } },
{ "type": "Feature", "properties": { "id": "424815846-1722", "name": "Mount Ephraim Avenue", "class": "primary", "is_priority": true }, "geometry": { "type": "LineString", "coordinates": [ [ -75.097205, 39.907474 ], [ -75.097292, 39.907674 ] ] } },
{ "type": "Feature", "properties": { "id": "424815847-1723", "name": "Mount Ephraim Avenue", "class": "primary", "is_priority": true }, "geometry": { "type": "LineString", "coordinates": [ [ -75.097058, 39.907134 ], [ -75.097205, 39.907474 ] ] } },
{ "type": "Feature", "properties": { "id": "424815848-1724", "name": "Mount Ephraim Avenue", "class": "primary", "is_priority": true }, "geometry": { "type": "LineString", "coordinates": [ [ -75.097292, 39.907674 ], [ -75.098034, 39.909383 ] ] } },
{ "type": "Feature", "properties": { "id": "424815848-1725", "name": "Mount Ephraim Avenue", "class": "primary", "is_priority": true }, "geometry": { "type": "LineString", "coordinates": [ [ -75.098034, 39.909383 ], [ -75.098776, 39.911092 ] ] } },
{ "type": "Feature", "properties": { "id": "424815848-1726", "name": "Mount Ephraim Avenue", "class": "primary", "is_priority": true }, "geometry": { "type": "LineString", "coordinates": [ [ -75.098776, 39.911092 ], [ -75.099519, 39.912801 ] ] } },
{ "type": "Feature", "properties": { "id": "424815848-1727", "name": "Mount Ephraim Avenue", "class": "primary", "is_priority": true }, "geometry": { "type": "LineString", "coordinates": [ [ -75.099519, 39.912801 ], [ -75.099599, 39.912986 ] ] } },
{ "type": "Feature", "properties": { "id": "424815849-1728", "name": "Black Horse Pike", "class": "primary", "is_priority": true }, "geometry": { "type": "LineString", "coordinates": [ [ -75.095386, 39.902569 ], [ -75.094882, 39.901753 ] ] } },
{ "type": "Feature", "properties": { "id": "424816660-1729", "name": "Collings Road", "class": "secondary", "is_priority": false }, "geometry": { "type": "LineString", "coordinates": [ [ -75.096843, 39.906631 ], [ -75.096774, 39.906679 ] ] } },
{ "type": "Feature", "properties": { "id": "424816661-1730", "name": "Collings Road", "class": "secondary", "is_priority": false }, "geometry": { "type": "LineString", "coordinates": [ [ -75.097219, 39.906516 ], [ -75.096843, 39.906631 ] ] } },
{ "type": "Feature", "properties": { "id": "424818420-1731", "name": "Baird Boulevard", "class": "secondary", "is_priority": false }, "geometry": { "type": "LineString", "coordinates": [ [ -75.097833, 39.934824 ], [ -75.098164, 39.93452 ] ] } },
{ "type": "Feature", "properties": { "id": "424818421-1732", "name": "Baird Boulevard", "class": "secondary", "is_priority": false }, "geometry": { "type": "LineString", "coordinates": [ [ -75.095044, 39.9373 ], [ -75.09568, 39.936793 ], [ -75.096602, 39.935957 ] ] } },
{ "type": "Feature", "properties": { "id": "424818421-1733", "name": "Baird Boulevard", "class": "secondary", "is_priority": false }, "geometry": { "type": "LineString", "coordinates": [ [ -75.096602, 39.935957 ], [ -75.097833, 39.934824 ] ] } },
{ "type": "Feature", "properties": { "id": "424818422-1734", "name": "Haddon Avenue", "class": "primary", "is_priority": true }, "geometry": { "type": "LineString", "coordinates": [ [ -75.090825, 39.923644 ], [ -75.091137, 39.923775 ], [ -75.091391, 39.923918 ], [ -75.091667, 39.924099 ] ] } },
{ "type": "Feature", "properties": { "id": "424818423-1735", "name": "Haddon Avenue", "class": "primary", "is_priority": true }, "geometry": { "type": "LineString", "coordinates": [ [ -75.095774, 39.927092 ], [ -75.095458, 39.926863 ] ] } },
{ "type": "Feature", "properties": { "id": "424818424-1736", "name": "Kaighns Avenue", "class": "secondary", "is_priority": false }, "geometry": { "type": "LineString", "coordinates": [ [ -75.096238, 39.93257 ], [ -75.095838, 39.9326 ] ] } },
{ "type": "Feature", "properties": { "id": "424818425-1737", "name": "Kaighns Avenue", "class": "secondary", "is_priority": false }, "geometry": { "type": "LineString", "coordinates": [ [ -75.100915, 39.932236 ], [ -75.100572, 39.932259 ] ] } },
{ "type": "Feature", "properties": { "id": "424818426-1738", "name": "Kaighns Avenue", "class": "secondary", "is_priority": false }, "geometry": { "type": "LineString", "coordinates": [ [ -75.095838, 39.9326 ], [ -75.093508, 39.932773 ] ] } },
{ "type": "Feature", "properties": { "id": "424818426-1739", "name": "Kaighns Avenue", "class": "secondary", "is_priority": false }, "geometry": { "type": "LineString", "coordinates": [ [ -75.093508, 39.932773 ], [ -75.092607, 39.932846 ] ] } },
{ "type": "Feature", "properties": { "id": "424818427-1740", "name": "Kaighns Avenue", "class": "secondary", "is_priority": false }, "geometry": { "type": "LineString", "coordinates": [ [ -75.106983, 39.931776 ], [ -75.106315, 39.93184 ], [ -75.104654, 39.931957 ] ] } },
{ "type": "Feature", "properties": { "id": "424818427-1741", "name": "Kaighns Avenue", "class": "secondary", "is_priority": false }, "geometry": { "type": "LineString", "coordinates": [ [ -75.104654, 39.931957 ], [ -75.102756, 39.932109 ] ] } },
{ "type": "Feature", "properties": { "id": "424818428-1742", "name": "Marlton Pike", "class": "secondary", "is_priority": false }, "geometry": { "type": "LineString", "coordinates": [ [ -75.087839, 39.942825 ], [ -75.087518, 39.942678 ] ] } },
{ "type": "Feature", "properties": { "id": "424818429-1743", "name": "Marlton Pike", "class": "secondary", "is_priority": false }, "geometry": { "type": "LineString", "coordinates": [ [ -75.088343, 39.943064 ], [ -75.088015, 39.942906 ] ] } },
{ "type": "Feature", "properties": { "id": "424818430-1744", "name": "Marlton Pike", "class": "secondary", "is_priority": false }, "geometry": { "type": "LineString", "coordinates": [ [ -75.088015, 39.942906 ], [ -75.087839, 39.942825 ] ] } },
{ "type": "Feature", "properties": { "id": "424818431-1745", "name": "Marlton Pike", "class": "secondary", "is_priority": false }, "geometry": { "type": "LineString", "coordinates": [ [ -75.092996, 39.945208 ], [ -75.091857, 39.94468 ], [ -75.090973, 39.944304 ] ] } },
{ "type": "Feature", "properties": { "id": "424818431-1746", "name": "Marlton Pike", "class": "secondary", "is_priority": false }, "geometry": { "type": "LineString", "coordinates": [ [ -75.090973, 39.944304 ], [ -75.089965, 39.943847 ], [ -75.088972, 39.943368 ] ] } },
{ "type": "Feature", "properties": { "id": "424818431-1747", "name": "Marlton Pike", "class": "secondary", "is_priority": false }, "geometry": { "type": "LineString", "coordinates": [ [ -75.088972, 39.943368 ], [ -75.088343, 39.943064 ] ] } },
{ "type": "Feature", "properties": { "id": "424983828-1748", "name": "Haddon Avenue", "class": "primary", "is_priority": true }, "geometry": { "type": "LineString", "coordinates": [ [ -75.115063, 39.941203 ], [ -75.114868, 39.941016 ] ] } },
{ "type": "Feature", "properties": { "id": "424984547-1749", "name": "Haddon Avenue", "class": "primary", "is_priority": true }, "geometry": { "type": "LineString", "coordinates": [ [ -75.095458, 39.926863 ], [ -75.095361, 39.926791 ] ] } },
{ "type": "Feature", "properties": { "id": "424984550-1750", "name": "Haddon Avenue", "class": "primary", "is_priority": true }, "geometry": { "type": "LineString", "coordinates": [ [ -75.095361, 39.926791 ], [ -75.094883, 39.92645 ] ] } },
{ "type": "Feature", "properties": { "id": "426831737-1751", "name": "Baird Boulevard", "class": "secondary", "is_priority": false }, "geometry": { "type": "LineString", "coordinates": [ [ -75.087154, 39.945639 ], [ -75.087394, 39.944878 ], [ -75.087672, 39.943882 ] ] } },
{ "type": "Feature", "properties": { "id": "426831737-1752", "name": "Baird Boulevard", "class": "secondary", "is_priority": false }, "geometry": { "type": "LineString", "coordinates": [ [ -75.087672, 39.943882 ], [ -75.087891, 39.943226 ] ] } },
{ "type": "Feature", "properties": { "id": "426831738-1753", "name": "Baird Boulevard", "class": "secondary", "is_priority": false }, "geometry": { "type": "LineString", "coordinates": [ [ -75.088077, 39.942577 ], [ -75.087908, 39.942733 ], [ -75.087839, 39.942825 ] ] } },
{ "type": "Feature", "properties": { "id": "426831739-1754", "name": "Baird Boulevard", "class": "secondary", "is_priority": false }, "geometry": { "type": "LineString", "coordinates": [ [ -75.087891, 39.943226 ], [ -75.088015, 39.942906 ] ] } },
{ "type": "Feature", "properties": { "id": "426831740-1755", "name": "Baird Boulevard", "class": "secondary", "is_priority": false }, "geometry": { "type": "LineString", "coordinates": [ [ -75.087839, 39.942825 ], [ -75.087576, 39.943543 ], [ -75.087277, 39.944574 ] ] } },
{ "type": "Feature", "properties": { "id": "426831740-1756", "name": "Baird Boulevard", "class": "secondary", "is_priority": false }, "geometry": { "type": "LineString", "coordinates": [ [ -75.087277, 39.944574 ], [ -75.086973, 39.945599 ] ] } },
{ "type": "Feature", "properties": { "id": "465646654-1757", "name": "Tilghman Drive", "class": "residential", "is_priority": false }, "geometry": { "type": "LineString", "coordinates": [ [ -75.115673, 39.922608 ], [ -75.114047, 39.922592 ] ] } },
{ "type": "Feature", "properties": { "id": "466741038-1758", "name": "", "class": "residential", "is_priority": false }, "geometry": { "type": "LineString", "coordinates": [ [ -75.105223, 39.906414 ], [ -75.10547, 39.906862 ], [ -75.105501, 39.906883 ], [ -75.105766, 39.906967 ], [ -75.105881, 39.907129 ], [ -75.106, 39.907111 ], [ -75.10614, 39.907328 ] ] } },
{ "type": "Feature", "properties": { "id": "510666953-1759", "name": "Crescent Boulevard", "class": "trunk", "is_priority": true }, "geometry": { "type": "LineString", "coordinates": [ [ -75.095766, 39.903886 ], [ -75.095753, 39.903905 ] ] } },
{ "type": "Feature", "properties": { "id": "510666954-1760", "name": "Black Horse Pike", "class": "primary", "is_priority": true }, "geometry": { "type": "LineString", "coordinates": [ [ -75.095766, 39.903886 ], [ -75.095836, 39.904182 ] ] } },
{ "type": "Feature", "properties": { "id": "510666955-1761", "name": "Mount Ephraim Avenue", "class": "primary", "is_priority": true }, "geometry": { "type": "LineString", "coordinates": [ [ -75.09597, 39.904629 ], [ -75.096012, 39.904766 ] ] } },
{ "type": "Feature", "properties": { "id": "510666956-1762", "name": "", "class": "trunk_link", "is_priority": false }, "geometry": { "type": "LineString", "coordinates": [ [ -75.096084, 39.903801 ], [ -75.096072, 39.9039 ] ] } },
{ "type": "Feature", "properties": { "id": "510666957-1763", "name": "Mount Ephraim Avenue", "class": "primary", "is_priority": true }, "geometry": { "type": "LineString", "coordinates": [ [ -75.096174, 39.904861 ], [ -75.096078, 39.904524 ] ] } },
{ "type": "Feature", "properties": { "id": "521100713-1764", "name": "Erie Street", "class": "residential", "is_priority": false }, "geometry": { "type": "LineString", "coordinates": [ [ -75.111992, 39.953672 ], [ -75.114265, 39.954104 ] ] } },
{ "type": "Feature", "properties": { "id": "521100713-1765", "name": "Erie Street", "class": "residential", "is_priority": false }, "geometry": { "type": "LineString", "coordinates": [ [ -75.114265, 39.954104 ], [ -75.116532, 39.954555 ] ] } },
{ "type": "Feature", "properties": { "id": "521100713-1766", "name": "Erie Street", "class": "residential", "is_priority": false }, "geometry": { "type": "LineString", "coordinates": [ [ -75.116532, 39.954555 ], [ -75.118804, 39.954992 ] ] } },
{ "type": "Feature", "properties": { "id": "521100713-1767", "name": "Erie Street", "class": "residential", "is_priority": false }, "geometry": { "type": "LineString", "coordinates": [ [ -75.118804, 39.954992 ], [ -75.120811, 39.955365 ] ] } },
{ "type": "Feature", "properties": { "id": "521100717-1768", "name": "North 6th Street", "class": "residential", "is_priority": false }, "geometry": { "type": "LineString", "coordinates": [ [ -75.116342, 39.955028 ], [ -75.116491, 39.954548 ] ] } },
{ "type": "Feature", "properties": { "id": "521100718-1769", "name": "North 5th Street", "class": "residential", "is_priority": false }, "geometry": { "type": "LineString", "coordinates": [ [ -75.118159, 39.954869 ], [ -75.117981, 39.955354 ] ] } },
{ "type": "Feature", "properties": { "id": "521100720-1770", "name": "Elm Street", "class": "residential", "is_priority": false }, "geometry": { "type": "LineString", "coordinates": [ [ -75.115975, 39.950295 ], [ -75.113699, 39.949872 ] ] } },
{ "type": "Feature", "properties": { "id": "521100720-1771", "name": "Elm Street", "class": "residential", "is_priority": false }, "geometry": { "type": "LineString", "coordinates": [ [ -75.113699, 39.949872 ], [ -75.11178, 39.949515 ] ] } },
{ "type": "Feature", "properties": { "id": "521100721-1772", "name": "North 5th Street", "class": "residential", "is_priority": false }, "geometry": { "type": "LineString", "coordinates": [ [ -75.118159, 39.954869 ], [ -75.118736, 39.953122 ] ] } },
{ "type": "Feature", "properties": { "id": "521100721-1773", "name": "North 5th Street", "class": "residential", "is_priority": false }, "geometry": { "type": "LineString", "coordinates": [ [ -75.118736, 39.953122 ], [ -75.119305, 39.951374 ] ] } },
{ "type": "Feature", "properties": { "id": "521100721-1774", "name": "North 5th Street", "class": "residential", "is_priority": false }, "geometry": { "type": "LineString", "coordinates": [ [ -75.119305, 39.951374 ], [ -75.11944, 39.950968 ] ] } },
{ "type": "Feature", "properties": { "id": "533568148-1775", "name": "", "class": "primary_link", "is_priority": false }, "geometry": { "type": "LineString", "coordinates": [ [ -75.096072, 39.9039 ], [ -75.096078, 39.904125 ] ] } },
{ "type": "Feature", "properties": { "id": "535357768-1776", "name": "", "class": "primary_link", "is_priority": false }, "geometry": { "type": "LineString", "coordinates": [ [ -75.114061, 39.9441 ], [ -75.113205, 39.944133 ] ] } },
{ "type": "Feature", "properties": { "id": "536846417-1777", "name": "Walt Whitman Bridge Extension", "class": "motorway", "is_priority": true }, "geometry": { "type": "LineString", "coordinates": [ [ -75.098823, 39.901304 ], [ -75.100953, 39.901397 ] ] } },
{ "type": "Feature", "properties": { "id": "555244677-1778", "name": "", "class": "residential", "is_priority": false }, "geometry": { "type": "LineString", "coordinates": [ [ -75.129056, 39.951588 ], [ -75.129072, 39.95153 ] ] } },
{ "type": "Feature", "properties": { "id": "555794388-1779", "name": "Penn Street", "class": "unclassified", "is_priority": false }, "geometry": { "type": "LineString", "coordinates": [ [ -75.129011, 39.949593 ], [ -75.130777, 39.949905 ] ] } },
{ "type": "Feature", "properties": { "id": "561274877-1780", "name": "North 8th Street", "class": "residential", "is_priority": false }, "geometry": { "type": "LineString", "coordinates": [ [ -75.115016, 39.949055 ], [ -75.114959, 39.949278 ], [ -75.114451, 39.950803 ] ] } },
{ "type": "Feature", "properties": { "id": "561274877-1781", "name": "North 8th Street", "class": "residential", "is_priority": false }, "geometry": { "type": "LineString", "coordinates": [ [ -75.114451, 39.950803 ], [ -75.114098, 39.951921 ], [ -75.113879, 39.95255 ] ] } },
{ "type": "Feature", "properties": { "id": "561274877-1782", "name": "North 8th Street", "class": "residential", "is_priority": false }, "geometry": { "type": "LineString", "coordinates": [ [ -75.113879, 39.95255 ], [ -75.113423, 39.953946 ] ] } },
{ "type": "Feature", "properties": { "id": "561274878-1783", "name": "Pearl Street", "class": "residential", "is_priority": false }, "geometry": { "type": "LineString", "coordinates": [ [ -75.115016, 39.949055 ], [ -75.112744, 39.948622 ] ] } },
{ "type": "Feature", "properties": { "id": "561274878-1784", "name": "Pearl Street", "class": "residential", "is_priority": false }, "geometry": { "type": "LineString", "coordinates": [ [ -75.112744, 39.948622 ], [ -75.112105, 39.948501 ] ] } },
{ "type": "Feature", "properties": { "id": "577606533-1785", "name": "Byron Street", "class": "residential", "is_priority": false }, "geometry": { "type": "LineString", "coordinates": [ [ -75.121799, 39.95608 ], [ -75.120641, 39.955889 ], [ -75.119519, 39.955672 ] ] } },
{ "type": "Feature", "properties": { "id": "577606533-1786", "name": "Byron Street", "class": "residential", "is_priority": false }, "geometry": { "type": "LineString", "coordinates": [ [ -75.119519, 39.955672 ], [ -75.119286, 39.955627 ] ] } },
{ "type": "Feature", "properties": { "id": "580861589-1787", "name": "South Chesapeake Road", "class": "residential", "is_priority": false }, "geometry": { "type": "LineString", "coordinates": [ [ -75.103452, 39.905434 ], [ -75.103624, 39.905096 ], [ -75.103649, 39.90499 ], [ -75.103609, 39.904826 ], [ -75.103495, 39.904615 ] ] } },
{ "type": "Feature", "properties": { "id": "580861590-1788", "name": "Monitor Road", "class": "residential", "is_priority": false }, "geometry": { "type": "LineString", "coordinates": [ [ -75.110515, 39.902958 ], [ -75.109476, 39.903297 ] ] } },
{ "type": "Feature", "properties": { "id": "580861591-1789", "name": "North Collings Road", "class": "residential", "is_priority": false }, "geometry": { "type": "LineString", "coordinates": [ [ -75.109403, 39.90263 ], [ -75.110198, 39.90237 ] ] } },
{ "type": "Feature", "properties": { "id": "580861592-1790", "name": "Tuckahoe Road", "class": "residential", "is_priority": false }, "geometry": { "type": "LineString", "coordinates": [ [ -75.108457, 39.902949 ], [ -75.108313, 39.902801 ] ] } },
{ "type": "Feature", "properties": { "id": "580861594-1791", "name": "Sumter Road", "class": "residential", "is_priority": false }, "geometry": { "type": "LineString", "coordinates": [ [ -75.109323, 39.906347 ], [ -75.10956, 39.906611 ] ] } },
{ "type": "Feature", "properties": { "id": "580861595-1792", "name": "Minnesota Road", "class": "residential", "is_priority": false }, "geometry": { "type": "LineString", "coordinates": [ [ -75.096249, 39.905092 ], [ -75.096123, 39.905072 ] ] } },
{ "type": "Feature", "properties": { "id": "580861596-1793", "name": "North Atlanta Road", "class": "residential", "is_priority": false }, "geometry": { "type": "LineString", "coordinates": [ [ -75.097817, 39.906523 ], [ -75.098256, 39.907363 ] ] } },
{ "type": "Feature", "properties": { "id": "580861597-1794", "name": "North Atlanta Road", "class": "residential", "is_priority": false }, "geometry": { "type": "LineString", "coordinates": [ [ -75.097723, 39.906353 ], [ -75.097791, 39.906433 ], [ -75.097817, 39.906523 ] ] } },
{ "type": "Feature", "properties": { "id": "580861598-1795", "name": "North Constitution Road", "class": "residential", "is_priority": false }, "geometry": { "type": "LineString", "coordinates": [ [ -75.099318, 39.905823 ], [ -75.099435, 39.905983 ] ] } },
{ "type": "Feature", "properties": { "id": "580861599-1796", "name": "Independence Road", "class": "residential", "is_priority": false }, "geometry": { "type": "LineString", "coordinates": [ [ -75.099405, 39.903211 ], [ -75.099108, 39.903108 ], [ -75.098566, 39.902957 ], [ -75.098395, 39.902952 ], [ -75.098273, 39.902969 ], [ -75.098129, 39.903012 ], [ -75.098019, 39.903109 ], [ -75.097749, 39.903512 ], [ -75.097664, 39.903677 ] ] } },
{ "type": "Feature", "properties": { "id": "580861599-1797", "name": "Independence Road", "class": "residential", "is_priority": false }, "geometry": { "type": "LineString", "coordinates": [ [ -75.097664, 39.903677 ], [ -75.09763, 39.903753 ] ] } },
{ "type": "Feature", "properties": { "id": "580861600-1798", "name": "North Congress Road", "class": "residential", "is_priority": false }, "geometry": { "type": "LineString", "coordinates": [ [ -75.107312, 39.90879 ], [ -75.106633, 39.908997 ] ] } },
{ "type": "Feature", "properties": { "id": "580861601-1799", "name": "Tuckahoe Road", "class": "residential", "is_priority": false }, "geometry": { "type": "LineString", "coordinates": [ [ -75.108733, 39.90804 ], [ -75.109476, 39.906732 ], [ -75.10956, 39.906611 ], [ -75.109751, 39.906425 ] ] } },
{ "type": "Feature", "properties": { "id": "580861601-1800", "name": "Tuckahoe Road", "class": "residential", "is_priority": false }, "geometry": { "type": "LineString", "coordinates": [ [ -75.109751, 39.906425 ], [ -75.110127, 39.906029 ] ] } },
{ "type": "Feature", "properties": { "id": "580861602-1801", "name": "Tuckahoe Road", "class": "residential", "is_priority": false }, "geometry": { "type": "LineString", "coordinates": [ [ -75.107312, 39.90879 ], [ -75.108341, 39.908431 ], [ -75.108603, 39.908232 ], [ -75.108733, 39.90804 ] ] } },
{ "type": "Feature", "properties": { "id": "580861603-1802", "name": "North Constitution Road", "class": "residential", "is_priority": false }, "geometry": { "type": "LineString", "coordinates": [ [ -75.104934, 39.907198 ], [ -75.105452, 39.907339 ], [ -75.105773, 39.907458 ] ] } },
{ "type": "Feature", "properties": { "id": "580861604-1803", "name": "North Constitution Road", "class": "residential", "is_priority": false }, "geometry": { "type": "LineString", "coordinates": [ [ -75.105773, 39.907458 ], [ -75.106633, 39.908997 ] ] } },
{ "type": "Feature", "properties": { "id": "581110262-1804", "name": "Elm Street", "class": "tertiary", "is_priority": false }, "geometry": { "type": "LineString", "coordinates": [ [ -75.11944, 39.950968 ], [ -75.117168, 39.950534 ] ] } },
{ "type": "Feature", "properties": { "id": "581110262-1805", "name": "Elm Street", "class": "tertiary", "is_priority": false }, "geometry": { "type": "LineString", "coordinates": [ [ -75.117168, 39.950534 ], [ -75.115975, 39.950295 ] ] } },
{ "type": "Feature", "properties": { "id": "581110269-1806", "name": "Vine Street", "class": "residential", "is_priority": false }, "geometry": { "type": "LineString", "coordinates": [ [ -75.111452, 39.950525 ], [ -75.112901, 39.950805 ] ] } },
{ "type": "Feature", "properties": { "id": "581112916-1807", "name": "North 3rd Street", "class": "residential", "is_priority": false }, "geometry": { "type": "LineString", "coordinates": [ [ -75.120811, 39.955365 ], [ -75.120531, 39.956232 ] ] } },
{ "type": "Feature", "properties": { "id": "581112917-1808", "name": "North 3rd Street", "class": "tertiary", "is_priority": false }, "geometry": { "type": "LineString", "coordinates": [ [ -75.120811, 39.955365 ], [ -75.121373, 39.953615 ] ] } },
{ "type": "Feature", "properties": { "id": "581112917-1809", "name": "North 3rd Street", "class": "tertiary", "is_priority": false }, "geometry": { "type": "LineString", "coordinates": [ [ -75.121373, 39.953615 ], [ -75.121463, 39.953342 ] ] } },
{ "type": "Feature", "properties": { "id": "581120202-1810", "name": "North 30th Street", "class": "residential", "is_priority": false }, "geometry": { "type": "LineString", "coordinates": [ [ -75.081435, 39.946935 ], [ -75.082565, 39.948513 ] ] } },
{ "type": "Feature", "properties": { "id": "581120202-1811", "name": "North 30th Street", "class": "residential", "is_priority": false }, "geometry": { "type": "LineString", "coordinates": [ [ -75.082565, 39.948513 ], [ -75.082693, 39.948692 ] ] } },
{ "type": "Feature", "properties": { "id": "581120207-1812", "name": "High Street", "class": "residential", "is_priority": false }, "geometry": { "type": "LineString", "coordinates": [ [ -75.095334, 39.946779 ], [ -75.095679, 39.946732 ] ] } },
{ "type": "Feature", "properties": { "id": "581125192-1813", "name": "Mickle Street", "class": "residential", "is_priority": false }, "geometry": { "type": "LineString", "coordinates": [ [ -75.086404, 39.944693 ], [ -75.085627, 39.945037 ] ] } },
{ "type": "Feature", "properties": { "id": "581130907-1814", "name": "Garden Avenue", "class": "residential", "is_priority": false }, "geometry": { "type": "LineString", "coordinates": [ [ -75.076737, 39.941108 ], [ -75.076727, 39.941104 ] ] } },
{ "type": "Feature", "properties": { "id": "581147969-1815", "name": "Hope Street", "class": "residential", "is_priority": false }, "geometry": { "type": "LineString", "coordinates": [ [ -75.085797, 39.954679 ], [ -75.08469, 39.955482 ], [ -75.084602, 39.955521 ], [ -75.084492, 39.955521 ] ] } },
{ "type": "Feature", "properties": { "id": "581147974-1816", "name": "Lemuel Avenue", "class": "residential", "is_priority": false }, "geometry": { "type": "LineString", "coordinates": [ [ -75.085797, 39.954679 ], [ -75.08606, 39.954867 ] ] } },
{ "type": "Feature", "properties": { "id": "581147978-1817", "name": "Lemuel Avenue", "class": "residential", "is_priority": false }, "geometry": { "type": "LineString", "coordinates": [ [ -75.083984, 39.954969 ], [ -75.085162, 39.954406 ], [ -75.085306, 39.954394 ], [ -75.085453, 39.954422 ], [ -75.085797, 39.954679 ] ] } },
{ "type": "Feature", "properties": { "id": "581157964-1818", "name": "North 24th Street", "class": "residential", "is_priority": false }, "geometry": { "type": "LineString", "coordinates": [ [ -75.099679, 39.956223 ], [ -75.098366, 39.955475 ], [ -75.097809, 39.955138 ] ] } },
{ "type": "Feature", "properties": { "id": "581157964-1819", "name": "North 24th Street", "class": "residential", "is_priority": false }, "geometry": { "type": "LineString", "coordinates": [ [ -75.097809, 39.955138 ], [ -75.097121, 39.954747 ], [ -75.095946, 39.954047 ] ] } },
{ "type": "Feature", "properties": { "id": "581157964-1820", "name": "North 24th Street", "class": "residential", "is_priority": false }, "geometry": { "type": "LineString", "coordinates": [ [ -75.095946, 39.954047 ], [ -75.094593, 39.953253 ] ] } },
{ "type": "Feature", "properties": { "id": "581157968-1821", "name": "Pierce Avenue", "class": "residential", "is_priority": false }, "geometry": { "type": "LineString", "coordinates": [ [ -75.100116, 39.95374 ], [ -75.099525, 39.954307 ], [ -75.09868, 39.955163 ] ] } },
{ "type": "Feature", "properties": { "id": "581157968-1822", "name": "Pierce Avenue", "class": "residential", "is_priority": false }, "geometry": { "type": "LineString", "coordinates": [ [ -75.09868, 39.955163 ], [ -75.097251, 39.956591 ] ] } },
{ "type": "Feature", "properties": { "id": "581157968-1823", "name": "Pierce Avenue", "class": "residential", "is_priority": false }, "geometry": { "type": "LineString", "coordinates": [ [ -75.097251, 39.956591 ], [ -75.096657, 39.957185 ], [ -75.096108, 39.957767 ], [ -75.095829, 39.958022 ] ] } },
{ "type": "Feature", "properties": { "id": "581157968-1824", "name": "Pierce Avenue", "class": "residential", "is_priority": false }, "geometry": { "type": "LineString", "coordinates": [ [ -75.095829, 39.958022 ], [ -75.095759, 39.958085 ] ] } },
{ "type": "Feature", "properties": { "id": "581157973-1825", "name": "North 35th Street", "class": "residential", "is_priority": false }, "geometry": { "type": "LineString", "coordinates": [ [ -75.083427, 39.96161 ], [ -75.083345, 39.961571 ], [ -75.082886, 39.961079 ] ] } },
{ "type": "Feature", "properties": { "id": "581157977-1826", "name": "North 35th Street", "class": "residential", "is_priority": false }, "geometry": { "type": "LineString", "coordinates": [ [ -75.086109, 39.964522 ], [ -75.086743, 39.965229 ] ] } },
{ "type": "Feature", "properties": { "id": "581157981-1827", "name": "North 34th Street", "class": "residential", "is_priority": false }, "geometry": { "type": "LineString", "coordinates": [ [ -75.086842, 39.964123 ], [ -75.087816, 39.965193 ] ] } },
{ "type": "Feature", "properties": { "id": "581157984-1828", "name": "North 34th Street", "class": "residential", "is_priority": false }, "geometry": { "type": "LineString", "coordinates": [ [ -75.082027, 39.958849 ], [ -75.082904, 39.959828 ] ] } },
{ "type": "Feature", "properties": { "id": "581157988-1829", "name": "North 33rd Street", "class": "residential", "is_priority": false }, "geometry": { "type": "LineString", "coordinates": [ [ -75.083626, 39.959433 ], [ -75.083075, 39.958795 ], [ -75.082587, 39.9583 ] ] } },
{ "type": "Feature", "properties": { "id": "581157992-1830", "name": "North 33rd Street", "class": "residential", "is_priority": false }, "geometry": { "type": "LineString", "coordinates": [ [ -75.087568, 39.963714 ], [ -75.088773, 39.965041 ], [ -75.088846, 39.965139 ] ] } },
{ "type": "Feature", "properties": { "id": "581157996-1831", "name": "Bergen Avenue", "class": "residential", "is_priority": false }, "geometry": { "type": "LineString", "coordinates": [ [ -75.08827, 39.96332 ], [ -75.089605, 39.964732 ] ] } },
{ "type": "Feature", "properties": { "id": "581158000-1832", "name": "Bergen Avenue", "class": "residential", "is_priority": false }, "geometry": { "type": "LineString", "coordinates": [ [ -75.083181, 39.957762 ], [ -75.084364, 39.959035 ] ] } },
{ "type": "Feature", "properties": { "id": "581158005-1833", "name": "North 32nd Street", "class": "residential", "is_priority": false }, "geometry": { "type": "LineString", "coordinates": [ [ -75.085084, 39.958647 ], [ -75.084331, 39.957816 ], [ -75.083799, 39.957257 ] ] } },
{ "type": "Feature", "properties": { "id": "581158008-1834", "name": "North 32nd Street", "class": "residential", "is_priority": false }, "geometry": { "type": "LineString", "coordinates": [ [ -75.089034, 39.962915 ], [ -75.089264, 39.963135 ], [ -75.090314, 39.964353 ] ] } },
{ "type": "Feature", "properties": { "id": "581158011-1835", "name": "Beideman Avenue", "class": "residential", "is_priority": false }, "geometry": { "type": "LineString", "coordinates": [ [ -75.089777, 39.962522 ], [ -75.090193, 39.962974 ] ] } },
{ "type": "Feature", "properties": { "id": "581158015-1836", "name": "Beideman Avenue", "class": "residential", "is_priority": false }, "geometry": { "type": "LineString", "coordinates": [ [ -75.08444, 39.95677 ], [ -75.085059, 39.957392 ], [ -75.085803, 39.958235 ] ] } },
{ "type": "Feature", "properties": { "id": "581158015-1837", "name": "Beideman Avenue", "class": "residential", "is_priority": false }, "geometry": { "type": "LineString", "coordinates": [ [ -75.085803, 39.958235 ], [ -75.085819, 39.958254 ] ] } },
{ "type": "Feature", "properties": { "id": "581158019-1838", "name": "North 31st Street", "class": "residential", "is_priority": false }, "geometry": { "type": "LineString", "coordinates": [ [ -75.09047, 39.962144 ], [ -75.089124, 39.960669 ] ] } },
{ "type": "Feature", "properties": { "id": "581158019-1839", "name": "North 31st Street", "class": "residential", "is_priority": false }, "geometry": { "type": "LineString", "coordinates": [ [ -75.089124, 39.960669 ], [ -75.087775, 39.959197 ] ] } },
{ "type": "Feature", "properties": { "id": "581158019-1840", "name": "North 31st Street", "class": "residential", "is_priority": false }, "geometry": { "type": "LineString", "coordinates": [ [ -75.087775, 39.959197 ], [ -75.086557, 39.95786 ] ] } },
{ "type": "Feature", "properties": { "id": "581158024-1841", "name": "Lois Avenue", "class": "residential", "is_priority": false }, "geometry": { "type": "LineString", "coordinates": [ [ -75.085689, 39.95574 ], [ -75.087051, 39.957206 ] ] } },
{ "type": "Feature", "properties": { "id": "581158024-1842", "name": "Lois Avenue", "class": "residential", "is_priority": false }, "geometry": { "type": "LineString", "coordinates": [ [ -75.087051, 39.957206 ], [ -75.087279, 39.957452 ] ] } },
{ "type": "Feature", "properties": { "id": "581158027-1843", "name": "Harrison Avenue", "class": "residential", "is_priority": false }, "geometry": { "type": "LineString", "coordinates": [ [ -75.096903, 39.959562 ], [ -75.094892, 39.960486 ] ] } },
{ "type": "Feature", "properties": { "id": "581158027-1844", "name": "Harrison Avenue", "class": "residential", "is_priority": false }, "geometry": { "type": "LineString", "coordinates": [ [ -75.094892, 39.960486 ], [ -75.093629, 39.961058 ] ] } },
{ "type": "Feature", "properties": { "id": "581158031-1845", "name": "Pierce Avenue", "class": "residential", "is_priority": false }, "geometry": { "type": "LineString", "coordinates": [ [ -75.092271, 39.959299 ], [ -75.09428, 39.958373 ] ] } },
{ "type": "Feature", "properties": { "id": "581158031-1846", "name": "Pierce Avenue", "class": "residential", "is_priority": false }, "geometry": { "type": "LineString", "coordinates": [ [ -75.09428, 39.958373 ], [ -75.095527, 39.957788 ] ] } },
{ "type": "Feature", "properties": { "id": "581158035-1847", "name": "North 27th Street", "class": "residential", "is_priority": false }, "geometry": { "type": "LineString", "coordinates": [ [ -75.094019, 39.955839 ], [ -75.094888, 39.956981 ] ] } },
{ "type": "Feature", "properties": { "id": "581158040-1848", "name": "North 27th Street", "class": "secondary", "is_priority": false }, "geometry": { "type": "LineString", "coordinates": [ [ -75.093689, 39.955428 ], [ -75.094019, 39.955839 ] ] } },
{ "type": "Feature", "properties": { "id": "581158043-1849", "name": "Cambridge Avenue", "class": "residential", "is_priority": false }, "geometry": { "type": "LineString", "coordinates": [ [ -75.095406, 39.956457 ], [ -75.096657, 39.957185 ], [ -75.09726, 39.957557 ] ] } },
{ "type": "Feature", "properties": { "id": "581158043-1850", "name": "Cambridge Avenue", "class": "residential", "is_priority": false }, "geometry": { "type": "LineString", "coordinates": [ [ -75.09726, 39.957557 ], [ -75.097919, 39.957964 ] ] } },
{ "type": "Feature", "properties": { "id": "581158047-1851", "name": "Hayes Avenue", "class": "residential", "is_priority": false }, "geometry": { "type": "LineString", "coordinates": [ [ -75.097511, 39.950329 ], [ -75.096096, 39.951765 ] ] } },
{ "type": "Feature", "properties": { "id": "581158047-1852", "name": "Hayes Avenue", "class": "residential", "is_priority": false }, "geometry": { "type": "LineString", "coordinates": [ [ -75.096096, 39.951765 ], [ -75.095153, 39.952705 ] ] } },
{ "type": "Feature", "properties": { "id": "581158052-1853", "name": "Arthur Avenue", "class": "residential", "is_priority": false }, "geometry": { "type": "LineString", "coordinates": [ [ -75.092208, 39.953504 ], [ -75.090572, 39.95423 ] ] } },
{ "type": "Feature", "properties": { "id": "581158055-1854", "name": "Arthur Avenue", "class": "residential", "is_priority": false }, "geometry": { "type": "LineString", "coordinates": [ [ -75.093368, 39.952519 ], [ -75.092862, 39.953041 ], [ -75.092763, 39.953053 ], [ -75.092336, 39.953458 ], [ -75.092208, 39.953504 ] ] } },
{ "type": "Feature", "properties": { "id": "581166638-1855", "name": "Royal Avenue", "class": "residential", "is_priority": false }, "geometry": { "type": "LineString", "coordinates": [ [ -75.077556, 39.940399 ], [ -75.079571, 39.941316 ] ] } },
{ "type": "Feature", "properties": { "id": "581166638-1856", "name": "Royal Avenue", "class": "residential", "is_priority": false }, "geometry": { "type": "LineString", "coordinates": [ [ -75.079571, 39.941316 ], [ -75.080009, 39.941515 ] ] } },
{ "type": "Feature", "properties": { "id": "581188549-1857", "name": "Pfeiffer Street", "class": "residential", "is_priority": false }, "geometry": { "type": "LineString", "coordinates": [ [ -75.09052, 39.940952 ], [ -75.092401, 39.941832 ] ] } },
{ "type": "Feature", "properties": { "id": "581188550-1858", "name": "Pfeiffer Street", "class": "residential", "is_priority": false }, "geometry": { "type": "LineString", "coordinates": [ [ -75.090326, 39.940873 ], [ -75.09052, 39.940952 ] ] } },
{ "type": "Feature", "properties": { "id": "581188551-1859", "name": "Jones Street", "class": "residential", "is_priority": false }, "geometry": { "type": "LineString", "coordinates": [ [ -75.090993, 39.94349 ], [ -75.091432, 39.942921 ] ] } },
{ "type": "Feature", "properties": { "id": "581188553-1860", "name": "Rand Street", "class": "residential", "is_priority": false }, "geometry": { "type": "LineString", "coordinates": [ [ -75.089873, 39.941431 ], [ -75.089701, 39.941356 ] ] } },
{ "type": "Feature", "properties": { "id": "581188554-1861", "name": "Rand Street", "class": "residential", "is_priority": false }, "geometry": { "type": "LineString", "coordinates": [ [ -75.091949, 39.942396 ], [ -75.091271, 39.942084 ] ] } },
{ "type": "Feature", "properties": { "id": "581196749-1862", "name": "Magnolia Avenue", "class": "residential", "is_priority": false }, "geometry": { "type": "LineString", "coordinates": [ [ -75.102596, 39.93649 ], [ -75.100793, 39.935341 ] ] } },
{ "type": "Feature", "properties": { "id": "581196749-1863", "name": "Magnolia Avenue", "class": "residential", "is_priority": false }, "geometry": { "type": "LineString", "coordinates": [ [ -75.100793, 39.935341 ], [ -75.098985, 39.934196 ] ] } },
{ "type": "Feature", "properties": { "id": "581196749-1864", "name": "Magnolia Avenue", "class": "residential", "is_priority": false }, "geometry": { "type": "LineString", "coordinates": [ [ -75.098985, 39.934196 ], [ -75.098722, 39.934026 ] ] } },
{ "type": "Feature", "properties": { "id": "581196750-1865", "name": "Empire Avenue", "class": "residential", "is_priority": false }, "geometry": { "type": "LineString", "coordinates": [ [ -75.103173, 39.935979 ], [ -75.104978, 39.937126 ] ] } },
{ "type": "Feature", "properties": { "id": "581196750-1866", "name": "Empire Avenue", "class": "residential", "is_priority": false }, "geometry": { "type": "LineString", "coordinates": [ [ -75.104978, 39.937126 ], [ -75.105112, 39.937212 ] ] } },
{ "type": "Feature", "properties": { "id": "581196751-1867", "name": "Kenwood Avenue", "class": "residential", "is_priority": false }, "geometry": { "type": "LineString", "coordinates": [ [ -75.096347, 39.929401 ], [ -75.098054, 39.930634 ] ] } },
{ "type": "Feature", "properties": { "id": "581196751-1868", "name": "Kenwood Avenue", "class": "residential", "is_priority": false }, "geometry": { "type": "LineString", "coordinates": [ [ -75.098054, 39.930634 ], [ -75.099248, 39.931529 ], [ -75.099743, 39.931882 ] ] } },
{ "type": "Feature", "properties": { "id": "581196751-1869", "name": "Kenwood Avenue", "class": "residential", "is_priority": false }, "geometry": { "type": "LineString", "coordinates": [ [ -75.099743, 39.931882 ], [ -75.100284, 39.932268 ] ] } },
{ "type": "Feature", "properties": { "id": "581196752-1870", "name": "Princess Avenue", "class": "residential", "is_priority": false }, "geometry": { "type": "LineString", "coordinates": [ [ -75.109296, 39.937263 ], [ -75.109289, 39.937212 ], [ -75.109225, 39.937147 ], [ -75.107803, 39.936257 ] ] } },
{ "type": "Feature", "properties": { "id": "581196753-1871", "name": "Bradley Avenue", "class": "residential", "is_priority": false }, "geometry": { "type": "LineString", "coordinates": [ [ -75.095596, 39.931822 ], [ -75.093264, 39.931976 ] ] } },
{ "type": "Feature", "properties": { "id": "581196753-1872", "name": "Bradley Avenue", "class": "residential", "is_priority": false }, "geometry": { "type": "LineString", "coordinates": [ [ -75.093264, 39.931976 ], [ -75.093192, 39.93198 ] ] } },
{ "type": "Feature", "properties": { "id": "581196754-1873", "name": "Bradley Avenue", "class": "residential", "is_priority": false }, "geometry": { "type": "LineString", "coordinates": [ [ -75.095785, 39.93181 ], [ -75.095596, 39.931822 ] ] } },
{ "type": "Feature", "properties": { "id": "581196755-1874", "name": "Greenwood Avenue", "class": "residential", "is_priority": false }, "geometry": { "type": "LineString", "coordinates": [ [ -75.092931, 39.928827 ], [ -75.092843, 39.928763 ] ] } },
{ "type": "Feature", "properties": { "id": "581196756-1875", "name": "Wildwood Avenue", "class": "residential", "is_priority": false }, "geometry": { "type": "LineString", "coordinates": [ [ -75.099899, 39.93612 ], [ -75.099777, 39.936197 ] ] } },
{ "type": "Feature", "properties": { "id": "581207122-1876", "name": "Decatur Street", "class": "residential", "is_priority": false }, "geometry": { "type": "LineString", "coordinates": [ [ -75.098303, 39.923377 ], [ -75.096988, 39.924191 ] ] } },
{ "type": "Feature", "properties": { "id": "581207124-1877", "name": "Sheridan Street", "class": "residential", "is_priority": false }, "geometry": { "type": "LineString", "coordinates": [ [ -75.098182, 39.924746 ], [ -75.099496, 39.924653 ] ] } },
{ "type": "Feature", "properties": { "id": "581207125-1878", "name": "Chase Street", "class": "residential", "is_priority": false }, "geometry": { "type": "LineString", "coordinates": [ [ -75.098722, 39.926794 ], [ -75.099534, 39.926043 ], [ -75.099654, 39.926 ] ] } },
{ "type": "Feature", "properties": { "id": "581207126-1879", "name": "Thurman Street", "class": "residential", "is_priority": false }, "geometry": { "type": "LineString", "coordinates": [ [ -75.110953, 39.926154 ], [ -75.112479, 39.926055 ], [ -75.113288, 39.92603 ] ] } },
{ "type": "Feature", "properties": { "id": "581207126-1880", "name": "Thurman Street", "class": "residential", "is_priority": false }, "geometry": { "type": "LineString", "coordinates": [ [ -75.113288, 39.92603 ], [ -75.115014, 39.925981 ] ] } },
{ "type": "Feature", "properties": { "id": "581207127-1881", "name": "Thurman Street", "class": "residential", "is_priority": false }, "geometry": { "type": "LineString", "coordinates": [ [ -75.101668, 39.927263 ], [ -75.100328, 39.927352 ] ] } },
{ "type": "Feature", "properties": { "id": "581207128-1882", "name": "Everett Street", "class": "residential", "is_priority": false }, "geometry": { "type": "LineString", "coordinates": [ [ -75.111085, 39.927255 ], [ -75.109353, 39.927391 ] ] } },
{ "type": "Feature", "properties": { "id": "581207130-1883", "name": "Everett Street", "class": "residential", "is_priority": false }, "geometry": { "type": "LineString", "coordinates": [ [ -75.10934, 39.927272 ], [ -75.108159, 39.927351 ], [ -75.107083, 39.927674 ] ] } },
{ "type": "Feature", "properties": { "id": "581207130-1884", "name": "Everett Street", "class": "residential", "is_priority": false }, "geometry": { "type": "LineString", "coordinates": [ [ -75.107083, 39.927674 ], [ -75.106826, 39.927754 ] ] } },
{ "type": "Feature", "properties": { "id": "581207131-1885", "name": "Whitman Avenue", "class": "residential", "is_priority": false }, "geometry": { "type": "LineString", "coordinates": [ [ -75.101814, 39.928623 ], [ -75.104143, 39.928448 ] ] } },
{ "type": "Feature", "properties": { "id": "581207131-1886", "name": "Whitman Avenue", "class": "residential", "is_priority": false }, "geometry": { "type": "LineString", "coordinates": [ [ -75.104143, 39.928448 ], [ -75.106473, 39.928273 ] ] } },
{ "type": "Feature", "properties": { "id": "581207131-1887", "name": "Whitman Avenue", "class": "residential", "is_priority": false }, "geometry": { "type": "LineString", "coordinates": [ [ -75.106473, 39.928273 ], [ -75.10705, 39.92823 ] ] } },
{ "type": "Feature", "properties": { "id": "581207132-1888", "name": "Norris Street", "class": "residential", "is_priority": false }, "geometry": { "type": "LineString", "coordinates": [ [ -75.102388, 39.929278 ], [ -75.102366, 39.929143 ], [ -75.102334, 39.929086 ], [ -75.10204, 39.928916 ], [ -75.101648, 39.928657 ] ] } },
{ "type": "Feature", "properties": { "id": "581207674-1889", "name": "Louis Street", "class": "residential", "is_priority": false }, "geometry": { "type": "LineString", "coordinates": [ [ -75.107136, 39.933972 ], [ -75.105306, 39.932848 ] ] } },
{ "type": "Feature", "properties": { "id": "581207674-1890", "name": "Louis Street", "class": "residential", "is_priority": false }, "geometry": { "type": "LineString", "coordinates": [ [ -75.105306, 39.932848 ], [ -75.104988, 39.932653 ], [ -75.104891, 39.931939 ] ] } },
{ "type": "Feature", "properties": { "id": "581217504-1891", "name": "South 12th Street", "class": "residential", "is_priority": false }, "geometry": { "type": "LineString", "coordinates": [ [ -75.105195, 39.912658 ], [ -75.105188, 39.913951 ] ] } },
{ "type": "Feature", "properties": { "id": "581243858-1892", "name": "Benson Street", "class": "residential", "is_priority": false }, "geometry": { "type": "LineString", "coordinates": [ [ -75.118137, 39.940818 ], [ -75.115913, 39.940798 ], [ -75.115798, 39.940808 ] ] } },
{ "type": "Feature", "properties": { "id": "581243859-1893", "name": "Stevens Street", "class": "residential", "is_priority": false }, "geometry": { "type": "LineString", "coordinates": [ [ -75.119261, 39.941574 ], [ -75.118206, 39.941556 ], [ -75.118139, 39.941569 ], [ -75.118052, 39.941636 ] ] } },
{ "type": "Feature", "properties": { "id": "581243860-1894", "name": "Washington Street", "class": "residential", "is_priority": false }, "geometry": { "type": "LineString", "coordinates": [ [ -75.115932, 39.939894 ], [ -75.115809, 39.93991 ], [ -75.115688, 39.939946 ] ] } },
{ "type": "Feature", "properties": { "id": "581243861-1895", "name": "Washington Street", "class": "residential", "is_priority": false }, "geometry": { "type": "LineString", "coordinates": [ [ -75.114467, 39.940616 ], [ -75.115532, 39.939997 ], [ -75.115688, 39.939946 ] ] } },
{ "type": "Feature", "properties": { "id": "581243862-1896", "name": "Cherry Street", "class": "residential", "is_priority": false }, "geometry": { "type": "LineString", "coordinates": [ [ -75.125878, 39.933971 ], [ -75.124895, 39.934032 ] ] } },
{ "type": "Feature", "properties": { "id": "581243863-1897", "name": "Newton Avenue", "class": "tertiary", "is_priority": false }, "geometry": { "type": "LineString", "coordinates": [ [ -75.117552, 39.935205 ], [ -75.118118, 39.934611 ], [ -75.118753, 39.933997 ], [ -75.118966, 39.93377 ] ] } },
{ "type": "Feature", "properties": { "id": "581243863-1898", "name": "Newton Avenue", "class": "tertiary", "is_priority": false }, "geometry": { "type": "LineString", "coordinates": [ [ -75.118966, 39.93377 ], [ -75.120411, 39.932352 ] ] } },
{ "type": "Feature", "properties": { "id": "581243863-1899", "name": "Newton Avenue", "class": "tertiary", "is_priority": false }, "geometry": { "type": "LineString", "coordinates": [ [ -75.120411, 39.932352 ], [ -75.121826, 39.930917 ] ] } },
{ "type": "Feature", "properties": { "id": "581243863-1900", "name": "Newton Avenue", "class": "tertiary", "is_priority": false }, "geometry": { "type": "LineString", "coordinates": [ [ -75.121826, 39.930917 ], [ -75.121991, 39.93075 ] ] } },
{ "type": "Feature", "properties": { "id": "581243864-1901", "name": "South 6th Street", "class": "residential", "is_priority": false }, "geometry": { "type": "LineString", "coordinates": [ [ -75.117988, 39.918277 ], [ -75.117928, 39.920079 ] ] } },
{ "type": "Feature", "properties": { "id": "581243864-1902", "name": "South 6th Street", "class": "residential", "is_priority": false }, "geometry": { "type": "LineString", "coordinates": [ [ -75.117928, 39.920079 ], [ -75.117889, 39.92188 ] ] } },
{ "type": "Feature", "properties": { "id": "581243864-1903", "name": "South 6th Street", "class": "residential", "is_priority": false }, "geometry": { "type": "LineString", "coordinates": [ [ -75.117889, 39.92188 ], [ -75.117843, 39.923682 ] ] } },
{ "type": "Feature", "properties": { "id": "581243864-1904", "name": "South 6th Street", "class": "residential", "is_priority": false }, "geometry": { "type": "LineString", "coordinates": [ [ -75.117843, 39.923682 ], [ -75.117823, 39.924801 ] ] } },
{ "type": "Feature", "properties": { "id": "581494637-1905", "name": "South 6th Street", "class": "residential", "is_priority": false }, "geometry": { "type": "LineString", "coordinates": [ [ -75.117739, 39.928793 ], [ -75.117741, 39.927633 ], [ -75.117771, 39.926991 ] ] } },
{ "type": "Feature", "properties": { "id": "581494637-1906", "name": "South 6th Street", "class": "residential", "is_priority": false }, "geometry": { "type": "LineString", "coordinates": [ [ -75.117771, 39.926991 ], [ -75.117815, 39.92519 ] ] } },
{ "type": "Feature", "properties": { "id": "581494637-1907", "name": "South 6th Street", "class": "residential", "is_priority": false }, "geometry": { "type": "LineString", "coordinates": [ [ -75.117815, 39.92519 ], [ -75.117823, 39.924801 ] ] } },
{ "type": "Feature", "properties": { "id": "581494638-1908", "name": "Emerald Street", "class": "residential", "is_priority": false }, "geometry": { "type": "LineString", "coordinates": [ [ -75.121416, 39.921507 ], [ -75.119731, 39.921478 ] ] } },
{ "type": "Feature", "properties": { "id": "581494639-1909", "name": "Jasper Street", "class": "residential", "is_priority": false }, "geometry": { "type": "LineString", "coordinates": [ [ -75.119713, 39.922122 ], [ -75.121403, 39.922169 ] ] } },
{ "type": "Feature", "properties": { "id": "581494640-1910", "name": "South 10th Street", "class": "residential", "is_priority": false }, "geometry": { "type": "LineString", "coordinates": [ [ -75.110694, 39.934317 ], [ -75.110591, 39.933634 ] ] } },
{ "type": "Feature", "properties": { "id": "581494641-1911", "name": "Mulford Street", "class": "residential", "is_priority": false }, "geometry": { "type": "LineString", "coordinates": [ [ -75.107732, 39.919385 ], [ -75.10775, 39.918134 ] ] } },
{ "type": "Feature", "properties": { "id": "581494642-1912", "name": "Phillips Street", "class": "residential", "is_priority": false }, "geometry": { "type": "LineString", "coordinates": [ [ -75.111298, 39.920193 ], [ -75.111339, 39.918391 ] ] } },
{ "type": "Feature", "properties": { "id": "581494642-1913", "name": "Phillips Street", "class": "residential", "is_priority": false }, "geometry": { "type": "LineString", "coordinates": [ [ -75.111339, 39.918391 ], [ -75.111343, 39.918184 ] ] } },
{ "type": "Feature", "properties": { "id": "581494645-1914", "name": "Kossuth Street", "class": "residential", "is_priority": false }, "geometry": { "type": "LineString", "coordinates": [ [ -75.113075, 39.919454 ], [ -75.113143, 39.917653 ] ] } },
{ "type": "Feature", "properties": { "id": "581494645-1915", "name": "Kossuth Street", "class": "residential", "is_priority": false }, "geometry": { "type": "LineString", "coordinates": [ [ -75.113143, 39.917653 ], [ -75.113157, 39.917313 ] ] } },
{ "type": "Feature", "properties": { "id": "581494649-1916", "name": "Hunter Street", "class": "residential", "is_priority": false }, "geometry": { "type": "LineString", "coordinates": [ [ -75.110529, 39.911873 ], [ -75.109739, 39.911869 ], [ -75.10956, 39.911849 ], [ -75.109467, 39.911753 ] ] } },
{ "type": "Feature", "properties": { "id": "581731368-1917", "name": "Pine Street", "class": "primary", "is_priority": true }, "geometry": { "type": "LineString", "coordinates": [ [ -75.110678, 39.937156 ], [ -75.111334, 39.937031 ] ] } },
{ "type": "Feature", "properties": { "id": "584038499-1918", "name": "Flanders Boulevard", "class": "primary", "is_priority": true }, "geometry": { "type": "LineString", "coordinates": [ [ -75.105277, 39.942688 ], [ -75.105417, 39.942494 ] ] } },
{ "type": "Feature", "properties": { "id": "584038500-1919", "name": "", "class": "trunk_link", "is_priority": false }, "geometry": { "type": "LineString", "coordinates": [ [ -75.105712, 39.943121 ], [ -75.105305, 39.943298 ] ] } },
{ "type": "Feature", "properties": { "id": "584038501-1920", "name": "Federal Street", "class": "primary", "is_priority": true }, "geometry": { "type": "LineString", "coordinates": [ [ -75.109302, 39.943886 ], [ -75.109092, 39.943933 ], [ -75.108547, 39.943961 ] ] } },
{ "type": "Feature", "properties": { "id": "584038576-1921", "name": "Federal Street", "class": "primary", "is_priority": true }, "geometry": { "type": "LineString", "coordinates": [ [ -75.116986, 39.944065 ], [ -75.116836, 39.944063 ] ] } },
{ "type": "Feature", "properties": { "id": "584038579-1922", "name": "", "class": "motorway_link", "is_priority": false }, "geometry": { "type": "LineString", "coordinates": [ [ -75.113835, 39.942707 ], [ -75.113838, 39.942606 ] ] } },
{ "type": "Feature", "properties": { "id": "584038580-1923", "name": "Benjamin Franklin Bridge", "class": "motorway", "is_priority": true }, "geometry": { "type": "LineString", "coordinates": [ [ -75.12067, 39.949829 ], [ -75.119897, 39.949259 ] ] } },
{ "type": "Feature", "properties": { "id": "584038581-1924", "name": "", "class": "motorway_link", "is_priority": false }, "geometry": { "type": "LineString", "coordinates": [ [ -75.117625, 39.947389 ], [ -75.117312, 39.947287 ], [ -75.116914, 39.9471 ] ] } },
{ "type": "Feature", "properties": { "id": "584038582-1925", "name": "", "class": "motorway_link", "is_priority": false }, "geometry": { "type": "LineString", "coordinates": [ [ -75.119016, 39.94798 ], [ -75.11875, 39.947808 ], [ -75.118729, 39.947741 ], [ -75.118754, 39.947634 ] ] } },
{ "type": "Feature", "properties": { "id": "584038583-1926", "name": "Linden Street", "class": "primary", "is_priority": true }, "geometry": { "type": "LineString", "coordinates": [ [ -75.116296, 39.94823 ], [ -75.117883, 39.948455 ] ] } },
{ "type": "Feature", "properties": { "id": "584038584-1927", "name": "North Broadway", "class": "primary", "is_priority": true }, "geometry": { "type": "LineString", "coordinates": [ [ -75.119193, 39.944087 ], [ -75.118827, 39.94524 ] ] } },
{ "type": "Feature", "properties": { "id": "584038585-1928", "name": "North Broadway", "class": "primary", "is_priority": true }, "geometry": { "type": "LineString", "coordinates": [ [ -75.118109, 39.947503 ], [ -75.118465, 39.946382 ] ] } },
{ "type": "Feature", "properties": { "id": "584038586-1929", "name": "Broadway", "class": "primary", "is_priority": true }, "geometry": { "type": "LineString", "coordinates": [ [ -75.119243, 39.942552 ], [ -75.119241, 39.9428 ] ] } },
{ "type": "Feature", "properties": { "id": "584038587-1930", "name": "Dr Martin Luther King Boulevard", "class": "primary", "is_priority": true }, "geometry": { "type": "LineString", "coordinates": [ [ -75.117222, 39.942545 ], [ -75.117513, 39.942546 ] ] } },
{ "type": "Feature", "properties": { "id": "584038590-1931", "name": "Haddon Avenue", "class": "primary", "is_priority": true }, "geometry": { "type": "LineString", "coordinates": [ [ -75.116986, 39.943409 ], [ -75.116923, 39.943144 ] ] } },
{ "type": "Feature", "properties": { "id": "584038591-1932", "name": "Market Street", "class": "primary", "is_priority": true }, "geometry": { "type": "LineString", "coordinates": [ [ -75.1168, 39.944842 ], [ -75.116967, 39.944874 ] ] } },
{ "type": "Feature", "properties": { "id": "584884995-1933", "name": "South 6th Street", "class": "residential", "is_priority": false }, "geometry": { "type": "LineString", "coordinates": [ [ -75.117552, 39.935205 ], [ -75.117594, 39.935316 ], [ -75.117579, 39.937002 ] ] } },
{ "type": "Feature", "properties": { "id": "584884995-1934", "name": "South 6th Street", "class": "residential", "is_priority": false }, "geometry": { "type": "LineString", "coordinates": [ [ -75.117579, 39.937002 ], [ -75.117543, 39.938804 ] ] } },
{ "type": "Feature", "properties": { "id": "584884995-1935", "name": "South 6th Street", "class": "residential", "is_priority": false }, "geometry": { "type": "LineString", "coordinates": [ [ -75.117543, 39.938804 ], [ -75.1175, 39.940419 ] ] } },
{ "type": "Feature", "properties": { "id": "584884996-1936", "name": "Spruce Street", "class": "residential", "is_priority": false }, "geometry": { "type": "LineString", "coordinates": [ [ -75.117552, 39.935205 ], [ -75.117273, 39.935252 ], [ -75.115225, 39.935385 ] ] } },
{ "type": "Feature", "properties": { "id": "584884996-1937", "name": "Spruce Street", "class": "residential", "is_priority": false }, "geometry": { "type": "LineString", "coordinates": [ [ -75.115225, 39.935385 ], [ -75.112893, 39.935539 ] ] } },
{ "type": "Feature", "properties": { "id": "584884996-1938", "name": "Spruce Street", "class": "residential", "is_priority": false }, "geometry": { "type": "LineString", "coordinates": [ [ -75.112893, 39.935539 ], [ -75.112119, 39.9356 ] ] } },
{ "type": "Feature", "properties": { "id": "585010073-1939", "name": "Collings Road", "class": "secondary", "is_priority": false }, "geometry": { "type": "LineString", "coordinates": [ [ -75.110933, 39.902141 ], [ -75.110653, 39.902151 ] ] } },
{ "type": "Feature", "properties": { "id": "585010096-1940", "name": "Linden Street", "class": "primary", "is_priority": true }, "geometry": { "type": "LineString", "coordinates": [ [ -75.115308, 39.948034 ], [ -75.116296, 39.94823 ] ] } },
{ "type": "Feature", "properties": { "id": "585010144-1941", "name": "White Horse Pike", "class": "primary", "is_priority": true }, "geometry": { "type": "LineString", "coordinates": [ [ -75.090327, 39.923195 ], [ -75.090373, 39.923494 ] ] } },
{ "type": "Feature", "properties": { "id": "585010145-1942", "name": "Haddon Avenue", "class": "primary", "is_priority": true }, "geometry": { "type": "LineString", "coordinates": [ [ -75.088667, 39.922914 ], [ -75.090373, 39.923494 ] ] } },
{ "type": "Feature", "properties": { "id": "585010146-1943", "name": "Haddon Avenue", "class": "primary", "is_priority": true }, "geometry": { "type": "LineString", "coordinates": [ [ -75.090373, 39.923494 ], [ -75.090825, 39.923644 ] ] } },
{ "type": "Feature", "properties": { "id": "585010147-1944", "name": "Broadway", "class": "primary", "is_priority": true }, "geometry": { "type": "LineString", "coordinates": [ [ -75.119243, 39.942552 ], [ -75.119246, 39.94242 ] ] } },
{ "type": "Feature", "properties": { "id": "585010151-1945", "name": "Dr Martin Luther King Boulevard", "class": "primary", "is_priority": true }, "geometry": { "type": "LineString", "coordinates": [ [ -75.1183, 39.942548 ], [ -75.118696, 39.94255 ] ] } },
{ "type": "Feature", "properties": { "id": "585010152-1946", "name": "Federal Street", "class": "primary", "is_priority": true }, "geometry": { "type": "LineString", "coordinates": [ [ -75.119193, 39.944087 ], [ -75.118423, 39.944077 ] ] } },
{ "type": "Feature", "properties": { "id": "585022950-1947", "name": "Federal Street", "class": "primary", "is_priority": true }, "geometry": { "type": "LineString", "coordinates": [ [ -75.08889, 39.946144 ], [ -75.088515, 39.946173 ] ] } },
{ "type": "Feature", "properties": { "id": "585022955-1948", "name": "Federal Street", "class": "primary", "is_priority": true }, "geometry": { "type": "LineString", "coordinates": [ [ -75.088392, 39.946339 ], [ -75.08889, 39.946144 ] ] } },
{ "type": "Feature", "properties": { "id": "585212057-1949", "name": "North-South Freeway", "class": "motorway", "is_priority": true }, "geometry": { "type": "LineString", "coordinates": [ [ -75.114092, 39.906585 ], [ -75.113958, 39.906152 ] ] } },
{ "type": "Feature", "properties": { "id": "585212121-1950", "name": "Federal Street", "class": "primary", "is_priority": true }, "geometry": { "type": "LineString", "coordinates": [ [ -75.093629, 39.945482 ], [ -75.093246, 39.945535 ] ] } },
{ "type": "Feature", "properties": { "id": "585298954-1951", "name": "Harrison Avenue", "class": "residential", "is_priority": false }, "geometry": { "type": "LineString", "coordinates": [ [ -75.100804, 39.955076 ], [ -75.100214, 39.955719 ], [ -75.099627, 39.956273 ] ] } },
{ "type": "Feature", "properties": { "id": "585298955-1952", "name": "State Street", "class": "tertiary", "is_priority": false }, "geometry": { "type": "LineString", "coordinates": [ [ -75.115392, 39.952179 ], [ -75.113123, 39.951733 ] ] } },
{ "type": "Feature", "properties": { "id": "585298955-1953", "name": "State Street", "class": "tertiary", "is_priority": false }, "geometry": { "type": "LineString", "coordinates": [ [ -75.113123, 39.951733 ], [ -75.112626, 39.951639 ] ] } },
{ "type": "Feature", "properties": { "id": "585298956-1954", "name": "River Avenue", "class": "primary", "is_priority": true }, "geometry": { "type": "LineString", "coordinates": [ [ -75.100786, 39.949022 ], [ -75.101887, 39.947432 ] ] } },
{ "type": "Feature", "properties": { "id": "585298956-1955", "name": "River Avenue", "class": "primary", "is_priority": true }, "geometry": { "type": "LineString", "coordinates": [ [ -75.101887, 39.947432 ], [ -75.102993, 39.945843 ] ] } },
{ "type": "Feature", "properties": { "id": "585298956-1956", "name": "River Avenue", "class": "primary", "is_priority": true }, "geometry": { "type": "LineString", "coordinates": [ [ -75.102993, 39.945843 ], [ -75.103194, 39.945557 ], [ -75.103429, 39.945138 ], [ -75.103651, 39.944424 ], [ -75.103712, 39.944142 ] ] } },
{ "type": "Feature", "properties": { "id": "585298956-1957", "name": "River Avenue", "class": "primary", "is_priority": true }, "geometry": { "type": "LineString", "coordinates": [ [ -75.103712, 39.944142 ], [ -75.103729, 39.94407 ] ] } },
{ "type": "Feature", "properties": { "id": "585298959-1958", "name": "North 27th Street", "class": "residential", "is_priority": false }, "geometry": { "type": "LineString", "coordinates": [ [ -75.096451, 39.95898 ], [ -75.096629, 39.959208 ] ] } },
{ "type": "Feature", "properties": { "id": "585298960-1959", "name": "North 29th Street", "class": "residential", "is_priority": false }, "geometry": { "type": "LineString", "coordinates": [ [ -75.093629, 39.961058 ], [ -75.093181, 39.960483 ] ] } },
{ "type": "Feature", "properties": { "id": "585298961-1960", "name": "North 29th Street", "class": "residential", "is_priority": false }, "geometry": { "type": "LineString", "coordinates": [ [ -75.094546, 39.962243 ], [ -75.09411, 39.961666 ] ] } },
{ "type": "Feature", "properties": { "id": "585298962-1961", "name": "North 27th Street", "class": "residential", "is_priority": false }, "geometry": { "type": "LineString", "coordinates": [ [ -75.097323, 39.960174 ], [ -75.097316, 39.960095 ], [ -75.096903, 39.959562 ] ] } },
{ "type": "Feature", "properties": { "id": "585298963-1962", "name": "Harrison Avenue", "class": "residential", "is_priority": false }, "geometry": { "type": "LineString", "coordinates": [ [ -75.098511, 39.957392 ], [ -75.097051, 39.958801 ] ] } },
{ "type": "Feature", "properties": { "id": "585298963-1963", "name": "Harrison Avenue", "class": "residential", "is_priority": false }, "geometry": { "type": "LineString", "coordinates": [ [ -75.097051, 39.958801 ], [ -75.096629, 39.959208 ] ] } },
{ "type": "Feature", "properties": { "id": "585298964-1964", "name": "State Street", "class": "tertiary", "is_priority": false }, "geometry": { "type": "LineString", "coordinates": [ [ -75.112626, 39.951639 ], [ -75.111182, 39.951369 ] ] } },
{ "type": "Feature", "properties": { "id": "585298965-1965", "name": "Erie Street", "class": "residential", "is_priority": false }, "geometry": { "type": "LineString", "coordinates": [ [ -75.125222, 39.956186 ], [ -75.125348, 39.956246 ], [ -75.126026, 39.956384 ] ] } },
{ "type": "Feature", "properties": { "id": "585298966-1966", "name": "Erie Street", "class": "tertiary", "is_priority": false }, "geometry": { "type": "LineString", "coordinates": [ [ -75.123542, 39.955898 ], [ -75.125105, 39.956183 ], [ -75.125222, 39.956186 ] ] } },
{ "type": "Feature", "properties": { "id": "585298967-1967", "name": "State Street", "class": "secondary", "is_priority": false }, "geometry": { "type": "LineString", "coordinates": [ [ -75.11008, 39.951513 ], [ -75.110654, 39.951416 ] ] } },
{ "type": "Feature", "properties": { "id": "585298968-1968", "name": "State Street", "class": "secondary", "is_priority": false }, "geometry": { "type": "LineString", "coordinates": [ [ -75.110654, 39.951416 ], [ -75.110936, 39.95137 ], [ -75.111096, 39.951364 ] ] } },
{ "type": "Feature", "properties": { "id": "585299001-1969", "name": "Federal Street", "class": "primary", "is_priority": true }, "geometry": { "type": "LineString", "coordinates": [ [ -75.070649, 39.948085 ], [ -75.070546, 39.948097 ] ] } },
{ "type": "Feature", "properties": { "id": "585299002-1970", "name": "South Crescent Boulevard", "class": "trunk", "is_priority": true }, "geometry": { "type": "LineString", "coordinates": [ [ -75.067075, 39.948463 ], [ -75.067154, 39.948296 ] ] } },
{ "type": "Feature", "properties": { "id": "585299003-1971", "name": "South Crescent Boulevard", "class": "trunk", "is_priority": true }, "geometry": { "type": "LineString", "coordinates": [ [ -75.067006, 39.948358 ], [ -75.066938, 39.948478 ] ] } },
{ "type": "Feature", "properties": { "id": "585324958-1972", "name": "Cambridge Avenue", "class": "secondary", "is_priority": false }, "geometry": { "type": "LineString", "coordinates": [ [ -75.094157, 39.9557 ], [ -75.093689, 39.955428 ] ] } },
{ "type": "Feature", "properties": { "id": "585324989-1973", "name": "South Park Drive", "class": "tertiary", "is_priority": false }, "geometry": { "type": "LineString", "coordinates": [ [ -75.084658, 39.924938 ], [ -75.084529, 39.924965 ], [ -75.084454, 39.924958 ], [ -75.084289, 39.924902 ], [ -75.084073, 39.924798 ] ] } },
{ "type": "Feature", "properties": { "id": "585324999-1974", "name": "South 4th Street", "class": "tertiary", "is_priority": false }, "geometry": { "type": "LineString", "coordinates": [ [ -75.121991, 39.93075 ], [ -75.121982, 39.930669 ] ] } },
{ "type": "Feature", "properties": { "id": "585325000-1975", "name": "South 4th Street", "class": "residential", "is_priority": false }, "geometry": { "type": "LineString", "coordinates": [ [ -75.122724, 39.936945 ], [ -75.122656, 39.93626 ], [ -75.122516, 39.93515 ] ] } },
{ "type": "Feature", "properties": { "id": "585325000-1976", "name": "South 4th Street", "class": "residential", "is_priority": false }, "geometry": { "type": "LineString", "coordinates": [ [ -75.122516, 39.93515 ], [ -75.122483, 39.934884 ] ] } },
{ "type": "Feature", "properties": { "id": "585515539-1977", "name": "East Davis Street", "class": "residential", "is_priority": false }, "geometry": { "type": "LineString", "coordinates": [ [ -75.094125, 39.921888 ], [ -75.093476, 39.920483 ] ] } },
{ "type": "Feature", "properties": { "id": "585515540-1978", "name": "Ferry Avenue", "class": "secondary", "is_priority": false }, "geometry": { "type": "LineString", "coordinates": [ [ -75.101572, 39.918194 ], [ -75.100852, 39.918396 ] ] } },
{ "type": "Feature", "properties": { "id": "585515540-1979", "name": "Ferry Avenue", "class": "secondary", "is_priority": false }, "geometry": { "type": "LineString", "coordinates": [ [ -75.099778, 39.918698 ], [ -75.098386, 39.919096 ] ] } },
{ "type": "Feature", "properties": { "id": "585515540-1980", "name": "Ferry Avenue", "class": "secondary", "is_priority": false }, "geometry": { "type": "LineString", "coordinates": [ [ -75.097915, 39.919232 ], [ -75.097619, 39.919317 ] ] } },
{ "type": "Feature", "properties": { "id": "585515540-1981", "name": "Ferry Avenue", "class": "secondary", "is_priority": false }, "geometry": { "type": "LineString", "coordinates": [ [ -75.09737, 39.919386 ], [ -75.096541, 39.919615 ] ] } },
{ "type": "Feature", "properties": { "id": "585515540-1982", "name": "Ferry Avenue", "class": "secondary", "is_priority": false }, "geometry": { "type": "LineString", "coordinates": [ [ -75.094778, 39.920115 ], [ -75.093476, 39.920483 ] ] } },
{ "type": "Feature", "properties": { "id": "585515542-1983", "name": "Mount Ephraim Avenue", "class": "primary", "is_priority": true }, "geometry": { "type": "LineString", "coordinates": [ [ -75.104839, 39.923873 ], [ -75.104463, 39.923084 ], [ -75.103991, 39.922194 ] ] } },
{ "type": "Feature", "properties": { "id": "585515542-1984", "name": "Mount Ephraim Avenue", "class": "primary", "is_priority": true }, "geometry": { "type": "LineString", "coordinates": [ [ -75.103991, 39.922194 ], [ -75.103701, 39.921654 ], [ -75.103138, 39.920516 ] ] } },
{ "type": "Feature", "properties": { "id": "585515542-1985", "name": "Mount Ephraim Avenue", "class": "primary", "is_priority": true }, "geometry": { "type": "LineString", "coordinates": [ [ -75.103138, 39.920516 ], [ -75.102318, 39.918829 ] ] } },
{ "type": "Feature", "properties": { "id": "585515542-1986", "name": "Mount Ephraim Avenue", "class": "primary", "is_priority": true }, "geometry": { "type": "LineString", "coordinates": [ [ -75.102318, 39.918829 ], [ -75.101982, 39.918142 ] ] } },
{ "type": "Feature", "properties": { "id": "585515543-1987", "name": "Carl Miller Boulevard", "class": "residential", "is_priority": false }, "geometry": { "type": "LineString", "coordinates": [ [ -75.115608, 39.923443 ], [ -75.114089, 39.923439 ] ] } },
{ "type": "Feature", "properties": { "id": "585515544-1988", "name": "Carl Miller Boulevard", "class": "residential", "is_priority": false }, "geometry": { "type": "LineString", "coordinates": [ [ -75.119675, 39.923489 ], [ -75.118751, 39.923484 ] ] } },
{ "type": "Feature", "properties": { "id": "585515545-1989", "name": "Master Street", "class": "residential", "is_priority": false }, "geometry": { "type": "LineString", "coordinates": [ [ -75.115759, 39.921201 ], [ -75.115728, 39.921911 ], [ -75.115643, 39.923001 ] ] } },
{ "type": "Feature", "properties": { "id": "585515545-1990", "name": "Master Street", "class": "residential", "is_priority": false }, "geometry": { "type": "LineString", "coordinates": [ [ -75.115643, 39.923001 ], [ -75.115608, 39.923443 ] ] } },
{ "type": "Feature", "properties": { "id": "585515546-1991", "name": "Ferry Avenue", "class": "secondary", "is_priority": false }, "geometry": { "type": "LineString", "coordinates": [ [ -75.113958, 39.92079 ], [ -75.115759, 39.921201 ] ] } },
{ "type": "Feature", "properties": { "id": "585515547-1992", "name": "Ferry Avenue", "class": "secondary", "is_priority": false }, "geometry": { "type": "LineString", "coordinates": [ [ -75.113063, 39.920597 ], [ -75.113958, 39.92079 ] ] } },
{ "type": "Feature", "properties": { "id": "585515548-1993", "name": "South 7th Street", "class": "residential", "is_priority": false }, "geometry": { "type": "LineString", "coordinates": [ [ -75.114089, 39.923439 ], [ -75.114046, 39.922573 ], [ -75.113968, 39.92164 ] ] } },
{ "type": "Feature", "properties": { "id": "585515548-1994", "name": "South 7th Street", "class": "residential", "is_priority": false }, "geometry": { "type": "LineString", "coordinates": [ [ -75.113968, 39.92164 ], [ -75.113922, 39.920885 ], [ -75.113958, 39.92079 ] ] } },
{ "type": "Feature", "properties": { "id": "585515549-1995", "name": "Broadway", "class": "primary", "is_priority": true }, "geometry": { "type": "LineString", "coordinates": [ [ -75.11955, 39.928683 ], [ -75.119593, 39.926881 ] ] } },
{ "type": "Feature", "properties": { "id": "585515549-1996", "name": "Broadway", "class": "primary", "is_priority": true }, "geometry": { "type": "LineString", "coordinates": [ [ -75.119593, 39.926881 ], [ -75.119637, 39.925079 ] ] } },
{ "type": "Feature", "properties": { "id": "585515549-1997", "name": "Broadway", "class": "primary", "is_priority": true }, "geometry": { "type": "LineString", "coordinates": [ [ -75.119637, 39.925079 ], [ -75.119675, 39.923489 ] ] } },
{ "type": "Feature", "properties": { "id": "585515550-1998", "name": "Carl Miller Boulevard", "class": "residential", "is_priority": false }, "geometry": { "type": "LineString", "coordinates": [ [ -75.121364, 39.923518 ], [ -75.119675, 39.923489 ] ] } },
{ "type": "Feature", "properties": { "id": "585515554-1999", "name": "North Front Street", "class": "residential", "is_priority": false }, "geometry": { "type": "LineString", "coordinates": [ [ -75.124202, 39.95387 ], [ -75.123643, 39.955619 ] ] } },
{ "type": "Feature", "properties": { "id": "585515554-2000", "name": "North Front Street", "class": "residential", "is_priority": false }, "geometry": { "type": "LineString", "coordinates": [ [ -75.123643, 39.955619 ], [ -75.123542, 39.955898 ] ] } },
{ "type": "Feature", "properties": { "id": "585515555-2001", "name": "North Front Street", "class": "residential", "is_priority": false }, "geometry": { "type": "LineString", "coordinates": [ [ -75.124477, 39.953036 ], [ -75.124202, 39.95387 ] ] } },
{ "type": "Feature", "properties": { "id": "585515556-2002", "name": "State Street", "class": "residential", "is_priority": false }, "geometry": { "type": "LineString", "coordinates": [ [ -75.125014, 39.954041 ], [ -75.124202, 39.95387 ] ] } },
{ "type": "Feature", "properties": { "id": "585515557-2003", "name": "Delaware Avenue", "class": "tertiary", "is_priority": false }, "geometry": { "type": "LineString", "coordinates": [ [ -75.127486, 39.949319 ], [ -75.126907, 39.951065 ] ] } },
{ "type": "Feature", "properties": { "id": "585515557-2004", "name": "Delaware Avenue", "class": "tertiary", "is_priority": false }, "geometry": { "type": "LineString", "coordinates": [ [ -75.126907, 39.951065 ], [ -75.126819, 39.951325 ] ] } },
{ "type": "Feature", "properties": { "id": "585515558-2005", "name": "", "class": "tertiary", "is_priority": false }, "geometry": { "type": "LineString", "coordinates": [ [ -75.130105, 39.943268 ], [ -75.130169, 39.943331 ], [ -75.13024, 39.943351 ] ] } },
{ "type": "Feature", "properties": { "id": "585515560-2006", "name": "Riverside Drive", "class": "tertiary", "is_priority": false }, "geometry": { "type": "LineString", "coordinates": [ [ -75.130033, 39.944677 ], [ -75.13024, 39.943351 ] ] } },
{ "type": "Feature", "properties": { "id": "585515561-2007", "name": "Dr Martin Luther King Jr Boulevard", "class": "tertiary", "is_priority": false }, "geometry": { "type": "LineString", "coordinates": [ [ -75.129154, 39.943095 ], [ -75.12683, 39.942882 ] ] } },
{ "type": "Feature", "properties": { "id": "585515561-2008", "name": "Dr Martin Luther King Jr Boulevard", "class": "tertiary", "is_priority": false }, "geometry": { "type": "LineString", "coordinates": [ [ -75.12683, 39.942882 ], [ -75.124558, 39.942677 ] ] } },
{ "type": "Feature", "properties": { "id": "585515562-2009", "name": "South 3rd Street", "class": "tertiary", "is_priority": false }, "geometry": { "type": "LineString", "coordinates": [ [ -75.124496, 39.943117 ], [ -75.124386, 39.943879 ] ] } },
{ "type": "Feature", "properties": { "id": "585515563-2010", "name": "Market Street", "class": "secondary", "is_priority": false }, "geometry": { "type": "LineString", "coordinates": [ [ -75.123773, 39.94618 ], [ -75.126043, 39.946622 ] ] } },
{ "type": "Feature", "properties": { "id": "585515563-2011", "name": "Market Street", "class": "secondary", "is_priority": false }, "geometry": { "type": "LineString", "coordinates": [ [ -75.126043, 39.946622 ], [ -75.128265, 39.947055 ] ] } },
{ "type": "Feature", "properties": { "id": "585515564-2012", "name": "North 3rd Street", "class": "tertiary", "is_priority": false }, "geometry": { "type": "LineString", "coordinates": [ [ -75.123773, 39.94618 ], [ -75.124292, 39.944422 ] ] } },
{ "type": "Feature", "properties": { "id": "585515564-2013", "name": "North 3rd Street", "class": "tertiary", "is_priority": false }, "geometry": { "type": "LineString", "coordinates": [ [ -75.124292, 39.944422 ], [ -75.124329, 39.944297 ] ] } },
{ "type": "Feature", "properties": { "id": "585515565-2014", "name": "North Broadway", "class": "primary", "is_priority": true }, "geometry": { "type": "LineString", "coordinates": [ [ -75.118827, 39.94524 ], [ -75.118465, 39.946382 ] ] } },
{ "type": "Feature", "properties": { "id": "585515566-2015", "name": "Broadway", "class": "primary", "is_priority": true }, "geometry": { "type": "LineString", "coordinates": [ [ -75.119675, 39.923489 ], [ -75.119725, 39.921687 ] ] } },
{ "type": "Feature", "properties": { "id": "585515566-2016", "name": "Broadway", "class": "primary", "is_priority": true }, "geometry": { "type": "LineString", "coordinates": [ [ -75.119725, 39.921687 ], [ -75.119774, 39.919886 ] ] } },
{ "type": "Feature", "properties": { "id": "585515566-2017", "name": "Broadway", "class": "primary", "is_priority": true }, "geometry": { "type": "LineString", "coordinates": [ [ -75.119774, 39.919886 ], [ -75.119824, 39.918084 ] ] } },
{ "type": "Feature", "properties": { "id": "585515566-2018", "name": "Broadway", "class": "primary", "is_priority": true }, "geometry": { "type": "LineString", "coordinates": [ [ -75.119824, 39.918084 ], [ -75.119845, 39.917326 ] ] } },
{ "type": "Feature", "properties": { "id": "585515567-2019", "name": "Broadway", "class": "primary", "is_priority": true }, "geometry": { "type": "LineString", "coordinates": [ [ -75.119494, 39.930865 ], [ -75.11954, 39.929063 ] ] } },
{ "type": "Feature", "properties": { "id": "585515567-2020", "name": "Broadway", "class": "primary", "is_priority": true }, "geometry": { "type": "LineString", "coordinates": [ [ -75.11954, 39.929063 ], [ -75.11955, 39.928683 ] ] } },
{ "type": "Feature", "properties": { "id": "585515568-2021", "name": "", "class": "secondary", "is_priority": false }, "geometry": { "type": "LineString", "coordinates": [ [ -75.113793, 39.929093 ], [ -75.113754, 39.929168 ] ] } },
{ "type": "Feature", "properties": { "id": "585515569-2022", "name": "South 8th Street", "class": "secondary", "is_priority": false }, "geometry": { "type": "LineString", "coordinates": [ [ -75.112733, 39.929909 ], [ -75.112861, 39.930936 ] ] } },
{ "type": "Feature", "properties": { "id": "585515570-2023", "name": "Atlantic Avenue", "class": "secondary", "is_priority": false }, "geometry": { "type": "LineString", "coordinates": [ [ -75.114886, 39.929006 ], [ -75.113793, 39.929093 ] ] } },
{ "type": "Feature", "properties": { "id": "585515571-2024", "name": "Kaighns Avenue", "class": "secondary", "is_priority": false }, "geometry": { "type": "LineString", "coordinates": [ [ -75.112391, 39.931394 ], [ -75.112915, 39.931371 ] ] } },
{ "type": "Feature", "properties": { "id": "585515572-2025", "name": "South 8th Street", "class": "secondary", "is_priority": false }, "geometry": { "type": "LineString", "coordinates": [ [ -75.112861, 39.930936 ], [ -75.112915, 39.931371 ] ] } },
{ "type": "Feature", "properties": { "id": "585515573-2026", "name": "Park Boulevard", "class": "tertiary", "is_priority": false }, "geometry": { "type": "LineString", "coordinates": [ [ -75.092258, 39.929402 ], [ -75.092279, 39.929443 ], [ -75.092397, 39.92953 ], [ -75.093964, 39.93063 ] ] } },
{ "type": "Feature", "properties": { "id": "585515573-2027", "name": "Park Boulevard", "class": "tertiary", "is_priority": false }, "geometry": { "type": "LineString", "coordinates": [ [ -75.093964, 39.93063 ], [ -75.094424, 39.930952 ], [ -75.095596, 39.931822 ], [ -75.095646, 39.93188 ] ] } },
{ "type": "Feature", "properties": { "id": "585515573-2028", "name": "Park Boulevard", "class": "tertiary", "is_priority": false }, "geometry": { "type": "LineString", "coordinates": [ [ -75.095646, 39.93188 ], [ -75.096238, 39.93257 ] ] } },
{ "type": "Feature", "properties": { "id": "585515574-2029", "name": "North 27th Street", "class": "secondary", "is_priority": false }, "geometry": { "type": "LineString", "coordinates": [ [ -75.092447, 39.953805 ], [ -75.092647, 39.954092 ], [ -75.093641, 39.955354 ] ] } },
{ "type": "Feature", "properties": { "id": "585515574-2030", "name": "North 27th Street", "class": "secondary", "is_priority": false }, "geometry": { "type": "LineString", "coordinates": [ [ -75.093641, 39.955354 ], [ -75.093689, 39.955428 ] ] } },
{ "type": "Feature", "properties": { "id": "585515575-2031", "name": "Harrison Avenue", "class": "residential", "is_priority": false }, "geometry": { "type": "LineString", "coordinates": [ [ -75.099066, 39.956818 ], [ -75.098511, 39.957392 ] ] } },
{ "type": "Feature", "properties": { "id": "585515594-2032", "name": "Fairview Street", "class": "tertiary", "is_priority": false }, "geometry": { "type": "LineString", "coordinates": [ [ -75.106302, 39.913959 ], [ -75.106983, 39.913972 ] ] } },
{ "type": "Feature", "properties": { "id": "585515595-2033", "name": "Morgan Street", "class": "tertiary", "is_priority": false }, "geometry": { "type": "LineString", "coordinates": [ [ -75.106983, 39.913972 ], [ -75.107101, 39.913737 ] ] } },
{ "type": "Feature", "properties": { "id": "585515597-2034", "name": "Collings Road", "class": "secondary", "is_priority": false }, "geometry": { "type": "LineString", "coordinates": [ [ -75.109373, 39.902521 ], [ -75.109096, 39.902533 ], [ -75.108313, 39.902801 ] ] } },
{ "type": "Feature", "properties": { "id": "585515602-2035", "name": "Collings Road", "class": "secondary", "is_priority": false }, "geometry": { "type": "LineString", "coordinates": [ [ -75.102219, 39.905042 ], [ -75.104362, 39.904319 ] ] } },
{ "type": "Feature", "properties": { "id": "585515602-2036", "name": "Collings Road", "class": "secondary", "is_priority": false }, "geometry": { "type": "LineString", "coordinates": [ [ -75.104362, 39.904319 ], [ -75.105732, 39.903843 ], [ -75.106173, 39.903703 ] ] } },
{ "type": "Feature", "properties": { "id": "585515607-2037", "name": "Alabama Road", "class": "tertiary", "is_priority": false }, "geometry": { "type": "LineString", "coordinates": [ [ -75.102219, 39.905042 ], [ -75.103452, 39.905434 ], [ -75.104398, 39.905696 ] ] } },
{ "type": "Feature", "properties": { "id": "585515607-2038", "name": "Alabama Road", "class": "tertiary", "is_priority": false }, "geometry": { "type": "LineString", "coordinates": [ [ -75.104398, 39.905696 ], [ -75.10539, 39.905998 ] ] } },
{ "type": "Feature", "properties": { "id": "585515611-2039", "name": "Collings Road", "class": "secondary", "is_priority": false }, "geometry": { "type": "LineString", "coordinates": [ [ -75.096802, 39.90674 ], [ -75.096901, 39.906776 ] ] } },
{ "type": "Feature", "properties": { "id": "587004149-2040", "name": "", "class": "residential", "is_priority": false }, "geometry": { "type": "LineString", "coordinates": [ [ -75.104374, 39.903291 ], [ -75.104401, 39.903405 ], [ -75.104337, 39.903587 ], [ -75.104332, 39.903651 ] ] } },
{ "type": "Feature", "properties": { "id": "591446461-2041", "name": "Collings Road", "class": "secondary", "is_priority": false }, "geometry": { "type": "LineString", "coordinates": [ [ -75.108313, 39.902801 ], [ -75.10749, 39.903071 ] ] } },
{ "type": "Feature", "properties": { "id": "591446464-2042", "name": "North Collings Road", "class": "residential", "is_priority": false }, "geometry": { "type": "LineString", "coordinates": [ [ -75.110198, 39.90237 ], [ -75.110522, 39.902291 ] ] } },
{ "type": "Feature", "properties": { "id": "591446465-2043", "name": "", "class": "residential", "is_priority": false }, "geometry": { "type": "LineString", "coordinates": [ [ -75.110811, 39.902867 ], [ -75.110861, 39.902847 ], [ -75.110844, 39.902798 ], [ -75.110596, 39.90234 ], [ -75.110522, 39.902291 ] ] } },
{ "type": "Feature", "properties": { "id": "591446473-2044", "name": "South Octagon Road", "class": "residential", "is_priority": false }, "geometry": { "type": "LineString", "coordinates": [ [ -75.106548, 39.904986 ], [ -75.106296, 39.904915 ], [ -75.1062, 39.904903 ], [ -75.106002, 39.904914 ] ] } },
{ "type": "Feature", "properties": { "id": "591446474-2045", "name": "Kearsarge Road", "class": "tertiary", "is_priority": false }, "geometry": { "type": "LineString", "coordinates": [ [ -75.106548, 39.904986 ], [ -75.107246, 39.903641 ], [ -75.107398, 39.903307 ] ] } },
{ "type": "Feature", "properties": { "id": "591446474-2046", "name": "Kearsarge Road", "class": "tertiary", "is_priority": false }, "geometry": { "type": "LineString", "coordinates": [ [ -75.107398, 39.903307 ], [ -75.10749, 39.903071 ] ] } },
{ "type": "Feature", "properties": { "id": "591451144-2047", "name": "Hornet Road", "class": "residential", "is_priority": false }, "geometry": { "type": "LineString", "coordinates": [ [ -75.105001, 39.908004 ], [ -75.104851, 39.90834 ] ] } },
{ "type": "Feature", "properties": { "id": "591451153-2048", "name": "Hull Road", "class": "residential", "is_priority": false }, "geometry": { "type": "LineString", "coordinates": [ [ -75.101836, 39.907594 ], [ -75.101791, 39.907364 ], [ -75.101696, 39.907127 ], [ -75.101528, 39.906853 ] ] } },
{ "type": "Feature", "properties": { "id": "591451154-2049", "name": "North Merrimac Road", "class": "residential", "is_priority": false }, "geometry": { "type": "LineString", "coordinates": [ [ -75.101438, 39.907577 ], [ -75.101347, 39.907936 ] ] } },
{ "type": "Feature", "properties": { "id": "591451164-2050", "name": "South Merrimac Road", "class": "residential", "is_priority": false }, "geometry": { "type": "LineString", "coordinates": [ [ -75.100686, 39.905352 ], [ -75.100598, 39.905144 ] ] } },
{ "type": "Feature", "properties": { "id": "591451165-2051", "name": "Collings Road", "class": "secondary", "is_priority": false }, "geometry": { "type": "LineString", "coordinates": [ [ -75.100686, 39.905352 ], [ -75.098543, 39.906076 ] ] } },
{ "type": "Feature", "properties": { "id": "591451165-2052", "name": "Collings Road", "class": "secondary", "is_priority": false }, "geometry": { "type": "LineString", "coordinates": [ [ -75.098543, 39.906076 ], [ -75.097219, 39.906516 ] ] } },
{ "type": "Feature", "properties": { "id": "591452797-2053", "name": "Collings Road", "class": "secondary", "is_priority": false }, "geometry": { "type": "LineString", "coordinates": [ [ -75.101864, 39.904951 ], [ -75.100686, 39.905352 ] ] } },
{ "type": "Feature", "properties": { "id": "591452799-2054", "name": "", "class": "residential", "is_priority": false }, "geometry": { "type": "LineString", "coordinates": [ [ -75.101679, 39.904181 ], [ -75.101849, 39.904128 ] ] } },
{ "type": "Feature", "properties": { "id": "591452800-2055", "name": "South Merrimac Road", "class": "residential", "is_priority": false }, "geometry": { "type": "LineString", "coordinates": [ [ -75.101849, 39.904128 ], [ -75.103024, 39.903746 ], [ -75.103994, 39.903411 ] ] } },
{ "type": "Feature", "properties": { "id": "591452800-2056", "name": "South Merrimac Road", "class": "residential", "is_priority": false }, "geometry": { "type": "LineString", "coordinates": [ [ -75.103994, 39.903411 ], [ -75.104163, 39.903352 ] ] } },
{ "type": "Feature", "properties": { "id": "591620401-2057", "name": "Morgan Street", "class": "tertiary", "is_priority": false }, "geometry": { "type": "LineString", "coordinates": [ [ -75.112963, 39.912589 ], [ -75.113192, 39.912638 ], [ -75.114611, 39.912666 ] ] } },
{ "type": "Feature", "properties": { "id": "591620402-2058", "name": "Morgan Street", "class": "tertiary", "is_priority": false }, "geometry": { "type": "LineString", "coordinates": [ [ -75.114557, 39.91257 ], [ -75.113631, 39.912557 ], [ -75.112963, 39.912589 ] ] } },
{ "type": "Feature", "properties": { "id": "591620403-2059", "name": "Master Street", "class": "residential", "is_priority": false }, "geometry": { "type": "LineString", "coordinates": [ [ -75.114611, 39.912666 ], [ -75.114656, 39.912789 ], [ -75.11479, 39.912939 ], [ -75.1149, 39.913049 ], [ -75.115123, 39.91319 ] ] } },
{ "type": "Feature", "properties": { "id": "591620404-2060", "name": "Morgan Street", "class": "secondary", "is_priority": false }, "geometry": { "type": "LineString", "coordinates": [ [ -75.116828, 39.912709 ], [ -75.117213, 39.912715 ], [ -75.117419, 39.912691 ] ] } },
{ "type": "Feature", "properties": { "id": "591620405-2061", "name": "Master Street", "class": "residential", "is_priority": false }, "geometry": { "type": "LineString", "coordinates": [ [ -75.115123, 39.91319 ], [ -75.115187, 39.913373 ], [ -75.115241, 39.913728 ], [ -75.115494, 39.914967 ] ] } },
{ "type": "Feature", "properties": { "id": "591620405-2062", "name": "Master Street", "class": "residential", "is_priority": false }, "geometry": { "type": "LineString", "coordinates": [ [ -75.115494, 39.914967 ], [ -75.115603, 39.915511 ], [ -75.115805, 39.916753 ] ] } },
{ "type": "Feature", "properties": { "id": "591620405-2063", "name": "Master Street", "class": "residential", "is_priority": false }, "geometry": { "type": "LineString", "coordinates": [ [ -75.115805, 39.916753 ], [ -75.115858, 39.917073 ], [ -75.115862, 39.917206 ], [ -75.115822, 39.918552 ] ] } },
{ "type": "Feature", "properties": { "id": "591620405-2064", "name": "Master Street", "class": "residential", "is_priority": false }, "geometry": { "type": "LineString", "coordinates": [ [ -75.115822, 39.918552 ], [ -75.115781, 39.920354 ] ] } },
{ "type": "Feature", "properties": { "id": "591620405-2065", "name": "Master Street", "class": "residential", "is_priority": false }, "geometry": { "type": "LineString", "coordinates": [ [ -75.115781, 39.920354 ], [ -75.115759, 39.921201 ] ] } },
{ "type": "Feature", "properties": { "id": "591620406-2066", "name": "Master Street", "class": "residential", "is_priority": false }, "geometry": { "type": "LineString", "coordinates": [ [ -75.115123, 39.91319 ], [ -75.115062, 39.913096 ], [ -75.114818, 39.912824 ], [ -75.114709, 39.912726 ], [ -75.114611, 39.912666 ] ] } },
{ "type": "Feature", "properties": { "id": "591666974-2067", "name": "Bulson Street", "class": "residential", "is_priority": false }, "geometry": { "type": "LineString", "coordinates": [ [ -75.110501, 39.916966 ], [ -75.108714, 39.916947 ] ] } },
{ "type": "Feature", "properties": { "id": "591666975-2068", "name": "Bulson Street", "class": "residential", "is_priority": false }, "geometry": { "type": "LineString", "coordinates": [ [ -75.110501, 39.916966 ], [ -75.112288, 39.916987 ] ] } },
{ "type": "Feature", "properties": { "id": "591689404-2069", "name": "Mulford Street", "class": "residential", "is_priority": false }, "geometry": { "type": "LineString", "coordinates": [ [ -75.10775, 39.918134 ], [ -75.107767, 39.91759 ] ] } },
{ "type": "Feature", "properties": { "id": "591693158-2070", "name": "", "class": "residential", "is_priority": false }, "geometry": { "type": "LineString", "coordinates": [ [ -75.111436, 39.922362 ], [ -75.111423, 39.922047 ] ] } },
{ "type": "Feature", "properties": { "id": "591693160-2071", "name": "J. Allen Nimmo Square", "class": "residential", "is_priority": false }, "geometry": { "type": "LineString", "coordinates": [ [ -75.106657, 39.920797 ], [ -75.106713, 39.920827 ], [ -75.106935, 39.920828 ] ] } },
{ "type": "Feature", "properties": { "id": "591693162-2072", "name": "Charles Street", "class": "residential", "is_priority": false }, "geometry": { "type": "LineString", "coordinates": [ [ -75.106542, 39.923386 ], [ -75.10655, 39.923033 ] ] } },
{ "type": "Feature", "properties": { "id": "591835474-2073", "name": "Venner Street", "class": "residential", "is_priority": false }, "geometry": { "type": "LineString", "coordinates": [ [ -75.090475, 39.922361 ], [ -75.090513, 39.922424 ], [ -75.091054, 39.922692 ] ] } },
{ "type": "Feature", "properties": { "id": "591835475-2074", "name": "", "class": "residential", "is_priority": false }, "geometry": { "type": "LineString", "coordinates": [ [ -75.094246, 39.925992 ], [ -75.094127, 39.925678 ], [ -75.094125, 39.925605 ], [ -75.09416, 39.92544 ] ] } },
{ "type": "Feature", "properties": { "id": "591891241-2075", "name": "Vesper Boulevard", "class": "residential", "is_priority": false }, "geometry": { "type": "LineString", "coordinates": [ [ -75.091715, 39.92984 ], [ -75.092258, 39.929402 ] ] } },
{ "type": "Feature", "properties": { "id": "591891242-2076", "name": "Vesper Boulevard", "class": "residential", "is_priority": false }, "geometry": { "type": "LineString", "coordinates": [ [ -75.09157, 39.929859 ], [ -75.091715, 39.92984 ] ] } },
{ "type": "Feature", "properties": { "id": "591891243-2077", "name": "Vesper Boulevard", "class": "residential", "is_priority": false }, "geometry": { "type": "LineString", "coordinates": [ [ -75.091601, 39.929779 ], [ -75.09157, 39.929859 ] ] } },
{ "type": "Feature", "properties": { "id": "591891244-2078", "name": "Vesper Boulevard", "class": "residential", "is_priority": false }, "geometry": { "type": "LineString", "coordinates": [ [ -75.09157, 39.929859 ], [ -75.091391, 39.929895 ], [ -75.091345, 39.929932 ] ] } },
{ "type": "Feature", "properties": { "id": "591891245-2079", "name": "", "class": "residential", "is_priority": false }, "geometry": { "type": "LineString", "coordinates": [ [ -75.093879, 39.930411 ], [ -75.093775, 39.930497 ] ] } },
{ "type": "Feature", "properties": { "id": "591896808-2080", "name": "Mount Ephraim Avenue", "class": "primary", "is_priority": true }, "geometry": { "type": "LineString", "coordinates": [ [ -75.109424, 39.933041 ], [ -75.109447, 39.933174 ], [ -75.109513, 39.933358 ], [ -75.109837, 39.933995 ], [ -75.109929, 39.934099 ] ] } },
{ "type": "Feature", "properties": { "id": "591896811-2081", "name": "Mount Ephraim Avenue", "class": "primary", "is_priority": true }, "geometry": { "type": "LineString", "coordinates": [ [ -75.109424, 39.933041 ], [ -75.108565, 39.931365 ] ] } },
{ "type": "Feature", "properties": { "id": "591896811-2082", "name": "Mount Ephraim Avenue", "class": "primary", "is_priority": true }, "geometry": { "type": "LineString", "coordinates": [ [ -75.108565, 39.931365 ], [ -75.108351, 39.930951 ], [ -75.107746, 39.929677 ] ] } },
{ "type": "Feature", "properties": { "id": "591896811-2083", "name": "Mount Ephraim Avenue", "class": "primary", "is_priority": true }, "geometry": { "type": "LineString", "coordinates": [ [ -75.107746, 39.929677 ], [ -75.107414, 39.928941 ], [ -75.106935, 39.927987 ] ] } },
{ "type": "Feature", "properties": { "id": "591896811-2084", "name": "Mount Ephraim Avenue", "class": "primary", "is_priority": true }, "geometry": { "type": "LineString", "coordinates": [ [ -75.106935, 39.927987 ], [ -75.106067, 39.926314 ] ] } },
{ "type": "Feature", "properties": { "id": "591896811-2085", "name": "Mount Ephraim Avenue", "class": "primary", "is_priority": true }, "geometry": { "type": "LineString", "coordinates": [ [ -75.106067, 39.926314 ], [ -75.105211, 39.924637 ] ] } },
{ "type": "Feature", "properties": { "id": "591896811-2086", "name": "Mount Ephraim Avenue", "class": "primary", "is_priority": true }, "geometry": { "type": "LineString", "coordinates": [ [ -75.105211, 39.924637 ], [ -75.104839, 39.923873 ] ] } },
{ "type": "Feature", "properties": { "id": "591896818-2087", "name": "Mount Vernon Street", "class": "residential", "is_priority": false }, "geometry": { "type": "LineString", "coordinates": [ [ -75.109713, 39.933746 ], [ -75.109602, 39.933692 ], [ -75.107533, 39.934286 ] ] } },
{ "type": "Feature", "properties": { "id": "591896818-2088", "name": "Mount Vernon Street", "class": "residential", "is_priority": false }, "geometry": { "type": "LineString", "coordinates": [ [ -75.107533, 39.934286 ], [ -75.106599, 39.934558 ] ] } },
{ "type": "Feature", "properties": { "id": "591896825-2089", "name": "South 10th Street", "class": "residential", "is_priority": false }, "geometry": { "type": "LineString", "coordinates": [ [ -75.11052, 39.932961 ], [ -75.110591, 39.933634 ] ] } },
{ "type": "Feature", "properties": { "id": "591913728-2090", "name": "", "class": "residential", "is_priority": false }, "geometry": { "type": "LineString", "coordinates": [ [ -75.11242, 39.924349 ], [ -75.112799, 39.924349 ] ] } },
{ "type": "Feature", "properties": { "id": "591913729-2091", "name": "Everett Street", "class": "residential", "is_priority": false }, "geometry": { "type": "LineString", "coordinates": [ [ -75.114405, 39.927011 ], [ -75.115, 39.926968 ] ] } },
{ "type": "Feature", "properties": { "id": "591929999-2092", "name": "South 4th Street", "class": "residential", "is_priority": false }, "geometry": { "type": "LineString", "coordinates": [ [ -75.121445, 39.920215 ], [ -75.121496, 39.918413 ] ] } },
{ "type": "Feature", "properties": { "id": "591929999-2093", "name": "South 4th Street", "class": "residential", "is_priority": false }, "geometry": { "type": "LineString", "coordinates": [ [ -75.121496, 39.918413 ], [ -75.121497, 39.918326 ] ] } },
{ "type": "Feature", "properties": { "id": "591930000-2094", "name": "Winslow Street", "class": "residential", "is_priority": false }, "geometry": { "type": "LineString", "coordinates": [ [ -75.119766, 39.920197 ], [ -75.12056, 39.920192 ], [ -75.121445, 39.920215 ] ] } },
{ "type": "Feature", "properties": { "id": "592215372-2095", "name": "South 7th Street", "class": "residential", "is_priority": false }, "geometry": { "type": "LineString", "coordinates": [ [ -75.116048, 39.931806 ], [ -75.116086, 39.931728 ], [ -75.116196, 39.931324 ], [ -75.116224, 39.931171 ], [ -75.116199, 39.9311 ] ] } },
{ "type": "Feature", "properties": { "id": "592215373-2096", "name": "South 7th Street", "class": "residential", "is_priority": false }, "geometry": { "type": "LineString", "coordinates": [ [ -75.116199, 39.9311 ], [ -75.116084, 39.931195 ], [ -75.116018, 39.931609 ], [ -75.116018, 39.931743 ], [ -75.116048, 39.931806 ] ] } },
{ "type": "Feature", "properties": { "id": "592215377-2097", "name": "Sycamore Street", "class": "residential", "is_priority": false }, "geometry": { "type": "LineString", "coordinates": [ [ -75.108093, 39.932441 ], [ -75.107761, 39.932453 ], [ -75.105761, 39.932593 ] ] } },
{ "type": "Feature", "properties": { "id": "592215377-2098", "name": "Sycamore Street", "class": "residential", "is_priority": false }, "geometry": { "type": "LineString", "coordinates": [ [ -75.105761, 39.932593 ], [ -75.104988, 39.932653 ], [ -75.10443, 39.933176 ] ] } },
{ "type": "Feature", "properties": { "id": "592215379-2099", "name": "Chestnut Street", "class": "tertiary", "is_priority": false }, "geometry": { "type": "LineString", "coordinates": [ [ -75.114418, 39.932691 ], [ -75.113061, 39.932786 ] ] } },
{ "type": "Feature", "properties": { "id": "592488235-2100", "name": "Chestnut Street", "class": "residential", "is_priority": false }, "geometry": { "type": "LineString", "coordinates": [ [ -75.125769, 39.931898 ], [ -75.123437, 39.932055 ] ] } },
{ "type": "Feature", "properties": { "id": "592488235-2101", "name": "Chestnut Street", "class": "residential", "is_priority": false }, "geometry": { "type": "LineString", "coordinates": [ [ -75.123437, 39.932055 ], [ -75.121108, 39.932233 ] ] } },
{ "type": "Feature", "properties": { "id": "592488235-2102", "name": "Chestnut Street", "class": "residential", "is_priority": false }, "geometry": { "type": "LineString", "coordinates": [ [ -75.121108, 39.932233 ], [ -75.120486, 39.932278 ] ] } },
{ "type": "Feature", "properties": { "id": "592488236-2103", "name": "Locust Street", "class": "residential", "is_priority": false }, "geometry": { "type": "LineString", "coordinates": [ [ -75.125769, 39.931898 ], [ -75.125577, 39.930102 ] ] } },
{ "type": "Feature", "properties": { "id": "592488236-2104", "name": "Locust Street", "class": "residential", "is_priority": false }, "geometry": { "type": "LineString", "coordinates": [ [ -75.125577, 39.930102 ], [ -75.125437, 39.928966 ] ] } },
{ "type": "Feature", "properties": { "id": "592488237-2105", "name": "South 2nd Street", "class": "tertiary", "is_priority": false }, "geometry": { "type": "LineString", "coordinates": [ [ -75.127519, 39.931785 ], [ -75.12781, 39.930257 ], [ -75.127774, 39.930001 ] ] } },
{ "type": "Feature", "properties": { "id": "592488237-2106", "name": "South 2nd Street", "class": "tertiary", "is_priority": false }, "geometry": { "type": "LineString", "coordinates": [ [ -75.127774, 39.930001 ], [ -75.127608, 39.928806 ] ] } },
{ "type": "Feature", "properties": { "id": "592518647-2107", "name": "Broadway", "class": "primary", "is_priority": true }, "geometry": { "type": "LineString", "coordinates": [ [ -75.119415, 39.935098 ], [ -75.119449, 39.933296 ] ] } },
{ "type": "Feature", "properties": { "id": "592518647-2108", "name": "Broadway", "class": "primary", "is_priority": true }, "geometry": { "type": "LineString", "coordinates": [ [ -75.119449, 39.933296 ], [ -75.119482, 39.931494 ] ] } },
{ "type": "Feature", "properties": { "id": "592518647-2109", "name": "Broadway", "class": "primary", "is_priority": true }, "geometry": { "type": "LineString", "coordinates": [ [ -75.119482, 39.931494 ], [ -75.119494, 39.930865 ] ] } },
{ "type": "Feature", "properties": { "id": "592518648-2110", "name": "Spruce Street", "class": "residential", "is_priority": false }, "geometry": { "type": "LineString", "coordinates": [ [ -75.119415, 39.935098 ], [ -75.117738, 39.935208 ], [ -75.117552, 39.935205 ] ] } },
{ "type": "Feature", "properties": { "id": "592518649-2111", "name": "Spruce Street", "class": "residential", "is_priority": false }, "geometry": { "type": "LineString", "coordinates": [ [ -75.119415, 39.935098 ], [ -75.121746, 39.934934 ] ] } },
{ "type": "Feature", "properties": { "id": "592518649-2112", "name": "Spruce Street", "class": "residential", "is_priority": false }, "geometry": { "type": "LineString", "coordinates": [ [ -75.121746, 39.934934 ], [ -75.122483, 39.934884 ] ] } },
{ "type": "Feature", "properties": { "id": "592518650-2113", "name": "South 4th Street", "class": "residential", "is_priority": false }, "geometry": { "type": "LineString", "coordinates": [ [ -75.122483, 39.934884 ], [ -75.122263, 39.93309 ] ] } },
{ "type": "Feature", "properties": { "id": "592518650-2114", "name": "South 4th Street", "class": "residential", "is_priority": false }, "geometry": { "type": "LineString", "coordinates": [ [ -75.122263, 39.93309 ], [ -75.122048, 39.931296 ] ] } },
{ "type": "Feature", "properties": { "id": "592518650-2115", "name": "South 4th Street", "class": "residential", "is_priority": false }, "geometry": { "type": "LineString", "coordinates": [ [ -75.122048, 39.931296 ], [ -75.121991, 39.93075 ] ] } },
{ "type": "Feature", "properties": { "id": "592518652-2116", "name": "South Front Street", "class": "residential", "is_priority": false }, "geometry": { "type": "LineString", "coordinates": [ [ -75.128666, 39.934488 ], [ -75.128588, 39.934706 ], [ -75.128377, 39.936274 ] ] } },
{ "type": "Feature", "properties": { "id": "592518652-2117", "name": "South Front Street", "class": "residential", "is_priority": false }, "geometry": { "type": "LineString", "coordinates": [ [ -75.128377, 39.936274 ], [ -75.128205, 39.937552 ] ] } },
{ "type": "Feature", "properties": { "id": "592518654-2118", "name": "South 3rd Street", "class": "residential", "is_priority": false }, "geometry": { "type": "LineString", "coordinates": [ [ -75.12437, 39.935451 ], [ -75.124142, 39.933657 ] ] } },
{ "type": "Feature", "properties": { "id": "592518654-2119", "name": "South 3rd Street", "class": "residential", "is_priority": false }, "geometry": { "type": "LineString", "coordinates": [ [ -75.124142, 39.933657 ], [ -75.124003, 39.93271 ], [ -75.123909, 39.931864 ] ] } },
{ "type": "Feature", "properties": { "id": "592518654-2120", "name": "South 3rd Street", "class": "residential", "is_priority": false }, "geometry": { "type": "LineString", "coordinates": [ [ -75.123909, 39.931864 ], [ -75.12371, 39.930069 ] ] } },
{ "type": "Feature", "properties": { "id": "592518654-2121", "name": "South 3rd Street", "class": "residential", "is_priority": false }, "geometry": { "type": "LineString", "coordinates": [ [ -75.12371, 39.930069 ], [ -75.123514, 39.928411 ] ] } },
{ "type": "Feature", "properties": { "id": "592518657-2122", "name": "Ramona Gonzalez Street", "class": "residential", "is_priority": false }, "geometry": { "type": "LineString", "coordinates": [ [ -75.117595, 39.935907 ], [ -75.119927, 39.935753 ] ] } },
{ "type": "Feature", "properties": { "id": "592518657-2123", "name": "Ramona Gonzalez Street", "class": "residential", "is_priority": false }, "geometry": { "type": "LineString", "coordinates": [ [ -75.119927, 39.935753 ], [ -75.122259, 39.935593 ] ] } },
{ "type": "Feature", "properties": { "id": "592518657-2124", "name": "Ramona Gonzalez Street", "class": "residential", "is_priority": false }, "geometry": { "type": "LineString", "coordinates": [ [ -75.122259, 39.935593 ], [ -75.12437, 39.935451 ] ] } },
{ "type": "Feature", "properties": { "id": "592898302-2125", "name": "Line Street", "class": "residential", "is_priority": false }, "geometry": { "type": "LineString", "coordinates": [ [ -75.114394, 39.937584 ], [ -75.115149, 39.93754 ] ] } },
{ "type": "Feature", "properties": { "id": "592898304-2126", "name": "Clinton Street", "class": "residential", "is_priority": false }, "geometry": { "type": "LineString", "coordinates": [ [ -75.115955, 39.938475 ], [ -75.115706, 39.938473 ] ] } },
{ "type": "Feature", "properties": { "id": "592898305-2127", "name": "South 7th Street", "class": "residential", "is_priority": false }, "geometry": { "type": "LineString", "coordinates": [ [ -75.115955, 39.938475 ], [ -75.115966, 39.937807 ] ] } },
{ "type": "Feature", "properties": { "id": "592898306-2128", "name": "South 7th Street", "class": "residential", "is_priority": false }, "geometry": { "type": "LineString", "coordinates": [ [ -75.115706, 39.938473 ], [ -75.115688, 39.939946 ], [ -75.11573, 39.940025 ], [ -75.115731, 39.940269 ] ] } },
{ "type": "Feature", "properties": { "id": "592898306-2129", "name": "South 7th Street", "class": "residential", "is_priority": false }, "geometry": { "type": "LineString", "coordinates": [ [ -75.115731, 39.940269 ], [ -75.11573, 39.940824 ] ] } },
{ "type": "Feature", "properties": { "id": "592898307-2130", "name": "Clinton Street", "class": "residential", "is_priority": false }, "geometry": { "type": "LineString", "coordinates": [ [ -75.115706, 39.938473 ], [ -75.114222, 39.938459 ] ] } },
{ "type": "Feature", "properties": { "id": "592898308-2131", "name": "Royden Street", "class": "residential", "is_priority": false }, "geometry": { "type": "LineString", "coordinates": [ [ -75.115966, 39.937807 ], [ -75.118307, 39.937829 ] ] } },
{ "type": "Feature", "properties": { "id": "592898308-2132", "name": "Royden Street", "class": "residential", "is_priority": false }, "geometry": { "type": "LineString", "coordinates": [ [ -75.118307, 39.937829 ], [ -75.120184, 39.937849 ] ] } },
{ "type": "Feature", "properties": { "id": "592898309-2133", "name": "South 7th Street", "class": "residential", "is_priority": false }, "geometry": { "type": "LineString", "coordinates": [ [ -75.115966, 39.937807 ], [ -75.115972, 39.93711 ], [ -75.115917, 39.936806 ] ] } },
{ "type": "Feature", "properties": { "id": "592898310-2134", "name": "Royden Street", "class": "residential", "is_priority": false }, "geometry": { "type": "LineString", "coordinates": [ [ -75.115731, 39.937802 ], [ -75.115966, 39.937807 ] ] } },
{ "type": "Feature", "properties": { "id": "592898311-2135", "name": "South 7th Street", "class": "residential", "is_priority": false }, "geometry": { "type": "LineString", "coordinates": [ [ -75.115731, 39.937802 ], [ -75.115706, 39.938473 ] ] } },
{ "type": "Feature", "properties": { "id": "592898313-2136", "name": "Royden Street", "class": "residential", "is_priority": false }, "geometry": { "type": "LineString", "coordinates": [ [ -75.120184, 39.937849 ], [ -75.122221, 39.937892 ] ] } },
{ "type": "Feature", "properties": { "id": "592898314-2137", "name": "Clinton Street", "class": "residential", "is_priority": false }, "geometry": { "type": "LineString", "coordinates": [ [ -75.11933, 39.938534 ], [ -75.11699, 39.938499 ] ] } },
{ "type": "Feature", "properties": { "id": "592898314-2138", "name": "Clinton Street", "class": "residential", "is_priority": false }, "geometry": { "type": "LineString", "coordinates": [ [ -75.11699, 39.938499 ], [ -75.115955, 39.938475 ] ] } },
{ "type": "Feature", "properties": { "id": "592898315-2139", "name": "Broadway", "class": "primary", "is_priority": true }, "geometry": { "type": "LineString", "coordinates": [ [ -75.11933, 39.938534 ], [ -75.119375, 39.936732 ] ] } },
{ "type": "Feature", "properties": { "id": "592898315-2140", "name": "Broadway", "class": "primary", "is_priority": true }, "geometry": { "type": "LineString", "coordinates": [ [ -75.119375, 39.936732 ], [ -75.119415, 39.935098 ] ] } },
{ "type": "Feature", "properties": { "id": "592898316-2141", "name": "Royden Street", "class": "residential", "is_priority": false }, "geometry": { "type": "LineString", "coordinates": [ [ -75.122219, 39.93796 ], [ -75.124546, 39.938152 ] ] } },
{ "type": "Feature", "properties": { "id": "592898316-2142", "name": "Royden Street", "class": "residential", "is_priority": false }, "geometry": { "type": "LineString", "coordinates": [ [ -75.124546, 39.938152 ], [ -75.125193, 39.938207 ] ] } },
{ "type": "Feature", "properties": { "id": "592898317-2143", "name": "West Street", "class": "residential", "is_priority": false }, "geometry": { "type": "LineString", "coordinates": [ [ -75.122221, 39.937892 ], [ -75.122248, 39.936986 ] ] } },
{ "type": "Feature", "properties": { "id": "592898318-2144", "name": "South 3rd Street", "class": "tertiary", "is_priority": false }, "geometry": { "type": "LineString", "coordinates": [ [ -75.125084, 39.938955 ], [ -75.124832, 39.940747 ] ] } },
{ "type": "Feature", "properties": { "id": "592898318-2145", "name": "South 3rd Street", "class": "tertiary", "is_priority": false }, "geometry": { "type": "LineString", "coordinates": [ [ -75.124832, 39.940747 ], [ -75.124664, 39.941928 ] ] } },
{ "type": "Feature", "properties": { "id": "592898319-2146", "name": "Clinton Street", "class": "residential", "is_priority": false }, "geometry": { "type": "LineString", "coordinates": [ [ -75.125084, 39.938955 ], [ -75.122757, 39.938762 ] ] } },
{ "type": "Feature", "properties": { "id": "592898319-2147", "name": "Clinton Street", "class": "residential", "is_priority": false }, "geometry": { "type": "LineString", "coordinates": [ [ -75.122757, 39.938762 ], [ -75.122164, 39.938712 ] ] } },
{ "type": "Feature", "properties": { "id": "592898320-2148", "name": "", "class": "tertiary_link", "is_priority": false }, "geometry": { "type": "LineString", "coordinates": [ [ -75.125045, 39.93923 ], [ -75.125203, 39.939155 ], [ -75.125308, 39.939076 ], [ -75.125458, 39.939037 ], [ -75.125516, 39.938994 ] ] } },
{ "type": "Feature", "properties": { "id": "592898321-2149", "name": "Clinton Street", "class": "tertiary", "is_priority": false }, "geometry": { "type": "LineString", "coordinates": [ [ -75.125516, 39.938994 ], [ -75.125084, 39.938955 ] ] } },
{ "type": "Feature", "properties": { "id": "592898323-2150", "name": "South 6th Street", "class": "residential", "is_priority": false }, "geometry": { "type": "LineString", "coordinates": [ [ -75.118032, 39.942204 ], [ -75.11798, 39.942301 ], [ -75.117837, 39.942398 ] ] } },
{ "type": "Feature", "properties": { "id": "593097108-2151", "name": "South 6th Street", "class": "residential", "is_priority": false }, "geometry": { "type": "LineString", "coordinates": [ [ -75.1175, 39.940419 ], [ -75.117492, 39.940807 ] ] } },
{ "type": "Feature", "properties": { "id": "593097112-2152", "name": "", "class": "primary_link", "is_priority": false }, "geometry": { "type": "LineString", "coordinates": [ [ -75.115934, 39.942068 ], [ -75.115906, 39.942231 ], [ -75.115864, 39.942298 ], [ -75.115804, 39.942347 ], [ -75.115725, 39.942376 ] ] } },
{ "type": "Feature", "properties": { "id": "593097113-2153", "name": "Dr Martin Luther King Boulevard", "class": "primary", "is_priority": true }, "geometry": { "type": "LineString", "coordinates": [ [ -75.113838, 39.942606 ], [ -75.112311, 39.942623 ] ] } },
{ "type": "Feature", "properties": { "id": "593097114-2154", "name": "", "class": "motorway_link", "is_priority": false }, "geometry": { "type": "LineString", "coordinates": [ [ -75.113838, 39.942606 ], [ -75.113847, 39.942232 ] ] } },
{ "type": "Feature", "properties": { "id": "593097115-2155", "name": "Trenton Avenue", "class": "residential", "is_priority": false }, "geometry": { "type": "LineString", "coordinates": [ [ -75.114582, 39.939872 ], [ -75.11316, 39.938441 ] ] } },
{ "type": "Feature", "properties": { "id": "593097115-2156", "name": "Trenton Avenue", "class": "residential", "is_priority": false }, "geometry": { "type": "LineString", "coordinates": [ [ -75.11316, 39.938441 ], [ -75.11269, 39.937965 ] ] } },
{ "type": "Feature", "properties": { "id": "593177242-2157", "name": "Cooper Street", "class": "tertiary", "is_priority": false }, "geometry": { "type": "LineString", "coordinates": [ [ -75.124752, 39.947658 ], [ -75.122712, 39.947255 ] ] } },
{ "type": "Feature", "properties": { "id": "593177243-2158", "name": "North 2nd Street", "class": "residential", "is_priority": false }, "geometry": { "type": "LineString", "coordinates": [ [ -75.124752, 39.947658 ], [ -75.124189, 39.949407 ] ] } },
{ "type": "Feature", "properties": { "id": "593177243-2159", "name": "North 2nd Street", "class": "residential", "is_priority": false }, "geometry": { "type": "LineString", "coordinates": [ [ -75.124189, 39.949407 ], [ -75.12362, 39.951154 ] ] } },
{ "type": "Feature", "properties": { "id": "593177243-2160", "name": "North 2nd Street", "class": "residential", "is_priority": false }, "geometry": { "type": "LineString", "coordinates": [ [ -75.12362, 39.951154 ], [ -75.12359, 39.951245 ] ] } },
{ "type": "Feature", "properties": { "id": "593178456-2161", "name": "State Street", "class": "residential", "is_priority": false }, "geometry": { "type": "LineString", "coordinates": [ [ -75.126977, 39.954241 ], [ -75.128346, 39.954665 ] ] } },
{ "type": "Feature", "properties": { "id": "593195866-2162", "name": "Byron Street", "class": "residential", "is_priority": false }, "geometry": { "type": "LineString", "coordinates": [ [ -75.119286, 39.955627 ], [ -75.117981, 39.955354 ] ] } },
{ "type": "Feature", "properties": { "id": "593195867-2163", "name": "North 4th Street", "class": "residential", "is_priority": false }, "geometry": { "type": "LineString", "coordinates": [ [ -75.119286, 39.955627 ], [ -75.119151, 39.956043 ] ] } },
{ "type": "Feature", "properties": { "id": "593200210-2164", "name": "North 2nd Street", "class": "tertiary", "is_priority": false }, "geometry": { "type": "LineString", "coordinates": [ [ -75.123081, 39.952825 ], [ -75.122497, 39.954571 ] ] } },
{ "type": "Feature", "properties": { "id": "593200210-2165", "name": "North 2nd Street", "class": "tertiary", "is_priority": false }, "geometry": { "type": "LineString", "coordinates": [ [ -75.122497, 39.954571 ], [ -75.122479, 39.954625 ] ] } },
{ "type": "Feature", "properties": { "id": "593200212-2166", "name": "North 3rd Street", "class": "tertiary", "is_priority": false }, "geometry": { "type": "LineString", "coordinates": [ [ -75.121743, 39.952504 ], [ -75.121463, 39.953342 ] ] } },
{ "type": "Feature", "properties": { "id": "593200213-2167", "name": "Elm Street", "class": "residential", "is_priority": false }, "geometry": { "type": "LineString", "coordinates": [ [ -75.122063, 39.951505 ], [ -75.121338, 39.951361 ], [ -75.121273, 39.951367 ], [ -75.121196, 39.951414 ] ] } },
{ "type": "Feature", "properties": { "id": "593200214-2168", "name": "Elm Street", "class": "tertiary", "is_priority": false }, "geometry": { "type": "LineString", "coordinates": [ [ -75.120646, 39.951203 ], [ -75.11944, 39.950968 ] ] } },
{ "type": "Feature", "properties": { "id": "593200216-2169", "name": "North 4th Street", "class": "residential", "is_priority": false }, "geometry": { "type": "LineString", "coordinates": [ [ -75.120544, 39.951735 ], [ -75.11998, 39.953483 ] ] } },
{ "type": "Feature", "properties": { "id": "593200216-2170", "name": "North 4th Street", "class": "residential", "is_priority": false }, "geometry": { "type": "LineString", "coordinates": [ [ -75.11998, 39.953483 ], [ -75.119412, 39.955231 ] ] } },
{ "type": "Feature", "properties": { "id": "593200216-2171", "name": "North 4th Street", "class": "residential", "is_priority": false }, "geometry": { "type": "LineString", "coordinates": [ [ -75.119412, 39.955231 ], [ -75.119286, 39.955627 ] ] } },
{ "type": "Feature", "properties": { "id": "593452960-2172", "name": "North 9th Street", "class": "residential", "is_priority": false }, "geometry": { "type": "LineString", "coordinates": [ [ -75.114048, 39.94726 ], [ -75.114185, 39.946803 ] ] } },
{ "type": "Feature", "properties": { "id": "593452962-2173", "name": "Penn Street", "class": "residential", "is_priority": false }, "geometry": { "type": "LineString", "coordinates": [ [ -75.111303, 39.946209 ], [ -75.11007, 39.945958 ], [ -75.109853, 39.945904 ], [ -75.109457, 39.945764 ] ] } },
{ "type": "Feature", "properties": { "id": "593452963-2174", "name": "Penn Street", "class": "residential", "is_priority": false }, "geometry": { "type": "LineString", "coordinates": [ [ -75.109457, 39.945764 ], [ -75.109316, 39.945726 ], [ -75.109151, 39.945723 ], [ -75.109053, 39.945737 ], [ -75.108859, 39.945818 ] ] } },
{ "type": "Feature", "properties": { "id": "593549404-2175", "name": "Federal Street", "class": "primary", "is_priority": true }, "geometry": { "type": "LineString", "coordinates": [ [ -75.103729, 39.94407 ], [ -75.101426, 39.944392 ] ] } },
{ "type": "Feature", "properties": { "id": "593549404-2176", "name": "Federal Street", "class": "primary", "is_priority": true }, "geometry": { "type": "LineString", "coordinates": [ [ -75.101426, 39.944392 ], [ -75.099122, 39.944714 ] ] } },
{ "type": "Feature", "properties": { "id": "593549404-2177", "name": "Federal Street", "class": "primary", "is_priority": true }, "geometry": { "type": "LineString", "coordinates": [ [ -75.099122, 39.944714 ], [ -75.096819, 39.945036 ] ] } },
{ "type": "Feature", "properties": { "id": "593549404-2178", "name": "Federal Street", "class": "primary", "is_priority": true }, "geometry": { "type": "LineString", "coordinates": [ [ -75.096819, 39.945036 ], [ -75.094515, 39.945358 ] ] } },
{ "type": "Feature", "properties": { "id": "593549404-2179", "name": "Federal Street", "class": "primary", "is_priority": true }, "geometry": { "type": "LineString", "coordinates": [ [ -75.094515, 39.945358 ], [ -75.093629, 39.945482 ] ] } },
{ "type": "Feature", "properties": { "id": "593549407-2180", "name": "Pierce Avenue", "class": "residential", "is_priority": false }, "geometry": { "type": "LineString", "coordinates": [ [ -75.101736, 39.952132 ], [ -75.100301, 39.953556 ] ] } },
{ "type": "Feature", "properties": { "id": "593549407-2181", "name": "Pierce Avenue", "class": "residential", "is_priority": false }, "geometry": { "type": "LineString", "coordinates": [ [ -75.100301, 39.953556 ], [ -75.100116, 39.95374 ] ] } },
{ "type": "Feature", "properties": { "id": "593549408-2182", "name": "North 18th Street", "class": "residential", "is_priority": false }, "geometry": { "type": "LineString", "coordinates": [ [ -75.101736, 39.952132 ], [ -75.102184, 39.952388 ] ] } },
{ "type": "Feature", "properties": { "id": "593549410-2183", "name": "North 22nd Street", "class": "residential", "is_priority": false }, "geometry": { "type": "LineString", "coordinates": [ [ -75.096947, 39.952905 ], [ -75.095681, 39.952172 ] ] } },
{ "type": "Feature", "properties": { "id": "593956870-2184", "name": "Carman Street", "class": "residential", "is_priority": false }, "geometry": { "type": "LineString", "coordinates": [ [ -75.101598, 39.943645 ], [ -75.099297, 39.943979 ] ] } },
{ "type": "Feature", "properties": { "id": "593956870-2185", "name": "Carman Street", "class": "residential", "is_priority": false }, "geometry": { "type": "LineString", "coordinates": [ [ -75.099297, 39.943979 ], [ -75.096996, 39.944308 ] ] } },
{ "type": "Feature", "properties": { "id": "593956870-2186", "name": "Carman Street", "class": "residential", "is_priority": false }, "geometry": { "type": "LineString", "coordinates": [ [ -75.096996, 39.944308 ], [ -75.095026, 39.944597 ] ] } },
{ "type": "Feature", "properties": { "id": "593956871-2187", "name": "South 16th Street", "class": "residential", "is_priority": false }, "geometry": { "type": "LineString", "coordinates": [ [ -75.101598, 39.943645 ], [ -75.10116, 39.941875 ] ] } },
{ "type": "Feature", "properties": { "id": "593956871-2188", "name": "South 16th Street", "class": "residential", "is_priority": false }, "geometry": { "type": "LineString", "coordinates": [ [ -75.10116, 39.941875 ], [ -75.100927, 39.94087 ] ] } },
{ "type": "Feature", "properties": { "id": "593956872-2189", "name": "South 17th Street", "class": "residential", "is_priority": false }, "geometry": { "type": "LineString", "coordinates": [ [ -75.099601, 39.942319 ], [ -75.099414, 39.941537 ], [ -75.099232, 39.941373 ], [ -75.099082, 39.941155 ], [ -75.09901, 39.941015 ] ] } },
{ "type": "Feature", "properties": { "id": "593956873-2190", "name": "", "class": "secondary_link", "is_priority": false }, "geometry": { "type": "LineString", "coordinates": [ [ -75.092517, 39.940136 ], [ -75.092324, 39.940017 ], [ -75.092229, 39.939906 ], [ -75.092191, 39.939786 ], [ -75.092202, 39.939564 ] ] } },
{ "type": "Feature", "properties": { "id": "593960871-2191", "name": "Federal Street", "class": "primary", "is_priority": true }, "geometry": { "type": "LineString", "coordinates": [ [ -75.093246, 39.945535 ], [ -75.090943, 39.945857 ] ] } },
{ "type": "Feature", "properties": { "id": "593960871-2192", "name": "Federal Street", "class": "primary", "is_priority": true }, "geometry": { "type": "LineString", "coordinates": [ [ -75.090943, 39.945857 ], [ -75.08889, 39.946144 ] ] } },
{ "type": "Feature", "properties": { "id": "593960872-2193", "name": "Marlton Pike", "class": "secondary", "is_priority": false }, "geometry": { "type": "LineString", "coordinates": [ [ -75.093203, 39.945308 ], [ -75.092996, 39.945208 ] ] } },
{ "type": "Feature", "properties": { "id": "593960876-2194", "name": "Bank Street", "class": "residential", "is_priority": false }, "geometry": { "type": "LineString", "coordinates": [ [ -75.091271, 39.942084 ], [ -75.090079, 39.943634 ] ] } },
{ "type": "Feature", "properties": { "id": "593960876-2195", "name": "Bank Street", "class": "residential", "is_priority": false }, "geometry": { "type": "LineString", "coordinates": [ [ -75.090079, 39.943634 ], [ -75.089873, 39.943924 ], [ -75.089032, 39.944497 ], [ -75.088643, 39.944738 ], [ -75.088603, 39.944802 ], [ -75.088472, 39.944842 ], [ -75.08843, 39.94487 ] ] } },
{ "type": "Feature", "properties": { "id": "593960876-2196", "name": "Bank Street", "class": "residential", "is_priority": false }, "geometry": { "type": "LineString", "coordinates": [ [ -75.08843, 39.94487 ], [ -75.08725, 39.945631 ] ] } },
{ "type": "Feature", "properties": { "id": "593960877-2197", "name": "Rand Street", "class": "residential", "is_priority": false }, "geometry": { "type": "LineString", "coordinates": [ [ -75.091271, 39.942084 ], [ -75.089873, 39.941431 ] ] } },
{ "type": "Feature", "properties": { "id": "595636121-2198", "name": "Buren Avenue", "class": "residential", "is_priority": false }, "geometry": { "type": "LineString", "coordinates": [ [ -75.09411, 39.961666 ], [ -75.093592, 39.961912 ] ] } },
{ "type": "Feature", "properties": { "id": "595636123-2199", "name": "North 29th Street", "class": "residential", "is_priority": false }, "geometry": { "type": "LineString", "coordinates": [ [ -75.093629, 39.961058 ], [ -75.09411, 39.961666 ] ] } },
{ "type": "Feature", "properties": { "id": "595669728-2200", "name": "Arthur Avenue", "class": "residential", "is_priority": false }, "geometry": { "type": "LineString", "coordinates": [ [ -75.090572, 39.95423 ], [ -75.088957, 39.954975 ] ] } },
{ "type": "Feature", "properties": { "id": "595674056-2201", "name": "North 29th Street", "class": "residential", "is_priority": false }, "geometry": { "type": "LineString", "coordinates": [ [ -75.088168, 39.953851 ], [ -75.088163, 39.953958 ], [ -75.08818, 39.954014 ], [ -75.088481, 39.954389 ] ] } },
{ "type": "Feature", "properties": { "id": "595674057-2202", "name": "Hayes Avenue", "class": "residential", "is_priority": false }, "geometry": { "type": "LineString", "coordinates": [ [ -75.088753, 39.956666 ], [ -75.087997, 39.957056 ], [ -75.086837, 39.957701 ] ] } },
{ "type": "Feature", "properties": { "id": "595674057-2203", "name": "Hayes Avenue", "class": "residential", "is_priority": false }, "geometry": { "type": "LineString", "coordinates": [ [ -75.086837, 39.957701 ], [ -75.08492, 39.958735 ] ] } },
{ "type": "Feature", "properties": { "id": "595674057-2204", "name": "Hayes Avenue", "class": "residential", "is_priority": false }, "geometry": { "type": "LineString", "coordinates": [ [ -75.08492, 39.958735 ], [ -75.083005, 39.959773 ] ] } },
{ "type": "Feature", "properties": { "id": "595674057-2205", "name": "Hayes Avenue", "class": "residential", "is_priority": false }, "geometry": { "type": "LineString", "coordinates": [ [ -75.083005, 39.959773 ], [ -75.08177, 39.960453 ], [ -75.081748, 39.960488 ], [ -75.081753, 39.960536 ], [ -75.081925, 39.960808 ], [ -75.081881, 39.961013 ] ] } },
{ "type": "Feature", "properties": { "id": "595674058-2206", "name": "Reeves Avenue", "class": "residential", "is_priority": false }, "geometry": { "type": "LineString", "coordinates": [ [ -75.088753, 39.956666 ], [ -75.088405, 39.956167 ] ] } },
{ "type": "Feature", "properties": { "id": "595674059-2207", "name": "Cleveland Avenue", "class": "residential", "is_priority": false }, "geometry": { "type": "LineString", "coordinates": [ [ -75.086435, 39.955349 ], [ -75.087196, 39.954976 ] ] } },
{ "type": "Feature", "properties": { "id": "595866942-2208", "name": "North 31st Street", "class": "residential", "is_priority": false }, "geometry": { "type": "LineString", "coordinates": [ [ -75.084492, 39.955521 ], [ -75.084393, 39.955492 ], [ -75.084338, 39.955458 ], [ -75.083984, 39.954969 ] ] } },
{ "type": "Feature", "properties": { "id": "595866944-2209", "name": "Pleasant Street", "class": "residential", "is_priority": false }, "geometry": { "type": "LineString", "coordinates": [ [ -75.082309, 39.954389 ], [ -75.08028, 39.955289 ] ] } },
{ "type": "Feature", "properties": { "id": "595866944-2210", "name": "Pleasant Street", "class": "residential", "is_priority": false }, "geometry": { "type": "LineString", "coordinates": [ [ -75.08028, 39.955289 ], [ -75.078278, 39.956181 ] ] } },
{ "type": "Feature", "properties": { "id": "595866945-2211", "name": "Beideman Avenue", "class": "residential", "is_priority": false }, "geometry": { "type": "LineString", "coordinates": [ [ -75.082545, 39.954431 ], [ -75.083219, 39.95531 ] ] } },
{ "type": "Feature", "properties": { "id": "595866946-2212", "name": "", "class": "residential", "is_priority": false }, "geometry": { "type": "LineString", "coordinates": [ [ -75.082545, 39.954431 ], [ -75.082589, 39.954404 ], [ -75.082632, 39.954326 ], [ -75.082606, 39.954244 ], [ -75.08257, 39.954211 ], [ -75.082468, 39.95418 ], [ -75.082361, 39.954201 ], [ -75.082299, 39.954253 ], [ -75.082284, 39.954287 ], [ -75.08228, 39.954322 ], [ -75.082309, 39.954389 ], [ -75.082391, 39.95444 ], [ -75.082496, 39.954446 ], [ -75.082545, 39.954431 ] ] } },
{ "type": "Feature", "properties": { "id": "595866947-2213", "name": "", "class": "residential", "is_priority": false }, "geometry": { "type": "LineString", "coordinates": [ [ -75.080843, 39.952269 ], [ -75.080939, 39.952227 ], [ -75.080969, 39.95219 ], [ -75.080979, 39.952104 ], [ -75.080921, 39.952031 ], [ -75.080874, 39.952009 ], [ -75.080765, 39.952002 ], [ -75.080671, 39.952046 ], [ -75.080642, 39.952082 ], [ -75.080632, 39.952166 ], [ -75.080688, 39.952238 ], [ -75.080735, 39.952261 ], [ -75.080843, 39.952269 ] ] } },
{ "type": "Feature", "properties": { "id": "595866949-2214", "name": "High Street", "class": "residential", "is_priority": false }, "geometry": { "type": "LineString", "coordinates": [ [ -75.076282, 39.953556 ], [ -75.074474, 39.954701 ] ] } },
{ "type": "Feature", "properties": { "id": "595866949-2215", "name": "High Street", "class": "residential", "is_priority": false }, "geometry": { "type": "LineString", "coordinates": [ [ -75.074474, 39.954701 ], [ -75.072667, 39.955847 ] ] } },
{ "type": "Feature", "properties": { "id": "595866949-2216", "name": "High Street", "class": "residential", "is_priority": false }, "geometry": { "type": "LineString", "coordinates": [ [ -75.072667, 39.955847 ], [ -75.072006, 39.95626 ] ] } },
{ "type": "Feature", "properties": { "id": "595866950-2217", "name": "North 36th Street", "class": "tertiary", "is_priority": false }, "geometry": { "type": "LineString", "coordinates": [ [ -75.076282, 39.953556 ], [ -75.077444, 39.95512 ] ] } },
{ "type": "Feature", "properties": { "id": "595866950-2218", "name": "North 36th Street", "class": "tertiary", "is_priority": false }, "geometry": { "type": "LineString", "coordinates": [ [ -75.077444, 39.95512 ], [ -75.077519, 39.955223 ] ] } },
{ "type": "Feature", "properties": { "id": "595866951-2219", "name": "North 34th Street", "class": "residential", "is_priority": false }, "geometry": { "type": "LineString", "coordinates": [ [ -75.077569, 39.952755 ], [ -75.078149, 39.953294 ], [ -75.078679, 39.953884 ], [ -75.078924, 39.954219 ] ] } },
{ "type": "Feature", "properties": { "id": "595866951-2220", "name": "North 34th Street", "class": "residential", "is_priority": false }, "geometry": { "type": "LineString", "coordinates": [ [ -75.078924, 39.954219 ], [ -75.080073, 39.95579 ] ] } },
{ "type": "Feature", "properties": { "id": "595866951-2221", "name": "North 34th Street", "class": "residential", "is_priority": false }, "geometry": { "type": "LineString", "coordinates": [ [ -75.080073, 39.95579 ], [ -75.080563, 39.956464 ] ] } },
{ "type": "Feature", "properties": { "id": "595866952-2222", "name": "High Street", "class": "residential", "is_priority": false }, "geometry": { "type": "LineString", "coordinates": [ [ -75.076282, 39.953556 ], [ -75.077569, 39.952755 ] ] } },
{ "type": "Feature", "properties": { "id": "595944881-2223", "name": "North Dudley Street", "class": "residential", "is_priority": false }, "geometry": { "type": "LineString", "coordinates": [ [ -75.081783, 39.949079 ], [ -75.082626, 39.950266 ] ] } },
{ "type": "Feature", "properties": { "id": "595944882-2224", "name": "Westfield Avenue", "class": "tertiary", "is_priority": false }, "geometry": { "type": "LineString", "coordinates": [ [ -75.081783, 39.949079 ], [ -75.079727, 39.949941 ] ] } },
{ "type": "Feature", "properties": { "id": "595944882-2225", "name": "Westfield Avenue", "class": "tertiary", "is_priority": false }, "geometry": { "type": "LineString", "coordinates": [ [ -75.079727, 39.949941 ], [ -75.078266, 39.95055 ], [ -75.077973, 39.95069 ], [ -75.077718, 39.950857 ] ] } },
{ "type": "Feature", "properties": { "id": "595944882-2226", "name": "Westfield Avenue", "class": "tertiary", "is_priority": false }, "geometry": { "type": "LineString", "coordinates": [ [ -75.077718, 39.950857 ], [ -75.075911, 39.952003 ] ] } },
{ "type": "Feature", "properties": { "id": "595944882-2227", "name": "Westfield Avenue", "class": "tertiary", "is_priority": false }, "geometry": { "type": "LineString", "coordinates": [ [ -75.075911, 39.952003 ], [ -75.074094, 39.953139 ] ] } },
{ "type": "Feature", "properties": { "id": "595944882-2228", "name": "Westfield Avenue", "class": "tertiary", "is_priority": false }, "geometry": { "type": "LineString", "coordinates": [ [ -75.074094, 39.953139 ], [ -75.072276, 39.954274 ] ] } },
{ "type": "Feature", "properties": { "id": "595944882-2229", "name": "Westfield Avenue", "class": "tertiary", "is_priority": false }, "geometry": { "type": "LineString", "coordinates": [ [ -75.072276, 39.954274 ], [ -75.070849, 39.955187 ] ] } },
{ "type": "Feature", "properties": { "id": "595944883-2230", "name": "North 30th Street", "class": "residential", "is_priority": false }, "geometry": { "type": "LineString", "coordinates": [ [ -75.084166, 39.950582 ], [ -75.085057, 39.951735 ], [ -75.085337, 39.952066 ] ] } },
{ "type": "Feature", "properties": { "id": "595944884-2231", "name": "Saunders Street", "class": "residential", "is_priority": false }, "geometry": { "type": "LineString", "coordinates": [ [ -75.084166, 39.950582 ], [ -75.08367, 39.950819 ] ] } },
{ "type": "Feature", "properties": { "id": "595944894-2232", "name": "North 27th Street", "class": "secondary", "is_priority": false }, "geometry": { "type": "LineString", "coordinates": [ [ -75.089318, 39.949759 ], [ -75.090094, 39.95075 ] ] } },
{ "type": "Feature", "properties": { "id": "595944895-2233", "name": "North 28th Street", "class": "residential", "is_priority": false }, "geometry": { "type": "LineString", "coordinates": [ [ -75.087883, 39.950433 ], [ -75.088685, 39.951448 ] ] } },
{ "type": "Feature", "properties": { "id": "595944896-2234", "name": "Howell Street", "class": "residential", "is_priority": false }, "geometry": { "type": "LineString", "coordinates": [ [ -75.087883, 39.950433 ], [ -75.085873, 39.951357 ] ] } },
{ "type": "Feature", "properties": { "id": "595944896-2235", "name": "Howell Street", "class": "residential", "is_priority": false }, "geometry": { "type": "LineString", "coordinates": [ [ -75.085873, 39.951357 ], [ -75.085057, 39.951735 ] ] } },
{ "type": "Feature", "properties": { "id": "595944897-2236", "name": "Morrison Street", "class": "residential", "is_priority": false }, "geometry": { "type": "LineString", "coordinates": [ [ -75.083787, 39.950073 ], [ -75.082626, 39.950266 ] ] } },
{ "type": "Feature", "properties": { "id": "595944898-2237", "name": "North 30th Street", "class": "residential", "is_priority": false }, "geometry": { "type": "LineString", "coordinates": [ [ -75.083787, 39.950073 ], [ -75.084166, 39.950582 ] ] } },
{ "type": "Feature", "properties": { "id": "595944899-2238", "name": "Mitchell Street", "class": "residential", "is_priority": false }, "geometry": { "type": "LineString", "coordinates": [ [ -75.087445, 39.949868 ], [ -75.085435, 39.950793 ] ] } },
{ "type": "Feature", "properties": { "id": "595944899-2239", "name": "Mitchell Street", "class": "residential", "is_priority": false }, "geometry": { "type": "LineString", "coordinates": [ [ -75.085435, 39.950793 ], [ -75.08463, 39.95118 ] ] } },
{ "type": "Feature", "properties": { "id": "595944900-2240", "name": "North 28th Street", "class": "residential", "is_priority": false }, "geometry": { "type": "LineString", "coordinates": [ [ -75.087445, 39.949868 ], [ -75.087883, 39.950433 ] ] } },
{ "type": "Feature", "properties": { "id": "595963581-2241", "name": "Howell Street", "class": "residential", "is_priority": false }, "geometry": { "type": "LineString", "coordinates": [ [ -75.095405, 39.947155 ], [ -75.093353, 39.948022 ] ] } },
{ "type": "Feature", "properties": { "id": "595963581-2242", "name": "Howell Street", "class": "residential", "is_priority": false }, "geometry": { "type": "LineString", "coordinates": [ [ -75.093353, 39.948022 ], [ -75.091305, 39.948896 ] ] } },
{ "type": "Feature", "properties": { "id": "595963581-2243", "name": "Howell Street", "class": "residential", "is_priority": false }, "geometry": { "type": "LineString", "coordinates": [ [ -75.091305, 39.948896 ], [ -75.089318, 39.949759 ] ] } },
{ "type": "Feature", "properties": { "id": "595963582-2244", "name": "North 20th Street", "class": "residential", "is_priority": false }, "geometry": { "type": "LineString", "coordinates": [ [ -75.095334, 39.946779 ], [ -75.095405, 39.947155 ] ] } },
{ "type": "Feature", "properties": { "id": "595967828-2245", "name": "", "class": "residential", "is_priority": false }, "geometry": { "type": "LineString", "coordinates": [ [ -75.087439, 39.944708 ], [ -75.087247, 39.944678 ] ] } },
{ "type": "Feature", "properties": { "id": "595967829-2246", "name": "Benson Street", "class": "residential", "is_priority": false }, "geometry": { "type": "LineString", "coordinates": [ [ -75.086385, 39.942171 ], [ -75.085409, 39.943419 ], [ -75.085351, 39.943478 ], [ -75.085049, 39.943618 ] ] } },
{ "type": "Feature", "properties": { "id": "595967829-2247", "name": "Benson Street", "class": "residential", "is_priority": false }, "geometry": { "type": "LineString", "coordinates": [ [ -75.085049, 39.943618 ], [ -75.08467, 39.943795 ] ] } },
{ "type": "Feature", "properties": { "id": "595967830-2248", "name": "Marlton Pike", "class": "secondary", "is_priority": false }, "geometry": { "type": "LineString", "coordinates": [ [ -75.086385, 39.942171 ], [ -75.085013, 39.94153 ] ] } },
{ "type": "Feature", "properties": { "id": "595967831-2249", "name": "Berkley Street", "class": "residential", "is_priority": false }, "geometry": { "type": "LineString", "coordinates": [ [ -75.085013, 39.94153 ], [ -75.084497, 39.942161 ], [ -75.083685, 39.942518 ], [ -75.083253, 39.942568 ] ] } },
{ "type": "Feature", "properties": { "id": "595967831-2250", "name": "Berkley Street", "class": "residential", "is_priority": false }, "geometry": { "type": "LineString", "coordinates": [ [ -75.083253, 39.942568 ], [ -75.080964, 39.94281 ] ] } },
{ "type": "Feature", "properties": { "id": "595967832-2251", "name": "Marlton Pike", "class": "secondary", "is_priority": false }, "geometry": { "type": "LineString", "coordinates": [ [ -75.085013, 39.94153 ], [ -75.083411, 39.940787 ] ] } },
{ "type": "Feature", "properties": { "id": "595967832-2252", "name": "Marlton Pike", "class": "secondary", "is_priority": false }, "geometry": { "type": "LineString", "coordinates": [ [ -75.083315, 39.940741 ], [ -75.082599, 39.940435 ], [ -75.081297, 39.939828 ] ] } },
{ "type": "Feature", "properties": { "id": "595967832-2253", "name": "Marlton Pike", "class": "secondary", "is_priority": false }, "geometry": { "type": "LineString", "coordinates": [ [ -75.081297, 39.939828 ], [ -75.080011, 39.939249 ] ] } },
{ "type": "Feature", "properties": { "id": "596126275-2254", "name": "Myrtle Avenue", "class": "tertiary", "is_priority": false }, "geometry": { "type": "LineString", "coordinates": [ [ -75.067944, 39.946834 ], [ -75.067828, 39.946826 ] ] } },
{ "type": "Feature", "properties": { "id": "596126282-2255", "name": "Mickle Street", "class": "residential", "is_priority": false }, "geometry": { "type": "LineString", "coordinates": [ [ -75.076203, 39.946294 ], [ -75.076532, 39.94626 ] ] } },
{ "type": "Feature", "properties": { "id": "608492341-2256", "name": "Carman Street", "class": "residential", "is_priority": false }, "geometry": { "type": "LineString", "coordinates": [ [ -75.090332, 39.945265 ], [ -75.088025, 39.945572 ] ] } },
{ "type": "Feature", "properties": { "id": "608492341-2257", "name": "Carman Street", "class": "residential", "is_priority": false }, "geometry": { "type": "LineString", "coordinates": [ [ -75.088025, 39.945572 ], [ -75.087461, 39.945648 ], [ -75.08725, 39.945631 ] ] } },
{ "type": "Feature", "properties": { "id": "608492342-2258", "name": "South 24th Street", "class": "residential", "is_priority": false }, "geometry": { "type": "LineString", "coordinates": [ [ -75.090006, 39.943864 ], [ -75.090071, 39.94407 ], [ -75.090332, 39.945265 ] ] } },
{ "type": "Feature", "properties": { "id": "609108629-2259", "name": "Carl Miller Boulevard", "class": "residential", "is_priority": false }, "geometry": { "type": "LineString", "coordinates": [ [ -75.118751, 39.923484 ], [ -75.116411, 39.923449 ] ] } },
{ "type": "Feature", "properties": { "id": "609108629-2260", "name": "Carl Miller Boulevard", "class": "residential", "is_priority": false }, "geometry": { "type": "LineString", "coordinates": [ [ -75.116411, 39.923449 ], [ -75.115608, 39.923443 ] ] } },
{ "type": "Feature", "properties": { "id": "609108631-2261", "name": "Filmore Street", "class": "residential", "is_priority": false }, "geometry": { "type": "LineString", "coordinates": [ [ -75.118751, 39.923484 ], [ -75.118785, 39.921682 ] ] } },
{ "type": "Feature", "properties": { "id": "609108631-2262", "name": "Filmore Street", "class": "residential", "is_priority": false }, "geometry": { "type": "LineString", "coordinates": [ [ -75.118785, 39.921682 ], [ -75.118807, 39.920886 ], [ -75.118773, 39.920816 ], [ -75.11878, 39.919885 ] ] } },
{ "type": "Feature", "properties": { "id": "609108631-2263", "name": "Filmore Street", "class": "residential", "is_priority": false }, "geometry": { "type": "LineString", "coordinates": [ [ -75.11878, 39.919885 ], [ -75.11883, 39.918289 ] ] } },
{ "type": "Feature", "properties": { "id": "626143477-2264", "name": "Arch Street", "class": "residential", "is_priority": false }, "geometry": { "type": "LineString", "coordinates": [ [ -75.121409, 39.944523 ], [ -75.121888, 39.944595 ], [ -75.122783, 39.944682 ] ] } },
{ "type": "Feature", "properties": { "id": "626143478-2265", "name": "North 4th Street", "class": "residential", "is_priority": false }, "geometry": { "type": "LineString", "coordinates": [ [ -75.122783, 39.944682 ], [ -75.122706, 39.944946 ] ] } },
{ "type": "Feature", "properties": { "id": "626312214-2266", "name": "South 2nd Street", "class": "tertiary", "is_priority": false }, "geometry": { "type": "LineString", "coordinates": [ [ -75.127155, 39.934575 ], [ -75.1274, 39.932783 ] ] } },
{ "type": "Feature", "properties": { "id": "626312214-2267", "name": "South 2nd Street", "class": "tertiary", "is_priority": false }, "geometry": { "type": "LineString", "coordinates": [ [ -75.1274, 39.932783 ], [ -75.127519, 39.931785 ] ] } },
{ "type": "Feature", "properties": { "id": "626312215-2268", "name": "Spruce Street", "class": "residential", "is_priority": false }, "geometry": { "type": "LineString", "coordinates": [ [ -75.122483, 39.934884 ], [ -75.124815, 39.934731 ] ] } },
{ "type": "Feature", "properties": { "id": "626312215-2269", "name": "Spruce Street", "class": "residential", "is_priority": false }, "geometry": { "type": "LineString", "coordinates": [ [ -75.124815, 39.934731 ], [ -75.127147, 39.934576 ] ] } },
{ "type": "Feature", "properties": { "id": "626312215-2270", "name": "Spruce Street", "class": "residential", "is_priority": false }, "geometry": { "type": "LineString", "coordinates": [ [ -75.127147, 39.934576 ], [ -75.127155, 39.934575 ] ] } },
{ "type": "Feature", "properties": { "id": "626827749-2271", "name": "Collings Road", "class": "secondary", "is_priority": false }, "geometry": { "type": "LineString", "coordinates": [ [ -75.10749, 39.903071 ], [ -75.106087, 39.90355 ] ] } },
{ "type": "Feature", "properties": { "id": "626827752-2272", "name": "North Collings Road", "class": "secondary", "is_priority": false }, "geometry": { "type": "LineString", "coordinates": [ [ -75.106173, 39.903703 ], [ -75.108324, 39.902993 ] ] } },
{ "type": "Feature", "properties": { "id": "626827752-2273", "name": "North Collings Road", "class": "secondary", "is_priority": false }, "geometry": { "type": "LineString", "coordinates": [ [ -75.108324, 39.902993 ], [ -75.108825, 39.902814 ], [ -75.109154, 39.902669 ], [ -75.109373, 39.902521 ] ] } },
{ "type": "Feature", "properties": { "id": "633770787-2274", "name": "North 36th Street", "class": "tertiary", "is_priority": false }, "geometry": { "type": "LineString", "coordinates": [ [ -75.083334, 39.962917 ], [ -75.083831, 39.963565 ] ] } },
{ "type": "Feature", "properties": { "id": "633770788-2275", "name": "North 27th Street", "class": "residential", "is_priority": false }, "geometry": { "type": "LineString", "coordinates": [ [ -75.096629, 39.959208 ], [ -75.096903, 39.959562 ] ] } },
{ "type": "Feature", "properties": { "id": "633770789-2276", "name": "State Street", "class": "tertiary", "is_priority": false }, "geometry": { "type": "LineString", "coordinates": [ [ -75.122818, 39.953603 ], [ -75.121463, 39.953342 ] ] } },
{ "type": "Feature", "properties": { "id": "633770790-2277", "name": "Pearl Street", "class": "tertiary", "is_priority": false }, "geometry": { "type": "LineString", "coordinates": [ [ -75.126819, 39.951325 ], [ -75.126694, 39.951319 ], [ -75.124544, 39.950905 ] ] } },
{ "type": "Feature", "properties": { "id": "633770790-2278", "name": "Pearl Street", "class": "tertiary", "is_priority": false }, "geometry": { "type": "LineString", "coordinates": [ [ -75.124544, 39.950905 ], [ -75.122494, 39.950513 ], [ -75.122399, 39.950482 ] ] } },
{ "type": "Feature", "properties": { "id": "633770791-2279", "name": "Pearl Street", "class": "unclassified", "is_priority": false }, "geometry": { "type": "LineString", "coordinates": [ [ -75.128933, 39.951566 ], [ -75.128598, 39.95151 ], [ -75.128293, 39.951535 ], [ -75.128095, 39.951535 ], [ -75.126819, 39.951325 ] ] } },
{ "type": "Feature", "properties": { "id": "633770794-2280", "name": "Pearl Street", "class": "residential", "is_priority": false }, "geometry": { "type": "LineString", "coordinates": [ [ -75.12012, 39.949211 ], [ -75.120071, 39.949171 ], [ -75.120044, 39.949115 ] ] } },
{ "type": "Feature", "properties": { "id": "660837057-2281", "name": "Water Street", "class": "unclassified", "is_priority": false }, "geometry": { "type": "LineString", "coordinates": [ [ -75.130163, 39.951786 ], [ -75.130734, 39.950038 ] ] } },
{ "type": "Feature", "properties": { "id": "660837057-2282", "name": "Water Street", "class": "unclassified", "is_priority": false }, "geometry": { "type": "LineString", "coordinates": [ [ -75.130734, 39.950038 ], [ -75.130777, 39.949905 ] ] } },
{ "type": "Feature", "properties": { "id": "660837058-2283", "name": "Cooper Street", "class": "unclassified", "is_priority": false }, "geometry": { "type": "LineString", "coordinates": [ [ -75.127817, 39.948268 ], [ -75.127929, 39.948317 ], [ -75.130073, 39.948739 ] ] } },
{ "type": "Feature", "properties": { "id": "660837058-2284", "name": "Cooper Street", "class": "unclassified", "is_priority": false }, "geometry": { "type": "LineString", "coordinates": [ [ -75.130073, 39.948739 ], [ -75.130373, 39.948798 ], [ -75.13051, 39.948785 ] ] } },
{ "type": "Feature", "properties": { "id": "660837059-2285", "name": "Cooper Street", "class": "unclassified", "is_priority": false }, "geometry": { "type": "LineString", "coordinates": [ [ -75.13051, 39.948785 ], [ -75.130399, 39.948724 ], [ -75.128256, 39.948322 ] ] } },
{ "type": "Feature", "properties": { "id": "660837059-2286", "name": "Cooper Street", "class": "unclassified", "is_priority": false }, "geometry": { "type": "LineString", "coordinates": [ [ -75.128256, 39.948322 ], [ -75.127942, 39.948263 ], [ -75.127817, 39.948268 ] ] } },
{ "type": "Feature", "properties": { "id": "660837060-2287", "name": "Caruso Place", "class": "unclassified", "is_priority": false }, "geometry": { "type": "LineString", "coordinates": [ [ -75.13018, 39.949799 ], [ -75.130757, 39.948052 ] ] } },
{ "type": "Feature", "properties": { "id": "660837060-2288", "name": "Caruso Place", "class": "unclassified", "is_priority": false }, "geometry": { "type": "LineString", "coordinates": [ [ -75.130757, 39.948052 ], [ -75.130771, 39.94801 ] ] } },
{ "type": "Feature", "properties": { "id": "663319117-2289", "name": "Cope Street", "class": "residential", "is_priority": false }, "geometry": { "type": "LineString", "coordinates": [ [ -75.10727, 39.931754 ], [ -75.106355, 39.931282 ], [ -75.106312, 39.931234 ], [ -75.106288, 39.931103 ] ] } },
{ "type": "Feature", "properties": { "id": "678086640-2290", "name": "Marlton Pike", "class": "secondary", "is_priority": false }, "geometry": { "type": "LineString", "coordinates": [ [ -75.079943, 39.939219 ], [ -75.079295, 39.938904 ] ] } },
{ "type": "Feature", "properties": { "id": "678086641-2291", "name": "Marlton Pike", "class": "secondary", "is_priority": false }, "geometry": { "type": "LineString", "coordinates": [ [ -75.080011, 39.939249 ], [ -75.079943, 39.939219 ] ] } },
{ "type": "Feature", "properties": { "id": "680073609-2292", "name": "", "class": "primary_link", "is_priority": false }, "geometry": { "type": "LineString", "coordinates": [ [ -75.117314, 39.942545 ], [ -75.117522, 39.942486 ], [ -75.117844, 39.942496 ], [ -75.117968, 39.942478 ], [ -75.118041, 39.942444 ], [ -75.118053, 39.942403 ] ] } },
{ "type": "Feature", "properties": { "id": "680073610-2293", "name": "South 6th Street", "class": "residential", "is_priority": false }, "geometry": { "type": "LineString", "coordinates": [ [ -75.118053, 39.942403 ], [ -75.118054, 39.942269 ], [ -75.118032, 39.942204 ] ] } },
{ "type": "Feature", "properties": { "id": "686976074-2294", "name": "Centennial Drive", "class": "residential", "is_priority": false }, "geometry": { "type": "LineString", "coordinates": [ [ -75.108652, 39.950218 ], [ -75.108395, 39.950914 ] ] } },
{ "type": "Feature", "properties": { "id": "686976076-2295", "name": "Centennial Drive", "class": "residential", "is_priority": false }, "geometry": { "type": "LineString", "coordinates": [ [ -75.107356, 39.950485 ], [ -75.107589, 39.949785 ], [ -75.107757, 39.949388 ], [ -75.107869, 39.949239 ], [ -75.108022, 39.949101 ], [ -75.108179, 39.949015 ] ] } },
{ "type": "Feature", "properties": { "id": "694147321-2296", "name": "", "class": "unclassified", "is_priority": false }, "geometry": { "type": "LineString", "coordinates": [ [ -75.130039, 39.945964 ], [ -75.130152, 39.9459 ], [ -75.130187, 39.945849 ], [ -75.1303, 39.945483 ], [ -75.1303, 39.9454 ], [ -75.130249, 39.945326 ], [ -75.130112, 39.945249 ] ] } },
{ "type": "Feature", "properties": { "id": "701052465-2297", "name": "South 2nd Street", "class": "residential", "is_priority": false }, "geometry": { "type": "LineString", "coordinates": [ [ -75.125377, 39.921514 ], [ -75.125435, 39.919713 ] ] } },
{ "type": "Feature", "properties": { "id": "701052465-2298", "name": "South 2nd Street", "class": "residential", "is_priority": false }, "geometry": { "type": "LineString", "coordinates": [ [ -75.125435, 39.919713 ], [ -75.125437, 39.919648 ] ] } },
{ "type": "Feature", "properties": { "id": "701079399-2299", "name": "", "class": "residential", "is_priority": false }, "geometry": { "type": "LineString", "coordinates": [ [ -75.087046, 39.950052 ], [ -75.086839, 39.94978 ], [ -75.086785, 39.949732 ], [ -75.086714, 39.949781 ] ] } },
{ "type": "Feature", "properties": { "id": "701258678-2300", "name": "Ferry Avenue", "class": "secondary", "is_priority": false }, "geometry": { "type": "LineString", "coordinates": [ [ -75.103426, 39.918411 ], [ -75.102313, 39.918172 ], [ -75.101981, 39.918134 ] ] } },
{ "type": "Feature", "properties": { "id": "701627546-2301", "name": "", "class": "residential", "is_priority": false }, "geometry": { "type": "LineString", "coordinates": [ [ -75.108934, 39.924135 ], [ -75.109408, 39.924088 ], [ -75.109373, 39.923816 ] ] } },
{ "type": "Feature", "properties": { "id": "701627547-2302", "name": "", "class": "residential", "is_priority": false }, "geometry": { "type": "LineString", "coordinates": [ [ -75.109408, 39.924088 ], [ -75.109427, 39.924217 ] ] } },
{ "type": "Feature", "properties": { "id": "701627548-2303", "name": "", "class": "residential", "is_priority": false }, "geometry": { "type": "LineString", "coordinates": [ [ -75.110665, 39.923923 ], [ -75.110212, 39.92396 ], [ -75.110241, 39.924163 ] ] } },
{ "type": "Feature", "properties": { "id": "701627549-2304", "name": "", "class": "residential", "is_priority": false }, "geometry": { "type": "LineString", "coordinates": [ [ -75.110212, 39.92396 ], [ -75.110195, 39.923859 ] ] } },
{ "type": "Feature", "properties": { "id": "701636178-2305", "name": "", "class": "residential", "is_priority": false }, "geometry": { "type": "LineString", "coordinates": [ [ -75.124336, 39.954527 ], [ -75.124439, 39.954239 ] ] } },
{ "type": "Feature", "properties": { "id": "701636179-2306", "name": "", "class": "residential", "is_priority": false }, "geometry": { "type": "LineString", "coordinates": [ [ -75.124683, 39.954599 ], [ -75.124336, 39.954527 ] ] } },
{ "type": "Feature", "properties": { "id": "701636180-2307", "name": "", "class": "residential", "is_priority": false }, "geometry": { "type": "LineString", "coordinates": [ [ -75.124683, 39.954599 ], [ -75.124743, 39.954463 ], [ -75.124886, 39.954474 ] ] } },
{ "type": "Feature", "properties": { "id": "701636181-2308", "name": "", "class": "residential", "is_priority": false }, "geometry": { "type": "LineString", "coordinates": [ [ -75.124886, 39.954474 ], [ -75.125011, 39.954482 ] ] } },
{ "type": "Feature", "properties": { "id": "702392288-2309", "name": "North 21st Street", "class": "residential", "is_priority": false }, "geometry": { "type": "LineString", "coordinates": [ [ -75.097058, 39.952114 ], [ -75.09748, 39.952365 ] ] } },
{ "type": "Feature", "properties": { "id": "707332688-2310", "name": "Morgan Street", "class": "secondary", "is_priority": false }, "geometry": { "type": "LineString", "coordinates": [ [ -75.116896, 39.912597 ], [ -75.115463, 39.912591 ] ] } },
{ "type": "Feature", "properties": { "id": "739489832-2311", "name": "", "class": "residential", "is_priority": false }, "geometry": { "type": "LineString", "coordinates": [ [ -75.11059, 39.922719 ], [ -75.108784, 39.922776 ] ] } },
{ "type": "Feature", "properties": { "id": "739489833-2312", "name": "", "class": "residential", "is_priority": false }, "geometry": { "type": "LineString", "coordinates": [ [ -75.110563, 39.922084 ], [ -75.108744, 39.922157 ] ] } },
{ "type": "Feature", "properties": { "id": "744512457-2313", "name": "Winslow Street", "class": "residential", "is_priority": false }, "geometry": { "type": "LineString", "coordinates": [ [ -75.122357, 39.920235 ], [ -75.121445, 39.920215 ] ] } },
{ "type": "Feature", "properties": { "id": "775090267-2314", "name": "Walt Whitman Bridge", "class": "motorway", "is_priority": true }, "geometry": { "type": "LineString", "coordinates": [ [ -75.109851, 39.899163 ], [ -75.109921, 39.899265 ] ] } },
{ "type": "Feature", "properties": { "id": "775090268-2315", "name": "North-South Freeway", "class": "motorway", "is_priority": true }, "geometry": { "type": "LineString", "coordinates": [ [ -75.109721, 39.899219 ], [ -75.109787, 39.899316 ] ] } },
{ "type": "Feature", "properties": { "id": "790237587-2316", "name": "Water Street", "class": "unclassified", "is_priority": false }, "geometry": { "type": "LineString", "coordinates": [ [ -75.130777, 39.949905 ], [ -75.131007, 39.949034 ], [ -75.131288, 39.948147 ] ] } },
{ "type": "Feature", "properties": { "id": "790237587-2317", "name": "Water Street", "class": "unclassified", "is_priority": false }, "geometry": { "type": "LineString", "coordinates": [ [ -75.131288, 39.948147 ], [ -75.131297, 39.948082 ], [ -75.131218, 39.948008 ], [ -75.130931, 39.947956 ], [ -75.130825, 39.947966 ], [ -75.130771, 39.94801 ] ] } },
{ "type": "Feature", "properties": { "id": "790237588-2318", "name": "North 7th Street", "class": "tertiary", "is_priority": false }, "geometry": { "type": "LineString", "coordinates": [ [ -75.115975, 39.950295 ], [ -75.115431, 39.952047 ] ] } },
{ "type": "Feature", "properties": { "id": "790237588-2319", "name": "North 7th Street", "class": "tertiary", "is_priority": false }, "geometry": { "type": "LineString", "coordinates": [ [ -75.115431, 39.952047 ], [ -75.115392, 39.952179 ] ] } },
{ "type": "Feature", "properties": { "id": "807262822-2320", "name": "Haddon Avenue", "class": "primary", "is_priority": true }, "geometry": { "type": "LineString", "coordinates": [ [ -75.111898, 39.938034 ], [ -75.111698, 39.937848 ] ] } },
{ "type": "Feature", "properties": { "id": "807262823-2321", "name": "Haddon Avenue", "class": "primary", "is_priority": true }, "geometry": { "type": "LineString", "coordinates": [ [ -75.111563, 39.937724 ], [ -75.111435, 39.93761 ] ] } },
{ "type": "Feature", "properties": { "id": "813549992-2322", "name": "Copewood Street", "class": "residential", "is_priority": false }, "geometry": { "type": "LineString", "coordinates": [ [ -75.094994, 39.924798 ], [ -75.094476, 39.925179 ], [ -75.093842, 39.925701 ] ] } },
{ "type": "Feature", "properties": { "id": "813549993-2323", "name": "Copewood Street", "class": "residential", "is_priority": false }, "geometry": { "type": "LineString", "coordinates": [ [ -75.095131, 39.924679 ], [ -75.094994, 39.924798 ] ] } },
{ "type": "Feature", "properties": { "id": "828127276-2324", "name": "South 8th Street", "class": "residential", "is_priority": false }, "geometry": { "type": "LineString", "coordinates": [ [ -75.112657, 39.92953 ], [ -75.112679, 39.929653 ] ] } },
{ "type": "Feature", "properties": { "id": "828127277-2325", "name": "South 8th Street", "class": "residential", "is_priority": false }, "geometry": { "type": "LineString", "coordinates": [ [ -75.112679, 39.929653 ], [ -75.112733, 39.929909 ] ] } },
{ "type": "Feature", "properties": { "id": "828136572-2326", "name": "Chestnut Street", "class": "tertiary", "is_priority": false }, "geometry": { "type": "LineString", "coordinates": [ [ -75.109157, 39.933056 ], [ -75.108987, 39.933065 ] ] } },
{ "type": "Feature", "properties": { "id": "828136573-2327", "name": "Chestnut Street", "class": "tertiary", "is_priority": false }, "geometry": { "type": "LineString", "coordinates": [ [ -75.108987, 39.933065 ], [ -75.107857, 39.933151 ], [ -75.106655, 39.933215 ] ] } },
{ "type": "Feature", "properties": { "id": "828136573-2328", "name": "Chestnut Street", "class": "tertiary", "is_priority": false }, "geometry": { "type": "LineString", "coordinates": [ [ -75.106655, 39.933215 ], [ -75.106286, 39.933234 ], [ -75.106209, 39.933255 ], [ -75.106154, 39.933287 ], [ -75.106112, 39.933341 ], [ -75.105517, 39.933868 ] ] } },
{ "type": "Feature", "properties": { "id": "828136575-2329", "name": "Mount Ephraim Avenue", "class": "primary", "is_priority": true }, "geometry": { "type": "LineString", "coordinates": [ [ -75.109929, 39.934099 ], [ -75.109912, 39.933988 ], [ -75.109807, 39.933701 ], [ -75.10954, 39.933174 ], [ -75.109424, 39.933041 ] ] } },
{ "type": "Feature", "properties": { "id": "842319371-2330", "name": "Admiral Wilson Boulevard", "class": "trunk", "is_priority": true }, "geometry": { "type": "LineString", "coordinates": [ [ -75.103512, 39.941085 ], [ -75.102977, 39.940951 ], [ -75.102404, 39.940848 ], [ -75.101988, 39.940802 ], [ -75.101222, 39.940748 ] ] } },
{ "type": "Feature", "properties": { "id": "842319371-2331", "name": "Admiral Wilson Boulevard", "class": "trunk", "is_priority": true }, "geometry": { "type": "LineString", "coordinates": [ [ -75.101222, 39.940748 ], [ -75.098891, 39.940582 ] ] } },
{ "type": "Feature", "properties": { "id": "842319371-2332", "name": "Admiral Wilson Boulevard", "class": "trunk", "is_priority": true }, "geometry": { "type": "LineString", "coordinates": [ [ -75.098891, 39.940582 ], [ -75.098291, 39.940532 ], [ -75.097603, 39.940446 ], [ -75.096596, 39.940245 ] ] } },
{ "type": "Feature", "properties": { "id": "842319371-2333", "name": "Admiral Wilson Boulevard", "class": "trunk", "is_priority": true }, "geometry": { "type": "LineString", "coordinates": [ [ -75.096596, 39.940245 ], [ -75.096038, 39.940099 ], [ -75.09557, 39.939952 ] ] } },
{ "type": "Feature", "properties": { "id": "866168173-2334", "name": "", "class": "residential", "is_priority": false }, "geometry": { "type": "LineString", "coordinates": [ [ -75.098685, 39.921253 ], [ -75.098003, 39.921319 ] ] } },
{ "type": "Feature", "properties": { "id": "889571245-2335", "name": "Carman Street", "class": "residential", "is_priority": false }, "geometry": { "type": "LineString", "coordinates": [ [ -75.08725, 39.945631 ], [ -75.087152, 39.945647 ] ] } },
{ "type": "Feature", "properties": { "id": "893223907-2336", "name": "", "class": "residential", "is_priority": false }, "geometry": { "type": "LineString", "coordinates": [ [ -75.108657, 39.920765 ], [ -75.110467, 39.9207 ] ] } },
{ "type": "Feature", "properties": { "id": "893223908-2337", "name": "", "class": "residential", "is_priority": false }, "geometry": { "type": "LineString", "coordinates": [ [ -75.109536, 39.920735 ], [ -75.109613, 39.922116 ] ] } },
{ "type": "Feature", "properties": { "id": "896195986-2338", "name": "Haddon Avenue", "class": "primary", "is_priority": true }, "geometry": { "type": "LineString", "coordinates": [ [ -75.112748, 39.938891 ], [ -75.112068, 39.938195 ] ] } },
{ "type": "Feature", "properties": { "id": "918516469-2339", "name": "", "class": "residential", "is_priority": false }, "geometry": { "type": "LineString", "coordinates": [ [ -75.109536, 39.920735 ], [ -75.109511, 39.920412 ] ] } },
{ "type": "Feature", "properties": { "id": "918516469-2340", "name": "", "class": "residential", "is_priority": false }, "geometry": { "type": "LineString", "coordinates": [ [ -75.109511, 39.920412 ], [ -75.1095, 39.92028 ], [ -75.109471, 39.920238 ], [ -75.109389, 39.920223 ], [ -75.109061, 39.920235 ], [ -75.109036, 39.920266 ], [ -75.109041, 39.920401 ], [ -75.109076, 39.920425 ], [ -75.109511, 39.920412 ] ] } },
{ "type": "Feature", "properties": { "id": "918516470-2341", "name": "", "class": "residential", "is_priority": false }, "geometry": { "type": "LineString", "coordinates": [ [ -75.10916, 39.921797 ], [ -75.109113, 39.921108 ] ] } },
{ "type": "Feature", "properties": { "id": "918516471-2342", "name": "", "class": "residential", "is_priority": false }, "geometry": { "type": "LineString", "coordinates": [ [ -75.10957, 39.921439 ], [ -75.10914, 39.92146 ] ] } },
{ "type": "Feature", "properties": { "id": "918516472-2343", "name": "", "class": "residential", "is_priority": false }, "geometry": { "type": "LineString", "coordinates": [ [ -75.110026, 39.92072 ], [ -75.110076, 39.921814 ], [ -75.110027, 39.92184 ], [ -75.10974, 39.921845 ] ] } },
{ "type": "Feature", "properties": { "id": "945065471-2344", "name": "Haddon Avenue", "class": "primary", "is_priority": true }, "geometry": { "type": "LineString", "coordinates": [ [ -75.111435, 39.93761 ], [ -75.110875, 39.937262 ], [ -75.110678, 39.937156 ] ] } },
{ "type": "Feature", "properties": { "id": "953188902-2345", "name": "Admiral Wilson Boulevard", "class": "motorway", "is_priority": true }, "geometry": { "type": "LineString", "coordinates": [ [ -75.117906, 39.947818 ], [ -75.117647, 39.947722 ], [ -75.115902, 39.946888 ] ] } },
{ "type": "Feature", "properties": { "id": "953188902-2346", "name": "Admiral Wilson Boulevard", "class": "motorway", "is_priority": true }, "geometry": { "type": "LineString", "coordinates": [ [ -75.115902, 39.946888 ], [ -75.114751, 39.946355 ], [ -75.114365, 39.946209 ], [ -75.113836, 39.946052 ] ] } },
{ "type": "Feature", "properties": { "id": "953188902-2347", "name": "Admiral Wilson Boulevard", "class": "motorway", "is_priority": true }, "geometry": { "type": "LineString", "coordinates": [ [ -75.113836, 39.946052 ], [ -75.113556, 39.945985 ], [ -75.112987, 39.945881 ], [ -75.111547, 39.945682 ] ] } },
{ "type": "Feature", "properties": { "id": "953188902-2348", "name": "Admiral Wilson Boulevard", "class": "motorway", "is_priority": true }, "geometry": { "type": "LineString", "coordinates": [ [ -75.111547, 39.945682 ], [ -75.110601, 39.945556 ] ] } },
{ "type": "Feature", "properties": { "id": "960047259-2349", "name": "Walt Whitman Bridge Extension", "class": "motorway", "is_priority": true }, "geometry": { "type": "LineString", "coordinates": [ [ -75.113755, 39.901421 ], [ -75.113228, 39.901024 ], [ -75.112872, 39.900813 ], [ -75.112495, 39.900626 ], [ -75.111914, 39.900416 ] ] } },
{ "type": "Feature", "properties": { "id": "960881448-2350", "name": "Ferry Avenue", "class": "secondary", "is_priority": false }, "geometry": { "type": "LineString", "coordinates": [ [ -75.090626, 39.921444 ], [ -75.090227, 39.92166 ] ] } },
{ "type": "Feature", "properties": { "id": "961520671-2351", "name": "North-South Freeway", "class": "motorway", "is_priority": true }, "geometry": { "type": "LineString", "coordinates": [ [ -75.111748, 39.903169 ], [ -75.112798, 39.904735 ] ] } },
{ "type": "Feature", "properties": { "id": "961520672-2352", "name": "North-South Freeway", "class": "motorway", "is_priority": true }, "geometry": { "type": "LineString", "coordinates": [ [ -75.111163, 39.901975 ], [ -75.11164, 39.902973 ] ] } },
{ "type": "Feature", "properties": { "id": "961530164-2353", "name": "", "class": "motorway_link", "is_priority": false }, "geometry": { "type": "LineString", "coordinates": [ [ -75.119016, 39.94798 ], [ -75.118696, 39.947861 ], [ -75.118249, 39.947724 ] ] } },
{ "type": "Feature", "properties": { "id": "961603638-2354", "name": "Walt Whitman Bridge Extension", "class": "motorway", "is_priority": true }, "geometry": { "type": "LineString", "coordinates": [ [ -75.102258, 39.901438 ], [ -75.104598, 39.901427 ] ] } },
{ "type": "Feature", "properties": { "id": "961603638-2355", "name": "Walt Whitman Bridge Extension", "class": "motorway", "is_priority": true }, "geometry": { "type": "LineString", "coordinates": [ [ -75.104598, 39.901427 ], [ -75.105346, 39.901411 ] ] } },
{ "type": "Feature", "properties": { "id": "965649769-2356", "name": "North-South Freeway", "class": "motorway", "is_priority": true }, "geometry": { "type": "LineString", "coordinates": [ [ -75.11509, 39.910099 ], [ -75.115306, 39.910585 ], [ -75.115563, 39.911266 ], [ -75.115684, 39.911838 ] ] } },
{ "type": "Feature", "properties": { "id": "965649769-2357", "name": "North-South Freeway", "class": "motorway", "is_priority": true }, "geometry": { "type": "LineString", "coordinates": [ [ -75.115684, 39.911838 ], [ -75.115779, 39.91239 ] ] } },
{ "type": "Feature", "properties": { "id": "965884815-2358", "name": "North 5th Street", "class": "residential", "is_priority": false }, "geometry": { "type": "LineString", "coordinates": [ [ -75.120755, 39.946846 ], [ -75.120734, 39.94692 ] ] } },
{ "type": "Feature", "properties": { "id": "965884816-2359", "name": "North 5th Street", "class": "residential", "is_priority": false }, "geometry": { "type": "LineString", "coordinates": [ [ -75.120524, 39.947561 ], [ -75.120487, 39.947683 ] ] } },
{ "type": "Feature", "properties": { "id": "965909543-2360", "name": "North-South Freeway", "class": "motorway", "is_priority": true }, "geometry": { "type": "LineString", "coordinates": [ [ -75.115906, 39.926703 ], [ -75.115906, 39.926927 ], [ -75.115867, 39.927202 ], [ -75.11577, 39.927657 ], [ -75.115577, 39.928211 ], [ -75.115442, 39.928456 ] ] } },
{ "type": "Feature", "properties": { "id": "965909543-2361", "name": "North-South Freeway", "class": "motorway", "is_priority": true }, "geometry": { "type": "LineString", "coordinates": [ [ -75.115442, 39.928456 ], [ -75.115305, 39.928708 ] ] } },
{ "type": "Feature", "properties": { "id": "971624697-2362", "name": "Broadway", "class": "primary", "is_priority": true }, "geometry": { "type": "LineString", "coordinates": [ [ -75.119241, 39.9428 ], [ -75.119193, 39.944087 ] ] } },
{ "type": "Feature", "properties": { "id": "994853977-2363", "name": "Walt Whitman Bridge", "class": "motorway", "is_priority": true }, "geometry": { "type": "LineString", "coordinates": [ [ -75.115315, 39.902838 ], [ -75.115502, 39.902911 ] ] } },
{ "type": "Feature", "properties": { "id": "995538501-2364", "name": "North-South Freeway", "class": "motorway", "is_priority": true }, "geometry": { "type": "LineString", "coordinates": [ [ -75.113958, 39.906152 ], [ -75.113721, 39.905143 ] ] } },
{ "type": "Feature", "properties": { "id": "995548608-2365", "name": "North-South Freeway", "class": "motorway", "is_priority": true }, "geometry": { "type": "LineString", "coordinates": [ [ -75.113778, 39.930706 ], [ -75.11478, 39.92973 ], [ -75.115173, 39.929261 ] ] } },
{ "type": "Feature", "properties": { "id": "995548608-2366", "name": "North-South Freeway", "class": "motorway", "is_priority": true }, "geometry": { "type": "LineString", "coordinates": [ [ -75.115173, 39.929261 ], [ -75.115283, 39.929115 ] ] } },
{ "type": "Feature", "properties": { "id": "995552436-2367", "name": "North-South Freeway", "class": "motorway", "is_priority": true }, "geometry": { "type": "LineString", "coordinates": [ [ -75.116448, 39.91566 ], [ -75.116225, 39.913866 ] ] } },
{ "type": "Feature", "properties": { "id": "995552436-2368", "name": "North-South Freeway", "class": "motorway", "is_priority": true }, "geometry": { "type": "LineString", "coordinates": [ [ -75.116225, 39.913866 ], [ -75.116086, 39.912741 ] ] } },
{ "type": "Feature", "properties": { "id": "997416056-2369", "name": "North-South Freeway", "class": "motorway", "is_priority": true }, "geometry": { "type": "LineString", "coordinates": [ [ -75.11125, 39.899848 ], [ -75.110949, 39.899467 ] ] } },
{ "type": "Feature", "properties": { "id": "997416057-2370", "name": "North-South Freeway", "class": "motorway", "is_priority": true }, "geometry": { "type": "LineString", "coordinates": [ [ -75.111483, 39.900113 ], [ -75.11125, 39.899848 ] ] } },
{ "type": "Feature", "properties": { "id": "997437385-2371", "name": "North-South Freeway", "class": "motorway", "is_priority": true }, "geometry": { "type": "LineString", "coordinates": [ [ -75.113721, 39.905143 ], [ -75.113203, 39.903386 ] ] } },
{ "type": "Feature", "properties": { "id": "997437385-2372", "name": "North-South Freeway", "class": "motorway", "is_priority": true }, "geometry": { "type": "LineString", "coordinates": [ [ -75.113203, 39.903386 ], [ -75.112988, 39.902632 ] ] } },
{ "type": "Feature", "properties": { "id": "999685489-2373", "name": "", "class": "motorway_link", "is_priority": false }, "geometry": { "type": "LineString", "coordinates": [ [ -75.109548, 39.901263 ], [ -75.110311, 39.901244 ], [ -75.110466, 39.901252 ], [ -75.11059, 39.901285 ], [ -75.110724, 39.901363 ], [ -75.11081, 39.901441 ], [ -75.111163, 39.901975 ] ] } },
{ "type": "Feature", "properties": { "id": "999687712-2374", "name": "", "class": "motorway_link", "is_priority": false }, "geometry": { "type": "LineString", "coordinates": [ [ -75.110653, 39.902151 ], [ -75.110736, 39.902305 ], [ -75.1111, 39.902793 ], [ -75.111194, 39.902961 ], [ -75.111212, 39.903049 ], [ -75.111208, 39.903195 ], [ -75.111105, 39.903482 ], [ -75.11113, 39.903603 ], [ -75.11118, 39.903662 ] ] } },
{ "type": "Feature", "properties": { "id": "1000500766-2375", "name": "South Chesapeake Road", "class": "residential", "is_priority": false }, "geometry": { "type": "LineString", "coordinates": [ [ -75.103024, 39.903746 ], [ -75.102857, 39.903455 ] ] } },
{ "type": "Feature", "properties": { "id": "1000500767-2376", "name": "South Chesapeake Road", "class": "residential", "is_priority": false }, "geometry": { "type": "LineString", "coordinates": [ [ -75.103495, 39.904615 ], [ -75.103399, 39.904439 ] ] } },
{ "type": "Feature", "properties": { "id": "1001764031-2377", "name": "Cooper Street", "class": "tertiary", "is_priority": false }, "geometry": { "type": "LineString", "coordinates": [ [ -75.120734, 39.94692 ], [ -75.121868, 39.947133 ], [ -75.121938, 39.947114 ] ] } },
{ "type": "Feature", "properties": { "id": "1002557890-2378", "name": "Federal Street", "class": "primary", "is_priority": true }, "geometry": { "type": "LineString", "coordinates": [ [ -75.111178, 39.944006 ], [ -75.110597, 39.944001 ], [ -75.110218, 39.943981 ] ] } },
{ "type": "Feature", "properties": { "id": "1007621929-2379", "name": "Crescent Boulevard", "class": "trunk", "is_priority": true }, "geometry": { "type": "LineString", "coordinates": [ [ -75.095874, 39.903759 ], [ -75.095766, 39.903886 ] ] } },
{ "type": "Feature", "properties": { "id": "1007621930-2380", "name": "Crescent Boulevard", "class": "trunk", "is_priority": true }, "geometry": { "type": "LineString", "coordinates": [ [ -75.095938, 39.903985 ], [ -75.096084, 39.903801 ] ] } },
{ "type": "Feature", "properties": { "id": "1008218424-2381", "name": "North-South Freeway", "class": "motorway", "is_priority": true }, "geometry": { "type": "LineString", "coordinates": [ [ -75.115462, 39.910451 ], [ -75.114954, 39.909273 ], [ -75.114758, 39.908733 ] ] } },
{ "type": "Feature", "properties": { "id": "1008218424-2382", "name": "North-South Freeway", "class": "motorway", "is_priority": true }, "geometry": { "type": "LineString", "coordinates": [ [ -75.114758, 39.908733 ], [ -75.114337, 39.90746 ], [ -75.11421, 39.906982 ] ] } },
{ "type": "Feature", "properties": { "id": "1008218424-2383", "name": "North-South Freeway", "class": "motorway", "is_priority": true }, "geometry": { "type": "LineString", "coordinates": [ [ -75.11421, 39.906982 ], [ -75.114167, 39.90682 ] ] } },
{ "type": "Feature", "properties": { "id": "1008282276-2384", "name": "Admiral Wilson Boulevard", "class": "trunk", "is_priority": true }, "geometry": { "type": "LineString", "coordinates": [ [ -75.106461, 39.943284 ], [ -75.106489, 39.943325 ] ] } },
{ "type": "Feature", "properties": { "id": "1008618160-2385", "name": "Admiral Wilson Boulevard", "class": "motorway", "is_priority": true }, "geometry": { "type": "LineString", "coordinates": [ [ -75.110601, 39.945556 ], [ -75.110051, 39.945477 ] ] } },
{ "type": "Feature", "properties": { "id": "1009804688-2386", "name": "Cooper Street", "class": "tertiary", "is_priority": false }, "geometry": { "type": "LineString", "coordinates": [ [ -75.119076, 39.946609 ], [ -75.120267, 39.946834 ] ] } },
{ "type": "Feature", "properties": { "id": "1009804689-2387", "name": "Cooper Street", "class": "tertiary", "is_priority": false }, "geometry": { "type": "LineString", "coordinates": [ [ -75.119105, 39.946517 ], [ -75.119006, 39.946484 ], [ -75.118465, 39.946382 ] ] } },
{ "type": "Feature", "properties": { "id": "1011014302-2388", "name": "Wright Avenue", "class": "primary", "is_priority": true }, "geometry": { "type": "LineString", "coordinates": [ [ -75.109302, 39.943886 ], [ -75.108317, 39.943861 ] ] } },
{ "type": "Feature", "properties": { "id": "1011014303-2389", "name": "Wright Avenue", "class": "primary", "is_priority": true }, "geometry": { "type": "LineString", "coordinates": [ [ -75.108317, 39.943861 ], [ -75.108136, 39.943857 ] ] } },
{ "type": "Feature", "properties": { "id": "1014059242-2390", "name": "", "class": "motorway_link", "is_priority": false }, "geometry": { "type": "LineString", "coordinates": [ [ -75.11332, 39.942985 ], [ -75.113326, 39.943093 ], [ -75.113292, 39.943284 ], [ -75.113186, 39.943494 ], [ -75.113036, 39.943644 ], [ -75.112907, 39.943723 ], [ -75.112688, 39.943812 ] ] } },
{ "type": "Feature", "properties": { "id": "1024660771-2391", "name": "", "class": "motorway_link", "is_priority": false }, "geometry": { "type": "LineString", "coordinates": [ [ -75.11404, 39.928647 ], [ -75.113979, 39.928752 ] ] } },
{ "type": "Feature", "properties": { "id": "1024660772-2392", "name": "", "class": "motorway_link", "is_priority": false }, "geometry": { "type": "LineString", "coordinates": [ [ -75.114157, 39.928445 ], [ -75.11404, 39.928647 ] ] } },
{ "type": "Feature", "properties": { "id": "1026950939-2393", "name": "Dr Martin Luther King Boulevard", "class": "primary", "is_priority": true }, "geometry": { "type": "LineString", "coordinates": [ [ -75.117084, 39.942544 ], [ -75.117222, 39.942545 ] ] } },
{ "type": "Feature", "properties": { "id": "1027616621-2394", "name": "Walt Whitman Bridge", "class": "motorway", "is_priority": true }, "geometry": { "type": "LineString", "coordinates": [ [ -75.116537, 39.902958 ], [ -75.116347, 39.902925 ] ] } },
{ "type": "Feature", "properties": { "id": "1028515010-2395", "name": "Park Boulevard", "class": "tertiary", "is_priority": false }, "geometry": { "type": "LineString", "coordinates": [ [ -75.092222, 39.929316 ], [ -75.092258, 39.929402 ] ] } },
{ "type": "Feature", "properties": { "id": "1028515011-2396", "name": "Vesper Boulevard", "class": "residential", "is_priority": false }, "geometry": { "type": "LineString", "coordinates": [ [ -75.092258, 39.929402 ], [ -75.09241, 39.929345 ] ] } },
{ "type": "Feature", "properties": { "id": "1028515012-2397", "name": "Vesper Boulevard", "class": "residential", "is_priority": false }, "geometry": { "type": "LineString", "coordinates": [ [ -75.092409, 39.929303 ], [ -75.092222, 39.929316 ] ] } },
{ "type": "Feature", "properties": { "id": "1030282287-2398", "name": "Morgan Street", "class": "secondary", "is_priority": false }, "geometry": { "type": "LineString", "coordinates": [ [ -75.114611, 39.912666 ], [ -75.11503, 39.912675 ] ] } },
{ "type": "Feature", "properties": { "id": "1030282288-2399", "name": "Morgan Street", "class": "secondary", "is_priority": false }, "geometry": { "type": "LineString", "coordinates": [ [ -75.11503, 39.912675 ], [ -75.115566, 39.912685 ] ] } },
{ "type": "Feature", "properties": { "id": "1030282289-2400", "name": "Morgan Street", "class": "secondary", "is_priority": false }, "geometry": { "type": "LineString", "coordinates": [ [ -75.115866, 39.912691 ], [ -75.116244, 39.912699 ] ] } },
{ "type": "Feature", "properties": { "id": "1030282290-2401", "name": "Morgan Street", "class": "secondary", "is_priority": false }, "geometry": { "type": "LineString", "coordinates": [ [ -75.116244, 39.912699 ], [ -75.116828, 39.912709 ] ] } },
{ "type": "Feature", "properties": { "id": "1030282291-2402", "name": "Morgan Street", "class": "secondary", "is_priority": false }, "geometry": { "type": "LineString", "coordinates": [ [ -75.115566, 39.912685 ], [ -75.115866, 39.912691 ] ] } },
{ "type": "Feature", "properties": { "id": "1030282434-2403", "name": "Morgan Street", "class": "secondary", "is_priority": false }, "geometry": { "type": "LineString", "coordinates": [ [ -75.117419, 39.912691 ], [ -75.117187, 39.912614 ], [ -75.116896, 39.912597 ] ] } },
{ "type": "Feature", "properties": { "id": "1030282435-2404", "name": "Morgan Street", "class": "secondary", "is_priority": false }, "geometry": { "type": "LineString", "coordinates": [ [ -75.115463, 39.912591 ], [ -75.114557, 39.91257 ] ] } },
{ "type": "Feature", "properties": { "id": "1030314609-2405", "name": "Walt Whitman Bridge Extension", "class": "motorway", "is_priority": true }, "geometry": { "type": "LineString", "coordinates": [ [ -75.09964, 39.901257 ], [ -75.098886, 39.901216 ] ] } },
{ "type": "Feature", "properties": { "id": "1030364457-2406", "name": "Cooper Street", "class": "tertiary", "is_priority": false }, "geometry": { "type": "LineString", "coordinates": [ [ -75.121938, 39.947114 ], [ -75.121898, 39.947074 ], [ -75.121353, 39.946956 ] ] } },
{ "type": "Feature", "properties": { "id": "1033721819-2407", "name": "Park Boulevard", "class": "tertiary", "is_priority": false }, "geometry": { "type": "LineString", "coordinates": [ [ -75.098595, 39.934693 ], [ -75.098281, 39.934414 ] ] } },
{ "type": "Feature", "properties": { "id": "1041357620-2408", "name": "Baird Boulevard", "class": "secondary", "is_priority": false }, "geometry": { "type": "LineString", "coordinates": [ [ -75.09453, 39.937695 ], [ -75.094444, 39.937724 ], [ -75.094258, 39.937862 ] ] } },
{ "type": "Feature", "properties": { "id": "1042631376-2409", "name": "Park Boulevard", "class": "tertiary", "is_priority": false }, "geometry": { "type": "LineString", "coordinates": [ [ -75.097812, 39.934293 ], [ -75.098164, 39.93452 ] ] } },
{ "type": "Feature", "properties": { "id": "1043666584-2410", "name": "", "class": "motorway_link", "is_priority": false }, "geometry": { "type": "LineString", "coordinates": [ [ -75.117345, 39.913376 ], [ -75.117374, 39.913237 ], [ -75.117419, 39.912691 ] ] } },
{ "type": "Feature", "properties": { "id": "1047089042-2411", "name": "Cooper Street", "class": "tertiary", "is_priority": false }, "geometry": { "type": "LineString", "coordinates": [ [ -75.120267, 39.946834 ], [ -75.120734, 39.94692 ] ] } },
{ "type": "Feature", "properties": { "id": "1049330291-2412", "name": "Admiral Wilson Boulevard", "class": "trunk", "is_priority": true }, "geometry": { "type": "LineString", "coordinates": [ [ -75.089704, 39.937327 ], [ -75.088243, 39.936658 ] ] } },
{ "type": "Feature", "properties": { "id": "1051237547-2413", "name": "North-South Freeway", "class": "motorway", "is_priority": true }, "geometry": { "type": "LineString", "coordinates": [ [ -75.116051, 39.912403 ], [ -75.115877, 39.911522 ] ] } },
{ "type": "Feature", "properties": { "id": "1051277880-2414", "name": "North-South Freeway", "class": "motorway", "is_priority": true }, "geometry": { "type": "LineString", "coordinates": [ [ -75.115996, 39.924824 ], [ -75.115983, 39.925217 ] ] } },
{ "type": "Feature", "properties": { "id": "1051462310-2415", "name": "North-South Freeway", "class": "motorway", "is_priority": true }, "geometry": { "type": "LineString", "coordinates": [ [ -75.11129, 39.93509 ], [ -75.111352, 39.935588 ], [ -75.111715, 39.936859 ] ] } },
{ "type": "Feature", "properties": { "id": "1051462310-2416", "name": "North-South Freeway", "class": "motorway", "is_priority": true }, "geometry": { "type": "LineString", "coordinates": [ [ -75.111715, 39.936859 ], [ -75.11172, 39.936875 ] ] } },
{ "type": "Feature", "properties": { "id": "1052610750-2417", "name": "Venner Street", "class": "residential", "is_priority": false }, "geometry": { "type": "LineString", "coordinates": [ [ -75.090475, 39.922361 ], [ -75.090049, 39.922199 ] ] } },
{ "type": "Feature", "properties": { "id": "1053005145-2418", "name": "North-South Freeway", "class": "motorway", "is_priority": true }, "geometry": { "type": "LineString", "coordinates": [ [ -75.116235, 39.925199 ], [ -75.116252, 39.924824 ] ] } },
{ "type": "Feature", "properties": { "id": "1053005146-2419", "name": "North-South Freeway", "class": "motorway", "is_priority": true }, "geometry": { "type": "LineString", "coordinates": [ [ -75.116165, 39.926675 ], [ -75.116189, 39.926206 ] ] } },
{ "type": "Feature", "properties": { "id": "1053201504-2420", "name": "Venner Street", "class": "residential", "is_priority": false }, "geometry": { "type": "LineString", "coordinates": [ [ -75.09114, 39.922703 ], [ -75.09112, 39.92264 ], [ -75.090575, 39.922373 ], [ -75.090475, 39.922361 ] ] } },
{ "type": "Feature", "properties": { "id": "1053201505-2421", "name": "Venner Street", "class": "residential", "is_priority": false }, "geometry": { "type": "LineString", "coordinates": [ [ -75.091054, 39.922692 ], [ -75.09114, 39.922703 ] ] } },
{ "type": "Feature", "properties": { "id": "1053221004-2422", "name": "", "class": "tertiary", "is_priority": false }, "geometry": { "type": "LineString", "coordinates": [ [ -75.120799, 39.951301 ], [ -75.120868, 39.951257 ], [ -75.120876, 39.951189 ], [ -75.12082, 39.951135 ], [ -75.120728, 39.951128 ], [ -75.120672, 39.951157 ], [ -75.120647, 39.951229 ], [ -75.120701, 39.951292 ], [ -75.120799, 39.951301 ] ] } },
{ "type": "Feature", "properties": { "id": "1053221005-2423", "name": "Main Street", "class": "tertiary", "is_priority": false }, "geometry": { "type": "LineString", "coordinates": [ [ -75.121824, 39.951821 ], [ -75.120881, 39.951212 ] ] } },
{ "type": "Feature", "properties": { "id": "1053221006-2424", "name": "North 3rd Street", "class": "tertiary", "is_priority": false }, "geometry": { "type": "LineString", "coordinates": [ [ -75.122399, 39.950482 ], [ -75.121947, 39.951822 ] ] } },
{ "type": "Feature", "properties": { "id": "1053221007-2425", "name": "", "class": "tertiary", "is_priority": false }, "geometry": { "type": "LineString", "coordinates": [ [ -75.121947, 39.951822 ], [ -75.121854, 39.951812 ], [ -75.121781, 39.951855 ], [ -75.12177, 39.951924 ], [ -75.121825, 39.951978 ] ] } },
{ "type": "Feature", "properties": { "id": "1053221008-2426", "name": "Main Street", "class": "tertiary", "is_priority": false }, "geometry": { "type": "LineString", "coordinates": [ [ -75.12085, 39.951276 ], [ -75.121769, 39.951878 ] ] } },
{ "type": "Feature", "properties": { "id": "1053849244-2427", "name": "North-South Freeway", "class": "motorway", "is_priority": true }, "geometry": { "type": "LineString", "coordinates": [ [ -75.110949, 39.899467 ], [ -75.110748, 39.899251 ] ] } },
{ "type": "Feature", "properties": { "id": "1054655259-2428", "name": "North-South Freeway", "class": "motorway", "is_priority": true }, "geometry": { "type": "LineString", "coordinates": [ [ -75.113078, 39.941363 ], [ -75.113262, 39.942122 ], [ -75.113337, 39.942568 ] ] } },
{ "type": "Feature", "properties": { "id": "1059888739-2429", "name": "Mount Ephraim Avenue", "class": "primary", "is_priority": true }, "geometry": { "type": "LineString", "coordinates": [ [ -75.096012, 39.904766 ], [ -75.096071, 39.904944 ] ] } },
{ "type": "Feature", "properties": { "id": "1061634960-2430", "name": "Federal Street", "class": "primary", "is_priority": true }, "geometry": { "type": "LineString", "coordinates": [ [ -75.111559, 39.944134 ], [ -75.111745, 39.944137 ] ] } },
{ "type": "Feature", "properties": { "id": "1064044727-2431", "name": "Federal Street", "class": "primary", "is_priority": true }, "geometry": { "type": "LineString", "coordinates": [ [ -75.086658, 39.946375 ], [ -75.08644, 39.946396 ] ] } },
{ "type": "Feature", "properties": { "id": "1064044728-2432", "name": "Federal Street", "class": "primary", "is_priority": true }, "geometry": { "type": "LineString", "coordinates": [ [ -75.08644, 39.946396 ], [ -75.086162, 39.94643 ] ] } },
{ "type": "Feature", "properties": { "id": "1067105710-2433", "name": "South 7th Street", "class": "secondary", "is_priority": false }, "geometry": { "type": "LineString", "coordinates": [ [ -75.11638, 39.929122 ], [ -75.116398, 39.92889 ] ] } },
{ "type": "Feature", "properties": { "id": "1069858875-2434", "name": "Baird Boulevard", "class": "secondary", "is_priority": false }, "geometry": { "type": "LineString", "coordinates": [ [ -75.086968, 39.945615 ], [ -75.08698, 39.945677 ], [ -75.087033, 39.945706 ], [ -75.087098, 39.945701 ], [ -75.087142, 39.945668 ] ] } },
{ "type": "Feature", "properties": { "id": "1069858876-2435", "name": "Baird Boulevard", "class": "secondary", "is_priority": false }, "geometry": { "type": "LineString", "coordinates": [ [ -75.087142, 39.945668 ], [ -75.087148, 39.945658 ] ] } },
{ "type": "Feature", "properties": { "id": "1069858877-2436", "name": "Baird Boulevard", "class": "secondary", "is_priority": false }, "geometry": { "type": "LineString", "coordinates": [ [ -75.086658, 39.946375 ], [ -75.086787, 39.946248 ], [ -75.087042, 39.945905 ], [ -75.087101, 39.945801 ], [ -75.087148, 39.945658 ] ] } },
{ "type": "Feature", "properties": { "id": "1069858878-2437", "name": "Baird Boulevard", "class": "secondary", "is_priority": false }, "geometry": { "type": "LineString", "coordinates": [ [ -75.087148, 39.945658 ], [ -75.087154, 39.945639 ] ] } },
{ "type": "Feature", "properties": { "id": "1069858879-2438", "name": "Baird Boulevard", "class": "secondary", "is_priority": false }, "geometry": { "type": "LineString", "coordinates": [ [ -75.086968, 39.945615 ], [ -75.086855, 39.94592 ] ] } },
{ "type": "Feature", "properties": { "id": "1069858880-2439", "name": "Baird Boulevard", "class": "secondary", "is_priority": false }, "geometry": { "type": "LineString", "coordinates": [ [ -75.086973, 39.945599 ], [ -75.086968, 39.945615 ] ] } },
{ "type": "Feature", "properties": { "id": "1071935410-2440", "name": "North 7th Street", "class": "tertiary", "is_priority": false }, "geometry": { "type": "LineString", "coordinates": [ [ -75.116481, 39.948644 ], [ -75.116466, 39.948257 ] ] } },
{ "type": "Feature", "properties": { "id": "1074544461-2441", "name": "Linden Street", "class": "primary", "is_priority": true }, "geometry": { "type": "LineString", "coordinates": [ [ -75.110233, 39.946785 ], [ -75.110484, 39.946949 ] ] } },
{ "type": "Feature", "properties": { "id": "1077605487-2442", "name": "Washington Street", "class": "residential", "is_priority": false }, "geometry": { "type": "LineString", "coordinates": [ [ -75.122081, 39.939961 ], [ -75.120144, 39.939933 ] ] } },
{ "type": "Feature", "properties": { "id": "1077605488-2443", "name": "Broadway", "class": "primary", "is_priority": true }, "geometry": { "type": "LineString", "coordinates": [ [ -75.119296, 39.939921 ], [ -75.11933, 39.938534 ] ] } },
{ "type": "Feature", "properties": { "id": "1077605489-2444", "name": "Washington Street", "class": "residential", "is_priority": false }, "geometry": { "type": "LineString", "coordinates": [ [ -75.120144, 39.939933 ], [ -75.119296, 39.939921 ] ] } },
{ "type": "Feature", "properties": { "id": "1077906453-2445", "name": "Vesper Boulevard", "class": "tertiary", "is_priority": false }, "geometry": { "type": "LineString", "coordinates": [ [ -75.094953, 39.92719 ], [ -75.095331, 39.926885 ], [ -75.095361, 39.926791 ] ] } },
{ "type": "Feature", "properties": { "id": "1080493003-2446", "name": "Benson Street", "class": "residential", "is_priority": false }, "geometry": { "type": "LineString", "coordinates": [ [ -75.118655, 39.940824 ], [ -75.119275, 39.940832 ] ] } },
{ "type": "Feature", "properties": { "id": "1080493004-2447", "name": "Broadway", "class": "primary", "is_priority": true }, "geometry": { "type": "LineString", "coordinates": [ [ -75.119275, 39.940832 ], [ -75.119296, 39.939921 ] ] } },
{ "type": "Feature", "properties": { "id": "1080493005-2448", "name": "Benson Street", "class": "residential", "is_priority": false }, "geometry": { "type": "LineString", "coordinates": [ [ -75.118137, 39.940818 ], [ -75.118655, 39.940824 ] ] } },
{ "type": "Feature", "properties": { "id": "1083447196-2449", "name": "South Delaware Avenue", "class": "tertiary", "is_priority": false }, "geometry": { "type": "LineString", "coordinates": [ [ -75.129274, 39.943262 ], [ -75.129213, 39.943666 ] ] } },
{ "type": "Feature", "properties": { "id": "1083447197-2450", "name": "South Delaware Avenue", "class": "tertiary", "is_priority": false }, "geometry": { "type": "LineString", "coordinates": [ [ -75.129307, 39.943043 ], [ -75.129274, 39.943262 ] ] } },
{ "type": "Feature", "properties": { "id": "1083447198-2451", "name": "", "class": "tertiary", "is_priority": false }, "geometry": { "type": "LineString", "coordinates": [ [ -75.128942, 39.943152 ], [ -75.128953, 39.943076 ] ] } },
{ "type": "Feature", "properties": { "id": "1083447199-2452", "name": "Dr Martin Luther King Jr Boulevard", "class": "tertiary", "is_priority": false }, "geometry": { "type": "LineString", "coordinates": [ [ -75.119243, 39.942552 ], [ -75.121057, 39.942576 ] ] } },
{ "type": "Feature", "properties": { "id": "1083447200-2453", "name": "Dr Martin Luther King Jr Boulevard", "class": "tertiary", "is_priority": false }, "geometry": { "type": "LineString", "coordinates": [ [ -75.121057, 39.942576 ], [ -75.121907, 39.942593 ] ] } },
{ "type": "Feature", "properties": { "id": "1083447201-2454", "name": "Dr Martin Luther King Jr Boulevard", "class": "tertiary", "is_priority": false }, "geometry": { "type": "LineString", "coordinates": [ [ -75.121907, 39.942593 ], [ -75.123589, 39.942714 ] ] } },
{ "type": "Feature", "properties": { "id": "1083447202-2455", "name": "Dr Martin Luther King Jr Boulevard", "class": "tertiary", "is_priority": false }, "geometry": { "type": "LineString", "coordinates": [ [ -75.123589, 39.942714 ], [ -75.124542, 39.942788 ] ] } },
{ "type": "Feature", "properties": { "id": "1083447203-2456", "name": "South 3rd Street", "class": "tertiary", "is_priority": false }, "geometry": { "type": "LineString", "coordinates": [ [ -75.124558, 39.942677 ], [ -75.124542, 39.942788 ] ] } },
{ "type": "Feature", "properties": { "id": "1085574790-2457", "name": "Federal Street", "class": "secondary", "is_priority": false }, "geometry": { "type": "LineString", "coordinates": [ [ -75.120157, 39.9441 ], [ -75.119193, 39.944087 ] ] } },
{ "type": "Feature", "properties": { "id": "1087484416-2458", "name": "North-South Freeway", "class": "motorway", "is_priority": true }, "geometry": { "type": "LineString", "coordinates": [ [ -75.111814, 39.937194 ], [ -75.111935, 39.93755 ] ] } },
{ "type": "Feature", "properties": { "id": "1087486806-2459", "name": "Raritan Street", "class": "residential", "is_priority": false }, "geometry": { "type": "LineString", "coordinates": [ [ -75.092142, 39.940958 ], [ -75.091077, 39.940464 ] ] } },
{ "type": "Feature", "properties": { "id": "1087486807-2460", "name": "Baird Boulevard", "class": "secondary", "is_priority": false }, "geometry": { "type": "LineString", "coordinates": [ [ -75.091077, 39.940464 ], [ -75.091958, 39.939775 ], [ -75.092691, 39.939159 ] ] } },
{ "type": "Feature", "properties": { "id": "1087486807-2461", "name": "Baird Boulevard", "class": "secondary", "is_priority": false }, "geometry": { "type": "LineString", "coordinates": [ [ -75.092691, 39.939159 ], [ -75.092812, 39.939062 ] ] } },
{ "type": "Feature", "properties": { "id": "1087486808-2462", "name": "Raritan Street", "class": "residential", "is_priority": false }, "geometry": { "type": "LineString", "coordinates": [ [ -75.091077, 39.940464 ], [ -75.090913, 39.940383 ] ] } },
{ "type": "Feature", "properties": { "id": "1087486809-2463", "name": "Baird Boulevard", "class": "secondary", "is_priority": false }, "geometry": { "type": "LineString", "coordinates": [ [ -75.092753, 39.939029 ], [ -75.092157, 39.93947 ], [ -75.091622, 39.939831 ], [ -75.091058, 39.94027 ] ] } },
{ "type": "Feature", "properties": { "id": "1087486809-2464", "name": "Baird Boulevard", "class": "secondary", "is_priority": false }, "geometry": { "type": "LineString", "coordinates": [ [ -75.091058, 39.94027 ], [ -75.090913, 39.940383 ] ] } },
{ "type": "Feature", "properties": { "id": "1092140954-2465", "name": "Delaware Avenue", "class": "tertiary", "is_priority": false }, "geometry": { "type": "LineString", "coordinates": [ [ -75.126819, 39.951325 ], [ -75.126491, 39.952342 ] ] } },
{ "type": "Feature", "properties": { "id": "1092140955-2466", "name": "Delaware Avenue", "class": "tertiary", "is_priority": false }, "geometry": { "type": "LineString", "coordinates": [ [ -75.126491, 39.952342 ], [ -75.126157, 39.953355 ] ] } },
{ "type": "Feature", "properties": { "id": "1092140960-2467", "name": "Delaware Avenue", "class": "residential", "is_priority": false }, "geometry": { "type": "LineString", "coordinates": [ [ -75.126977, 39.954241 ], [ -75.126914, 39.954697 ] ] } },
{ "type": "Feature", "properties": { "id": "1092140961-2468", "name": "Delaware Avenue", "class": "tertiary", "is_priority": false }, "geometry": { "type": "LineString", "coordinates": [ [ -75.126157, 39.953355 ], [ -75.125903, 39.95413 ] ] } },
{ "type": "Feature", "properties": { "id": "1092140964-2469", "name": "East State Street", "class": "secondary", "is_priority": false }, "geometry": { "type": "LineString", "coordinates": [ [ -75.108615, 39.951224 ], [ -75.109059, 39.951424 ], [ -75.109269, 39.951494 ], [ -75.109513, 39.951544 ] ] } },
{ "type": "Feature", "properties": { "id": "1098928525-2470", "name": "", "class": "tertiary", "is_priority": false }, "geometry": { "type": "LineString", "coordinates": [ [ -75.123112, 39.952651 ], [ -75.123033, 39.952672 ], [ -75.122992, 39.952743 ], [ -75.123017, 39.952795 ], [ -75.123046, 39.952814 ], [ -75.123118, 39.952827 ] ] } },
{ "type": "Feature", "properties": { "id": "1098928526-2471", "name": "North 2nd Street", "class": "residential", "is_priority": false }, "geometry": { "type": "LineString", "coordinates": [ [ -75.12359, 39.951245 ], [ -75.123158, 39.952568 ], [ -75.123112, 39.952651 ] ] } },
{ "type": "Feature", "properties": { "id": "1107047779-2472", "name": "Crescent Boulevard", "class": "trunk", "is_priority": true }, "geometry": { "type": "LineString", "coordinates": [ [ -75.095836, 39.904182 ], [ -75.095938, 39.903985 ] ] } },
{ "type": "Feature", "properties": { "id": "1107047780-2473", "name": "Crescent Boulevard", "class": "trunk", "is_priority": true }, "geometry": { "type": "LineString", "coordinates": [ [ -75.096084, 39.903801 ], [ -75.096255, 39.903636 ] ] } },
{ "type": "Feature", "properties": { "id": "1107047781-2474", "name": "", "class": "trunk_link", "is_priority": false }, "geometry": { "type": "LineString", "coordinates": [ [ -75.096149, 39.903995 ], [ -75.096181, 39.903838 ] ] } },
{ "type": "Feature", "properties": { "id": "1107047782-2475", "name": "", "class": "trunk_link", "is_priority": false }, "geometry": { "type": "LineString", "coordinates": [ [ -75.096181, 39.903838 ], [ -75.096255, 39.903636 ] ] } },
{ "type": "Feature", "properties": { "id": "1107047784-2476", "name": "Crescent Boulevard", "class": "trunk", "is_priority": true }, "geometry": { "type": "LineString", "coordinates": [ [ -75.096255, 39.903636 ], [ -75.097683, 39.902209 ] ] } },
{ "type": "Feature", "properties": { "id": "1107047784-2477", "name": "Crescent Boulevard", "class": "trunk", "is_priority": true }, "geometry": { "type": "LineString", "coordinates": [ [ -75.097683, 39.902209 ], [ -75.098636, 39.901234 ], [ -75.099007, 39.900728 ] ] } },
{ "type": "Feature", "properties": { "id": "1107047784-2478", "name": "Crescent Boulevard", "class": "trunk", "is_priority": true }, "geometry": { "type": "LineString", "coordinates": [ [ -75.099007, 39.900728 ], [ -75.099188, 39.900463 ], [ -75.099809, 39.899363 ] ] } },
{ "type": "Feature", "properties": { "id": "1107047785-2479", "name": "Alabama Road", "class": "tertiary", "is_priority": false }, "geometry": { "type": "LineString", "coordinates": [ [ -75.09763, 39.903753 ], [ -75.098003, 39.903774 ], [ -75.099834, 39.904324 ] ] } },
{ "type": "Feature", "properties": { "id": "1107047785-2480", "name": "Alabama Road", "class": "tertiary", "is_priority": false }, "geometry": { "type": "LineString", "coordinates": [ [ -75.099834, 39.904324 ], [ -75.10068, 39.904564 ], [ -75.101864, 39.904951 ] ] } },
{ "type": "Feature", "properties": { "id": "1124192821-2481", "name": "Admiral Wilson Boulevard", "class": "trunk", "is_priority": true }, "geometry": { "type": "LineString", "coordinates": [ [ -75.092928, 39.938809 ], [ -75.091656, 39.938223 ] ] } },
{ "type": "Feature", "properties": { "id": "1124192822-2482", "name": "Admiral Wilson Boulevard", "class": "trunk", "is_priority": true }, "geometry": { "type": "LineString", "coordinates": [ [ -75.09557, 39.939952 ], [ -75.094816, 39.939668 ], [ -75.094184, 39.939389 ] ] } },
{ "type": "Feature", "properties": { "id": "1124192823-2483", "name": "Admiral Wilson Boulevard", "class": "trunk", "is_priority": true }, "geometry": { "type": "LineString", "coordinates": [ [ -75.091656, 39.938223 ], [ -75.090588, 39.937732 ] ] } },
{ "type": "Feature", "properties": { "id": "1126766131-2484", "name": "", "class": "motorway_link", "is_priority": false }, "geometry": { "type": "LineString", "coordinates": [ [ -75.115226, 39.947751 ], [ -75.115308, 39.948034 ] ] } },
{ "type": "Feature", "properties": { "id": "1148483047-2485", "name": "Haddon Avenue", "class": "primary", "is_priority": true }, "geometry": { "type": "LineString", "coordinates": [ [ -75.116704, 39.945508 ], [ -75.116584, 39.946109 ] ] } },
{ "type": "Feature", "properties": { "id": "1162420694-2486", "name": "Federal Street", "class": "primary", "is_priority": true }, "geometry": { "type": "LineString", "coordinates": [ [ -75.086162, 39.94643 ], [ -75.083843, 39.946678 ] ] } },
{ "type": "Feature", "properties": { "id": "1162420694-2487", "name": "Federal Street", "class": "primary", "is_priority": true }, "geometry": { "type": "LineString", "coordinates": [ [ -75.083843, 39.946678 ], [ -75.081524, 39.946925 ] ] } },
{ "type": "Feature", "properties": { "id": "1162420694-2488", "name": "Federal Street", "class": "primary", "is_priority": true }, "geometry": { "type": "LineString", "coordinates": [ [ -75.081524, 39.946925 ], [ -75.079205, 39.947173 ] ] } },
{ "type": "Feature", "properties": { "id": "1162420694-2489", "name": "Federal Street", "class": "primary", "is_priority": true }, "geometry": { "type": "LineString", "coordinates": [ [ -75.079205, 39.947173 ], [ -75.076886, 39.94742 ] ] } },
{ "type": "Feature", "properties": { "id": "1162420694-2490", "name": "Federal Street", "class": "primary", "is_priority": true }, "geometry": { "type": "LineString", "coordinates": [ [ -75.076886, 39.94742 ], [ -75.074567, 39.947668 ] ] } },
{ "type": "Feature", "properties": { "id": "1162420694-2491", "name": "Federal Street", "class": "primary", "is_priority": true }, "geometry": { "type": "LineString", "coordinates": [ [ -75.074567, 39.947668 ], [ -75.072248, 39.947916 ] ] } },
{ "type": "Feature", "properties": { "id": "1162420694-2492", "name": "Federal Street", "class": "primary", "is_priority": true }, "geometry": { "type": "LineString", "coordinates": [ [ -75.072248, 39.947916 ], [ -75.070999, 39.948049 ] ] } },
{ "type": "Feature", "properties": { "id": "1162422416-2493", "name": "Haddon Avenue", "class": "primary", "is_priority": true }, "geometry": { "type": "LineString", "coordinates": [ [ -75.092141, 39.924423 ], [ -75.093816, 39.925682 ] ] } },
{ "type": "Feature", "properties": { "id": "1162422416-2494", "name": "Haddon Avenue", "class": "primary", "is_priority": true }, "geometry": { "type": "LineString", "coordinates": [ [ -75.093816, 39.925682 ], [ -75.094883, 39.92645 ] ] } },
{ "type": "Feature", "properties": { "id": "1165425401-2495", "name": "Clinton Street", "class": "tertiary", "is_priority": false }, "geometry": { "type": "LineString", "coordinates": [ [ -75.128062, 39.939224 ], [ -75.125737, 39.939014 ] ] } },
{ "type": "Feature", "properties": { "id": "1165425401-2496", "name": "Clinton Street", "class": "tertiary", "is_priority": false }, "geometry": { "type": "LineString", "coordinates": [ [ -75.125737, 39.939014 ], [ -75.125516, 39.938994 ] ] } },
{ "type": "Feature", "properties": { "id": "1165425402-2497", "name": "Erie Street", "class": "tertiary", "is_priority": false }, "geometry": { "type": "LineString", "coordinates": [ [ -75.120811, 39.955365 ], [ -75.123081, 39.955805 ] ] } },
{ "type": "Feature", "properties": { "id": "1165425402-2498", "name": "Erie Street", "class": "tertiary", "is_priority": false }, "geometry": { "type": "LineString", "coordinates": [ [ -75.123081, 39.955805 ], [ -75.123542, 39.955898 ] ] } },
{ "type": "Feature", "properties": { "id": "1173629595-2499", "name": "Mount Ephraim Avenue", "class": "primary", "is_priority": true }, "geometry": { "type": "LineString", "coordinates": [ [ -75.099632, 39.913062 ], [ -75.099766, 39.91337 ] ] } },
{ "type": "Feature", "properties": { "id": "1173629596-2500", "name": "Mount Ephraim Avenue", "class": "primary", "is_priority": true }, "geometry": { "type": "LineString", "coordinates": [ [ -75.099599, 39.912986 ], [ -75.099632, 39.913062 ] ] } },
{ "type": "Feature", "properties": { "id": "1179986625-2501", "name": "Hayes Avenue", "class": "residential", "is_priority": false }, "geometry": { "type": "LineString", "coordinates": [ [ -75.095153, 39.952705 ], [ -75.093729, 39.954135 ] ] } },
{ "type": "Feature", "properties": { "id": "1179986625-2502", "name": "Hayes Avenue", "class": "residential", "is_priority": false }, "geometry": { "type": "LineString", "coordinates": [ [ -75.093729, 39.954135 ], [ -75.093461, 39.954393 ] ] } },
{ "type": "Feature", "properties": { "id": "1181307558-2503", "name": "", "class": "residential", "is_priority": false }, "geometry": { "type": "LineString", "coordinates": [ [ -75.107356, 39.950485 ], [ -75.107301, 39.950507 ], [ -75.107279, 39.95058 ], [ -75.107303, 39.950612 ] ] } },
{ "type": "Feature", "properties": { "id": "1181307559-2504", "name": "Centennial Drive", "class": "residential", "is_priority": false }, "geometry": { "type": "LineString", "coordinates": [ [ -75.107303, 39.950612 ], [ -75.107342, 39.950602 ], [ -75.10737, 39.950522 ], [ -75.107356, 39.950485 ] ] } },
{ "type": "Feature", "properties": { "id": "1181307560-2505", "name": "Centennial Drive", "class": "residential", "is_priority": false }, "geometry": { "type": "LineString", "coordinates": [ [ -75.10726, 39.95074 ], [ -75.107303, 39.950612 ] ] } },
{ "type": "Feature", "properties": { "id": "1182414139-2506", "name": "Centennial Drive", "class": "residential", "is_priority": false }, "geometry": { "type": "LineString", "coordinates": [ [ -75.108734, 39.950018 ], [ -75.108652, 39.950218 ] ] } },
{ "type": "Feature", "properties": { "id": "1197035708-2507", "name": "Vine Street", "class": "residential", "is_priority": false }, "geometry": { "type": "LineString", "coordinates": [ [ -75.121743, 39.952504 ], [ -75.12292, 39.952738 ], [ -75.12301, 39.952785 ] ] } },
{ "type": "Feature", "properties": { "id": "1197035709-2508", "name": "North 3rd Street", "class": "tertiary", "is_priority": false }, "geometry": { "type": "LineString", "coordinates": [ [ -75.121865, 39.95212 ], [ -75.121743, 39.952504 ] ] } },
{ "type": "Feature", "properties": { "id": "1211486081-2509", "name": "North 7th Street", "class": "residential", "is_priority": false }, "geometry": { "type": "LineString", "coordinates": [ [ -75.118094, 39.944074 ], [ -75.117904, 39.944637 ], [ -75.117871, 39.944652 ], [ -75.117831, 39.944716 ], [ -75.117719, 39.945022 ] ] } },
{ "type": "Feature", "properties": { "id": "1211486082-2510", "name": "Market Street", "class": "primary", "is_priority": true }, "geometry": { "type": "LineString", "coordinates": [ [ -75.116967, 39.944874 ], [ -75.117719, 39.945022 ] ] } },
{ "type": "Feature", "properties": { "id": "1225129208-2511", "name": "Benjamin Franklin Bridge", "class": "motorway", "is_priority": true }, "geometry": { "type": "LineString", "coordinates": [ [ -75.11972, 39.94911 ], [ -75.119606, 39.948963 ], [ -75.119465, 39.948643 ] ] } },
{ "type": "Feature", "properties": { "id": "1225129209-2512", "name": "Market Street", "class": "primary", "is_priority": true }, "geometry": { "type": "LineString", "coordinates": [ [ -75.114765, 39.944443 ], [ -75.114975, 39.944483 ] ] } },
{ "type": "Feature", "properties": { "id": "1225129210-2513", "name": "Federal Street", "class": "primary", "is_priority": true }, "geometry": { "type": "LineString", "coordinates": [ [ -75.116836, 39.944063 ], [ -75.11664, 39.944062 ] ] } },
{ "type": "Feature", "properties": { "id": "1225129211-2514", "name": "Federal Street", "class": "primary", "is_priority": true }, "geometry": { "type": "LineString", "coordinates": [ [ -75.114842, 39.944047 ], [ -75.114397, 39.944043 ] ] } },
{ "type": "Feature", "properties": { "id": "1225129212-2515", "name": "", "class": "primary_link", "is_priority": false }, "geometry": { "type": "LineString", "coordinates": [ [ -75.114397, 39.944043 ], [ -75.114061, 39.9441 ] ] } },
{ "type": "Feature", "properties": { "id": "1225129213-2516", "name": "Federal Street", "class": "primary", "is_priority": true }, "geometry": { "type": "LineString", "coordinates": [ [ -75.115172, 39.94405 ], [ -75.114842, 39.944047 ] ] } },
{ "type": "Feature", "properties": { "id": "1225129214-2517", "name": "Federal Street", "class": "primary", "is_priority": true }, "geometry": { "type": "LineString", "coordinates": [ [ -75.114397, 39.944043 ], [ -75.114246, 39.944037 ] ] } },
{ "type": "Feature", "properties": { "id": "1225129215-2518", "name": "", "class": "primary_link", "is_priority": false }, "geometry": { "type": "LineString", "coordinates": [ [ -75.111394, 39.943713 ], [ -75.111362, 39.94387 ], [ -75.111315, 39.943922 ], [ -75.111178, 39.944006 ] ] } },
{ "type": "Feature", "properties": { "id": "1225129216-2519", "name": "", "class": "primary_link", "is_priority": false }, "geometry": { "type": "LineString", "coordinates": [ [ -75.111394, 39.943713 ], [ -75.111745, 39.944137 ] ] } },
{ "type": "Feature", "properties": { "id": "1225129217-2520", "name": "Admiral Wilson Boulevard", "class": "motorway", "is_priority": true }, "geometry": { "type": "LineString", "coordinates": [ [ -75.110051, 39.945477 ], [ -75.109358, 39.945355 ] ] } },
{ "type": "Feature", "properties": { "id": "1225129218-2521", "name": "", "class": "motorway_link", "is_priority": false }, "geometry": { "type": "LineString", "coordinates": [ [ -75.10756, 39.944322 ], [ -75.107217, 39.943902 ], [ -75.106533, 39.942907 ] ] } },
{ "type": "Feature", "properties": { "id": "1225129219-2522", "name": "", "class": "motorway_link", "is_priority": false }, "geometry": { "type": "LineString", "coordinates": [ [ -75.107682, 39.944446 ], [ -75.10756, 39.944322 ] ] } },
{ "type": "Feature", "properties": { "id": "1225129220-2523", "name": "", "class": "motorway_link", "is_priority": false }, "geometry": { "type": "LineString", "coordinates": [ [ -75.110051, 39.945477 ], [ -75.109713, 39.945358 ], [ -75.109381, 39.945285 ] ] } },
{ "type": "Feature", "properties": { "id": "1225129221-2524", "name": "Federal Street", "class": "primary", "is_priority": true }, "geometry": { "type": "LineString", "coordinates": [ [ -75.108547, 39.943961 ], [ -75.108229, 39.943964 ], [ -75.107897, 39.943992 ] ] } },
{ "type": "Feature", "properties": { "id": "1225129222-2525", "name": "North 10th Street", "class": "secondary", "is_priority": false }, "geometry": { "type": "LineString", "coordinates": [ [ -75.113205, 39.944133 ], [ -75.113198, 39.944022 ] ] } },
{ "type": "Feature", "properties": { "id": "1225129223-2526", "name": "", "class": "primary_link", "is_priority": false }, "geometry": { "type": "LineString", "coordinates": [ [ -75.113205, 39.944133 ], [ -75.113099, 39.944138 ] ] } },
{ "type": "Feature", "properties": { "id": "1225129224-2527", "name": "Federal Street", "class": "primary", "is_priority": true }, "geometry": { "type": "LineString", "coordinates": [ [ -75.113092, 39.944021 ], [ -75.112457, 39.944014 ] ] } },
{ "type": "Feature", "properties": { "id": "1225129225-2528", "name": "Federal Street", "class": "primary", "is_priority": true }, "geometry": { "type": "LineString", "coordinates": [ [ -75.113198, 39.944022 ], [ -75.113092, 39.944021 ] ] } },
{ "type": "Feature", "properties": { "id": "1225129226-2529", "name": "Market Street", "class": "primary", "is_priority": true }, "geometry": { "type": "LineString", "coordinates": [ [ -75.113217, 39.944215 ], [ -75.11391, 39.944291 ], [ -75.114765, 39.944443 ] ] } },
{ "type": "Feature", "properties": { "id": "1225129227-2530", "name": "", "class": "motorway_link", "is_priority": false }, "geometry": { "type": "LineString", "coordinates": [ [ -75.114788, 39.945795 ], [ -75.114135, 39.94575 ], [ -75.113624, 39.945672 ] ] } },
{ "type": "Feature", "properties": { "id": "1225129228-2531", "name": "Federal Street", "class": "primary", "is_priority": true }, "geometry": { "type": "LineString", "coordinates": [ [ -75.105554, 39.943973 ], [ -75.104874, 39.943973 ] ] } },
{ "type": "Feature", "properties": { "id": "1225129229-2532", "name": "Market Street", "class": "primary", "is_priority": true }, "geometry": { "type": "LineString", "coordinates": [ [ -75.111745, 39.944137 ], [ -75.111854, 39.94414 ] ] } },
{ "type": "Feature", "properties": { "id": "1225129230-2533", "name": "Flanders Boulevard", "class": "primary", "is_priority": true }, "geometry": { "type": "LineString", "coordinates": [ [ -75.105547, 39.943706 ], [ -75.105513, 39.943626 ] ] } },
{ "type": "Feature", "properties": { "id": "1225129231-2534", "name": "", "class": "trunk_link", "is_priority": false }, "geometry": { "type": "LineString", "coordinates": [ [ -75.105333, 39.943345 ], [ -75.105836, 39.943149 ] ] } },
{ "type": "Feature", "properties": { "id": "1225129232-2535", "name": "", "class": "trunk_link", "is_priority": false }, "geometry": { "type": "LineString", "coordinates": [ [ -75.106489, 39.943325 ], [ -75.106555, 39.943535 ], [ -75.106774, 39.94391 ] ] } },
{ "type": "Feature", "properties": { "id": "1225129233-2536", "name": "", "class": "trunk_link", "is_priority": false }, "geometry": { "type": "LineString", "coordinates": [ [ -75.106774, 39.94391 ], [ -75.10688, 39.944066 ] ] } },
{ "type": "Feature", "properties": { "id": "1225129234-2537", "name": "Admiral Wilson Boulevard", "class": "motorway", "is_priority": true }, "geometry": { "type": "LineString", "coordinates": [ [ -75.106489, 39.943325 ], [ -75.106642, 39.943508 ], [ -75.106912, 39.94391 ] ] } },
{ "type": "Feature", "properties": { "id": "1225129235-2538", "name": "Admiral Wilson Boulevard", "class": "motorway", "is_priority": true }, "geometry": { "type": "LineString", "coordinates": [ [ -75.106912, 39.94391 ], [ -75.107024, 39.944069 ] ] } },
{ "type": "Feature", "properties": { "id": "1225129236-2539", "name": "North 10th Street", "class": "secondary", "is_priority": false }, "geometry": { "type": "LineString", "coordinates": [ [ -75.11274, 39.946478 ], [ -75.112813, 39.946356 ] ] } },
{ "type": "Feature", "properties": { "id": "1225129237-2540", "name": "North 10th Street", "class": "secondary", "is_priority": false }, "geometry": { "type": "LineString", "coordinates": [ [ -75.112711, 39.946336 ], [ -75.11274, 39.946478 ] ] } },
{ "type": "Feature", "properties": { "id": "1225129238-2541", "name": "", "class": "primary_link", "is_priority": false }, "geometry": { "type": "LineString", "coordinates": [ [ -75.114788, 39.945795 ], [ -75.113673, 39.945556 ], [ -75.113227, 39.945406 ] ] } },
{ "type": "Feature", "properties": { "id": "1225129239-2542", "name": "", "class": "primary_link", "is_priority": false }, "geometry": { "type": "LineString", "coordinates": [ [ -75.113227, 39.945406 ], [ -75.11293, 39.945259 ] ] } },
{ "type": "Feature", "properties": { "id": "1225129240-2543", "name": "", "class": "motorway_link", "is_priority": false }, "geometry": { "type": "LineString", "coordinates": [ [ -75.114945, 39.947315 ], [ -75.115099, 39.947505 ], [ -75.115226, 39.947751 ] ] } },
{ "type": "Feature", "properties": { "id": "1225247413-2544", "name": "Newton Avenue", "class": "tertiary", "is_priority": false }, "geometry": { "type": "LineString", "coordinates": [ [ -75.111505, 39.941139 ], [ -75.112359, 39.940287 ] ] } },
{ "type": "Feature", "properties": { "id": "1225247414-2545", "name": "Newton Avenue", "class": "tertiary", "is_priority": false }, "geometry": { "type": "LineString", "coordinates": [ [ -75.110877, 39.941761 ], [ -75.111192, 39.941452 ] ] } },
{ "type": "Feature", "properties": { "id": "1225247415-2546", "name": "Newton Avenue", "class": "tertiary", "is_priority": false }, "geometry": { "type": "LineString", "coordinates": [ [ -75.110397, 39.942239 ], [ -75.110732, 39.941905 ] ] } },
{ "type": "Feature", "properties": { "id": "1225247416-2547", "name": "Newton Avenue", "class": "tertiary", "is_priority": false }, "geometry": { "type": "LineString", "coordinates": [ [ -75.110732, 39.941905 ], [ -75.110877, 39.941761 ] ] } },
{ "type": "Feature", "properties": { "id": "1225247417-2548", "name": "South 10th Street", "class": "unclassified", "is_priority": false }, "geometry": { "type": "LineString", "coordinates": [ [ -75.111192, 39.941452 ], [ -75.110714, 39.94117 ] ] } },
{ "type": "Feature", "properties": { "id": "1225247418-2549", "name": "Line Street", "class": "tertiary", "is_priority": false }, "geometry": { "type": "LineString", "coordinates": [ [ -75.111481, 39.937784 ], [ -75.111563, 39.937724 ] ] } },
{ "type": "Feature", "properties": { "id": "1225247433-2550", "name": "Pine Street", "class": "residential", "is_priority": false }, "geometry": { "type": "LineString", "coordinates": [ [ -75.109607, 39.937243 ], [ -75.110678, 39.937156 ] ] } },
{ "type": "Feature", "properties": { "id": "1225247434-2551", "name": "Pine Street", "class": "residential", "is_priority": false }, "geometry": { "type": "LineString", "coordinates": [ [ -75.109296, 39.937263 ], [ -75.109607, 39.937243 ] ] } },
{ "type": "Feature", "properties": { "id": "1225247435-2552", "name": "Princess Avenue", "class": "residential", "is_priority": false }, "geometry": { "type": "LineString", "coordinates": [ [ -75.107803, 39.936257 ], [ -75.106827, 39.935609 ] ] } },
{ "type": "Feature", "properties": { "id": "1225247436-2553", "name": "Pine Street", "class": "residential", "is_priority": false }, "geometry": { "type": "LineString", "coordinates": [ [ -75.102322, 39.937757 ], [ -75.103721, 39.937661 ] ] } },
{ "type": "Feature", "properties": { "id": "1225247437-2554", "name": "Pine Street", "class": "residential", "is_priority": false }, "geometry": { "type": "LineString", "coordinates": [ [ -75.107932, 39.93737 ], [ -75.109296, 39.937263 ] ] } },
{ "type": "Feature", "properties": { "id": "1225247439-2555", "name": "North-South Freeway", "class": "motorway", "is_priority": true }, "geometry": { "type": "LineString", "coordinates": [ [ -75.113337, 39.942568 ], [ -75.11341, 39.942991 ] ] } },
{ "type": "Feature", "properties": { "id": "1225247440-2556", "name": "", "class": "motorway_link", "is_priority": false }, "geometry": { "type": "LineString", "coordinates": [ [ -75.113337, 39.942568 ], [ -75.113309, 39.942896 ], [ -75.11332, 39.942985 ] ] } },
{ "type": "Feature", "properties": { "id": "1225255313-2557", "name": "Admiral Wilson Boulevard", "class": "trunk", "is_priority": true }, "geometry": { "type": "LineString", "coordinates": [ [ -75.094184, 39.939389 ], [ -75.093127, 39.938902 ] ] } },
{ "type": "Feature", "properties": { "id": "1225255314-2558", "name": "Admiral Wilson Boulevard", "class": "trunk", "is_priority": true }, "geometry": { "type": "LineString", "coordinates": [ [ -75.093127, 39.938902 ], [ -75.092928, 39.938809 ] ] } },
{ "type": "Feature", "properties": { "id": "1225255315-2559", "name": "Admiral Wilson Boulevard", "class": "trunk", "is_priority": true }, "geometry": { "type": "LineString", "coordinates": [ [ -75.088411, 39.936901 ], [ -75.090422, 39.937823 ] ] } },
{ "type": "Feature", "properties": { "id": "1225255315-2560", "name": "Admiral Wilson Boulevard", "class": "trunk", "is_priority": true }, "geometry": { "type": "LineString", "coordinates": [ [ -75.090422, 39.937823 ], [ -75.092431, 39.938748 ] ] } },
{ "type": "Feature", "properties": { "id": "1225255315-2561", "name": "Admiral Wilson Boulevard", "class": "trunk", "is_priority": true }, "geometry": { "type": "LineString", "coordinates": [ [ -75.092431, 39.938748 ], [ -75.092788, 39.938912 ] ] } },
{ "type": "Feature", "properties": { "id": "1225255316-2562", "name": "Admiral Wilson Boulevard", "class": "trunk", "is_priority": true }, "geometry": { "type": "LineString", "coordinates": [ [ -75.092788, 39.938912 ], [ -75.092987, 39.939003 ] ] } },
{ "type": "Feature", "properties": { "id": "1225255317-2563", "name": "", "class": "secondary_link", "is_priority": false }, "geometry": { "type": "LineString", "coordinates": [ [ -75.091729, 39.93996 ], [ -75.091871, 39.939975 ], [ -75.092099, 39.940041 ] ] } },
{ "type": "Feature", "properties": { "id": "1290800481-2564", "name": "Kaighns Avenue", "class": "secondary", "is_priority": false }, "geometry": { "type": "LineString", "coordinates": [ [ -75.102756, 39.932109 ], [ -75.100915, 39.932236 ] ] } },
{ "type": "Feature", "properties": { "id": "1290800482-2565", "name": "Haddon Avenue", "class": "primary", "is_priority": true }, "geometry": { "type": "LineString", "coordinates": [ [ -75.102756, 39.932109 ], [ -75.101045, 39.930879 ] ] } },
{ "type": "Feature", "properties": { "id": "1290800482-2566", "name": "Haddon Avenue", "class": "primary", "is_priority": true }, "geometry": { "type": "LineString", "coordinates": [ [ -75.101045, 39.930879 ], [ -75.099334, 39.92965 ] ] } },
{ "type": "Feature", "properties": { "id": "1290800482-2567", "name": "Haddon Avenue", "class": "primary", "is_priority": true }, "geometry": { "type": "LineString", "coordinates": [ [ -75.099334, 39.92965 ], [ -75.097623, 39.92842 ] ] } },
{ "type": "Feature", "properties": { "id": "1290800482-2568", "name": "Haddon Avenue", "class": "primary", "is_priority": true }, "geometry": { "type": "LineString", "coordinates": [ [ -75.097623, 39.92842 ], [ -75.095912, 39.927191 ] ] } },
{ "type": "Feature", "properties": { "id": "1290800482-2569", "name": "Haddon Avenue", "class": "primary", "is_priority": true }, "geometry": { "type": "LineString", "coordinates": [ [ -75.095912, 39.927191 ], [ -75.095774, 39.927092 ] ] } },
{ "type": "Feature", "properties": { "id": "1311279172-2570", "name": "Walt Whitman Bridge", "class": "motorway", "is_priority": true }, "geometry": { "type": "LineString", "coordinates": [ [ -75.113715, 39.902271 ], [ -75.113324, 39.902098 ], [ -75.11295, 39.90191 ], [ -75.112206, 39.901465 ] ] } },
{ "type": "Feature", "properties": { "id": "1311279173-2571", "name": "Walt Whitman Bridge", "class": "motorway", "is_priority": true }, "geometry": { "type": "LineString", "coordinates": [ [ -75.11371, 39.902382 ], [ -75.113855, 39.902441 ], [ -75.114378, 39.902607 ], [ -75.115315, 39.902838 ] ] } },
{ "type": "Feature", "properties": { "id": "1315628372-2572", "name": "West Street", "class": "residential", "is_priority": false }, "geometry": { "type": "LineString", "coordinates": [ [ -75.121907, 39.942593 ], [ -75.121923, 39.942463 ] ] } },
{ "type": "Feature", "properties": { "id": "1315628373-2573", "name": "Dr Martin Luther King Jr Boulevard", "class": "tertiary", "is_priority": false }, "geometry": { "type": "LineString", "coordinates": [ [ -75.124558, 39.942677 ], [ -75.123074, 39.942537 ], [ -75.122231, 39.942483 ] ] } },
{ "type": "Feature", "properties": { "id": "1315628373-2574", "name": "Dr Martin Luther King Jr Boulevard", "class": "tertiary", "is_priority": false }, "geometry": { "type": "LineString", "coordinates": [ [ -75.122231, 39.942483 ], [ -75.121923, 39.942463 ] ] } },
{ "type": "Feature", "properties": { "id": "1315628374-2575", "name": "Broadway", "class": "primary", "is_priority": true }, "geometry": { "type": "LineString", "coordinates": [ [ -75.119261, 39.941574 ], [ -75.119275, 39.940832 ] ] } },
{ "type": "Feature", "properties": { "id": "1315628375-2576", "name": "South 3rd Street", "class": "tertiary", "is_priority": false }, "geometry": { "type": "LineString", "coordinates": [ [ -75.124664, 39.941928 ], [ -75.124558, 39.942677 ] ] } },
{ "type": "Feature", "properties": { "id": "1315628376-2577", "name": "North 3rd Street", "class": "tertiary", "is_priority": false }, "geometry": { "type": "LineString", "coordinates": [ [ -75.123043, 39.948463 ], [ -75.122482, 39.950213 ] ] } },
{ "type": "Feature", "properties": { "id": "1315628376-2578", "name": "North 3rd Street", "class": "tertiary", "is_priority": false }, "geometry": { "type": "LineString", "coordinates": [ [ -75.122482, 39.950213 ], [ -75.122399, 39.950482 ] ] } },
{ "type": "Feature", "properties": { "id": "1315628377-2579", "name": "Delaware Avenue", "class": "tertiary", "is_priority": false }, "geometry": { "type": "LineString", "coordinates": [ [ -75.127817, 39.948268 ], [ -75.127486, 39.949319 ] ] } },
{ "type": "Feature", "properties": { "id": "1315628383-2580", "name": "North 5th Street", "class": "residential", "is_priority": false }, "geometry": { "type": "LineString", "coordinates": [ [ -75.121409, 39.944523 ], [ -75.121534, 39.944288 ], [ -75.12158, 39.944123 ] ] } },
{ "type": "Feature", "properties": { "id": "1315628384-2581", "name": "Federal Street", "class": "secondary", "is_priority": false }, "geometry": { "type": "LineString", "coordinates": [ [ -75.121309, 39.944118 ], [ -75.120157, 39.9441 ] ] } },
{ "type": "Feature", "properties": { "id": "1315628385-2582", "name": "North 5th Street", "class": "residential", "is_priority": false }, "geometry": { "type": "LineString", "coordinates": [ [ -75.121095, 39.945671 ], [ -75.121409, 39.944523 ] ] } },
{ "type": "Feature", "properties": { "id": "1315628386-2583", "name": "Market Street", "class": "secondary", "is_priority": false }, "geometry": { "type": "LineString", "coordinates": [ [ -75.118827, 39.94524 ], [ -75.121095, 39.945671 ] ] } },
{ "type": "Feature", "properties": { "id": "1315633722-2584", "name": "Main Street", "class": "tertiary", "is_priority": false }, "geometry": { "type": "LineString", "coordinates": [ [ -75.121935, 39.95198 ], [ -75.122052, 39.952044 ], [ -75.122965, 39.952645 ], [ -75.12301, 39.952692 ] ] } },
{ "type": "Feature", "properties": { "id": "1316507916-2585", "name": "Vine Street", "class": "tertiary", "is_priority": false }, "geometry": { "type": "LineString", "coordinates": [ [ -75.123784, 39.952907 ], [ -75.123421, 39.952811 ], [ -75.123299, 39.952761 ], [ -75.123206, 39.952694 ] ] } },
{ "type": "Feature", "properties": { "id": "1316507917-2586", "name": "Vine Street", "class": "tertiary", "is_priority": false }, "geometry": { "type": "LineString", "coordinates": [ [ -75.123184, 39.952805 ], [ -75.123462, 39.952864 ], [ -75.123784, 39.952907 ] ] } },
{ "type": "Feature", "properties": { "id": "1333612841-2587", "name": "Haddon Avenue", "class": "primary", "is_priority": true }, "geometry": { "type": "LineString", "coordinates": [ [ -75.11576, 39.941874 ], [ -75.115675, 39.941796 ] ] } },
{ "type": "Feature", "properties": { "id": "1333612842-2588", "name": "Haddon Avenue", "class": "primary", "is_priority": true }, "geometry": { "type": "LineString", "coordinates": [ [ -75.116224, 39.942389 ], [ -75.115934, 39.942068 ] ] } },
{ "type": "Feature", "properties": { "id": "1338868572-2589", "name": "Linden Street", "class": "primary", "is_priority": true }, "geometry": { "type": "LineString", "coordinates": [ [ -75.110997, 39.947172 ], [ -75.111221, 39.947238 ], [ -75.111935, 39.947388 ] ] } },
{ "type": "Feature", "properties": { "id": "1338868573-2590", "name": "Linden Street", "class": "primary", "is_priority": true }, "geometry": { "type": "LineString", "coordinates": [ [ -75.111935, 39.947388 ], [ -75.11243, 39.947483 ] ] } },
{ "type": "Feature", "properties": { "id": "1341684262-2591", "name": "North-South Freeway", "class": "motorway", "is_priority": true }, "geometry": { "type": "LineString", "coordinates": [ [ -75.11164, 39.902973 ], [ -75.111748, 39.903169 ] ] } },
{ "type": "Feature", "properties": { "id": "1341687889-2592", "name": "North-South Freeway", "class": "motorway", "is_priority": true }, "geometry": { "type": "LineString", "coordinates": [ [ -75.112798, 39.904735 ], [ -75.112905, 39.904892 ] ] } },
{ "type": "Feature", "properties": { "id": "1348864540-2593", "name": "Lansdowne Avenue", "class": "residential", "is_priority": false }, "geometry": { "type": "LineString", "coordinates": [ [ -75.123315, 39.927731 ], [ -75.121996, 39.927825 ] ] } },
{ "type": "Feature", "properties": { "id": "1348864707-2594", "name": "Cherry Street", "class": "residential", "is_priority": false }, "geometry": { "type": "LineString", "coordinates": [ [ -75.126002, 39.933963 ], [ -75.125878, 39.933971 ] ] } },
{ "type": "Feature", "properties": { "id": "1348864708-2595", "name": "Cherry Street", "class": "residential", "is_priority": false }, "geometry": { "type": "LineString", "coordinates": [ [ -75.124895, 39.934032 ], [ -75.1242, 39.934071 ] ] } },
{ "type": "Feature", "properties": { "id": "1350041252-2596", "name": "Chestnut Street", "class": "tertiary", "is_priority": false }, "geometry": { "type": "LineString", "coordinates": [ [ -75.110629, 39.932955 ], [ -75.109157, 39.933056 ] ] } },
{ "type": "Feature", "properties": { "id": "1350041253-2597", "name": "Chestnut Street", "class": "tertiary", "is_priority": false }, "geometry": { "type": "LineString", "coordinates": [ [ -75.110896, 39.932937 ], [ -75.110629, 39.932955 ] ] } },
{ "type": "Feature", "properties": { "id": "1350041275-2598", "name": "Walnut Street", "class": "residential", "is_priority": false }, "geometry": { "type": "LineString", "coordinates": [ [ -75.110217, 39.934365 ], [ -75.110079, 39.934391 ] ] } },
{ "type": "Feature", "properties": { "id": "1350041276-2599", "name": "Walnut Street", "class": "residential", "is_priority": false }, "geometry": { "type": "LineString", "coordinates": [ [ -75.110399, 39.934346 ], [ -75.110217, 39.934365 ] ] } },
{ "type": "Feature", "properties": { "id": "1350041780-2600", "name": "Sycamore Street", "class": "residential", "is_priority": false }, "geometry": { "type": "LineString", "coordinates": [ [ -75.114338, 39.931993 ], [ -75.112008, 39.932162 ] ] } },
{ "type": "Feature", "properties": { "id": "1350041780-2601", "name": "Sycamore Street", "class": "residential", "is_priority": false }, "geometry": { "type": "LineString", "coordinates": [ [ -75.112008, 39.932162 ], [ -75.110853, 39.932247 ] ] } },
{ "type": "Feature", "properties": { "id": "1350041781-2602", "name": "Sycamore Street", "class": "residential", "is_priority": false }, "geometry": { "type": "LineString", "coordinates": [ [ -75.110853, 39.932247 ], [ -75.110713, 39.932256 ] ] } },
{ "type": "Feature", "properties": { "id": "1350041878-2603", "name": "Kaighns Avenue", "class": "secondary", "is_priority": false }, "geometry": { "type": "LineString", "coordinates": [ [ -75.111187, 39.931479 ], [ -75.112391, 39.931394 ] ] } },
{ "type": "Feature", "properties": { "id": "1350041879-2604", "name": "Kaighns Avenue", "class": "secondary", "is_priority": false }, "geometry": { "type": "LineString", "coordinates": [ [ -75.110914, 39.931499 ], [ -75.111187, 39.931479 ] ] } },
{ "type": "Feature", "properties": { "id": "1350041983-2605", "name": "Sycamore Street", "class": "residential", "is_priority": false }, "geometry": { "type": "LineString", "coordinates": [ [ -75.110713, 39.932256 ], [ -75.108382, 39.932412 ] ] } },
{ "type": "Feature", "properties": { "id": "1350041983-2606", "name": "Sycamore Street", "class": "residential", "is_priority": false }, "geometry": { "type": "LineString", "coordinates": [ [ -75.108382, 39.932412 ], [ -75.108339, 39.932414 ] ] } },
{ "type": "Feature", "properties": { "id": "1350041984-2607", "name": "Sycamore Street", "class": "residential", "is_priority": false }, "geometry": { "type": "LineString", "coordinates": [ [ -75.108339, 39.932414 ], [ -75.108093, 39.932441 ] ] } },
{ "type": "Feature", "properties": { "id": "1350042133-2608", "name": "Kaighns Avenue", "class": "secondary", "is_priority": false }, "geometry": { "type": "LineString", "coordinates": [ [ -75.108709, 39.931644 ], [ -75.10727, 39.931754 ] ] } },
{ "type": "Feature", "properties": { "id": "1350042134-2609", "name": "Kaighns Avenue", "class": "secondary", "is_priority": false }, "geometry": { "type": "LineString", "coordinates": [ [ -75.10727, 39.931754 ], [ -75.106983, 39.931776 ] ] } },
{ "type": "Feature", "properties": { "id": "1350042135-2610", "name": "Liberty Street", "class": "residential", "is_priority": false }, "geometry": { "type": "LineString", "coordinates": [ [ -75.105731, 39.931144 ], [ -75.103401, 39.931317 ] ] } },
{ "type": "Feature", "properties": { "id": "1350042135-2611", "name": "Liberty Street", "class": "residential", "is_priority": false }, "geometry": { "type": "LineString", "coordinates": [ [ -75.103401, 39.931317 ], [ -75.101804, 39.931425 ] ] } },
{ "type": "Feature", "properties": { "id": "1350042136-2612", "name": "Liberty Street", "class": "residential", "is_priority": false }, "geometry": { "type": "LineString", "coordinates": [ [ -75.106063, 39.93112 ], [ -75.105731, 39.931144 ] ] } },
{ "type": "Feature", "properties": { "id": "1350042202-2613", "name": "Louis Street", "class": "residential", "is_priority": false }, "geometry": { "type": "LineString", "coordinates": [ [ -75.104891, 39.931939 ], [ -75.104746, 39.930637 ] ] } },
{ "type": "Feature", "properties": { "id": "1350042203-2614", "name": "Mechanic Street", "class": "residential", "is_priority": false }, "geometry": { "type": "LineString", "coordinates": [ [ -75.100897, 39.930773 ], [ -75.103225, 39.930588 ] ] } },
{ "type": "Feature", "properties": { "id": "1350042203-2615", "name": "Mechanic Street", "class": "residential", "is_priority": false }, "geometry": { "type": "LineString", "coordinates": [ [ -75.103225, 39.930588 ], [ -75.10451, 39.930499 ] ] } },
{ "type": "Feature", "properties": { "id": "1350042204-2616", "name": "Louis Street", "class": "residential", "is_priority": false }, "geometry": { "type": "LineString", "coordinates": [ [ -75.104746, 39.930637 ], [ -75.104729, 39.930484 ] ] } },
{ "type": "Feature", "properties": { "id": "1350042205-2617", "name": "Mechanic Street", "class": "residential", "is_priority": false }, "geometry": { "type": "LineString", "coordinates": [ [ -75.10451, 39.930499 ], [ -75.104729, 39.930484 ] ] } },
{ "type": "Feature", "properties": { "id": "1350042977-2618", "name": "Atlantic Avenue", "class": "residential", "is_priority": false }, "geometry": { "type": "LineString", "coordinates": [ [ -75.103346, 39.929877 ], [ -75.101016, 39.93005 ] ] } },
{ "type": "Feature", "properties": { "id": "1350042977-2619", "name": "Atlantic Avenue", "class": "residential", "is_priority": false }, "geometry": { "type": "LineString", "coordinates": [ [ -75.101016, 39.93005 ], [ -75.099988, 39.93012 ] ] } },
{ "type": "Feature", "properties": { "id": "1350042978-2620", "name": "Atlantic Avenue", "class": "residential", "is_priority": false }, "geometry": { "type": "LineString", "coordinates": [ [ -75.103579, 39.92986 ], [ -75.103346, 39.929877 ] ] } },
{ "type": "Feature", "properties": { "id": "1350043158-2621", "name": "Lansdowne Avenue", "class": "residential", "is_priority": false }, "geometry": { "type": "LineString", "coordinates": [ [ -75.102151, 39.929298 ], [ -75.099821, 39.929465 ] ] } },
{ "type": "Feature", "properties": { "id": "1350043158-2622", "name": "Lansdowne Avenue", "class": "residential", "is_priority": false }, "geometry": { "type": "LineString", "coordinates": [ [ -75.099821, 39.929465 ], [ -75.099135, 39.929507 ] ] } },
{ "type": "Feature", "properties": { "id": "1350043159-2623", "name": "Lansdowne Avenue", "class": "residential", "is_priority": false }, "geometry": { "type": "LineString", "coordinates": [ [ -75.102388, 39.929278 ], [ -75.102151, 39.929298 ] ] } },
{ "type": "Feature", "properties": { "id": "1350043221-2624", "name": "Whitman Avenue", "class": "residential", "is_priority": false }, "geometry": { "type": "LineString", "coordinates": [ [ -75.101814, 39.928623 ], [ -75.101648, 39.928657 ], [ -75.101212, 39.928445 ], [ -75.101129, 39.928515 ] ] } },
{ "type": "Feature", "properties": { "id": "1350043222-2625", "name": "Whitman Avenue", "class": "residential", "is_priority": false }, "geometry": { "type": "LineString", "coordinates": [ [ -75.101129, 39.928515 ], [ -75.100983, 39.92864 ] ] } },
{ "type": "Feature", "properties": { "id": "1350043592-2626", "name": "Pine Street", "class": "residential", "is_priority": false }, "geometry": { "type": "LineString", "coordinates": [ [ -75.111334, 39.937031 ], [ -75.111413, 39.937022 ] ] } },
{ "type": "Feature", "properties": { "id": "1350043593-2627", "name": "Pine Street", "class": "residential", "is_priority": false }, "geometry": { "type": "LineString", "coordinates": [ [ -75.111413, 39.937022 ], [ -75.111636, 39.936996 ] ] } },
{ "type": "Feature", "properties": { "id": "1350043655-2628", "name": "Haddon Avenue", "class": "primary", "is_priority": true }, "geometry": { "type": "LineString", "coordinates": [ [ -75.111698, 39.937848 ], [ -75.111563, 39.937724 ] ] } },
{ "type": "Feature", "properties": { "id": "1350043656-2629", "name": "Haddon Avenue", "class": "primary", "is_priority": true }, "geometry": { "type": "LineString", "coordinates": [ [ -75.112068, 39.938195 ], [ -75.111898, 39.938034 ] ] } },
{ "type": "Feature", "properties": { "id": "1350044111-2630", "name": "Atlantic Avenue", "class": "tertiary", "is_priority": false }, "geometry": { "type": "LineString", "coordinates": [ [ -75.113793, 39.929093 ], [ -75.113278, 39.92913 ] ] } },
{ "type": "Feature", "properties": { "id": "1350044112-2631", "name": "Atlantic Avenue", "class": "tertiary", "is_priority": false }, "geometry": { "type": "LineString", "coordinates": [ [ -75.113278, 39.92913 ], [ -75.113096, 39.929144 ] ] } },
{ "type": "Feature", "properties": { "id": "1350044577-2632", "name": "Newton Avenue", "class": "tertiary", "is_priority": false }, "geometry": { "type": "LineString", "coordinates": [ [ -75.112537, 39.940111 ], [ -75.113251, 39.939401 ] ] } },
{ "type": "Feature", "properties": { "id": "1350044578-2633", "name": "Newton Avenue", "class": "tertiary", "is_priority": false }, "geometry": { "type": "LineString", "coordinates": [ [ -75.112359, 39.940287 ], [ -75.112537, 39.940111 ] ] } },
{ "type": "Feature", "properties": { "id": "1350046660-2634", "name": "Crescent Boulevard", "class": "trunk", "is_priority": true }, "geometry": { "type": "LineString", "coordinates": [ [ -75.093966, 39.909179 ], [ -75.093687, 39.909988 ], [ -75.093405, 39.910704 ] ] } },
{ "type": "Feature", "properties": { "id": "1350046661-2635", "name": "Crescent Boulevard", "class": "trunk", "is_priority": true }, "geometry": { "type": "LineString", "coordinates": [ [ -75.093498, 39.91079 ], [ -75.093814, 39.910005 ], [ -75.094132, 39.909129 ] ] } },
{ "type": "Feature", "properties": { "id": "1350046663-2636", "name": "Crescent Boulevard", "class": "trunk", "is_priority": true }, "geometry": { "type": "LineString", "coordinates": [ [ -75.09349, 39.910805 ], [ -75.093498, 39.91079 ] ] } },
{ "type": "Feature", "properties": { "id": "1351002922-2637", "name": "White Horse Pike", "class": "primary", "is_priority": true }, "geometry": { "type": "LineString", "coordinates": [ [ -75.08993, 39.921822 ], [ -75.089955, 39.921899 ] ] } },
{ "type": "Feature", "properties": { "id": "1364626342-2638", "name": "Cooper Street", "class": "tertiary", "is_priority": false }, "geometry": { "type": "LineString", "coordinates": [ [ -75.121353, 39.946956 ], [ -75.120755, 39.946846 ] ] } },
{ "type": "Feature", "properties": { "id": "1364626343-2639", "name": "North 5th Street", "class": "residential", "is_priority": false }, "geometry": { "type": "LineString", "coordinates": [ [ -75.120734, 39.94692 ], [ -75.120524, 39.947561 ] ] } },
{ "type": "Feature", "properties": { "id": "1366624662-2640", "name": "Jersey Joe Walcott Boulevard", "class": "secondary", "is_priority": false }, "geometry": { "type": "LineString", "coordinates": [ [ -75.128495, 39.946359 ], [ -75.129065, 39.944611 ] ] } },
{ "type": "Feature", "properties": { "id": "1366624662-2641", "name": "Jersey Joe Walcott Boulevard", "class": "secondary", "is_priority": false }, "geometry": { "type": "LineString", "coordinates": [ [ -75.129065, 39.944611 ], [ -75.129069, 39.944598 ] ] } },
{ "type": "Feature", "properties": { "id": "1366709886-2642", "name": "Riverside Drive", "class": "tertiary", "is_priority": false }, "geometry": { "type": "LineString", "coordinates": [ [ -75.130039, 39.945964 ], [ -75.130183, 39.945532 ], [ -75.130155, 39.945356 ], [ -75.130099, 39.945212 ], [ -75.13002, 39.945074 ], [ -75.130011, 39.945024 ], [ -75.130033, 39.944677 ] ] } },
{ "type": "Feature", "properties": { "id": "1411371566-2643", "name": "Cooper Street", "class": "tertiary", "is_priority": false }, "geometry": { "type": "LineString", "coordinates": [ [ -75.12759, 39.948206 ], [ -75.12532, 39.947765 ] ] } },
{ "type": "Feature", "properties": { "id": "1411371566-2644", "name": "Cooper Street", "class": "tertiary", "is_priority": false }, "geometry": { "type": "LineString", "coordinates": [ [ -75.12532, 39.947765 ], [ -75.124752, 39.947658 ] ] } },
{ "type": "Feature", "properties": { "id": "1411371567-2645", "name": "Delaware Avenue", "class": "tertiary", "is_priority": false }, "geometry": { "type": "LineString", "coordinates": [ [ -75.127883, 39.948083 ], [ -75.127817, 39.948268 ] ] } },
{ "type": "Feature", "properties": { "id": "1415127252-2646", "name": "Ferry Avenue", "class": "secondary", "is_priority": false }, "geometry": { "type": "LineString", "coordinates": [ [ -75.112196, 39.920408 ], [ -75.113063, 39.920597 ] ] } },
{ "type": "Feature", "properties": { "id": "1415127253-2647", "name": "Kossuth Street", "class": "residential", "is_priority": false }, "geometry": { "type": "LineString", "coordinates": [ [ -75.113063, 39.920597 ], [ -75.113075, 39.919454 ] ] } },
{ "type": "Feature", "properties": { "id": "1420963555-2648", "name": "Harrison Avenue", "class": "residential", "is_priority": false }, "geometry": { "type": "LineString", "coordinates": [ [ -75.105541, 39.950368 ], [ -75.105454, 39.950456 ] ] } },
{ "type": "Feature", "properties": { "id": "1421441769-2649", "name": "North 7th Street", "class": "tertiary", "is_priority": false }, "geometry": { "type": "LineString", "coordinates": [ [ -75.116072, 39.949983 ], [ -75.115975, 39.950295 ] ] } },
{ "type": "Feature", "properties": { "id": "1421441773-2650", "name": "Centennial Drive", "class": "residential", "is_priority": false }, "geometry": { "type": "LineString", "coordinates": [ [ -75.108395, 39.950914 ], [ -75.108312, 39.951094 ] ] } },
{ "type": "Feature", "properties": { "id": "1421441774-2651", "name": "East State Street", "class": "secondary", "is_priority": false }, "geometry": { "type": "LineString", "coordinates": [ [ -75.105013, 39.950248 ], [ -75.105541, 39.950368 ] ] } },
{ "type": "Feature", "properties": { "id": "1421441783-2652", "name": "North 3rd Street", "class": "tertiary", "is_priority": false }, "geometry": { "type": "LineString", "coordinates": [ [ -75.121865, 39.95212 ], [ -75.121897, 39.952107 ], [ -75.121935, 39.95198 ] ] } },
{ "type": "Feature", "properties": { "id": "1421441784-2653", "name": "", "class": "tertiary", "is_priority": false }, "geometry": { "type": "LineString", "coordinates": [ [ -75.121825, 39.951978 ], [ -75.121887, 39.95199 ], [ -75.121952, 39.951973 ], [ -75.121994, 39.951932 ], [ -75.122, 39.95188 ] ] } },
{ "type": "Feature", "properties": { "id": "1421441785-2654", "name": "", "class": "tertiary", "is_priority": false }, "geometry": { "type": "LineString", "coordinates": [ [ -75.122, 39.95188 ], [ -75.121947, 39.951822 ] ] } },
{ "type": "Feature", "properties": { "id": "1421441786-2655", "name": "North 3rd Street", "class": "tertiary", "is_priority": false }, "geometry": { "type": "LineString", "coordinates": [ [ -75.121853, 39.951987 ], [ -75.12185, 39.952086 ], [ -75.121865, 39.95212 ] ] } },
{ "type": "Feature", "properties": { "id": "1421441798-2656", "name": "", "class": "tertiary", "is_priority": false }, "geometry": { "type": "LineString", "coordinates": [ [ -75.123118, 39.952827 ], [ -75.123184, 39.952805 ], [ -75.123209, 39.952781 ], [ -75.12322, 39.952723 ], [ -75.123206, 39.952694 ] ] } },
{ "type": "Feature", "properties": { "id": "1421441799-2657", "name": "", "class": "tertiary", "is_priority": false }, "geometry": { "type": "LineString", "coordinates": [ [ -75.123206, 39.952694 ], [ -75.123182, 39.952672 ], [ -75.123112, 39.952651 ] ] } },
{ "type": "Feature", "properties": { "id": "1421441811-2658", "name": "", "class": "tertiary", "is_priority": false }, "geometry": { "type": "LineString", "coordinates": [ [ -75.130127, 39.943159 ], [ -75.130097, 39.943222 ], [ -75.130105, 39.943268 ] ] } },
{ "type": "Feature", "properties": { "id": "1421441812-2659", "name": "Haddon Avenue", "class": "primary", "is_priority": true }, "geometry": { "type": "LineString", "coordinates": [ [ -75.113251, 39.939401 ], [ -75.113039, 39.939189 ] ] } },
{ "type": "Feature", "properties": { "id": "1422180059-2660", "name": "Benjamin Franklin Bridge", "class": "motorway", "is_priority": true }, "geometry": { "type": "LineString", "coordinates": [ [ -75.118675, 39.948468 ], [ -75.118918, 39.948546 ], [ -75.118962, 39.948574 ], [ -75.119406, 39.949023 ], [ -75.119734, 39.949267 ] ] } },
{ "type": "Feature", "properties": { "id": "1422180060-2661", "name": "Benjamin Franklin Bridge", "class": "motorway", "is_priority": true }, "geometry": { "type": "LineString", "coordinates": [ [ -75.119897, 39.949259 ], [ -75.11972, 39.94911 ] ] } },
{ "type": "Feature", "properties": { "id": "1426526739-2662", "name": "Haddon Avenue", "class": "primary", "is_priority": true }, "geometry": { "type": "LineString", "coordinates": [ [ -75.091667, 39.924099 ], [ -75.092141, 39.924423 ] ] } },
{ "type": "Feature", "properties": { "id": "1444264443-2663", "name": "North 7th Street", "class": "tertiary", "is_priority": false }, "geometry": { "type": "LineString", "coordinates": [ [ -75.11612, 39.949829 ], [ -75.116072, 39.949983 ] ] } },
{ "type": "Feature", "properties": { "id": "1445378838-2664", "name": "Newton Avenue", "class": "tertiary", "is_priority": false }, "geometry": { "type": "LineString", "coordinates": [ [ -75.111192, 39.941452 ], [ -75.111505, 39.941139 ] ] } },
{ "type": "Feature", "properties": { "id": "1445455272-2665", "name": "South 3rd Street", "class": "tertiary", "is_priority": false }, "geometry": { "type": "LineString", "coordinates": [ [ -75.124542, 39.942788 ], [ -75.124496, 39.943117 ] ] } },
{ "type": "Feature", "properties": { "id": "1445879898-2666", "name": "", "class": "secondary_link", "is_priority": false }, "geometry": { "type": "LineString", "coordinates": [ [ -75.092874, 39.940162 ], [ -75.092722, 39.940162 ], [ -75.092517, 39.940136 ] ] } },
{ "type": "Feature", "properties": { "id": "1446329827-2667", "name": "Delaware Avenue", "class": "tertiary", "is_priority": false }, "geometry": { "type": "LineString", "coordinates": [ [ -75.127994, 39.947785 ], [ -75.127883, 39.948083 ] ] } },
{ "type": "Feature", "properties": { "id": "1446329828-2668", "name": "Delaware Avenue", "class": "tertiary", "is_priority": false }, "geometry": { "type": "LineString", "coordinates": [ [ -75.128017, 39.947722 ], [ -75.127994, 39.947785 ] ] } },
{ "type": "Feature", "properties": { "id": "1446334245-2669", "name": "South 3rd Street", "class": "tertiary", "is_priority": false }, "geometry": { "type": "LineString", "coordinates": [ [ -75.124386, 39.943879 ], [ -75.124329, 39.944297 ] ] } },
{ "type": "Feature", "properties": { "id": "1449642323-2670", "name": "Collings Road", "class": "secondary", "is_priority": false }, "geometry": { "type": "LineString", "coordinates": [ [ -75.10226, 39.904825 ], [ -75.101864, 39.904951 ] ] } },
{ "type": "Feature", "properties": { "id": "1449642324-2671", "name": "Alabama Road", "class": "tertiary", "is_priority": false }, "geometry": { "type": "LineString", "coordinates": [ [ -75.101864, 39.904951 ], [ -75.102219, 39.905042 ] ] } },
{ "type": "Feature", "properties": { "id": "1449692579-2672", "name": "Cooper Street", "class": "tertiary", "is_priority": false }, "geometry": { "type": "LineString", "coordinates": [ [ -75.122712, 39.947255 ], [ -75.122039, 39.947136 ] ] } },
{ "type": "Feature", "properties": { "id": "1459270449-2673", "name": "Cooper Street", "class": "tertiary", "is_priority": false }, "geometry": { "type": "LineString", "coordinates": [ [ -75.122039, 39.947136 ], [ -75.121938, 39.947114 ] ] } },
{ "type": "Feature", "properties": { "id": "1459445836-2674", "name": "Harrison Avenue", "class": "residential", "is_priority": false }, "geometry": { "type": "LineString", "coordinates": [ [ -75.099627, 39.956273 ], [ -75.099066, 39.956818 ] ] } },
{ "type": "Feature", "properties": { "id": "1468577360-2675", "name": "South 8th Street", "class": "residential", "is_priority": false }, "geometry": { "type": "LineString", "coordinates": [ [ -75.112976, 39.932099 ], [ -75.113061, 39.932786 ] ] } },
{ "type": "Feature", "properties": { "id": "1468577393-2676", "name": "Kaighns Avenue", "class": "secondary", "is_priority": false }, "geometry": { "type": "LineString", "coordinates": [ [ -75.112915, 39.931371 ], [ -75.113558, 39.931311 ] ] } },
{ "type": "Feature", "properties": { "id": "1468577502-2677", "name": "Pine Street", "class": "residential", "is_priority": false }, "geometry": { "type": "LineString", "coordinates": [ [ -75.111636, 39.936996 ], [ -75.11232, 39.936953 ] ] } },
{ "type": "Feature", "properties": { "id": "1468577707-2678", "name": "Haddon Avenue", "class": "primary", "is_priority": true }, "geometry": { "type": "LineString", "coordinates": [ [ -75.113039, 39.939189 ], [ -75.112748, 39.938891 ] ] } },
{ "type": "Feature", "properties": { "id": "1468578787-2679", "name": "North-South Freeway", "class": "motorway", "is_priority": true }, "geometry": { "type": "LineString", "coordinates": [ [ -75.115015, 39.946155 ], [ -75.114889, 39.946085 ] ] } },
{ "type": "Feature", "properties": { "id": "1468578788-2680", "name": "North-South Freeway", "class": "motorway", "is_priority": true }, "geometry": { "type": "LineString", "coordinates": [ [ -75.116898, 39.947174 ], [ -75.116579, 39.946982 ] ] } },
{ "type": "Feature", "properties": { "id": "1468578789-2681", "name": "", "class": "motorway_link", "is_priority": false }, "geometry": { "type": "LineString", "coordinates": [ [ -75.116914, 39.9471 ], [ -75.116579, 39.946982 ] ] } },
{ "type": "Feature", "properties": { "id": "1468579401-2682", "name": "North-South Freeway", "class": "motorway", "is_priority": true }, "geometry": { "type": "LineString", "coordinates": [ [ -75.116573, 39.947648 ], [ -75.116947, 39.947767 ], [ -75.11734, 39.947914 ], [ -75.117941, 39.94818 ], [ -75.118659, 39.948462 ] ] } },
{ "type": "Feature", "properties": { "id": "1468579401-2683", "name": "North-South Freeway", "class": "motorway", "is_priority": true }, "geometry": { "type": "LineString", "coordinates": [ [ -75.118659, 39.948462 ], [ -75.118675, 39.948468 ] ] } },
{ "type": "Feature", "properties": { "id": "1468579402-2684", "name": "North-South Freeway", "class": "motorway", "is_priority": true }, "geometry": { "type": "LineString", "coordinates": [ [ -75.115612, 39.947386 ], [ -75.116573, 39.947648 ] ] } },
{ "type": "Feature", "properties": { "id": "1468579535-2685", "name": "Admiral Wilson Boulevard", "class": "trunk", "is_priority": true }, "geometry": { "type": "LineString", "coordinates": [ [ -75.088114, 39.936765 ], [ -75.088411, 39.936901 ] ] } },
{ "type": "Feature", "properties": { "id": "1468579602-2686", "name": "Admiral Wilson Boulevard", "class": "trunk", "is_priority": true }, "geometry": { "type": "LineString", "coordinates": [ [ -75.090588, 39.937732 ], [ -75.089704, 39.937327 ] ] } },
{ "type": "Feature", "properties": { "id": "1468832033-2687", "name": "South 4th Street", "class": "residential", "is_priority": false }, "geometry": { "type": "LineString", "coordinates": [ [ -75.121982, 39.930669 ], [ -75.121883, 39.929945 ], [ -75.121774, 39.928874 ] ] } },
{ "type": "Feature", "properties": { "id": "1468832033-2688", "name": "South 4th Street", "class": "residential", "is_priority": false }, "geometry": { "type": "LineString", "coordinates": [ [ -75.121774, 39.928874 ], [ -75.121637, 39.927851 ] ] } },
{ "type": "Feature", "properties": { "id": "1468832034-2689", "name": "South 4th Street", "class": "residential", "is_priority": false }, "geometry": { "type": "LineString", "coordinates": [ [ -75.121637, 39.927851 ], [ -75.121429, 39.926462 ], [ -75.12139, 39.926059 ] ] } },
{ "type": "Feature", "properties": { "id": "1468832034-2690", "name": "South 4th Street", "class": "residential", "is_priority": false }, "geometry": { "type": "LineString", "coordinates": [ [ -75.12139, 39.926059 ], [ -75.121273, 39.924859 ] ] } },
{ "type": "Feature", "properties": { "id": "1468833716-2691", "name": "Mechanic Street", "class": "residential", "is_priority": false }, "geometry": { "type": "LineString", "coordinates": [ [ -75.119532, 39.929387 ], [ -75.117201, 39.929555 ] ] } },
{ "type": "Feature", "properties": { "id": "1468833716-2692", "name": "Mechanic Street", "class": "residential", "is_priority": false }, "geometry": { "type": "LineString", "coordinates": [ [ -75.117201, 39.929555 ], [ -75.116342, 39.929617 ] ] } },
{ "type": "Feature", "properties": { "id": "1468833717-2693", "name": "Mechanic Street", "class": "residential", "is_priority": false }, "geometry": { "type": "LineString", "coordinates": [ [ -75.121816, 39.929223 ], [ -75.119532, 39.929387 ] ] } },
{ "type": "Feature", "properties": { "id": "1468838934-2694", "name": "Viola Street", "class": "residential", "is_priority": false }, "geometry": { "type": "LineString", "coordinates": [ [ -75.121438, 39.92085 ], [ -75.119749, 39.920823 ] ] } },
{ "type": "Feature", "properties": { "id": "1468838935-2695", "name": "Viola Street", "class": "residential", "is_priority": false }, "geometry": { "type": "LineString", "coordinates": [ [ -75.12236, 39.920853 ], [ -75.121438, 39.92085 ] ] } },
{ "type": "Feature", "properties": { "id": "1468839951-2696", "name": "Jefferson Street", "class": "residential", "is_priority": false }, "geometry": { "type": "LineString", "coordinates": [ [ -75.115804, 39.919499 ], [ -75.11399, 39.919469 ] ] } },
{ "type": "Feature", "properties": { "id": "1468841244-2697", "name": "Liberty Street", "class": "residential", "is_priority": false }, "geometry": { "type": "LineString", "coordinates": [ [ -75.108351, 39.930951 ], [ -75.106063, 39.93112 ] ] } },
{ "type": "Feature", "properties": { "id": "1468851097-2698", "name": "Park Boulevard", "class": "tertiary", "is_priority": false }, "geometry": { "type": "LineString", "coordinates": [ [ -75.098281, 39.934414 ], [ -75.097593, 39.933996 ], [ -75.097288, 39.933789 ], [ -75.096931, 39.93344 ], [ -75.096724, 39.933107 ] ] } },
{ "type": "Feature", "properties": { "id": "1468851097-2699", "name": "Park Boulevard", "class": "tertiary", "is_priority": false }, "geometry": { "type": "LineString", "coordinates": [ [ -75.096724, 39.933107 ], [ -75.096411, 39.932558 ] ] } },
{ "type": "Feature", "properties": { "id": "1468852444-2700", "name": "North 10th Street", "class": "secondary", "is_priority": false }, "geometry": { "type": "LineString", "coordinates": [ [ -75.11274, 39.946478 ], [ -75.11243, 39.947483 ] ] } },
{ "type": "Feature", "properties": { "id": "1474311614-2701", "name": "North 2nd Street", "class": "tertiary", "is_priority": false }, "geometry": { "type": "LineString", "coordinates": [ [ -75.122479, 39.954625 ], [ -75.122159, 39.955631 ] ] } },
{ "type": "Feature", "properties": { "id": "1474500711-2702", "name": "South 27th Street", "class": "secondary", "is_priority": false }, "geometry": { "type": "LineString", "coordinates": [ [ -75.086568, 39.946257 ], [ -75.085627, 39.945037 ] ] } },
{ "type": "Feature", "properties": { "id": "1474691345-2703", "name": "Alabama Road", "class": "tertiary", "is_priority": false }, "geometry": { "type": "LineString", "coordinates": [ [ -75.096336, 39.903941 ], [ -75.096915, 39.90381 ], [ -75.09763, 39.903753 ] ] } },
{ "type": "Feature", "properties": { "id": "1474754082-2704", "name": "Highland Avenue", "class": "tertiary", "is_priority": false }, "geometry": { "type": "LineString", "coordinates": [ [ -75.069907, 39.946939 ], [ -75.071061, 39.945921 ], [ -75.071469, 39.945597 ] ] } },
{ "type": "Feature", "properties": { "id": "1474754082-2705", "name": "Highland Avenue", "class": "tertiary", "is_priority": false }, "geometry": { "type": "LineString", "coordinates": [ [ -75.071469, 39.945597 ], [ -75.071754, 39.945371 ] ] } },
{ "type": "Feature", "properties": { "id": "1489338608-2706", "name": "North-South Freeway", "class": "motorway", "is_priority": true }, "geometry": { "type": "LineString", "coordinates": [ [ -75.1138, 39.9454 ], [ -75.11392, 39.945948 ] ] } },
{ "type": "Feature", "properties": { "id": "1490371353-2707", "name": "", "class": "residential", "is_priority": false }, "geometry": { "type": "LineString", "coordinates": [ [ -75.098685, 39.940711 ], [ -75.09901, 39.941015 ] ] } },
{ "type": "Feature", "properties": { "id": "1490371354-2708", "name": "South 17th Street", "class": "residential", "is_priority": false }, "geometry": { "type": "LineString", "coordinates": [ [ -75.09901, 39.941015 ], [ -75.099045, 39.940913 ], [ -75.099264, 39.940752 ] ] } },
{ "type": "Feature", "properties": { "id": "1513309148-2709", "name": "North 6th Street", "class": "residential", "is_priority": false }, "geometry": { "type": "LineString", "coordinates": [ [ -75.118393, 39.948717 ], [ -75.118248, 39.949145 ] ] } }
]
}
